fund_id,fund_name,asset_family,method,rebalance_schedule,rebalance_number,rebalance_date,estimation_start,estimation_end,first_held_return_date,estimation_observations,annualization_days,eligible_asset_count,turnover,transaction_cost,transaction_cost_bps,covariance_estimator,covariance_shrinkage,sample_covariance_condition_number,covariance_trace,covariance_condition_number,covariance_minimum_eigenvalue,covariance_ridge_added,expected_return_min,expected_return_max,solver_success,solver_status,solver_message,solver_iterations,valid_start_count,objective_value,expected_portfolio_return,expected_portfolio_volatility,expected_sharpe,weight_sum_residual,maximum_bound_residual,minimum_weight,maximum_weight,crypto_sleeve_weight,weight_hhi,risk_contribution_dispersion,effective_number_of_bets,effective_bet_ratio,cluster_count,minimum_linkage_distance,maximum_linkage_distance,constraint_projection_applied,projection_l1_distance,raw_maximum_weight,raw_weight_hhi,raw_crypto_sleeve_weight,ordered_asset_signature,cvar_confidence,estimated_daily_var,estimated_daily_cvar,tail_scenario_count
combined_conditional_value_at_risk,Combined Minimum CVaR,combined,conditional_value_at_risk,monthly,1,2021-01-04,2020-01-03,2020-12-31,2021-01-04,252,252,60,1.0,0.001,10.0,sample_ridge,,1033.4140189789068,21.157579991903326,1033.413620149154,0.009128114582134406,3.526263296721254e-09,-0.3492732395247833,1.982593873089236,True,0,Optimization terminated successfully. (HiGHS Status 7: Optimal),0,1,0.03708589382994971,0.26875109139769165,0.25871143067611574,1.0388064056363429,0.0,0.0,0.0,0.1,0.0263798603153152,0.09051263567199569,0.03494745312451313,4.3868976047267685,0.07311496007877948,,,,,,,,,,0.95,0.020234828687456317,0.03708589382994971,16.0
combined_conditional_value_at_risk,Combined Minimum CVaR,combined,conditional_value_at_risk,monthly,2,2021-02-01,2020-01-31,2021-01-29,2021-02-01,252,252,60,0.02495231687638398,2.4952316876383983e-05,10.0,sample_ridge,,1091.1159806064534,22.44822153978953,1091.1155307785195,0.00906686119653018,3.741370219217885e-09,-0.23740683868214907,2.7597000301127537,True,0,Optimization terminated successfully. (HiGHS Status 7: Optimal),0,1,0.03708589382994961,0.2809457804240972,0.25973622609926694,1.0816580522607744,2.9976021664879227e-15,0.0,0.0,0.1,0.026379860315314467,0.09051263567199505,0.0349401252342609,4.683078924979025,0.07805131541631709,,,,,,,,,,0.95,0.020234828687456286,0.03708589382994961,16.0
combined_conditional_value_at_risk,Combined Minimum CVaR,combined,conditional_value_at_risk,monthly,3,2021-03-01,2020-02-28,2021-02-26,2021-03-01,252,252,60,0.20499381510907497,0.00020499381510907498,10.0,sample_ridge,,1144.0404576090773,23.014831526063983,1144.0399490852305,0.008621976286872026,3.835805215985945e-09,-0.09602128620994455,2.9761046427603395,True,0,Optimization terminated successfully. (HiGHS Status 7: Optimal),0,1,0.03555966919346828,0.30947210718462687,0.25164019270280713,1.2298198624816687,3.3306690738754696e-16,0.0,0.0,0.1,0.02699922250143386,0.08829724541175923,0.03434591591040031,4.549352475978518,0.07582254126630864,,,,,,,,,,0.95,0.018012529471279678,0.03555966919346828,18.0
combined_conditional_value_at_risk,Combined Minimum CVaR,combined,conditional_value_at_risk,monthly,4,2021-04-01,2020-04-01,2021-03-31,2021-04-01,252,252,60,0.44836289087437226,0.00044836289087437227,10.0,sample_ridge,,662.0121449886715,15.539452910196802,662.0119356502846,0.008177961042976675,2.5899087924670455e-09,-0.060127039234835644,2.867691654241286,True,0,Optimization terminated successfully. (HiGHS Status 7: Optimal),0,1,0.01786001589713176,0.41673430423809776,0.15783744729371604,2.640275241290532,5.995204332975845e-15,0.0,0.0,0.1,0.047895337536458985,0.08217663302252226,0.03258425508558114,8.464057236807715,0.14106762061346192,,,,,,,,,,0.95,0.013675990294388143,0.01786001589713176,20.0
combined_conditional_value_at_risk,Combined Minimum CVaR,combined,conditional_value_at_risk,monthly,5,2021-05-03,2020-05-01,2021-04-30,2021-05-03,252,252,60,0.22629331791518317,0.0002262933179151832,10.0,sample_ridge,,797.3613484584146,15.299208835217478,797.3610584587759,0.00700213425586742,2.5498681137042323e-09,-0.2081438801394524,2.7040908911882555,True,0,Optimization terminated successfully. (HiGHS Status 7: Optimal),0,1,0.015270658582450561,0.3505992134092711,0.13103397460211003,2.675635952232082,4.884981308350689e-15,0.0,0.0,0.1,0.04038878488585402,0.08168307635201233,0.032604005746107,11.708910301370608,0.19514850502284348,,,,,,,,,,0.95,0.010874179117778769,0.015270658582450561,20.0
combined_conditional_value_at_risk,Combined Minimum CVaR,combined,conditional_value_at_risk,monthly,6,2021-06-01,2020-06-01,2021-05-28,2021-06-01,252,252,60,0.24868687830351524,0.00024868687830351523,10.0,sample_ridge,,1412.0342280329962,19.13689618527403,1412.0335165734627,0.0063256854156733084,3.1894826656508454e-09,-0.09446757920356907,2.5441974199957964,True,0,Optimization terminated successfully. (HiGHS Status 7: Optimal),0,1,0.015833200533565794,0.24532826140420758,0.12469499119658184,1.967426751066907,2.55351295663786e-15,0.0,0.0,0.1,0.023039179228639944,0.08832033281148638,0.03449357703295236,12.768791652802838,0.21281319421338063,,,,,,,,,,0.95,0.011167456834663095,0.015833200533565794,17.0
combined_conditional_value_at_risk,Combined Minimum CVaR,combined,conditional_value_at_risk,monthly,7,2021-07-01,2020-07-01,2021-06-30,2021-07-01,252,252,60,0.23450196591366365,0.00023450196591366367,10.0,sample_ridge,,1689.7173417506071,19.25250895118555,1689.7163954840023,0.005726371633277819,3.2087514597767435e-09,-0.04517062980827402,2.4942228399591873,True,0,Optimization terminated successfully. (HiGHS Status 7: Optimal),0,1,0.012507951371082075,0.28027235242530635,0.11130292209255359,2.518104171535108,6.8833827526759706e-15,0.0,0.0,0.1,0.01433894172265328,0.08137671860041422,0.03359964922457205,13.971798921159776,0.23286331535266294,,,,,,,,,,0.95,0.009993605586695957,0.012507951371082075,18.0
combined_conditional_value_at_risk,Combined Minimum CVaR,combined,conditional_value_at_risk,monthly,8,2021-08-02,2020-07-31,2021-07-30,2021-08-02,252,252,60,0.1851748134107045,0.0001851748134107045,10.0,sample_ridge,,1995.455148305402,19.050136395589725,1995.4538598721672,0.004914837793726759,3.1750227008480616e-09,-0.03111480254552568,2.133926362043439,True,0,Optimization terminated successfully. (HiGHS Status 7: Optimal),0,1,0.012587022695623217,0.2742650706069313,0.10983500997119557,2.4970641936378737,1.1102230246251565e-15,0.0,0.0,0.1,0.010630906459942888,0.08279192573051715,0.03412083666367213,15.40940608099057,0.25682343468317614,,,,,,,,,,0.95,0.009928416273936813,0.012587022695623217,20.0
combined_conditional_value_at_risk,Combined Minimum CVaR,combined,conditional_value_at_risk,monthly,9,2021-09-01,2020-09-01,2021-08-31,2021-09-01,252,252,60,0.17878343747962253,0.00017878343747962253,10.0,sample_ridge,,2130.423351434478,19.19628066223325,2130.421906888042,0.004716244829139146,3.1993800783784072e-09,-0.07863987065770972,2.5355819840145335,True,0,Optimization terminated successfully. (HiGHS Status 7: Optimal),0,1,0.012530588193456853,0.2636059218795534,0.10836183587721826,2.4326454027434328,1.2212453270876722e-14,0.0,0.0,0.1,0.018287096707525142,0.08006065841608452,0.03291585194188887,16.3558118971979,0.2725968649532983,,,,,,,,,,0.95,0.010133877255010342,0.012530588193456853,20.0
combined_conditional_value_at_risk,Combined Minimum CVaR,combined,conditional_value_at_risk,monthly,10,2021-10-01,2020-10-01,2021-09-30,2021-10-01,252,252,60,0.3218715696216224,0.0003218715696216224,10.0,sample_ridge,,2463.798347830006,19.277343381734276,2463.7964940943734,0.004268516662541306,3.2128905314934743e-09,-0.12416434745014902,2.3815964347981127,True,0,Optimization terminated successfully. (HiGHS Status 7: Optimal),0,1,0.011725746554835962,0.1857208425649431,0.10669118531744896,1.7407327701191928,2.220446049250313e-16,0.0,0.0,0.1,0.0,0.08072322642304312,0.03429413672737356,14.398186380736735,0.23996977301227893,,,,,,,,,,0.95,0.009686278402120784,0.011725746554835962,18.0
combined_conditional_value_at_risk,Combined Minimum CVaR,combined,conditional_value_at_risk,monthly,11,2021-11-01,2020-10-30,2021-10-29,2021-11-01,252,252,60,0.2226731922068214,0.00022267319220682142,10.0,sample_ridge,,2619.1187078079533,19.338376758386744,2619.1166455316716,0.0040917703255054574,3.2230627608338288e-09,-0.03804484144889364,2.5476784819297986,True,0,Optimization terminated successfully. (HiGHS Status 7: Optimal),0,1,0.010641655791111176,0.2439083611261414,0.1030116754896107,2.367773943748162,7.993605777301127e-15,0.0,0.0,0.1,0.0,0.07996449539734038,0.03452876857704848,17.583758252877793,0.2930626375479632,,,,,,,,,,0.95,0.008839440841731518,0.010641655791111176,19.0
combined_conditional_value_at_risk,Combined Minimum CVaR,combined,conditional_value_at_risk,monthly,12,2021-12-01,2020-12-01,2021-11-30,2021-12-01,252,252,60,0.3088854501993621,0.0003088854501993621,10.0,sample_ridge,,2669.719085657815,18.426989818738598,2669.717009456781,0.003947631431548849,3.0711649390781164e-09,-0.17349452421536093,1.9218005257051143,True,0,Optimization terminated successfully. (HiGHS Status 7: Optimal),0,1,0.011541248414623007,0.16432174927174673,0.0992361858535646,1.6558652255561697,2.220446049250313e-15,0.0,0.0,0.1,0.0,0.08392559284375582,0.03539442092264272,16.077082440175435,0.2679513740029239,,,,,,,,,,0.95,0.009350465095489603,0.011541248414623007,19.0
combined_conditional_value_at_risk,Combined Minimum CVaR,combined,conditional_value_at_risk,monthly,13,2022-01-03,2021-01-04,2021-12-31,2022-01-03,252,252,60,0.15467576524486634,0.00015467576524486634,10.0,sample_ridge,,2666.6247079653226,17.698271806197972,2666.622618322197,0.003762759745499404,2.949711938202543e-09,-0.12605950714046,1.882587306240429,True,0,Optimization terminated successfully. (HiGHS Status 7: Optimal),0,1,0.011615626086299853,0.20339328175832783,0.1001544993608305,2.0307952518993178,3.6193270602780103e-14,0.0,0.0,0.1,0.0,0.07770548946755555,0.03211429784532561,14.689990576454292,0.2448331762742382,,,,,,,,,,0.95,0.009613400178573078,0.011615626086299853,19.0
combined_conditional_value_at_risk,Combined Minimum CVaR,combined,conditional_value_at_risk,monthly,14,2022-02-01,2021-02-02,2022-01-31,2022-02-01,252,252,60,0.35915109155214925,0.00035915109155214926,10.0,sample_ridge,,2851.3428451164423,16.249425250724453,2851.3405090359306,0.0033044261135941736,2.7082375147050344e-09,-0.26246068625737806,1.7523508442205948,True,0,Optimization terminated successfully. (HiGHS Status 7: Optimal),0,1,0.011150725181139543,0.18945993036383932,0.1017654553828548,1.8617312687401297,0.0,0.0,0.0,0.1,0.0,0.07358070992744324,0.031613444022667976,13.388705826076153,0.22314509710126923,,,,,,,,,,0.95,0.009602264244304,0.011150725181139543,21.0
combined_conditional_value_at_risk,Combined Minimum CVaR,combined,conditional_value_at_risk,monthly,15,2022-03-01,2021-03-02,2022-02-28,2022-03-01,252,252,60,0.31914689444943184,0.00031914689444943186,10.0,sample_ridge,,2501.83520665403,15.6446971387369,2501.8334143156535,0.0036381531451726568,2.6074494970483213e-09,-0.46865655744791945,1.8126264661629579,True,0,Optimization terminated successfully. (HiGHS Status 7: Optimal),0,1,0.0112237257375752,0.12375437739363483,0.10180758367232141,1.2155713054928357,2.2726265314076954e-13,0.0,0.0,0.1,0.0,0.07623214242796601,0.03178640489937737,12.31492895876929,0.20524881597948816,,,,,,,,,,0.95,0.009291878006303692,0.0112237257375752,20.0
combined_conditional_value_at_risk,Combined Minimum CVaR,combined,conditional_value_at_risk,monthly,16,2022-04-01,2021-04-05,2022-03-31,2022-04-01,252,252,60,0.3409167133971127,0.00034091671339711273,10.0,sample_ridge,,2657.789451460922,15.508194418583997,2657.7874311998767,0.003399066256181919,2.5846990439170094e-09,-0.30439771676211014,1.885652709704718,True,0,Optimization terminated successfully. (HiGHS Status 7: Optimal),0,1,0.011264084168615341,0.0760405217999776,0.1026424564195207,0.7408291310681853,1.1102230246251565e-16,0.0,0.0,0.1,0.0,0.07769654015368678,0.034019651139200205,15.097006423879634,0.25161677373132724,,,,,,,,,,0.95,0.009998471903308744,0.011264084168615341,21.0
combined_conditional_value_at_risk,Combined Minimum CVaR,combined,conditional_value_at_risk,monthly,17,2022-05-02,2021-05-03,2022-04-29,2022-05-02,252,252,60,0.21035658292111944,0.00021035658292111944,10.0,sample_ridge,,2268.0720529882974,14.616939598090791,2268.0705823024423,0.003755351568541809,2.4361565753202328e-09,-0.8113680578388313,0.9388799704010586,True,0,Optimization terminated successfully. (HiGHS Status 7: Optimal),0,1,0.012967677389651034,-0.0025383161570064696,0.1126450756925276,-0.02253375162119804,2.220446049250313e-16,0.0,0.0,0.1,0.0,0.07318155887222946,0.03365518216800269,10.368083510314268,0.17280139183857113,,,,,,,,,,0.95,0.010579179841876691,0.012967677389651034,20.0
combined_conditional_value_at_risk,Combined Minimum CVaR,combined,conditional_value_at_risk,monthly,18,2022-06-01,2021-06-02,2022-05-31,2022-06-01,252,252,60,0.2818543263249902,0.0002818543263249902,10.0,sample_ridge,,1749.1178335346817,11.427291522924937,1749.1168499859352,0.0033850638542445763,1.9045485681086706e-09,-1.3313647804876834,1.0545687899640876,True,0,Optimization terminated successfully. (HiGHS Status 7: Optimal),0,1,0.013933746296972256,0.057165400273315854,0.11766431604502964,0.485834636997668,0.0,0.0,0.0,0.1,0.0,0.08602569696205133,0.03598182080826987,9.167932667302988,0.15279887778838314,,,,,,,,,,0.95,0.011224078238499361,0.013933746296972256,16.0
combined_conditional_value_at_risk,Combined Minimum CVaR,combined,conditional_value_at_risk,monthly,19,2022-07-01,2021-07-01,2022-06-30,2022-07-01,252,252,60,0.2313009770018702,0.0002313009770018702,10.0,sample_ridge,,1728.2907180182563,11.39417321293967,1728.2897413627395,0.00335857919415917,1.8990288498329904e-09,-1.3731545680323536,0.8011361548468544,True,0,Optimization terminated successfully. (HiGHS Status 7: Optimal),0,1,0.01650025870969884,0.04160928974947605,0.12420774179880616,0.3349975544751107,3.552713678800501e-15,0.0,0.0,0.1,0.0,0.08146790754345584,0.03312720160812399,8.261528738356239,0.13769214563927065,,,,,,,,,,0.95,0.011994259207472921,0.01650025870969884,21.0
combined_conditional_value_at_risk,Combined Minimum CVaR,combined,conditional_value_at_risk,monthly,20,2022-08-01,2021-07-30,2022-07-29,2022-08-01,252,252,60,0.031407093032239826,3.140709303223983e-05,10.0,sample_ridge,,1745.9284225597828,11.969160269844172,1745.9274188145564,0.003467899877531967,1.9948600250254287e-09,-1.124999905167706,1.0610827829850287,True,0,Optimization terminated successfully. (HiGHS Status 7: Optimal),0,1,0.01650055626723083,0.0626352694252479,0.12633133654339887,0.49580152588451937,0.0,0.0,0.0,0.1,0.0,0.08120309988970303,0.03287131338236118,7.218193304756611,0.12030322174594352,,,,,,,,,,0.95,0.012014075906412238,0.01650055626723083,20.0
combined_conditional_value_at_risk,Combined Minimum CVaR,combined,conditional_value_at_risk,monthly,21,2022-09-01,2021-09-01,2022-08-31,2022-09-01,252,252,60,0.10681071790997682,0.00010681071790997682,10.0,sample_ridge,,1737.9831184875734,11.88356948842717,1737.9821098442574,0.0034107794427566457,1.9805948949319128e-09,-1.791651518649385,1.1828191271343909,True,0,Optimization terminated successfully. (HiGHS Status 7: Optimal),0,1,0.01664921765257179,0.054011242323824524,0.12792785665422365,0.4222007914180222,2.220446049250313e-16,0.0,0.0,0.1,0.0,0.08276591165295219,0.03322449939705249,7.906657394406279,0.13177762324010464,,,,,,,,,,0.95,0.011727477670633068,0.01664921765257179,19.0
combined_conditional_value_at_risk,Combined Minimum CVaR,combined,conditional_value_at_risk,monthly,22,2022-10-03,2021-10-01,2022-09-30,2022-10-03,252,252,60,0.3000183557433062,0.0003000183557433062,10.0,sample_ridge,,1698.881325240989,11.7416379889912,1698.8803108499346,0.0032755131851599957,1.9569396452624707e-09,-1.6131078797075316,0.8913308032260187,True,0,Optimization terminated successfully. (HiGHS Status 7: Optimal),0,1,0.018557335702404646,0.009848686656685767,0.13498101530833392,0.07296349515662366,2.9976021664879227e-14,0.0,0.0,0.1,0.0,0.08638429135152079,0.033799141253883454,7.1812139240271025,0.11968689873378505,,,,,,,,,,0.95,0.013483920932753154,0.018557335702404646,17.0
combined_conditional_value_at_risk,Combined Minimum CVaR,combined,conditional_value_at_risk,monthly,23,2022-11-01,2021-11-01,2022-10-31,2022-11-01,252,252,60,0.06290831959872366,6.290831959872365e-05,10.0,sample_ridge,,1529.693039460691,11.868531637254668,1529.6921907522328,0.003562931697367819,1.9780885864282257e-09,-1.7028483801535979,0.9320822595695339,True,0,Optimization terminated successfully. (HiGHS Status 7: Optimal),0,1,0.01858716783676472,0.0812531541081466,0.14516954116064,0.5597121369849509,2.220446049250313e-16,0.0,0.0,0.1,0.0,0.08691047006482283,0.033890891298032334,6.669641814169088,0.11116069690281813,,,,,,,,,,0.95,0.013627962907663257,0.01858716783676472,18.0
combined_conditional_value_at_risk,Combined Minimum CVaR,combined,conditional_value_at_risk,monthly,24,2022-12-01,2021-12-01,2022-11-30,2022-12-01,252,252,60,0.12365571512593926,0.00012365571512593925,10.0,sample_ridge,,1741.480456821167,12.511759456409925,1741.479417358475,0.003491623258897,2.0852932218820557e-09,-1.4992075946870713,1.012398262304997,True,0,Optimization terminated successfully. (HiGHS Status 7: Optimal),0,1,0.018171586341125034,0.21250340777755267,0.1467637707732751,1.4479282363617794,5.551115123125783e-16,0.0,0.0,0.1,0.0,0.08365646992050729,0.03317961906960133,6.278553154574948,0.10464255257624913,,,,,,,,,,0.95,0.012960683488241464,0.018171586341125034,18.0
combined_conditional_value_at_risk,Combined Minimum CVaR,combined,conditional_value_at_risk,monthly,25,2023-01-03,2021-12-31,2022-12-30,2023-01-03,252,252,60,0.13139734253243832,0.00013139734253243832,10.0,sample_ridge,,1687.722226352582,12.204746130223773,1687.7212445509294,0.00349459862260238,2.034124334696052e-09,-1.6878110548244987,0.9359017507349877,True,0,Optimization terminated successfully. (HiGHS Status 7: Optimal),0,1,0.018325593287128975,0.14670900359579317,0.14834489594782332,0.988972371839436,7.327471962526033e-15,0.0,0.0,0.1,0.0,0.08207780537887681,0.03265872356141804,5.990077949780272,0.09983463249633787,,,,,,,,,,0.95,0.013227866060338591,0.018325593287128975,19.0
combined_conditional_value_at_risk,Combined Minimum CVaR,combined,conditional_value_at_risk,monthly,26,2023-02-01,2022-01-31,2023-01-31,2023-02-01,252,252,60,0.2050989135217018,0.0002050989135217018,10.0,sample_ridge,,1534.2633133226127,12.050344039961132,1534.2625053683762,0.0038113442206849446,2.0083906532429493e-09,-0.9061169181647154,0.6931753816190576,True,0,Optimization terminated successfully. (HiGHS Status 7: Optimal),0,1,0.01857655080643438,0.14562088888877528,0.15481277887845302,0.9406257670957867,0.0,0.0,0.0,0.1,0.0,0.08996734435256304,0.03572260287647753,5.795092411706475,0.09658487352844124,,,,,,,,,,0.95,0.014301172093703438,0.01857655080643438,18.0
combined_conditional_value_at_risk,Combined Minimum CVaR,combined,conditional_value_at_risk,monthly,27,2023-03-01,2022-02-28,2023-02-28,2023-03-01,252,252,60,0.14802522090657022,0.00014802522090657022,10.0,sample_ridge,,1718.4039056567437,11.707887040687611,1718.4028867774784,0.003289099358970045,1.9513144872681243e-09,-1.0331553358389942,0.560747599864184,True,0,Optimization terminated successfully. (HiGHS Status 7: Optimal),0,1,0.01851303970422072,0.12717053401659084,0.15270067090277156,0.8328092683860151,3.3306690738754696e-16,0.0,0.0,0.1,0.0,0.0906691156265857,0.035133158806142276,6.084568564080873,0.10140947606801455,,,,,,,,,,0.95,0.01376662385300976,0.01851303970422072,17.0
combined_conditional_value_at_risk,Combined Minimum CVaR,combined,conditional_value_at_risk,monthly,28,2023-04-03,2022-03-31,2023-03-31,2023-04-03,252,252,60,0.1170278361703044,0.00011702783617030441,10.0,sample_ridge,,1617.68167209737,11.569485901906852,1617.680774762569,0.0034740239466297144,1.928247631035332e-09,-1.1728849366405165,0.4041887312530835,True,0,Optimization terminated successfully. (HiGHS Status 7: Optimal),0,1,0.018536382119388035,0.0852024233257707,0.15703979588029743,0.5425530697372767,1.5543122344752192e-15,0.0,0.0,0.1,0.0,0.08639300001578823,0.034537396867758495,6.2782175913139175,0.10463695985523196,,,,,,,,,,0.95,0.014104640592778415,0.018536382119388035,18.0
combined_conditional_value_at_risk,Combined Minimum CVaR,combined,conditional_value_at_risk,monthly,29,2023-05-01,2022-04-28,2023-04-28,2023-05-01,252,252,60,0.12641463597353655,0.00012641463597353657,10.0,sample_ridge,,1653.5205264697008,11.166942179208714,1653.5195744327805,0.0032305471431908575,1.8611570112565487e-09,-0.8606587353755566,0.5858993506629674,True,0,Optimization terminated successfully. (HiGHS Status 7: Optimal),0,1,0.018587558827100528,0.13552294491367345,0.15592259335715355,0.8691681044789126,1.8096635301390052e-14,0.0,0.0,0.1,0.0,0.08834998119240454,0.03504510443717437,6.723966755171862,0.1120661125861977,,,,,,,,,,0.95,0.014422849882248477,0.018587558827100528,17.0
combined_conditional_value_at_risk,Combined Minimum CVaR,combined,conditional_value_at_risk,monthly,30,2023-06-01,2022-05-31,2023-05-31,2023-06-01,252,252,60,0.3402043104169387,0.0003402043104169387,10.0,sample_ridge,,1381.8653047969065,9.835175172956511,1381.864585035373,0.003144803621440402,1.63919584576746e-09,-0.45545680673063427,0.9143758820515224,True,0,Optimization terminated successfully. (HiGHS Status 7: Optimal),0,1,0.016622911392258417,0.021923755097679798,0.1430051255208107,0.15330747774134404,4.440892098500626e-16,0.0,0.0,0.1,0.0,0.08674379711692842,0.03365229209413135,6.524411212834879,0.10874018688058132,,,,,,,,,,0.95,0.013677192126012183,0.016622911392258417,16.0
combined_conditional_value_at_risk,Combined Minimum CVaR,combined,conditional_value_at_risk,monthly,31,2023-07-03,2022-06-30,2023-06-30,2023-07-03,252,252,60,0.2677416233454039,0.00026774162334540394,10.0,sample_ridge,,1200.8839779487605,9.43331720504861,1200.8833950209728,0.0032362173452965535,1.5722195184525737e-09,-0.4050686877913898,1.2823855441728425,True,0,Optimization terminated successfully. (HiGHS Status 7: Optimal),0,1,0.01503578339366052,0.07604793966123741,0.13376531641686895,0.5685176224922166,4.440892098500626e-16,0.0,0.0,0.1,0.017429187072477436,0.0834155584096977,0.033081355836801045,7.531563370953552,0.1255260561825592,,,,,,,,,,0.95,0.013138918678445457,0.01503578339366052,20.0
combined_conditional_value_at_risk,Combined Minimum CVaR,combined,conditional_value_at_risk,monthly,32,2023-08-01,2022-07-29,2023-07-31,2023-08-01,252,252,60,0.02187868857964463,2.187868857964463e-05,10.0,sample_ridge,,1224.496672314361,9.726061270141216,1224.4960377248765,0.00312532848267032,1.6210101954801005e-09,-0.4257137157133368,1.4045880045311487,True,0,Optimization terminated successfully. (HiGHS Status 7: Optimal),0,1,0.015035783393660622,0.05477021741223029,0.1320648955002675,0.41472199864133724,7.993605777301127e-15,0.0,0.0,0.1,0.017429187072482838,0.08341555840969662,0.03300785375985206,7.527392728701987,0.12545654547836643,,,,,,,,,,0.95,0.0131389186784453,0.015035783393660622,20.0
combined_conditional_value_at_risk,Combined Minimum CVaR,combined,conditional_value_at_risk,monthly,33,2023-09-01,2022-08-31,2023-08-31,2023-09-01,252,252,60,0.22943918576757147,0.00022943918576757147,10.0,sample_ridge,,1081.8206752221295,9.377587196601691,1081.8201815904176,0.0034220823032751913,1.562931183804303e-09,-0.43813560969970056,1.3175303418143658,True,0,Optimization terminated successfully. (HiGHS Status 7: Optimal),0,1,0.014541605315537722,0.07312307367454077,0.13098759519140118,0.5582442640289117,2.220446049250313e-16,0.0,0.0,0.1,0.010631290567482684,0.07970300566719724,0.031501379821824826,7.8512541247050995,0.13085423541175165,,,,,,,,,,0.95,0.012171124318100149,0.014541605315537722,18.0
combined_conditional_value_at_risk,Combined Minimum CVaR,combined,conditional_value_at_risk,monthly,34,2023-10-02,2022-09-29,2023-09-29,2023-10-02,252,252,60,0.21998284580377747,0.0002199828458037775,10.0,sample_ridge,,972.0020640065264,8.745983435227723,972.001657314027,0.0034802575570385586,1.4576638912946484e-09,-0.43345810393913387,1.3764609828460026,True,0,Optimization terminated successfully. (HiGHS Status 7: Optimal),0,1,0.012793057108675286,0.14191365376980114,0.12502444219029143,1.135087278004438,4.629630012686903e-14,0.0,0.0,0.1,0.0,0.07927955450298063,0.031515641027475394,9.248727841268146,0.15414546402113577,,,,,,,,,,0.95,0.011363029192017116,0.012793057108675286,20.0
combined_conditional_value_at_risk,Combined Minimum CVaR,combined,conditional_value_at_risk,monthly,35,2023-11-01,2022-10-31,2023-10-31,2023-11-01,252,252,60,0.33222676238664345,0.0003322267623866435,10.0,sample_ridge,,940.1629121255501,8.394732475838616,940.1625344027392,0.003478750874149747,1.3991220653152154e-09,-0.4631479082031792,1.221485025665576,True,0,Optimization terminated successfully. (HiGHS Status 7: Optimal),0,1,0.011966688742822881,0.06036784067123825,0.11627096718735945,0.5191996087377625,2.55351295663786e-15,0.0,0.0,0.1,0.0,0.08562600818249419,0.033534631892356115,10.028612581543191,0.16714354302571985,,,,,,,,,,0.95,0.010463371065296106,0.011966688742822881,18.0
combined_conditional_value_at_risk,Combined Minimum CVaR,combined,conditional_value_at_risk,monthly,36,2023-12-01,2022-11-30,2023-11-30,2023-12-01,252,252,60,0.2919387205298384,0.00029193872052983837,10.0,sample_ridge,,718.9238616587598,7.481652148752392,718.9236053277319,0.0034923959148081317,1.2469420123226453e-09,-0.2766021355118453,1.2222043695132911,True,0,Optimization terminated successfully. (HiGHS Status 7: Optimal),0,1,0.011803279038605532,0.10146634024518701,0.1072143576107148,0.9463876154871133,6.661338147750939e-16,0.0,0.0,0.1,0.0,0.08295562986303592,0.03287548880184964,10.027045729217381,0.16711742882028968,,,,,,,,,,0.95,0.010313778717920373,0.011803279038605532,18.0
combined_hierarchical_risk_parity,Combined Hierarchical Risk Parity,combined,hierarchical_risk_parity,monthly,1,2021-01-04,2020-01-03,2020-12-31,2021-01-04,252,252,60,1.0,0.001,10.0,sample_ridge,,1033.4140189789068,21.157579991903326,1033.413620149154,0.009128114582134406,3.526263296721254e-09,-0.3492732395247833,1.982593873089236,True,0,standard single-linkage HRP; raw weights feasible,0,1,0.0934946459045655,0.3068681024357626,0.30576894202087546,1.0035947418584197,0.0,0.0,0.002625785491645976,0.06491725515357627,0.05248320522649656,0.026377484992605872,0.008703773033317977,1.8892407930725819,0.031487346551209695,60.0,0.20357057686236818,0.5526588311032098,False,0.0,0.06491725515357627,0.026377484992605872,0.05248320522649656,NEM|TRX-USD|XLM-USD|XRP-USD|ADA-USD|ETC-USD|BTC-USD|BCH-USD|EOS-USD|ETH-USD|LTC-USD|GILD|WMT|UPS|TMUS|EA|TTWO|INTC|AMGN|ABT|PSA|O|BA|GE|DIS|SHW|NKE|PLD|AMT|CCI|CMCSA|NEE|AEP|D|DUK|SO|MMM|DD|OXY|XOM|SLB|COP|CVX|CAT|DOW|SBUX|V|NUE|GS|MS|USB|WFC|KO|T|QCOM|AMD|ADBE|NVDA|ABBV|MRK,,,,
combined_hierarchical_risk_parity,Combined Hierarchical Risk Parity,combined,hierarchical_risk_parity,monthly,2,2021-02-01,2020-01-31,2021-01-29,2021-02-01,252,252,60,0.06990052787710806,6.990052787710806e-05,10.0,sample_ridge,,1091.1159806064534,22.44822153978953,1091.1155307785195,0.00906686119653018,3.741370219217885e-09,-0.23740683868214907,2.7597000301127537,True,0,standard single-linkage HRP; raw weights feasible,0,1,0.09592573369363142,0.2744106710438057,0.3097187977724817,0.8859994066145988,2.220446049250313e-16,0.0,0.002452237472976626,0.06647658601569925,0.05126731240165194,0.025977359760324246,0.00828806261545946,2.074332799497955,0.03457221332496592,60.0,0.20151596682824577,0.5571492583585446,False,0.0,0.06647658601569925,0.025977359760324246,0.05126731240165194,NEM|XLM-USD|TRX-USD|XRP-USD|ADA-USD|BTC-USD|ETC-USD|ETH-USD|LTC-USD|BCH-USD|EOS-USD|GILD|WMT|UPS|TMUS|EA|TTWO|INTC|AMGN|ABT|QCOM|ADBE|AMD|NVDA|PSA|O|CMCSA|DIS|BA|PLD|AMT|CCI|MMM|SHW|GE|NKE|NEE|AEP|D|DUK|SO|KO|SBUX|V|T|CAT|DOW|OXY|XOM|SLB|COP|CVX|GS|MS|USB|WFC|DD|NUE|ABBV|MRK,,,,
combined_hierarchical_risk_parity,Combined Hierarchical Risk Parity,combined,hierarchical_risk_parity,monthly,3,2021-03-01,2020-02-28,2021-02-26,2021-03-01,252,252,60,0.07889650039491784,7.889650039491784e-05,10.0,sample_ridge,,1144.0404576090773,23.014831526063983,1144.0399490852305,0.008621976286872026,3.835805215985945e-09,-0.09602128620994455,2.9761046427603395,True,0,standard single-linkage HRP; raw weights feasible,0,1,0.09210784133774047,0.34419670080627424,0.30349273687806844,1.1341184120151089,2.220446049250313e-16,0.0,0.0023619864925610587,0.062439685698324664,0.04690734972823439,0.02639552091662232,0.008489523704499066,2.263931998998815,0.037732199983313584,60.0,0.19993280980246766,0.5619880299300772,False,0.0,0.062439685698324664,0.02639552091662232,0.04690734972823439,NEM|XLM-USD|XRP-USD|ADA-USD|TRX-USD|BTC-USD|ETC-USD|ETH-USD|LTC-USD|BCH-USD|EOS-USD|GILD|WMT|UPS|INTC|EA|TTWO|AMGN|ABT|ABBV|MRK|PSA|MMM|CMCSA|DIS|O|NKE|SHW|BA|PLD|AMT|CCI|GE|NEE|AEP|D|DUK|SO|KO|DD|SBUX|V|T|CAT|DOW|NUE|GS|MS|USB|WFC|OXY|XOM|SLB|COP|CVX|TMUS|QCOM|AMD|ADBE|NVDA,,,,
combined_hierarchical_risk_parity,Combined Hierarchical Risk Parity,combined,hierarchical_risk_parity,monthly,4,2021-04-01,2020-04-01,2021-03-31,2021-04-01,252,252,60,0.1319999326949667,0.00013199993269496672,10.0,sample_ridge,,662.0121449886715,15.539452910196802,662.0119356502846,0.008177961042976675,2.5899087924670455e-09,-0.060127039234835644,2.867691654241286,True,0,standard single-linkage HRP; raw weights feasible,0,1,0.03270568895380929,0.4254636840016724,0.18084714250938358,2.3526149105706575,0.0,0.0,0.002112914938226974,0.07707820592103422,0.03177910759107952,0.02914964725177282,0.01081091225952755,4.989815593113474,0.0831635932185579,60.0,0.21882854393618092,0.5978440901039667,False,0.0,0.07707820592103422,0.02914964725177282,0.03177910759107952,XRP-USD|TRX-USD|BTC-USD|ETH-USD|ETC-USD|LTC-USD|BCH-USD|EOS-USD|ADA-USD|XLM-USD|NEM|WMT|UPS|TMUS|GILD|AMGN|ABBV|MRK|ABT|INTC|EA|TTWO|QCOM|AMD|ADBE|NVDA|NKE|DIS|PSA|SHW|PLD|AMT|CCI|MMM|OXY|SLB|COP|CVX|XOM|T|USB|WFC|GS|MS|NUE|DD|CAT|DOW|BA|GE|SBUX|O|NEE|D|DUK|AEP|SO|V|CMCSA|KO,,,,
combined_hierarchical_risk_parity,Combined Hierarchical Risk Parity,combined,hierarchical_risk_parity,monthly,5,2021-05-03,2020-05-01,2021-04-30,2021-05-03,252,252,60,0.14677503941557113,0.00014677503941557112,10.0,sample_ridge,,797.3613484584146,15.299208835217478,797.3610584587759,0.00700213425586742,2.5498681137042323e-09,-0.2081438801394524,2.7040908911882555,True,0,standard single-linkage HRP; raw weights feasible,0,1,0.020499355565747567,0.3201458938049661,0.14317596015304931,2.2360310590042007,1.1102230246251565e-16,0.0,0.0009069233263127438,0.09581110702378962,0.02984801137347679,0.03297275412539297,0.011884272019722588,6.519133339223808,0.1086522223203968,60.0,0.2135245158094587,0.6098134648006001,False,0.0,0.09581110702378962,0.03297275412539297,0.02984801137347679,TRX-USD|XRP-USD|ADA-USD|XLM-USD|ETH-USD|BTC-USD|ETC-USD|EOS-USD|BCH-USD|LTC-USD|WMT|NEM|GILD|ABBV|AMGN|MRK|UPS|INTC|ABT|TMUS|QCOM|AMD|ADBE|NVDA|EA|TTWO|NKE|SHW|PSA|PLD|AMT|CCI|NEE|D|AEP|DUK|SO|DIS|MMM|T|DD|NUE|CAT|DOW|OXY|SLB|COP|CVX|XOM|GS|MS|USB|WFC|BA|GE|SBUX|V|CMCSA|KO|O,,,,
combined_hierarchical_risk_parity,Combined Hierarchical Risk Parity,combined,hierarchical_risk_parity,monthly,6,2021-06-01,2020-06-01,2021-05-28,2021-06-01,252,252,60,0.061065758597714855,6.106575859771485e-05,10.0,sample_ridge,,1412.0342280329962,19.13689618527403,1412.0335165734627,0.0063256854156733084,3.1894826656508454e-09,-0.09446757920356907,2.5441974199957964,True,0,standard single-linkage HRP; raw weights feasible,0,1,0.018319691816694645,0.2775709510057023,0.13535025606438522,2.0507604424011108,1.1102230246251565e-16,0.0,0.0007403283210371406,0.09668331910313296,0.016486753093914546,0.03312818637358205,0.012778368030325471,6.335620157761666,0.10559366929602777,60.0,0.20550462474860828,0.6122481436396198,False,0.0,0.09668331910313296,0.03312818637358205,0.016486753093914546,XRP-USD|TRX-USD|ETC-USD|BTC-USD|ETH-USD|EOS-USD|BCH-USD|LTC-USD|ADA-USD|XLM-USD|WMT|NEM|GILD|AMGN|ABBV|MRK|UPS|INTC|ABT|TMUS|NKE|QCOM|AMD|ADBE|NVDA|EA|TTWO|SHW|PSA|PLD|AMT|CCI|DIS|NEE|D|DUK|AEP|SO|CMCSA|KO|O|SBUX|V|MMM|T|GS|MS|USB|WFC|OXY|SLB|COP|CVX|XOM|DD|NUE|CAT|DOW|BA|GE,,,,
combined_hierarchical_risk_parity,Combined Hierarchical Risk Parity,combined,hierarchical_risk_parity,monthly,7,2021-07-01,2020-07-01,2021-06-30,2021-07-01,252,252,60,0.14295634550470665,0.00014295634550470665,10.0,sample_ridge,,1689.7173417506071,19.25250895118555,1689.7163954840023,0.005726371633277819,3.2087514597767435e-09,-0.04517062980827402,2.4942228399591873,True,0,standard single-linkage HRP; raw weights feasible,0,1,0.014502856186376355,0.29274872762227916,0.12042780487236474,2.4309064499892576,0.0,0.0,0.00047657661133144113,0.05876829733562518,0.010264775217572715,0.029041466387034566,0.011983936161351912,6.943340920817911,0.11572234868029851,60.0,0.21690889301915448,0.6123478669929822,False,0.0,0.05876829733562518,0.029041466387034566,0.010264775217572715,XRP-USD|TRX-USD|ETC-USD|BTC-USD|ETH-USD|EOS-USD|BCH-USD|LTC-USD|ADA-USD|XLM-USD|NEM|WMT|NKE|ABT|GILD|AMGN|ABBV|MRK|UPS|INTC|TMUS|QCOM|EA|TTWO|AMD|ADBE|NVDA|DIS|T|MMM|GE|BA|GS|MS|USB|WFC|SLB|OXY|COP|CVX|XOM|DD|CAT|DOW|NUE|NEE|D|DUK|AEP|SO|O|CMCSA|KO|SBUX|V|SHW|PSA|PLD|AMT|CCI,,,,
combined_hierarchical_risk_parity,Combined Hierarchical Risk Parity,combined,hierarchical_risk_parity,monthly,8,2021-08-02,2020-07-31,2021-07-30,2021-08-02,252,252,60,0.10275255560282508,0.00010275255560282508,10.0,sample_ridge,,1995.455148305402,19.050136395589725,1995.4538598721672,0.004914837793726759,3.1750227008480616e-09,-0.03111480254552568,2.133926362043439,True,0,standard single-linkage HRP; raw weights feasible,0,1,0.014543129086580732,0.27223048095567515,0.12059489660255418,2.257396362740522,0.0,0.0,0.00047646257392991497,0.06272588753592087,0.01040285593164052,0.027726706715498227,0.011233436622085907,7.710163240697195,0.12850272067828658,60.0,0.21953383207970645,0.609021944130951,False,0.0,0.06272588753592087,0.027726706715498227,0.01040285593164052,XRP-USD|TRX-USD|ETC-USD|BTC-USD|ETH-USD|EOS-USD|BCH-USD|LTC-USD|ADA-USD|XLM-USD|NEM|NKE|UPS|ABT|WMT|GILD|AMGN|ABBV|MRK|TMUS|INTC|DIS|T|MMM|GE|BA|SLB|OXY|COP|CVX|XOM|GS|MS|USB|WFC|DD|CAT|DOW|NUE|NEE|SO|AEP|D|DUK|O|CMCSA|SBUX|KO|V|EA|QCOM|TTWO|ADBE|AMD|NVDA|SHW|PSA|PLD|AMT|CCI,,,,
combined_hierarchical_risk_parity,Combined Hierarchical Risk Parity,combined,hierarchical_risk_parity,monthly,9,2021-09-01,2020-09-01,2021-08-31,2021-09-01,252,252,60,0.13536454233016898,0.000135364542330169,10.0,sample_ridge,,2130.423351434478,19.19628066223325,2130.421906888042,0.004716244829139146,3.1993800783784072e-09,-0.07863987065770972,2.5355819840145335,True,0,standard single-linkage HRP; raw weights feasible,0,1,0.013930286033040664,0.2426839109439953,0.11802663272770542,2.056179231206924,2.220446049250313e-16,0.0,0.000505279024383026,0.06771937833824236,0.01118719512710645,0.03014066077595916,0.01334146904015297,8.927077706984006,0.14878462844973345,60.0,0.2066225584144518,0.6030595926604356,False,0.0,0.06771937833824236,0.03014066077595916,0.01118719512710645,XRP-USD|TRX-USD|ETC-USD|BTC-USD|ETH-USD|EOS-USD|BCH-USD|LTC-USD|ADA-USD|XLM-USD|NEM|NKE|UPS|ABBV|MRK|AMGN|GILD|WMT|ABT|INTC|SHW|PSA|PLD|AMT|CCI|EA|TTWO|QCOM|AMD|ADBE|NVDA|MMM|TMUS|DIS|CMCSA|KO|SBUX|V|NEE|O|SO|DUK|AEP|D|T|GE|BA|SLB|OXY|COP|CVX|XOM|GS|MS|USB|WFC|DD|CAT|DOW|NUE,,,,
combined_hierarchical_risk_parity,Combined Hierarchical Risk Parity,combined,hierarchical_risk_parity,monthly,10,2021-10-01,2020-10-01,2021-09-30,2021-10-01,252,252,60,0.10511279958010826,0.00010511279958010827,10.0,sample_ridge,,2463.798347830006,19.277343381734276,2463.7964940943734,0.004268516662541306,3.2128905314934743e-09,-0.12416434745014902,2.3815964347981127,True,0,standard single-linkage HRP; raw weights feasible,0,1,0.011866140024091726,0.1715046889560285,0.10893181364547148,1.5744224135862286,0.0,0.0,0.000428469265026444,0.05870158155366014,0.00955182309982685,0.029812124439231653,0.01328124070264005,9.181128642698292,0.1530188107116382,60.0,0.20033707097960968,0.6046450113606613,False,0.0,0.05870158155366014,0.029812124439231653,0.00955182309982685,XRP-USD|TRX-USD|ETC-USD|BTC-USD|ETH-USD|EOS-USD|BCH-USD|LTC-USD|ADA-USD|XLM-USD|NEM|UPS|AMGN|GILD|ABBV|MRK|NKE|WMT|ABT|TMUS|SHW|MMM|INTC|EA|TTWO|PSA|PLD|AMT|CCI|QCOM|ADBE|AMD|NVDA|CMCSA|NEE|O|SO|AEP|D|DUK|SBUX|KO|V|T|DIS|GE|BA|DD|SLB|OXY|COP|CVX|XOM|NUE|CAT|DOW|GS|MS|USB|WFC,,,,
combined_hierarchical_risk_parity,Combined Hierarchical Risk Parity,combined,hierarchical_risk_parity,monthly,11,2021-11-01,2020-10-30,2021-10-29,2021-11-01,252,252,60,0.081192384965857,8.1192384965857e-05,10.0,sample_ridge,,2619.1187078079533,19.338376758386744,2619.1166455316716,0.0040917703255054574,3.2230627608338288e-09,-0.03804484144889364,2.5476784819297986,True,0,standard single-linkage HRP; raw weights feasible,0,1,0.010732332187712053,0.2502529321487177,0.1035969699736052,2.4156394942098984,0.0,0.0,0.00038939735122986104,0.053762302965250974,0.008883076119680103,0.029291062292072744,0.01297090362367,9.461902384074248,0.15769837306790413,60.0,0.20243691756902119,0.6037876674136358,False,0.0,0.053762302965250974,0.029291062292072744,0.008883076119680103,XRP-USD|TRX-USD|ETC-USD|BTC-USD|ETH-USD|EOS-USD|BCH-USD|LTC-USD|ADA-USD|XLM-USD|NEM|NKE|ABBV|MRK|AMGN|GILD|UPS|WMT|ABT|TMUS|MMM|SHW|INTC|EA|TTWO|PSA|PLD|AMT|CCI|QCOM|ADBE|AMD|NVDA|KO|O|NEE|SO|AEP|D|DUK|T|DIS|GE|BA|GS|MS|USB|WFC|SLB|OXY|COP|CVX|XOM|DD|NUE|CAT|DOW|CMCSA|SBUX|V,,,,
combined_hierarchical_risk_parity,Combined Hierarchical Risk Parity,combined,hierarchical_risk_parity,monthly,12,2021-12-01,2020-12-01,2021-11-30,2021-12-01,252,252,60,0.14945837152790517,0.00014945837152790517,10.0,sample_ridge,,2669.719085657815,18.426989818738598,2669.717009456781,0.003947631431548849,3.0711649390781164e-09,-0.17349452421536093,1.9218005257051143,True,0,standard single-linkage HRP; raw weights feasible,0,1,0.01023705058731372,0.13729246553100236,0.1011783108542227,1.3569357342683135,0.0,0.0,0.0003206598535356015,0.08575156269804465,0.007304607772085923,0.031274492974482454,0.013421797588070467,8.831198694914367,0.14718664491523945,60.0,0.22504370318850903,0.6028560042731773,False,0.0,0.08575156269804465,0.031274492974482454,0.007304607772085923,XRP-USD|TRX-USD|ETC-USD|BTC-USD|ETH-USD|EOS-USD|BCH-USD|LTC-USD|ADA-USD|XLM-USD|WMT|UPS|MRK|NEM|ABBV|AMGN|GILD|NKE|ABT|MMM|T|BA|GE|DD|GS|MS|USB|WFC|SLB|OXY|COP|CVX|XOM|NUE|CAT|DOW|DIS|SHW|SBUX|V|CMCSA|TMUS|EA|TTWO|INTC|KO|QCOM|ADBE|AMD|NVDA|PSA|O|PLD|AMT|CCI|NEE|SO|AEP|D|DUK,,,,
combined_hierarchical_risk_parity,Combined Hierarchical Risk Parity,combined,hierarchical_risk_parity,monthly,13,2022-01-03,2021-01-04,2021-12-31,2022-01-03,252,252,60,0.08631444722585549,8.63144472258555e-05,10.0,sample_ridge,,2666.6247079653226,17.698271806197972,2666.622618322197,0.003762759745499404,2.949711938202543e-09,-0.12605950714046,1.882587306240429,True,0,standard single-linkage HRP; raw weights feasible,0,1,0.010870865652298507,0.18637676243222762,0.1042634435087318,1.7875561765482935,2.220446049250313e-16,0.0,0.0003872102947154493,0.08146131252076315,0.00836815161245956,0.0303863039537578,0.012770722121742276,8.748401477128326,0.1458066912854721,60.0,0.2181637880421818,0.60434433278534,False,0.0,0.08146131252076315,0.0303863039537578,0.00836815161245956,XRP-USD|ADA-USD|XLM-USD|TRX-USD|ETC-USD|BTC-USD|ETH-USD|EOS-USD|BCH-USD|LTC-USD|WMT|MRK|NEM|ABBV|AMGN|GILD|UPS|ABT|NKE|EA|TTWO|MMM|INTC|QCOM|ADBE|AMD|NVDA|SHW|KO|O|PSA|PLD|AMT|CCI|NEE|SO|AEP|D|DUK|T|CMCSA|TMUS|BA|GE|NUE|DD|GS|MS|USB|WFC|SLB|OXY|COP|CVX|XOM|CAT|DOW|SBUX|DIS|V,,,,
combined_hierarchical_risk_parity,Combined Hierarchical Risk Parity,combined,hierarchical_risk_parity,monthly,14,2022-02-01,2021-02-02,2022-01-31,2022-02-01,252,252,60,0.12070936448249846,0.00012070936448249846,10.0,sample_ridge,,2851.3428451164423,16.249425250724453,2851.3405090359306,0.0033044261135941736,2.7082375147050344e-09,-0.26246068625737806,1.7523508442205948,True,0,standard single-linkage HRP; raw weights feasible,0,1,0.011068516510926146,0.16708569567387535,0.1052070174034325,1.5881611302900027,0.0,0.0,0.0004285830905791193,0.05317946064613929,0.009329267971789129,0.027248107633300225,0.011616158187028314,7.354634961997849,0.12257724936663082,60.0,0.23494126132999024,0.5899974487910662,False,0.0,0.05317946064613929,0.027248107633300225,0.009329267971789129,EA|TTWO|TRX-USD|ADA-USD|ETC-USD|XLM-USD|XRP-USD|BTC-USD|ETH-USD|EOS-USD|BCH-USD|LTC-USD|NEM|MRK|UPS|NKE|ABBV|AMGN|GILD|WMT|ABT|TMUS|CMCSA|T|SBUX|INTC|ADBE|QCOM|AMD|NVDA|V|DIS|BA|GE|NUE|GS|MS|USB|WFC|SLB|OXY|COP|CVX|XOM|CAT|DD|DOW|SHW|MMM|O|PSA|PLD|AMT|CCI|NEE|KO|D|AEP|DUK|SO,,,,
combined_hierarchical_risk_parity,Combined Hierarchical Risk Parity,combined,hierarchical_risk_parity,monthly,15,2022-03-01,2021-03-02,2022-02-28,2022-03-01,252,252,60,0.09597264374945706,9.597264374945707e-05,10.0,sample_ridge,,2501.83520665403,15.6446971387369,2501.8334143156535,0.0036381531451726568,2.6074494970483213e-09,-0.46865655744791945,1.8126264661629579,True,0,standard single-linkage HRP; raw weights feasible,0,1,0.011427395408654067,0.13426208453424582,0.10689899629395061,1.2559714233897226,1.1102230246251565e-16,0.0,0.00044799238606738447,0.05304694472268512,0.010093334692585639,0.02711992444388279,0.010544720872450758,6.124274559997395,0.10207124266662325,60.0,0.2408104862596318,0.6019569297169421,False,0.0,0.05304694472268512,0.02711992444388279,0.010093334692585639,NEM|MRK|EA|TTWO|TRX-USD|ETC-USD|ADA-USD|XLM-USD|XRP-USD|BTC-USD|ETH-USD|EOS-USD|BCH-USD|LTC-USD|ABBV|AMGN|GILD|NKE|UPS|TMUS|CMCSA|T|ABT|V|DIS|BA|MMM|GE|NUE|SLB|OXY|COP|CVX|XOM|GS|MS|USB|WFC|CAT|DD|DOW|WMT|SBUX|INTC|ADBE|QCOM|AMD|NVDA|NEE|SHW|O|PSA|PLD|AMT|CCI|KO|AEP|D|DUK|SO,,,,
combined_hierarchical_risk_parity,Combined Hierarchical Risk Parity,combined,hierarchical_risk_parity,monthly,16,2022-04-01,2021-04-05,2022-03-31,2022-04-01,252,252,60,0.09991158981291266,9.991158981291266e-05,10.0,sample_ridge,,2657.789451460922,15.508194418583997,2657.7874311998767,0.003399066256181919,2.5846990439170094e-09,-0.30439771676211014,1.885652709704718,True,0,standard single-linkage HRP; raw weights feasible,0,1,0.011637230322242459,0.1269447811279682,0.10787599511588507,1.1767657947590529,0.0,0.0,0.00041978034302141143,0.057058505999069115,0.009343152975691464,0.027728836517872228,0.011513327329908871,6.021459711550617,0.10035766185917695,60.0,0.25854656892429995,0.6022917590041165,False,0.0,0.057058505999069115,0.027728836517872228,0.009343152975691464,NEM|EA|TTWO|ETC-USD|ADA-USD|TRX-USD|BTC-USD|EOS-USD|ETH-USD|BCH-USD|LTC-USD|XLM-USD|XRP-USD|MRK|TMUS|CMCSA|T|UPS|WMT|ABT|INTC|ADBE|QCOM|AMD|NVDA|SHW|O|AMT|CCI|PLD|PSA|KO|NEE|D|AEP|DUK|SO|NKE|SBUX|V|MMM|SLB|OXY|COP|CVX|XOM|NUE|DIS|GS|MS|USB|WFC|BA|GE|CAT|DD|DOW|ABBV|AMGN|GILD,,,,
combined_hierarchical_risk_parity,Combined Hierarchical Risk Parity,combined,hierarchical_risk_parity,monthly,17,2022-05-02,2021-05-03,2022-04-29,2022-05-02,252,252,60,0.14076931347509833,0.00014076931347509834,10.0,sample_ridge,,2268.0720529882974,14.616939598090791,2268.0705823024423,0.003755351568541809,2.4361565753202328e-09,-0.8113680578388313,0.9388799704010586,True,0,standard single-linkage HRP; raw weights feasible,0,1,0.01353646987996807,0.06376828320868612,0.116346335911227,0.5480901715490355,0.0,0.0,0.0004716884101057556,0.06035863416085811,0.013210447894384652,0.02874998982262189,0.011425838420824137,4.773426544361141,0.07955710907268568,60.0,0.2429178089802989,0.5848455302782051,False,0.0,0.06035863416085811,0.02874998982262189,0.013210447894384652,MRK|EA|TTWO|NEM|ETC-USD|ADA-USD|TRX-USD|BTC-USD|EOS-USD|ETH-USD|BCH-USD|LTC-USD|XLM-USD|XRP-USD|TMUS|UPS|ABBV|AMGN|GILD|WMT|SHW|ABT|NEE|KO|D|DUK|AEP|SO|O|AMT|CCI|PLD|PSA|INTC|ADBE|QCOM|AMD|NVDA|NKE|SBUX|SLB|OXY|COP|CVX|XOM|V|MMM|NUE|CAT|DD|DOW|DIS|GS|MS|USB|WFC|BA|GE|CMCSA|T,,,,
combined_hierarchical_risk_parity,Combined Hierarchical Risk Parity,combined,hierarchical_risk_parity,monthly,18,2022-06-01,2021-06-02,2022-05-31,2022-06-01,252,252,60,0.1289666267752224,0.00012896662677522238,10.0,sample_ridge,,1749.1178335346817,11.427291522924937,1749.1168499859352,0.0033850638542445763,1.9045485681086706e-09,-1.3313647804876834,1.0545687899640876,True,0,standard single-linkage HRP; raw weights feasible,0,1,0.015700961944222446,0.06539817092603804,0.1253034793779584,0.521918236035367,0.0,0.0,0.0007513369857915905,0.05841511179217015,0.015662962871814023,0.029173047810341687,0.010816089944218373,3.7375979941638766,0.062293299902731275,60.0,0.19997315908429508,0.5945679784864737,False,0.0,0.05841511179217015,0.029173047810341687,0.015662962871814023,MRK|NEM|EA|TTWO|TMUS|ABBV|TRX-USD|ADA-USD|ETC-USD|XRP-USD|XLM-USD|EOS-USD|BCH-USD|LTC-USD|BTC-USD|ETH-USD|AMGN|GILD|UPS|SHW|WMT|SLB|OXY|COP|CVX|XOM|NUE|V|MMM|CAT|DD|DOW|GS|MS|USB|WFC|DIS|BA|GE|NKE|SBUX|INTC|ADBE|QCOM|AMD|NVDA|ABT|O|AMT|CCI|PLD|PSA|KO|NEE|D|AEP|DUK|SO|CMCSA|T,,,,
combined_hierarchical_risk_parity,Combined Hierarchical Risk Parity,combined,hierarchical_risk_parity,monthly,19,2022-07-01,2021-07-01,2022-06-30,2022-07-01,252,252,60,0.1459363919493808,0.0001459363919493808,10.0,sample_ridge,,1728.2907180182563,11.39417321293967,1728.2897413627395,0.00335857919415917,1.8990288498329904e-09,-1.3731545680323536,0.8011361548468544,True,0,standard single-linkage HRP; raw weights feasible,0,1,0.02024252336590246,-0.016191020833556294,0.14227622206785806,-0.1137999069572852,2.220446049250313e-16,0.0,0.0012525483982648493,0.05877325239862422,0.020024729630773206,0.027060206520377016,0.009708632497045172,3.5487743753230685,0.05914623958871781,60.0,0.21944831426724778,0.5736922994748279,False,0.0,0.05877325239862422,0.027060206520377016,0.020024729630773206,MRK|NEM|EA|TTWO|TMUS|WMT|CMCSA|T|UPS|TRX-USD|ADA-USD|XRP-USD|XLM-USD|BTC-USD|ETH-USD|ETC-USD|EOS-USD|BCH-USD|LTC-USD|SHW|KO|NEE|D|SO|AEP|DUK|ABT|AMT|CCI|O|PLD|PSA|NUE|NKE|SBUX|INTC|ADBE|QCOM|AMD|NVDA|V|OXY|SLB|COP|CVX|XOM|MMM|GS|MS|USB|WFC|DIS|CAT|DD|DOW|BA|GE|ABBV|AMGN|GILD,,,,
combined_hierarchical_risk_parity,Combined Hierarchical Risk Parity,combined,hierarchical_risk_parity,monthly,20,2022-08-01,2021-07-30,2022-07-29,2022-08-01,252,252,60,0.10561371360573807,0.00010561371360573807,10.0,sample_ridge,,1745.9284225597828,11.969160269844172,1745.9274188145564,0.003467899877531967,1.9948600250254287e-09,-1.124999905167706,1.0610827829850287,True,0,standard single-linkage HRP; raw weights feasible,0,1,0.020186854588572507,0.01382526904984364,0.14208045111334813,0.09730592028324991,0.0,0.0,0.0010215229972420547,0.053882178842203164,0.017435794373108566,0.027721559319317784,0.010163915670554692,3.600822560825865,0.060013709347097745,60.0,0.23267551560304,0.6025831198794699,False,0.0,0.053882178842203164,0.027721559319317784,0.017435794373108566,NEM|MRK|WMT|T|TMUS|CMCSA|EA|TTWO|SHW|TRX-USD|ETC-USD|BTC-USD|ETH-USD|ADA-USD|XRP-USD|XLM-USD|EOS-USD|BCH-USD|LTC-USD|UPS|NUE|KO|MMM|SBUX|INTC|NKE|ADBE|QCOM|AMD|NVDA|V|OXY|SLB|CVX|COP|XOM|GS|MS|USB|WFC|DIS|BA|GE|CAT|DD|DOW|NEE|D|SO|AEP|DUK|ABT|O|AMT|CCI|PLD|PSA|ABBV|AMGN|GILD,,,,
combined_hierarchical_risk_parity,Combined Hierarchical Risk Parity,combined,hierarchical_risk_parity,monthly,21,2022-09-01,2021-09-01,2022-08-31,2022-09-01,252,252,60,0.10916573385825347,0.00010916573385825346,10.0,sample_ridge,,1737.9831184875734,11.88356948842717,1737.9821098442574,0.0034107794427566457,1.9805948949319128e-09,-1.791651518649385,1.1828191271343909,True,0,standard single-linkage HRP; raw weights feasible,0,1,0.021657285663443004,-0.02304940110671131,0.14716414530531208,-0.15662375545953933,1.1102230246251565e-16,0.0,0.001156523084392581,0.0564975535083926,0.019455220920558736,0.027669963658256334,0.009221024888460569,3.512570566436875,0.05854284277394792,60.0,0.23105434347080864,0.5975997910883134,False,0.0,0.0564975535083926,0.027669963658256334,0.019455220920558736,NEM|MRK|WMT|T|TMUS|CMCSA|ABBV|AMGN|GILD|EA|TTWO|SHW|TRX-USD|ETC-USD|BTC-USD|ETH-USD|ADA-USD|EOS-USD|BCH-USD|LTC-USD|XLM-USD|XRP-USD|NUE|UPS|KO|NEE|V|MMM|SBUX|NKE|INTC|ADBE|QCOM|AMD|NVDA|OXY|SLB|CVX|COP|XOM|GS|MS|USB|WFC|DIS|CAT|DD|DOW|BA|GE|D|SO|AEP|DUK|ABT|O|AMT|CCI|PLD|PSA,,,,
combined_hierarchical_risk_parity,Combined Hierarchical Risk Parity,combined,hierarchical_risk_parity,monthly,22,2022-10-03,2021-10-01,2022-09-30,2022-10-03,252,252,60,0.11941456294650418,0.00011941456294650418,10.0,sample_ridge,,1698.881325240989,11.7416379889912,1698.8803108499346,0.0032755131851599957,1.9569396452624707e-09,-1.6131078797075316,0.8913308032260187,True,0,standard single-linkage HRP; raw weights feasible,0,1,0.023954844085548266,-0.05789059265005269,0.15477352514415463,-0.37403420640664437,1.1102230246251565e-16,0.0,0.0014660963646658761,0.05505002096540633,0.026369796603320957,0.0293218177829164,0.010126422443498968,3.6429083752005584,0.06071513958667597,60.0,0.22734930163819983,0.5855648640025133,False,0.0,0.05505002096540633,0.0293218177829164,0.026369796603320957,NEM|MRK|WMT|T|TMUS|EA|TTWO|ABBV|TRX-USD|ETC-USD|EOS-USD|ADA-USD|XLM-USD|XRP-USD|BTC-USD|ETH-USD|BCH-USD|LTC-USD|AMGN|GILD|CMCSA|SHW|NUE|KO|NEE|D|SO|AEP|DUK|ABT|O|AMT|CCI|PLD|PSA|UPS|MMM|V|INTC|ADBE|QCOM|AMD|NVDA|OXY|SLB|CVX|COP|XOM|SBUX|NKE|USB|WFC|GS|MS|DIS|CAT|DD|DOW|BA|GE,,,,
combined_hierarchical_risk_parity,Combined Hierarchical Risk Parity,combined,hierarchical_risk_parity,monthly,23,2022-11-01,2021-11-01,2022-10-31,2022-11-01,252,252,60,0.09598725629337292,9.598725629337292e-05,10.0,sample_ridge,,1529.693039460691,11.868531637254668,1529.6921907522328,0.003562931697367819,1.9780885864282257e-09,-1.7028483801535979,0.9320822595695339,True,0,standard single-linkage HRP; raw weights feasible,0,1,0.028593421170027118,-0.012317710579910133,0.16909589341562117,-0.07284452822064937,0.0,0.0,0.0015296517561706297,0.053068743195970956,0.0331754049938697,0.027713486248763766,0.009865703178148017,3.2502809458823982,0.05417134909803997,60.0,0.21854148460665931,0.5906449835659575,False,0.0,0.053068743195970956,0.027713486248763766,0.0331754049938697,NEM|MRK|T|WMT|EA|TTWO|ABBV|AMGN|GILD|TMUS|TRX-USD|ETC-USD|EOS-USD|BTC-USD|ETH-USD|BCH-USD|LTC-USD|ADA-USD|XLM-USD|XRP-USD|CMCSA|SHW|NUE|KO|NEE|ABT|D|DUK|AEP|SO|O|AMT|CCI|PLD|PSA|UPS|MMM|OXY|SLB|CVX|COP|XOM|V|INTC|ADBE|QCOM|AMD|NVDA|DIS|NKE|SBUX|CAT|BA|GS|MS|USB|WFC|GE|DD|DOW,,,,
combined_hierarchical_risk_parity,Combined Hierarchical Risk Parity,combined,hierarchical_risk_parity,monthly,24,2022-12-01,2021-12-01,2022-11-30,2022-12-01,252,252,60,0.09848424412251554,9.848424412251554e-05,10.0,sample_ridge,,1741.480456821167,12.511759456409925,1741.479417358475,0.003491623258897,2.0852932218820557e-09,-1.4992075946870713,1.012398262304997,True,0,standard single-linkage HRP; raw weights feasible,0,1,0.031200814846226152,0.102908515967305,0.17663752389066756,0.582597138482318,0.0,0.0,0.00146619824551974,0.07595045180615052,0.030915549056695062,0.02922298494482307,0.01012065320283482,3.1595807783268004,0.05265967963878001,60.0,0.22153572868806098,0.570059202942865,False,0.0,0.07595045180615052,0.02922298494482307,0.030915549056695062,NEM|T|WMT|EA|TTWO|AMGN|GILD|TMUS|CMCSA|NUE|SHW|TRX-USD|EOS-USD|ADA-USD|XLM-USD|XRP-USD|ETC-USD|BTC-USD|ETH-USD|BCH-USD|LTC-USD|KO|NEE|D|AEP|DUK|SO|ABT|O|AMT|CCI|PLD|PSA|UPS|MMM|V|OXY|SLB|COP|CVX|XOM|CAT|BA|GE|DOW|DD|USB|WFC|GS|MS|DIS|ADBE|INTC|QCOM|AMD|NVDA|NKE|SBUX|ABBV|MRK,,,,
combined_hierarchical_risk_parity,Combined Hierarchical Risk Parity,combined,hierarchical_risk_parity,monthly,25,2023-01-03,2021-12-31,2022-12-30,2023-01-03,252,252,60,0.10000579258958166,0.00010000579258958166,10.0,sample_ridge,,1687.722226352582,12.204746130223773,1687.7212445509294,0.00349459862260238,2.034124334696052e-09,-1.6878110548244987,0.9359017507349877,True,0,standard single-linkage HRP; raw weights feasible,0,1,0.03223667165325334,-0.0035932803870504324,0.17954573693979298,-0.020013175741707342,1.1102230246251565e-16,0.0,0.0010259888312565693,0.050292652706326206,0.026968869936388848,0.026457963600781138,0.009073036195946401,2.9443829559740156,0.04907304926623359,60.0,0.22326760662178805,0.5656368869905063,False,0.0,0.050292652706326206,0.026457963600781138,0.026968869936388848,NEM|T|WMT|EA|TTWO|TMUS|TRX-USD|EOS-USD|ADA-USD|XLM-USD|XRP-USD|ETC-USD|BTC-USD|ETH-USD|BCH-USD|LTC-USD|SHW|CMCSA|KO|NUE|UPS|MMM|V|OXY|SLB|COP|CVX|XOM|ABT|O|AMT|CCI|PLD|PSA|NEE|D|AEP|DUK|SO|DIS|ADBE|INTC|QCOM|AMD|NVDA|NKE|SBUX|BA|CAT|GE|USB|WFC|GS|MS|DD|DOW|AMGN|GILD|ABBV|MRK,,,,
combined_hierarchical_risk_parity,Combined Hierarchical Risk Parity,combined,hierarchical_risk_parity,monthly,26,2023-02-01,2022-01-31,2023-01-31,2023-02-01,252,252,60,0.12342404042926934,0.00012342404042926935,10.0,sample_ridge,,1534.2633133226127,12.050344039961132,1534.2625053683762,0.0038113442206849446,2.0083906532429493e-09,-0.9061169181647154,0.6931753816190576,True,0,standard single-linkage HRP; raw weights feasible,0,1,0.032130898360708926,0.07900243183327013,0.17925093684750695,0.4407365072824104,1.1102230246251565e-16,0.0,0.0016321270306171789,0.06606943931700764,0.03251344769413275,0.028667723449024397,0.009796741600927273,3.0773695110868573,0.05128949185144762,60.0,0.2262575887503416,0.5707166107987359,False,0.0,0.06606943931700764,0.028667723449024397,0.03251344769413275,NEM|WMT|T|ABBV|MRK|AMGN|GILD|EA|TTWO|TMUS|SHW|TRX-USD|EOS-USD|ETC-USD|ADA-USD|XLM-USD|XRP-USD|LTC-USD|BCH-USD|BTC-USD|ETH-USD|CMCSA|KO|NUE|OXY|SLB|COP|CVX|XOM|MMM|UPS|BA|NKE|SBUX|DIS|V|ABT|CAT|ADBE|INTC|QCOM|AMD|NVDA|GE|DOW|DD|GS|MS|USB|WFC|NEE|D|AEP|DUK|SO|AMT|CCI|O|PLD|PSA,,,,
combined_hierarchical_risk_parity,Combined Hierarchical Risk Parity,combined,hierarchical_risk_parity,monthly,27,2023-03-01,2022-02-28,2023-02-28,2023-03-01,252,252,60,0.11050401901642917,0.00011050401901642918,10.0,sample_ridge,,1718.4039056567437,11.707887040687611,1718.4028867774784,0.003289099358970045,1.9513144872681243e-09,-1.0331553358389942,0.560747599864184,True,0,standard single-linkage HRP; raw weights feasible,0,1,0.030588872453518046,0.023925693312626187,0.1748967479786804,0.13679896046747927,0.0,0.0,0.0011601610020450254,0.06871921509066452,0.030994169261103818,0.031043692475597007,0.010105810879376282,3.2196889872998375,0.05366148312166396,60.0,0.2176985063514308,0.5644371194888889,False,0.0,0.06871921509066452,0.031043692475597007,0.030994169261103818,NEM|WMT|T|ABBV|MRK|EA|TTWO|TRX-USD|EOS-USD|ADA-USD|XLM-USD|XRP-USD|ETC-USD|LTC-USD|BCH-USD|BTC-USD|ETH-USD|AMGN|GILD|SHW|TMUS|NUE|CMCSA|KO|MMM|OXY|SLB|COP|CVX|XOM|BA|AMT|CCI|O|PLD|PSA|NEE|D|AEP|DUK|SO|NKE|SBUX|UPS|CAT|ADBE|INTC|QCOM|AMD|NVDA|ABT|DIS|V|GE|DOW|DD|GS|MS|USB|WFC,,,,
combined_hierarchical_risk_parity,Combined Hierarchical Risk Parity,combined,hierarchical_risk_parity,monthly,28,2023-04-03,2022-03-31,2023-03-31,2023-04-03,252,252,60,0.08110475285536124,8.110475285536124e-05,10.0,sample_ridge,,1617.68167209737,11.569485901906852,1617.680774762569,0.0034740239466297144,1.928247631035332e-09,-1.1728849366405165,0.4041887312530835,True,0,standard single-linkage HRP; raw weights feasible,0,1,0.0320534004673675,-0.009187638538108592,0.1790346348262467,-0.05131766011099028,2.220446049250313e-16,0.0,0.0011939415717016912,0.06216621448328013,0.030358340607525028,0.029316672124249012,0.009667319303299358,3.1093605926073495,0.05182267654345583,60.0,0.22134415220286963,0.556540040334091,False,0.0,0.06216621448328013,0.029316672124249012,0.030358340607525028,NEM|WMT|T|MRK|EA|TTWO|ABBV|TRX-USD|EOS-USD|LTC-USD|ADA-USD|XLM-USD|XRP-USD|ETC-USD|BCH-USD|BTC-USD|ETH-USD|SHW|TMUS|CMCSA|BA|MMM|NUE|OXY|SLB|COP|CVX|XOM|NKE|SBUX|KO|UPS|ADBE|INTC|QCOM|AMD|NVDA|V|GE|NEE|D|SO|AEP|DUK|AMT|CCI|O|PLD|PSA|ABT|DIS|CAT|DD|DOW|USB|WFC|GS|MS|AMGN|GILD,,,,
combined_hierarchical_risk_parity,Combined Hierarchical Risk Parity,combined,hierarchical_risk_parity,monthly,29,2023-05-01,2022-04-28,2023-04-28,2023-05-01,252,252,60,0.08348465630467126,8.348465630467127e-05,10.0,sample_ridge,,1653.5205264697008,11.166942179208714,1653.5195744327805,0.0032305471431908575,1.8611570112565487e-09,-0.8606587353755566,0.5858993506629674,True,0,standard single-linkage HRP; raw weights feasible,0,1,0.03187792863856892,0.04786869531097065,0.178543912353709,0.26810600641560456,1.1102230246251565e-16,0.0,0.0014856048441630903,0.06932188698238606,0.033117016812841946,0.028367626813897047,0.008830592907165985,3.054570742786109,0.050909512379768485,60.0,0.21527441693447308,0.5484489210202883,False,0.0,0.06932188698238606,0.028367626813897047,0.033117016812841946,NEM|MRK|WMT|ABBV|TRX-USD|EOS-USD|LTC-USD|ADA-USD|XLM-USD|XRP-USD|BCH-USD|ETC-USD|BTC-USD|ETH-USD|EA|TTWO|T|CMCSA|BA|SHW|NUE|MMM|UPS|KO|NKE|SBUX|OXY|SLB|COP|CVX|XOM|V|ADBE|INTC|QCOM|AMD|NVDA|GE|DIS|USB|WFC|GS|MS|CAT|DD|DOW|ABT|AMT|CCI|O|PLD|PSA|NEE|D|AEP|DUK|SO|TMUS|AMGN|GILD,,,,
combined_hierarchical_risk_parity,Combined Hierarchical Risk Parity,combined,hierarchical_risk_parity,monthly,30,2023-06-01,2022-05-31,2023-05-31,2023-06-01,252,252,60,0.09261389708853,9.261389708853001e-05,10.0,sample_ridge,,1381.8653047969065,9.835175172956511,1381.864585035373,0.003144803621440402,1.63919584576746e-09,-0.45545680673063427,0.9143758820515224,True,0,standard single-linkage HRP; raw weights feasible,0,1,0.02790900690673006,-0.012049630646166959,0.1670598901793308,-0.07212761024344179,0.0,0.0,0.0016703146895220432,0.06739731053583638,0.039622556341470244,0.028862143145985068,0.009337779725888989,2.989169703318692,0.04981949505531154,60.0,0.21749059801954093,0.5585766211572019,False,0.0,0.06739731053583638,0.028862143145985068,0.039622556341470244,NEM|WMT|TRX-USD|EOS-USD|LTC-USD|ADA-USD|XLM-USD|XRP-USD|BCH-USD|ETC-USD|BTC-USD|ETH-USD|MRK|ABBV|EA|TTWO|T|BA|CMCSA|SHW|NKE|SBUX|MMM|NUE|V|ADBE|INTC|QCOM|AMD|NVDA|UPS|DIS|GE|OXY|SLB|COP|CVX|XOM|GS|MS|USB|WFC|CAT|DD|DOW|ABT|KO|PSA|AMT|CCI|O|PLD|NEE|D|SO|AEP|DUK|TMUS|AMGN|GILD,,,,
combined_hierarchical_risk_parity,Combined Hierarchical Risk Parity,combined,hierarchical_risk_parity,monthly,31,2023-07-03,2022-06-30,2023-06-30,2023-07-03,252,252,60,0.09390520475720764,9.390520475720764e-05,10.0,sample_ridge,,1200.8839779487605,9.43331720504861,1200.8833950209728,0.0032362173452965535,1.5722195184525737e-09,-0.4050686877913898,1.2823855441728425,True,0,standard single-linkage HRP; raw weights feasible,0,1,0.024528994008151558,0.11726844544908463,0.15661734900116128,0.7487576963661613,1.1102230246251565e-16,0.0,0.0015853439610563718,0.07284057904929822,0.03407644506973092,0.02828447039791084,0.008839126782854255,3.1926576427276183,0.05321096071212697,60.0,0.2263617999931796,0.5511434710003337,False,0.0,0.07284057904929822,0.02828447039791084,0.03407644506973092,NEM|TRX-USD|BCH-USD|EOS-USD|LTC-USD|XLM-USD|XRP-USD|ETC-USD|ADA-USD|BTC-USD|ETH-USD|WMT|EA|TTWO|MRK|T|TMUS|BA|CMCSA|NKE|SBUX|V|ADBE|AMD|NVDA|INTC|QCOM|GE|OXY|SLB|COP|CVX|XOM|MMM|UPS|NUE|DIS|USB|WFC|GS|MS|CAT|DD|DOW|ABT|SHW|KO|NEE|D|SO|AEP|DUK|PSA|O|PLD|AMT|CCI|ABBV|AMGN|GILD,,,,
combined_hierarchical_risk_parity,Combined Hierarchical Risk Parity,combined,hierarchical_risk_parity,monthly,32,2023-08-01,2022-07-29,2023-07-31,2023-08-01,252,252,60,0.09994576494720937,9.994576494720937e-05,10.0,sample_ridge,,1224.496672314361,9.726061270141216,1224.4960377248765,0.00312532848267032,1.6210101954801005e-09,-0.4257137157133368,1.4045880045311487,True,0,standard single-linkage HRP; raw weights feasible,0,1,0.02369101489007783,0.09986291062183841,0.15391885813660988,0.6488023094168591,0.0,0.0,0.001095789637127729,0.06653849879479785,0.04238955664521293,0.027771057063367355,0.008955314222617977,3.4649674501014176,0.05774945750169029,60.0,0.21879249195111686,0.5414380116187211,False,0.0,0.06653849879479785,0.027771057063367355,0.04238955664521293,NEM|T|EA|TTWO|MRK|TMUS|TRX-USD|BCH-USD|EOS-USD|LTC-USD|XLM-USD|XRP-USD|ADA-USD|ETC-USD|BTC-USD|ETH-USD|ABBV|BA|WMT|ABT|SHW|AMT|CCI|PSA|O|PLD|KO|NEE|D|SO|AEP|DUK|NKE|SBUX|CMCSA|V|AMD|NVDA|INTC|ADBE|QCOM|GE|OXY|SLB|COP|CVX|XOM|DIS|UPS|MMM|USB|WFC|GS|MS|NUE|CAT|DD|DOW|AMGN|GILD,,,,
combined_hierarchical_risk_parity,Combined Hierarchical Risk Parity,combined,hierarchical_risk_parity,monthly,33,2023-09-01,2022-08-31,2023-08-31,2023-09-01,252,252,60,0.06358676574600715,6.358676574600715e-05,10.0,sample_ridge,,1081.8206752221295,9.377587196601691,1081.8201815904176,0.0034220823032751913,1.562931183804303e-09,-0.43813560969970056,1.3175303418143658,True,0,standard single-linkage HRP; raw weights feasible,0,1,0.02312525764129023,0.08986645522048954,0.15206991037444006,0.5909548772614671,2.220446049250313e-16,0.0,0.0009678989773307489,0.06300518627826529,0.03995183608619456,0.02740452075010368,0.00874926241956664,3.522804312042839,0.05871340520071398,60.0,0.21834026530434453,0.5465025845294021,False,0.0,0.06300518627826529,0.02740452075010368,0.03995183608619456,NEM|T|MRK|ABBV|EA|TTWO|TRX-USD|BCH-USD|LTC-USD|EOS-USD|XLM-USD|XRP-USD|ADA-USD|ETC-USD|BTC-USD|ETH-USD|TMUS|BA|SLB|OXY|COP|CVX|XOM|NKE|SBUX|CMCSA|GE|UPS|MMM|NUE|USB|WFC|GS|MS|CAT|DD|DOW|DIS|V|AMD|NVDA|INTC|ADBE|QCOM|WMT|ABT|SHW|AMT|CCI|PSA|O|PLD|KO|NEE|D|SO|AEP|DUK|AMGN|GILD,,,,
combined_hierarchical_risk_parity,Combined Hierarchical Risk Parity,combined,hierarchical_risk_parity,monthly,34,2023-10-02,2022-09-29,2023-09-29,2023-10-02,252,252,60,0.09940519588209357,9.940519588209357e-05,10.0,sample_ridge,,972.0020640065264,8.745983435227723,972.001657314027,0.0034802575570385586,1.4576638912946484e-09,-0.43345810393913387,1.3764609828460026,True,0,standard single-linkage HRP; raw weights feasible,0,1,0.019822758591400244,0.15099285097094992,0.14079331870298478,1.07244329746557,0.0,0.0,0.0008776654108343646,0.06457725242156695,0.04077017023564952,0.02864109227059024,0.009365972187089639,3.809575875391711,0.06349293125652851,60.0,0.2198920661192439,0.5422821958207596,False,0.0,0.06457725242156695,0.02864109227059024,0.04077017023564952,T|MRK|ABBV|NEM|TRX-USD|BCH-USD|LTC-USD|XLM-USD|XRP-USD|EOS-USD|ADA-USD|ETC-USD|BTC-USD|ETH-USD|TMUS|AMGN|GILD|BA|EA|TTWO|WMT|CMCSA|INTC|V|AMD|NVDA|ADBE|QCOM|SLB|OXY|COP|CVX|XOM|NKE|SBUX|GE|DIS|UPS|USB|WFC|GS|MS|CAT|MMM|NUE|DD|DOW|ABT|SHW|AMT|CCI|PSA|O|PLD|KO|NEE|D|SO|AEP|DUK,,,,
combined_hierarchical_risk_parity,Combined Hierarchical Risk Parity,combined,hierarchical_risk_parity,monthly,35,2023-11-01,2022-10-31,2023-10-31,2023-11-01,252,252,60,0.11262438843531358,0.00011262438843531359,10.0,sample_ridge,,940.1629121255501,8.394732475838616,940.1625344027392,0.003478750874149747,1.3991220653152154e-09,-0.4631479082031792,1.221485025665576,True,0,standard single-linkage HRP; raw weights feasible,0,1,0.015530390503118309,0.03704410569384995,0.12462098741030063,0.29725415007254263,0.0,0.0,0.0010207744999627157,0.07189085950036947,0.03750332418327146,0.030734456001874664,0.010057476370393332,4.750042417511033,0.07916737362518389,60.0,0.21832434494786487,0.5715856906128133,False,0.0,0.07189085950036947,0.030734456001874664,0.03750332418327146,T|TMUS|NEM|ABBV|MRK|AMGN|GILD|TRX-USD|BCH-USD|LTC-USD|XLM-USD|XRP-USD|EOS-USD|ADA-USD|ETC-USD|BTC-USD|ETH-USD|WMT|ABT|BA|EA|TTWO|DIS|INTC|V|QCOM|ADBE|AMD|NVDA|KO|NEE|D|SO|AEP|DUK|SHW|AMT|CCI|O|PLD|PSA|GE|SLB|OXY|COP|CVX|XOM|USB|WFC|GS|MS|CMCSA|SBUX|UPS|NKE|MMM|NUE|CAT|DD|DOW,,,,
combined_hierarchical_risk_parity,Combined Hierarchical Risk Parity,combined,hierarchical_risk_parity,monthly,36,2023-12-01,2022-11-30,2023-11-30,2023-12-01,252,252,60,0.10839345774881651,0.00010839345774881652,10.0,sample_ridge,,718.9238616587598,7.481652148752392,718.9236053277319,0.0034923959148081317,1.2469420123226453e-09,-0.2766021355118453,1.2222043695132911,True,0,standard single-linkage HRP; raw weights feasible,0,1,0.014028654538019809,0.07305052221719872,0.11844262128988792,0.6167587429394004,0.0,0.0,0.0008709632724262664,0.07740848128020726,0.03871573871613086,0.028929965598537506,0.00977864028067623,4.120367071341977,0.06867278452236628,60.0,0.2265425331604382,0.5781411891984969,False,0.0,0.07740848128020726,0.028929965598537506,0.03871573871613086,TRX-USD|BCH-USD|EOS-USD|LTC-USD|XLM-USD|XRP-USD|ADA-USD|ETC-USD|BTC-USD|ETH-USD|T|TMUS|NEM|WMT|ABT|BA|EA|TTWO|NKE|SBUX|CMCSA|GE|UPS|SHW|KO|NEE|D|AEP|DUK|SO|AMT|CCI|O|PLD|PSA|SLB|OXY|COP|CVX|XOM|GS|MS|USB|WFC|MMM|CAT|NUE|DD|DOW|DIS|INTC|V|QCOM|ADBE|AMD|NVDA|ABBV|MRK|AMGN|GILD,,,,
combined_minimum_variance,Combined Minimum Variance,combined,minimum_variance,monthly,1,2021-01-04,2020-01-03,2020-12-31,2021-01-04,252,252,60,1.0,0.001,10.0,sample_ridge,,1033.4140189789068,21.157579991903326,1033.413620149154,0.009128114582134406,3.526263296721254e-09,-0.3492732395247833,1.982593873089236,True,0,Optimization terminated successfully,18,1,0.0609390255510732,0.24257212550243182,0.2468583106785615,0.9826370634865488,6.661338147750939e-16,0.0,0.0,0.1,1.974015989536307e-16,0.09309194684052804,0.035534037903161585,4.2797806549499064,0.07132967758249845,,,,,,,,,,,,,
combined_minimum_variance,Combined Minimum Variance,combined,minimum_variance,monthly,2,2021-02-01,2020-01-31,2021-01-29,2021-02-01,252,252,60,0.02547180863121778,2.5471808631217783e-05,10.0,sample_ridge,,1091.1159806064534,22.44822153978953,1091.1155307785195,0.00906686119653018,3.741370219217885e-09,-0.23740683868214907,2.7597000301127537,True,0,Optimization terminated successfully,19,1,0.06157307848907078,0.2324661397620627,0.24813923206351465,0.9368375078333433,4.440892098500626e-16,0.0,0.0,0.1,9.411819005733606e-17,0.09212675008879484,0.03525630113134139,4.710980854084793,0.07851634756807989,,,,,,,,,,,,,
combined_minimum_variance,Combined Minimum Variance,combined,minimum_variance,monthly,3,2021-03-01,2020-02-28,2021-02-26,2021-03-01,252,252,60,0.03849657553350199,3.849657553350199e-05,10.0,sample_ridge,,1144.0404576090773,23.014831526063983,1144.0399490852305,0.008621976286872026,3.835805215985945e-09,-0.09602128620994455,2.9761046427603395,True,0,Optimization terminated successfully,17,1,0.05996512452411662,0.2497123595481381,0.24487777466343616,1.0197428488205869,4.440892098500626e-16,0.0,0.0,0.1,3.4176198037147817e-17,0.09239536756398316,0.03532398314378002,4.897504634383577,0.08162507723972628,,,,,,,,,,,,,
combined_minimum_variance,Combined Minimum Variance,combined,minimum_variance,monthly,4,2021-04-01,2020-04-01,2021-03-31,2021-04-01,252,252,60,0.26369299458212647,0.0002636929945821265,10.0,sample_ridge,,662.0121449886715,15.539452910196802,662.0119356502846,0.008177961042976675,2.5899087924670455e-09,-0.060127039234835644,2.867691654241286,True,0,Optimization terminated successfully,22,1,0.021914422802410443,0.29879377559615306,0.14803520798246086,2.0183967021652984,2.220446049250313e-16,0.0,0.0,0.1,0.016309003824992546,0.09134646271337216,0.035206609404378544,10.180351001885553,0.16967251669809255,,,,,,,,,,,,,
combined_minimum_variance,Combined Minimum Variance,combined,minimum_variance,monthly,5,2021-05-03,2020-05-01,2021-04-30,2021-05-03,252,252,60,0.14273600985508186,0.00014273600985508186,10.0,sample_ridge,,797.3613484584146,15.299208835217478,797.3610584587759,0.00700213425586742,2.5498681137042323e-09,-0.2081438801394524,2.7040908911882555,True,0,Optimization terminated successfully,30,1,0.0145128336691859,0.24346102199645295,0.1204692229126838,2.020939590296135,1.1102230246251565e-16,0.0,0.0,0.1,0.017329978939900858,0.08104007742400145,0.03255201260103226,12.20334435447721,0.20338907257462016,,,,,,,,,,,,,
combined_minimum_variance,Combined Minimum Variance,combined,minimum_variance,monthly,6,2021-06-01,2020-06-01,2021-05-28,2021-06-01,252,252,60,0.10330617501423346,0.00010330617501423347,10.0,sample_ridge,,1412.0342280329962,19.13689618527403,1412.0335165734627,0.0063256854156733084,3.1894826656508454e-09,-0.09446757920356907,2.5441974199957964,True,0,Optimization terminated successfully,30,1,0.013222940157518407,0.17754531379559996,0.1149910438143702,1.543992539820849,2.220446049250313e-16,0.0,0.0,0.1,0.005470513985822822,0.0822640035863027,0.03288284020428841,11.82592027934057,0.19709867132234285,,,,,,,,,,,,,
combined_minimum_variance,Combined Minimum Variance,combined,minimum_variance,monthly,7,2021-07-01,2020-07-01,2021-06-30,2021-07-01,252,252,60,0.14771702498027386,0.00014771702498027388,10.0,sample_ridge,,1689.7173417506071,19.25250895118555,1689.7163954840023,0.005726371633277819,3.2087514597767435e-09,-0.04517062980827402,2.4942228399591873,True,0,Optimization terminated successfully,29,1,0.010561426476984902,0.24794051380513993,0.10276880108761073,2.4126049071426827,1.1102230246251565e-16,0.0,0.0,0.1,0.007376456175679809,0.07485499227705089,0.03070486823958392,11.423806370969956,0.19039677284949927,,,,,,,,,,,,,
combined_minimum_variance,Combined Minimum Variance,combined,minimum_variance,monthly,8,2021-08-02,2020-07-31,2021-07-30,2021-08-02,252,252,60,0.06939377519846243,6.939377519846243e-05,10.0,sample_ridge,,1995.455148305402,19.050136395589725,1995.4538598721672,0.004914837793726759,3.1750227008480616e-09,-0.03111480254552568,2.133926362043439,True,0,Optimization terminated successfully,34,1,0.010377736577700244,0.23628233063993634,0.1018711763832157,2.319422814468119,2.220446049250313e-16,0.0,0.0,0.09999999999999999,0.0071745877086889474,0.07672875075336005,0.031267015471327424,13.813367242335667,0.23022278737226112,,,,,,,,,,,,,
combined_minimum_variance,Combined Minimum Variance,combined,minimum_variance,monthly,9,2021-09-01,2020-09-01,2021-08-31,2021-09-01,252,252,60,0.05393455334461687,5.3934553344616874e-05,10.0,sample_ridge,,2130.423351434478,19.19628066223325,2130.421906888042,0.004716244829139146,3.1993800783784072e-09,-0.07863987065770972,2.5355819840145335,True,0,Optimization terminated successfully,31,1,0.01019867800952964,0.2164055877984371,0.10098850434346297,2.1428734805541767,3.3306690738754696e-16,0.0,0.0,0.1,0.007776928338787827,0.07691714958811538,0.031292108239858736,14.844127788075703,0.24740212980126172,,,,,,,,,,,,,
combined_minimum_variance,Combined Minimum Variance,combined,minimum_variance,monthly,10,2021-10-01,2020-10-01,2021-09-30,2021-10-01,252,252,60,0.17153041729927274,0.00017153041729927275,10.0,sample_ridge,,2463.798347830006,19.277343381734276,2463.7964940943734,0.004268516662541306,3.2128905314934743e-09,-0.12416434745014902,2.3815964347981127,True,0,Optimization terminated successfully,36,1,0.008976445376245352,0.15298219600821183,0.09474410470443716,1.614688285729795,1.1102230246251565e-16,0.0,0.0,0.1,2.884570197308227e-17,0.07458741292519541,0.03069597485285161,13.916284255673453,0.2319380709278909,,,,,,,,,,,,,
combined_minimum_variance,Combined Minimum Variance,combined,minimum_variance,monthly,11,2021-11-01,2020-10-30,2021-10-29,2021-11-01,252,252,60,0.14730290784295508,0.0001473029078429551,10.0,sample_ridge,,2619.1187078079533,19.338376758386744,2619.1166455316716,0.0040917703255054574,3.2230627608338288e-09,-0.03804484144889364,2.5476784819297986,True,0,Optimization terminated successfully,33,1,0.008421415774295596,0.24438512131726717,0.09176827215489892,2.6630676984389643,2.220446049250313e-16,0.0,0.0,0.1,2.6592430772793625e-17,0.06813696490716246,0.029183364444193886,14.028607798590896,0.23381012997651493,,,,,,,,,,,,,
combined_minimum_variance,Combined Minimum Variance,combined,minimum_variance,monthly,12,2021-12-01,2020-12-01,2021-11-30,2021-12-01,252,252,60,0.1843652152292524,0.0001843652152292524,10.0,sample_ridge,,2669.719085657815,18.426989818738598,2669.717009456781,0.003947631431548849,3.0711649390781164e-09,-0.17349452421536093,1.9218005257051143,True,0,Optimization terminated successfully,40,1,0.008168148780959844,0.1410769947089162,0.09037781133087835,1.5609693643988036,1.1102230246251565e-16,0.0,0.0,0.1,3.5208601971174404e-17,0.06254804803110103,0.027440669371620915,13.769209032224945,0.22948681720374908,,,,,,,,,,,,,
combined_minimum_variance,Combined Minimum Variance,combined,minimum_variance,monthly,13,2022-01-03,2021-01-04,2021-12-31,2022-01-03,252,252,60,0.12608194281031518,0.00012608194281031517,10.0,sample_ridge,,2666.6247079653226,17.698271806197972,2666.622618322197,0.003762759745499404,2.949711938202543e-09,-0.12605950714046,1.882587306240429,True,0,Optimization terminated successfully,43,1,0.008860268559544077,0.1801009823816936,0.09412899956731761,1.913342149704799,2.220446049250313e-16,0.0,0.0,0.1,3.6244179980069994e-17,0.06299636230587344,0.027642228572996114,12.949687100792081,0.21582811834653468,,,,,,,,,,,,,
combined_minimum_variance,Combined Minimum Variance,combined,minimum_variance,monthly,14,2022-02-01,2021-02-02,2022-01-31,2022-02-01,252,252,60,0.2789607376801527,0.0002789607376801527,10.0,sample_ridge,,2851.3428451164423,16.249425250724453,2851.3405090359306,0.0033044261135941736,2.7082375147050344e-09,-0.26246068625737806,1.7523508442205948,True,0,Optimization terminated successfully,44,1,0.008831734400152837,0.18835265768485085,0.09397730790011403,2.00423551060907,2.220446049250313e-16,0.0,0.0,0.1,2.8796350155056544e-17,0.060794642433789854,0.027079675550538043,11.53166815941221,0.19219446932353682,,,,,,,,,,,,,
combined_minimum_variance,Combined Minimum Variance,combined,minimum_variance,monthly,15,2022-03-01,2021-03-02,2022-02-28,2022-03-01,252,252,60,0.244802520813082,0.00024480252081308197,10.0,sample_ridge,,2501.83520665403,15.6446971387369,2501.8334143156535,0.0036381531451726568,2.6074494970483213e-09,-0.46865655744791945,1.8126264661629579,True,0,Optimization terminated successfully,42,1,0.008857966420516191,0.14274843910002274,0.09411677013431875,1.5167162971731745,2.220446049250313e-16,0.0,0.0,0.1,3.006957366039896e-17,0.06819437611930645,0.02901497092396458,10.590551109065512,0.17650918515109187,,,,,,,,,,,,,
combined_minimum_variance,Combined Minimum Variance,combined,minimum_variance,monthly,16,2022-04-01,2021-04-05,2022-03-31,2022-04-01,252,252,60,0.1430785158897734,0.0001430785158897734,10.0,sample_ridge,,2657.789451460922,15.508194418583997,2657.7874311998767,0.003399066256181919,2.5846990439170094e-09,-0.30439771676211014,1.885652709704718,True,0,Optimization terminated successfully,43,1,0.008686708229768537,0.1554936590990379,0.09320251192842678,1.668341935016156,0.0,0.0,0.0,0.1,1.5568677548880562e-17,0.06785533130214833,0.028952201424448938,10.309461332989944,0.17182435554983239,,,,,,,,,,,,,
combined_minimum_variance,Combined Minimum Variance,combined,minimum_variance,monthly,17,2022-05-02,2021-05-03,2022-04-29,2022-05-02,252,252,60,0.22169463973166798,0.00022169463973166798,10.0,sample_ridge,,2268.0720529882974,14.616939598090791,2268.0705823024423,0.003755351568541809,2.4361565753202328e-09,-0.8113680578388313,0.9388799704010586,True,0,Optimization terminated successfully,45,1,0.010397625575815049,0.08063152972594007,0.10196874803494965,0.7907474719440873,4.440892098500626e-16,0.0,0.0,0.1,3.122282703136779e-17,0.07582767211654831,0.03127090697918457,8.586221272770088,0.14310368787950145,,,,,,,,,,,,,
combined_minimum_variance,Combined Minimum Variance,combined,minimum_variance,monthly,18,2022-06-01,2021-06-02,2022-05-31,2022-06-01,252,252,60,0.21668739573005,0.00021668739573005001,10.0,sample_ridge,,1749.1178335346817,11.427291522924937,1749.1168499859352,0.0033850638542445763,1.9045485681086706e-09,-1.3313647804876834,1.0545687899640876,True,0,Optimization terminated successfully,33,1,0.011731616930252882,0.0845316457991886,0.10831258897401022,0.780441559009102,2.220446049250313e-16,0.0,0.0,0.1,0.008418174877569124,0.07618309995319283,0.031313575235327844,7.705822993808884,0.12843038323014805,,,,,,,,,,,,,
combined_minimum_variance,Combined Minimum Variance,combined,minimum_variance,monthly,19,2022-07-01,2021-07-01,2022-06-30,2022-07-01,252,252,60,0.13759823163097967,0.00013759823163097968,10.0,sample_ridge,,1728.2907180182563,11.39417321293967,1728.2897413627395,0.00335857919415917,1.8990288498329904e-09,-1.3731545680323536,0.8011361548468544,True,0,Optimization terminated successfully,36,1,0.013940043821984785,0.024894626810359498,0.1180679627248001,0.2108499734884508,0.0,0.0,0.0,0.1,2.3314541790039445e-17,0.07364055326800345,0.030557472533471727,7.167366724718585,0.11945611207864308,,,,,,,,,,,,,
combined_minimum_variance,Combined Minimum Variance,combined,minimum_variance,monthly,20,2022-08-01,2021-07-30,2022-07-29,2022-08-01,252,252,60,0.08322113102173424,8.322113102173424e-05,10.0,sample_ridge,,1745.9284225597828,11.969160269844172,1745.9274188145564,0.003467899877531967,1.9948600250254287e-09,-1.124999905167706,1.0610827829850287,True,0,Optimization terminated successfully,31,1,0.014397417018620897,0.018183155393325937,0.11998923709491988,0.15153988668951857,2.220446049250313e-16,0.0,0.0,0.1,3.135450436725378e-17,0.07466243729992339,0.030847350377949476,7.2043654481739,0.120072757469565,,,,,,,,,,,,,
combined_minimum_variance,Combined Minimum Variance,combined,minimum_variance,monthly,21,2022-09-01,2021-09-01,2022-08-31,2022-09-01,252,252,60,0.10968578604569953,0.00010968578604569954,10.0,sample_ridge,,1737.9831184875734,11.88356948842717,1737.9821098442574,0.0034107794427566457,1.9805948949319128e-09,-1.791651518649385,1.1828191271343909,True,0,Optimization terminated successfully,41,1,0.015105433795798259,0.03947959902358355,0.12290416508726731,0.3212226289935033,2.220446049250313e-16,0.0,0.0,0.1,2.0758773302972958e-17,0.07733111770552226,0.031558404403283336,7.790173164616123,0.1298362194102687,,,,,,,,,,,,,
combined_minimum_variance,Combined Minimum Variance,combined,minimum_variance,monthly,22,2022-10-03,2021-10-01,2022-09-30,2022-10-03,252,252,60,0.140909820665495,0.00014090982066549502,10.0,sample_ridge,,1698.881325240989,11.7416379889912,1698.8803108499346,0.0032755131851599957,1.9569396452624707e-09,-1.6131078797075316,0.8913308032260187,True,0,Optimization terminated successfully,35,1,0.017403422762530957,0.04518591824457674,0.13192203289265578,0.3425198752155697,0.0,0.0,0.0,0.1,2.0303194107342452e-17,0.08352444958558006,0.03325349801283852,7.7569439796299005,0.12928239966049834,,,,,,,,,,,,,
combined_minimum_variance,Combined Minimum Variance,combined,minimum_variance,monthly,23,2022-11-01,2021-11-01,2022-10-31,2022-11-01,252,252,60,0.11790038356093173,0.00011790038356093173,10.0,sample_ridge,,1529.693039460691,11.868531637254668,1529.6921907522328,0.003562931697367819,1.9780885864282257e-09,-1.7028483801535979,0.9320822595695339,True,0,Optimization terminated successfully,33,1,0.02014912140432815,0.11744334318314698,0.1419476009107873,0.8273711033479105,0.0,0.0,0.0,0.1,0.00775539958806682,0.08570599547286548,0.03366196872115988,6.930687168586134,0.1155114528097689,,,,,,,,,,,,,
combined_minimum_variance,Combined Minimum Variance,combined,minimum_variance,monthly,24,2022-12-01,2021-12-01,2022-11-30,2022-12-01,252,252,60,0.09656329263448035,9.656329263448036e-05,10.0,sample_ridge,,1741.480456821167,12.511759456409925,1741.479417358475,0.003491623258897,2.0852932218820557e-09,-1.4992075946870713,1.012398262304997,True,0,Optimization terminated successfully,37,1,0.02082218151381728,0.25018188505912947,0.14429893109034894,1.7337750402494994,2.220446049250313e-16,0.0,0.0,0.1,2.7841202781357656e-17,0.0841844806414482,0.03309497758925888,6.5640257163966265,0.10940042860661044,,,,,,,,,,,,,
combined_minimum_variance,Combined Minimum Variance,combined,minimum_variance,monthly,25,2023-01-03,2021-12-31,2022-12-30,2023-01-03,252,252,60,0.06113446134159164,6.113446134159164e-05,10.0,sample_ridge,,1687.722226352582,12.204746130223773,1687.7212445509294,0.00349459862260238,2.034124334696052e-09,-1.6878110548244987,0.9359017507349877,True,0,Optimization terminated successfully,37,1,0.02098242285120777,0.13206110709962104,0.14485310784103933,0.9116898426821733,2.220446049250313e-16,0.0,0.0,0.1,0.0023329059184863847,0.0841476070903133,0.03307879587438601,6.340588087901128,0.10567646813168546,,,,,,,,,,,,,
combined_minimum_variance,Combined Minimum Variance,combined,minimum_variance,monthly,26,2023-02-01,2022-01-31,2023-01-31,2023-02-01,252,252,60,0.05271094583228731,5.271094583228731e-05,10.0,sample_ridge,,1534.2633133226127,12.050344039961132,1534.2625053683762,0.0038113442206849446,2.0083906532429493e-09,-0.9061169181647154,0.6931753816190576,True,0,Optimization terminated successfully,26,1,0.02143410623062133,0.12496143929268315,0.14640391466972913,0.8535389205581162,0.0,0.0,0.0,0.1,0.0036010971036516725,0.08414660989050497,0.03313911063783054,6.836397248632645,0.11393995414387742,,,,,,,,,,,,,
combined_minimum_variance,Combined Minimum Variance,combined,minimum_variance,monthly,27,2023-03-01,2022-02-28,2023-02-28,2023-03-01,252,252,60,0.087488979176322,8.7488979176322e-05,10.0,sample_ridge,,1718.4039056567437,11.707887040687611,1718.4028867774784,0.003289099358970045,1.9513144872681243e-09,-1.0331553358389942,0.560747599864184,True,0,Optimization terminated successfully,25,1,0.02127545513480628,0.07965919914830466,0.14586108163182623,0.5461305939673176,2.220446049250313e-16,0.0,0.0,0.1,4.7579603799906704e-17,0.09099564467210203,0.035056505899178754,6.826800783214757,0.11378001305357928,,,,,,,,,,,,,
combined_minimum_variance,Combined Minimum Variance,combined,minimum_variance,monthly,28,2023-04-03,2022-03-31,2023-03-31,2023-04-03,252,252,60,0.059289397367915504,5.92893973679155e-05,10.0,sample_ridge,,1617.68167209737,11.569485901906852,1617.680774762569,0.0034740239466297144,1.928247631035332e-09,-1.1728849366405165,0.4041887312530835,True,0,Optimization terminated successfully,25,1,0.021871362404015444,0.05067629786518914,0.147889696747324,0.3426628019379322,2.220446049250313e-16,0.0,0.0,0.1,3.728134618412658e-17,0.08662393344884749,0.03377788594109012,7.027239297844783,0.11712065496407972,,,,,,,,,,,,,
combined_minimum_variance,Combined Minimum Variance,combined,minimum_variance,monthly,29,2023-05-01,2022-04-28,2023-04-28,2023-05-01,252,252,60,0.06188459703034665,6.188459703034665e-05,10.0,sample_ridge,,1653.5205264697008,11.166942179208714,1653.5195744327805,0.0032305471431908575,1.8611570112565487e-09,-0.8606587353755566,0.5858993506629674,True,0,Optimization terminated successfully,29,1,0.021767246421300384,0.056511026846167975,0.14753727129542685,0.38302881942970857,2.220446049250313e-16,0.0,0.0,0.1,3.0114460746122685e-17,0.08457847590021889,0.03311530160504328,7.428100326504666,0.1238016721084111,,,,,,,,,,,,,
combined_minimum_variance,Combined Minimum Variance,combined,minimum_variance,monthly,30,2023-06-01,2022-05-31,2023-05-31,2023-06-01,252,252,60,0.12380189512272455,0.00012380189512272455,10.0,sample_ridge,,1381.8653047969065,9.835175172956511,1381.864585035373,0.003144803621440402,1.63919584576746e-09,-0.45545680673063427,0.9143758820515224,True,0,Optimization terminated successfully,31,1,0.0192739970467695,-0.011227369792601081,0.13883082167432959,-0.0808708733204672,2.220446049250313e-16,0.0,0.0,0.1,3.3007562593801707e-17,0.08590651984609224,0.03336746263252976,6.726840467005527,0.11211400778342545,,,,,,,,,,,,,
combined_minimum_variance,Combined Minimum Variance,combined,minimum_variance,monthly,31,2023-07-03,2022-06-30,2023-06-30,2023-07-03,252,252,60,0.11303565626613414,0.00011303565626613415,10.0,sample_ridge,,1200.8839779487605,9.43331720504861,1200.8833950209728,0.0032362173452965535,1.5722195184525737e-09,-0.4050686877913898,1.2823855441728425,True,0,Optimization terminated successfully,31,1,0.016653028172360737,0.059404350702339244,0.1290466124017238,0.46033250774079,2.220446049250313e-16,0.0,0.0,0.1,0.037168796639193924,0.08325181345540804,0.032746177827801794,8.829329721866571,0.14715549536444286,,,,,,,,,,,,,
combined_minimum_variance,Combined Minimum Variance,combined,minimum_variance,monthly,32,2023-08-01,2022-07-29,2023-07-31,2023-08-01,252,252,60,0.06988385476898434,6.988385476898435e-05,10.0,sample_ridge,,1224.496672314361,9.726061270141216,1224.4960377248765,0.00312532848267032,1.6210101954801005e-09,-0.4257137157133368,1.4045880045311487,True,0,Optimization terminated successfully,33,1,0.016296668753607368,0.062013811006922576,0.12765840651366195,0.4857792972708451,1.1102230246251565e-16,0.0,0.0,0.1,0.03282422615094198,0.0840450610312763,0.03299589826685733,8.671223707120623,0.14452039511867704,,,,,,,,,,,,,
combined_minimum_variance,Combined Minimum Variance,combined,minimum_variance,monthly,33,2023-09-01,2022-08-31,2023-08-31,2023-09-01,252,252,60,0.054768224714255985,5.476822471425599e-05,10.0,sample_ridge,,1081.8206752221295,9.377587196601691,1081.8201815904176,0.0034220823032751913,1.562931183804303e-09,-0.43813560969970056,1.3175303418143658,True,0,Optimization terminated successfully,33,1,0.0159511593511898,0.0862958823951549,0.1262978992350617,0.6832725082350237,0.0,0.0,0.0,0.1,0.031120444501862087,0.08296098378217048,0.03275353557249374,9.029712162827607,0.15049520271379346,,,,,,,,,,,,,
combined_minimum_variance,Combined Minimum Variance,combined,minimum_variance,monthly,34,2023-10-02,2022-09-29,2023-09-29,2023-10-02,252,252,60,0.07241939656481909,7.24193965648191e-05,10.0,sample_ridge,,972.0020640065264,8.745983435227723,972.001657314027,0.0034802575570385586,1.4576638912946484e-09,-0.43345810393913387,1.3764609828460026,True,0,Optimization terminated successfully,31,1,0.0140903282670679,0.1291388615137977,0.11870268854186876,1.0879185897145698,2.220446049250313e-16,0.0,0.0,0.1,0.03268800721773578,0.08510638622756062,0.03345295777850377,10.077479715782511,0.16795799526304184,,,,,,,,,,,,,
combined_minimum_variance,Combined Minimum Variance,combined,minimum_variance,monthly,35,2023-11-01,2022-10-31,2023-10-31,2023-11-01,252,252,60,0.1140026840819607,0.0001140026840819607,10.0,sample_ridge,,940.1629121255501,8.394732475838616,940.1625344027392,0.003478750874149747,1.3991220653152154e-09,-0.4631479082031792,1.221485025665576,True,0,Optimization terminated successfully,34,1,0.011543245263405976,0.023760425425954846,0.10743949582628344,0.22115168396147872,0.0,0.0,0.0,0.1,0.012011625881477608,0.07740144763025117,0.031319043718169584,11.335267763811977,0.18892112939686628,,,,,,,,,,,,,
combined_minimum_variance,Combined Minimum Variance,combined,minimum_variance,monthly,36,2023-12-01,2022-11-30,2023-11-30,2023-12-01,252,252,60,0.13539510971537366,0.00013539510971537365,10.0,sample_ridge,,718.9238616587598,7.481652148752392,718.9236053277319,0.0034923959148081317,1.2469420123226453e-09,-0.2766021355118453,1.2222043695132911,True,0,Optimization terminated successfully,36,1,0.010221804769779474,0.06148412254138706,0.10110294144969015,0.6081338649477591,0.0,0.0,0.0,0.1,0.03185194434424424,0.0748310032117441,0.03064496999475142,10.121940139266714,0.1686990023211119,,,,,,,,,,,,,
crypto_conditional_value_at_risk,Crypto Minimum CVaR,crypto,conditional_value_at_risk,monthly,1,2021-01-01,2020-01-02,2020-12-31,2021-01-01,365,365,10,1.0,0.001,10.0,sample_ridge,,89.81395132717167,10.307079478607161,89.81394077727556,0.08676980717928766,1.0307079375536366e-08,0.5017098514163996,2.3211586001308238,True,0,Optimization terminated successfully. (HiGHS Status 7: Optimal),0,1,0.09965938661909102,1.6291866951084666,0.8311612733337542,1.9601330660821872,0.0,0.0,0.0,0.25,1.0,0.20327355677392828,0.09981495924540972,1.2940308545668389,0.1294030854566839,,,,,,,,,,0.95,0.06137799369284151,0.09965938661909102,20.0
crypto_conditional_value_at_risk,Crypto Minimum CVaR,crypto,conditional_value_at_risk,monthly,2,2021-02-01,2020-02-02,2021-01-31,2021-02-01,365,365,10,0.20762418284581347,0.00020762418284581347,10.0,sample_ridge,,75.33558530462105,12.03711434463415,75.3355773967912,0.11315189522377671,1.2037114224263008e-08,0.06005577032354803,2.5484846761287328,True,0,Optimization terminated successfully. (HiGHS Status 7: Optimal),0,1,0.1066333449229968,1.8659083504811278,0.9052935281630065,2.061108681807735,0.0,0.0,0.0,0.25,1.0,0.2257437956381771,0.11893658656097154,1.302345486889582,0.1302345486889582,,,,,,,,,,0.95,0.06580961536147115,0.1066333449229968,20.0
crypto_conditional_value_at_risk,Crypto Minimum CVaR,crypto,conditional_value_at_risk,monthly,3,2021-03-01,2020-03-01,2021-02-28,2021-03-01,365,365,10,0.2527249280488694,0.00025272492804886943,10.0,sample_ridge,,74.05437041564282,13.053596059205589,74.05436241566781,0.11920315186455638,1.3053595928669631e-08,0.5370845914100594,4.161129473065568,True,0,Optimization terminated successfully. (HiGHS Status 7: Optimal),0,1,0.10818852261566268,1.7854444224543196,0.8827901596459897,2.0225015004361917,0.0,0.0,0.0,0.25,1.0,0.18289296277374745,0.08564569232163458,1.2277610997763053,0.12277610997763053,,,,,,,,,,0.95,0.06278233000857336,0.10818852261566268,23.0
crypto_conditional_value_at_risk,Crypto Minimum CVaR,crypto,conditional_value_at_risk,monthly,4,2021-04-01,2020-04-01,2021-03-31,2021-04-01,365,365,10,0.21463852898738778,0.0002146385289873878,10.0,sample_ridge,,51.29884461843315,11.004321151240948,51.2988402938384,0.12798994245661383,1.1004321041197737e-08,1.2105871238559645,4.389858023940388,True,0,Optimization terminated successfully. (HiGHS Status 7: Optimal),0,1,0.08414505582764832,2.6426218087533626,0.7339145265562836,3.6007214915791708,0.0,0.0,0.0,0.25,1.0,0.19729541612869148,0.09610201476561558,1.5936795773729282,0.15936795773729281,,,,,,,,,,0.95,0.059001274882749755,0.08414505582764832,20.0
crypto_conditional_value_at_risk,Crypto Minimum CVaR,crypto,conditional_value_at_risk,monthly,5,2021-05-01,2020-05-01,2021-04-30,2021-05-01,365,365,10,0.1901966078596572,0.0001901966078596572,10.0,sample_ridge,,55.47690831977861,12.562471745666796,55.47690315110366,0.1324062012572471,1.2562471620042082e-08,1.3389530736193875,4.061644910746317,True,0,Optimization terminated successfully. (HiGHS Status 7: Optimal),0,1,0.08424780582174139,2.5949100261132094,0.7471566733913995,3.4730467096475506,0.0,0.0,0.0,0.25,1.0,0.1947534847441085,0.09441472090571358,1.8647687850065182,0.1864768785006518,,,,,,,,,,0.95,0.059442171063223616,0.08424780582174139,21.0
crypto_conditional_value_at_risk,Crypto Minimum CVaR,crypto,conditional_value_at_risk,monthly,6,2021-06-01,2020-06-01,2021-05-31,2021-06-01,365,365,10,0.2700948544181109,0.0002700948544181109,10.0,sample_ridge,,72.75683473955232,17.227374545736026,72.75682647962479,0.14966013414556043,1.722737437346228e-08,1.6344977660684372,4.027006627045755,True,0,Optimization terminated successfully. (HiGHS Status 7: Optimal),0,1,0.10423139649735409,2.805368566588359,0.892605759810677,3.1428976743141135,0.0,0.0,0.0,0.25,1.0,0.228556236969369,0.11653824386981294,1.9044940203984393,0.19044940203984392,,,,,,,,,,0.95,0.06602554103104996,0.10423139649735409,20.0
crypto_conditional_value_at_risk,Crypto Minimum CVaR,crypto,conditional_value_at_risk,monthly,7,2021-07-01,2020-07-01,2021-06-30,2021-07-01,365,365,10,0.058262917330445155,5.826291733044516e-05,10.0,sample_ridge,,70.2032786348063,18.176576460737515,70.20327110789776,0.16711757154437604,1.8176576278971752e-08,1.6099765563400221,3.707606194316678,True,0,Optimization terminated successfully. (HiGHS Status 7: Optimal),0,1,0.10954421641171087,2.637509327355927,0.9258667251175235,2.8486922100166616,0.0,0.0,0.0,0.25,1.0,0.24212936179446326,0.12305870530048746,1.90775522004763,0.190775522004763,,,,,,,,,,0.95,0.06875284690139821,0.10954421641171087,19.0
crypto_conditional_value_at_risk,Crypto Minimum CVaR,crypto,conditional_value_at_risk,monthly,8,2021-08-01,2020-08-01,2021-07-31,2021-08-01,365,365,10,0.048839290180571475,4.883929018057148e-05,10.0,sample_ridge,,70.76295866669705,18.24476651914211,70.76295106941735,0.1675348191952297,1.8244766336694446e-08,1.3485258758858145,3.110042374149922,True,0,Optimization terminated successfully. (HiGHS Status 7: Optimal),0,1,0.10954421641171089,2.341315270240124,0.9328524315724033,2.509845277772,0.0,0.0,0.0,0.25,1.0,0.24212936179446326,0.12258569677224916,1.8800349578660625,0.18800349578660625,,,,,,,,,,0.95,0.06875284690139823,0.10954421641171089,19.0
crypto_conditional_value_at_risk,Crypto Minimum CVaR,crypto,conditional_value_at_risk,monthly,9,2021-09-01,2020-09-01,2021-08-31,2021-09-01,365,365,10,0.10373040497576363,0.00010373040497576364,10.0,sample_ridge,,73.26728127102426,18.505071238487623,73.26727316661785,0.1650103802827729,1.8505071053436915e-08,1.515952508322425,4.022120776322449,True,0,Optimization terminated successfully. (HiGHS Status 7: Optimal),0,1,0.10952242033922197,2.5889878245744864,0.9375986186974342,2.7612965430465937,0.0,0.0,0.0,0.25,1.0,0.24421449861918693,0.12365865103076358,1.9501930219428762,0.19501930219428762,,,,,,,,,,0.95,0.0686066466248836,0.10952242033922197,19.0
crypto_conditional_value_at_risk,Crypto Minimum CVaR,crypto,conditional_value_at_risk,monthly,10,2021-10-01,2020-10-01,2021-09-30,2021-10-01,365,365,10,0.040078282210211896,4.0078282210211896e-05,10.0,sample_ridge,,73.57058882514198,18.79433778168706,73.57058081973744,0.1703744187920559,1.879433759374368e-08,1.527302557636806,3.926079204576511,True,0,Optimization terminated successfully. (HiGHS Status 7: Optimal),0,1,0.11250509599400907,2.609324328639697,0.9522406542364628,2.740194211443259,0.0,0.0,0.0,0.25,1.0,0.2451839715837943,0.12368810985600727,1.8813304641994695,0.18813304641994694,,,,,,,,,,0.95,0.06854071451170882,0.11250509599400907,20.0
crypto_conditional_value_at_risk,Crypto Minimum CVaR,crypto,conditional_value_at_risk,monthly,11,2021-11-01,2020-11-01,2021-10-31,2021-11-01,365,365,10,0.08128243861888641,8.128243861888641e-05,10.0,sample_ridge,,71.81864563406981,19.04437463514134,71.81863804773873,0.1777798502964555,1.9044374444697596e-08,1.7333005404828021,3.935855325204024,True,0,Optimization terminated successfully. (HiGHS Status 7: Optimal),0,1,0.112657345904182,2.7448513946693556,0.9589700750801371,2.862290978620975,2.220446049250313e-16,0.0,0.0,0.25,0.9999999999999998,0.24698505396294052,0.12441498453387195,1.871465064941445,0.1871465064941445,,,,,,,,,,0.95,0.06972956841632294,0.112657345904182,19.0
crypto_conditional_value_at_risk,Crypto Minimum CVaR,crypto,conditional_value_at_risk,monthly,12,2021-12-01,2020-12-01,2021-11-30,2021-12-01,365,365,10,0.04152646464253423,4.1526464642534235e-05,10.0,sample_ridge,,70.55614914789201,17.997252383018985,70.55614188438821,0.17234376114406022,1.7997252203046466e-08,1.3146231034194442,3.122853656507479,True,0,Optimization terminated successfully. (HiGHS Status 7: Optimal),0,1,0.11146812401662366,2.2422133999164826,0.9483282438327097,2.3643853428370747,0.0,0.0,0.0,0.25,1.0,0.24698505396294057,0.1241649870894255,1.8292634180329115,0.18292634180329115,,,,,,,,,,0.95,0.06972956841632297,0.11146812401662366,19.0
crypto_conditional_value_at_risk,Crypto Minimum CVaR,crypto,conditional_value_at_risk,monthly,13,2022-01-01,2021-01-01,2021-12-31,2022-01-01,365,365,10,0.1611706720170311,0.0001611706720170311,10.0,sample_ridge,,72.39242900802797,17.27330101013917,72.3924214120708,0.16234726937548052,1.7273300837406165e-08,0.7900713622483729,2.9288592735790466,True,0,Optimization terminated successfully. (HiGHS Status 7: Optimal),0,1,0.11002252533574935,2.020873927926221,0.9462641735723237,2.1356339850604775,0.0,0.0,0.0,0.25,1.0,0.21192160641212862,0.10465495502789875,1.6213601368436386,0.16213601368436387,,,,,,,,,,0.95,0.06967522508243731,0.11002252533574935,20.0
crypto_conditional_value_at_risk,Crypto Minimum CVaR,crypto,conditional_value_at_risk,monthly,14,2022-02-01,2021-02-01,2022-01-31,2022-02-01,365,365,10,0.060001320003534676,6.0001320003534674e-05,10.0,sample_ridge,,79.5844095795959,15.19484365491244,79.58440088892253,0.13739761556383473,1.5194843502964006e-08,0.228404468262425,2.3355318524584225,True,0,Optimization terminated successfully. (HiGHS Status 7: Optimal),0,1,0.10622500146209059,1.2459460519293915,0.9108293732631707,1.3679247601179345,0.0,0.0,0.0,0.25,1.0,0.21389730502108711,0.10420723089713563,1.5780883889776751,0.1578088388977675,,,,,,,,,,0.95,0.06768620464543075,0.10622500146209059,20.0
crypto_conditional_value_at_risk,Crypto Minimum CVaR,crypto,conditional_value_at_risk,monthly,15,2022-03-01,2021-03-01,2022-02-28,2022-03-01,365,365,10,0.07002877209098678,7.002877209098678e-05,10.0,sample_ridge,,87.02164130770612,14.128382893230137,87.02163127414079,0.12112809734858698,1.4128382751946311e-08,-0.11156085519844017,2.0724468445062976,True,0,Optimization terminated successfully. (HiGHS Status 7: Optimal),0,1,0.10307711069425372,0.8033187866115253,0.8995748470274874,0.8929982749806467,0.0,0.0,0.0,0.25,1.0,0.21198808586690437,0.10274076293824473,1.4835070963264718,0.14835070963264718,,,,,,,,,,0.95,0.06929436143628279,0.10307711069425372,19.0
crypto_conditional_value_at_risk,Crypto Minimum CVaR,crypto,conditional_value_at_risk,monthly,16,2022-04-01,2021-04-01,2022-03-31,2022-04-01,365,365,10,0.03179515995435454,3.179515995435455e-05,10.0,sample_ridge,,88.56970653339674,13.775940315329713,88.56969625858278,0.11740894105958108,1.3775940177570309e-08,0.013983181025180258,2.2375922244923276,True,0,Optimization terminated successfully. (HiGHS Status 7: Optimal),0,1,0.1030771106942537,0.6758228683824101,0.8903347241929648,0.759066056864179,0.0,0.0,0.0,0.25,1.0,0.21198808586690437,0.10286314836605666,1.437685714234477,0.1437685714234477,,,,,,,,,,0.95,0.06929436143628276,0.1030771106942537,19.0
crypto_conditional_value_at_risk,Crypto Minimum CVaR,crypto,conditional_value_at_risk,monthly,17,2022-05-01,2021-05-01,2022-04-30,2022-05-01,365,365,10,0.06899369493061352,6.899369493061352e-05,10.0,sample_ridge,,91.69323426918804,12.133849289500647,91.69322369832706,0.10410297044292824,1.2133849168162154e-08,-0.6263076640328578,0.5920204615802523,True,0,Optimization terminated successfully. (HiGHS Status 7: Optimal),0,1,0.10354696592377767,-0.005632008604128984,0.8575428886836266,-0.006567611577742091,0.0,0.0,0.0,0.25,1.0,0.21729327168277934,0.10872249168544397,1.4595077752483296,0.14595077752483296,,,,,,,,,,0.95,0.06890839903684631,0.10354696592377767,20.0
crypto_conditional_value_at_risk,Crypto Minimum CVaR,crypto,conditional_value_at_risk,monthly,18,2022-06-01,2021-06-01,2022-05-31,2022-06-01,365,365,10,0.13781908639818571,0.00013781908639818571,10.0,sample_ridge,,106.49156473650538,8.248953824074619,106.49155068112245,0.06191187007304286,8.248953741585081e-09,-1.0786584425585104,0.4837732700368159,True,0,Optimization terminated successfully. (HiGHS Status 7: Optimal),0,1,0.09170221705077464,0.016778027236928755,0.7491985745526646,0.02239463315442994,2.220446049250313e-16,0.0,0.0,0.25,0.9999999999999998,0.21885841661539718,0.10652053446694004,1.332371725601611,0.1332371725601611,,,,,,,,,,0.95,0.06611140578201596,0.09170221705077464,19.0
crypto_conditional_value_at_risk,Crypto Minimum CVaR,crypto,conditional_value_at_risk,monthly,19,2022-07-01,2021-07-01,2022-06-30,2022-07-01,365,365,10,0.1770536235992844,0.0001770536235992844,10.0,sample_ridge,,108.6950897456328,7.9239962305765665,108.69507491751155,0.0575511531658567,7.923996151336606e-09,-1.2801539154201342,0.3150518664621398,True,0,Optimization terminated successfully. (HiGHS Status 7: Optimal),0,1,0.09097105192392106,-0.21891492820613997,0.7271886951922529,-0.301042810007193,5.551115123125783e-16,0.0,0.0,0.25,0.9999999999999994,0.2122741066955532,0.10351695554353013,1.3549534140855712,0.13549534140855712,,,,,,,,,,0.95,0.06109325052739307,0.09097105192392106,20.0
crypto_conditional_value_at_risk,Crypto Minimum CVaR,crypto,conditional_value_at_risk,monthly,20,2022-08-01,2021-08-01,2022-07-31,2022-08-01,365,365,10,0.09200290585451354,9.200290585451354e-05,10.0,sample_ridge,,110.22335935631665,8.354955605408627,110.22334391358189,0.05909292134978183,8.354955521859072e-09,-0.9769138015002934,0.4333954992532194,True,0,Optimization terminated successfully. (HiGHS Status 7: Optimal),0,1,0.09117232565765662,-0.07613188881393837,0.7306388699751203,-0.10419906734024541,8.881784197001252e-16,0.0,0.0,0.25,1.0000000000000009,0.21767377882830669,0.10701788439312822,1.4059056893620197,0.14059056893620198,,,,,,,,,,0.95,0.061772961803025314,0.09117232565765662,20.0
crypto_conditional_value_at_risk,Crypto Minimum CVaR,crypto,conditional_value_at_risk,monthly,21,2022-09-01,2021-09-01,2022-08-31,2022-09-01,365,365,10,0.08334367020413574,8.334367020413575e-05,10.0,sample_ridge,,107.16128977438619,8.03168601066376,107.16127513535154,0.05824524355769105,8.031685930346902e-09,-1.361594014597837,0.006250885117470517,True,0,Optimization terminated successfully. (HiGHS Status 7: Optimal),0,1,0.09284147187346316,-0.486694895363861,0.7114480168257835,-0.6840905925007883,0.0,0.0,0.0,0.25,1.0,0.2327585842248965,0.11567170247619189,1.4594450778940076,0.14594450778940077,,,,,,,,,,0.95,0.06683903920026713,0.09284147187346316,19.0
crypto_conditional_value_at_risk,Crypto Minimum CVaR,crypto,conditional_value_at_risk,monthly,22,2022-10-01,2021-10-01,2022-09-30,2022-10-01,365,365,10,0.12067182450590166,0.00012067182450590166,10.0,sample_ridge,,95.37972847495229,7.646601914636586,95.37971661041927,0.06082702120291618,7.646601838170566e-09,-1.14229358100699,0.08712502317146564,True,0,Optimization terminated successfully. (HiGHS Status 7: Optimal),0,1,0.08564497751946876,-0.39243850061756613,0.6676411334910839,-0.5877985656238884,1.9095836023552692e-14,0.0,0.0,0.25,0.9999999999999809,0.21163242618892242,0.10287746126856738,1.4822953816909172,0.14822953816909173,,,,,,,,,,0.95,0.06299069696541583,0.08564497751946876,19.0
crypto_conditional_value_at_risk,Crypto Minimum CVaR,crypto,conditional_value_at_risk,monthly,23,2022-11-01,2021-11-01,2022-10-31,2022-11-01,365,365,10,0.09707714464818624,9.707714464818624e-05,10.0,sample_ridge,,107.23172559809127,7.385692995669812,107.23171052418755,0.05204988184558712,7.385692921812883e-09,-1.2818155021959377,-0.19249057113465196,True,0,Optimization terminated successfully. (HiGHS Status 7: Optimal),0,1,0.0846215372183104,-0.6279922633917902,0.6466281793807853,-0.9711798579411726,5.440092820663267e-15,0.0,0.0,0.25,0.9999999999999946,0.2157558123320122,0.1051516910077155,1.5521976886642663,0.15521976886642663,,,,,,,,,,0.95,0.05980212738850064,0.0846215372183104,20.0
crypto_conditional_value_at_risk,Crypto Minimum CVaR,crypto,conditional_value_at_risk,monthly,24,2022-12-01,2021-12-01,2022-11-30,2022-12-01,365,365,10,0.06446208941892663,6.446208941892663e-05,10.0,sample_ridge,,124.10985848739648,7.813904553533118,124.1098386417749,0.04847258978209941,7.813904475394072e-09,-1.246741325256994,-0.2122122406342102,True,0,Optimization terminated successfully. (HiGHS Status 7: Optimal),0,1,0.08986088568798507,-0.7340413853752868,0.6709372885504737,-1.094053643912304,0.0,0.0,0.0,0.25,1.0,0.22221479584519685,0.10861358120423971,1.518593991852501,0.1518593991852501,,,,,,,,,,0.95,0.05965379130430004,0.08986088568798507,20.0
crypto_conditional_value_at_risk,Crypto Minimum CVaR,crypto,conditional_value_at_risk,monthly,25,2023-01-01,2022-01-01,2022-12-31,2023-01-01,365,365,10,0.07981736845554216,7.981736845554216e-05,10.0,sample_ridge,,127.02537016969998,7.392484266815141,127.02534930632169,0.044654348149656645,7.392484192890299e-09,-1.248978605810294,-0.09350913596788747,True,0,Optimization terminated successfully. (HiGHS Status 7: Optimal),0,1,0.08760835142716482,-0.6224460872513308,0.6475356773278778,-0.9612537332613367,0.0,0.0,0.0,0.25,1.0,0.21785928152415582,0.10570161763971916,1.5172780578378162,0.15172780578378162,,,,,,,,,,0.95,0.0585932845223505,0.08760835142716482,20.0
crypto_conditional_value_at_risk,Crypto Minimum CVaR,crypto,conditional_value_at_risk,monthly,26,2023-02-01,2022-02-01,2023-01-31,2023-02-01,365,365,10,0.03718810559523908,3.718810559523908e-05,10.0,sample_ridge,,127.82233875649337,7.245378438119071,127.82231751649053,0.04326156847867566,7.2453783656652874e-09,-0.5965295926929296,0.4946320666884034,True,0,Optimization terminated successfully. (HiGHS Status 7: Optimal),0,1,0.0846289017885954,-0.14812822411092916,0.6354200794765058,-0.23311857603392921,0.0,0.0,0.0,0.25,1.0,0.21849458822494194,0.10607541844506681,1.5399136961731674,0.15399136961731674,,,,,,,,,,0.95,0.058464928367520784,0.0846289017885954,20.0
crypto_conditional_value_at_risk,Crypto Minimum CVaR,crypto,conditional_value_at_risk,monthly,27,2023-03-01,2022-03-01,2023-02-28,2023-03-01,365,365,10,0.11075000594854358,0.00011075000594854357,10.0,sample_ridge,,133.50767542190056,6.866305764831696,133.5076521356724,0.03907194440676142,6.86630569616864e-09,-0.6185645624590409,0.32657470449165027,True,0,Optimization terminated successfully. (HiGHS Status 7: Optimal),0,1,0.08256222873485163,-0.2729043477013449,0.6094245692890584,-0.44780660553234547,0.0,0.0,0.0,0.25,1.0,0.25,0.12458204153775775,1.7167878805411558,0.17167878805411557,,,,,,,,,,0.95,0.052918958640689295,0.08256222873485163,19.0
crypto_conditional_value_at_risk,Crypto Minimum CVaR,crypto,conditional_value_at_risk,monthly,28,2023-04-01,2022-04-01,2023-03-31,2023-04-01,365,365,10,0.17092783678333018,0.00017092783678333018,10.0,sample_ridge,,131.4420895176278,6.963855687964636,131.44206686377055,0.04009824288934678,6.96385561832608e-09,-0.8037839719825717,0.11581888776947913,True,0,Optimization terminated successfully. (HiGHS Status 7: Optimal),0,1,0.08397123896191697,-0.15823468611912614,0.6204664891164334,-0.2550253541403308,4.440892098500626e-16,0.0,0.0,0.25,1.0000000000000004,0.21894604896029837,0.10618081276175981,1.4997660609557923,0.14997660609557922,,,,,,,,,,0.95,0.05666010137500213,0.08397123896191697,19.0
crypto_conditional_value_at_risk,Crypto Minimum CVaR,crypto,conditional_value_at_risk,monthly,29,2023-05-01,2022-05-01,2023-04-30,2023-05-01,365,365,10,0.15560928474396873,0.00015560928474396874,10.0,sample_ridge,,114.4844418335744,6.634363804324822,114.48442459971702,0.04368708907712679,6.634363737981185e-09,-0.5517931033643315,0.2857119958782919,True,0,Optimization terminated successfully. (HiGHS Status 7: Optimal),0,1,0.08157588275228213,-0.0010066768319961575,0.6101591394868561,-0.001649859465913717,0.0,0.0,0.0,0.25,1.0,0.25,0.12493351013774201,1.6803705969539173,0.16803705969539173,,,,,,,,,,0.95,0.05236047897940999,0.08157588275228213,19.0
crypto_conditional_value_at_risk,Crypto Minimum CVaR,crypto,conditional_value_at_risk,monthly,30,2023-06-01,2022-06-01,2023-05-31,2023-06-01,365,365,10,0.049275255709785845,4.927525570978584e-05,10.0,sample_ridge,,99.4001359722176,5.526900040038822,99.4001226911665,0.04094914654577647,5.526899984769822e-09,-0.32595668828112256,0.5783871192737291,True,0,Optimization terminated successfully. (HiGHS Status 7: Optimal),0,1,0.06981951697665688,0.04720980743544512,0.5394346883478469,0.08751718874445563,5.662137425588298e-15,0.0,0.0,0.25,0.9999999999999943,0.24046302887342486,0.12099399831571,1.7613158699810283,0.17613158699810283,,,,,,,,,,0.95,0.041830594937546206,0.06981951697665688,20.0
crypto_conditional_value_at_risk,Crypto Minimum CVaR,crypto,conditional_value_at_risk,monthly,31,2023-07-01,2022-07-01,2023-06-30,2023-07-01,365,365,10,0.053936086745992866,5.393608674599287e-05,10.0,sample_ridge,,96.26318964235213,5.451127536288891,96.26317654948589,0.03966219359692363,5.451127481777616e-09,-0.2370049478975843,1.4413092779143937,True,0,Optimization terminated successfully. (HiGHS Status 7: Optimal),0,1,0.061848705293110054,0.4054778650799751,0.5052647150980986,0.8025058013426692,6.661338147750939e-16,0.0,0.0,0.25,0.9999999999999993,0.24999999999999967,0.12732478761532737,1.9456745279085481,0.1945674527908548,,,,,,,,,,0.95,0.04081691332469922,0.061848705293110054,19.0
crypto_conditional_value_at_risk,Crypto Minimum CVaR,crypto,conditional_value_at_risk,monthly,32,2023-08-01,2022-08-01,2023-07-31,2023-08-01,365,365,10,0.21846442310193406,0.00021846442310193408,10.0,sample_ridge,,109.185767974834,5.818749938626652,109.18574963293804,0.03432065693777525,5.818749880439153e-09,-0.3326159985864605,1.0469902024093432,True,0,Optimization terminated successfully. (HiGHS Status 7: Optimal),0,1,0.06260433898048184,0.48069245103997027,0.5525735349749512,0.8699158041685088,0.0,0.0,0.0,0.25,1.0,0.2109520218333821,0.11326552144305238,1.5503264459504709,0.1550326445950471,,,,,,,,,,0.95,0.039324680254527886,0.06260433898048184,20.0
crypto_conditional_value_at_risk,Crypto Minimum CVaR,crypto,conditional_value_at_risk,monthly,33,2023-09-01,2022-09-01,2023-08-31,2023-09-01,365,365,10,0.3684672650588478,0.0003684672650588478,10.0,sample_ridge,,116.93933859068062,5.602586862120679,116.93931765756304,0.031030266290482788,5.602586806094812e-09,-0.5591571012424633,0.9088177671311785,True,0,Optimization terminated successfully. (HiGHS Status 7: Optimal),0,1,0.05926570080679879,0.2727831796747906,0.4877803890041962,0.5592335932809385,0.0,0.0,0.0,0.25,1.0,0.21500336384922786,0.10406096282060238,1.9707900433702898,0.197079004337029,,,,,,,,,,0.95,0.03834973023561624,0.05926570080679879,20.0
crypto_conditional_value_at_risk,Crypto Minimum CVaR,crypto,conditional_value_at_risk,monthly,34,2023-10-01,2022-10-01,2023-09-30,2023-10-01,365,365,10,0.1479208154256218,0.0001479208154256218,10.0,sample_ridge,,138.340518056693,5.0728427798463915,138.34048869659242,0.023729715922736663,5.072842729117965e-09,-0.47628901162496573,0.9777661728635423,True,0,Optimization terminated successfully. (HiGHS Status 7: Optimal),0,1,0.05462264852353966,0.5428590968742685,0.47918175628372645,1.13288765641745,0.0,0.0,0.0,0.25,1.0,0.2416112300292348,0.1238305774924114,2.2136232957940862,0.22136232957940863,,,,,,,,,,0.95,0.0326866357237595,0.05462264852353966,20.0
crypto_conditional_value_at_risk,Crypto Minimum CVaR,crypto,conditional_value_at_risk,monthly,35,2023-11-01,2022-11-01,2023-10-31,2023-11-01,365,365,10,0.034725230189149574,3.472523018914957e-05,10.0,sample_ridge,,134.18717726695678,5.019951112948667,134.1871496741781,0.024230728062372024,5.0199510627491575e-09,-0.36438488301588806,1.069826945853484,True,0,Optimization terminated successfully. (HiGHS Status 7: Optimal),0,1,0.05462264852353966,0.6092856489855969,0.4798211568316154,1.2698182235415991,0.0,0.0,0.0,0.25,1.0,0.2416112300292345,0.12393171863519714,2.2040424111767645,0.22040424111767645,,,,,,,,,,0.95,0.0326866357237595,0.05462264852353966,20.0
crypto_conditional_value_at_risk,Crypto Minimum CVaR,crypto,conditional_value_at_risk,monthly,36,2023-12-01,2022-12-01,2023-11-30,2023-12-01,365,365,10,0.05085606607954689,5.0856066079546886e-05,10.0,sample_ridge,,107.9915874776335,4.332318149022272,107.99156825748497,0.024116441477778753,4.332318105699092e-09,-0.1409069994332398,0.9513519955667086,True,0,Optimization terminated successfully. (HiGHS Status 7: Optimal),0,1,0.04520410236586919,0.7808134075755491,0.4300144275784967,1.8157842097821613,0.0,0.0,0.0,0.25,1.0,0.24890242910582638,0.13000086520816062,2.524208413880518,0.2524208413880518,,,,,,,,,,0.95,0.032062092752035906,0.04520410236586919,19.0
crypto_hierarchical_risk_parity,Crypto Hierarchical Risk Parity,crypto,hierarchical_risk_parity,monthly,1,2021-01-01,2020-01-02,2020-12-31,2021-01-01,365,365,10,1.0,0.001,10.0,sample_ridge,,89.81395132717167,10.307079478607161,89.81394077727556,0.08676980717928766,1.0307079375536366e-08,0.5017098514163996,2.3211586001308238,True,0,standard single-linkage HRP; raw weights feasible,0,1,0.7117857243961061,1.3492903416668653,0.8436739443624569,1.599303084660852,1.1102230246251565e-16,0.0,0.06018013418334024,0.2151542391176504,0.9999999999999999,0.11937730685412482,0.030377729699943175,1.0481539180496953,0.10481539180496953,10.0,0.2358376535477814,0.3416086181889304,False,0.0,0.2151542391176504,0.11937730685412482,0.9999999999999999,XLM-USD|XRP-USD|TRX-USD|ADA-USD|ETC-USD|BTC-USD|BCH-USD|EOS-USD|ETH-USD|LTC-USD,,,,
crypto_hierarchical_risk_parity,Crypto Hierarchical Risk Parity,crypto,hierarchical_risk_parity,monthly,2,2021-02-01,2020-02-02,2021-01-31,2021-02-01,365,365,10,0.2022000346582672,0.0002022000346582672,10.0,sample_ridge,,75.33558530462105,12.03711434463415,75.3355773967912,0.11315189522377671,1.2037114224263008e-08,0.06005577032354803,2.5484846761287328,True,0,standard single-linkage HRP; raw weights feasible,0,1,0.7763061773036448,1.3695137420809917,0.8810823896229255,1.5543537791818753,1.1102230246251565e-16,0.0,0.05185582486438762,0.16263964274243728,0.9999999999999999,0.11283463711036804,0.02677067763339891,1.0875250506804766,0.10875250506804765,10.0,0.26080873181927705,0.4001641648095005,False,0.0,0.16263964274243728,0.11283463711036804,0.9999999999999999,XRP-USD|XLM-USD|TRX-USD|ADA-USD|BTC-USD|ETH-USD|LTC-USD|ETC-USD|BCH-USD|EOS-USD,,,,
crypto_hierarchical_risk_parity,Crypto Hierarchical Risk Parity,crypto,hierarchical_risk_parity,monthly,3,2021-03-01,2020-03-01,2021-02-28,2021-03-01,365,365,10,0.12797091646358377,0.00012797091646358377,10.0,sample_ridge,,74.05437041564282,13.053596059205589,74.05436241566781,0.11920315186455638,1.3053595928669631e-08,0.5370845914100594,4.161129473065568,True,0,standard single-linkage HRP; raw weights feasible,0,1,0.8181568233481584,1.9710758200439784,0.9045202172136112,2.179139595260688,0.0,0.0,0.0527070667004451,0.1741046343610422,1.0,0.11048593216456651,0.023498389545302464,1.0704981931409205,0.10704981931409205,10.0,0.27509243550735296,0.4210704471122729,False,0.0,0.1741046343610422,0.11048593216456651,1.0,XRP-USD|XLM-USD|ADA-USD|TRX-USD|BTC-USD|ETC-USD|ETH-USD|LTC-USD|BCH-USD|EOS-USD,,,,
crypto_hierarchical_risk_parity,Crypto Hierarchical Risk Parity,crypto,hierarchical_risk_parity,monthly,4,2021-04-01,2020-04-01,2021-03-31,2021-04-01,365,365,10,0.09270653193091732,9.270653193091733e-05,10.0,sample_ridge,,51.29884461843315,11.004321151240948,51.2988402938384,0.12798994245661383,1.1004321041197737e-08,1.2105871238559645,4.389858023940388,True,0,standard single-linkage HRP; raw weights feasible,0,1,0.5610580257661058,2.4657909166816743,0.7490380669672976,3.291943394366002,0.0,0.0,0.05274876374619427,0.22476207564254713,1.0,0.12139120583895284,0.02773845758073453,1.1871851448391482,0.11871851448391482,10.0,0.31901741447664395,0.4511179130592129,False,0.0,0.22476207564254713,0.12139120583895284,1.0,XRP-USD|ADA-USD|XLM-USD|TRX-USD|BTC-USD|ETH-USD|ETC-USD|LTC-USD|BCH-USD|EOS-USD,,,,
crypto_hierarchical_risk_parity,Crypto Hierarchical Risk Parity,crypto,hierarchical_risk_parity,monthly,5,2021-05-01,2020-05-01,2021-04-30,2021-05-01,365,365,10,0.1881792361400965,0.0001881792361400965,10.0,sample_ridge,,55.47690831977861,12.562471745666796,55.47690315110366,0.1324062012572471,1.2562471620042082e-08,1.3389530736193875,4.061644910746317,True,0,standard single-linkage HRP; raw weights feasible,0,1,0.5847913579686882,2.596822382992528,0.7647165213127596,3.395797410698885,0.0,0.0,0.04824039730977026,0.2376956486173851,1.0,0.1294893474151743,0.03353374104624707,1.3151860183710156,0.13151860183710157,10.0,0.33082022896846164,0.45265683948392543,False,0.0,0.2376956486173851,0.1294893474151743,1.0,XRP-USD|ADA-USD|TRX-USD|XLM-USD|BTC-USD|ETH-USD|ETC-USD|LTC-USD|BCH-USD|EOS-USD,,,,
crypto_hierarchical_risk_parity,Crypto Hierarchical Risk Parity,crypto,hierarchical_risk_parity,monthly,6,2021-06-01,2020-06-01,2021-05-31,2021-06-01,365,365,10,0.2296807362252643,0.0002296807362252643,10.0,sample_ridge,,72.75683473955232,17.227374545736026,72.75682647962479,0.14966013414556043,1.722737437346228e-08,1.6344977660684372,4.027006627045755,True,0,standard single-linkage HRP; raw weights feasible,0,1,0.8760335107569499,2.4027819799136116,0.9359666183988348,2.567166320551121,0.0,0.0,0.039520010110140995,0.2386535273761998,1.0,0.12796940822899017,0.030382766761226386,1.2022512159586392,0.12022512159586392,10.0,0.30896363560309215,0.4353142211914929,False,0.0,0.2386535273761998,0.12796940822899017,1.0,XRP-USD|TRX-USD|ETC-USD|BTC-USD|ETH-USD|LTC-USD|BCH-USD|EOS-USD|ADA-USD|XLM-USD,,,,
crypto_hierarchical_risk_parity,Crypto Hierarchical Risk Parity,crypto,hierarchical_risk_parity,monthly,7,2021-07-01,2020-07-01,2021-06-30,2021-07-01,365,365,10,0.061117960599279375,6.111796059927938e-05,10.0,sample_ridge,,70.2032786348063,18.176576460737515,70.20327110789776,0.16711757154437604,1.8176576278971752e-08,1.6099765563400221,3.707606194316678,True,0,standard single-linkage HRP; raw weights feasible,0,1,0.9610070941317713,2.3007991435460635,0.9803096929704262,2.3470125410822327,0.0,0.0,0.04071662335489692,0.2288927174185608,1.0,0.12480927606906021,0.029089690573551208,1.181367212921674,0.11813672129216739,10.0,0.30281380155375864,0.42697981013613584,False,0.0,0.2288927174185608,0.12480927606906021,1.0,XRP-USD|TRX-USD|ETC-USD|BTC-USD|ETH-USD|LTC-USD|BCH-USD|EOS-USD|ADA-USD|XLM-USD,,,,
crypto_hierarchical_risk_parity,Crypto Hierarchical Risk Parity,crypto,hierarchical_risk_parity,monthly,8,2021-08-01,2020-08-01,2021-07-31,2021-08-01,365,365,10,0.04693355109851782,4.6933551098517826e-05,10.0,sample_ridge,,70.76295866669705,18.24476651914211,70.76295106941735,0.1675348191952297,1.8244766336694446e-08,1.3485258758858145,3.110042374149922,True,0,standard single-linkage HRP; raw weights feasible,0,1,0.9799512127731298,2.047791407199082,0.9899248520837982,2.0686331925988806,0.0,0.0,0.04130036183279692,0.2245031815849804,1.0,0.12330374549677568,0.02830229403984592,1.1703540954034664,0.11703540954034664,10.0,0.3072169058634119,0.4254364501000452,False,0.0,0.2245031815849804,0.12330374549677568,1.0,XRP-USD|TRX-USD|ETC-USD|BTC-USD|ETH-USD|LTC-USD|BCH-USD|EOS-USD|ADA-USD|XLM-USD,,,,
crypto_hierarchical_risk_parity,Crypto Hierarchical Risk Parity,crypto,hierarchical_risk_parity,monthly,9,2021-09-01,2020-09-01,2021-08-31,2021-09-01,365,365,10,0.06001642881768387,6.001642881768387e-05,10.0,sample_ridge,,73.26728127102426,18.505071238487623,73.26727316661785,0.1650103802827729,1.8505071053436915e-08,1.515952508322425,4.022120776322449,True,0,standard single-linkage HRP; raw weights feasible,0,1,0.9977663637544137,2.2318895165228967,0.9988825575383794,2.234386314666569,1.1102230246251565e-16,0.0,0.04106041966149273,0.22039407865102167,0.9999999999999999,0.12292706324913509,0.028703810975231184,1.1739802075385848,0.11739802075385848,10.0,0.3035118349797834,0.4193622618197027,False,0.0,0.22039407865102167,0.12292706324913509,0.9999999999999999,XRP-USD|TRX-USD|ETC-USD|BTC-USD|ETH-USD|LTC-USD|BCH-USD|EOS-USD|ADA-USD|XLM-USD,,,,
crypto_hierarchical_risk_parity,Crypto Hierarchical Risk Parity,crypto,hierarchical_risk_parity,monthly,10,2021-10-01,2020-10-01,2021-09-30,2021-10-01,365,365,10,0.048051284781537446,4.805128478153745e-05,10.0,sample_ridge,,73.57058882514198,18.79433778168706,73.57058081973744,0.1703744187920559,1.879433759374368e-08,1.527302557636806,3.926079204576511,True,0,standard single-linkage HRP; raw weights feasible,0,1,1.0465445712014745,2.2697403940272305,1.0230076105295964,2.218693556788124,1.1102230246251565e-16,0.0,0.042026904580557634,0.21411674695319136,0.9999999999999999,0.12105990594831549,0.028229877658630713,1.1621106260947105,0.11621106260947105,10.0,0.30230347210459296,0.4152647445176476,False,0.0,0.21411674695319136,0.12105990594831549,0.9999999999999999,XRP-USD|TRX-USD|ETC-USD|BTC-USD|ETH-USD|LTC-USD|BCH-USD|EOS-USD|ADA-USD|XLM-USD,,,,
crypto_hierarchical_risk_parity,Crypto Hierarchical Risk Parity,crypto,hierarchical_risk_parity,monthly,11,2021-11-01,2020-11-01,2021-10-31,2021-11-01,365,365,10,0.14862340538124175,0.00014862340538124175,10.0,sample_ridge,,71.81864563406981,19.04437463514134,71.81863804773873,0.1777798502964555,1.9044374444697596e-08,1.7333005404828021,3.935855325204024,True,0,standard single-linkage HRP; raw weights feasible,0,1,1.0225487806209996,2.5906551735096777,1.011211540984872,2.56193196824722,2.220446049250313e-16,0.0,0.03543501296576384,0.22194270836526486,1.0000000000000002,0.12707901577779798,0.03242915705521673,1.2040169155211076,0.12040169155211075,10.0,0.29852629371053535,0.4154146322135595,False,0.0,0.22194270836526486,0.12707901577779798,1.0000000000000002,XRP-USD|ADA-USD|XLM-USD|TRX-USD|BTC-USD|ETC-USD|ETH-USD|LTC-USD|BCH-USD|EOS-USD,,,,
crypto_hierarchical_risk_parity,Crypto Hierarchical Risk Parity,crypto,hierarchical_risk_parity,monthly,12,2021-12-01,2020-12-01,2021-11-30,2021-12-01,365,365,10,0.1721306981958516,0.0001721306981958516,10.0,sample_ridge,,70.55614914789201,17.997252383018985,70.55614188438821,0.17234376114406022,1.7997252203046466e-08,1.3146231034194442,3.122853656507479,True,0,standard single-linkage HRP; projected to approved constraints,0,1,1.0020603070302592,1.8193500707141346,1.0010296234529024,1.8174787519659588,0.0,0.0,0.04825515980903994,0.25,1.0,0.13111062450494512,0.034767368680749235,1.150177388544272,0.1150177388544272,10.0,0.30131610718465995,0.41935433839918085,True,0.046031283863418336,0.27301564193170913,0.13937108267499107,1.0,XRP-USD|TRX-USD|BTC-USD|ETC-USD|ETH-USD|LTC-USD|BCH-USD|EOS-USD|ADA-USD|XLM-USD,,,,
crypto_hierarchical_risk_parity,Crypto Hierarchical Risk Parity,crypto,hierarchical_risk_parity,monthly,13,2022-01-01,2021-01-01,2021-12-31,2022-01-01,365,365,10,0.08407212568438854,8.407212568438855e-05,10.0,sample_ridge,,72.39242900802797,17.27330101013917,72.3924214120708,0.16234726937548052,1.7273300837406165e-08,0.7900713622483729,2.9288592735790466,True,0,standard single-linkage HRP; raw weights feasible,0,1,1.0271190321834547,1.6375792016873159,1.013468811648121,1.6158160792577874,0.0,0.0,0.048953604622341405,0.19825575892739777,1.0,0.11670462006446848,0.027245596496588365,1.1024614594226918,0.11024614594226918,10.0,0.2868148524440322,0.43347114159036165,False,0.0,0.19825575892739777,0.11670462006446848,1.0,XRP-USD|TRX-USD|ETC-USD|BTC-USD|ETH-USD|EOS-USD|BCH-USD|LTC-USD|ADA-USD|XLM-USD,,,,
crypto_hierarchical_risk_parity,Crypto Hierarchical Risk Parity,crypto,hierarchical_risk_parity,monthly,14,2022-02-01,2021-02-01,2022-01-31,2022-02-01,365,365,10,0.18707810013667864,0.00018707810013667865,10.0,sample_ridge,,79.5844095795959,15.19484365491244,79.58440088892253,0.13739761556383473,1.5194843502964006e-08,0.228404468262425,2.3355318524584225,True,0,standard single-linkage HRP; projected to approved constraints,0,1,0.8694420157146969,0.9297454642445335,0.9324387463606909,0.9971115720719788,0.0,0.0,0.03987734800240451,0.25,1.0,0.13578977099609787,0.03891660677193816,1.204599585883956,0.1204599585883956,10.0,0.2806438952916846,0.39237448841175376,True,0.002599592346110076,0.25129979617305503,0.1362249354826836,1.0,ADA-USD|TRX-USD|XLM-USD|XRP-USD|ETC-USD|BTC-USD|ETH-USD|EOS-USD|BCH-USD|LTC-USD,,,,
crypto_hierarchical_risk_parity,Crypto Hierarchical Risk Parity,crypto,hierarchical_risk_parity,monthly,15,2022-03-01,2021-03-01,2022-02-28,2022-03-01,365,365,10,0.06690385881262416,6.690385881262416e-05,10.0,sample_ridge,,87.02164130770612,14.128382893230137,87.02163127414079,0.12112809734858698,1.4128382751946311e-08,-0.11156085519844017,2.0724468445062976,True,0,standard single-linkage HRP; raw weights feasible,0,1,0.8567175340096415,0.6740540400381383,0.925590370525559,0.7282422781207242,0.0,0.0,0.047849843071820344,0.24899847227747882,1.0,0.13293678257932565,0.03541834448236208,1.149130368782523,0.1149130368782523,10.0,0.2749413282250921,0.36858635960725356,False,0.0,0.24899847227747882,0.13293678257932565,1.0,TRX-USD|ADA-USD|ETC-USD|XLM-USD|XRP-USD|BTC-USD|ETH-USD|EOS-USD|BCH-USD|LTC-USD,,,,
crypto_hierarchical_risk_parity,Crypto Hierarchical Risk Parity,crypto,hierarchical_risk_parity,monthly,16,2022-04-01,2021-04-01,2022-03-31,2022-04-01,365,365,10,0.04186740608379176,4.186740608379176e-05,10.0,sample_ridge,,88.56970653339674,13.775940315329713,88.56969625858278,0.11740894105958108,1.3775940177570309e-08,0.013983181025180258,2.2375922244923276,True,0,standard single-linkage HRP; raw weights feasible,0,1,0.8393306598817198,0.5367649633776779,0.9161499112490924,0.5858920650287949,0.0,0.0,0.047701288749569956,0.24758870705609676,1.0,0.13344080208943962,0.036036096834809205,1.1432579359439317,0.11432579359439317,10.0,0.2707584419009196,0.3424892307572868,False,0.0,0.24758870705609676,0.13344080208943962,1.0,TRX-USD|ADA-USD|ETC-USD|XLM-USD|XRP-USD|BTC-USD|ETH-USD|EOS-USD|BCH-USD|LTC-USD,,,,
crypto_hierarchical_risk_parity,Crypto Hierarchical Risk Parity,crypto,hierarchical_risk_parity,monthly,17,2022-05-01,2021-05-01,2022-04-30,2022-05-01,365,365,10,0.061628963338006486,6.162896333800649e-05,10.0,sample_ridge,,91.69323426918804,12.133849289500647,91.69322369832706,0.10410297044292824,1.2133849168162154e-08,-0.6263076640328578,0.5920204615802523,True,0,standard single-linkage HRP; raw weights feasible,0,1,0.7962015370244028,-0.10514056458260654,0.8923012591184677,-0.11783079258061138,0.0,0.0,0.052143776245728995,0.23445067018166701,1.0,0.12911202720387366,0.035008342780122666,1.1200324653446647,0.11200324653446647,10.0,0.25995079088536943,0.33236996108995875,False,0.0,0.23445067018166701,0.12911202720387366,1.0,ETC-USD|ADA-USD|TRX-USD|XLM-USD|XRP-USD|BTC-USD|ETH-USD|EOS-USD|BCH-USD|LTC-USD,,,,
crypto_hierarchical_risk_parity,Crypto Hierarchical Risk Parity,crypto,hierarchical_risk_parity,monthly,18,2022-06-01,2021-06-01,2022-05-31,2022-06-01,365,365,10,0.1989882095609816,0.0001989882095609816,10.0,sample_ridge,,106.49156473650538,8.248953824074619,106.49155068112245,0.06191187007304286,8.248953741585081e-09,-1.0786584425585104,0.4837732700368159,True,0,standard single-linkage HRP; raw weights feasible,0,1,0.6378304924413464,-0.34480378858706084,0.7986429067119712,-0.43173712016879345,0.0,0.0,0.05891396764436991,0.13589200032080603,1.0,0.10493593204459016,0.02085745136404447,1.0194276984891215,0.10194276984891215,10.0,0.2222538439725112,0.36959721869919004,False,0.0,0.13589200032080603,0.10493593204459016,1.0,TRX-USD|ADA-USD|ETC-USD|BTC-USD|ETH-USD|XRP-USD|XLM-USD|EOS-USD|BCH-USD|LTC-USD,,,,
crypto_hierarchical_risk_parity,Crypto Hierarchical Risk Parity,crypto,hierarchical_risk_parity,monthly,19,2022-07-01,2021-07-01,2022-06-30,2022-07-01,365,365,10,0.1395448013288806,0.00013954480132888063,10.0,sample_ridge,,108.6950897456328,7.9239962305765665,108.69507491751155,0.0575511531658567,7.923996151336606e-09,-1.2801539154201342,0.3150518664621398,True,0,standard single-linkage HRP; raw weights feasible,0,1,0.5762983267847381,-0.4760615218830786,0.7591431530249997,-0.6271037550507963,0.0,0.0,0.053944570203146,0.18770555929490773,1.0,0.11666186890252507,0.031566023607831624,1.060938377988738,0.1060938377988738,10.0,0.24587825592987342,0.4036604351878593,False,0.0,0.18770555929490773,0.11666186890252507,1.0,TRX-USD|ADA-USD|XLM-USD|XRP-USD|ETC-USD|BTC-USD|ETH-USD|EOS-USD|BCH-USD|LTC-USD,,,,
crypto_hierarchical_risk_parity,Crypto Hierarchical Risk Parity,crypto,hierarchical_risk_parity,monthly,20,2022-08-01,2021-08-01,2022-07-31,2022-08-01,365,365,10,0.14018617823778967,0.00014018617823778967,10.0,sample_ridge,,110.22335935631665,8.354955605408627,110.22334391358189,0.05909292134978183,8.354955521859072e-09,-0.9769138015002934,0.4333954992532194,True,0,standard single-linkage HRP; raw weights feasible,0,1,0.615835505083261,-0.24176550035060365,0.7847518748517018,-0.3080789076117737,0.0,0.0,0.056283588880593614,0.15180530060678016,1.0,0.10774870562024737,0.022970864767890068,1.0437801739118429,0.10437801739118428,10.0,0.25273210426833287,0.4035343120802931,False,0.0,0.15180530060678016,0.10774870562024737,1.0,TRX-USD|ADA-USD|ETC-USD|BTC-USD|ETH-USD|XLM-USD|XRP-USD|EOS-USD|BCH-USD|LTC-USD,,,,
crypto_hierarchical_risk_parity,Crypto Hierarchical Risk Parity,crypto,hierarchical_risk_parity,monthly,21,2022-09-01,2021-09-01,2022-08-31,2022-09-01,365,365,10,0.10147697490034037,0.00010147697490034038,10.0,sample_ridge,,107.16128977438619,8.03168601066376,107.16127513535154,0.05824524355769105,8.031685930346902e-09,-1.361594014597837,0.006250885117470517,True,0,standard single-linkage HRP; raw weights feasible,0,1,0.571016079984216,-0.6501901790890657,0.7556560593181372,-0.8604313709543491,0.0,0.0,0.05653396132956009,0.18718306361212592,1.0,0.11472924434931588,0.027849672350436033,1.0637083756164176,0.10637083756164176,10.0,0.2475475619596376,0.4143932794442403,False,0.0,0.18718306361212592,0.11472924434931588,1.0,TRX-USD|ADA-USD|ETC-USD|XLM-USD|XRP-USD|BTC-USD|ETH-USD|EOS-USD|BCH-USD|LTC-USD,,,,
crypto_hierarchical_risk_parity,Crypto Hierarchical Risk Parity,crypto,hierarchical_risk_parity,monthly,22,2022-10-01,2021-10-01,2022-09-30,2022-10-01,365,365,10,0.08172612482411165,8.172612482411166e-05,10.0,sample_ridge,,95.37972847495229,7.646601914636586,95.37971661041927,0.06082702120291618,7.646601838170566e-09,-1.14229358100699,0.08712502317146564,True,0,standard single-linkage HRP; raw weights feasible,0,1,0.5099257484955514,-0.5092322315352863,0.7140908545105107,-0.7131196658222864,0.0,0.0,0.05371633789360963,0.18965308815670387,1.0,0.12248801341756158,0.033860547031838426,1.112212528693538,0.1112212528693538,10.0,0.26093517560232743,0.422925411886118,False,0.0,0.18965308815670387,0.12248801341756158,1.0,TRX-USD|ETC-USD|ADA-USD|XLM-USD|XRP-USD|EOS-USD|BTC-USD|ETH-USD|BCH-USD|LTC-USD,,,,
crypto_hierarchical_risk_parity,Crypto Hierarchical Risk Parity,crypto,hierarchical_risk_parity,monthly,23,2022-11-01,2021-11-01,2022-10-31,2022-11-01,365,365,10,0.13287370267400347,0.00013287370267400347,10.0,sample_ridge,,107.23172559809127,7.385692995669812,107.23171052418755,0.05204988184558712,7.385692921812883e-09,-1.2818155021959377,-0.19249057113465196,True,0,standard single-linkage HRP; raw weights feasible,0,1,0.5064423483589217,-0.7352843688566274,0.7116476293496112,-1.0332141055941102,1.1102230246251565e-16,0.0,0.06597603137583029,0.19233781512426093,0.9999999999999999,0.11231747089136951,0.024265479692188775,1.085770597612761,0.1085770597612761,10.0,0.2478616631363421,0.4293056117981964,False,0.0,0.19233781512426093,0.11231747089136951,0.9999999999999999,TRX-USD|ETC-USD|EOS-USD|BTC-USD|ETH-USD|BCH-USD|LTC-USD|ADA-USD|XLM-USD|XRP-USD,,,,
crypto_hierarchical_risk_parity,Crypto Hierarchical Risk Parity,crypto,hierarchical_risk_parity,monthly,24,2022-12-01,2021-12-01,2022-11-30,2022-12-01,365,365,10,0.15747278045935093,0.00015747278045935093,10.0,sample_ridge,,124.10985848739648,7.813904553533118,124.1098386417749,0.04847258978209941,7.813904475394072e-09,-1.246741325256994,-0.2122122406342102,True,0,standard single-linkage HRP; raw weights feasible,0,1,0.5166926729791143,-0.7680887456124604,0.7188133784085506,-1.0685509878975892,0.0,0.0,0.058785265849044616,0.196717708512387,1.0,0.12250646922020851,0.03147686751288362,1.117680955325206,0.11176809553252061,10.0,0.23334227691662268,0.4297715661981533,False,0.0,0.196717708512387,0.12250646922020851,1.0,TRX-USD|EOS-USD|ETC-USD|BCH-USD|LTC-USD|BTC-USD|ETH-USD|ADA-USD|XLM-USD|XRP-USD,,,,
crypto_hierarchical_risk_parity,Crypto Hierarchical Risk Parity,crypto,hierarchical_risk_parity,monthly,25,2023-01-01,2022-01-01,2022-12-31,2023-01-01,365,365,10,0.04259918071300083,4.2599180713000834e-05,10.0,sample_ridge,,127.02537016969998,7.392484266815141,127.02534930632169,0.044654348149656645,7.392484192890299e-09,-1.248978605810294,-0.09350913596788747,True,0,standard single-linkage HRP; raw weights feasible,0,1,0.48396897523959787,-0.6589765270565762,0.695678787400908,-0.9472425190921037,0.0,0.0,0.0578321325521402,0.19580925078043157,1.0,0.12249449875108044,0.031442194485176,1.1261030344419276,0.11261030344419276,10.0,0.22851209752679194,0.4355262734543734,False,0.0,0.19580925078043157,0.12249449875108044,1.0,TRX-USD|EOS-USD|ETC-USD|BCH-USD|LTC-USD|BTC-USD|ETH-USD|ADA-USD|XLM-USD|XRP-USD,,,,
crypto_hierarchical_risk_parity,Crypto Hierarchical Risk Parity,crypto,hierarchical_risk_parity,monthly,26,2023-02-01,2022-02-01,2023-01-31,2023-02-01,365,365,10,0.042761427326132306,4.276142732613231e-05,10.0,sample_ridge,,127.82233875649337,7.245378438119071,127.82231751649053,0.04326156847867566,7.2453783656652874e-09,-0.5965295926929296,0.4946320666884034,True,0,standard single-linkage HRP; raw weights feasible,0,1,0.4681142873464539,-0.13636115145705985,0.6841887804885826,-0.19930340184719733,0.0,0.0,0.05647278391480416,0.2008318281438821,1.0,0.12271123188383523,0.03137220016961978,1.1393628109341998,0.11393628109341998,10.0,0.23010018401898621,0.43868538418233577,False,0.0,0.2008318281438821,0.12271123188383523,1.0,TRX-USD|EOS-USD|ETC-USD|BCH-USD|LTC-USD|BTC-USD|ETH-USD|ADA-USD|XLM-USD|XRP-USD,,,,
crypto_hierarchical_risk_parity,Crypto Hierarchical Risk Parity,crypto,hierarchical_risk_parity,monthly,27,2023-03-01,2022-03-01,2023-02-28,2023-03-01,365,365,10,0.03627579641484302,3.6275796414843024e-05,10.0,sample_ridge,,133.50767542190056,6.866305764831696,133.5076521356724,0.03907194440676142,6.86630569616864e-09,-0.6185645624590409,0.32657470449165027,True,0,standard single-linkage HRP; raw weights feasible,0,1,0.43957281345148363,-0.20834794773622228,0.6630028758998588,-0.31424893512481766,0.0,0.0,0.05946715596514792,0.1956684409059588,1.0,0.1221892136002424,0.030627369260971007,1.1464463091313688,0.11464463091313688,10.0,0.22895285066109278,0.44149501379960177,False,0.0,0.1956684409059588,0.1221892136002424,1.0,TRX-USD|EOS-USD|ETC-USD|LTC-USD|BCH-USD|BTC-USD|ETH-USD|ADA-USD|XLM-USD|XRP-USD,,,,
crypto_hierarchical_risk_parity,Crypto Hierarchical Risk Parity,crypto,hierarchical_risk_parity,monthly,28,2023-04-01,2022-04-01,2023-03-31,2023-04-01,365,365,10,0.184829986843252,0.00018482998684325201,10.0,sample_ridge,,131.4420895176278,6.963855687964636,131.44206686377055,0.04009824288934678,6.96385561832608e-09,-0.8037839719825717,0.11581888776947913,True,0,standard single-linkage HRP; raw weights feasible,0,1,0.46510487350095037,-0.25424024219393726,0.6819859774958357,-0.37279394383954134,0.0,0.0,0.053183514424540244,0.18248685633455505,1.0,0.11331154494619833,0.025727521137206465,1.1022345289577202,0.11022345289577203,10.0,0.2319643645809235,0.43482923479707547,False,0.0,0.18248685633455505,0.11331154494619833,1.0,TRX-USD|EOS-USD|LTC-USD|ADA-USD|XLM-USD|XRP-USD|ETC-USD|BCH-USD|BTC-USD|ETH-USD,,,,
crypto_hierarchical_risk_parity,Crypto Hierarchical Risk Parity,crypto,hierarchical_risk_parity,monthly,29,2023-05-01,2022-05-01,2023-04-30,2023-05-01,365,365,10,0.02348791378472966,2.348791378472966e-05,10.0,sample_ridge,,114.4844418335744,6.634363804324822,114.48442459971702,0.04368708907712679,6.634363737981185e-09,-0.5517931033643315,0.2857119958782919,True,0,standard single-linkage HRP; raw weights feasible,0,1,0.43768483601464375,-0.032853848530042945,0.6615775359053871,-0.04965986108503752,0.0,0.0,0.05325053383710172,0.1906518811106383,1.0,0.11407966206361692,0.0243530076469084,1.105995243711633,0.1105995243711633,10.0,0.24107161334896435,0.4333624006022029,False,0.0,0.1906518811106383,0.11407966206361692,1.0,TRX-USD|EOS-USD|LTC-USD|ADA-USD|XLM-USD|XRP-USD|BCH-USD|ETC-USD|BTC-USD|ETH-USD,,,,
crypto_hierarchical_risk_parity,Crypto Hierarchical Risk Parity,crypto,hierarchical_risk_parity,monthly,30,2023-06-01,2022-06-01,2023-05-31,2023-06-01,365,365,10,0.10092208336883923,0.00010092208336883924,10.0,sample_ridge,,99.4001359722176,5.526900040038822,99.4001226911665,0.04094914654577647,5.526899984769822e-09,-0.32595668828112256,0.5783871192737291,True,0,standard single-linkage HRP; raw weights feasible,0,1,0.32952517087870437,0.05550772851935341,0.5740428301779444,0.09669614461023207,1.1102230246251565e-16,0.0,0.056510426335329815,0.24766868865934022,0.9999999999999999,0.12749843929538446,0.028784963851914966,1.1746461220218707,0.11746461220218707,10.0,0.24651969649262562,0.4033057543189394,False,0.0,0.24766868865934022,0.12749843929538446,0.9999999999999999,TRX-USD|EOS-USD|LTC-USD|BCH-USD|XLM-USD|XRP-USD|ADA-USD|ETC-USD|BTC-USD|ETH-USD,,,,
crypto_hierarchical_risk_parity,Crypto Hierarchical Risk Parity,crypto,hierarchical_risk_parity,monthly,31,2023-07-01,2022-07-01,2023-06-30,2023-07-01,365,365,10,0.12073392416229618,0.00012073392416229618,10.0,sample_ridge,,96.26318964235213,5.451127536288891,96.26317654948589,0.03966219359692363,5.451127481777616e-09,-0.2370049478975843,1.4413092779143937,True,0,standard single-linkage HRP; projected to approved constraints,0,1,0.29714207889240896,0.45694088416757406,0.545107401245304,0.8382584480116899,0.0,0.0,0.05520144179972269,0.24999999999999997,1.0,0.12926294980733583,0.028258395130369485,1.204675261332634,0.12046752613326339,10.0,0.2614718387373113,0.39919584205319414,True,0.06113797654533882,0.28056898827266935,0.1404909048360196,1.0,TRX-USD|EOS-USD|BCH-USD|LTC-USD|XLM-USD|XRP-USD|ETC-USD|ADA-USD|BTC-USD|ETH-USD,,,,
crypto_hierarchical_risk_parity,Crypto Hierarchical Risk Parity,crypto,hierarchical_risk_parity,monthly,32,2023-08-01,2022-08-01,2023-07-31,2023-08-01,365,365,10,0.1677792448136706,0.0001677792448136706,10.0,sample_ridge,,109.185767974834,5.818749938626652,109.18574963293804,0.03432065693777525,5.818749880439153e-09,-0.3326159985864605,1.0469902024093432,True,0,standard single-linkage HRP; projected to approved constraints,0,1,0.2904080290149785,0.25999085613981254,0.5388951929781695,0.4824516149475928,0.0,0.0,0.04755232382346742,0.24999999999999997,1.0,0.1309079093542965,0.02997211839194637,1.2667572208090765,0.12667572208090766,10.0,0.23555567431857904,0.40772020556508903,True,0.08649129254538852,0.2932456462726942,0.1474011091357979,1.0000000000000002,TRX-USD|BCH-USD|EOS-USD|LTC-USD|XLM-USD|XRP-USD|ADA-USD|ETC-USD|BTC-USD|ETH-USD,,,,
crypto_hierarchical_risk_parity,Crypto Hierarchical Risk Parity,crypto,hierarchical_risk_parity,monthly,33,2023-09-01,2022-09-01,2023-08-31,2023-09-01,365,365,10,0.06461287574686235,6.461287574686235e-05,10.0,sample_ridge,,116.93933859068062,5.602586862120679,116.93931765756304,0.031030266290482788,5.602586806094812e-09,-0.5591571012424633,0.9088177671311785,True,0,standard single-linkage HRP; projected to approved constraints,0,1,0.2789945255623659,0.2156468514042233,0.5281993237049494,0.40826794304015995,0.0,0.0,0.042607501485543105,0.25,1.0,0.13061706334891163,0.030489741926453557,1.3044154262011716,0.13044154262011715,10.0,0.23491841923667572,0.4118175198450549,True,0.08975492231850916,0.2948774611592545,0.14781397986877462,0.9999999999999999,TRX-USD|BCH-USD|LTC-USD|EOS-USD|XLM-USD|XRP-USD|ETC-USD|ADA-USD|BTC-USD|ETH-USD,,,,
crypto_hierarchical_risk_parity,Crypto Hierarchical Risk Parity,crypto,hierarchical_risk_parity,monthly,34,2023-10-01,2022-10-01,2023-09-30,2023-10-01,365,365,10,0.06104536167317782,6.104536167317783e-05,10.0,sample_ridge,,138.340518056693,5.0728427798463915,138.34048869659242,0.023729715922736663,5.072842729117965e-09,-0.47628901162496573,0.9777661728635423,True,0,standard single-linkage HRP; projected to approved constraints,0,1,0.2523734817678943,0.2553262629063804,0.502367874936181,0.5082456017690544,2.220446049250313e-16,0.0,0.03145990614794774,0.25,1.0000000000000002,0.1317439315144473,0.03478572760533927,1.3991686646878518,0.13991686646878518,10.0,0.23353244306050083,0.406120496695518,True,0.08800334634894415,0.29400167317447207,0.1485633364263718,1.0000000000000002,TRX-USD|BCH-USD|LTC-USD|XLM-USD|XRP-USD|EOS-USD|ADA-USD|ETC-USD|BTC-USD|ETH-USD,,,,
crypto_hierarchical_risk_parity,Crypto Hierarchical Risk Parity,crypto,hierarchical_risk_parity,monthly,35,2023-11-01,2022-11-01,2023-10-31,2023-11-01,365,365,10,0.027682643024999502,2.7682643024999502e-05,10.0,sample_ridge,,134.18717726695678,5.019951112948667,134.1871496741781,0.024230728062372024,5.0199510627491575e-09,-0.36438488301588806,1.069826945853484,True,0,standard single-linkage HRP; projected to approved constraints,0,1,0.25176149947880055,0.346859795266954,0.501758407481928,0.6912884569441857,1.1102230246251565e-16,0.0,0.0313948826964192,0.25,0.9999999999999999,0.13151555564118705,0.03521266428711754,1.396905299586332,0.1396905299586332,10.0,0.2359625940421109,0.4018498626421772,True,0.08797410020528439,0.2939870501026423,0.14832843354670988,1.0,TRX-USD|BCH-USD|LTC-USD|XLM-USD|XRP-USD|EOS-USD|ADA-USD|ETC-USD|BTC-USD|ETH-USD,,,,
crypto_hierarchical_risk_parity,Crypto Hierarchical Risk Parity,crypto,hierarchical_risk_parity,monthly,36,2023-12-01,2022-12-01,2023-11-30,2023-12-01,365,365,10,0.053324570236426776,5.3324570236426776e-05,10.0,sample_ridge,,107.9915874776335,4.332318149022272,107.99156825748497,0.024116441477778753,4.332318105699092e-09,-0.1409069994332398,0.9513519955667086,True,0,standard single-linkage HRP; projected to approved constraints,0,1,0.19953623285731759,0.5207444700516282,0.44669478713918026,1.165772435775875,0.0,0.0,0.031511095820484045,0.25,1.0,0.1307477981684933,0.03497711930129107,1.4971234381190166,0.14971234381190165,10.0,0.24619777552284203,0.44075105342976867,True,0.03240910129623742,0.2662045506481187,0.13644206891088723,1.0,TRX-USD|BCH-USD|XLM-USD|XRP-USD|EOS-USD|LTC-USD|ADA-USD|ETC-USD|BTC-USD|ETH-USD,,,,
crypto_minimum_variance,Crypto Minimum Variance,crypto,minimum_variance,monthly,1,2021-01-01,2020-01-02,2020-12-31,2021-01-01,365,365,10,1.0,0.001,10.0,sample_ridge,,89.81395132717167,10.307079478607161,89.81394077727556,0.08676980717928766,1.0307079375536366e-08,0.5017098514163996,2.3211586001308238,True,0,Optimization terminated successfully,9,1,0.6698113639266745,1.443979442293418,0.8184200412542905,1.7643500519371575,0.0,0.0,0.0,0.25,1.0,0.1725998084490473,0.08055573931832818,1.2570671098591435,0.12570671098591435,,,,,,,,,,,,,
crypto_minimum_variance,Crypto Minimum Variance,crypto,minimum_variance,monthly,2,2021-02-01,2020-02-02,2021-01-31,2021-02-01,365,365,10,0.30623831783539956,0.00030623831783539956,10.0,sample_ridge,,75.33558530462105,12.03711434463415,75.3355773967912,0.11315189522377671,1.2037114224263008e-08,0.06005577032354803,2.5484846761287328,True,0,Optimization terminated successfully,9,1,0.6927823904628372,0.8456093636717427,0.832335503545798,1.0159477278926554,0.0,0.0,0.0,0.25,1.0,0.212274702763612,0.10497830102579112,1.4631254082542893,0.14631254082542894,,,,,,,,,,,,,
crypto_minimum_variance,Crypto Minimum Variance,crypto,minimum_variance,monthly,3,2021-03-01,2020-03-01,2021-02-28,2021-03-01,365,365,10,0.20214061723712795,0.00020214061723712796,10.0,sample_ridge,,74.05437041564282,13.053596059205589,74.05436241566781,0.11920315186455638,1.3053595928669631e-08,0.5370845914100594,4.161129473065568,True,0,Optimization terminated successfully,10,1,0.7478834574753117,1.6655175564968312,0.8648025540406965,1.9258934293323724,0.0,0.0,0.0,0.25,1.0,0.16596523103115232,0.07596132100301627,1.390009885017479,0.13900098850174789,,,,,,,,,,,,,
crypto_minimum_variance,Crypto Minimum Variance,crypto,minimum_variance,monthly,4,2021-04-01,2020-04-01,2021-03-31,2021-04-01,365,365,10,0.20217357267469116,0.00020217357267469116,10.0,sample_ridge,,51.29884461843315,11.004321151240948,51.2988402938384,0.12798994245661383,1.1004321041197737e-08,1.2105871238559645,4.389858023940388,True,0,Optimization terminated successfully,11,1,0.5238384176220644,2.4273670743805273,0.7237668254500648,3.3537970918618734,1.1102230246251565e-16,0.0,0.0,0.24999999999999983,0.9999999999999999,0.16634394262962424,0.0754448177953642,1.6022791782838612,0.16022791782838613,,,,,,,,,,,,,
crypto_minimum_variance,Crypto Minimum Variance,crypto,minimum_variance,monthly,5,2021-05-01,2020-05-01,2021-04-30,2021-05-01,365,365,10,0.22932789084350294,0.00022932789084350295,10.0,sample_ridge,,55.47690831977861,12.562471745666796,55.47690315110366,0.1324062012572471,1.2562471620042082e-08,1.3389530736193875,4.061644910746317,True,0,Optimization terminated successfully,8,1,0.5482802757964805,2.6177378403318756,0.7404595031441493,3.535288330038849,1.1102230246251565e-16,0.0,6.8575787409708155e-18,0.25,0.9999999999999999,0.1827564072036169,0.08595187111459436,1.8255154785765573,0.18255154785765573,,,,,,,,,,,,,
crypto_minimum_variance,Crypto Minimum Variance,crypto,minimum_variance,monthly,6,2021-06-01,2020-06-01,2021-05-31,2021-06-01,365,365,10,0.28475066502446517,0.0002847506650244652,10.0,sample_ridge,,72.75683473955232,17.227374545736026,72.75682647962479,0.14966013414556043,1.722737437346228e-08,1.6344977660684372,4.027006627045755,True,0,Optimization terminated successfully,8,1,0.7756497647180195,2.55331522348393,0.880709807324762,2.8991561150430045,0.0,0.0,0.0,0.24999999999999994,1.0,0.1975069970697901,0.09548042270429892,1.6837934082143793,0.16837934082143793,,,,,,,,,,,,,
crypto_minimum_variance,Crypto Minimum Variance,crypto,minimum_variance,monthly,7,2021-07-01,2020-07-01,2021-06-30,2021-07-01,365,365,10,0.053589357464781225,5.358935746478122e-05,10.0,sample_ridge,,70.2032786348063,18.176576460737515,70.20327110789776,0.16711757154437604,1.8176576278971752e-08,1.6099765563400221,3.707606194316678,True,0,Optimization terminated successfully,6,1,0.8374993162411051,2.4296605128485655,0.9151498873086884,2.654931772973075,1.1102230246251565e-16,0.0,0.0,0.25,0.9999999999999999,0.20600094900359214,0.10089395318838797,1.7207654558723462,0.17207654558723462,,,,,,,,,,,,,
crypto_minimum_variance,Crypto Minimum Variance,crypto,minimum_variance,monthly,8,2021-08-01,2020-08-01,2021-07-31,2021-08-01,365,365,10,0.045931551591709356,4.593155159170936e-05,10.0,sample_ridge,,70.76295866669705,18.24476651914211,70.76295106941735,0.1675348191952297,1.8244766336694446e-08,1.3485258758858145,3.110042374149922,True,0,Optimization terminated successfully,5,1,0.8520032509968357,2.164689447122008,0.9230402217654633,2.345173477902935,0.0,0.0,0.0,0.25,1.0,0.20612210704024378,0.10109507931431778,1.738165759547023,0.1738165759547023,,,,,,,,,,,,,
crypto_minimum_variance,Crypto Minimum Variance,crypto,minimum_variance,monthly,9,2021-09-01,2020-09-01,2021-08-31,2021-09-01,365,365,10,0.10992749324871937,0.00010992749324871937,10.0,sample_ridge,,73.26728127102426,18.505071238487623,73.26727316661785,0.1650103802827729,1.8505071053436915e-08,1.515952508322425,4.022120776322449,True,0,Optimization terminated successfully,5,1,0.8575516840402909,2.296196463359465,0.9260408652107589,2.479584378640645,2.220446049250313e-16,0.0,0.0,0.25,1.0000000000000002,0.21272140826402752,0.10500811855929969,1.78942077875616,0.178942077875616,,,,,,,,,,,,,
crypto_minimum_variance,Crypto Minimum Variance,crypto,minimum_variance,monthly,10,2021-10-01,2020-10-01,2021-09-30,2021-10-01,365,365,10,0.06382259829329107,6.382259829329106e-05,10.0,sample_ridge,,73.57058882514198,18.79433778168706,73.57058081973744,0.1703744187920559,1.879433759374368e-08,1.527302557636806,3.926079204576511,True,0,Optimization terminated successfully,5,1,0.8899117068615469,2.4227735445214553,0.9433513167752229,2.5682622173078937,1.1102230246251565e-16,0.0,0.0,0.25,0.9999999999999999,0.2092654599946251,0.10265973006886624,1.7395651975400015,0.17395651975400014,,,,,,,,,,,,,
crypto_minimum_variance,Crypto Minimum Variance,crypto,minimum_variance,monthly,11,2021-11-01,2020-11-01,2021-10-31,2021-11-01,365,365,10,0.0672839786160592,6.72839786160592e-05,10.0,sample_ridge,,71.81864563406981,19.04437463514134,71.81863804773873,0.1777798502964555,1.9044374444697596e-08,1.7333005404828021,3.935855325204024,True,0,Optimization terminated successfully,4,1,0.9044698812149704,2.576638223843378,0.9510362144602961,2.709295592182676,0.0,0.0,0.0,0.24999999999999997,1.0,0.2094775781051243,0.10276920340759285,1.736383948880675,0.17363839488806748,,,,,,,,,,,,,
crypto_minimum_variance,Crypto Minimum Variance,crypto,minimum_variance,monthly,12,2021-12-01,2020-12-01,2021-11-30,2021-12-01,365,365,10,0.08136529089016892,8.136529089016892e-05,10.0,sample_ridge,,70.55614914789201,17.997252383018985,70.55614188438821,0.17234376114406022,1.7997252203046466e-08,1.3146231034194442,3.122853656507479,True,0,Optimization terminated successfully,6,1,0.887242518056307,2.128384068710741,0.9419355169311258,2.2595857470637966,0.0,0.0,0.0,0.25,1.0,0.2043746032556854,0.09952455437030103,1.6604455095885524,0.16604455095885523,,,,,,,,,,,,,
crypto_minimum_variance,Crypto Minimum Variance,crypto,minimum_variance,monthly,13,2022-01-01,2021-01-01,2021-12-31,2022-01-01,365,365,10,0.039579250715758074,3.957925071575807e-05,10.0,sample_ridge,,72.39242900802797,17.27330101013917,72.3924214120708,0.16234726937548052,1.7273300837406165e-08,0.7900713622483729,2.9288592735790466,True,0,Optimization terminated successfully,6,1,0.8747643208442654,1.7471841614649322,0.9352883624018131,1.8680700324103008,2.220446049250313e-16,0.0,0.0,0.24999999999999986,1.0000000000000002,0.19687109348003667,0.09484305788199984,1.5670067512460764,0.15670067512460764,,,,,,,,,,,,,
crypto_minimum_variance,Crypto Minimum Variance,crypto,minimum_variance,monthly,14,2022-02-01,2021-02-01,2022-01-31,2022-02-01,365,365,10,0.1723515565774589,0.0001723515565774589,10.0,sample_ridge,,79.5844095795959,15.19484365491244,79.58440088892253,0.13739761556383473,1.5194843502964006e-08,0.228404468262425,2.3355318524584225,True,0,Optimization terminated successfully,7,1,0.7937773219035029,0.9315499790972744,0.8909418173503267,1.0455789154309951,0.0,0.0,0.0,0.24999999999999994,1.0,0.1941582034360303,0.09245476964927082,1.5689614008801944,0.15689614008801944,,,,,,,,,,,,,
crypto_minimum_variance,Crypto Minimum Variance,crypto,minimum_variance,monthly,15,2022-03-01,2021-03-01,2022-02-28,2022-03-01,365,365,10,0.08507106508594807,8.507106508594808e-05,10.0,sample_ridge,,87.02164130770612,14.128382893230137,87.02163127414079,0.12112809734858698,1.4128382751946311e-08,-0.11156085519844017,2.0724468445062976,True,0,Optimization terminated successfully,7,1,0.7711435604114282,0.5412706721551663,0.8781478010058604,0.6163776434162637,2.220446049250313e-16,0.0,0.0,0.25,0.9999999999999998,0.20185403212637695,0.09787385168245277,1.5273299623281276,0.15273299623281275,,,,,,,,,,,,,
crypto_minimum_variance,Crypto Minimum Variance,crypto,minimum_variance,monthly,16,2022-04-01,2021-04-01,2022-03-31,2022-04-01,365,365,10,0.10545547495142277,0.00010545547495142277,10.0,sample_ridge,,88.56970653339674,13.775940315329713,88.56969625858278,0.11740894105958108,1.3775940177570309e-08,0.013983181025180258,2.2375922244923276,True,0,Optimization terminated successfully,7,1,0.7499825654575267,0.45132014877890964,0.8660153378881501,0.5211456761025631,2.220446049250313e-16,0.0,0.0,0.25,1.0000000000000002,0.21953978443348268,0.10845143992840602,1.5415348185702658,0.15415348185702657,,,,,,,,,,,,,
crypto_minimum_variance,Crypto Minimum Variance,crypto,minimum_variance,monthly,17,2022-05-01,2021-05-01,2022-04-30,2022-05-01,365,365,10,0.09186566503180875,9.186566503180874e-05,10.0,sample_ridge,,91.69323426918804,12.133849289500647,91.69322369832706,0.10410297044292824,1.2133849168162154e-08,-0.6263076640328578,0.5920204615802523,True,0,Optimization terminated successfully,5,1,0.7014907355690919,-0.0832146852388827,0.8375504376269478,-0.09935483464692217,0.0,0.0,0.0,0.25,1.0,0.22048164836346423,0.10870512163900646,1.4489235442539932,0.14489235442539933,,,,,,,,,,,,,
crypto_minimum_variance,Crypto Minimum Variance,crypto,minimum_variance,monthly,18,2022-06-01,2021-06-01,2022-05-31,2022-06-01,365,365,10,0.33652522317824596,0.00033652522317824597,10.0,sample_ridge,,106.49156473650538,8.248953824074619,106.49155068112245,0.06191187007304286,8.248953741585081e-09,-1.0786584425585104,0.4837732700368159,True,0,Optimization terminated successfully,5,1,0.5319376825669317,-0.08049298540072293,0.7293405806390673,-0.11036405698170926,6.661338147750939e-16,0.0,0.0,0.25,1.0000000000000007,0.24999999999999992,0.12315256889865359,1.365967372077357,0.1365967372077357,,,,,,,,,,,,,
crypto_minimum_variance,Crypto Minimum Variance,crypto,minimum_variance,monthly,19,2022-07-01,2021-07-01,2022-06-30,2022-07-01,365,365,10,0.11082360093000958,0.00011082360093000958,10.0,sample_ridge,,108.6950897456328,7.9239962305765665,108.69507491751155,0.0575511531658567,7.923996151336606e-09,-1.2801539154201342,0.3150518664621398,True,0,Optimization terminated successfully,11,1,0.515906883365189,-0.42397670379945435,0.7182665823809353,-0.5902776409199513,1.1102230246251565e-16,0.0,0.0,0.25,0.9999999999999999,0.22020872317650728,0.10853283805299951,1.353671514043029,0.13536715140430292,,,,,,,,,,,,,
crypto_minimum_variance,Crypto Minimum Variance,crypto,minimum_variance,monthly,20,2022-08-01,2021-08-01,2022-07-31,2022-08-01,365,365,10,0.16913183501333015,0.00016913183501333015,10.0,sample_ridge,,110.22335935631665,8.354955605408627,110.22334391358189,0.05909292134978183,8.354955521859072e-09,-0.9769138015002934,0.4333954992532194,True,0,Optimization terminated successfully,9,1,0.5260571919192965,-0.21878675264941125,0.7252980021475975,-0.30165084144942717,0.0,0.0,0.0,0.25,1.0,0.19292574623624384,0.0923582385403022,1.3318987823953252,0.13318987823953252,,,,,,,,,,,,,
crypto_minimum_variance,Crypto Minimum Variance,crypto,minimum_variance,monthly,21,2022-09-01,2021-09-01,2022-08-31,2022-09-01,365,365,10,0.1892178357550725,0.0001892178357550725,10.0,sample_ridge,,107.16128977438619,8.03168601066376,107.16127513535154,0.05824524355769105,8.031685930346902e-09,-1.361594014597837,0.006250885117470517,True,0,Optimization terminated successfully,9,1,0.4956635631761514,-0.6284468614397367,0.7040337798544551,-0.892637369714924,0.0,0.0,0.0,0.24999999999999997,1.0,0.21133134927303282,0.10329192768477401,1.4107092384006863,0.14107092384006864,,,,,,,,,,,,,
crypto_minimum_variance,Crypto Minimum Variance,crypto,minimum_variance,monthly,22,2022-10-01,2021-10-01,2022-09-30,2022-10-01,365,365,10,0.14407531560181652,0.00014407531560181654,10.0,sample_ridge,,95.37972847495229,7.646601914636586,95.37971661041927,0.06082702120291618,7.646601838170566e-09,-1.14229358100699,0.08712502317146564,True,0,Optimization terminated successfully,9,1,0.4431084413393697,-0.44275120900641285,0.6656639101974582,-0.6651272544955578,0.0,0.0,1.0550642390999565e-17,0.24999999999999997,1.0,0.1985297612935346,0.09471287627181976,1.4266055736359835,0.14266055736359834,,,,,,,,,,,,,
crypto_minimum_variance,Crypto Minimum Variance,crypto,minimum_variance,monthly,23,2022-11-01,2021-11-01,2022-10-31,2022-11-01,365,365,10,0.09638813485503742,9.638813485503741e-05,10.0,sample_ridge,,107.23172559809127,7.385692995669812,107.23171052418755,0.05204988184558712,7.385692921812883e-09,-1.2818155021959377,-0.19249057113465196,True,0,Optimization terminated successfully,11,1,0.41600375541259754,-0.690354725777502,0.6449835311173437,-1.0703447335803429,2.220446049250313e-16,0.0,0.0,0.25,1.0000000000000002,0.21092209825685954,0.10238209928860847,1.503338799516897,0.1503338799516897,,,,,,,,,,,,,
crypto_minimum_variance,Crypto Minimum Variance,crypto,minimum_variance,monthly,24,2022-12-01,2021-12-01,2022-11-30,2022-12-01,365,365,10,0.1119418151498964,0.0001119418151498964,10.0,sample_ridge,,124.10985848739648,7.813904553533118,124.1098386417749,0.04847258978209941,7.813904475394072e-09,-1.246741325256994,-0.2122122406342102,True,0,Optimization terminated successfully,8,1,0.442574562438046,-0.8240739026621079,0.6652627769821832,-1.2387193920578814,2.220446049250313e-16,0.0,0.0,0.25,1.0000000000000002,0.2219226094637913,0.10875300507565137,1.4570904930948654,0.14570904930948653,,,,,,,,,,,,,
crypto_minimum_variance,Crypto Minimum Variance,crypto,minimum_variance,monthly,25,2023-01-01,2022-01-01,2022-12-31,2023-01-01,365,365,10,0.05468052382682121,5.468052382682121e-05,10.0,sample_ridge,,127.02537016969998,7.392484266815141,127.02534930632169,0.044654348149656645,7.392484192890299e-09,-1.248978605810294,-0.09350913596788747,True,0,Optimization terminated successfully,8,1,0.4127049328484547,-0.7038601853527615,0.6424211491291789,-1.0956366961250654,0.0,0.0,1.745565497701662e-17,0.24999999999999994,1.0,0.21597114533775136,0.10475195510512916,1.4606611766705373,0.14606611766705374,,,,,,,,,,,,,
crypto_minimum_variance,Crypto Minimum Variance,crypto,minimum_variance,monthly,26,2023-02-01,2022-02-01,2023-01-31,2023-02-01,365,365,10,0.04824201870900095,4.824201870900095e-05,10.0,sample_ridge,,127.82233875649337,7.245378438119071,127.82231751649053,0.04326156847867566,7.2453783656652874e-09,-0.5965295926929296,0.4946320666884034,True,0,Optimization terminated successfully,8,1,0.3976928712471047,-0.18648118402786026,0.630628948944706,-0.2957066660829918,2.220446049250313e-16,0.0,9.812029660993815e-18,0.25,1.0000000000000002,0.21248329370182117,0.10239605908001126,1.4700591894526138,0.14700591894526138,,,,,,,,,,,,,
crypto_minimum_variance,Crypto Minimum Variance,crypto,minimum_variance,monthly,27,2023-03-01,2022-03-01,2023-02-28,2023-03-01,365,365,10,0.08086390981876157,8.086390981876158e-05,10.0,sample_ridge,,133.50767542190056,6.866305764831696,133.5076521356724,0.03907194440676142,6.86630569616864e-09,-0.6185645624590409,0.32657470449165027,True,0,Optimization terminated successfully,9,1,0.36761626865054475,-0.26225382072145365,0.6063136718321176,-0.43253819418089784,0.0,0.0,0.0,0.25,1.0,0.21277240167110573,0.10292536075825415,1.5273886066123155,0.15273886066123155,,,,,,,,,,,,,
crypto_minimum_variance,Crypto Minimum Variance,crypto,minimum_variance,monthly,28,2023-04-01,2022-04-01,2023-03-31,2023-04-01,365,365,10,0.11656669772576742,0.00011656669772576742,10.0,sample_ridge,,131.4420895176278,6.963855687964636,131.44206686377055,0.04009824288934678,6.96385561832608e-09,-0.8037839719825717,0.11581888776947913,True,0,Optimization terminated successfully,8,1,0.38200468211156596,-0.24902919621165315,0.6180652733421981,-0.4029173081752736,2.220446049250313e-16,0.0,0.0,0.24999999999999997,1.0000000000000002,0.2105159144059569,0.10131025844297223,1.4844728177717668,0.14844728177717667,,,,,,,,,,,,,
crypto_minimum_variance,Crypto Minimum Variance,crypto,minimum_variance,monthly,29,2023-05-01,2022-05-01,2023-04-30,2023-05-01,365,365,10,0.06158470187848276,6.158470187848275e-05,10.0,sample_ridge,,114.4844418335744,6.634363804324822,114.48442459971702,0.04368708907712679,6.634363737981185e-09,-0.5517931033643315,0.2857119958782919,True,0,Optimization terminated successfully,9,1,0.3614251647337869,-0.09322376788695544,0.60118646419708,-0.15506631209912766,2.220446049250313e-16,0.0,0.0,0.25,1.0000000000000002,0.21542805507984336,0.10420509279826248,1.5133404904869836,0.15133404904869835,,,,,,,,,,,,,
crypto_minimum_variance,Crypto Minimum Variance,crypto,minimum_variance,monthly,30,2023-06-01,2022-06-01,2023-05-31,2023-06-01,365,365,10,0.09114484457163723,9.114484457163723e-05,10.0,sample_ridge,,99.4001359722176,5.526900040038822,99.4001226911665,0.04094914654577647,5.526899984769822e-09,-0.32595668828112256,0.5783871192737291,True,0,Optimization terminated successfully,8,1,0.28132119866924665,-0.058729622151514296,0.5303972083912646,-0.11072762303867652,1.1102230246251565e-16,0.0,0.0,0.25,0.9999999999999999,0.2050466803753167,0.09750131644039012,1.5312772070493827,0.15312772070493827,,,,,,,,,,,,,
crypto_minimum_variance,Crypto Minimum Variance,crypto,minimum_variance,monthly,31,2023-07-01,2022-07-01,2023-06-30,2023-07-01,365,365,10,0.20974670914451282,0.00020974670914451283,10.0,sample_ridge,,96.26318964235213,5.451127536288891,96.26317654948589,0.03966219359692363,5.451127481777616e-09,-0.2370049478975843,1.4413092779143937,True,0,Optimization terminated successfully,11,1,0.24811501149140577,0.35454674421717663,0.4981114448508544,0.711781967433685,2.220446049250313e-16,0.0,0.0,0.25,1.0000000000000002,0.20869447016036818,0.0992488143145137,1.7040736020617675,0.17040736020617675,,,,,,,,,,,,,
crypto_minimum_variance,Crypto Minimum Variance,crypto,minimum_variance,monthly,32,2023-08-01,2022-08-01,2023-07-31,2023-08-01,365,365,10,0.4034805137940495,0.00040348051379404947,10.0,sample_ridge,,109.185767974834,5.818749938626652,109.18574963293804,0.03432065693777525,5.818749880439153e-09,-0.3326159985864605,1.0469902024093432,True,0,Optimization terminated successfully,11,1,0.252634324261795,0.3566313533995881,0.5026274209210984,0.7095342167087448,1.1102230246251565e-16,0.0,0.0,0.25,0.9999999999999999,0.2045353861861116,0.09786468201839223,1.7258173240351546,0.17258173240351546,,,,,,,,,,,,,
crypto_minimum_variance,Crypto Minimum Variance,crypto,minimum_variance,monthly,33,2023-09-01,2022-09-01,2023-08-31,2023-09-01,365,365,10,0.09153941293568986,9.153941293568987e-05,10.0,sample_ridge,,116.93933859068062,5.602586862120679,116.93931765756304,0.031030266290482788,5.602586806094812e-09,-0.5591571012424633,0.9088177671311785,True,0,Optimization terminated successfully,10,1,0.23658330914000147,0.260845550790146,0.48639830297812664,0.5362797304041503,0.0,0.0,1.8251945733068997e-17,0.25,1.0,0.20765274390201652,0.09879230602765851,1.9128268154135482,0.1912826815413548,,,,,,,,,,,,,
crypto_minimum_variance,Crypto Minimum Variance,crypto,minimum_variance,monthly,34,2023-10-01,2022-10-01,2023-09-30,2023-10-01,365,365,10,0.12110635451843633,0.00012110635451843634,10.0,sample_ridge,,138.340518056693,5.0728427798463915,138.34048869659242,0.023729715922736663,5.072842729117965e-09,-0.47628901162496573,0.9777661728635423,True,0,Optimization terminated successfully,10,1,0.21542854418772897,0.31188037756295317,0.4641428058127466,0.6719491795565564,1.1102230246251565e-16,0.0,0.0,0.25,0.9999999999999999,0.2076333568055749,0.09834292499410408,1.8996003069025047,0.18996003069025047,,,,,,,,,,,,,
crypto_minimum_variance,Crypto Minimum Variance,crypto,minimum_variance,monthly,35,2023-11-01,2022-11-01,2023-10-31,2023-11-01,365,365,10,0.0689719656836374,6.897196568363741e-05,10.0,sample_ridge,,134.18717726695678,5.019951112948667,134.1871496741781,0.024230728062372024,5.0199510627491575e-09,-0.36438488301588806,1.069826945853484,True,0,Optimization terminated successfully,11,1,0.21508928891966778,0.3690460662004771,0.46377719749861335,0.7957399979794835,0.0,0.0,0.0,0.25,1.0,0.20934678432438106,0.09962500741080584,1.9594926297700122,0.19594926297700122,,,,,,,,,,,,,
crypto_minimum_variance,Crypto Minimum Variance,crypto,minimum_variance,monthly,36,2023-12-01,2022-12-01,2023-11-30,2023-12-01,365,365,10,0.08462924581009679,8.462924581009678e-05,10.0,sample_ridge,,107.9915874776335,4.332318149022272,107.99156825748497,0.024116441477778753,4.332318105699092e-09,-0.1409069994332398,0.9513519955667086,True,0,Optimization terminated successfully,13,1,0.16829202066770838,0.6186698992502028,0.410234104710601,1.5080898739188018,2.220446049250313e-16,0.0,0.0,0.25,1.0000000000000002,0.20204771113219097,0.09222897121313764,2.1591210484690575,0.21591210484690576,,,,,,,,,,,,,
equity_conditional_value_at_risk,Equity Minimum CVaR,equity,conditional_value_at_risk,monthly,1,2021-01-04,2020-01-03,2020-12-31,2021-01-04,252,252,50,1.0,0.001,10.0,sample_ridge,,708.2402856669532,13.184233797269265,708.2401086386429,0.010534384267484587,2.6368467330853855e-09,-0.3492732395247833,0.9488143251997084,True,0,Optimization terminated successfully. (HiGHS Status 7: Optimal),0,1,0.03730048651847522,0.235153875271,0.25829782610334406,0.9103981973774559,2.220446049250313e-16,0.0,0.0,0.1,0.0,0.08892640390670817,0.037430153135786674,3.5391605898034624,0.07078321179606925,,,,,,,,,,0.95,0.020655948387113782,0.03730048651847522,15.0
equity_conditional_value_at_risk,Equity Minimum CVaR,equity,conditional_value_at_risk,monthly,2,2021-02-01,2020-01-31,2021-01-29,2021-02-01,252,252,50,0.02535224667960358,2.535224667960358e-05,10.0,sample_ridge,,661.1468383883391,13.465257787911993,661.1466828998957,0.011433707958087692,2.693051530651883e-09,-0.23740683868214907,0.9237121823064337,True,0,Optimization terminated successfully. (HiGHS Status 7: Optimal),0,1,0.03730048651847519,0.2528683178987242,0.25923272849179024,0.9754490467693103,6.661338147750939e-16,0.0,0.0,0.1,0.0,0.08892640390670828,0.03741893673341358,3.665438370973777,0.07330876741947553,,,,,,,,,,0.95,0.020655948387113824,0.03730048651847519,15.0
equity_conditional_value_at_risk,Equity Minimum CVaR,equity,conditional_value_at_risk,monthly,3,2021-03-01,2020-02-28,2021-02-26,2021-03-01,252,252,50,0.1938492102273443,0.0001938492102273443,10.0,sample_ridge,,663.0317180134332,13.324354398206259,663.0315596849582,0.011142841022490756,2.664870852992543e-09,-0.09602128620994455,0.9459226944620321,True,0,Optimization terminated successfully. (HiGHS Status 7: Optimal),0,1,0.03569863946156674,0.2775638695636725,0.24800922102320766,1.1191675390879892,0.0,0.0,0.0,0.1,0.0,0.0939966873904226,0.03830680049821062,3.5816366559146746,0.07163273311829349,,,,,,,,,,0.95,0.0187170761176993,0.03569863946156674,14.0
equity_conditional_value_at_risk,Equity Minimum CVaR,equity,conditional_value_at_risk,monthly,4,2021-04-01,2020-04-01,2021-03-31,2021-04-01,252,252,50,0.41545922319154754,0.00041545922319154757,10.0,sample_ridge,,384.10656775882444,7.651657660345755,384.1065013271364,0.008825307107527342,1.530331516765836e-09,-0.060127039234835644,1.226556819766659,True,0,Optimization terminated successfully. (HiGHS Status 7: Optimal),0,1,0.018777394198090446,0.32315663041546566,0.1521818219776551,2.1234903500032667,1.1102230246251565e-15,0.0,0.0,0.1,0.0,0.08432518100699657,0.03570083631932406,4.814389662458913,0.09628779324917826,,,,,,,,,,0.95,0.01350024689602864,0.018777394198090446,17.0
equity_conditional_value_at_risk,Equity Minimum CVaR,equity,conditional_value_at_risk,monthly,5,2021-05-03,2020-05-01,2021-04-30,2021-05-03,252,252,50,0.1839989762089651,0.00018399897620896511,10.0,sample_ridge,,349.6342331587705,6.276780580370753,349.63417521830985,0.007553618062301135,1.2553561035205896e-09,-0.2081438801394524,0.8493961050735777,True,0,Optimization terminated successfully. (HiGHS Status 7: Optimal),0,1,0.016075021497559093,0.2661918146335335,0.12621563349382278,2.1090241142477915,3.3306690738754696e-16,0.0,0.0,0.1,0.0,0.08503835138881904,0.03656403364819417,6.961485314825763,0.13922970629651527,,,,,,,,,,0.95,0.011998309224479718,0.016075021497559093,18.0
equity_conditional_value_at_risk,Equity Minimum CVaR,equity,conditional_value_at_risk,monthly,6,2021-06-01,2020-06-01,2021-05-28,2021-06-01,252,252,50,0.2894152534078345,0.00028941525340783454,10.0,sample_ridge,,338.3569609822227,5.719485651015339,338.35690348588344,0.00671176042847194,1.1438971187640966e-09,-0.09446757920356907,1.0236878148723123,True,0,Optimization terminated successfully. (HiGHS Status 7: Optimal),0,1,0.016054991236516967,0.2013133205535649,0.12380914857502333,1.6259971324459694,1.2212453270876722e-15,0.0,0.0,0.1,0.0,0.08947434340571223,0.03836902124949536,7.622546771443615,0.15245093542887228,,,,,,,,,,0.95,0.010299709551161343,0.016054991236516967,16.0
equity_conditional_value_at_risk,Equity Minimum CVaR,equity,conditional_value_at_risk,monthly,7,2021-07-01,2020-07-01,2021-06-30,2021-07-01,252,252,50,0.18770635119761242,0.00018770635119761244,10.0,sample_ridge,,284.1973126090397,4.93436282698919,284.1972655923129,0.005944260101287084,9.868725555291125e-10,-0.04517062980827402,0.9353134194385742,True,0,Optimization terminated successfully. (HiGHS Status 7: Optimal),0,1,0.012649116492031365,0.25030485527323143,0.11038879907904633,2.267484177393715,0.0,0.0,0.0,0.1,0.0,0.0831675633977689,0.036314648116434325,8.435155195118108,0.16870310390236218,,,,,,,,,,0.95,0.010057839754453372,0.012649116492031365,19.0
equity_conditional_value_at_risk,Equity Minimum CVaR,equity,conditional_value_at_risk,monthly,8,2021-08-02,2020-07-31,2021-07-30,2021-08-02,252,252,50,0.11675716282222395,0.00011675716282222396,10.0,sample_ridge,,291.6771564436472,4.644660133462096,291.6771084447581,0.005625532674701469,9.289320174030991e-10,-0.03111480254552568,0.9864628459904821,True,0,Optimization terminated successfully. (HiGHS Status 7: Optimal),0,1,0.012676707839415942,0.25652123949995215,0.10923289222042872,2.3483882398929796,1.1102230246251565e-16,0.0,0.0,0.1,0.0,0.07805332933907891,0.035040266731766655,8.04118777508317,0.1608237555016634,,,,,,,,,,0.95,0.010242021019997612,0.012676707839415942,19.0
equity_conditional_value_at_risk,Equity Minimum CVaR,equity,conditional_value_at_risk,monthly,9,2021-09-01,2020-09-01,2021-08-31,2021-09-01,252,252,50,0.11345340245411412,0.00011345340245411411,10.0,sample_ridge,,314.3405463864097,4.51621493339901,314.3404924254211,0.005244949261080728,9.032429776473723e-10,-0.07863987065770972,1.0546679801982481,True,0,Optimization terminated successfully. (HiGHS Status 7: Optimal),0,1,0.012683739535418103,0.25335555492142675,0.10931264894409505,2.317714897303408,0.0,0.0,0.0,0.1,0.0,0.07604826191023328,0.03453170548073624,8.215479053356653,0.16430958106713306,,,,,,,,,,0.95,0.010090103983981595,0.012683739535418103,20.0
equity_conditional_value_at_risk,Equity Minimum CVaR,equity,conditional_value_at_risk,monthly,10,2021-10-01,2020-10-01,2021-09-30,2021-10-01,252,252,50,0.23741874672307645,0.00023741874672307645,10.0,sample_ridge,,344.88471341317165,4.295516232029762,344.8846496829951,0.004635676280579153,8.591032378149199e-10,-0.12416434745014902,1.315533795988761,True,0,Optimization terminated successfully. (HiGHS Status 7: Optimal),0,1,0.011725746554835749,0.18572084256493485,0.10669118442700296,1.7407327846472938,8.326672684688674e-15,0.0,0.0,0.1,0.0,0.0807232264230386,0.036669315625387146,9.01176968638404,0.1802353937276808,,,,,,,,,,0.95,0.009686278402120808,0.011725746554835749,18.0
equity_conditional_value_at_risk,Equity Minimum CVaR,equity,conditional_value_at_risk,monthly,11,2021-11-01,2020-10-30,2021-10-29,2021-11-01,252,252,50,0.22267319220688622,0.00022267319220688623,10.0,sample_ridge,,315.9019357927494,4.159227537977499,315.90188050678523,0.004738087880330207,8.318454992770447e-10,-0.03804484144889364,1.5250342431668675,True,0,Optimization terminated successfully. (HiGHS Status 7: Optimal),0,1,0.010641655791111097,0.2439083611261355,0.10301167456149928,2.3677739650812017,1.8540724511240114e-14,0.0,0.0,0.1,0.0,0.07996449539733863,0.036932592142788226,9.797563141375017,0.19595126282750033,,,,,,,,,,0.95,0.008839440841731676,0.010641655791111097,19.0
equity_conditional_value_at_risk,Equity Minimum CVaR,equity,conditional_value_at_risk,monthly,12,2021-12-01,2020-12-01,2021-11-30,2021-12-01,252,252,50,0.30888545019934366,0.0003088854501993437,10.0,sample_ridge,,268.85633914211076,3.7330974299977373,268.85629255670045,0.004292905375881567,7.466194785333525e-10,-0.17349452421536093,0.9785778184849881,True,0,Optimization terminated successfully. (HiGHS Status 7: Optimal),0,1,0.011541248414623029,0.16432174927174542,0.09923618487061238,1.6558652419577988,2.220446049250313e-16,0.0,0.0,0.1,0.0,0.08392559284375797,0.03790318418049019,9.19406642472099,0.1838813284944198,,,,,,,,,,0.95,0.009350465095489636,0.011541248414623029,19.0
equity_conditional_value_at_risk,Equity Minimum CVaR,equity,conditional_value_at_risk,monthly,13,2022-01-03,2021-01-04,2021-12-31,2022-01-03,252,252,50,0.15467576524483764,0.00015467576524483764,10.0,sample_ridge,,290.9337928824501,3.785003164708261,290.9337377595371,0.003981648493762912,7.570006253716459e-10,-0.12605950714046,0.914339693277029,True,0,Optimization terminated successfully. (HiGHS Status 7: Optimal),0,1,0.011615626086299338,0.20339328175832816,0.10015449851021345,2.030795269146964,0.0,0.0,0.0,0.1,0.0,0.07770548946755174,0.034218811783258155,8.147640609697843,0.16295281219395685,,,,,,,,,,0.95,0.009613400178572687,0.011615626086299338,19.0
equity_conditional_value_at_risk,Equity Minimum CVaR,equity,conditional_value_at_risk,monthly,14,2022-02-01,2021-02-02,2022-01-31,2022-02-01,252,252,50,0.35915109155202996,0.00035915109155202995,10.0,sample_ridge,,318.9719391236067,3.7798292049481974,318.9718688197157,0.0034190984143493523,7.559658334299811e-10,-0.15047290084382414,0.8728852544158702,True,0,Optimization terminated successfully. (HiGHS Status 7: Optimal),0,1,0.011150725181139631,0.18945993036385195,0.10176545467706521,1.8617312816522045,7.882583474838611e-15,0.0,0.0,0.1,0.0,0.07358070992744593,0.03365449661677012,7.2815130862486575,0.14563026172497315,,,,,,,,,,0.95,0.009602264244304281,0.011150725181139631,21.0
equity_conditional_value_at_risk,Equity Minimum CVaR,equity,conditional_value_at_risk,monthly,15,2022-03-01,2021-03-02,2022-02-28,2022-03-01,252,252,50,0.3191468944494366,0.00031914689444943663,10.0,sample_ridge,,276.3172326451961,3.8465221707918356,276.3171762647196,0.00375666859966663,7.693044264653227e-10,-0.2425927947907769,0.8761242453888961,True,0,Optimization terminated successfully. (HiGHS Status 7: Optimal),0,1,0.011223725737577973,0.12375437739368264,0.10180758298415296,1.2155713137099606,3.9968028886505635e-15,0.0,0.0,0.1,0.0,0.07623214242798403,0.033849430931830723,8.143248396420026,0.16286496792840052,,,,,,,,,,0.95,0.009291878006306297,0.011223725737577973,20.0
equity_conditional_value_at_risk,Equity Minimum CVaR,equity,conditional_value_at_risk,monthly,16,2022-04-01,2021-04-05,2022-03-31,2022-04-01,252,252,50,0.3409167133969886,0.0003409167133969886,10.0,sample_ridge,,311.3353481532465,4.024441658350308,311.33527755599476,0.0035381730788798024,8.048883236211783e-10,-0.28945013253051877,0.8913328012218693,True,0,Optimization terminated successfully. (HiGHS Status 7: Optimal),0,1,0.01126408416861528,0.07604052179997836,0.10264245574589446,0.7408291359301373,6.772360450213455e-15,0.0,0.0,0.1,0.0,0.07769654015368548,0.03636120636473809,8.705027250453284,0.1741005450090657,,,,,,,,,,0.95,0.009998471903308687,0.01126408416861528,21.0
equity_conditional_value_at_risk,Equity Minimum CVaR,equity,conditional_value_at_risk,monthly,17,2022-05-02,2021-05-03,2022-04-29,2022-05-02,252,252,50,0.2103565829211166,0.00021035658292111663,10.0,sample_ridge,,314.1962107016673,4.284996708228052,314.19614183547003,0.003897542654991327,8.569993330756168e-10,-0.4753197972276958,0.9388799704010586,True,0,Optimization terminated successfully. (HiGHS Status 7: Optimal),0,1,0.012967677389651044,-0.0025383161570067658,0.1126450751795661,-0.022533751723814537,4.440892098500626e-16,0.0,0.0,0.1,0.0,0.0731815588722295,0.03595189668972799,6.628416511502945,0.1325683302300589,,,,,,,,,,0.95,0.0105791798418767,0.012967677389651044,20.0
equity_conditional_value_at_risk,Equity Minimum CVaR,equity,conditional_value_at_risk,monthly,18,2022-06-01,2021-06-02,2022-05-31,2022-06-01,252,252,50,0.28185432632499186,0.0002818543263249919,10.0,sample_ridge,,429.501073557455,4.683380842181999,429.5009606662642,0.0035553415511947106,9.366761590696385e-10,-0.5815489189410324,1.0545687899640876,True,0,Optimization terminated successfully. (HiGHS Status 7: Optimal),0,1,0.0139337462969722,0.057165400273315056,0.11766431569121864,0.4858346384585428,1.1102230246251565e-15,0.0,0.0,0.1,0.0,0.08602569696205108,0.038561159830907264,6.406560855891237,0.12813121711782474,,,,,,,,,,0.95,0.011224078238499269,0.0139337462969722,16.0
equity_conditional_value_at_risk,Equity Minimum CVaR,equity,conditional_value_at_risk,monthly,19,2022-07-01,2021-07-01,2022-06-30,2022-07-01,252,252,50,0.2313009770018713,0.00023130097700187132,10.0,sample_ridge,,510.53631347218635,5.06933383844659,510.5361682089672,0.003556316091843376,1.0138667575506501e-09,-0.5782209800041562,0.8011361548468544,True,0,Optimization terminated successfully. (HiGHS Status 7: Optimal),0,1,0.016500258709698873,0.041609289749476065,0.12420774150851739,0.3349975552580413,1.1102230246251565e-16,0.0,0.0,0.1,0.0,0.08146790754345584,0.0353585508173349,5.914883890987473,0.11829767781974945,,,,,,,,,,0.95,0.011994259207472885,0.016500258709698873,21.0
equity_conditional_value_at_risk,Equity Minimum CVaR,equity,conditional_value_at_risk,monthly,20,2022-08-01,2021-07-30,2022-07-29,2022-08-01,252,252,50,0.03140709303224738,3.1407093032247385e-05,10.0,sample_ridge,,519.2829925502888,5.264405780011374,519.2828415783691,0.0036145157759337326,1.0528811454734633e-09,-0.4743378757951733,1.0610827829850287,True,0,Optimization terminated successfully. (HiGHS Status 7: Optimal),0,1,0.01650055626723085,0.06263526942524314,0.12633133624065682,0.49580152707262687,2.220446049250313e-16,0.0,0.0,0.1,0.0,0.08120309988970159,0.035070803016738435,5.315167374129308,0.10630334748258616,,,,,,,,,,0.95,0.01201407590641219,0.01650055626723085,20.0
equity_conditional_value_at_risk,Equity Minimum CVaR,equity,conditional_value_at_risk,monthly,21,2022-09-01,2021-09-01,2022-08-31,2022-09-01,252,252,50,0.10681071790997916,0.00010681071790997916,10.0,sample_ridge,,557.7048805106252,5.410058492317103,557.7047098850965,0.0035303110440088594,1.0820116876433034e-09,-0.489901311668022,1.1828191271343909,True,0,Optimization terminated successfully. (HiGHS Status 7: Optimal),0,1,0.016649217652571772,0.05401124232382425,0.12792785636354392,0.4222007923773515,5.551115123125783e-16,0.0,0.0,0.1,0.0,0.08276591165295202,0.03546793149670286,5.449905605306594,0.10899811210613189,,,,,,,,,,0.95,0.011727477670633051,0.016649217652571772,19.0
equity_conditional_value_at_risk,Equity Minimum CVaR,equity,conditional_value_at_risk,monthly,22,2022-10-03,2021-10-01,2022-09-30,2022-10-03,252,252,50,0.300018355743304,0.000300018355743304,10.0,sample_ridge,,617.4379094289061,5.666887786649403,617.4377085828124,0.0034785684239596053,1.133377545996105e-09,-0.6348446139350687,0.8913308032260187,True,0,Optimization terminated successfully. (HiGHS Status 7: Optimal),0,1,0.01855733570240434,0.009848686656678637,0.13498101504480106,0.07296349529902257,2.220446049250313e-16,0.0,0.0,0.1,0.0,0.08638429135151612,0.03611359400023112,5.02354397002389,0.10047087940047779,,,,,,,,,,0.95,0.013483920932752913,0.01855733570240434,17.0
equity_conditional_value_at_risk,Equity Minimum CVaR,equity,conditional_value_at_risk,monthly,23,2022-11-01,2021-11-01,2022-10-31,2022-11-01,252,252,50,0.06290831959873339,6.290831959873338e-05,10.0,sample_ridge,,648.5504889732105,6.021456174395363,648.5502777321982,0.003691704376822344,1.2042912228361604e-09,-0.6083168093436072,0.9320822595695339,True,0,Optimization terminated successfully. (HiGHS Status 7: Optimal),0,1,0.01858716783676469,0.08125315410814837,0.14516954092900994,0.5597121378780303,2.7755575615628914e-15,0.0,0.0,0.1,0.0,0.08691047006482286,0.036216630820967675,4.459819493568845,0.0891963898713769,,,,,,,,,,0.95,0.01362796290766324,0.01858716783676469,18.0
equity_conditional_value_at_risk,Equity Minimum CVaR,equity,conditional_value_at_risk,monthly,24,2022-12-01,2021-12-01,2022-11-30,2022-12-01,252,252,50,0.12365571512593412,0.00012365571512593413,10.0,sample_ridge,,701.6204758532148,6.249555728017336,701.6202416455271,0.0037390460649631982,1.249911133104356e-09,-0.5492037107009324,1.012398262304997,True,0,Optimization terminated successfully. (HiGHS Status 7: Optimal),0,1,0.018171586341125385,0.21250340777755333,0.14676377053519066,1.447928238710655,1.6653345369377348e-14,0.0,0.0,0.1,0.0,0.08365646992050807,0.035417479840298034,4.1605155591127785,0.08321031118225557,,,,,,,,,,0.95,0.012960683488241753,0.018171586341125385,18.0
equity_conditional_value_at_risk,Equity Minimum CVaR,equity,conditional_value_at_risk,monthly,25,2023-01-03,2021-12-31,2022-12-30,2023-01-03,252,252,50,0.13139734253243238,0.00013139734253243238,10.0,sample_ridge,,713.826698175003,6.191813444196875,713.826459680812,0.003701297571772024,1.2383626764557482e-09,-0.6198019913959887,0.9359017507349877,True,0,Optimization terminated successfully. (HiGHS Status 7: Optimal),0,1,0.018325593287129075,0.14670900359579067,0.14834489572768086,0.988972373307045,2.220446049250313e-16,0.0,0.0,0.1,0.0,0.0820778053788775,0.03483165229755886,4.0217051243006114,0.08043410248601222,,,,,,,,,,0.95,0.01322786606033872,0.018325593287129075,19.0
equity_conditional_value_at_risk,Equity Minimum CVaR,equity,conditional_value_at_risk,monthly,26,2023-02-01,2022-01-31,2023-01-31,2023-02-01,252,252,50,0.20509891352170456,0.00020509891352170456,10.0,sample_ridge,,662.3867216688445,6.113900152339298,662.3865223016511,0.0040564871675980345,1.2227800182400594e-09,-0.4107847709334955,0.6931753816190576,True,0,Optimization terminated successfully. (HiGHS Status 7: Optimal),0,1,0.018576550806434413,0.1456208888887757,0.15481277865017973,0.9406257684827534,1.3322676295501878e-15,0.0,0.0,0.1,0.0,0.08996734435256354,0.03827085785453313,3.6150227922547074,0.07230045584509415,,,,,,,,,,0.95,0.014301172093703433,0.018576550806434413,18.0
equity_conditional_value_at_risk,Equity Minimum CVaR,equity,conditional_value_at_risk,monthly,27,2023-03-01,2022-02-28,2023-02-28,2023-03-01,252,252,50,0.1480252209065744,0.00014802522090657443,10.0,sample_ridge,,719.7933267404047,5.967437912963498,719.7930902798075,0.0036279655641383046,1.193487570657824e-09,-0.5300802301245598,0.560747599864184,True,0,Optimization terminated successfully. (HiGHS Status 7: Optimal),0,1,0.018513039704220677,0.12717053401659084,0.15270067067778373,0.832809269613069,2.1094237467877974e-15,0.0,0.0,0.1,0.0,0.0906691156265855,0.037610370249046336,4.015842892022478,0.08031685784044956,,,,,,,,,,0.95,0.013766623853009748,0.018513039704220677,17.0
equity_conditional_value_at_risk,Equity Minimum CVaR,equity,conditional_value_at_risk,monthly,28,2023-04-03,2022-03-31,2023-03-31,2023-04-03,252,252,50,0.1170278361703018,0.0001170278361703018,10.0,sample_ridge,,710.8831318567082,5.790126282013423,710.8829062608362,0.003643961078279024,1.1580252448224324e-09,-0.3738643148089632,0.4041887312530835,True,0,Optimization terminated successfully. (HiGHS Status 7: Optimal),0,1,0.018536382119387993,0.0852024233257731,0.15703979566843385,0.5425530704692544,0.0,0.0,0.0,0.1,0.0,0.08639300001578795,0.03694227215549812,3.7500888268359076,0.07500177653671815,,,,,,,,,,0.95,0.014104640592778297,0.018536382119387993,18.0
equity_conditional_value_at_risk,Equity Minimum CVaR,equity,conditional_value_at_risk,monthly,29,2023-05-01,2022-04-28,2023-04-28,2023-05-01,252,252,50,0.12641463597382482,0.00012641463597382483,10.0,sample_ridge,,714.6541261906061,5.642257477505018,714.6538978489344,0.003526837894209986,1.1284514842164888e-09,-0.3388991365636248,0.5858993506629674,True,0,Optimization terminated successfully. (HiGHS Status 7: Optimal),0,1,0.018587558827100885,0.13552294491362266,0.1559225931495716,0.8691681056357227,4.440892098500626e-16,0.0,0.0,0.1,0.0,0.0883499811924329,0.037511658817191415,3.755936287763313,0.07511872575526626,,,,,,,,,,0.95,0.014422849882248385,0.018587558827100885,17.0
equity_conditional_value_at_risk,Equity Minimum CVaR,equity,conditional_value_at_risk,monthly,30,2023-06-01,2022-05-31,2023-05-31,2023-06-01,252,252,50,0.3402043104168788,0.0003402043104168788,10.0,sample_ridge,,609.9355530399164,5.250113564529966,609.9353742650943,0.003576544792009096,1.0500227024057662e-09,-0.45545680673063427,0.8770008312109273,True,0,Optimization terminated successfully. (HiGHS Status 7: Optimal),0,1,0.01662291139225841,0.021923755097679798,0.14300512534212087,0.15330747793290703,0.0,0.0,0.0,0.1,0.0,0.08674379711692842,0.03594865016465101,3.954987130611642,0.07909974261223283,,,,,,,,,,0.95,0.01367719212601218,0.01662291139225841,16.0
equity_conditional_value_at_risk,Equity Minimum CVaR,equity,conditional_value_at_risk,monthly,31,2023-07-03,2022-06-30,2023-06-30,2023-07-03,252,252,50,0.25287339883881543,0.0002528733988388154,10.0,sample_ridge,,550.9166650782894,4.883298319330571,550.9165099528301,0.0034622390671748856,9.766596540995178e-10,-0.34636314378090993,1.1699565688763638,True,0,Optimization terminated successfully. (HiGHS Status 7: Optimal),0,1,0.015189372170443862,0.057127608897885,0.13264101385436655,0.4306933974480048,1.1879386363489175e-14,0.0,0.0,0.1,0.0,0.08520433995622878,0.03531009009113901,4.475724411857924,0.08951448823715849,,,,,,,,,,0.95,0.01334193806733092,0.015189372170443862,17.0
equity_conditional_value_at_risk,Equity Minimum CVaR,equity,conditional_value_at_risk,monthly,32,2023-08-01,2022-07-29,2023-07-31,2023-08-01,252,252,50,0.021219751372423094,2.1219751372423096e-05,10.0,sample_ridge,,534.1663366335997,4.728660289016061,534.166189472076,0.0034263881123364247,9.45732048345892e-10,-0.4257137157133368,1.1159951693564845,True,0,Optimization terminated successfully. (HiGHS Status 7: Optimal),0,1,0.01518937217044409,0.04216268208034109,0.13092940308408849,0.32202607731482896,1.9984014443252818e-14,0.0,0.0,0.1,0.0,0.08520433995623106,0.035369610253627254,4.384350661061755,0.08768701322123511,,,,,,,,,,0.95,0.013341938067331114,0.01518937217044409,17.0
equity_conditional_value_at_risk,Equity Minimum CVaR,equity,conditional_value_at_risk,monthly,33,2023-09-01,2022-08-31,2023-08-31,2023-09-01,252,252,50,0.2263330023983427,0.0002263330023983427,10.0,sample_ridge,,472.5729167969818,4.546920102129455,472.5728005934037,0.003690427440758401,9.093840113320509e-10,-0.43813560969970056,1.3175303418143658,True,0,Optimization terminated successfully. (HiGHS Status 7: Optimal),0,1,0.014605458170598095,0.0576919300906892,0.13151212388728228,0.4386814567768396,0.0,0.0,0.0,0.1,0.0,0.08526512810701861,0.03585166674499865,4.599195441496535,0.09198390882993071,,,,,,,,,,0.95,0.012057413550802748,0.014605458170598095,20.0
equity_conditional_value_at_risk,Equity Minimum CVaR,equity,conditional_value_at_risk,monthly,34,2023-10-02,2022-09-29,2023-09-29,2023-10-02,252,252,50,0.22609698267416747,0.00022609698267416747,10.0,sample_ridge,,412.37630849746233,4.283792021962718,412.3762148537553,0.0037637350854721166,8.567583958249595e-10,-0.43345810393913387,1.3764609828460026,True,0,Optimization terminated successfully. (HiGHS Status 7: Optimal),0,1,0.012793057108676021,0.14191365376980758,0.12502444199977666,1.1350872797341587,2.220446049250313e-16,0.0,0.0,0.1,0.0,0.07927955450298343,0.0335442407505493,5.581397073834438,0.11162794147668877,,,,,,,,,,0.95,0.011363029192017952,0.012793057108676021,20.0
equity_conditional_value_at_risk,Equity Minimum CVaR,equity,conditional_value_at_risk,monthly,35,2023-11-01,2022-10-31,2023-10-31,2023-11-01,252,252,50,0.332226762386644,0.000332226762386644,10.0,sample_ridge,,341.8132021752741,3.9744385443219157,341.81313105563646,0.0038091901796157373,7.948877009155061e-10,-0.4631479082031792,1.221485025665576,True,0,Optimization terminated successfully. (HiGHS Status 7: Optimal),0,1,0.011966688742822874,0.06036784067123811,0.11627096696487015,0.5191996097312712,1.3322676295501878e-15,0.0,0.0,0.1,0.0,0.08562600818249433,0.03581646514814885,6.022195995172284,0.12044391990344568,,,,,,,,,,0.95,0.010463371065296082,0.011966688742822874,18.0
equity_conditional_value_at_risk,Equity Minimum CVaR,equity,conditional_value_at_risk,monthly,36,2023-12-01,2022-11-30,2023-11-30,2023-12-01,252,252,50,0.29193872052983183,0.0002919387205298318,10.0,sample_ridge,,285.308117152311,3.6801088767873025,285.3080632813413,0.003884410488093493,7.360217679972428e-10,-0.2766021355118453,1.2222043695132911,True,0,Optimization terminated successfully. (HiGHS Status 7: Optimal),0,1,0.011803279038605514,0.10146634024518467,0.10721435741305582,0.9463876172318392,1.2212453270876722e-15,0.0,0.0,0.1,0.0,0.0829556298630367,0.03507549927068665,6.373279460419982,0.12746558920839965,,,,,,,,,,0.95,0.01031377871792037,0.011803279038605514,18.0
equity_hierarchical_risk_parity,Equity Hierarchical Risk Parity,equity,hierarchical_risk_parity,monthly,1,2021-01-04,2020-01-03,2020-12-31,2021-01-04,252,252,50,1.0,0.001,10.0,sample_ridge,,708.2402856669532,13.184233797269265,708.2401086386429,0.010534384267484587,2.6368467330853855e-09,-0.3492732395247833,0.9488143251997084,True,0,standard single-linkage HRP; raw weights feasible,0,1,0.09795329613029814,0.22268494237162229,0.3129749129407949,0.7115105178214312,0.0,0.0,0.004914429426066093,0.055717916681115746,0.0,0.026361917232108262,0.007292343594439671,1.4742490483750568,0.029484980967501136,50.0,0.20357057351654573,0.552658830283949,False,0.0,0.055717916681115746,0.026361917232108262,0.0,NEM|GILD|WMT|UPS|TMUS|EA|TTWO|INTC|AMGN|ABT|PSA|O|BA|GE|DIS|SHW|NKE|PLD|AMT|CCI|CMCSA|NEE|AEP|D|DUK|SO|MMM|DD|OXY|XOM|SLB|COP|CVX|CAT|DOW|SBUX|V|NUE|GS|MS|USB|WFC|KO|T|QCOM|AMD|ADBE|NVDA|ABBV|MRK,,,,
equity_hierarchical_risk_parity,Equity Hierarchical Risk Parity,equity,hierarchical_risk_parity,monthly,2,2021-02-01,2020-01-31,2021-01-29,2021-02-01,252,252,50,0.0958303601172747,9.58303601172747e-05,10.0,sample_ridge,,661.1468383883391,13.465257787911993,661.1466828998957,0.011433707958087692,2.693051530651883e-09,-0.23740683868214907,0.9237121823064337,True,0,standard single-linkage HRP; raw weights feasible,0,1,0.09817829167047154,0.2204671449032302,0.31333415337379283,0.703616706092755,2.220446049250313e-16,0.0,0.004739938515040346,0.05702271564129086,0.0,0.0264475228155228,0.007072175907724152,1.4882426264527133,0.029764852529054267,50.0,0.2015159628848452,0.5571492574698698,False,0.0,0.05702271564129086,0.0264475228155228,0.0,NEM|GILD|WMT|UPS|TMUS|EA|TTWO|INTC|AMGN|ABT|QCOM|ADBE|AMD|NVDA|PSA|O|CMCSA|DIS|BA|PLD|AMT|CCI|MMM|SHW|GE|NKE|NEE|AEP|D|DUK|SO|KO|SBUX|V|T|CAT|DOW|OXY|XOM|SLB|COP|CVX|GS|MS|USB|WFC|DD|NUE|ABBV|MRK,,,,
equity_hierarchical_risk_parity,Equity Hierarchical Risk Parity,equity,hierarchical_risk_parity,monthly,3,2021-03-01,2020-02-28,2021-02-26,2021-03-01,252,252,50,0.08825204841529893,8.825204841529893e-05,10.0,sample_ridge,,663.0317180134332,13.324354398206259,663.0315596849582,0.011142841022490756,2.664870852992543e-09,-0.09602128620994455,0.9459226944620321,True,0,standard single-linkage HRP; raw weights feasible,0,1,0.09515855331289133,0.2972364822126752,0.3084778003566729,0.9635587451317401,0.0,0.0,0.004992744758059145,0.05319187799173658,0.0,0.0266535415405574,0.007068573271069422,1.4999048571467237,0.029998097142934475,50.0,0.19993280531029048,0.561988028965284,False,0.0,0.05319187799173658,0.0266535415405574,0.0,NEM|GILD|WMT|UPS|INTC|EA|TTWO|AMGN|ABT|ABBV|MRK|PSA|MMM|CMCSA|DIS|O|NKE|SHW|BA|PLD|AMT|CCI|GE|NEE|AEP|D|DUK|SO|KO|DD|SBUX|V|T|CAT|DOW|NUE|GS|MS|USB|WFC|OXY|XOM|SLB|COP|CVX|TMUS|QCOM|AMD|ADBE|NVDA,,,,
equity_hierarchical_risk_parity,Equity Hierarchical Risk Parity,equity,hierarchical_risk_parity,monthly,4,2021-04-01,2020-04-01,2021-03-31,2021-04-01,252,252,50,0.1334842395748438,0.00013348423957484378,10.0,sample_ridge,,384.10656775882444,7.651657660345755,384.1065013271364,0.008825307107527342,1.530331516765836e-09,-0.060127039234835644,1.226556819766659,True,0,standard single-linkage HRP; raw weights feasible,0,1,0.0338813795667926,0.4022655560923633,0.1840689532941191,2.18540687548537,1.1102230246251565e-16,0.0,0.003259904443717717,0.06201366087054683,0.0,0.027318810158653097,0.008067917836750945,2.3302671062158846,0.04660534212431769,50.0,0.21882853809690198,0.5815975898678194,False,0.0,0.06201366087054683,0.027318810158653097,0.0,NEM|WMT|UPS|TMUS|GILD|AMGN|ABBV|MRK|ABT|INTC|EA|TTWO|QCOM|AMD|ADBE|NVDA|NKE|DIS|PSA|SHW|PLD|AMT|CCI|MMM|OXY|SLB|COP|CVX|XOM|T|USB|WFC|GS|MS|NUE|DD|CAT|DOW|BA|GE|SBUX|O|NEE|D|DUK|AEP|SO|V|CMCSA|KO,,,,
equity_hierarchical_risk_parity,Equity Hierarchical Risk Parity,equity,hierarchical_risk_parity,monthly,5,2021-05-03,2020-05-01,2021-04-30,2021-05-03,252,252,50,0.1306602263679058,0.0001306602263679058,10.0,sample_ridge,,349.6342331587705,6.276780580370753,349.63417521830985,0.007553618062301135,1.2553561035205896e-09,-0.2081438801394524,0.8493961050735777,True,0,standard single-linkage HRP; raw weights feasible,0,1,0.020724009793961305,0.3151385878959877,0.1439583613200751,2.1890954092990316,0.0,0.0,0.002416768151296785,0.07359426555505605,0.0,0.029641501776903736,0.009568442183142638,3.232900532451553,0.06465801064903105,50.0,0.21352450678844076,0.5794608630941773,False,0.0,0.07359426555505605,0.029641501776903736,0.0,WMT|NEM|GILD|ABBV|AMGN|MRK|UPS|INTC|ABT|TMUS|QCOM|AMD|ADBE|NVDA|EA|TTWO|NKE|SHW|PSA|PLD|AMT|CCI|NEE|D|AEP|DUK|SO|DIS|MMM|T|DD|NUE|CAT|DOW|OXY|SLB|COP|CVX|XOM|GS|MS|USB|WFC|BA|GE|SBUX|V|CMCSA|KO|O,,,,
equity_hierarchical_risk_parity,Equity Hierarchical Risk Parity,equity,hierarchical_risk_parity,monthly,6,2021-06-01,2020-06-01,2021-05-28,2021-06-01,252,252,50,0.11558848527205644,0.00011558848527205644,10.0,sample_ridge,,338.3569609822227,5.719485651015339,338.35690348588344,0.00671176042847194,1.1438971187640966e-09,-0.09446757920356907,1.0236878148723123,True,0,standard single-linkage HRP; raw weights feasible,0,1,0.018505249074501632,0.2759163173739849,0.13603399970044852,2.0282893834009292,1.1102230246251565e-16,0.0,0.0011646150659961633,0.06309431532522616,0.0,0.028481010983969608,0.010011364068437854,3.335898640189092,0.06671797280378185,50.0,0.2055046085763971,0.5818060887335442,False,0.0,0.06309431532522616,0.028481010983969608,0.0,WMT|NEM|GILD|AMGN|ABBV|MRK|UPS|INTC|ABT|TMUS|NKE|QCOM|AMD|ADBE|NVDA|EA|TTWO|SHW|PSA|PLD|AMT|CCI|DIS|NEE|D|DUK|AEP|SO|CMCSA|KO|O|SBUX|V|MMM|T|GS|MS|USB|WFC|OXY|SLB|COP|CVX|XOM|DD|NUE|CAT|DOW|BA|GE,,,,
equity_hierarchical_risk_parity,Equity Hierarchical Risk Parity,equity,hierarchical_risk_parity,monthly,7,2021-07-01,2020-07-01,2021-06-30,2021-07-01,252,252,50,0.13951321244656648,0.0001395132124465665,10.0,sample_ridge,,284.1973126090397,4.93436282698919,284.1972655923129,0.005944260101287084,9.868725555291125e-10,-0.04517062980827402,0.9353134194385742,True,0,standard single-linkage HRP; raw weights feasible,0,1,0.014771408420351649,0.29437130173162795,0.12153768312894421,2.422057868416972,2.220446049250313e-16,0.0,0.0012727998873551822,0.06089572449496757,0.0,0.0270607166083524,0.009005409327606288,3.4494549722365013,0.06898909944473003,50.0,0.2169088743049119,0.5835128660554234,False,0.0,0.06089572449496757,0.0270607166083524,0.0,NEM|WMT|NKE|ABT|GILD|AMGN|ABBV|MRK|UPS|INTC|TMUS|QCOM|EA|TTWO|AMD|ADBE|NVDA|DIS|T|MMM|GE|BA|GS|MS|USB|WFC|SLB|OXY|COP|CVX|XOM|DD|CAT|DOW|NUE|NEE|D|DUK|AEP|SO|O|CMCSA|KO|SBUX|V|SHW|PSA|PLD|AMT|CCI,,,,
equity_hierarchical_risk_parity,Equity Hierarchical Risk Parity,equity,hierarchical_risk_parity,monthly,8,2021-08-02,2020-07-31,2021-07-30,2021-08-02,252,252,50,0.13272435056824863,0.00013272435056824864,10.0,sample_ridge,,291.6771564436472,4.644660133462096,291.6771084447581,0.005625532674701469,9.289320174030991e-10,-0.03111480254552568,0.9864628459904821,True,0,standard single-linkage HRP; raw weights feasible,0,1,0.014529409767656355,0.2586390934011193,0.12053800134254905,2.1457058398215,1.1102230246251565e-16,0.0,0.001521508649321044,0.04799253899027815,0.0,0.027820608112818827,0.010770646314322636,3.560653153598398,0.07121306307196795,50.0,0.21953381225016952,0.5848269852488962,False,0.0,0.04799253899027815,0.027820608112818827,0.0,NEM|NKE|UPS|ABT|WMT|GILD|AMGN|ABBV|MRK|TMUS|INTC|DIS|T|MMM|GE|BA|SLB|OXY|COP|CVX|XOM|GS|MS|USB|WFC|DD|CAT|DOW|NUE|NEE|SO|AEP|D|DUK|O|CMCSA|SBUX|KO|V|EA|QCOM|TTWO|ADBE|AMD|NVDA|SHW|PSA|PLD|AMT|CCI,,,,
equity_hierarchical_risk_parity,Equity Hierarchical Risk Parity,equity,hierarchical_risk_parity,monthly,9,2021-09-01,2020-09-01,2021-08-31,2021-09-01,252,252,50,0.12254961318861901,0.000122549613188619,10.0,sample_ridge,,314.3405463864097,4.51621493339901,314.3404924254211,0.005244949261080728,9.032429776473723e-10,-0.07863987065770972,1.0546679801982481,True,0,standard single-linkage HRP; raw weights feasible,0,1,0.013507746771320219,0.23863389996371087,0.11622283240103994,2.0532445736675715,1.1102230246251565e-16,0.0,0.0011658331630652907,0.052056447320665375,0.0,0.028972389311410315,0.011091806698429768,3.869529494280827,0.07739058988561653,50.0,0.20662253647572715,0.5764796441914388,False,0.0,0.052056447320665375,0.028972389311410315,0.0,NEM|NKE|UPS|ABBV|MRK|AMGN|GILD|WMT|ABT|INTC|SHW|PSA|PLD|AMT|CCI|EA|TTWO|QCOM|AMD|ADBE|NVDA|MMM|TMUS|DIS|CMCSA|KO|SBUX|V|NEE|O|SO|DUK|AEP|D|T|GE|BA|SLB|OXY|COP|CVX|XOM|GS|MS|USB|WFC|DD|CAT|DOW|NUE,,,,
equity_hierarchical_risk_parity,Equity Hierarchical Risk Parity,equity,hierarchical_risk_parity,monthly,10,2021-10-01,2020-10-01,2021-09-30,2021-10-01,252,252,50,0.11350482258151626,0.00011350482258151626,10.0,sample_ridge,,344.88471341317165,4.295516232029762,344.8846496829951,0.004635676280579153,8.591032378149199e-10,-0.12416434745014902,1.315533795988761,True,0,standard single-linkage HRP; raw weights feasible,0,1,0.011640344053877504,0.16798198772572928,0.1078904261455923,1.5569684329455393,0.0,0.0,0.0012194181879905445,0.05733783267956942,0.0,0.029096568534417545,0.011827015217061511,3.9029814253563346,0.0780596285071267,50.0,0.20033704710537178,0.5779463069253099,False,0.0,0.05733783267956942,0.029096568534417545,0.0,NEM|UPS|AMGN|GILD|ABBV|MRK|NKE|WMT|ABT|TMUS|SHW|MMM|INTC|EA|TTWO|PSA|PLD|AMT|CCI|QCOM|ADBE|AMD|NVDA|CMCSA|NEE|O|SO|AEP|D|DUK|SBUX|KO|V|T|DIS|GE|BA|DD|SLB|OXY|COP|CVX|XOM|NUE|CAT|DOW|GS|MS|USB|WFC,,,,
equity_hierarchical_risk_parity,Equity Hierarchical Risk Parity,equity,hierarchical_risk_parity,monthly,11,2021-11-01,2020-10-30,2021-10-29,2021-11-01,252,252,50,0.0682888324955993,6.82888324955993e-05,10.0,sample_ridge,,315.9019357927494,4.159227537977499,315.90188050678523,0.004738087880330207,8.318454992770447e-10,-0.03804484144889364,1.5250342431668675,True,0,standard single-linkage HRP; raw weights feasible,0,1,0.010576343177636722,0.24544472671526915,0.10284134955180588,2.3866346346576037,0.0,0.0,0.0010854771989593263,0.05421348437226851,0.0,0.028209187601920562,0.011171983069330706,3.8597847289544,0.077195694579088,50.0,0.20243689210426008,0.5903666485597003,False,0.0,0.05421348437226851,0.028209187601920562,0.0,NEM|NKE|ABBV|MRK|AMGN|GILD|UPS|WMT|ABT|TMUS|MMM|SHW|INTC|EA|TTWO|PSA|PLD|AMT|CCI|QCOM|ADBE|AMD|NVDA|KO|O|NEE|SO|AEP|D|DUK|T|DIS|GE|BA|GS|MS|USB|WFC|SLB|OXY|COP|CVX|XOM|DD|NUE|CAT|DOW|CMCSA|SBUX|V,,,,
equity_hierarchical_risk_parity,Equity Hierarchical Risk Parity,equity,hierarchical_risk_parity,monthly,12,2021-12-01,2020-12-01,2021-11-30,2021-12-01,252,252,50,0.1300128038091337,0.0001300128038091337,10.0,sample_ridge,,268.85633914211076,3.7330974299977373,268.85629255670045,0.004292905375881567,7.466194785333525e-10,-0.17349452421536093,0.9785778184849881,True,0,standard single-linkage HRP; raw weights feasible,0,1,0.010068906102416368,0.13907087922775166,0.1003439390417596,1.3859419966548778,1.1102230246251565e-16,0.0,0.0011210973177734685,0.06493752708163635,0.0,0.02976040091384535,0.012324804185921094,4.0237577091625205,0.08047515418325041,50.0,0.22504367235885,0.5979291426586912,False,0.0,0.06493752708163635,0.02976040091384535,0.0,WMT|UPS|MRK|NEM|ABBV|AMGN|GILD|NKE|ABT|MMM|T|BA|GE|DD|GS|MS|USB|WFC|SLB|OXY|COP|CVX|XOM|NUE|CAT|DOW|DIS|SHW|SBUX|V|CMCSA|TMUS|EA|TTWO|INTC|KO|QCOM|ADBE|AMD|NVDA|PSA|O|PLD|AMT|CCI|NEE|SO|AEP|D|DUK,,,,
equity_hierarchical_risk_parity,Equity Hierarchical Risk Parity,equity,hierarchical_risk_parity,monthly,13,2022-01-03,2021-01-04,2021-12-31,2022-01-03,252,252,50,0.1547342593682591,0.00015473425936825912,10.0,sample_ridge,,290.9337928824501,3.785003164708261,290.9337377595371,0.003981648493762912,7.570006253716459e-10,-0.12605950714046,0.914339693277029,True,0,standard single-linkage HRP; raw weights feasible,0,1,0.010719051988044157,0.1848506365925746,0.10353285463100183,1.7854297290593881,0.0,0.0,0.0014059553838975973,0.05761888224816523,0.0,0.029573493158966672,0.01159615816926077,3.8091473554609045,0.0761829471092181,50.0,0.21816375601177782,0.5833911855927226,False,0.0,0.05761888224816523,0.029573493158966672,0.0,WMT|MRK|NEM|ABBV|AMGN|GILD|UPS|ABT|NKE|EA|TTWO|MMM|INTC|QCOM|ADBE|AMD|NVDA|SHW|KO|O|PSA|PLD|AMT|CCI|NEE|SO|AEP|D|DUK|T|CMCSA|TMUS|BA|GE|NUE|DD|GS|MS|USB|WFC|SLB|OXY|COP|CVX|XOM|CAT|DOW|SBUX|DIS|V,,,,
equity_hierarchical_risk_parity,Equity Hierarchical Risk Parity,equity,hierarchical_risk_parity,monthly,14,2022-02-01,2021-02-02,2022-01-31,2022-02-01,252,252,50,0.13543831532447065,0.00013543831532447065,10.0,sample_ridge,,318.9719391236067,3.7798292049481974,318.9718688197157,0.0034190984143493523,7.559658334299811e-10,-0.15047290084382414,0.8728852544158702,True,0,standard single-linkage HRP; raw weights feasible,0,1,0.010585436776220739,0.17844227677098293,0.10288555183416541,1.7343764366312826,0.0,0.0,0.0020854188704899166,0.05875350171928265,0.0,0.028202078659294104,0.010955863919284978,3.726545084518013,0.07453090169036025,50.0,0.23494123364986683,0.5899974470389472,False,0.0,0.05875350171928265,0.028202078659294104,0.0,EA|TTWO|NEM|MRK|UPS|NKE|ABBV|AMGN|GILD|WMT|ABT|TMUS|CMCSA|T|SBUX|INTC|ADBE|QCOM|AMD|NVDA|V|DIS|BA|GE|NUE|GS|MS|USB|WFC|SLB|OXY|COP|CVX|XOM|CAT|DD|DOW|SHW|MMM|O|PSA|PLD|AMT|CCI|NEE|KO|D|AEP|DUK|SO,,,,
equity_hierarchical_risk_parity,Equity Hierarchical Risk Parity,equity,hierarchical_risk_parity,monthly,15,2022-03-01,2021-03-02,2022-02-28,2022-03-01,252,252,50,0.12973545907227887,0.00012973545907227888,10.0,sample_ridge,,276.3172326451961,3.8465221707918356,276.3171762647196,0.00375666859966663,7.693044264653227e-10,-0.2425927947907769,0.8761242453888961,True,0,standard single-linkage HRP; raw weights feasible,0,1,0.011222362918988616,0.11614349353412043,0.10593565461632176,1.096358860053015,2.220446049250313e-16,0.0,0.00225047947149051,0.07306803034961569,0.0,0.02924716278042254,0.010827398024054722,3.544023666498078,0.07088047332996156,50.0,0.24081046039254378,0.6019569249032534,False,0.0,0.07306803034961569,0.02924716278042254,0.0,NEM|MRK|EA|TTWO|ABBV|AMGN|GILD|NKE|UPS|TMUS|CMCSA|T|ABT|V|DIS|BA|MMM|GE|NUE|SLB|OXY|COP|CVX|XOM|GS|MS|USB|WFC|CAT|DD|DOW|WMT|SBUX|INTC|ADBE|QCOM|AMD|NVDA|NEE|SHW|O|PSA|PLD|AMT|CCI|KO|AEP|D|DUK|SO,,,,
equity_hierarchical_risk_parity,Equity Hierarchical Risk Parity,equity,hierarchical_risk_parity,monthly,16,2022-04-01,2021-04-05,2022-03-31,2022-04-01,252,252,50,0.1525808087321845,0.0001525808087321845,10.0,sample_ridge,,311.3353481532465,4.024441658350308,311.33527755599476,0.0035381730788798024,8.048883236211783e-10,-0.28945013253051877,0.8913328012218693,True,0,standard single-linkage HRP; raw weights feasible,0,1,0.011478951936914032,0.11266931746783397,0.10713987090207842,1.051609606388356,0.0,0.0,0.001986623102879931,0.05879740195566923,0.0,0.029301444881463124,0.012010634809718607,3.084469065138842,0.06168938130277683,50.0,0.2586701933046551,0.6022917538297844,False,0.0,0.05879740195566923,0.029301444881463124,0.0,NEM|EA|TTWO|MRK|TMUS|CMCSA|T|UPS|WMT|ABT|INTC|ADBE|QCOM|AMD|NVDA|SHW|O|AMT|CCI|PLD|PSA|KO|NEE|D|AEP|DUK|SO|NKE|SBUX|V|MMM|SLB|OXY|COP|CVX|XOM|NUE|DIS|GS|MS|USB|WFC|BA|GE|CAT|DD|DOW|ABBV|AMGN|GILD,,,,
equity_hierarchical_risk_parity,Equity Hierarchical Risk Parity,equity,hierarchical_risk_parity,monthly,17,2022-05-02,2021-05-03,2022-04-29,2022-05-02,252,252,50,0.14518947690654602,0.00014518947690654601,10.0,sample_ridge,,314.1962107016673,4.284996708228052,314.19614183547003,0.003897542654991327,8.569993330756168e-10,-0.4753197972276958,0.9388799704010586,True,0,standard single-linkage HRP; raw weights feasible,0,1,0.01347938888956798,0.06827750466383974,0.11610077040902003,0.5880882997011978,0.0,0.0,0.002514859869108655,0.06616922028980837,0.0,0.028752673949846666,0.010579074673020094,2.565558875909328,0.05131117751818656,50.0,0.24291779018534707,0.5848455257427815,False,0.0,0.06616922028980837,0.028752673949846666,0.0,MRK|EA|TTWO|NEM|TMUS|UPS|ABBV|AMGN|GILD|WMT|SHW|ABT|NEE|KO|D|DUK|AEP|SO|O|AMT|CCI|PLD|PSA|INTC|ADBE|QCOM|AMD|NVDA|NKE|SBUX|SLB|OXY|COP|CVX|XOM|V|MMM|NUE|CAT|DD|DOW|DIS|GS|MS|USB|WFC|BA|GE|CMCSA|T,,,,
equity_hierarchical_risk_parity,Equity Hierarchical Risk Parity,equity,hierarchical_risk_parity,monthly,18,2022-06-01,2021-06-02,2022-05-31,2022-06-01,252,252,50,0.13108294789875352,0.00013108294789875352,10.0,sample_ridge,,429.501073557455,4.683380842181999,429.5009606662642,0.0035553415511947106,9.366761590696385e-10,-0.5815489189410324,1.0545687899640876,True,0,standard single-linkage HRP; raw weights feasible,0,1,0.01573901640012427,0.07790066769515856,0.12545523663890748,0.6209439301396145,0.0,0.0,0.003971573356048082,0.04745819110715144,0.0,0.02787419820185762,0.009123284432520093,2.4396648207993628,0.04879329641598726,50.0,0.2392921342656043,0.5945679759517232,False,0.0,0.04745819110715144,0.02787419820185762,0.0,MRK|NEM|EA|TTWO|TMUS|ABBV|AMGN|GILD|UPS|SHW|WMT|SLB|OXY|COP|CVX|XOM|NUE|V|MMM|CAT|DD|DOW|GS|MS|USB|WFC|DIS|BA|GE|NKE|SBUX|INTC|ADBE|QCOM|AMD|NVDA|ABT|O|AMT|CCI|PLD|PSA|KO|NEE|D|AEP|DUK|SO|CMCSA|T,,,,
equity_hierarchical_risk_parity,Equity Hierarchical Risk Parity,equity,hierarchical_risk_parity,monthly,19,2022-07-01,2021-07-01,2022-06-30,2022-07-01,252,252,50,0.1296996403172541,0.0001296996403172541,10.0,sample_ridge,,510.53631347218635,5.06933383844659,510.5361682089672,0.003556316091843376,1.0138667575506501e-09,-0.5782209800041562,0.8011361548468544,True,0,standard single-linkage HRP; raw weights feasible,0,1,0.01935755574628726,-0.005678710274639586,0.13913143335094072,-0.04081543715801294,0.0,0.0,0.004241220751147967,0.05063613834798616,0.0,0.027093622404028253,0.007769803476722245,2.092150193341357,0.041843003866827135,50.0,0.23266008424625761,0.5736922968581465,False,0.0,0.05063613834798616,0.027093622404028253,0.0,MRK|NEM|EA|TTWO|TMUS|WMT|CMCSA|T|UPS|SHW|KO|NEE|D|SO|AEP|DUK|ABT|AMT|CCI|O|PLD|PSA|NUE|NKE|SBUX|INTC|ADBE|QCOM|AMD|NVDA|V|OXY|SLB|COP|CVX|XOM|MMM|GS|MS|USB|WFC|DIS|CAT|DD|DOW|BA|GE|ABBV|AMGN|GILD,,,,
equity_hierarchical_risk_parity,Equity Hierarchical Risk Parity,equity,hierarchical_risk_parity,monthly,20,2022-08-01,2021-07-30,2022-07-29,2022-08-01,252,252,50,0.09791689481791183,9.791689481791183e-05,10.0,sample_ridge,,519.2829925502888,5.264405780011374,519.2828415783691,0.0036145157759337326,1.0528811454734633e-09,-0.4743378757951733,1.0610827829850287,True,0,standard single-linkage HRP; raw weights feasible,0,1,0.02001284137772538,0.023673438742588367,0.14146675007833245,0.1673427765144813,0.0,0.0,0.003503750022571945,0.05345760052082801,0.0,0.02767092006424968,0.008612170164561367,2.109697982442185,0.042193959648843704,50.0,0.23267550526179998,0.6025831177586105,False,0.0,0.05345760052082801,0.02767092006424968,0.0,NEM|MRK|WMT|T|TMUS|CMCSA|EA|TTWO|SHW|UPS|NUE|KO|MMM|SBUX|INTC|NKE|ADBE|QCOM|AMD|NVDA|V|OXY|SLB|CVX|COP|XOM|GS|MS|USB|WFC|DIS|BA|GE|CAT|DD|DOW|NEE|D|SO|AEP|DUK|ABT|O|AMT|CCI|PLD|PSA|ABBV|AMGN|GILD,,,,
equity_hierarchical_risk_parity,Equity Hierarchical Risk Parity,equity,hierarchical_risk_parity,monthly,21,2022-09-01,2021-09-01,2022-08-31,2022-09-01,252,252,50,0.11516919701713894,0.00011516919701713895,10.0,sample_ridge,,557.7048805106252,5.410058492317103,557.7047098850965,0.0035303110440088594,1.0820116876433034e-09,-0.489901311668022,1.1828191271343909,True,0,standard single-linkage HRP; raw weights feasible,0,1,0.020249329283426296,0.002863607698808956,0.1423001380302433,0.020123716943973365,0.0,0.0,0.0016883002536823228,0.0566154525712866,0.0,0.0293777993406641,0.009913553122001685,2.3102874579322625,0.046205749158645254,50.0,0.2310543335570363,0.5975997889884621,False,0.0,0.0566154525712866,0.0293777993406641,0.0,NEM|MRK|WMT|T|TMUS|CMCSA|ABBV|AMGN|GILD|EA|TTWO|SHW|NUE|UPS|KO|NEE|V|MMM|SBUX|NKE|INTC|ADBE|QCOM|AMD|NVDA|OXY|SLB|CVX|COP|XOM|GS|MS|USB|WFC|DIS|CAT|DD|DOW|BA|GE|D|SO|AEP|DUK|ABT|O|AMT|CCI|PLD|PSA,,,,
equity_hierarchical_risk_parity,Equity Hierarchical Risk Parity,equity,hierarchical_risk_parity,monthly,22,2022-10-03,2021-10-01,2022-09-30,2022-10-03,252,252,50,0.11825344143677935,0.00011825344143677935,10.0,sample_ridge,,617.4379094289061,5.666887786649403,617.4377085828124,0.0034785684239596053,1.133377545996105e-09,-0.6348446139350687,0.8913308032260187,True,0,standard single-linkage HRP; raw weights feasible,0,1,0.02354808499938741,-0.03900338664673076,0.15345385299622624,-0.25417013574556474,0.0,0.0,0.004242345711626601,0.05312320448410235,0.0,0.029210856505091806,0.009003781392410891,2.12882926092364,0.0425765852184728,50.0,0.22734929256521824,0.5855648620914021,False,0.0,0.05312320448410235,0.029210856505091806,0.0,NEM|MRK|WMT|T|TMUS|EA|TTWO|ABBV|AMGN|GILD|CMCSA|SHW|NUE|KO|NEE|D|SO|AEP|DUK|ABT|O|AMT|CCI|PLD|PSA|UPS|MMM|V|INTC|ADBE|QCOM|AMD|NVDA|OXY|SLB|CVX|COP|XOM|SBUX|NKE|USB|WFC|GS|MS|DIS|CAT|DD|DOW|BA|GE,,,,
equity_hierarchical_risk_parity,Equity Hierarchical Risk Parity,equity,hierarchical_risk_parity,monthly,23,2022-11-01,2021-11-01,2022-10-31,2022-11-01,252,252,50,0.11338595835915005,0.00011338595835915005,10.0,sample_ridge,,648.5504889732105,6.021456174395363,648.5502777321982,0.003691704376822344,1.2042912228361604e-09,-0.6083168093436072,0.9320822595695339,True,0,standard single-linkage HRP; raw weights feasible,0,1,0.027859647405036474,0.018834003303486665,0.16691209484347286,0.1128378582819229,0.0,0.0,0.0030590367789638776,0.057775624260286144,0.0,0.028925056172999064,0.009032936795482237,1.9240524535513248,0.038481049071026494,50.0,0.2185414763126741,0.5906449820833727,False,0.0,0.057775624260286144,0.028925056172999064,0.0,NEM|MRK|T|WMT|EA|TTWO|ABBV|AMGN|GILD|TMUS|CMCSA|SHW|NUE|KO|NEE|ABT|D|DUK|AEP|SO|O|AMT|CCI|PLD|PSA|UPS|MMM|OXY|SLB|CVX|COP|XOM|V|INTC|ADBE|QCOM|AMD|NVDA|DIS|NKE|SBUX|CAT|BA|GS|MS|USB|WFC|GE|DD|DOW,,,,
equity_hierarchical_risk_parity,Equity Hierarchical Risk Parity,equity,hierarchical_risk_parity,monthly,24,2022-12-01,2021-12-01,2022-11-30,2022-12-01,252,252,50,0.14870076644684663,0.00014870076644684662,10.0,sample_ridge,,701.6204758532148,6.249555728017336,701.6202416455271,0.0037390460649631982,1.249911133104356e-09,-0.5492037107009324,1.012398262304997,True,0,standard single-linkage HRP; raw weights feasible,0,1,0.029992728476755486,0.13551120783953838,0.17318408840524432,0.7824691580351608,0.0,0.0,0.002851637023909939,0.061566302984488716,0.0,0.029633083434961998,0.008792192994466881,1.797707242435343,0.03595414484870686,50.0,0.221535719897256,0.5700592017271631,False,0.0,0.061566302984488716,0.029633083434961998,0.0,NEM|T|WMT|EA|TTWO|AMGN|GILD|TMUS|CMCSA|NUE|SHW|KO|NEE|D|AEP|DUK|SO|ABT|O|AMT|CCI|PLD|PSA|UPS|MMM|V|OXY|SLB|COP|CVX|XOM|CAT|BA|GE|DOW|DD|USB|WFC|GS|MS|DIS|ADBE|INTC|QCOM|AMD|NVDA|NKE|SBUX|ABBV|MRK,,,,
equity_hierarchical_risk_parity,Equity Hierarchical Risk Parity,equity,hierarchical_risk_parity,monthly,25,2023-01-03,2021-12-31,2022-12-30,2023-01-03,252,252,50,0.13721504647768518,0.0001372150464776852,10.0,sample_ridge,,713.826698175003,6.191813444196875,713.826459680812,0.003701297571772024,1.2383626764557482e-09,-0.6198019913959887,0.9359017507349877,True,0,standard single-linkage HRP; raw weights feasible,0,1,0.032028810037105726,0.008306149448980895,0.17896594658511356,0.046411899065002364,0.0,0.0,0.0031548348829767447,0.05566067378731449,0.0,0.027493342601427738,0.008605267291673144,1.6511178323620548,0.0330223566472411,50.0,0.22326759815942235,0.5656368857875762,False,0.0,0.05566067378731449,0.027493342601427738,0.0,NEM|T|WMT|EA|TTWO|TMUS|SHW|CMCSA|KO|NUE|UPS|MMM|V|OXY|SLB|COP|CVX|XOM|ABT|O|AMT|CCI|PLD|PSA|NEE|D|AEP|DUK|SO|DIS|ADBE|INTC|QCOM|AMD|NVDA|NKE|SBUX|BA|CAT|GE|USB|WFC|GS|MS|DD|DOW|AMGN|GILD|ABBV|MRK,,,,
equity_hierarchical_risk_parity,Equity Hierarchical Risk Parity,equity,hierarchical_risk_parity,monthly,26,2023-02-01,2022-01-31,2023-01-31,2023-02-01,252,252,50,0.15556132508252107,0.00015556132508252107,10.0,sample_ridge,,662.3867216688445,6.113900152339298,662.3865223016511,0.0040564871675980345,1.2227800182400594e-09,-0.4107847709334955,0.6931753816190576,True,0,standard single-linkage HRP; raw weights feasible,0,1,0.030855691355177774,0.09603974722786059,0.17565788156293405,0.5467431712903348,2.220446049250313e-16,0.0,0.003341803710301608,0.0691286078924242,0.0,0.03024594889161937,0.009889322191320715,1.8096061927060172,0.036192123854120344,50.0,0.2380336024509337,0.5707166096819115,False,0.0,0.0691286078924242,0.03024594889161937,0.0,NEM|WMT|T|ABBV|MRK|AMGN|GILD|EA|TTWO|TMUS|SHW|CMCSA|KO|NUE|OXY|SLB|COP|CVX|XOM|MMM|UPS|BA|NKE|SBUX|DIS|V|ABT|CAT|ADBE|INTC|QCOM|AMD|NVDA|GE|DOW|DD|GS|MS|USB|WFC|NEE|D|AEP|DUK|SO|AMT|CCI|O|PLD|PSA,,,,
equity_hierarchical_risk_parity,Equity Hierarchical Risk Parity,equity,hierarchical_risk_parity,monthly,27,2023-03-01,2022-02-28,2023-02-28,2023-03-01,252,252,50,0.13886160635842626,0.00013886160635842625,10.0,sample_ridge,,719.7933267404047,5.967437912963498,719.7930902798075,0.0036279655641383046,1.193487570657824e-09,-0.5300802301245598,0.560747599864184,True,0,standard single-linkage HRP; raw weights feasible,0,1,0.03084021486823565,0.031976345635827574,0.17561382311263443,0.18208330682100535,0.0,0.0,0.002198495518046294,0.05441819505117996,0.0,0.028418902070546995,0.00863126272186087,1.7331833703744035,0.03466366740748807,50.0,0.23401092489296318,0.5644371183840952,False,0.0,0.05441819505117996,0.028418902070546995,0.0,NEM|WMT|T|ABBV|MRK|EA|TTWO|AMGN|GILD|SHW|TMUS|NUE|CMCSA|KO|MMM|OXY|SLB|COP|CVX|XOM|BA|AMT|CCI|O|PLD|PSA|NEE|D|AEP|DUK|SO|NKE|SBUX|UPS|CAT|ADBE|INTC|QCOM|AMD|NVDA|ABT|DIS|V|GE|DOW|DD|GS|MS|USB|WFC,,,,
equity_hierarchical_risk_parity,Equity Hierarchical Risk Parity,equity,hierarchical_risk_parity,monthly,28,2023-04-03,2022-03-31,2023-03-31,2023-04-03,252,252,50,0.13342807496711923,0.00013342807496711923,10.0,sample_ridge,,710.8831318567082,5.790126282013423,710.8829062608362,0.003643961078279024,1.1580252448224324e-09,-0.3738643148089632,0.4041887312530835,True,0,standard single-linkage HRP; raw weights feasible,0,1,0.032622640619297046,0.013772119159869225,0.18061738736704458,0.07625024013818774,0.0,0.0,0.004441080234961888,0.07286312413502785,0.0,0.028349404741790842,0.007598890801702151,1.6138662043823737,0.032277324087647476,50.0,0.22134414487141274,0.5565400392424787,False,0.0,0.07286312413502785,0.028349404741790842,0.0,NEM|WMT|T|MRK|EA|TTWO|ABBV|SHW|TMUS|CMCSA|BA|MMM|NUE|OXY|SLB|COP|CVX|XOM|NKE|SBUX|KO|UPS|ADBE|INTC|QCOM|AMD|NVDA|V|GE|NEE|D|SO|AEP|DUK|AMT|CCI|O|PLD|PSA|ABT|DIS|CAT|DD|DOW|USB|WFC|GS|MS|AMGN|GILD,,,,
equity_hierarchical_risk_parity,Equity Hierarchical Risk Parity,equity,hierarchical_risk_parity,monthly,29,2023-05-01,2022-04-28,2023-04-28,2023-05-01,252,252,50,0.07842340342647555,7.842340342647555e-05,10.0,sample_ridge,,714.6541261906061,5.642257477505018,714.6538978489344,0.003526837894209986,1.1284514842164888e-09,-0.3388991365636248,0.5858993506629674,True,0,standard single-linkage HRP; raw weights feasible,0,1,0.03192034765293067,0.053382283515401176,0.17866266440678275,0.2987881306519605,1.1102230246251565e-16,0.0,0.004512193596320648,0.062028178332384165,0.0,0.027734723633100457,0.00739623993139172,1.6334826558952127,0.032669653117904256,50.0,0.2152744096158391,0.5484489198886525,False,0.0,0.062028178332384165,0.027734723633100457,0.0,NEM|MRK|WMT|ABBV|EA|TTWO|T|CMCSA|BA|SHW|NUE|MMM|UPS|KO|NKE|SBUX|OXY|SLB|COP|CVX|XOM|V|ADBE|INTC|QCOM|AMD|NVDA|GE|DIS|USB|WFC|GS|MS|CAT|DD|DOW|ABT|AMT|CCI|O|PLD|PSA|NEE|D|AEP|DUK|SO|TMUS|AMGN|GILD,,,,
equity_hierarchical_risk_parity,Equity Hierarchical Risk Parity,equity,hierarchical_risk_parity,monthly,30,2023-06-01,2022-05-31,2023-05-31,2023-06-01,252,252,50,0.10367832648120064,0.00010367832648120064,10.0,sample_ridge,,609.9355530399164,5.250113564529966,609.9353742650943,0.003576544792009096,1.0500227024057662e-09,-0.45545680673063427,0.8770008312109273,True,0,standard single-linkage HRP; raw weights feasible,0,1,0.027597534605104026,-0.028497653595803897,0.16612505712596165,-0.17154337875830503,0.0,0.0,0.0038536452112760268,0.06250627860773139,0.0,0.029119191427399434,0.008600297644891583,1.6207300574105645,0.03241460114821129,50.0,0.21749058642683988,0.5585766202772992,False,0.0,0.06250627860773139,0.029119191427399434,0.0,NEM|WMT|MRK|ABBV|EA|TTWO|T|BA|CMCSA|SHW|NKE|SBUX|MMM|NUE|V|ADBE|INTC|QCOM|AMD|NVDA|UPS|DIS|GE|OXY|SLB|COP|CVX|XOM|GS|MS|USB|WFC|CAT|DD|DOW|ABT|KO|PSA|AMT|CCI|O|PLD|NEE|D|SO|AEP|DUK|TMUS|AMGN|GILD,,,,
equity_hierarchical_risk_parity,Equity Hierarchical Risk Parity,equity,hierarchical_risk_parity,monthly,31,2023-07-03,2022-06-30,2023-06-30,2023-07-03,252,252,50,0.12262479161738554,0.00012262479161738554,10.0,sample_ridge,,550.9166650782894,4.883298319330571,550.9165099528301,0.0034622390671748856,9.766596540995178e-10,-0.34636314378090993,1.1699565688763638,True,0,standard single-linkage HRP; raw weights feasible,0,1,0.024564459252318642,0.09737375569600536,0.15673053069621962,0.621281349992609,0.0,0.0,0.002926764498420881,0.06183816374296039,0.0,0.028457601274932662,0.008077087651548668,1.7077028882894967,0.03415405776578993,50.0,0.22636178806388166,0.5511434699959429,False,0.0,0.06183816374296039,0.028457601274932662,0.0,NEM|WMT|EA|TTWO|MRK|T|TMUS|BA|CMCSA|NKE|SBUX|V|ADBE|AMD|NVDA|INTC|QCOM|GE|OXY|SLB|COP|CVX|XOM|MMM|UPS|NUE|DIS|USB|WFC|GS|MS|CAT|DD|DOW|ABT|SHW|KO|NEE|D|SO|AEP|DUK|PSA|O|PLD|AMT|CCI|ABBV|AMGN|GILD,,,,
equity_hierarchical_risk_parity,Equity Hierarchical Risk Parity,equity,hierarchical_risk_parity,monthly,32,2023-08-01,2022-07-29,2023-07-31,2023-08-01,252,252,50,0.11302102697742464,0.00011302102697742464,10.0,sample_ridge,,534.1663366335997,4.728660289016061,534.166189472076,0.0034263881123364247,9.45732048345892e-10,-0.4257137157133368,1.1159951693564845,True,0,standard single-linkage HRP; raw weights feasible,0,1,0.023948166923744546,0.09695083547146151,0.1547519528915372,0.6264918384546175,0.0,0.0,0.0034639974277181095,0.0541063481714459,0.0,0.027898046881549725,0.008101713545575871,1.688320143488299,0.03376640286976598,50.0,0.22866435620164147,0.541438010203257,False,0.0,0.0541063481714459,0.027898046881549725,0.0,NEM|T|EA|TTWO|MRK|TMUS|ABBV|BA|WMT|ABT|SHW|AMT|CCI|PSA|O|PLD|KO|NEE|D|SO|AEP|DUK|NKE|SBUX|CMCSA|V|AMD|NVDA|INTC|ADBE|QCOM|GE|OXY|SLB|COP|CVX|XOM|DIS|UPS|MMM|USB|WFC|GS|MS|NUE|CAT|DD|DOW|AMGN|GILD,,,,
equity_hierarchical_risk_parity,Equity Hierarchical Risk Parity,equity,hierarchical_risk_parity,monthly,33,2023-09-01,2022-08-31,2023-08-31,2023-09-01,252,252,50,0.11549011202782014,0.00011549011202782015,10.0,sample_ridge,,472.5729167969818,4.546920102129455,472.5728005934037,0.003690427440758401,9.093840113320509e-10,-0.43813560969970056,1.3175303418143658,True,0,standard single-linkage HRP; raw weights feasible,0,1,0.02222597375309676,0.08729721772339685,0.1490837809860508,0.5855581146789195,2.220446049250313e-16,0.0,0.0031362075917025353,0.06908771679859396,0.0,0.030340553550711663,0.009287479018067729,1.8804039258376686,0.03760807851675337,50.0,0.23490898956713144,0.5465025833169492,False,0.0,0.06908771679859396,0.030340553550711663,0.0,NEM|T|MRK|ABBV|EA|TTWO|TMUS|BA|SLB|OXY|COP|CVX|XOM|NKE|SBUX|CMCSA|GE|UPS|MMM|NUE|USB|WFC|GS|MS|CAT|DD|DOW|DIS|V|AMD|NVDA|INTC|ADBE|QCOM|WMT|ABT|SHW|AMT|CCI|PSA|O|PLD|KO|NEE|D|SO|AEP|DUK|AMGN|GILD,,,,
equity_hierarchical_risk_parity,Equity Hierarchical Risk Parity,equity,hierarchical_risk_parity,monthly,34,2023-10-02,2022-09-29,2023-09-29,2023-10-02,252,252,50,0.12494395244095555,0.00012494395244095556,10.0,sample_ridge,,412.37630849746233,4.283792021962718,412.3762148537553,0.0037637350854721166,8.567583958249595e-10,-0.43345810393913387,1.3764609828460026,True,0,standard single-linkage HRP; raw weights feasible,0,1,0.020150314450844163,0.14250219720371132,0.14195180326732085,1.0038773296550096,2.220446049250313e-16,0.0,0.005237857631173496,0.06657653818339729,0.0,0.02850589424756286,0.00815086747271706,1.869078527178897,0.03738157054357794,50.0,0.24655131798557575,0.5422821943980151,False,0.0,0.06657653818339729,0.02850589424756286,0.0,T|MRK|ABBV|NEM|TMUS|AMGN|GILD|BA|EA|TTWO|WMT|CMCSA|INTC|V|AMD|NVDA|ADBE|QCOM|SLB|OXY|COP|CVX|XOM|NKE|SBUX|GE|DIS|UPS|USB|WFC|GS|MS|CAT|MMM|NUE|DD|DOW|ABT|SHW|AMT|CCI|PSA|O|PLD|KO|NEE|D|SO|AEP|DUK,,,,
equity_hierarchical_risk_parity,Equity Hierarchical Risk Parity,equity,hierarchical_risk_parity,monthly,35,2023-11-01,2022-10-31,2023-10-31,2023-11-01,252,252,50,0.11779019183291171,0.00011779019183291172,10.0,sample_ridge,,341.8132021752741,3.9744385443219157,341.81313105563646,0.0038091901796157373,7.948877009155061e-10,-0.4631479082031792,1.221485025665576,True,0,standard single-linkage HRP; raw weights feasible,0,1,0.015960492665077184,0.037054228275184564,0.12633484343235316,0.2933017310859731,0.0,0.0,0.0030387091083205657,0.08122945328556348,0.0,0.0314620128792797,0.00993266053961516,2.1649057304391435,0.04329811460878287,50.0,0.2700932413743727,0.5715856894167217,False,0.0,0.08122945328556348,0.0314620128792797,0.0,T|TMUS|NEM|WMT|ABT|BA|EA|TTWO|DIS|INTC|V|QCOM|ADBE|AMD|NVDA|KO|NEE|D|SO|AEP|DUK|SHW|AMT|CCI|O|PLD|PSA|GE|SLB|OXY|COP|CVX|XOM|USB|WFC|GS|MS|CMCSA|SBUX|UPS|NKE|MMM|NUE|CAT|DD|DOW|ABBV|MRK|AMGN|GILD,,,,
equity_hierarchical_risk_parity,Equity Hierarchical Risk Parity,equity,hierarchical_risk_parity,monthly,36,2023-12-01,2022-11-30,2023-11-30,2023-12-01,252,252,50,0.11714255079293699,0.000117142550792937,10.0,sample_ridge,,285.308117152311,3.6801088767873025,285.3080632813413,0.003884410488093493,7.360217679972428e-10,-0.2766021355118453,1.2222043695132911,True,0,standard single-linkage HRP; raw weights feasible,0,1,0.0139841365915064,0.06389062787782361,0.11825454152592364,0.5402805427461538,1.1102230246251565e-16,0.0,0.004303115575921558,0.0764515565864658,0.0,0.03040962799680955,0.009541635126899444,2.2400572650277,0.044801145300554,50.0,0.2803201954943139,0.5733690667082149,False,0.0,0.0764515565864658,0.03040962799680955,0.0,T|TMUS|NEM|WMT|ABT|BA|EA|TTWO|NKE|SBUX|CMCSA|GE|UPS|SHW|KO|NEE|D|AEP|DUK|SO|AMT|CCI|O|PLD|PSA|SLB|OXY|COP|CVX|XOM|GS|MS|USB|WFC|MMM|CAT|NUE|DD|DOW|DIS|INTC|V|QCOM|ADBE|AMD|NVDA|ABBV|MRK|AMGN|GILD,,,,
equity_minimum_variance,Equity Minimum Variance,equity,minimum_variance,monthly,1,2021-01-04,2020-01-03,2020-12-31,2021-01-04,252,252,50,1.0,0.001,10.0,sample_ridge,,708.2402856669532,13.184233797269265,708.2401086386429,0.010534384267484587,2.6368467330853855e-09,-0.3492732395247833,0.9488143251997084,True,0,Optimization terminated successfully,18,1,0.0609390254653739,0.24257203341581213,0.24685831050498155,0.9826366911431854,4.440892098500626e-16,0.0,0.0,0.1,0.0,0.0930935141551166,0.03806009132980799,3.338902639634757,0.06677805279269515,,,,,,,,,,,,,
equity_minimum_variance,Equity Minimum Variance,equity,minimum_variance,monthly,2,2021-02-01,2020-01-31,2021-01-29,2021-02-01,252,252,50,0.025462190364350094,2.5462190364350095e-05,10.0,sample_ridge,,661.1468383883391,13.465257787911993,661.1466828998957,0.011433707958087692,2.693051530651883e-09,-0.23740683868214907,0.9237121823064337,True,0,Optimization terminated successfully,18,1,0.061573078329652614,0.2324644418260244,0.2481392317422874,0.9368306663714404,2.220446049250313e-16,0.0,0.0,0.1,0.0,0.09212721404579717,0.03774852978728765,3.4431666349261154,0.06886333269852231,,,,,,,,,,,,,
equity_minimum_variance,Equity Minimum Variance,equity,minimum_variance,monthly,3,2021-03-01,2020-02-28,2021-02-26,2021-03-01,252,252,50,0.038455601208268325,3.8455601208268327e-05,10.0,sample_ridge,,663.0317180134332,13.324354398206259,663.0315596849582,0.011142841022490756,2.664870852992543e-09,-0.09602128620994455,0.9459226944620321,True,0,Optimization terminated successfully,16,1,0.059965124936355065,0.24970388898459916,0.24487777550515902,1.019708254330081,4.440892098500626e-16,0.0,0.0,0.1,0.0,0.09240020987306084,0.037825682402155676,3.462960893604818,0.06925921787209637,,,,,,,,,,,,,
equity_minimum_variance,Equity Minimum Variance,equity,minimum_variance,monthly,4,2021-04-01,2020-04-01,2021-03-31,2021-04-01,252,252,50,0.2540673208501055,0.0002540673208501055,10.0,sample_ridge,,384.10656775882444,7.651657660345755,384.1065013271364,0.008825307107527342,1.530331516765836e-09,-0.060127039234835644,1.226556819766659,True,0,Optimization terminated successfully,23,1,0.022106848070070323,0.2722787175091982,0.14868371824134047,1.8312611544139672,1.1102230246251565e-16,0.0,0.0,0.1,0.0,0.09192447811259816,0.03786134738741044,5.234562897069053,0.10469125794138107,,,,,,,,,,,,,
equity_minimum_variance,Equity Minimum Variance,equity,minimum_variance,monthly,5,2021-05-03,2020-05-01,2021-04-30,2021-05-03,252,252,50,0.13888942244485475,0.00013888942244485476,10.0,sample_ridge,,349.6342331587705,6.276780580370753,349.63417521830985,0.007553618062301135,1.2553561035205896e-09,-0.2081438801394524,0.8493961050735777,True,0,Optimization terminated successfully,30,1,0.014677708710174608,0.21636818072318953,0.12115159392337604,1.7859292949957761,0.0,0.0,0.0,0.1,0.0,0.08127555964401877,0.03479430241071534,7.069199349211055,0.1413839869842211,,,,,,,,,,,,,
equity_minimum_variance,Equity Minimum Variance,equity,minimum_variance,monthly,6,2021-06-01,2020-06-01,2021-05-28,2021-06-01,252,252,50,0.10275273400278959,0.00010275273400278959,10.0,sample_ridge,,338.3569609822227,5.719485651015339,338.35690348588344,0.00671176042847194,1.1438971187640966e-09,-0.09446757920356907,1.0236878148723123,True,0,Optimization terminated successfully,30,1,0.013259612716135483,0.17005150429874077,0.11515039173244476,1.476777471099363,1.1102230246251565e-16,0.0,0.0,0.1,0.0,0.08266029666124225,0.03520392600761363,7.301763093670451,0.146035261873409,,,,,,,,,,,,,
equity_minimum_variance,Equity Minimum Variance,equity,minimum_variance,monthly,7,2021-07-01,2020-07-01,2021-06-30,2021-07-01,252,252,50,0.15275980719040894,0.00015275980719040895,10.0,sample_ridge,,284.1973126090397,4.93436282698919,284.1972655923129,0.005944260101287084,9.868725555291125e-10,-0.04517062980827402,0.9353134194385742,True,0,Optimization terminated successfully,29,1,0.010633610137306414,0.23932778679744282,0.10311939748323985,2.3208803836963954,2.220446049250313e-16,0.0,0.0,0.1,0.0,0.07495164305730365,0.032656083737463426,6.86981625698259,0.1373963251396518,,,,,,,,,,,,,
equity_minimum_variance,Equity Minimum Variance,equity,minimum_variance,monthly,8,2021-08-02,2020-07-31,2021-07-30,2021-08-02,252,252,50,0.0675309465543587,6.753094655435871e-05,10.0,sample_ridge,,291.6771564436472,4.644660133462096,291.6771084447581,0.005625532674701469,9.289320174030991e-10,-0.03111480254552568,0.9864628459904821,True,0,Optimization terminated successfully,33,1,0.01044662358092599,0.2278147553695186,0.10220872556159767,2.228916896456384,2.220446049250313e-16,0.0,0.0,0.1,0.0,0.07659298893685706,0.03320806645830656,7.166586599428114,0.14333173198856228,,,,,,,,,,,,,
equity_minimum_variance,Equity Minimum Variance,equity,minimum_variance,monthly,9,2021-09-01,2020-09-01,2021-08-31,2021-09-01,252,252,50,0.05228604392871519,5.228604392871519e-05,10.0,sample_ridge,,314.3405463864097,4.51621493339901,314.3404924254211,0.005244949261080728,9.032429776473723e-10,-0.07863987065770972,1.0546679801982481,True,0,Optimization terminated successfully,35,1,0.010274834460679009,0.20817824442906258,0.10136485811502431,2.053751648256945,0.0,0.0,0.0,0.1,0.0,0.07617861416688494,0.033012475841810406,7.352852098280245,0.1470570419656049,,,,,,,,,,,,,
equity_minimum_variance,Equity Minimum Variance,equity,minimum_variance,monthly,10,2021-10-01,2020-10-01,2021-09-30,2021-10-01,252,252,50,0.15704538456016698,0.000157045384560167,10.0,sample_ridge,,344.88471341317165,4.295516232029762,344.8846496829951,0.004635676280579153,8.591032378149199e-10,-0.12416434745014902,1.315533795988761,True,0,Optimization terminated successfully,34,1,0.008976445506970342,0.15296294010638437,0.09474410539432172,1.6144850328129423,1.1102230246251565e-16,0.0,0.0,0.1,0.0,0.07459302128129183,0.03262139724000141,7.270330903848948,0.14540661807697897,,,,,,,,,,,,,
equity_minimum_variance,Equity Minimum Variance,equity,minimum_variance,monthly,11,2021-11-01,2020-10-30,2021-10-29,2021-11-01,252,252,50,0.14736423507044455,0.00014736423507044456,10.0,sample_ridge,,315.9019357927494,4.159227537977499,315.90188050678523,0.004738087880330207,8.318454992770447e-10,-0.03804484144889364,1.5250342431668675,True,0,Optimization terminated successfully,32,1,0.00842141579882794,0.24440606253836786,0.09176827228856355,2.6632958913058506,3.3306690738754696e-16,0.0,0.0,0.1,0.0,0.06813914994865242,0.030910464102028287,7.16246157496118,0.1432492314992236,,,,,,,,,,,,,
equity_minimum_variance,Equity Minimum Variance,equity,minimum_variance,monthly,12,2021-12-01,2020-12-01,2021-11-30,2021-12-01,252,252,50,0.1843576130951549,0.0001843576130951549,10.0,sample_ridge,,268.85633914211076,3.7330974299977373,268.85629255670045,0.004292905375881567,7.466194785333525e-10,-0.17349452421536093,0.9785778184849881,True,0,Optimization terminated successfully,39,1,0.008168148599877025,0.14109169476834119,0.09037781032906819,1.5611320329030134,2.220446049250313e-16,0.0,0.0,0.1,0.0,0.0625529314671742,0.028931178513494613,7.554014841697276,0.15108029683394553,,,,,,,,,,,,,
equity_minimum_variance,Equity Minimum Variance,equity,minimum_variance,monthly,13,2022-01-03,2021-01-04,2021-12-31,2022-01-03,252,252,50,0.12601406773727664,0.00012601406773727665,10.0,sample_ridge,,290.9337928824501,3.785003164708261,290.9337377595371,0.003981648493762912,7.570006253716459e-10,-0.12605950714046,0.914339693277029,True,0,Optimization terminated successfully,41,1,0.008860270649296488,0.180045145187303,0.09412901066778769,1.9127487254991098,0.0,0.0,0.0,0.1,0.0,0.06300287365402443,0.029160277439564567,6.880163573517136,0.1376032714703427,,,,,,,,,,,,,
equity_minimum_variance,Equity Minimum Variance,equity,minimum_variance,monthly,14,2022-02-01,2021-02-02,2022-01-31,2022-02-01,252,252,50,0.27915434857821014,0.0002791543485782101,10.0,sample_ridge,,318.9719391236067,3.7798292049481974,318.9718688197157,0.0034190984143493523,7.559658334299811e-10,-0.15047290084382414,0.8728852544158702,True,0,Optimization terminated successfully,43,1,0.008831734903371613,0.18837234965217992,0.09397731057745594,2.0044449931020716,0.0,0.0,0.0,0.1,0.0,0.060793533668044825,0.028518160375161448,6.628225326249378,0.13256450652498755,,,,,,,,,,,,,
equity_minimum_variance,Equity Minimum Variance,equity,minimum_variance,monthly,15,2022-03-01,2021-03-02,2022-02-28,2022-03-01,252,252,50,0.24476435320515344,0.00024476435320515346,10.0,sample_ridge,,276.3172326451961,3.8465221707918356,276.3171762647196,0.00375666859966663,7.693044264653227e-10,-0.2425927947907769,0.8761242453888961,True,0,Optimization terminated successfully,40,1,0.00885796653146215,0.14278417011828634,0.09411677072372464,1.5170959332786988,2.220446049250313e-16,0.0,0.0,0.1,0.0,0.06821370575899138,0.030724489129487383,6.711577611985522,0.13423155223971045,,,,,,,,,,,,,
equity_minimum_variance,Equity Minimum Variance,equity,minimum_variance,monthly,16,2022-04-01,2021-04-05,2022-03-31,2022-04-01,252,252,50,0.14332197951617645,0.00014332197951617647,10.0,sample_ridge,,311.3353481532465,4.024441658350308,311.33527755599476,0.0035381730788798024,8.048883236211783e-10,-0.28945013253051877,0.8913328012218693,True,0,Optimization terminated successfully,44,1,0.00868670889665064,0.15547914366235233,0.09320251550602399,1.6681861301512102,0.0,0.0,0.0,0.1,0.0,0.06785019846864737,0.03064411043824941,5.818939419123302,0.11637878838246603,,,,,,,,,,,,,
equity_minimum_variance,Equity Minimum Variance,equity,minimum_variance,monthly,17,2022-05-02,2021-05-03,2022-04-29,2022-05-02,252,252,50,0.22167364537306353,0.00022167364537306353,10.0,sample_ridge,,314.1962107016673,4.284996708228052,314.19614183547003,0.003897542654991327,8.569993330756168e-10,-0.4753197972276958,0.9388799704010586,True,0,Optimization terminated successfully,45,1,0.010397625359998365,0.08064064938085835,0.10196874697670048,0.7908369159354726,0.0,0.0,0.0,0.1,0.0,0.07584519735321785,0.033273612662304136,5.936120770074829,0.11872241540149657,,,,,,,,,,,,,
equity_minimum_variance,Equity Minimum Variance,equity,minimum_variance,monthly,18,2022-06-01,2021-06-02,2022-05-31,2022-06-01,252,252,50,0.20897641796949856,0.00020897641796949857,10.0,sample_ridge,,429.501073557455,4.683380842181999,429.5009606662642,0.0035553415511947106,9.366761590696385e-10,-0.5815489189410324,1.0545687899640876,True,0,Optimization terminated successfully,33,1,0.011753483383668132,0.08735013288961646,0.1084134834034408,0.805712814932429,2.220446049250313e-16,0.0,0.0,0.1,0.0,0.07590361187875787,0.0332347136022172,6.171615076212047,0.12343230152424095,,,,,,,,,,,,,
equity_minimum_variance,Equity Minimum Variance,equity,minimum_variance,monthly,19,2022-07-01,2021-07-01,2022-06-30,2022-07-01,252,252,50,0.14153388731399685,0.00014153388731399686,10.0,sample_ridge,,510.53631347218635,5.06933383844659,510.5361682089672,0.003556316091843376,1.0138667575506501e-09,-0.5782209800041562,0.8011361548468544,True,0,Optimization terminated successfully,37,1,0.013940043734702213,0.024920742181678484,0.11806796235517159,0.21107116346017732,0.0,0.0,0.0,0.1,0.0,0.07361962767299313,0.032455793419872064,5.4977764061375485,0.10995552812275097,,,,,,,,,,,,,
equity_minimum_variance,Equity Minimum Variance,equity,minimum_variance,monthly,20,2022-08-01,2021-07-30,2022-07-29,2022-08-01,252,252,50,0.0826361338621964,8.26361338621964e-05,10.0,sample_ridge,,519.2829925502888,5.264405780011374,519.2828415783691,0.0036145157759337326,1.0528811454734633e-09,-0.4743378757951733,1.0610827829850287,True,0,Optimization terminated successfully,37,1,0.014397410792877508,0.01811253324411323,0.11998921115199278,0.15095134862725046,1.1102230246251565e-16,0.0,0.0,0.1,0.0,0.07468723457089524,0.03279773510475883,5.487360505361485,0.1097472101072297,,,,,,,,,,,,,
equity_minimum_variance,Equity Minimum Variance,equity,minimum_variance,monthly,21,2022-09-01,2021-09-01,2022-08-31,2022-09-01,252,252,50,0.1091345382320558,0.0001091345382320558,10.0,sample_ridge,,557.7048805106252,5.410058492317103,557.7047098850965,0.0035303110440088594,1.0820116876433034e-09,-0.489901311668022,1.1828191271343909,True,0,Optimization terminated successfully,40,1,0.015105433700088464,0.03947242785148372,0.12290416469789973,0.3211642823374418,2.220446049250313e-16,0.0,0.0,0.1,0.0,0.07732892271012914,0.03359178368907767,5.598027924323705,0.1119605584864741,,,,,,,,,,,,,
equity_minimum_variance,Equity Minimum Variance,equity,minimum_variance,monthly,22,2022-10-03,2021-10-01,2022-09-30,2022-10-03,252,252,50,0.14087631152860292,0.00014087631152860292,10.0,sample_ridge,,617.4379094289061,5.666887786649403,617.4377085828124,0.0034785684239596053,1.133377545996105e-09,-0.6348446139350687,0.8913308032260187,True,0,Optimization terminated successfully,35,1,0.01740342302586939,0.045160302034275436,0.13192203389073937,0.3423256957338769,1.1102230246251565e-16,0.0,0.0,0.1,0.0,0.08351920199865473,0.03549875039085468,5.544792309693306,0.11089584619386611,,,,,,,,,,,,,
equity_minimum_variance,Equity Minimum Variance,equity,minimum_variance,monthly,23,2022-11-01,2021-11-01,2022-10-31,2022-11-01,252,252,50,0.116577413003037,0.00011657741300303701,10.0,sample_ridge,,648.5504889732105,6.021456174395363,648.5502777321982,0.003691704376822344,1.2042912228361604e-09,-0.6083168093436072,0.9320822595695339,True,0,Optimization terminated successfully,33,1,0.020174620618841916,0.1241153800071582,0.14203739162221304,0.8738218759837318,2.220446049250313e-16,0.0,0.0,0.1,0.0,0.08663137207600158,0.03623248780068806,4.6455688284389325,0.09291137656877865,,,,,,,,,,,,,
equity_minimum_variance,Equity Minimum Variance,equity,minimum_variance,monthly,24,2022-12-01,2021-12-01,2022-11-30,2022-12-01,252,252,50,0.09571929802648858,9.571929802648859e-05,10.0,sample_ridge,,701.6204758532148,6.249555728017336,701.6202416455271,0.0037390460649631982,1.249911133104356e-09,-0.5492037107009324,1.012398262304997,True,0,Optimization terminated successfully,38,1,0.020822181430459042,0.250218316745772,0.14429893080151024,1.7340275174315651,0.0,0.0,0.0,0.1,0.0,0.08417672448580704,0.035319613528712455,4.526615577631925,0.0905323115526385,,,,,,,,,,,,,
equity_minimum_variance,Equity Minimum Variance,equity,minimum_variance,monthly,25,2023-01-03,2021-12-31,2022-12-30,2023-01-03,252,252,50,0.05977576034787278,5.977576034787279e-05,10.0,sample_ridge,,713.826698175003,6.191813444196875,713.826459680812,0.003701297571772024,1.2383626764557482e-09,-0.6198019913959887,0.9359017507349877,True,0,Optimization terminated successfully,35,1,0.02098435361396072,0.13280300319232533,0.14485977224185023,0.9167693772885714,2.220446049250313e-16,0.0,0.0,0.1,0.0,0.08430585479118596,0.035354980314137106,4.273792801904064,0.08547585603808129,,,,,,,,,,,,,
equity_minimum_variance,Equity Minimum Variance,equity,minimum_variance,monthly,26,2023-02-01,2022-01-31,2023-01-31,2023-02-01,252,252,50,0.05187150142814769,5.187150142814769e-05,10.0,sample_ridge,,662.3867216688445,6.113900152339298,662.3865223016511,0.0040564871675980345,1.2227800182400594e-09,-0.4107847709334955,0.6931753816190576,True,0,Optimization terminated successfully,25,1,0.021438541037953986,0.12502730340274923,0.14641905968129282,0.8539004667486149,2.220446049250313e-16,0.0,0.0,0.1,0.0,0.08426640642906395,0.03540507874607686,4.367857007293261,0.08735714014586522,,,,,,,,,,,,,
equity_minimum_variance,Equity Minimum Variance,equity,minimum_variance,monthly,27,2023-03-01,2022-02-28,2023-02-28,2023-03-01,252,252,50,0.08667647507809816,8.667647507809815e-05,10.0,sample_ridge,,719.7933267404047,5.967437912963498,719.7930902798075,0.0036279655641383046,1.193487570657824e-09,-0.5300802301245598,0.560747599864184,True,0,Optimization terminated successfully,26,1,0.02127545471959997,0.07966871871357421,0.14586108020853256,0.5461958638978581,2.220446049250313e-16,0.0,0.0,0.1,0.0,0.0909971508837642,0.03752495894744543,4.515075502071514,0.09030151004143028,,,,,,,,,,,,,
equity_minimum_variance,Equity Minimum Variance,equity,minimum_variance,monthly,28,2023-04-03,2022-03-31,2023-03-31,2023-04-03,252,252,50,0.05917570624878936,5.917570624878936e-05,10.0,sample_ridge,,710.8831318567082,5.790126282013423,710.8829062608362,0.003643961078279024,1.1580252448224324e-09,-0.3738643148089632,0.4041887312530835,True,0,Optimization terminated successfully,26,1,0.02187136241340136,0.05068002913231429,0.14788969677905678,0.3426880319325348,0.0,0.0,0.0,0.1,0.0,0.08663513830818438,0.0360934126561425,4.084888836795426,0.08169777673590853,,,,,,,,,,,,,
equity_minimum_variance,Equity Minimum Variance,equity,minimum_variance,monthly,29,2023-05-01,2022-04-28,2023-04-28,2023-05-01,252,252,50,0.06190604404604636,6.190604404604636e-05,10.0,sample_ridge,,714.6541261906061,5.642257477505018,714.6538978489344,0.003526837894209986,1.1284514842164888e-09,-0.3388991365636248,0.5858993506629674,True,0,Optimization terminated successfully,29,1,0.021767246820130197,0.0564971072702122,0.14753727264705077,0.3829344697551013,0.0,0.0,0.0,0.1,0.0,0.08457416821695535,0.03534366675698994,4.240313502261468,0.08480627004522936,,,,,,,,,,,,,
equity_minimum_variance,Equity Minimum Variance,equity,minimum_variance,monthly,30,2023-06-01,2022-05-31,2023-05-31,2023-06-01,252,252,50,0.1237736618535592,0.00012377366185355922,10.0,sample_ridge,,609.9355530399164,5.250113564529966,609.9353742650943,0.003576544792009096,1.0500227024057662e-09,-0.45545680673063427,0.8770008312109273,True,0,Optimization terminated successfully,32,1,0.019273997523124475,-0.011220045889875144,0.13883082338992475,-0.08081811816646912,2.220446049250313e-16,0.0,0.0,0.1,0.0,0.08590281315954845,0.03562719655782675,4.2109687151881,0.084219374303762,,,,,,,,,,,,,
equity_minimum_variance,Equity Minimum Variance,equity,minimum_variance,monthly,31,2023-07-03,2022-06-30,2023-06-30,2023-07-03,252,252,50,0.10801525906177593,0.00010801525906177594,10.0,sample_ridge,,550.9166650782894,4.883298319330571,550.9165099528301,0.0034622390671748856,9.766596540995178e-10,-0.34636314378090993,1.1699565688763638,True,0,Optimization terminated successfully,31,1,0.016852527811014692,0.06412895312302903,0.12981728625654865,0.4939939431201447,0.0,0.0,0.0,0.1,0.0,0.08476302704317153,0.03539293700430949,5.357265090937998,0.10714530181875997,,,,,,,,,,,,,
equity_minimum_variance,Equity Minimum Variance,equity,minimum_variance,monthly,32,2023-08-01,2022-07-29,2023-07-31,2023-08-01,252,252,50,0.06698154471124544,6.698154471124544e-05,10.0,sample_ridge,,534.1663366335997,4.728660289016061,534.166189472076,0.0034263881123364247,9.45732048345892e-10,-0.4257137157133368,1.1159951693564845,True,0,Optimization terminated successfully,33,1,0.016445673328611042,0.06296385232854122,0.12824068515339054,0.49098187718842307,2.220446049250313e-16,0.0,0.0,0.1,0.0,0.08584879468368128,0.03578248672356998,5.229766009785781,0.10459532019571562,,,,,,,,,,,,,
equity_minimum_variance,Equity Minimum Variance,equity,minimum_variance,monthly,33,2023-09-01,2022-08-31,2023-08-31,2023-09-01,252,252,50,0.061925530261359114,6.192553026135911e-05,10.0,sample_ridge,,472.5729167969818,4.546920102129455,472.5728005934037,0.003690427440758401,9.093840113320509e-10,-0.43813560969970056,1.3175303418143658,True,0,Optimization terminated successfully,32,1,0.01607776800416784,0.08651502110268033,0.126798138804037,0.6823051341186237,0.0,0.0,0.0,0.1,0.0,0.08532646814495193,0.03569310201527093,5.538819846967638,0.11077639693935276,,,,,,,,,,,,,
equity_minimum_variance,Equity Minimum Variance,equity,minimum_variance,monthly,34,2023-10-02,2022-09-29,2023-09-29,2023-10-02,252,252,50,0.06977961167141351,6.977961167141351e-05,10.0,sample_ridge,,412.37630849746233,4.283792021962718,412.3762148537553,0.0037637350854721166,8.567583958249595e-10,-0.43345810393913387,1.3764609828460026,True,0,Optimization terminated successfully,29,1,0.014232115104311835,0.1227177928469326,0.11929842875877215,1.0286622726194876,0.0,0.0,0.0,0.1,0.0,0.08717218019863196,0.03636314604188787,6.407469702594793,0.12814939405189585,,,,,,,,,,,,,
equity_minimum_variance,Equity Minimum Variance,equity,minimum_variance,monthly,35,2023-11-01,2022-10-31,2023-10-31,2023-11-01,252,252,50,0.12300569445480086,0.00012300569445480085,10.0,sample_ridge,,341.8132021752741,3.9744385443219157,341.81313105563646,0.0038091901796157373,7.948877009155061e-10,-0.4631479082031792,1.221485025665576,True,0,Optimization terminated successfully,32,1,0.011561717001049078,0.021440564838126255,0.10752542490522453,0.19939995454121182,2.220446049250313e-16,0.0,0.0,0.1,0.0,0.07772394700901433,0.03341154702763861,6.303212405886455,0.1260642481177291,,,,,,,,,,,,,
equity_minimum_variance,Equity Minimum Variance,equity,minimum_variance,monthly,36,2023-12-01,2022-11-30,2023-11-30,2023-12-01,252,252,50,0.12121416275817526,0.00012121416275817526,10.0,sample_ridge,,285.308117152311,3.6801088767873025,285.3080632813413,0.003884410488093493,7.360217679972428e-10,-0.2766021355118453,1.2222043695132911,True,0,Optimization terminated successfully,34,1,0.010340599253849218,0.05100987984770559,0.10168873710421042,0.5016276266213313,2.220446049250313e-16,0.0,0.0,0.1,0.0,0.07578331920226404,0.03280430610056396,6.725407445276615,0.1345081489055323,,,,,,,,,,,,,
