fund_id,fund_name,asset_family,method,rebalance_schedule,rebalance_number,rebalance_date,estimation_start,estimation_end,first_held_return_date,estimation_observations,annualization_days,eligible_asset_count,turnover,transaction_cost,transaction_cost_bps,covariance_trace,covariance_condition_number,covariance_ridge_added,expected_return_min,expected_return_max,solver_success,solver_status,solver_message,solver_iterations,valid_start_count,objective_value,expected_portfolio_return,expected_portfolio_volatility,expected_sharpe,weight_sum_residual,maximum_bound_residual,minimum_weight,maximum_weight,crypto_sleeve_weight,weight_hhi,risk_contribution_dispersion,effective_number_of_bets,effective_bet_ratio
combined_effective_bets,Combined Factor Diversification,combined,effective_bets,monthly,1,2021-01-04,2020-01-03,2020-12-31,2021-01-04,252,252,60,1.0,0.001,10.0,21.157579991903326,1033.413620149154,3.526263296721254e-09,-0.3492732395247833,1.982593873089236,True,0,Optimization terminated successfully,16,7,-1.641604322594861,0.23604536477731064,0.27557890423729825,0.8565436655269314,1.3433698597964394e-13,0.0,0.0,0.09999999999997353,3.861096000378537e-13,0.09505498263376556,0.03572213854490915,5.163446705031856,0.08605744508386427
combined_effective_bets,Combined Factor Diversification,combined,effective_bets,monthly,2,2021-02-01,2020-01-31,2021-01-29,2021-02-01,252,252,60,0.16885618146285164,0.00016885618146285163,10.0,22.44822153978953,1091.1155307785195,3.741370219217885e-09,-0.23740683868214907,2.7597000301127537,True,0,Optimization terminated successfully,13,7,-1.6793198642392728,0.2182724872448725,0.2854746946776239,0.7645948706289348,3.8413716652030416e-14,0.0,0.0,0.09999999999999903,6.071991889563783e-14,0.09999999999999236,0.0383172898827274,5.361907905360449,0.0893651317560075
combined_effective_bets,Combined Factor Diversification,combined,effective_bets,monthly,3,2021-03-01,2020-02-28,2021-02-26,2021-03-01,252,252,60,0.2231409387588166,0.00022314093875881662,10.0,23.014831526063983,1144.0399490852305,3.835805215985945e-09,-0.09602128620994455,2.9761046427603395,True,0,Optimization terminated successfully,5,7,-1.751560559024588,0.3125395722142185,0.26224282248381386,1.1917945713595615,1.5314194357074484e-11,0.0,0.0,0.1,3.2160925004543355e-12,0.0984709258743421,0.03706441087439703,5.763590084011072,0.09605983473351785
combined_effective_bets,Combined Factor Diversification,combined,effective_bets,monthly,4,2021-04-01,2020-04-01,2021-03-31,2021-04-01,252,252,60,0.40735909356248473,0.00040735909356248473,10.0,15.539452910196802,662.0119356502846,2.5899087924670455e-09,-0.060127039234835644,2.867691654241286,True,0,Optimization terminated successfully,7,7,-2.4758723205033077,0.28342410841656906,0.15463150925584074,1.8329000976614576,9.271943213207123e-10,0.0,0.0,0.1,0.02987929908562054,0.09580968500899939,0.036701571195904864,11.892076291794512,0.19820127152990852
combined_effective_bets,Combined Factor Diversification,combined,effective_bets,monthly,5,2021-05-03,2020-05-01,2021-04-30,2021-05-03,252,252,60,0.3264049283143469,0.0003264049283143469,10.0,15.299208835217478,797.3610584587759,2.5498681137042323e-09,-0.2081438801394524,2.7040908911882555,True,0,Optimization terminated successfully,25,7,-2.81763411374784,0.22161762592873777,0.13499222966321953,1.6417065373439084,9.203748874142548e-13,0.0,0.0,0.1,0.04075015194660375,0.09434197922600451,0.035519728501512346,16.73720546829405,0.2789534244715675
combined_effective_bets,Combined Factor Diversification,combined,effective_bets,monthly,6,2021-06-01,2020-06-01,2021-05-28,2021-06-01,252,252,60,0.4938028177045902,0.0004938028177045902,10.0,19.13689618527403,1412.0335165734627,3.1894826656508454e-09,-0.09446757920356907,2.5441974199957964,True,0,Optimization terminated successfully,16,7,-2.7666143536468515,0.23703295555835888,0.12810500134979444,1.850302119830072,4.3254511084001024e-10,0.0,0.0,0.1,0.02545474805796159,0.0934270931691551,0.034819217700464804,15.90469507935247,0.26507825132254115
combined_effective_bets,Combined Factor Diversification,combined,effective_bets,monthly,7,2021-07-01,2020-07-01,2021-06-30,2021-07-01,252,252,60,0.37841150047199906,0.00037841150047199907,10.0,19.25250895118555,1689.7163954840023,3.2087514597767435e-09,-0.04517062980827402,2.4942228399591873,True,0,Optimization terminated successfully,25,7,-2.8658968931357984,0.2065137883161716,0.11701914706235797,1.7647863063479954,3.752553823233029e-14,0.0,0.0,0.1,0.016324205650687897,0.09703832746364244,0.03789732623741053,17.564799890437197,0.29274666484061995
combined_effective_bets,Combined Factor Diversification,combined,effective_bets,monthly,8,2021-08-02,2020-07-31,2021-07-30,2021-08-02,252,252,60,0.12442942125005174,0.00012442942125005175,10.0,19.050136395589725,1995.4538598721672,3.1750227008480616e-09,-0.03111480254552568,2.133926362043439,True,0,Optimization terminated successfully,14,7,-2.9229844280406,0.20529958505011373,0.10896493059706516,1.884088613879622,5.10702591327572e-13,0.0,0.0,0.1,0.01687529948379425,0.09459816353434639,0.0355224143984617,18.596705252024197,0.3099450875337366
combined_effective_bets,Combined Factor Diversification,combined,effective_bets,monthly,9,2021-09-01,2020-09-01,2021-08-31,2021-09-01,252,252,60,0.08525024158572642,8.525024158572641e-05,10.0,19.19628066223325,2130.421906888042,3.1993800783784072e-09,-0.07863987065770972,2.5355819840145335,True,0,Optimization terminated successfully,14,7,-2.9979140109154097,0.20686335112897491,0.10723001458492772,1.9291553016169383,1.7963408538435033e-12,0.0,0.0,0.1,0.01771369694778016,0.09376339982990203,0.035756407245692144,20.043682381643144,0.33406137302738576
combined_effective_bets,Combined Factor Diversification,combined,effective_bets,monthly,10,2021-10-01,2020-10-01,2021-09-30,2021-10-01,252,252,60,0.4546499113302885,0.00045464991133028847,10.0,19.277343381734276,2463.7964940943734,3.2128905314934743e-09,-0.12416434745014902,2.3815964347981127,True,0,Optimization terminated successfully,19,7,-3.0068848312823953,0.191326720445897,0.10633227403086717,1.7993287756674592,8.63444871157526e-11,0.0,0.0,0.1,0.011617643328106407,0.09410896359501499,0.03551866307579644,20.224299586761127,0.3370716597793521
combined_effective_bets,Combined Factor Diversification,combined,effective_bets,monthly,11,2021-11-01,2020-10-30,2021-10-29,2021-11-01,252,252,60,0.36491238466366843,0.00036491238466366844,10.0,19.338376758386744,2619.1166455316716,3.2230627608338288e-09,-0.03804484144889364,2.5476784819297986,True,0,Optimization terminated successfully,24,7,-3.123390524362875,0.21575952691625494,0.10434889870201637,2.0676742121868292,4.878319970202938e-13,0.0,0.0,0.09999999999991975,0.007082951762421026,0.09499116244521262,0.03578193898931219,22.723293059812136,0.37872155099686894
combined_effective_bets,Combined Factor Diversification,combined,effective_bets,monthly,12,2021-12-01,2020-12-01,2021-11-30,2021-12-01,252,252,60,0.5821003885434135,0.0005821003885434135,10.0,18.426989818738598,2669.717009456781,3.0711649390781164e-09,-0.17349452421536093,1.9218005257051143,True,0,Optimization terminated successfully,24,7,-3.049891254815012,0.15633478630797623,0.1070930816969087,1.4598028540296353,9.459100169806334e-14,0.0,0.0,0.1,0.008468095912930339,0.09412904641080176,0.036019758563739936,21.113048355350692,0.3518841392558449
combined_effective_bets,Combined Factor Diversification,combined,effective_bets,monthly,13,2022-01-03,2021-01-04,2021-12-31,2022-01-03,252,252,60,0.6042207788993597,0.0006042207788993597,10.0,17.698271806197972,2666.622618322197,2.949711938202543e-09,-0.12605950714046,1.882587306240429,True,0,Optimization terminated successfully,14,7,-3.106852685609103,0.11027956138594074,0.10846812811914051,1.0167001431499818,3.0375701953744283e-13,0.0,0.0,0.1,8.651454030048802e-14,0.09563917442446204,0.03776830790622526,22.350589255449595,0.3725098209241599
combined_effective_bets,Combined Factor Diversification,combined,effective_bets,monthly,14,2022-02-01,2021-02-02,2022-01-31,2022-02-01,252,252,60,0.34310166197721237,0.00034310166197721237,10.0,16.249425250724453,2851.3405090359306,2.7082375147050344e-09,-0.26246068625737806,1.7523508442205948,True,0,Optimization terminated successfully,13,7,-3.045441495983425,0.1812989268292421,0.10824497210912642,1.6748946699017746,7.978062654956375e-13,0.0,0.0,0.099999999999958,0.0022344892577060294,0.0950448087153589,0.03634406309070071,21.019309095192607,0.3503218182532101
combined_effective_bets,Combined Factor Diversification,combined,effective_bets,monthly,15,2022-03-01,2021-03-02,2022-02-28,2022-03-01,252,252,60,0.3368495045456022,0.0003368495045456022,10.0,15.6446971387369,2501.8334143156535,2.6074494970483213e-09,-0.46865655744791945,1.8126264661629579,True,0,Optimization terminated successfully,15,7,-2.9682741307527434,0.07261621420842496,0.1061968746803667,0.683788618327861,2.605424764823283e-10,0.0,0.0,0.1,0.008604160942318851,0.09369139387897263,0.036113798959343524,19.4583081042933,0.324305135071555
combined_effective_bets,Combined Factor Diversification,combined,effective_bets,monthly,16,2022-04-01,2021-04-05,2022-03-31,2022-04-01,252,252,60,0.11929274731474394,0.00011929274731474395,10.0,15.508194418583997,2657.7874311998767,2.5846990439170094e-09,-0.30439771676211014,1.885652709704718,True,0,Optimization terminated successfully,25,7,-3.0153098407011267,0.08782345810915428,0.1067936235977687,0.8223661221566531,1.2256862191861728e-13,0.0,0.0,0.09999999999998443,0.00728419998142345,0.09864927914244631,0.0381070850310738,20.395409289571866,0.3399234881595311
combined_effective_bets,Combined Factor Diversification,combined,effective_bets,monthly,17,2022-05-02,2021-05-03,2022-04-29,2022-05-02,252,252,60,0.13883143695035557,0.00013883143695035558,10.0,14.616939598090791,2268.0705823024423,2.4361565753202328e-09,-0.8113680578388313,0.9388799704010586,True,0,Optimization terminated successfully,13,7,-2.807680027517785,0.06659976423124299,0.11796824309065129,0.5645567187100108,3.482899524342997e-10,0.0,0.0,0.1,0.01133893992623882,0.09629430589085966,0.03672087013636428,16.571428330591587,0.2761904721765264
combined_effective_bets,Combined Factor Diversification,combined,effective_bets,monthly,18,2022-06-01,2021-06-02,2022-05-31,2022-06-01,252,252,60,0.2484484816232833,0.0002484484816232833,10.0,11.427291522924937,1749.1168499859352,1.9045485681086706e-09,-1.3313647804876834,1.0545687899640876,True,0,Optimization terminated successfully,8,7,-2.652488289797394,0.10356066959853098,0.119668649515253,0.8653951558576845,1.1286527268339341e-12,0.0,0.0,0.09999999999995085,0.019359079153709418,0.09687773205971767,0.037645738260269256,14.189301849670152,0.2364883641611692
combined_effective_bets,Combined Factor Diversification,combined,effective_bets,monthly,19,2022-07-01,2021-07-01,2022-06-30,2022-07-01,252,252,60,0.06928916346965465,6.928916346965465e-05,10.0,11.39417321293967,1728.2897413627395,1.8990288498329904e-09,-1.3731545680323536,0.8011361548468544,True,0,Optimization terminated successfully,12,7,-2.485301190077824,0.06639531673992531,0.12984508141452397,0.5113425631269125,1.0533796057643485e-12,0.0,0.0,0.1,0.007588839081998727,0.09448484272219325,0.037288237087657966,12.004735417572967,0.2000789236262161
combined_effective_bets,Combined Factor Diversification,combined,effective_bets,monthly,20,2022-08-01,2021-07-30,2022-07-29,2022-08-01,252,252,60,0.18297002854126806,0.00018297002854126808,10.0,11.969160269844172,1745.9274188145564,1.9948600250254287e-09,-1.124999905167706,1.0610827829850287,True,0,Optimization terminated successfully,13,7,-2.4476363155064083,0.04604322719282102,0.1288838663561468,0.35724585624696464,1.5400791752995246e-11,0.0,0.0,0.1,0.007694755992835594,0.09857946734252077,0.0374939652633561,11.560987870358042,0.19268313117263405
combined_effective_bets,Combined Factor Diversification,combined,effective_bets,monthly,21,2022-09-01,2021-09-01,2022-08-31,2022-09-01,252,252,60,0.1925603046970689,0.00019256030469706889,10.0,11.88356948842717,1737.9821098442574,1.9805948949319128e-09,-1.791651518649385,1.1828191271343909,True,0,Optimization terminated successfully,12,7,-2.4881629004124473,0.08353420976146814,0.12969382622520795,0.6440877888544552,1.6431300764452317e-13,0.0,0.0,0.0999999999999896,0.006286415780571999,0.09333857715923592,0.03564951690108709,12.039138695611534,0.20065231159352556
combined_effective_bets,Combined Factor Diversification,combined,effective_bets,monthly,22,2022-10-03,2021-10-01,2022-09-30,2022-10-03,252,252,60,0.1386537964294506,0.0001386537964294506,10.0,11.7416379889912,1698.8803108499346,1.9569396452624707e-09,-1.6131078797075316,0.8913308032260187,True,0,Optimization terminated successfully,13,7,-2.3747471576763894,0.07032893718928264,0.13826083305142958,0.5086685479691998,3.2240876635114546e-13,0.0,0.0,0.1,0.028729312862042427,0.09378170508935048,0.035306742893282075,10.748295218544312,0.1791382536424052
combined_effective_bets,Combined Factor Diversification,combined,effective_bets,monthly,23,2022-11-01,2021-11-01,2022-10-31,2022-11-01,252,252,60,0.08731845953325074,8.731845953325073e-05,10.0,11.868531637254668,1529.6921907522328,1.9780885864282257e-09,-1.7028483801535979,0.9320822595695339,True,0,Optimization terminated successfully,7,7,-2.2428874172906594,0.17511237149929498,0.15094945873831372,1.1600728678522136,1.5716317136593716e-12,0.0,0.0,0.1,0.04299930862395885,0.09509801935583173,0.035786395053247,9.420492949274077,0.15700821582123461
combined_effective_bets,Combined Factor Diversification,combined,effective_bets,monthly,24,2022-12-01,2021-12-01,2022-11-30,2022-12-01,252,252,60,0.1528207362087344,0.0001528207362087344,10.0,12.511759456409925,1741.479417358475,2.0852932218820557e-09,-1.4992075946870713,1.012398262304997,True,0,Optimization terminated successfully,7,7,-2.188950416958906,0.35102193846697693,0.15374449460593279,2.2831512722890794,2.205347016115411e-12,0.0,0.0,0.1,0.02670892451182955,0.096084948395057,0.03703336866218543,8.925839786448675,0.14876399644081126
combined_effective_bets,Combined Factor Diversification,combined,effective_bets,monthly,25,2023-01-03,2021-12-31,2022-12-30,2023-01-03,252,252,60,0.22235394932898261,0.00022235394932898262,10.0,12.204746130223773,1687.7212445509294,2.034124334696052e-09,-1.6878110548244987,0.9359017507349877,True,0,Optimization terminated successfully,22,7,-2.1853209715846584,0.2485767284393702,0.16374334649540245,1.5180875055973628,3.064215547965432e-14,0.0,0.0,0.1,0.03532712638841468,0.09543058644004458,0.03748370580318218,8.893502656944761,0.1482250442824127
combined_effective_bets,Combined Factor Diversification,combined,effective_bets,monthly,26,2023-02-01,2022-01-31,2023-01-31,2023-02-01,252,252,60,0.21495182802541757,0.00021495182802541758,10.0,12.050344039961132,1534.2625053683762,2.0083906532429493e-09,-0.9061169181647154,0.6931753816190576,True,0,Optimization terminated successfully,15,7,-2.216640642692708,0.20422448812813287,0.1648725322650339,1.2386810909159836,2.5790480862042386e-13,0.0,0.0,0.1,0.010114506660909168,0.0981817050120256,0.03813330879815121,9.176452047189576,0.1529408674531596
combined_effective_bets,Combined Factor Diversification,combined,effective_bets,monthly,27,2023-03-01,2022-02-28,2023-02-28,2023-03-01,252,252,60,0.29488984025191856,0.00029488984025191856,10.0,11.707887040687611,1718.4028867774784,1.9513144872681243e-09,-1.0331553358389942,0.560747599864184,True,0,Optimization terminated successfully,15,7,-2.167660978559383,0.16082890964009441,0.15438747273067233,1.0417225361325728,1.645350522494482e-13,0.0,0.0,0.1,0.02608375883303211,0.09614397318311788,0.036393488191911634,8.737822166296993,0.14563036943828322
combined_effective_bets,Combined Factor Diversification,combined,effective_bets,monthly,28,2023-04-03,2022-03-31,2023-03-31,2023-04-03,252,252,60,0.3065787846573541,0.0003065787846573541,10.0,11.569485901906852,1617.680774762569,1.928247631035332e-09,-1.1728849366405165,0.4041887312530835,True,0,Optimization terminated successfully,12,7,-2.2538908261932296,0.08842030961775345,0.16039598141373693,0.551262624153131,8.08242361927114e-14,0.0,0.0,0.1,0.013297704386215836,0.09769411700664801,0.037130472349482566,9.52472287587539,0.15874538126458984
combined_effective_bets,Combined Factor Diversification,combined,effective_bets,monthly,29,2023-05-01,2022-04-28,2023-04-28,2023-05-01,252,252,60,0.21925298490988573,0.00021925298490988574,10.0,11.166942179208714,1653.5195744327805,1.8611570112565487e-09,-0.8606587353755566,0.5858993506629674,True,0,Optimization terminated successfully,4,7,-2.3425414288798727,0.07539471183787028,0.15569394959593622,0.48424946527169455,2.1151969065158482e-12,0.0,0.0,0.1,1.0004698546659938e-12,0.09999999999649245,0.03784064299965012,10.407653291040784,0.17346088818401306
combined_effective_bets,Combined Factor Diversification,combined,effective_bets,monthly,30,2023-06-01,2022-05-31,2023-05-31,2023-06-01,252,252,60,0.016211170753840973,1.6211170753840972e-05,10.0,9.835175172956511,1381.864585035373,1.63919584576746e-09,-0.45545680673063427,0.9143758820515224,True,0,Optimization terminated successfully,20,7,-2.249280834117837,-0.01203294257715667,0.14889534422157202,-0.0808147671780145,4.324018920698336e-11,0.0,0.0,0.1,1.6311537424307354e-11,0.09999999984374791,0.03813616711534247,9.480915033384413,0.1580152505564069
combined_effective_bets,Combined Factor Diversification,combined,effective_bets,monthly,31,2023-07-03,2022-06-30,2023-06-30,2023-07-03,252,252,60,0.11045189105800873,0.00011045189105800874,10.0,9.43331720504861,1200.8833950209728,1.5722195184525737e-09,-0.4050686877913898,1.2823855441728425,True,0,Optimization terminated successfully,15,7,-2.4675419721197795,0.09362110296148195,0.1380125697013063,0.6783520020248983,1.3744561044859438e-13,0.0,0.0,0.1,0.01995123014901709,0.09680585713912246,0.036673590633250146,11.793422633454806,0.19655704389091344
combined_effective_bets,Combined Factor Diversification,combined,effective_bets,monthly,32,2023-08-01,2022-07-29,2023-07-31,2023-08-01,252,252,60,0.05489024356708341,5.489024356708342e-05,10.0,9.726061270141216,1224.4960377248765,1.6210101954801005e-09,-0.4257137157133368,1.4045880045311487,True,0,Optimization terminated successfully,17,7,-2.4916447524402847,0.08784196689821563,0.13749961524389526,0.6388524560043499,1.7257306694773433e-12,0.0,0.0,0.1,0.011257752024149772,0.09800192354995818,0.037313872014908225,12.081130256870628,0.2013521709478438
combined_effective_bets,Combined Factor Diversification,combined,effective_bets,monthly,33,2023-09-01,2022-08-31,2023-08-31,2023-09-01,252,252,60,0.2272282301744353,0.0002272282301744353,10.0,9.377587196601691,1081.8201815904176,1.562931183804303e-09,-0.43813560969970056,1.3175303418143658,True,0,Optimization terminated successfully,21,7,-2.4396350883724742,0.08842673050839589,0.13557919807359575,0.6522145857537501,9.126033262418787e-14,0.0,0.0,0.1,0.00752885758960189,0.09860759587529334,0.0373655902311022,11.468854860609696,0.1911475810101616
combined_effective_bets,Combined Factor Diversification,combined,effective_bets,monthly,34,2023-10-02,2022-09-29,2023-09-29,2023-10-02,252,252,60,0.12277966419624671,0.00012277966419624672,10.0,8.745983435227723,972.001657314027,1.4576638912946484e-09,-0.43345810393913387,1.3764609828460026,True,0,Optimization terminated successfully,17,7,-2.566532792805325,0.14596373930740164,0.1266561741890911,1.1524407731555617,4.04121180963557e-14,0.0,0.0,0.1,0.011419132430230395,0.09631318813602519,0.03651371291704835,13.02060096531321,0.2170100160885535
combined_effective_bets,Combined Factor Diversification,combined,effective_bets,monthly,35,2023-11-01,2022-10-31,2023-10-31,2023-11-01,252,252,60,0.19846053114655637,0.00019846053114655636,10.0,8.394732475838616,940.1625344027392,1.3991220653152154e-09,-0.4631479082031792,1.221485025665576,True,0,Optimization terminated successfully,8,7,-2.720627442334646,0.0072681971804540325,0.11250175401739751,0.06460518988290674,6.228351168147128e-13,0.0,0.0,0.1,0.01328024696861242,0.09403971668123305,0.03602756904346035,15.18985001053312,0.25316416684221865
combined_effective_bets,Combined Factor Diversification,combined,effective_bets,monthly,36,2023-12-01,2022-11-30,2023-11-30,2023-12-01,252,252,60,0.2386601628310444,0.0002386601628310444,10.0,7.481652148752392,718.9236053277319,1.2469420123226453e-09,-0.2766021355118453,1.2222043695132911,True,0,Optimization terminated successfully,33,7,-2.7075611854963477,0.04057570533645511,0.11226943433331624,0.36141364368141443,4.463096558993129e-14,0.0,0.0,0.09999999999999222,0.021914793660334084,0.09357842779475795,0.03636329826329879,14.992666559141718,0.2498777759856953
combined_risk_parity,Combined Risk Parity,combined,risk_parity,monthly,1,2021-01-04,2020-01-03,2020-12-31,2021-01-04,252,252,60,1.0,0.001,10.0,21.157579991903326,1033.413620149154,3.526263296721254e-09,-0.3492732395247833,1.982593873089236,True,0,Optimization terminated successfully,13,1,1.2075209553654918e-10,0.3645802082736537,0.3379384652804809,1.0788360773641463,2.220446049250313e-16,0.0,0.009050936694150746,0.035011673812902044,0.1182590890271011,0.01856236249340066,1.4186384055173202e-06,1.3861511375343896,0.02310251895890649
combined_risk_parity,Combined Risk Parity,combined,risk_parity,monthly,2,2021-02-01,2020-01-31,2021-01-29,2021-02-01,252,252,60,0.04211244098902321,4.211244098902321e-05,10.0,22.44822153978953,1091.1155307785195,3.741370219217885e-09,-0.23740683868214907,2.7597000301127537,True,0,Optimization terminated successfully,13,1,9.920448720939535e-11,0.3085222322144494,0.3412462788127886,0.9041043122515867,0.0,0.0,0.009043776990805785,0.033918971414733025,0.11483258143348156,0.01859054491445315,1.2858491825080027e-06,1.4965327816465186,0.024942213027441977
combined_risk_parity,Combined Risk Parity,combined,risk_parity,monthly,3,2021-03-01,2020-02-28,2021-02-26,2021-03-01,252,252,60,0.06265790310909865,6.265790310909865e-05,10.0,23.014831526063983,1144.0399490852305,3.835805215985945e-09,-0.09602128620994455,2.9761046427603395,True,0,Optimization terminated successfully,13,1,1.76338311709496e-10,0.4383230634443276,0.3370091689210663,1.3006265225590667,0.0,0.0,0.009007808281377394,0.03361393916122515,0.11173880242570844,0.01860365266358489,1.7143429825518198e-06,1.5847726278701786,0.026412877131169642
combined_risk_parity,Combined Risk Parity,combined,risk_parity,monthly,4,2021-04-01,2020-04-01,2021-03-31,2021-04-01,252,252,60,0.07690878635761325,7.690878635761325e-05,10.0,15.539452910196802,662.0119356502846,2.5899087924670455e-09,-0.060127039234835644,2.867691654241286,True,0,Optimization terminated successfully,18,1,2.375971817693802e-10,0.5386596880425214,0.20278031080247094,2.6563707586346084,0.0,0.0,0.006700983360795335,0.03973462326211976,0.09219156670763018,0.019624776338478457,1.9899630723933997e-06,3.2806252319759563,0.054677087199599274
combined_risk_parity,Combined Risk Parity,combined,risk_parity,monthly,5,2021-05-03,2020-05-01,2021-04-30,2021-05-03,252,252,60,0.07741182536616069,7.741182536616069e-05,10.0,15.299208835217478,797.3610584587759,2.5498681137042323e-09,-0.2081438801394524,2.7040908911882555,True,0,Optimization terminated successfully,20,1,4.426581357917503e-10,0.45893663095138343,0.16537740999412257,2.775086579041804,0.0,0.0,0.005391577099526557,0.03876313353900614,0.07673531278402768,0.020123707983274876,2.716180332107532e-06,4.366491717984804,0.0727748619664134
combined_risk_parity,Combined Risk Parity,combined,risk_parity,monthly,6,2021-06-01,2020-06-01,2021-05-28,2021-06-01,252,252,60,0.049106449100736214,4.9106449100736214e-05,10.0,19.13689618527403,1412.0335165734627,3.1894826656508454e-09,-0.09446757920356907,2.5441974199957964,True,0,Optimization terminated successfully,22,1,1.9234286084120872e-10,0.4060624971235446,0.15836233397063237,2.5641355929930105,2.220446049250313e-16,0.0,0.0043059911693492025,0.035173083155623154,0.05640297162561077,0.020501519407089386,1.790450878229704e-06,4.377136246425824,0.07295227077376373
combined_risk_parity,Combined Risk Parity,combined,risk_parity,monthly,7,2021-07-01,2020-07-01,2021-06-30,2021-07-01,252,252,60,0.04792859444403984,4.7928594444039835e-05,10.0,19.25250895118555,1689.7163954840023,3.2087514597767435e-09,-0.04517062980827402,2.4942228399591873,True,0,Optimization terminated successfully,23,1,4.2032567406036245e-11,0.38814589031320806,0.13721532746234638,2.8287356630746676,0.0,0.0,0.003727827889445118,0.03706386236248816,0.049079096635706275,0.020493939711172277,8.369843428049104e-07,5.527127687303348,0.09211879478838912
combined_risk_parity,Combined Risk Parity,combined,risk_parity,monthly,8,2021-08-02,2020-07-31,2021-07-30,2021-08-02,252,252,60,0.02055087158531252,2.055087158531252e-05,10.0,19.050136395589725,1995.4538598721672,3.1750227008480616e-09,-0.03111480254552568,2.133926362043439,True,0,Optimization terminated successfully,22,1,2.2564522036933193e-10,0.350699380708464,0.13565538167791644,2.5852227635253113,0.0,0.0,0.003629654363840772,0.03661026183448917,0.04791732532155414,0.02056941299120545,1.939266271769529e-06,6.0695564318059585,0.10115927386343264
combined_risk_parity,Combined Risk Parity,combined,risk_parity,monthly,9,2021-09-01,2020-09-01,2021-08-31,2021-09-01,252,252,60,0.025954173512181038,2.595417351218104e-05,10.0,19.19628066223325,2130.421906888042,3.1993800783784072e-09,-0.07863987065770972,2.5355819840145335,True,0,Optimization terminated successfully,23,1,7.195875763227864e-11,0.3436658261131469,0.13409176429889885,2.562915238754667,0.0,0.0,0.003551455814243084,0.03829926204072782,0.04691730522013085,0.020735717987246483,1.095131328747876e-06,6.520302164802707,0.10867170274671177
combined_risk_parity,Combined Risk Parity,combined,risk_parity,monthly,10,2021-10-01,2020-10-01,2021-09-30,2021-10-01,252,252,60,0.032048346693306314,3.2048346693306315e-05,10.0,19.277343381734276,2463.7964940943734,3.2128905314934743e-09,-0.12416434745014902,2.3815964347981127,True,0,Optimization terminated successfully,25,1,2.0473359556955577e-10,0.28145461173169833,0.124848223559878,2.2543741809566953,0.0,0.0,0.0032234431555009492,0.038653011923593605,0.0411662954730592,0.021067913358604303,1.8472213166877788e-06,7.012592533030062,0.11687654221716769
combined_risk_parity,Combined Risk Parity,combined,risk_parity,monthly,11,2021-11-01,2020-10-30,2021-10-29,2021-11-01,252,252,60,0.03758351191962621,3.758351191962621e-05,10.0,19.338376758386744,2619.1166455316716,3.2230627608338288e-09,-0.03804484144889364,2.5476784819297986,True,0,Optimization terminated successfully,23,1,2.581566634228181e-10,0.35770757404751463,0.11950527903758214,2.993236591121823,0.0,0.0,0.002997650153963878,0.038791927991458156,0.037999596085789636,0.02102134338478685,2.074273621547167e-06,7.538672933287164,0.1256445488881194
combined_risk_parity,Combined Risk Parity,combined,risk_parity,monthly,12,2021-12-01,2020-12-01,2021-11-30,2021-12-01,252,252,60,0.048728516741865124,4.872851674186512e-05,10.0,18.426989818738598,2669.717009456781,3.0711649390781164e-09,-0.17349452421536093,1.9218005257051143,True,0,Optimization terminated successfully,22,1,1.1710397923625983e-10,0.21901329918825574,0.11647226448948583,1.880390152524479,0.0,0.0,0.0030833969049799043,0.035386681396494375,0.03665130152443648,0.02069539444027813,1.397044375555496e-06,6.969198135723532,0.11615330226205887
combined_risk_parity,Combined Risk Parity,combined,risk_parity,monthly,13,2022-01-03,2021-01-04,2021-12-31,2022-01-03,252,252,60,0.028206191740213476,2.8206191740213476e-05,10.0,17.698271806197972,2666.622618322197,2.949711938202543e-09,-0.12605950714046,1.882587306240429,True,0,Optimization terminated successfully,22,1,3.236430515310684e-10,0.25259764941361296,0.12077588908092465,2.0914575859123876,0.0,0.0,0.003228235735710782,0.03420646712955441,0.03805365976395471,0.020761081703879324,2.3225096036077555e-06,7.052895245126038,0.11754825408543397
combined_risk_parity,Combined Risk Parity,combined,risk_parity,monthly,14,2022-02-01,2021-02-02,2022-01-31,2022-02-01,252,252,60,0.040477641120474646,4.047764112047465e-05,10.0,16.249425250724453,2851.3405090359306,2.7082375147050344e-09,-0.26246068625737806,1.7523508442205948,True,0,Optimization terminated successfully,21,1,1.8637605387471023e-10,0.21702019317557583,0.11906830052209774,1.8226529834050946,0.0,0.0,0.003206460113956017,0.0339880495111883,0.03891371008012871,0.020688662937328565,1.7624606561789574e-06,5.6644715585375796,0.09440785930895966
combined_risk_parity,Combined Risk Parity,combined,risk_parity,monthly,15,2022-03-01,2021-03-02,2022-02-28,2022-03-01,252,252,60,0.037778463828747506,3.777846382874751e-05,10.0,15.6446971387369,2501.8334143156535,2.6074494970483213e-09,-0.46865655744791945,1.8126264661629579,True,0,Optimization terminated successfully,21,1,1.6663830946518105e-10,0.16619638879500923,0.12156458100688189,1.3671448329641402,1.1102230246251565e-16,0.0,0.003304385986726485,0.03220472474772704,0.041290388100768356,0.020595698640744318,1.6665248746278031e-06,4.540293024699172,0.07567155041165287
combined_risk_parity,Combined Risk Parity,combined,risk_parity,monthly,16,2022-04-01,2021-04-05,2022-03-31,2022-04-01,252,252,60,0.02288644121536516,2.288644121536516e-05,10.0,15.508194418583997,2657.7874311998767,2.5846990439170094e-09,-0.30439771676211014,1.885652709704718,True,0,Optimization terminated successfully,21,1,2.7803113946712765e-10,0.1628268226858253,0.12219829278831415,1.3324803397040295,0.0,0.0,0.0033552454787175697,0.03368319148177768,0.04207850152167679,0.021007097553701698,2.1526384565117164e-06,4.3909241322200145,0.07318206887033357
combined_risk_parity,Combined Risk Parity,combined,risk_parity,monthly,17,2022-05-02,2021-05-03,2022-04-29,2022-05-02,252,252,60,0.04547729345274711,4.547729345274711e-05,10.0,14.616939598090791,2268.0705823024423,2.4361565753202328e-09,-0.8113680578388313,0.9388799704010586,True,0,Optimization terminated successfully,21,1,2.2837775341612412e-10,0.05576759281484145,0.13344020557957345,0.4179219641683327,0.0,0.0,0.00367916270551769,0.03273766901908986,0.04644655912455144,0.020651811661217535,1.950973062414856e-06,3.462673711605051,0.05771122852675085
combined_risk_parity,Combined Risk Parity,combined,risk_parity,monthly,18,2022-06-01,2021-06-02,2022-05-31,2022-06-01,252,252,60,0.056431294578291206,5.6431294578291206e-05,10.0,11.427291522924937,1749.1168499859352,1.9045485681086706e-09,-1.3313647804876834,1.0545687899640876,True,0,Optimization terminated successfully,20,1,9.957093946904444e-10,0.031839307453197185,0.14337419713551702,0.2220713914310727,0.0,0.0,0.004843766725976053,0.03496944385294866,0.057351881009081555,0.020943763776077852,4.073715328563493e-06,3.1146355558181256,0.05191059259696876
combined_risk_parity,Combined Risk Parity,combined,risk_parity,monthly,19,2022-07-01,2021-07-01,2022-06-30,2022-07-01,252,252,60,0.044276748270555624,4.4276748270555626e-05,10.0,11.39417321293967,1728.2897413627395,1.8990288498329904e-09,-1.3731545680323536,0.8011361548468544,True,0,Optimization terminated successfully,21,1,5.889222132274791e-10,-0.04883819313137381,0.15966212720828657,-0.305884645189915,1.1102230246251565e-16,0.0,0.005218464094505449,0.037543282037958495,0.05926575210328218,0.020891633278209407,3.1329491250989596e-06,2.815942596198759,0.04693237660331265
combined_risk_parity,Combined Risk Parity,combined,risk_parity,monthly,20,2022-08-01,2021-07-30,2022-07-29,2022-08-01,252,252,60,0.03975607881194894,3.975607881194894e-05,10.0,11.969160269844172,1745.9274188145564,1.9948600250254287e-09,-1.124999905167706,1.0610827829850287,True,0,Optimization terminated successfully,20,1,4.482117544179205e-10,-0.004126937396655258,0.1620134315318639,-0.025472810233289792,0.0,0.0,0.005070370819117446,0.03498039762789948,0.05965766635030391,0.0208616847653215,2.733165912813488e-06,2.879876277484262,0.04799793795807104
combined_risk_parity,Combined Risk Parity,combined,risk_parity,monthly,21,2022-09-01,2021-09-01,2022-08-31,2022-09-01,252,252,60,0.021145748187259956,2.1145748187259958e-05,10.0,11.88356948842717,1737.9821098442574,1.9805948949319128e-09,-1.791651518649385,1.1828191271343909,True,0,Optimization terminated successfully,19,1,5.518348259576426e-10,-0.05681213416002667,0.16681246084816764,-0.3405748819432438,0.0,0.0,0.0050868445475149345,0.03370778267068796,0.061772930363440316,0.020736278244322136,3.032696341425064e-06,2.8568373642010934,0.04761395607001822
combined_risk_parity,Combined Risk Parity,combined,risk_parity,monthly,22,2022-10-03,2021-10-01,2022-09-30,2022-10-03,252,252,60,0.03373943150991208,3.373943150991208e-05,10.0,11.7416379889912,1698.8803108499346,1.9569396452624707e-09,-1.6131078797075316,0.8913308032260187,True,0,Optimization terminated successfully,18,1,3.6500409829280364e-10,-0.09364812854184759,0.17785143602640668,-0.5265525577648026,2.220446049250313e-16,0.0,0.005553368137470745,0.034201967912401036,0.06965643495008664,0.020224491547024995,2.466455277967516e-06,2.6931594406420003,0.04488599067736667
combined_risk_parity,Combined Risk Parity,combined,risk_parity,monthly,23,2022-11-01,2021-11-01,2022-10-31,2022-11-01,252,252,60,0.03806810211730399,3.8068102117303995e-05,10.0,11.868531637254668,1529.6921907522328,1.9780885864282257e-09,-1.7028483801535979,0.9320822595695339,True,0,Optimization terminated successfully,19,1,1.727908243526964e-10,-0.061718771650484124,0.1903362665758284,-0.32426175400417384,2.220446049250313e-16,0.0,0.006131907098828343,0.03862329093476414,0.07832419943594768,0.019875377219536115,1.6970112175658559e-06,2.5127894548850787,0.041879824248084646
combined_risk_parity,Combined Risk Parity,combined,risk_parity,monthly,24,2022-12-01,2021-12-01,2022-11-30,2022-12-01,252,252,60,0.037782992852417076,3.7782992852417074e-05,10.0,12.511759456409925,1741.479417358475,2.0852932218820557e-09,-1.4992075946870713,1.012398262304997,True,0,Optimization terminated successfully,20,1,6.300041386394707e-10,0.05723285159781814,0.1988161917382314,0.28786816152867967,0.0,0.0,0.005857241921217945,0.04370637299625403,0.07566270710173044,0.02024990953944694,3.2403809926187356e-06,2.3908368069326627,0.03984728011554438
combined_risk_parity,Combined Risk Parity,combined,risk_parity,monthly,25,2023-01-03,2021-12-31,2022-12-30,2023-01-03,252,252,60,0.026838192441777146,2.6838192441777147e-05,10.0,12.204746130223773,1687.7212445509294,2.034124334696052e-09,-1.6878110548244987,0.9359017507349877,True,0,Optimization terminated successfully,19,1,8.07072207045609e-10,-0.03454090038456122,0.20046830899207393,-0.1723010512645512,1.1102230246251565e-16,0.0,0.005806450965966925,0.041380934169756696,0.07768075893692619,0.02009300015655896,3.6675882335343904e-06,2.31693314638184,0.03861555243969734
combined_risk_parity,Combined Risk Parity,combined,risk_parity,monthly,26,2023-02-01,2022-01-31,2023-01-31,2023-02-01,252,252,60,0.03394779939836764,3.3947799398367636e-05,10.0,12.050344039961132,1534.2625053683762,2.0083906532429493e-09,-0.9061169181647154,0.6931753816190576,True,0,Optimization terminated successfully,19,1,4.400034291709817e-10,0.0669662622011829,0.2027840060564112,0.3302344376338733,0.0,0.0,0.005621043713208505,0.04030442498783563,0.07923412271606492,0.019986593945327685,2.708023354068688e-06,2.2991239433336017,0.03831873238889336
combined_risk_parity,Combined Risk Parity,combined,risk_parity,monthly,27,2023-03-01,2022-02-28,2023-02-28,2023-03-01,252,252,60,0.01787077080068333,1.787077080068333e-05,10.0,11.707887040687611,1718.4028867774784,1.9513144872681243e-09,-1.0331553358389942,0.560747599864184,True,0,Optimization terminated successfully,19,1,5.969315835891876e-10,0.005557818227987162,0.2010264332095514,0.027647201113067812,1.1102230246251565e-16,0.0,0.005602252527837079,0.04071517831920313,0.07954961935338434,0.01997596892270861,3.1541813084359375e-06,2.271879513687372,0.037864658561456196
combined_risk_parity,Combined Risk Parity,combined,risk_parity,monthly,28,2023-04-03,2022-03-31,2023-03-31,2023-04-03,252,252,60,0.027744514674312097,2.7744514674312097e-05,10.0,11.569485901906852,1617.680774762569,1.928247631035332e-09,-1.1728849366405165,0.4041887312530835,True,0,Optimization terminated successfully,19,1,4.681113214194721e-10,-0.03834610255232791,0.20354925950380412,-0.18838733506476482,2.220446049250313e-16,0.0,0.005775064881568448,0.04117961709885586,0.07962416193667661,0.019955555050010922,2.7931801511881894e-06,2.20803643949555,0.036800607324925835
combined_risk_parity,Combined Risk Parity,combined,risk_parity,monthly,29,2023-05-01,2022-04-28,2023-04-28,2023-05-01,252,252,60,0.022340515216538005,2.2340515216538005e-05,10.0,11.166942179208714,1653.5195744327805,1.8611570112565487e-09,-0.8606587353755566,0.5858993506629674,True,0,Optimization terminated successfully,18,1,8.931257390827882e-10,0.024698326239091493,0.2015017846836579,0.12257125304307324,0.0,0.0,0.005846944228383648,0.04074740265047666,0.08118633375529283,0.019876460211899656,3.8581639395849765e-06,2.226876547908979,0.037114609131816315
combined_risk_parity,Combined Risk Parity,combined,risk_parity,monthly,30,2023-06-01,2022-05-31,2023-05-31,2023-06-01,252,252,60,0.029005395856639755,2.9005395856639756e-05,10.0,9.835175172956511,1381.864585035373,1.63919584576746e-09,-0.45545680673063427,0.9143758820515224,True,0,Optimization terminated successfully,17,1,2.9928302021005986e-10,-0.015649155878830208,0.18872879028319678,-0.08291875264684251,0.0,0.0,0.006081641616420235,0.04079440900790314,0.0871283157611494,0.01951716495981223,2.2333943531839406e-06,2.1737806015011527,0.03622967669168588
combined_risk_parity,Combined Risk Parity,combined,risk_parity,monthly,31,2023-07-03,2022-06-30,2023-06-30,2023-07-03,252,252,60,0.0397827869146372,3.97827869146372e-05,10.0,9.43331720504861,1200.8833950209728,1.5722195184525737e-09,-0.4050686877913898,1.2823855441728425,True,0,Optimization terminated successfully,19,1,1.7023618676674804e-10,0.1435239206197763,0.1742950936447468,0.8234535902215976,0.0,0.0,0.005895914873779625,0.04465701788968237,0.0901890349617474,0.019672303107783104,1.6844197159396903e-06,2.4604775722842542,0.041007959538070904
combined_risk_parity,Combined Risk Parity,combined,risk_parity,monthly,32,2023-08-01,2022-07-29,2023-07-31,2023-08-01,252,252,60,0.03200942749233486,3.2009427492334864e-05,10.0,9.726061270141216,1224.4960377248765,1.6210101954801005e-09,-0.4257137157133368,1.4045880045311487,True,0,Optimization terminated successfully,19,1,2.7426190951373564e-10,0.1323855995035968,0.17221983958050155,0.7687012125087664,0.0,0.0,0.006518131008943968,0.04352359285554211,0.08852068724188165,0.01959720272166273,2.137997152764607e-06,2.5702668507206,0.04283778084534333
combined_risk_parity,Combined Risk Parity,combined,risk_parity,monthly,33,2023-09-01,2022-08-31,2023-08-31,2023-09-01,252,252,60,0.02661277117714817,2.6612771177148174e-05,10.0,9.377587196601691,1081.8201815904176,1.562931183804303e-09,-0.43813560969970056,1.3175303418143658,True,0,Optimization terminated successfully,18,1,5.262867412095746e-10,0.11196134382961553,0.1693169379896725,0.6612530628001589,0.0,0.0,0.0066678961181846266,0.04169292377180877,0.08845310791534815,0.019489831409471605,2.9616626558112137e-06,2.609946677581031,0.04349911129301719
combined_risk_parity,Combined Risk Parity,combined,risk_parity,monthly,34,2023-10-02,2022-09-29,2023-09-29,2023-10-02,252,252,60,0.022650330134811703,2.2650330134811705e-05,10.0,8.745983435227723,972.001657314027,1.4576638912946484e-09,-0.43345810393913387,1.3764609828460026,True,0,Optimization terminated successfully,18,1,6.279717202104236e-10,0.1571848184097773,0.1581336799528831,0.9939996239675917,0.0,0.0,0.006672747107697801,0.04160284381655294,0.0877916941633229,0.019614895765630868,3.2351499713056657e-06,2.72810485180106,0.045468414196684334
combined_risk_parity,Combined Risk Parity,combined,risk_parity,monthly,35,2023-11-01,2022-10-31,2023-10-31,2023-11-01,252,252,60,0.030793225511524896,3.0793225511524895e-05,10.0,8.394732475838616,940.1625344027392,1.3991220653152154e-09,-0.4631479082031792,1.221485025665576,True,0,Optimization terminated successfully,20,1,1.7440703407038994e-10,0.06005875808360445,0.14248582324433207,0.4215069030454826,0.0,0.0,0.00595318871461233,0.043640995650779855,0.07865375403202177,0.02015109072416293,1.7049292950657146e-06,3.118381765206728,0.051973029420112137
combined_risk_parity,Combined Risk Parity,combined,risk_parity,monthly,36,2023-12-01,2022-11-30,2023-11-30,2023-12-01,252,252,60,0.04836902628865884,4.836902628865884e-05,10.0,7.481652148752392,718.9236053277319,1.2469420123226453e-09,-0.2766021355118453,1.2222043695132911,True,0,Optimization terminated successfully,17,1,2.342080823794155e-10,0.09577772195883573,0.13105291302038605,0.7308324534834029,1.1102230246251565e-16,0.0,0.006823809301674695,0.03804569947885096,0.09089115313347534,0.01957822625021922,1.9757196257707745e-06,3.0387190681874245,0.05064531780312374
crypto_effective_bets,Crypto Factor Diversification,crypto,effective_bets,monthly,1,2021-01-01,2020-01-02,2020-12-31,2021-01-01,365,365,10,1.0,0.001,10.0,10.307079478607161,89.81394077727556,1.0307079375536366e-08,0.5017098514163996,2.3211586001308238,True,0,Optimization terminated successfully,4,7,-0.4232940115569532,1.6749123097002818,0.8279022315251106,2.02307983469843,0.0,0.0,0.0,0.25,1.0,0.25,0.12405230155645294,1.5269831806769687,0.15269831806769688
crypto_effective_bets,Crypto Factor Diversification,crypto,effective_bets,monthly,2,2021-02-01,2020-02-02,2021-01-31,2021-02-01,365,365,10,0.3466824512042172,0.00034668245120421723,10.0,12.03711434463415,75.3355773967912,1.2037114224263008e-08,0.06005577032354803,2.5484846761287328,True,0,Optimization terminated successfully,5,7,-0.4965151280333136,0.952943168341198,0.8397215625667347,1.1348323192135075,0.0,0.0,0.0,0.25,1.0,0.25,0.12387800228987196,1.6429856878534908,0.16429856878534907
crypto_effective_bets,Crypto Factor Diversification,crypto,effective_bets,monthly,3,2021-03-01,2020-03-01,2021-02-28,2021-03-01,365,365,10,0.5182560938591343,0.0005182560938591343,10.0,13.053596059205589,74.05436241566781,1.3053595928669631e-08,0.5370845914100594,4.161129473065568,True,0,Optimization terminated successfully,4,7,-0.5676427237945266,1.767705349442894,0.9194194526162632,1.9226320961697976,0.0,0.0,0.0,0.25,1.0,0.25,0.12410546323207242,1.7641036666403294,0.17641036666403292
crypto_effective_bets,Crypto Factor Diversification,crypto,effective_bets,monthly,4,2021-04-01,2020-04-01,2021-03-31,2021-04-01,365,365,10,0.027921416912973847,2.7921416912973846e-05,10.0,11.004321151240948,51.2988402938384,1.1004321041197737e-08,1.2105871238559645,4.389858023940388,True,0,Optimization terminated successfully,3,7,-0.8466739367508127,2.2264955292053212,0.7696596400377321,2.892831341781373,0.0,0.0,1.764035304284616e-15,0.24999999999999045,1.0,0.24999999999997297,0.12484492156634529,2.3318779655814703,0.23318779655814703
crypto_effective_bets,Crypto Factor Diversification,crypto,effective_bets,monthly,5,2021-05-01,2020-05-01,2021-04-30,2021-05-01,365,365,10,0.33184416101471725,0.00033184416101471727,10.0,12.562471745666796,55.47690315110366,1.2562471620042082e-08,1.3389530736193875,4.061644910746317,True,0,Optimization terminated successfully,5,7,-0.9160386747673237,2.846084775242941,0.7826117713012357,3.636649587458674,0.0,0.0,3.2172305224080543e-13,0.24999999999982433,1.0,0.24999999999247874,0.12661451439018134,2.499369936642231,0.24993699366422312
crypto_effective_bets,Crypto Factor Diversification,crypto,effective_bets,monthly,6,2021-06-01,2020-06-01,2021-05-31,2021-06-01,365,365,10,0.12858318314504366,0.00012858318314504366,10.0,17.227374545736026,72.75682647962479,1.722737437346228e-08,1.6344977660684372,4.027006627045755,True,0,Optimization terminated successfully,3,7,-0.7756855948906416,2.686071655873438,0.9093121286383156,2.9539600003970024,0.0,0.0,0.0,0.25,1.0,0.25,0.1268361322939648,2.1720807843050536,0.21720807843050535
crypto_effective_bets,Crypto Factor Diversification,crypto,effective_bets,monthly,7,2021-07-01,2020-07-01,2021-06-30,2021-07-01,365,365,10,0.03236955235020461,3.236955235020461e-05,10.0,18.176576460737515,70.20327110789776,1.8176576278971752e-08,1.6099765563400221,3.707606194316678,True,0,Optimization terminated successfully,3,7,-0.7537517123210438,2.5438115319203285,0.9406456612334378,2.70432495120927,0.0,0.0,0.0,0.25,1.0,0.25,0.1264168623624668,2.1249573090612435,0.21249573090612434
crypto_effective_bets,Crypto Factor Diversification,crypto,effective_bets,monthly,8,2021-08-01,2020-08-01,2021-07-31,2021-08-01,365,365,10,0.04005616600204413,4.005616600204413e-05,10.0,18.24476651914211,70.76295106941735,1.8244766336694446e-08,1.3485258758858145,3.110042374149922,True,0,Optimization terminated successfully,3,7,-0.7413194472925123,2.2270885418895032,0.9457305278885397,2.354887017194796,0.0,0.0,0.0,0.25,1.0,0.25,0.1260130635443491,2.098702816187132,0.20987028161871318
crypto_effective_bets,Crypto Factor Diversification,crypto,effective_bets,monthly,9,2021-09-01,2020-09-01,2021-08-31,2021-09-01,365,365,10,0.1134929177832279,0.0001134929177832279,10.0,18.505071238487623,73.26727316661785,1.8505071053436915e-08,1.515952508322425,4.022120776322449,True,0,Optimization terminated successfully,3,7,-0.7324882097131162,2.5290211721302134,0.9555321838330637,2.646714799270483,0.0,0.0,0.0,0.25,1.0,0.25,0.1260492385219961,2.080250272335352,0.2080250272335352
crypto_effective_bets,Crypto Factor Diversification,crypto,effective_bets,monthly,10,2021-10-01,2020-10-01,2021-09-30,2021-10-01,365,365,10,0.029414194563487372,2.9414194563487375e-05,10.0,18.79433778168706,73.57058081973744,1.879433759374368e-08,1.527302557636806,3.926079204576511,True,0,Optimization terminated successfully,3,7,-0.7078311540663467,2.5698419098109566,0.960507690275227,2.6755037318593313,0.0,0.0,0.0,0.25,1.0,0.25,0.12571987475039206,2.0295846253580536,0.20295846253580535
crypto_effective_bets,Crypto Factor Diversification,crypto,effective_bets,monthly,11,2021-11-01,2020-11-01,2021-10-31,2021-11-01,365,365,10,0.06456295775276573,6.456295775276574e-05,10.0,19.04437463514134,71.81863804773873,1.9044374444697596e-08,1.7333005404828021,3.935855325204024,True,0,Optimization terminated successfully,3,7,-0.7036022582202868,2.6855446007842896,0.9671850578900505,2.7766605561948023,0.0,0.0,0.0,0.24999999999999892,1.0,0.24999999999999525,0.1255223268675593,2.021019845910822,0.20210198459108222
crypto_effective_bets,Crypto Factor Diversification,crypto,effective_bets,monthly,12,2021-12-01,2020-12-01,2021-11-30,2021-12-01,365,365,10,0.057082746304197816,5.7082746304197816e-05,10.0,17.997252383018985,70.55614188438821,1.7997252203046466e-08,1.3146231034194442,3.122853656507479,True,0,Optimization terminated successfully,3,7,-0.6584569161216945,2.160012574972949,0.957182901218904,2.256635144884355,5.10702591327572e-15,0.0,0.0,0.25,1.000000000000005,0.2499999999999973,0.12537838872835383,1.9318090898331988,0.19318090898331988
crypto_effective_bets,Crypto Factor Diversification,crypto,effective_bets,monthly,13,2022-01-01,2021-01-01,2021-12-31,2022-01-01,365,365,10,0.25000000000000194,0.00025000000000000196,10.0,17.27330101013917,72.3924214120708,1.7273300837406165e-08,0.7900713622483729,2.9288592735790466,True,0,Optimization terminated successfully,7,7,-0.6101933064772668,1.8593140566250357,0.9890655194745775,1.879869452544217,4.440892098500626e-16,0.0,0.0,0.25,0.9999999999999996,0.2499999999999998,0.1276719076829032,1.840787200480266,0.18407872004802658
crypto_effective_bets,Crypto Factor Diversification,crypto,effective_bets,monthly,14,2022-02-01,2021-02-01,2022-01-31,2022-02-01,365,365,10,0.26539304517692713,0.00026539304517692714,10.0,15.19484365491244,79.58440088892253,1.5194843502964006e-08,0.228404468262425,2.3355318524584225,True,0,Optimization terminated successfully,4,7,-0.62512140585637,1.2253272190024895,0.9057346482903874,1.352854526781488,0.0,0.0,0.0,0.25,1.0,0.25,0.12582106238358953,1.8684727872015467,0.18684727872015466
crypto_effective_bets,Crypto Factor Diversification,crypto,effective_bets,monthly,15,2022-03-01,2021-03-01,2022-02-28,2022-03-01,365,365,10,0.030977675358764348,3.097767535876435e-05,10.0,14.128382893230137,87.02163127414079,1.4128382751946311e-08,-0.11156085519844017,2.0724468445062976,True,0,Optimization terminated successfully,4,7,-0.5113160126534229,0.6885315414882683,0.885842223809727,0.7772620484572434,0.0,0.0,0.0,0.25,1.0,0.25,0.12517185926123528,1.6674841819128667,0.16674841819128666
crypto_effective_bets,Crypto Factor Diversification,crypto,effective_bets,monthly,16,2022-04-01,2021-04-01,2022-03-31,2022-04-01,365,365,10,0.022737919253591365,2.2737919253591364e-05,10.0,13.775940315329713,88.56969625858278,1.3775940177570309e-08,0.013983181025180258,2.2375922244923276,True,0,Optimization terminated successfully,4,7,-0.47892758233521143,0.4890537758367176,0.8675250819343442,0.5637344510504079,0.0,0.0,0.0,0.25,1.0,0.25,0.124742205740244,1.6143422244313959,0.1614342224431396
crypto_effective_bets,Crypto Factor Diversification,crypto,effective_bets,monthly,17,2022-05-01,2021-05-01,2022-04-30,2022-05-01,365,365,10,0.04111941579120727,4.1119415791207275e-05,10.0,12.133849289500647,91.69322369832706,1.2133849168162154e-08,-0.6263076640328578,0.5920204615802523,True,0,Optimization terminated successfully,4,7,-0.43909975486463315,0.011274210397467677,0.8442174571948099,0.01335462836190328,0.0,0.0,0.0,0.25,1.0,0.25,0.12457650619401699,1.5513100303914877,0.15513100303914878
crypto_effective_bets,Crypto Factor Diversification,crypto,effective_bets,monthly,18,2022-06-01,2021-06-01,2022-05-31,2022-06-01,365,365,10,0.33238312688795857,0.0003323831268879586,10.0,8.248953824074619,106.49155068112245,8.248953741585081e-09,-1.0786584425585104,0.4837732700368159,True,0,Optimization terminated successfully,3,7,-0.3306739732322677,-0.00019440129127731853,0.7424766138547072,-0.00026182816758099306,0.0,0.0,0.0,0.25,1.0,0.25,0.12361638973035266,1.3919059197369117,0.13919059197369116
crypto_effective_bets,Crypto Factor Diversification,crypto,effective_bets,monthly,19,2022-07-01,2021-07-01,2022-06-30,2022-07-01,365,365,10,0.31379336624972887,0.0003137933662497289,10.0,7.9239962305765665,108.69507491751155,7.923996151336606e-09,-1.2801539154201342,0.3150518664621398,True,0,Optimization terminated successfully,4,7,-0.3575753309974221,-0.42642468460070526,0.7192614052124081,-0.5928646824512654,0.0,0.0,0.0,0.25,1.0,0.25,0.12314919224201278,1.4298582750411455,0.14298582750411454
crypto_effective_bets,Crypto Factor Diversification,crypto,effective_bets,monthly,20,2022-08-01,2021-08-01,2022-07-31,2022-08-01,365,365,10,0.31694604443983027,0.00031694604443983026,10.0,8.354955605408627,110.22334391358189,8.354955521859072e-09,-0.9769138015002934,0.4333954992532194,True,0,Optimization terminated successfully,4,7,-0.3789453686017312,-0.050570316605380666,0.734155634332901,-0.06888228359281336,0.0,0.0,0.0,0.25,1.0,0.25,0.12371270362757472,1.460743231118305,0.1460743231118305
crypto_effective_bets,Crypto Factor Diversification,crypto,effective_bets,monthly,21,2022-09-01,2021-09-01,2022-08-31,2022-09-01,365,365,10,0.26721905316362027,0.0002672190531636203,10.0,8.03168601066376,107.16127513535154,8.031685930346902e-09,-1.361594014597837,0.006250885117470517,True,0,Optimization terminated successfully,4,7,-0.4057023477096811,-0.5945219462155863,0.707235733875024,-0.8406276970171371,0.0,0.0,0.0,0.25,1.0,0.25,0.12357179876172279,1.5003559016175847,0.15003559016175846
crypto_effective_bets,Crypto Factor Diversification,crypto,effective_bets,monthly,22,2022-10-01,2021-10-01,2022-09-30,2022-10-01,365,365,10,0.07574877507132957,7.574877507132957e-05,10.0,7.646601914636586,95.37971661041927,7.646601838170566e-09,-1.14229358100699,0.08712502317146564,True,0,Optimization terminated successfully,2,7,-0.45974729140435056,-0.400038916230676,0.6693832652485296,-0.5976231211608628,8.881784197001252e-16,0.0,0.0,0.25,0.9999999999999991,0.24999999999999953,0.12413899661321258,1.5836737264588454,0.15836737264588455
crypto_effective_bets,Crypto Factor Diversification,crypto,effective_bets,monthly,23,2022-11-01,2021-11-01,2022-10-31,2022-11-01,365,365,10,0.01827876538080334,1.827876538080334e-05,10.0,7.385692995669812,107.23171052418755,7.385692921812883e-09,-1.2818155021959377,-0.19249057113465196,True,0,Optimization terminated successfully,3,7,-0.48904785975179516,-0.6364709412489549,0.6478068297129308,-0.9825011285092513,0.0,0.0,0.0,0.25,1.0,0.25,0.12418437706218205,1.630762765655103,0.1630762765655103
crypto_effective_bets,Crypto Factor Diversification,crypto,effective_bets,monthly,24,2022-12-01,2021-12-01,2022-11-30,2022-12-01,365,365,10,0.014262248819232506,1.4262248819232506e-05,10.0,7.813904553533118,124.1098386417749,7.813904475394072e-09,-1.246741325256994,-0.2122122406342102,True,0,Optimization terminated successfully,3,7,-0.4676195841542533,-0.702901264901374,0.673592744472668,-1.0435107424615306,0.0,0.0,0.0,0.25,1.0,0.25,0.12506584390565567,1.596190071179212,0.1596190071179212
crypto_effective_bets,Crypto Factor Diversification,crypto,effective_bets,monthly,25,2023-01-01,2022-01-01,2022-12-31,2023-01-01,365,365,10,0.04707485034973617,4.707485034973617e-05,10.0,7.392484266815141,127.02534930632169,7.392484192890299e-09,-1.248978605810294,-0.09350913596788747,True,0,Optimization terminated successfully,3,7,-0.4956921595706587,-0.6187550293165227,0.6506117998108683,-0.9510356705740562,6.661338147750939e-16,0.0,0.0,0.25,1.0000000000000007,0.25,0.12510355310289653,1.6416341186734815,0.16416341186734815
crypto_effective_bets,Crypto Factor Diversification,crypto,effective_bets,monthly,26,2023-02-01,2022-02-01,2023-01-31,2023-02-01,365,365,10,0.03359393616095063,3.3593936160950635e-05,10.0,7.245378438119071,127.82231751649053,7.2453783656652874e-09,-0.5965295926929296,0.4946320666884034,True,0,Optimization terminated successfully,3,7,-0.5258687828615389,-0.15208622695526777,0.6389799464166486,-0.23801408449225345,1.1102230246251565e-15,0.0,0.0,0.25,0.9999999999999989,0.24999999999999944,0.1251604839515117,1.69192812820485,0.16919281282048498
crypto_effective_bets,Crypto Factor Diversification,crypto,effective_bets,monthly,27,2023-03-01,2022-03-01,2023-02-28,2023-03-01,365,365,10,0.02781819135387331,2.7818191353873312e-05,10.0,6.866305764831696,133.5076521356724,6.86630569616864e-09,-0.6185645624590409,0.32657470449165027,True,0,Optimization terminated successfully,3,7,-0.5404550335387389,-0.2729043477013449,0.6094245692890584,-0.44780660553234547,0.0,0.0,0.0,0.25,1.0,0.25,0.12458204153775775,1.7167878805411558,0.17167878805411557
crypto_effective_bets,Crypto Factor Diversification,crypto,effective_bets,monthly,28,2023-04-01,2022-04-01,2023-03-31,2023-04-01,365,365,10,0.05582856807698443,5.582856807698443e-05,10.0,6.963855687964636,131.44206686377055,6.96385561832608e-09,-0.8037839719825717,0.11581888776947913,True,0,Optimization terminated successfully,4,7,-0.5083485647505372,-0.17152613070835732,0.625595213628017,-0.2741806953950704,2.220446049250313e-16,0.0,0.0,0.25,1.0000000000000002,0.2499999999999999,0.12466462774755381,1.6625433439394426,0.16625433439394427
crypto_effective_bets,Crypto Factor Diversification,crypto,effective_bets,monthly,29,2023-05-01,2022-05-01,2023-04-30,2023-05-01,365,365,10,0.04403150245211119,4.403150245211119e-05,10.0,6.634363804324822,114.48442459971702,6.634363737981185e-09,-0.5517931033643315,0.2857119958782919,True,0,Optimization terminated successfully,3,7,-0.5190143625129663,-0.001006676831996154,0.6101591394868561,-0.0016498594659137113,0.0,0.0,0.0,0.25,1.0,0.25,0.12493351013774202,1.6803705969539173,0.16803705969539173
crypto_effective_bets,Crypto Factor Diversification,crypto,effective_bets,monthly,30,2023-06-01,2022-06-01,2023-05-31,2023-06-01,365,365,10,0.037021128906519624,3.7021128906519624e-05,10.0,5.526900040038822,99.4001226911665,5.526899984769822e-09,-0.32595668828112256,0.5783871192737291,True,0,Optimization terminated successfully,2,7,-0.5872446239539589,0.05599943844138504,0.5404242209644946,0.10362125950136523,0.0,0.0,0.0,0.25,1.0,0.24999999999999997,0.1262639093487157,1.7990245906730917,0.17990245906730917
crypto_effective_bets,Crypto Factor Diversification,crypto,effective_bets,monthly,31,2023-07-01,2022-07-01,2023-06-30,2023-07-01,365,365,10,0.045583214886922706,4.558321488692271e-05,10.0,5.451127536288891,96.26317654948589,5.451127481777616e-09,-0.2370049478975843,1.4413092779143937,True,0,Optimization terminated successfully,3,7,-0.6656087179301077,0.4054778650799755,0.505264715098099,0.8025058013426695,0.0,0.0,0.0,0.25,1.0,0.25,0.1273247876153274,1.9456745279085481,0.1945674527908548
crypto_effective_bets,Crypto Factor Diversification,crypto,effective_bets,monthly,32,2023-08-01,2022-08-01,2023-07-31,2023-08-01,365,365,10,0.5882367687697568,0.0005882367687697568,10.0,5.818749938626652,109.18574963293804,5.818749880439153e-09,-0.3326159985864605,1.0469902024093432,True,0,Optimization terminated successfully,3,7,-0.7915162374222354,0.39908856014004934,0.5151505693608442,0.7747027449376696,6.217248937900877e-15,0.0,0.0,0.25,1.0000000000000062,0.25,0.12828481461766483,2.2067398324316927,0.22067398324316928
crypto_effective_bets,Crypto Factor Diversification,crypto,effective_bets,monthly,33,2023-09-01,2022-09-01,2023-08-31,2023-09-01,365,365,10,0.2499999999999722,0.0002499999999999722,10.0,5.602586862120679,116.93931765756304,5.602586806094812e-09,-0.5591571012424633,0.9088177671311785,True,0,Optimization terminated successfully,4,7,-0.8258574375309355,0.451597197947491,0.5004656254708474,0.902354077810279,8.881784197001252e-16,0.0,0.0,0.25,1.0000000000000009,0.24999999999998657,0.12945232995865413,2.2838381745967777,0.22838381745967778
crypto_effective_bets,Crypto Factor Diversification,crypto,effective_bets,monthly,34,2023-10-01,2022-10-01,2023-09-30,2023-10-01,365,365,10,0.026494630663063512,2.649463066306351e-05,10.0,5.0728427798463915,138.34048869659242,5.072842729117965e-09,-0.47628901162496573,0.9777661728635423,True,0,Optimization terminated successfully,3,7,-0.8225031965315,0.5663879991282402,0.48228688569129474,1.1743798472073268,0.0,0.0,0.0,0.25,1.0,0.25,0.12968360128120532,2.2761904642575765,0.22761904642575764
crypto_effective_bets,Crypto Factor Diversification,crypto,effective_bets,monthly,35,2023-11-01,2022-11-01,2023-10-31,2023-11-01,365,365,10,0.03484519167618541,3.484519167618541e-05,10.0,5.019951112948667,134.1871496741781,5.0199510627491575e-09,-0.36438488301588806,1.069826945853484,True,0,Optimization terminated successfully,3,7,-0.8190392760367409,0.6308466928812562,0.4832605486365025,1.3053966326470499,0.0,0.0,0.0,0.25,1.0,0.25,0.12977454360152538,2.2683195614193643,0.22683195614193644
crypto_effective_bets,Crypto Factor Diversification,crypto,effective_bets,monthly,36,2023-12-01,2022-12-01,2023-11-30,2023-12-01,365,365,10,0.2500000000000085,0.0002500000000000085,10.0,4.332318149022272,107.99156825748497,4.332318105699092e-09,-0.1409069994332398,0.9513519955667086,True,0,Optimization terminated successfully,3,7,-0.9496561990386596,0.5082080903357584,0.4158065548590983,1.2222224118327611,1.1102230246251565e-15,0.0,0.0,0.24999999999999922,1.000000000000001,0.24999999999998507,0.12567837625988135,2.5848208426459935,0.25848208426459934
crypto_risk_parity,Crypto Risk Parity,crypto,risk_parity,monthly,1,2021-01-01,2020-01-02,2020-12-31,2021-01-01,365,365,10,1.0,0.001,10.0,10.307079478607161,89.81394077727556,1.0307079375536366e-08,0.5017098514163996,2.3211586001308238,True,0,Optimization terminated successfully,6,1,1.9077314178049415e-10,1.399637902281213,0.8636101117390935,1.6206826243183912,0.0,0.0,0.09038126214992817,0.13996183261013542,1.0,0.10194859952135395,4.3677584844009935e-06,1.0182917893013383,0.10182917893013384
crypto_risk_parity,Crypto Risk Parity,crypto,risk_parity,monthly,2,2021-02-01,2020-02-02,2021-01-31,2021-02-01,365,365,10,0.1580960375491343,0.00015809603754913428,10.0,12.03711434463415,75.3355773967912,1.2037114224263008e-08,0.06005577032354803,2.5484846761287328,True,0,Optimization terminated successfully,7,1,1.1854518553091218e-10,1.3482388870851487,0.8966020500582663,1.5037205045399265,0.0,0.0,0.08143294740998416,0.13904082040689544,1.0,0.10222594416897177,3.4430391448660726e-06,1.040565538345525,0.1040565538345525
crypto_risk_parity,Crypto Risk Parity,crypto,risk_parity,monthly,3,2021-03-01,2020-03-01,2021-02-28,2021-03-01,365,365,10,0.1369395938895359,0.0001369395938895359,10.0,13.053596059205589,74.05436241566781,1.3053595928669631e-08,0.5370845914100594,4.161129473065568,True,0,Optimization terminated successfully,7,1,1.6982933520497529e-10,1.8461763108416411,0.9152088016622043,2.0172187018837793,0.0,0.0,0.08167766596155335,0.13816556708780972,1.0,0.10200378708613396,4.121035491294308e-06,1.0412461362358374,0.10412461362358374
crypto_risk_parity,Crypto Risk Parity,crypto,risk_parity,monthly,4,2021-04-01,2020-04-01,2021-03-31,2021-04-01,365,365,10,0.07877770171100218,7.877770171100218e-05,10.0,11.004321151240948,51.2988402938384,1.1004321041197737e-08,1.2105871238559645,4.389858023940388,True,0,Optimization terminated successfully,9,1,3.1219199951137886e-11,2.36046468153871,0.7716100887704527,3.059141807360333,0.0,0.0,0.07515547078292031,0.1530209495971963,1.0,0.10378809024341787,1.7668955812712624e-06,1.1041815252614915,0.11041815252614914
crypto_risk_parity,Crypto Risk Parity,crypto,risk_parity,monthly,5,2021-05-01,2020-05-01,2021-04-30,2021-05-01,365,365,10,0.15684875098913587,0.00015684875098913588,10.0,12.562471745666796,55.47690315110366,1.2562471620042082e-08,1.3389530736193875,4.061644910746317,True,0,Optimization terminated successfully,10,1,6.133850883369975e-10,2.541840261094265,0.8029010218017574,3.165820184647698,0.0,0.0,0.07463966775807054,0.1607086985762222,1.0,0.10511189643234346,7.831890501896316e-06,1.1409764240885398,0.11409764240885398
crypto_risk_parity,Crypto Risk Parity,crypto,risk_parity,monthly,6,2021-06-01,2020-06-01,2021-05-31,2021-06-01,365,365,10,0.17996991787407238,0.00017996991787407239,10.0,17.227374545736026,72.75682647962479,1.722737437346228e-08,1.6344977660684372,4.027006627045755,True,0,Optimization terminated successfully,8,1,2.9645076243049173e-10,2.5379940670379786,0.9715292554192599,2.612370191510822,0.0,0.0,0.07915641823044432,0.17303743557970772,1.0,0.10697709565111353,5.444729216687623e-06,1.0853981202339629,0.10853981202339628
crypto_risk_parity,Crypto Risk Parity,crypto,risk_parity,monthly,7,2021-07-01,2020-07-01,2021-06-30,2021-07-01,365,365,10,0.05408758125430635,5.408758125430635e-05,10.0,18.176576460737515,70.20327110789776,1.8176576278971752e-08,1.6099765563400221,3.707606194316678,True,0,Optimization terminated successfully,8,1,3.276883339020273e-10,2.4049441153419213,1.0120718875943098,2.376258193534515,0.0,0.0,0.07961248497565536,0.16979901080946022,1.0,0.10647351601916051,5.724406815574038e-06,1.0809252567303078,0.10809252567303078
crypto_risk_parity,Crypto Risk Parity,crypto,risk_parity,monthly,8,2021-08-01,2020-08-01,2021-07-31,2021-08-01,365,365,10,0.03909840851838934,3.909840851838934e-05,10.0,18.24476651914211,70.76295106941735,1.8244766336694446e-08,1.3485258758858145,3.110042374149922,True,0,Optimization terminated successfully,8,1,2.4148484976871226e-10,2.1182079567422822,1.0201034736309718,2.0764638210697397,2.220446049250313e-16,0.0,0.07970810579551509,0.16765831470649864,1.0000000000000002,0.10611458718771528,4.914110802258242e-06,1.079310626685518,0.10793106266855179
crypto_risk_parity,Crypto Risk Parity,crypto,risk_parity,monthly,9,2021-09-01,2020-09-01,2021-08-31,2021-09-01,365,365,10,0.07451950481515524,7.451950481515524e-05,10.0,18.505071238487623,73.26727316661785,1.8505071053436915e-08,1.515952508322425,4.022120776322449,True,0,Optimization terminated successfully,9,1,4.900077153742872e-10,2.350321685306013,1.0292732016620298,2.2834770025206192,0.0,0.0,0.08007252821110995,0.16677207671791117,1.0,0.10607014591358052,7.0000551095982515e-06,1.0809778939296462,0.10809778939296462
crypto_risk_parity,Crypto Risk Parity,crypto,risk_parity,monthly,10,2021-10-01,2020-10-01,2021-09-30,2021-10-01,365,365,10,0.0460136849933297,4.6013684993329706e-05,10.0,18.79433778168706,73.57058081973744,1.879433759374368e-08,1.527302557636806,3.926079204576511,True,0,Optimization terminated successfully,9,1,2.749615698870348e-10,2.382358433064266,1.0491500155812021,2.2707509866875433,1.1102230246251565e-16,0.0,0.07977562736766876,0.16524340175244956,0.9999999999999999,0.10589211080307848,5.24367781129963e-06,1.0794211064406294,0.10794211064406294
crypto_risk_parity,Crypto Risk Parity,crypto,risk_parity,monthly,11,2021-11-01,2020-11-01,2021-10-31,2021-11-01,365,365,10,0.0506010486846375,5.0601048684637504e-05,10.0,19.04437463514134,71.81863804773873,1.9044374444697596e-08,1.7333005404828021,3.935855325204024,True,0,Optimization terminated successfully,9,1,2.2506093885761632e-10,2.5319677424081966,1.059601654711812,2.389546799166556,2.220446049250313e-16,0.0,0.07957599555912052,0.1639946851500248,1.0000000000000002,0.10574400228758046,4.744058798725067e-06,1.0791242657221194,0.10791242657221194
crypto_risk_parity,Crypto Risk Parity,crypto,risk_parity,monthly,12,2021-12-01,2020-12-01,2021-11-30,2021-12-01,365,365,10,0.040879323526133535,4.0879323526133536e-05,10.0,17.997252383018985,70.55614188438821,1.7997252203046466e-08,1.3146231034194442,3.122853656507479,True,0,Optimization terminated successfully,9,1,6.954728651456974e-11,1.9582215137539243,1.041484290549808,1.8802218444602397,2.220446049250313e-16,0.0,0.0789665969491289,0.16057406627577805,1.0000000000000002,0.10509863594048774,2.637181952662317e-06,1.0638873625199632,0.10638873625199632
crypto_risk_parity,Crypto Risk Parity,crypto,risk_parity,monthly,13,2022-01-01,2021-01-01,2021-12-31,2022-01-01,365,365,10,0.02331018723487003,2.331018723487003e-05,10.0,17.27330101013917,72.3924214120708,1.7273300837406165e-08,0.7900713622483729,2.9288592735790466,True,0,Optimization terminated successfully,8,1,3.136922131350467e-10,1.73619235188353,1.0297579468325124,1.6860198624579465,0.0,0.0,0.07804759461291985,0.15585844304334046,1.0,0.10441204047475922,5.600823271047775e-06,1.0566336257593594,0.10566336257593593
crypto_risk_parity,Crypto Risk Parity,crypto,risk_parity,monthly,14,2022-02-01,2021-02-01,2022-01-31,2022-02-01,365,365,10,0.029172751550627186,2.9172751550627187e-05,10.0,15.19484365491244,79.58440088892253,1.5194843502964006e-08,0.228404468262425,2.3355318524584225,True,0,Optimization terminated successfully,8,1,3.919431537256591e-10,1.0006715127377916,0.9883475949469902,1.0124692141244724,2.220446049250313e-16,0.0,0.07590403546080504,0.15578970257422228,1.0000000000000002,0.10464742356748123,6.260536348632546e-06,1.0607976707767603,0.10607976707767604
crypto_risk_parity,Crypto Risk Parity,crypto,risk_parity,monthly,15,2022-03-01,2021-03-01,2022-02-28,2022-03-01,365,365,10,0.04270010701728895,4.270010701728895e-05,10.0,14.128382893230137,87.02163127414079,1.4128382751946311e-08,-0.11156085519844017,2.0724468445062976,True,0,Optimization terminated successfully,8,1,3.166255721434894e-10,0.7025908237855063,0.9751994602255183,0.7204585855933818,0.0,0.0,0.07657940350238067,0.1535833382277612,1.0,0.10424769763187439,5.626949192445093e-06,1.0511039314006252,0.10511039314006251
crypto_risk_parity,Crypto Risk Parity,crypto,risk_parity,monthly,16,2022-04-01,2021-04-01,2022-03-31,2022-04-01,365,365,10,0.03609264751150262,3.609264751150262e-05,10.0,13.775940315329713,88.56969625858278,1.3775940177570309e-08,0.013983181025180258,2.2375922244923276,True,0,Optimization terminated successfully,7,1,2.975866570414814e-10,0.5870424914845369,0.967710698886116,0.6066301552315713,2.220446049250313e-16,0.0,0.07706951798492467,0.1533549815665676,1.0000000000000002,0.10429083752824383,5.455150383272649e-06,1.0491387883264722,0.10491387883264722
crypto_risk_parity,Crypto Risk Parity,crypto,risk_parity,monthly,17,2022-05-01,2021-05-01,2022-04-30,2022-05-01,365,365,10,0.05102814297788474,5.102814297788474e-05,10.0,12.133849289500647,91.69322369832706,1.2133849168162154e-08,-0.6263076640328578,0.5920204615802523,True,0,Optimization terminated successfully,9,1,8.742604645444695e-11,-0.16658868562043783,0.9322785086055957,-0.17868982721655108,2.220446049250313e-16,0.0,0.07692895683779033,0.1486850908455367,1.0000000000000002,0.10363466625612393,2.9567895842344334e-06,1.045464981155789,0.1045464981155789
crypto_risk_parity,Crypto Risk Parity,crypto,risk_parity,monthly,18,2022-06-01,2021-06-01,2022-05-31,2022-06-01,365,365,10,0.09309291642816446,9.309291642816446e-05,10.0,8.248953824074619,106.49155068112245,8.248953741585081e-09,-1.0786584425585104,0.4837732700368159,True,0,Optimization terminated successfully,7,1,1.0422096050427774e-10,-0.36833744150941433,0.7951222223480683,-0.46324631755565876,2.220446049250313e-16,0.0,0.087990065198565,0.13140308312295432,0.9999999999999998,0.10160654451405728,3.22832712878098e-06,1.0152307257145448,0.10152307257145447
crypto_risk_parity,Crypto Risk Parity,crypto,risk_parity,monthly,19,2022-07-01,2021-07-01,2022-06-30,2022-07-01,365,365,10,0.05736083962930297,5.736083962930297e-05,10.0,7.9239962305765665,108.69507491751155,7.923996151336606e-09,-1.2801539154201342,0.3150518664621398,True,0,Optimization terminated successfully,6,1,7.897363363033463e-11,-0.5375098240653804,0.7755775077323744,-0.6930446263674486,0.0,0.0,0.08924440859031559,0.12845370692809147,1.0,0.10147326424327008,2.8102247887023423e-06,1.016188315552614,0.10161883155526139
crypto_risk_parity,Crypto Risk Parity,crypto,risk_parity,monthly,20,2022-08-01,2021-08-01,2022-07-31,2022-08-01,365,365,10,0.11248850074722677,0.00011248850074722678,10.0,8.354955605408627,110.22334391358189,8.354955521859072e-09,-0.9769138015002934,0.4333954992532194,True,0,Optimization terminated successfully,6,1,5.648640533969671e-10,-0.2848726931789051,0.7871627394085048,-0.3618980916105939,1.1102230246251565e-16,0.0,0.08227090806284466,0.12951883166521003,0.9999999999999999,0.10181646877443783,7.515743831431505e-06,1.023777538288714,0.1023777538288714
crypto_risk_parity,Crypto Risk Parity,crypto,risk_parity,monthly,21,2022-09-01,2021-09-01,2022-08-31,2022-09-01,365,365,10,0.026009838963873842,2.6009838963873844e-05,10.0,8.03168601066376,107.16127513535154,8.031685930346902e-09,-1.361594014597837,0.006250885117470517,True,0,Optimization terminated successfully,6,1,9.139637191920241e-12,-0.6965704110501038,0.7689772192068106,-0.905840112882156,0.0,0.0,0.08066930590306928,0.12698451678646758,1.0,0.1018724136716059,9.560144973763581e-07,1.0269781699515141,0.10269781699515142
crypto_risk_parity,Crypto Risk Parity,crypto,risk_parity,monthly,22,2022-10-01,2021-10-01,2022-09-30,2022-10-01,365,365,10,0.060653615595222456,6.065361559522246e-05,10.0,7.646601914636586,95.37971661041927,7.646601838170566e-09,-1.14229358100699,0.08712502317146564,True,0,Optimization terminated successfully,6,1,1.0959820541784237e-10,-0.5437403089273237,0.7341752194512983,-0.740613813326061,0.0,0.0,0.07834967666953366,0.13376028480639512,1.0,0.10262399816610916,3.3105619676712345e-06,1.042985478755103,0.1042985478755103
crypto_risk_parity,Crypto Risk Parity,crypto,risk_parity,monthly,23,2022-11-01,2021-11-01,2022-10-31,2022-11-01,365,365,10,0.02834173912411487,2.834173912411487e-05,10.0,7.385692995669812,107.23171052418755,7.385692921812883e-09,-1.2818155021959377,-0.19249057113465196,True,0,Optimization terminated successfully,7,1,1.0934825683920229e-10,-0.7480967603552442,0.7168921959162893,-1.0435275549332366,0.0,0.0,0.07683154691073733,0.13587874739905176,1.0,0.10292706212899574,3.3067847955252865e-06,1.0490996222555427,0.10490996222555427
crypto_risk_parity,Crypto Risk Parity,crypto,risk_parity,monthly,24,2022-12-01,2021-12-01,2022-11-30,2022-12-01,365,365,10,0.061669763443083954,6.166976344308396e-05,10.0,7.813904553533118,124.1098386417749,7.813904475394072e-09,-1.246741325256994,-0.2122122406342102,True,0,Optimization terminated successfully,11,1,5.033135576347502e-10,-0.7732661324714734,0.7406017936177796,-1.044105130631849,0.0,0.0,0.07568288053512162,0.14378947504679612,1.0,0.10351827360090039,7.094459511722657e-06,1.0509509840896334,0.10509509840896333
crypto_risk_parity,Crypto Risk Parity,crypto,risk_parity,monthly,25,2023-01-01,2022-01-01,2022-12-31,2023-01-01,365,365,10,0.037092066810556726,3.7092066810556724e-05,10.0,7.392484266815141,127.02534930632169,7.392484192890299e-09,-1.248978605810294,-0.09350913596788747,True,0,Optimization terminated successfully,11,1,2.3971925839019164e-10,-0.6771159855479352,0.716860104582277,-0.9445580542419763,0.0,0.0,0.07389794286933529,0.14490874064633058,1.0,0.10369983414522313,4.89611334009123e-06,1.0568936671853422,0.10568936671853421
crypto_risk_parity,Crypto Risk Parity,crypto,risk_parity,monthly,26,2023-02-01,2022-02-01,2023-01-31,2023-02-01,365,365,10,0.039391757490150656,3.939175749015066e-05,10.0,7.245378438119071,127.82231751649053,7.2453783656652874e-09,-0.5965295926929296,0.4946320666884034,True,0,Optimization terminated successfully,7,1,2.6603801667270135e-11,-0.1406313646619706,0.7049281008313714,-0.19949745867147886,0.0,0.0,0.07242568733948315,0.1476760833366946,1.0,0.10397629028644093,1.631067186454324e-06,1.0657357376267296,0.10657357376267296
crypto_risk_parity,Crypto Risk Parity,crypto,risk_parity,monthly,27,2023-03-01,2022-03-01,2023-02-28,2023-03-01,365,365,10,0.027889668402113613,2.7889668402113612e-05,10.0,6.866305764831696,133.5076521356724,6.86630569616864e-09,-0.6185645624590409,0.32657470449165027,True,0,Optimization terminated successfully,7,1,5.357839200487193e-11,-0.2316837265902133,0.682240393072068,-0.3395925086566072,1.1102230246251565e-16,0.0,0.07121282931562481,0.14609460979530559,0.9999999999999999,0.10406596440973759,2.3147006718982687e-06,1.0716914374501894,0.10716914374501893
crypto_risk_parity,Crypto Risk Parity,crypto,risk_parity,monthly,28,2023-04-01,2022-04-01,2023-03-31,2023-04-01,365,365,10,0.0608135941508369,6.08135941508369e-05,10.0,6.963855687964636,131.44206686377055,6.96385561832608e-09,-0.8037839719825717,0.11581888776947913,True,0,Optimization terminated successfully,10,1,1.1465324639844801e-10,-0.2816636579887374,0.6914177505799685,-0.40737116996558875,2.220446049250313e-16,0.0,0.0728792951993232,0.14010338781886456,1.0000000000000002,0.10340509463366529,3.3860485288658965e-06,1.0590101971904815,0.10590101971904815
crypto_risk_parity,Crypto Risk Parity,crypto,risk_parity,monthly,29,2023-05-01,2022-05-01,2023-04-30,2023-05-01,365,365,10,0.03404945368082012,3.4049453680820124e-05,10.0,6.634363804324822,114.48442459971702,6.634363737981185e-09,-0.5517931033643315,0.2857119958782919,True,0,Optimization terminated successfully,10,1,1.8134684679791848e-10,-0.052118184471108095,0.6735238166785428,-0.0773813533842455,1.1102230246251565e-16,0.0,0.0734505210641244,0.1424959123072597,0.9999999999999999,0.10351266751186414,4.258483847542832e-06,1.0581478946515688,0.10581478946515688
crypto_risk_parity,Crypto Risk Parity,crypto,risk_parity,monthly,30,2023-06-01,2022-06-01,2023-05-31,2023-06-01,365,365,10,0.023939925694127166,2.3939925694127165e-05,10.0,5.526900040038822,99.4001226911665,5.526899984769822e-09,-0.32595668828112256,0.5783871192737291,True,0,Optimization terminated successfully,7,1,1.2353781762270417e-10,0.04863567485892383,0.5966121609826139,0.08151975108724131,0.0,0.0,0.06956647976594832,0.15902576050383374,1.0,0.10527572143789188,3.514794697033378e-06,1.0810058575839467,0.10810058575839468
crypto_risk_parity,Crypto Risk Parity,crypto,risk_parity,monthly,31,2023-07-01,2022-07-01,2023-06-30,2023-07-01,365,365,10,0.13634773362004418,0.00013634773362004418,10.0,5.451127536288891,96.26317654948589,5.451127481777616e-09,-0.2370049478975843,1.4413092779143937,True,0,Optimization terminated successfully,9,1,8.23080515708924e-11,0.5236394868994871,0.5676105064447456,0.9225331119737846,0.0,0.0,0.06737363904154091,0.16567101916114851,1.0,0.10678033238921927,2.8689379841848657e-06,1.110345571775553,0.11103455717755531
crypto_risk_parity,Crypto Risk Parity,crypto,risk_parity,monthly,32,2023-08-01,2022-08-01,2023-07-31,2023-08-01,365,365,10,0.1245262608039944,0.0001245262608039944,10.0,5.818749938626652,109.18574963293804,5.818749880439153e-09,-0.3326159985864605,1.0469902024093432,True,0,Optimization terminated successfully,9,1,1.3692577719983657e-09,0.3192683357025412,0.5632543142738177,0.5668280341787736,0.0,0.0,0.07626064165535625,0.16947742299966442,1.0,0.10754413694209772,1.1701528840275479e-05,1.1181627706563027,0.11181627706563027
crypto_risk_parity,Crypto Risk Parity,crypto,risk_parity,monthly,33,2023-09-01,2022-09-01,2023-08-31,2023-09-01,365,365,10,0.037124199629674816,3.7124199629674816e-05,10.0,5.602586862120679,116.93931765756304,5.602586806094812e-09,-0.5591571012424633,0.9088177671311785,True,0,Optimization terminated successfully,12,1,8.338746547379131e-11,0.234255725213588,0.5504417575941175,0.42557767825878234,0.0,0.0,0.07329141813402734,0.17059392714923755,1.0,0.10790363846927392,2.8876887899111713e-06,1.1477188603542965,0.11477188603542965
crypto_risk_parity,Crypto Risk Parity,crypto,risk_parity,monthly,34,2023-10-01,2022-10-01,2023-09-30,2023-10-01,365,365,10,0.030742436152775117,3.0742436152775115e-05,10.0,5.0728427798463915,138.34048869659242,5.072842729117965e-09,-0.47628901162496573,0.9777661728635423,True,0,Optimization terminated successfully,11,1,2.0896412582176924e-10,0.2701564090767449,0.5257564554666829,0.5138432562600549,0.0,0.0,0.07311170022615117,0.1648444355214179,1.0,0.10711443360834536,4.571259408762879e-06,1.1564316026691996,0.11564316026691997
crypto_risk_parity,Crypto Risk Parity,crypto,risk_parity,monthly,35,2023-11-01,2022-11-01,2023-10-31,2023-11-01,365,365,10,0.02668207897434951,2.668207897434951e-05,10.0,5.019951112948667,134.1871496741781,5.0199510627491575e-09,-0.36438488301588806,1.069826945853484,True,0,Optimization terminated successfully,11,1,1.6818883930242064e-11,0.3681863244380846,0.5249168736188556,0.7014183443937567,1.1102230246251565e-16,0.0,0.07333971403300983,0.1633358959756051,0.9999999999999999,0.10671021451715137,1.296876398515083e-06,1.1564588341678217,0.11564588341678217
crypto_risk_parity,Crypto Risk Parity,crypto,risk_parity,monthly,36,2023-12-01,2022-12-01,2023-11-30,2023-12-01,365,365,10,0.032400230605041824,3.2400230605041825e-05,10.0,4.332318149022272,107.99156825748497,4.332318105699092e-09,-0.1409069994332398,0.9513519955667086,True,0,Optimization terminated successfully,10,1,1.5598583201924836e-10,0.513929334827782,0.4667612631197937,1.1010539550619964,0.0,0.0,0.07289900292315007,0.155127582667753,1.0,0.10626805045221785,3.949504171653825e-06,1.2304821681524192,0.12304821681524192
equity_effective_bets,Equity Factor Diversification,equity,effective_bets,monthly,1,2021-01-04,2020-01-03,2020-12-31,2021-01-04,252,252,50,1.0,0.001,10.0,13.184233797269265,708.2401086386429,2.6368467330853855e-09,-0.3492732395247833,0.9488143251997084,True,0,Optimization terminated successfully,4,7,-1.3726116817726217,0.2515087318921294,0.2603538811922826,0.9660264357894451,3.4439118223872356e-13,0.0,0.0,0.1,0.0,0.09999999999971534,0.04043700008888774,3.9456420121231126,0.07891284024246226
equity_effective_bets,Equity Factor Diversification,equity,effective_bets,monthly,2,2021-02-01,2020-01-31,2021-01-29,2021-02-01,252,252,50,0.21917871160604305,0.00021917871160604305,10.0,13.465257787911993,661.1466828998957,2.693051530651883e-09,-0.23740683868214907,0.9237121823064337,True,0,Optimization terminated successfully,4,7,-1.3667537795897715,0.27701129921284406,0.2752695857492618,1.0063273007762243,9.028333636251773e-13,0.0,0.0,0.1,0.0,0.09999999999913815,0.0408579408187398,3.922596392560986,0.07845192785121972
equity_effective_bets,Equity Factor Diversification,equity,effective_bets,monthly,3,2021-03-01,2020-02-28,2021-02-26,2021-03-01,252,252,50,0.2137293290949996,0.00021372932909499958,10.0,13.324354398206259,663.0315596849582,2.664870852992543e-09,-0.09602128620994455,0.9459226944620321,True,0,Optimization terminated successfully,5,7,-1.4499825294722632,0.3131734478992494,0.2613936547886097,1.1980912396382164,2.6845192735436285e-12,0.0,0.0,0.1,0.0,0.09999999999994556,0.04038250558384536,4.263040036959024,0.08526080073918046
equity_effective_bets,Equity Factor Diversification,equity,effective_bets,monthly,4,2021-04-01,2020-04-01,2021-03-31,2021-04-01,252,252,50,0.4076713415181239,0.0004076713415181239,10.0,7.651657660345755,384.1065013271364,1.530331516765836e-09,-0.060127039234835644,1.226556819766659,True,0,Optimization terminated successfully,12,7,-1.8605451513632552,0.31096596091291895,0.16522076150044743,1.8821240023886274,1.758593271006248e-13,0.0,0.0,0.1,0.0,0.10000000000000003,0.04144055923568458,6.427239634995944,0.1285447926999189
equity_effective_bets,Equity Factor Diversification,equity,effective_bets,monthly,5,2021-05-03,2020-05-01,2021-04-30,2021-05-03,252,252,50,0.5129399158024617,0.0005129399158024617,10.0,6.276780580370753,349.63417521830985,1.2553561035205896e-09,-0.2081438801394524,0.8493961050735777,True,0,Optimization terminated successfully,17,7,-2.2910503667331787,0.13349941008873345,0.13650919967927896,0.9779517453943262,7.638334409421077e-14,0.0,0.0,0.1,0.0,0.1,0.040792104199782776,9.885315436476047,0.19770630872952094
equity_effective_bets,Equity Factor Diversification,equity,effective_bets,monthly,6,2021-06-01,2020-06-01,2021-05-28,2021-06-01,252,252,50,0.41372198477741257,0.0004137219847774126,10.0,5.719485651015339,338.35690348588344,1.1438971187640966e-09,-0.09446757920356907,1.0236878148723123,True,0,Optimization terminated successfully,19,7,-2.2557536471601183,0.2222037311582814,0.14042724222021555,1.5823406316690702,2.2870594307278225e-14,0.0,0.0,0.1,0.0,0.09753524557729842,0.040613916738147335,9.542482265498471,0.19084964530996942
equity_effective_bets,Equity Factor Diversification,equity,effective_bets,monthly,7,2021-07-01,2020-07-01,2021-06-30,2021-07-01,252,252,50,0.5024542239729561,0.0005024542239729561,10.0,4.93436282698919,284.1972655923129,9.868725555291125e-10,-0.04517062980827402,0.9353134194385742,True,0,Optimization terminated successfully,15,7,-2.381180368806636,0.20797299958979254,0.11856922849492316,1.7540216987976558,2.2426505097428162e-14,0.0,0.0,0.1,0.0,0.09524361142813374,0.040146335880429165,10.817664164269344,0.21635328328538686
equity_effective_bets,Equity Factor Diversification,equity,effective_bets,monthly,8,2021-08-02,2020-07-31,2021-07-30,2021-08-02,252,252,50,0.5063878133542061,0.0005063878133542061,10.0,4.644660133462096,291.6771084447581,9.289320174030991e-10,-0.03111480254552568,0.9864628459904821,True,0,Optimization terminated successfully,11,7,-2.317445713018951,0.18860037352683376,0.12036723709498173,1.566874658575151,1.5276668818842154e-13,0.0,0.0,0.09999999999992125,0.0,0.09953505448101396,0.0410072326674544,10.14971588041785,0.20299431760835698
equity_effective_bets,Equity Factor Diversification,equity,effective_bets,monthly,9,2021-09-01,2020-09-01,2021-08-31,2021-09-01,252,252,50,0.40099535761085725,0.00040099535761085723,10.0,4.51621493339901,314.3404924254211,9.032429776473723e-10,-0.07863987065770972,1.0546679801982481,True,0,Optimization terminated successfully,9,7,-2.3467865445320024,0.17544263801480198,0.10639337788587651,1.6489996041200192,9.416023516450878e-12,0.0,0.0,0.1,0.0,0.09499965023219491,0.03867088748578261,10.451928893965125,0.2090385778793025
equity_effective_bets,Equity Factor Diversification,equity,effective_bets,monthly,10,2021-10-01,2020-10-01,2021-09-30,2021-10-01,252,252,50,0.3085595586779154,0.0003085595586779154,10.0,4.295516232029762,344.8846496829951,8.591032378149199e-10,-0.12416434745014902,1.315533795988761,True,0,Optimization terminated successfully,20,7,-2.4686732668085116,0.19312702209082305,0.10383804418357304,1.859886938446163,1.176836406102666e-14,0.0,0.0,0.1,0.0,0.09752171356518977,0.04027525188280602,11.806772019462997,0.23613544038925993
equity_effective_bets,Equity Factor Diversification,equity,effective_bets,monthly,11,2021-11-01,2020-10-30,2021-10-29,2021-11-01,252,252,50,0.24135357298877386,0.00024135357298877386,10.0,4.159227537977499,315.90188050678523,8.318454992770447e-10,-0.03804484144889364,1.5250342431668675,True,0,Optimization terminated successfully,14,7,-2.437938236618126,0.23027763841340362,0.09939996285854481,2.3166773084322942,4.1300296516055823e-14,0.0,0.0,0.09999999999998706,0.0,0.09717095854564135,0.039669884837005495,11.449410415954663,0.22898820831909325
equity_effective_bets,Equity Factor Diversification,equity,effective_bets,monthly,12,2021-12-01,2020-12-01,2021-11-30,2021-12-01,252,252,50,0.32371807514883255,0.00032371807514883254,10.0,3.7330974299977373,268.85629255670045,7.466194785333525e-10,-0.17349452421536093,0.9785778184849881,True,0,Optimization terminated successfully,15,7,-2.533200533584848,0.10159508910199228,0.09915480640764159,1.0246108361537039,5.623566057266771e-10,0.0,1.858545488960798e-13,0.09999999999996005,0.0,0.09345172626500893,0.03919443255804036,12.593748418702305,0.2518749683740461
equity_effective_bets,Equity Factor Diversification,equity,effective_bets,monthly,13,2022-01-03,2021-01-04,2021-12-31,2022-01-03,252,252,50,0.18591267554553514,0.00018591267554553514,10.0,3.785003164708261,290.9337377595371,7.570006253716459e-10,-0.12605950714046,0.914339693277029,True,0,Optimization terminated successfully,7,7,-2.4986691035182225,0.1026945228224197,0.10439532591067044,0.9837080532733229,3.828271033512465e-12,0.0,0.0,0.1,0.0,0.09618087450939178,0.04024298053913743,12.166291106904112,0.24332582213808224
equity_effective_bets,Equity Factor Diversification,equity,effective_bets,monthly,14,2022-02-01,2021-02-02,2022-01-31,2022-02-01,252,252,50,0.3341853870655233,0.0003341853870655233,10.0,3.7798292049481974,318.9718688197157,7.559658334299811e-10,-0.15047290084382414,0.8728852544158702,True,0,Optimization terminated successfully,9,7,-2.466186395914072,0.13151232165204121,0.10704261181869344,1.228597839847126,6.409051067635119e-11,0.0,0.0,0.1,0.0,0.09735633608483543,0.04208376781961942,11.777446581173654,0.2355489316234731
equity_effective_bets,Equity Factor Diversification,equity,effective_bets,monthly,15,2022-03-01,2021-03-02,2022-02-28,2022-03-01,252,252,50,0.32147345031116553,0.00032147345031116554,10.0,3.8465221707918356,276.3171762647196,7.693044264653227e-10,-0.2425927947907769,0.8761242453888961,True,0,Optimization terminated successfully,9,7,-2.472884929626181,0.08072583985203469,0.1037513307185681,0.7780704044269902,4.1944225870338414e-13,0.0,0.0,0.1,0.0,0.09885036702686904,0.041954047477099334,11.856603024210065,0.2371320604842013
equity_effective_bets,Equity Factor Diversification,equity,effective_bets,monthly,16,2022-04-01,2021-04-05,2022-03-31,2022-04-01,252,252,50,0.22629865961050047,0.00022629865961050046,10.0,4.024441658350308,311.33527755599476,8.048883236211783e-10,-0.28945013253051877,0.8913328012218693,True,0,Optimization terminated successfully,8,7,-2.532052681429087,0.08204514900123612,0.10554340869890355,0.7773592876396123,3.5482727867020003e-13,0.0,0.0,0.09999999999996971,0.0,0.09993161647942096,0.04135059317165197,12.579300950795659,0.25158601901591315
equity_effective_bets,Equity Factor Diversification,equity,effective_bets,monthly,17,2022-05-02,2021-05-03,2022-04-29,2022-05-02,252,252,50,0.1259759348651504,0.00012597593486515042,10.0,4.284996708228052,314.19614183547003,8.569993330756168e-10,-0.4753197972276958,0.9388799704010586,True,0,Optimization terminated successfully,11,7,-2.3901101617341687,0.12820769148301472,0.11273076249323424,1.1372910876098203,1.3589129821411916e-13,0.0,0.0,0.09999999999998918,0.0,0.09908785524137166,0.040549414979843885,10.91469625868395,0.218293925173679
equity_effective_bets,Equity Factor Diversification,equity,effective_bets,monthly,18,2022-06-01,2021-06-02,2022-05-31,2022-06-01,252,252,50,0.16901754116579878,0.0001690175411657988,10.0,4.683380842181999,429.5009606662642,9.366761590696385e-10,-0.5815489189410324,1.0545687899640876,True,0,Optimization terminated successfully,11,7,-2.3054183613459887,0.13139283072989605,0.1154734838380429,1.1378614930695328,2.7867708141116054e-12,0.0,0.0,0.1,0.0,0.09530720976256718,0.039410571206544294,10.028372858500408,0.20056745717000815
equity_effective_bets,Equity Factor Diversification,equity,effective_bets,monthly,19,2022-07-01,2021-07-01,2022-06-30,2022-07-01,252,252,50,0.12309267152221995,0.00012309267152221996,10.0,5.06933383844659,510.5361682089672,1.0138667575506501e-09,-0.5782209800041562,0.8011361548468544,True,0,Optimization terminated successfully,8,7,-2.1254199861571164,0.12531415870136636,0.1272267682256438,0.9849669251923046,7.549516567451064e-15,0.0,0.0,0.1,0.0,0.09484879827863943,0.03948000740072045,8.3764147277115,0.16752829455423002
equity_effective_bets,Equity Factor Diversification,equity,effective_bets,monthly,20,2022-08-01,2021-07-30,2022-07-29,2022-08-01,252,252,50,0.09173994069438901,9.173994069438901e-05,10.0,5.264405780011374,519.2828415783691,1.0528811454734633e-09,-0.4743378757951733,1.0610827829850287,True,0,Optimization terminated successfully,8,7,-2.1277410338392393,0.1040353425549356,0.12567788573339672,0.8277935449648482,4.811706588725428e-13,0.0,0.0,0.1,0.0,0.09580810215834806,0.039489202144697165,8.395879366138283,0.16791758732276565
equity_effective_bets,Equity Factor Diversification,equity,effective_bets,monthly,21,2022-09-01,2021-09-01,2022-08-31,2022-09-01,252,252,50,0.03979853327547309,3.979853327547309e-05,10.0,5.410058492317103,557.7047098850965,1.0820116876433034e-09,-0.489901311668022,1.1828191271343909,True,0,Optimization terminated successfully,6,7,-2.1260758746213417,0.0957073760602776,0.1274556987244128,0.7509069976323142,8.331113576787175e-13,0.0,0.0,0.1,0.0,0.09491874911883219,0.03916491348033206,8.381910523620524,0.16763821047241048
equity_effective_bets,Equity Factor Diversification,equity,effective_bets,monthly,22,2022-10-03,2021-10-01,2022-09-30,2022-10-03,252,252,50,0.09438489419651896,9.438489419651896e-05,10.0,5.666887786649403,617.4377085828124,1.133377545996105e-09,-0.6348446139350687,0.8913308032260187,True,0,Optimization terminated successfully,5,7,-1.999797480009505,0.0867798844380548,0.13565113072823298,0.6397284266794052,3.1388225352202426e-12,0.0,0.0,0.1,0.0,0.09588553695985977,0.03923393773514873,7.387559818878153,0.14775119637756307
equity_effective_bets,Equity Factor Diversification,equity,effective_bets,monthly,23,2022-11-01,2021-11-01,2022-10-31,2022-11-01,252,252,50,0.42855491503676835,0.00042855491503676835,10.0,6.021456174395363,648.5502777321982,1.2042912228361604e-09,-0.6083168093436072,0.9320822595695339,True,0,Optimization terminated successfully,4,7,-1.8716816631461746,0.17784210170965317,0.1664232873400466,1.0686130802492497,4.9152459880019705e-11,0.0,0.0,0.1,0.0,0.09999999999808465,0.04209080779025,6.49921670778948,0.1299843341557896
equity_effective_bets,Equity Factor Diversification,equity,effective_bets,monthly,24,2022-12-01,2021-12-01,2022-11-30,2022-12-01,252,252,50,0.4169614600297874,0.0004169614600297874,10.0,6.249555728017336,701.6202416455271,1.249911133104356e-09,-0.5492037107009324,1.012398262304997,True,0,Optimization terminated successfully,13,7,-1.7968459154888383,0.33748078369296075,0.16342214454523157,2.0650860055232823,2.5757174171303632e-14,0.0,0.0,0.09999999999999475,0.0,0.09999999999998024,0.04277375547697237,6.030596425135109,0.12061192850270219
equity_effective_bets,Equity Factor Diversification,equity,effective_bets,monthly,25,2023-01-03,2021-12-31,2022-12-30,2023-01-03,252,252,50,0.21644663782123486,0.00021644663782123487,10.0,6.191813444196875,713.826459680812,1.2383626764557482e-09,-0.6198019913959887,0.9359017507349877,True,0,Optimization terminated successfully,22,7,-1.8392557920848083,0.2917336868050956,0.16494256279289007,1.7686986419109458,8.504308368628699e-14,0.0,0.0,0.09999999999997691,0.0,0.09789173635334306,0.04224837629711075,6.291854070636469,0.12583708141272937
equity_effective_bets,Equity Factor Diversification,equity,effective_bets,monthly,26,2023-02-01,2022-01-31,2023-01-31,2023-02-01,252,252,50,0.12575193692469738,0.0001257519369246974,10.0,6.113900152339298,662.3865223016511,1.2227800182400594e-09,-0.4107847709334955,0.6931753816190576,True,0,Optimization terminated successfully,9,7,-1.8093740761512123,0.20734969738785428,0.1580594643870739,1.3118461345666266,1.4765966227514582e-13,0.0,0.0,0.09999999999997271,0.0,0.09999999999991745,0.041409864665903726,6.106623954183891,0.12213247908367782
equity_effective_bets,Equity Factor Diversification,equity,effective_bets,monthly,27,2023-03-01,2022-02-28,2023-02-28,2023-03-01,252,252,50,0.2156111741449676,0.00021561117414496762,10.0,5.967437912963498,719.7930902798075,1.193487570657824e-09,-0.5300802301245598,0.560747599864184,True,0,Optimization terminated successfully,3,7,-1.7361102557619406,0.1507536686022296,0.15891111122504956,0.9486666315531115,2.7755575615628914e-14,0.0,0.0,0.1,0.0,0.10000000000000003,0.04238915303747193,5.675225258809142,0.11350450517618285
equity_effective_bets,Equity Factor Diversification,equity,effective_bets,monthly,28,2023-04-03,2022-03-31,2023-03-31,2023-04-03,252,252,50,0.20334412991142656,0.00020334412991142656,10.0,5.790126282013423,710.8829062608362,1.1580252448224324e-09,-0.3738643148089632,0.4041887312530835,True,0,Optimization terminated successfully,3,7,-1.7166021797838267,0.1125500439690036,0.1527767618280395,0.7366960958086428,2.845279567509351e-12,0.0,0.0,0.1,0.0,0.09999999999763554,0.040392599038169566,5.565585441280638,0.11131170882561277
equity_effective_bets,Equity Factor Diversification,equity,effective_bets,monthly,29,2023-05-01,2022-04-28,2023-04-28,2023-05-01,252,252,50,0.11653319227367857,0.00011653319227367858,10.0,5.642257477505018,714.6538978489344,1.1284514842164888e-09,-0.3388991365636248,0.5858993506629674,True,0,Optimization terminated successfully,3,7,-1.7585952248854866,0.07539471184002429,0.15569394936118228,0.4842494660156765,8.077982727172639e-13,0.0,0.0,0.1,0.0,0.09999999999996648,0.0406402565060902,5.804277959423683,0.11608555918847366
equity_effective_bets,Equity Factor Diversification,equity,effective_bets,monthly,30,2023-06-01,2022-05-31,2023-05-31,2023-06-01,252,252,50,0.01621117071938858,1.621117071938858e-05,10.0,5.250113564529966,609.9353742650943,1.0500227024057662e-09,-0.45545680673063427,0.8770008312109273,True,0,Optimization terminated successfully,11,7,-1.7737278537378387,-0.01203294314615762,0.14889534399276222,-0.0808147711236863,1.1102230246251565e-14,0.0,0.0,0.09999999999999878,0.0,0.09999999999998763,0.040970404286078295,5.8927798880798425,0.11785559776159685
equity_effective_bets,Equity Factor Diversification,equity,effective_bets,monthly,31,2023-07-03,2022-06-30,2023-06-30,2023-07-03,252,252,50,0.11045189029390938,0.00011045189029390939,10.0,4.883298319330571,550.9165099528301,9.766596540995178e-10,-0.34636314378090993,1.1699565688763638,True,0,Optimization terminated successfully,2,7,-1.9915974797640685,0.09315314774788597,0.14052839934468606,0.6628777398894387,4.261035968511351e-13,0.0,0.0,0.09999999999994273,0.0,0.09999999999979749,0.041077532681630155,7.327229518838165,0.14654459037676332
equity_effective_bets,Equity Factor Diversification,equity,effective_bets,monthly,32,2023-08-01,2022-07-29,2023-07-31,2023-08-01,252,252,50,0.026625812877951915,2.6625812877951914e-05,10.0,4.728660289016061,534.166189472076,9.45732048345892e-10,-0.4257137157133368,1.1159951693564845,True,0,Optimization terminated successfully,8,7,-1.990097435697402,0.10701507025989325,0.13919853710928504,0.7687945037516847,1.341149413747189e-13,0.0,0.0,0.1,0.0,0.10000000000000003,0.0409438466692813,7.316246591170487,0.14632493182340975
equity_effective_bets,Equity Factor Diversification,equity,effective_bets,monthly,33,2023-09-01,2022-08-31,2023-08-31,2023-09-01,252,252,50,0.11825646791313604,0.00011825646791313604,10.0,4.546920102129455,472.5728005934037,9.093840113320509e-10,-0.43813560969970056,1.3175303418143658,True,0,Optimization terminated successfully,7,7,-2.0533497348192893,0.11154474285474586,0.13457712953701206,0.8288536338863453,5.834910332680465e-11,0.0,0.0,0.1,0.0,0.09999999998305201,0.04066229249199622,7.793965144552142,0.15587930289104285
equity_effective_bets,Equity Factor Diversification,equity,effective_bets,monthly,34,2023-10-02,2022-09-29,2023-09-29,2023-10-02,252,252,50,0.1118909104311504,0.0001118909104311504,10.0,4.283792021962718,412.3762148537553,8.567583958249595e-10,-0.43345810393913387,1.3764609828460026,True,0,Optimization terminated successfully,5,7,-2.1204835931107957,0.10127551976185514,0.12555970961888063,0.8065924974600783,8.538392215484691e-11,0.0,0.0,0.1,0.0,0.09999999999264152,0.0406917525419441,8.335167342708353,0.16670334685416704
equity_effective_bets,Equity Factor Diversification,equity,effective_bets,monthly,35,2023-11-01,2022-10-31,2023-10-31,2023-11-01,252,252,50,0.2155290146368503,0.00021552901463685033,10.0,3.9744385443219157,341.81313105563646,7.948877009155061e-10,-0.4631479082031792,1.221485025665576,True,0,Optimization terminated successfully,6,7,-2.172373626445531,-0.01326196493465099,0.11473066372675231,-0.11559215735242567,1.3991696690140998e-11,0.0,0.0,0.1,0.0,0.09500016940442649,0.039055264169780744,8.779097627425143,0.17558195254850287
equity_effective_bets,Equity Factor Diversification,equity,effective_bets,monthly,36,2023-12-01,2022-11-30,2023-11-30,2023-12-01,252,252,50,0.2672788688434266,0.0002672788688434266,10.0,3.6801088767873025,285.3080632813413,7.360217679972428e-10,-0.2766021355118453,1.2222043695132911,True,0,Optimization terminated successfully,15,7,-2.34694349847092,-0.003643054748129067,0.11116253663140609,-0.03277232472850765,1.7985612998927536e-14,0.0,0.0,0.09999999999999391,0.0,0.09509049964538101,0.039588474038183726,10.453569494120275,0.2090713898824055
equity_risk_parity,Equity Risk Parity,equity,risk_parity,monthly,1,2021-01-04,2020-01-03,2020-12-31,2021-01-04,252,252,50,1.0,0.001,10.0,13.184233797269265,708.2401086386429,2.6368467330853855e-09,-0.3492732395247833,0.9488143251997084,True,0,Optimization terminated successfully,12,1,1.036006148338283e-10,0.22403265965292954,0.32884222260837936,0.6812770509696126,0.0,0.0,0.009790222820556502,0.039273709083393865,0.0,0.02212816131177426,1.4394486085568433e-06,1.3100314875735686,0.02620062975147137
equity_risk_parity,Equity Risk Parity,equity,risk_parity,monthly,2,2021-02-01,2020-01-31,2021-01-29,2021-02-01,252,252,50,0.024273729980260905,2.4273729980260907e-05,10.0,13.465257787911993,661.1466828998957,2.693051530651883e-09,-0.23740683868214907,0.9237121823064337,True,0,Optimization terminated successfully,12,1,8.202896908277618e-11,0.21648609268787236,0.3306935377284223,0.6546426464059262,1.1102230246251565e-16,0.0,0.009777546008987215,0.038609011423265206,0.0,0.022100849320453038,1.2808510380426993e-06,1.3218777279220484,0.02643755455844097
equity_risk_parity,Equity Risk Parity,equity,risk_parity,monthly,3,2021-03-01,2020-02-28,2021-02-26,2021-03-01,252,252,50,0.04312297315767111,4.312297315767111e-05,10.0,13.324354398206259,663.0315596849582,2.664870852992543e-09,-0.09602128620994455,0.9459226944620321,True,0,Optimization terminated successfully,12,1,8.1196154536988e-11,0.31679865046446,0.3255910497009625,0.9729955745264564,0.0,0.0,0.009724189659397177,0.03835945751556153,0.0,0.022088546049697157,1.274332409828849e-06,1.347804672368269,0.02695609344736538
equity_risk_parity,Equity Risk Parity,equity,risk_parity,monthly,4,2021-04-01,2020-04-01,2021-03-31,2021-04-01,252,252,50,0.05908397829372556,5.908397829372556e-05,10.0,7.651657660345755,384.1065013271364,1.530331516765836e-09,-0.060127039234835644,1.226556819766659,True,0,Optimization terminated successfully,15,1,1.672437308458366e-10,0.4351333799149655,0.19430944394345798,2.239383588795534,0.0,0.0,0.007606943905338264,0.04557632691888447,0.0,0.022887276515060832,1.828899837857848e-06,1.9637150592351762,0.03927430118470352
equity_risk_parity,Equity Risk Parity,equity,risk_parity,monthly,5,2021-05-03,2020-05-01,2021-04-30,2021-05-03,252,252,50,0.04486290199670018,4.4862901996700176e-05,10.0,6.276780580370753,349.63417521830985,1.2553561035205896e-09,-0.2081438801394524,0.8493961050735777,True,0,Optimization terminated successfully,15,1,1.0927655635756416e-10,0.3515785527328603,0.15699057695027618,2.2394882518599584,0.0,0.0,0.0067047242676597125,0.04395311834037234,0.0,0.022956126846358095,1.4783541954321836e-06,2.452210325760311,0.049044206515206225
equity_risk_parity,Equity Risk Parity,equity,risk_parity,monthly,6,2021-06-01,2020-06-01,2021-05-28,2021-06-01,252,252,50,0.037505277454345815,3.7505277454345815e-05,10.0,5.719485651015339,338.35690348588344,1.1438971187640966e-09,-0.09446757920356907,1.0236878148723123,True,0,Optimization terminated successfully,14,1,9.098305424727858e-11,0.32589536714682205,0.14706397413688022,2.2160108827434106,1.1102230246251565e-16,0.0,0.0067879010686845145,0.039166180807015,0.0,0.022588854404096123,1.3489481401987316e-06,2.572223137256912,0.051444462745138246
equity_risk_parity,Equity Risk Parity,equity,risk_parity,monthly,7,2021-07-01,2020-07-01,2021-06-30,2021-07-01,252,252,50,0.04551172610841657,4.551172610841657e-05,10.0,4.93436282698919,284.1972655923129,9.868725555291125e-10,-0.04517062980827402,0.9353134194385742,True,0,Optimization terminated successfully,13,1,1.1945234903113716e-10,0.3317818714117713,0.12752606297859012,2.6016789326231526,0.0,0.0,0.008370631807772911,0.03727073759164131,0.0,0.022210525239675354,1.5456542241466928e-06,2.918754673976937,0.058375093479538745
equity_risk_parity,Equity Risk Parity,equity,risk_parity,monthly,8,2021-08-02,2020-07-31,2021-07-30,2021-08-02,252,252,50,0.019725369772503634,1.9725369772503634e-05,10.0,4.644660133462096,291.6771084447581,9.289320174030991e-10,-0.03111480254552568,0.9864628459904821,True,0,Optimization terminated successfully,13,1,1.0019638331647412e-10,0.30301421377294907,0.12591282895619335,2.40653963765973,1.1102230246251565e-16,0.0,0.008501951275450143,0.03659133251300867,0.0,0.022238935848188656,1.4156015210255175e-06,2.9079626537397147,0.0581592530747943
equity_risk_parity,Equity Risk Parity,equity,risk_parity,monthly,9,2021-09-01,2020-09-01,2021-08-31,2021-09-01,252,252,50,0.019130063193130015,1.9130063193130014e-05,10.0,4.51621493339901,314.3404924254211,9.032429776473723e-10,-0.07863987065770972,1.0546679801982481,True,0,Optimization terminated successfully,13,1,1.9632492954243105e-10,0.28142997421536486,0.12435268847441884,2.263159547799074,0.0,0.0,0.008433543862846933,0.038364809915583886,0.0,0.02237668857105129,1.981539449733123e-06,2.9510761953522033,0.059021523907044064
equity_risk_parity,Equity Risk Parity,equity,risk_parity,monthly,10,2021-10-01,2020-10-01,2021-09-30,2021-10-01,252,252,50,0.0313358773750417,3.1335877375041696e-05,10.0,4.295516232029762,344.8846496829951,8.591032378149199e-10,-0.12416434745014902,1.315533795988761,True,0,Optimization terminated successfully,14,1,2.2296867903443113e-10,0.22988022759719343,0.11433293882356094,2.0106211732381474,0.0,0.0,0.007985694750934939,0.0377979652361662,0.0,0.022604974756568023,2.1117228939157726e-06,3.1517950588417873,0.06303590117683575
equity_risk_parity,Equity Risk Parity,equity,risk_parity,monthly,11,2021-11-01,2020-10-30,2021-10-29,2021-11-01,252,252,50,0.03421811881899089,3.421811881899089e-05,10.0,4.159227537977499,315.90188050678523,8.318454992770447e-10,-0.03804484144889364,1.5250342431668675,True,0,Optimization terminated successfully,14,1,9.24871001914287e-11,0.30590340526976617,0.10869461099704832,2.8143382865418527,0.0,0.0,0.008273493367840593,0.03806938942813528,0.0,0.022442055503460526,1.3600522062879126e-06,3.2433625782060633,0.06486725156412126
equity_risk_parity,Equity Risk Parity,equity,risk_parity,monthly,12,2021-12-01,2020-12-01,2021-11-30,2021-12-01,252,252,50,0.0490244240535132,4.90244240535132e-05,10.0,3.7330974299977373,268.85629255670045,7.466194785333525e-10,-0.17349452421536093,0.9785778184849881,True,0,Optimization terminated successfully,12,1,2.1247339129563912e-10,0.18777347445842268,0.10559207721012014,1.778291320898706,0.0,0.0,0.009247213274035082,0.0351769181874447,0.0,0.02208997452239169,2.0614237375932203e-06,3.2862241264974257,0.06572448252994852
equity_risk_parity,Equity Risk Parity,equity,risk_parity,monthly,13,2022-01-03,2021-01-04,2021-12-31,2022-01-03,252,252,50,0.027293425909377916,2.7293425909377917e-05,10.0,3.785003164708261,290.9337377595371,7.570006253716459e-10,-0.12605950714046,0.914339693277029,True,0,Optimization terminated successfully,11,1,3.160970296204435e-10,0.2203584021266307,0.10966265780035339,2.009420586247369,0.0,0.0,0.009707962792048169,0.032990715160352214,0.0,0.022117992357204512,2.514346951478481e-06,3.1260677873550504,0.062521355747101
equity_risk_parity,Equity Risk Parity,equity,risk_parity,monthly,14,2022-02-01,2021-02-02,2022-01-31,2022-02-01,252,252,50,0.03658388480778131,3.6583884807781315e-05,10.0,3.7798292049481974,318.9718688197157,7.559658334299811e-10,-0.15047290084382414,0.8728852544158702,True,0,Optimization terminated successfully,12,1,3.1099571366398006e-10,0.20040327345569273,0.10816721166449764,1.8527173842410192,0.0,0.0,0.009619780695921358,0.03682709774973114,0.0,0.022095174278106113,2.49397559596715e-06,3.0895352624155423,0.061790705248310845
equity_risk_parity,Equity Risk Parity,equity,risk_parity,monthly,15,2022-03-01,2021-03-02,2022-02-28,2022-03-01,252,252,50,0.03446485987311645,3.446485987311645e-05,10.0,3.8465221707918356,276.3171762647196,7.693044264653227e-10,-0.2425927947907769,0.8761242453888961,True,0,Optimization terminated successfully,12,1,1.0156198078371456e-10,0.15558906213150364,0.11102167653852404,1.4014295854874332,0.0,0.0,0.010444230922296618,0.03362410331107789,0.0,0.022045484520957715,1.4252156383067578e-06,2.70307276985175,0.054061455397035
equity_risk_parity,Equity Risk Parity,equity,risk_parity,monthly,16,2022-04-01,2021-04-05,2022-03-31,2022-04-01,252,252,50,0.02382183872453695,2.382183872453695e-05,10.0,4.024441658350308,311.33527755599476,8.048883236211783e-10,-0.28945013253051877,0.8913328012218693,True,0,Optimization terminated successfully,12,1,3.2061027264319677e-10,0.15468385492762135,0.11191768707479871,1.3821216196528474,0.0,0.0,0.009877374350729723,0.035354714895918925,0.0,0.022479659080785936,2.532233293530466e-06,2.3094122392816083,0.04618824478563217
equity_risk_parity,Equity Risk Parity,equity,risk_parity,monthly,17,2022-05-02,2021-05-03,2022-04-29,2022-05-02,252,252,50,0.04184318123195443,4.184318123195443e-05,10.0,4.284996708228052,314.19614183547003,8.569993330756168e-10,-0.4753197972276958,0.9388799704010586,True,0,Optimization terminated successfully,12,1,1.4087380423185684e-10,0.07342666581264319,0.12274169515643345,0.5982210504674993,0.0,0.0,0.009741964602556118,0.03366024161522173,0.0,0.02217484371982584,1.6785339092902913e-06,1.9784185277229953,0.03956837055445991
equity_risk_parity,Equity Risk Parity,equity,risk_parity,monthly,18,2022-06-01,2021-06-02,2022-05-31,2022-06-01,252,252,50,0.04508161066080949,4.5081610660809494e-05,10.0,4.683380842181999,429.5009606662642,9.366761590696385e-10,-0.5815489189410324,1.0545687899640876,True,0,Optimization terminated successfully,13,1,9.955108031653693e-11,0.08235671977886437,0.13337678408377093,0.617474175469233,0.0,0.0,0.009287282519504898,0.03608621789009543,0.0,0.022702820764917236,1.4110356502691067e-06,1.954762206645119,0.03909524413290238
equity_risk_parity,Equity Risk Parity,equity,risk_parity,monthly,19,2022-07-01,2021-07-01,2022-06-30,2022-07-01,252,252,50,0.03817803554810928,3.817803554810928e-05,10.0,5.06933383844659,510.5361682089672,1.0138667575506501e-09,-0.5782209800041562,0.8011361548468544,True,0,Optimization terminated successfully,13,1,2.0384839567854167e-10,-0.0028456161017234045,0.1470826661420114,-0.019347052758588848,0.0,0.0,0.008825702754098247,0.03741330748610284,0.0,0.022734742716262128,2.0191502949434566e-06,1.774235775097082,0.03548471550194164
equity_risk_parity,Equity Risk Parity,equity,risk_parity,monthly,20,2022-08-01,2021-07-30,2022-07-29,2022-08-01,252,252,50,0.0352234993408454,3.52234993408454e-05,10.0,5.264405780011374,519.2828415783691,1.0528811454734633e-09,-0.4743378757951733,1.0610827829850287,True,0,Optimization terminated successfully,13,1,8.706959782432624e-11,0.031447751854557386,0.14948220442507096,0.21037789732570342,0.0,0.0,0.008759160087975311,0.0368171969944015,0.0,0.022730977224490512,1.3196181100934534e-06,1.8069446563495108,0.036138893126990215
equity_risk_parity,Equity Risk Parity,equity,risk_parity,monthly,21,2022-09-01,2021-09-01,2022-08-31,2022-09-01,252,252,50,0.01919109725462019,1.919109725462019e-05,10.0,5.410058492317103,557.7047098850965,1.0820116876433034e-09,-0.489901311668022,1.1828191271343909,True,0,Optimization terminated successfully,12,1,1.5828748108990555e-10,0.0031512009856474368,0.15399704929284347,0.020462736137593508,1.1102230246251565e-16,0.0,0.00847036817232324,0.03609618332050483,0.0,0.02268129827930413,1.77925535598385e-06,1.7990015974567584,0.03598003194913517
equity_risk_parity,Equity Risk Parity,equity,risk_parity,monthly,22,2022-10-03,2021-10-01,2022-09-30,2022-10-03,252,252,50,0.03262523827037393,3.262523827037393e-05,10.0,5.666887786649403,617.4377085828124,1.133377545996105e-09,-0.6348446139350687,0.8913308032260187,True,0,Optimization terminated successfully,12,1,2.941809600048521e-10,-0.049414620251092806,0.16555797342144518,-0.2984732129167993,0.0,0.0,0.008841610154793638,0.03688983668366343,0.0,0.022395938294833672,2.425617282280228e-06,1.6921123646122223,0.03384224729224444
equity_risk_parity,Equity Risk Parity,equity,risk_parity,monthly,23,2022-11-01,2021-11-01,2022-10-31,2022-11-01,252,252,50,0.03419248146596108,3.419248146596108e-05,10.0,6.021456174395363,648.5502777321982,1.2042912228361604e-09,-0.6083168093436072,0.9320822595695339,True,0,Optimization terminated successfully,13,1,3.523227400797518e-11,0.006994821565600721,0.17925124531177633,0.03902244335002776,2.220446049250313e-16,0.0,0.00900221389689536,0.040258762375234784,0.0,0.02223534843216228,8.394316411475374e-07,1.5608798734141558,0.031217597468283117
equity_risk_parity,Equity Risk Parity,equity,risk_parity,monthly,24,2022-12-01,2021-12-01,2022-11-30,2022-12-01,252,252,50,0.0363959144998344,3.63959144998344e-05,10.0,6.249555728017336,701.6202416455271,1.249911133104356e-09,-0.5492037107009324,1.012398262304997,True,0,Optimization terminated successfully,14,1,9.385837574202416e-11,0.11701749460720702,0.18609291453096433,0.6288121979396281,0.0,0.0,0.0084977482145958,0.0453836422288381,0.0,0.02252907821947902,1.3700976296746484e-06,1.4891635287564082,0.029783270575128164
equity_risk_parity,Equity Risk Parity,equity,risk_parity,monthly,25,2023-01-03,2021-12-31,2022-12-30,2023-01-03,252,252,50,0.02294375010222846,2.2943750102228463e-05,10.0,6.191813444196875,713.826459680812,1.2383626764557482e-09,-0.6198019913959887,0.9359017507349877,True,0,Optimization terminated successfully,13,1,3.0187411979907433e-10,0.01839536423073164,0.18781685821146474,0.097943094171132,0.0,0.0,0.00850695154229828,0.042813286356624514,0.0,0.022427075903509727,2.457128892830067e-06,1.4473344752433017,0.028946689504866036
equity_risk_parity,Equity Risk Parity,equity,risk_parity,monthly,26,2023-02-01,2022-01-31,2023-01-31,2023-02-01,252,252,50,0.031579002719926835,3.157900271992683e-05,10.0,6.113900152339298,662.3865223016511,1.2227800182400594e-09,-0.4107847709334955,0.6931753816190576,True,0,Optimization terminated successfully,13,1,3.021561662057799e-10,0.08988126174795529,0.19012295103255797,0.4727533486084139,0.0,0.0,0.008506520467415648,0.04196867392287925,0.0,0.022357527993741924,2.4582764946431944e-06,1.4453802360862105,0.028907604721724208
equity_risk_parity,Equity Risk Parity,equity,risk_parity,monthly,27,2023-03-01,2022-02-28,2023-02-28,2023-03-01,252,252,50,0.017350523470016407,1.7350523470016406e-05,10.0,5.967437912963498,719.7930902798075,1.193487570657824e-09,-0.5300802301245598,0.560747599864184,True,0,Optimization terminated successfully,13,1,3.420504306938797e-10,0.03255741115487075,0.18838805001575107,0.17282099980412044,0.0,0.0,0.008744281914259322,0.0426212726338563,0.0,0.02237126569737112,2.6155321855940225e-06,1.431349218842055,0.028626984376841098
equity_risk_parity,Equity Risk Parity,equity,risk_parity,monthly,28,2023-04-03,2022-03-31,2023-03-31,2023-04-03,252,252,50,0.02354418643441827,2.354418643441827e-05,10.0,5.790126282013423,710.8829062608362,1.1580252448224324e-09,-0.3738643148089632,0.4041887312530835,True,0,Optimization terminated successfully,13,1,1.5521632052994963e-10,0.0021670456733995135,0.19056564167163204,0.011371649445253089,1.1102230246251565e-16,0.0,0.009202457780031606,0.0423620184127443,0.0,0.02234078816525508,1.7619098758443486e-06,1.347194976926599,0.02694389953853198
equity_risk_parity,Equity Risk Parity,equity,risk_parity,monthly,29,2023-05-01,2022-04-28,2023-04-28,2023-05-01,252,252,50,0.021045635620218876,2.1045635620218876e-05,10.0,5.642257477505018,714.6538978489344,1.1284514842164888e-09,-0.3388991365636248,0.5858993506629674,True,0,Optimization terminated successfully,13,1,1.3621893399781308e-10,0.058307321600264014,0.1889045344775776,0.3086602540352726,0.0,0.0,0.009366668930414615,0.04208591863908298,0.0,0.022339735074719785,1.6505691987785825e-06,1.3413501925557192,0.026827003851114382
equity_risk_parity,Equity Risk Parity,equity,risk_parity,monthly,30,2023-06-01,2022-05-31,2023-05-31,2023-06-01,252,252,50,0.027017805844683135,2.7017805844683137e-05,10.0,5.250113564529966,609.9353742650943,1.0500227024057662e-09,-0.45545680673063427,0.8770008312109273,True,0,Optimization terminated successfully,12,1,2.0097196715136517e-10,-0.021026189210367776,0.17806346538635287,-0.11808255649044143,0.0,0.0,0.009990751999211253,0.0424954583320821,0.0,0.022139519328432045,2.0048539455601126e-06,1.3561502178388367,0.027123004356776736
equity_risk_parity,Equity Risk Parity,equity,risk_parity,monthly,31,2023-07-03,2022-06-30,2023-06-30,2023-07-03,252,252,50,0.02736855180111935,2.736855180111935e-05,10.0,4.883298319330571,550.9165099528301,9.766596540995178e-10,-0.34636314378090993,1.1699565688763638,True,0,Optimization terminated successfully,13,1,1.2680762082608692e-10,0.11217807416937238,0.16608609452427017,0.6754212295176812,2.220446049250313e-16,0.0,0.010598117749631184,0.046881018492896775,0.0,0.02235167743425208,1.5925301932843076e-06,1.442575723589922,0.02885151447179844
equity_risk_parity,Equity Risk Parity,equity,risk_parity,monthly,32,2023-08-01,2022-07-29,2023-07-31,2023-08-01,252,252,50,0.02315070348936903,2.315070348936903e-05,10.0,4.728660289016061,534.166189472076,9.45732048345892e-10,-0.4257137157133368,1.1159951693564845,True,0,Optimization terminated successfully,13,1,9.944958765801726e-11,0.10849463829644028,0.1635722483160962,0.6632826742515585,0.0,0.0,0.010729854222670133,0.046033494600211965,0.0,0.022294065581744654,1.4103161890728e-06,1.4235845622291226,0.028471691244582452
equity_risk_parity,Equity Risk Parity,equity,risk_parity,monthly,33,2023-09-01,2022-08-31,2023-08-31,2023-09-01,252,252,50,0.02064283780188291,2.0642837801882913e-05,10.0,4.546920102129455,472.5728005934037,9.093840113320509e-10,-0.43813560969970056,1.3175303418143658,True,0,Optimization terminated successfully,13,1,7.381133172201573e-11,0.09538117201601276,0.1605181312960105,0.5942080888053757,1.1102230246251565e-16,0.0,0.01129106546134937,0.04486765254056218,0.0,0.0222160170547534,1.2150006726088665e-06,1.4487723116684037,0.028975446233368073
equity_risk_parity,Equity Risk Parity,equity,risk_parity,monthly,34,2023-10-02,2022-09-29,2023-09-29,2023-10-02,252,252,50,0.017631893047495472,1.7631893047495472e-05,10.0,4.283792021962718,412.3762148537553,8.567583958249595e-10,-0.43345810393913387,1.3764609828460026,True,0,Optimization terminated successfully,13,1,7.569728422642096e-11,0.1416974489394809,0.15034743841066156,0.9424666654608779,0.0,0.0,0.011229370809788614,0.043816886686313665,0.0,0.022246736653925344,1.2304250015861335e-06,1.5190926510052511,0.030381853020105022
equity_risk_parity,Equity Risk Parity,equity,risk_parity,monthly,35,2023-11-01,2022-10-31,2023-10-31,2023-11-01,252,252,50,0.027165828123842398,2.7165828123842397e-05,10.0,3.9744385443219157,341.81313105563646,7.948877009155061e-10,-0.4631479082031792,1.221485025665576,True,0,Optimization terminated successfully,13,1,1.311390979529444e-10,0.03799902614182623,0.13398173083492623,0.2836134889811461,0.0,0.0,0.011550337978862263,0.04646138895302885,0.0,0.02265721128547571,1.6195005276500353e-06,1.7010364353541298,0.034020728707082594
equity_risk_parity,Equity Risk Parity,equity,risk_parity,monthly,36,2023-12-01,2022-11-30,2023-11-30,2023-12-01,252,252,50,0.041321252864987945,4.132125286498795e-05,10.0,3.6801088767873025,285.3080632813413,7.360217679972428e-10,-0.2766021355118453,1.2222043695132911,True,0,Optimization terminated successfully,12,1,2.3961463076034603e-10,0.07501850631468766,0.12614300935228173,0.5947099779836567,0.0,0.0,0.010279658889230266,0.04158322045003295,0.0,0.022440108834337894,2.189130561480178e-06,1.652961359825875,0.0330592271965175
