fund_id,fund_name,asset_family,method,rebalance_schedule,rebalance_number,rebalance_date,estimation_start,estimation_end,first_held_return_date,estimation_observations,annualization_days,eligible_asset_count,turnover,transaction_cost,transaction_cost_bps,covariance_estimator,covariance_shrinkage,sample_covariance_condition_number,covariance_trace,covariance_condition_number,covariance_minimum_eigenvalue,covariance_ridge_added,expected_return_min,expected_return_max,solver_success,solver_status,solver_message,solver_iterations,valid_start_count,objective_value,expected_portfolio_return,expected_portfolio_volatility,expected_sharpe,weight_sum_residual,maximum_bound_residual,minimum_weight,maximum_weight,crypto_sleeve_weight,weight_hhi,risk_contribution_dispersion,effective_number_of_bets,effective_bet_ratio,prototype_id,cluster_count,minimum_linkage_distance,maximum_linkage_distance,constraint_projection_applied,projection_l1_distance,raw_maximum_weight,raw_weight_hhi,raw_crypto_sleeve_weight,ordered_asset_signature
combined_hierarchical_risk_parity,Combined Hierarchical Risk Parity,combined,hierarchical_risk_parity,monthly,1,2021-01-04,2020-01-03,2020-12-31,2021-01-04,252,252,60,1.0,0.001,10.0,ledoit_wolf,0.08876369462569375,1033.4140189789068,21.073621130405595,217.7555286247138,0.039461066632683076,0.0,-0.3492732395247833,1.982593873089236,True,0,standard single-linkage HRP; raw weights feasible,0,1,0.08626903324965284,0.2846289651902297,0.29371590568039185,0.9690621436754938,0.0,0.0,0.003165180844101255,0.06109046987123343,0.05339446000050449,0.02676128549604693,0.008867726501995677,1.9461276363674431,0.03243546060612405,combined_hierarchical_risk_parity__ledoit_wolf,60.0,0.2662140369880405,0.5788393410626322,False,0.0,0.06109046987123343,0.02676128549604693,0.05339446000050449,NEM|TRX-USD|ETC-USD|ADA-USD|BTC-USD|ETH-USD|LTC-USD|BCH-USD|EOS-USD|XLM-USD|XRP-USD|GILD|WMT|UPS|ABBV|MRK|EA|TTWO|TMUS|AMGN|PSA|ABT|INTC|QCOM|ADBE|AMD|NVDA|NKE|SHW|CMCSA|DIS|MMM|O|BA|GE|T|CAT|DOW|V|DD|SBUX|NUE|GS|MS|USB|WFC|OXY|XOM|SLB|COP|CVX|KO|NEE|AEP|D|DUK|SO|PLD|AMT|CCI
combined_hierarchical_risk_parity,Combined Hierarchical Risk Parity,combined,hierarchical_risk_parity,monthly,2,2021-02-01,2020-01-31,2021-01-29,2021-02-01,252,252,60,0.05205491920385118,5.205491920385118e-05,10.0,ledoit_wolf,0.08539077514609163,1091.1159806064534,22.359141071992603,225.64766039831733,0.04008079733016171,0.0,-0.23740683868214907,2.7597000301127537,True,0,standard single-linkage HRP; raw weights feasible,0,1,0.08761605599884659,0.26162929897681403,0.29600009459263116,0.8838824843515006,0.0,0.0,0.002189876523807594,0.05963342858340361,0.05404092429483019,0.026341589926208896,0.008657355855427444,2.1189593077378,0.035315988462296666,combined_hierarchical_risk_parity__ledoit_wolf,60.0,0.26962026956876645,0.5818116406285908,False,0.0,0.05963342858340361,0.026341589926208896,0.05404092429483019,NEM|TRX-USD|XRP-USD|XLM-USD|ADA-USD|BTC-USD|ETC-USD|ETH-USD|LTC-USD|BCH-USD|EOS-USD|GILD|WMT|UPS|ABBV|MRK|AMGN|EA|TTWO|TMUS|PSA|ABT|INTC|QCOM|ADBE|AMD|NVDA|MMM|CMCSA|SHW|NKE|DIS|O|T|BA|GE|CAT|DOW|DD|NUE|GS|MS|USB|WFC|OXY|XOM|SLB|COP|CVX|SBUX|V|KO|NEE|AEP|D|DUK|SO|PLD|AMT|CCI
combined_hierarchical_risk_parity,Combined Hierarchical Risk Parity,combined,hierarchical_risk_parity,monthly,3,2021-03-01,2020-02-28,2021-02-26,2021-03-01,252,252,60,0.08892435098625652,8.892435098625652e-05,10.0,ledoit_wolf,0.08618684611124942,1144.0404576090773,22.923502600296956,220.98550219386757,0.04077601298952416,0.0,-0.09602128620994455,2.9761046427603395,True,0,standard single-linkage HRP; raw weights feasible,0,1,0.08684241979833393,0.34363335529288375,0.2946903795483217,1.1660827062613242,1.1102230246251565e-16,0.0,0.0024523939849501026,0.05514272041825966,0.05071512536163199,0.025052181530895692,0.007907901862953431,2.249099353128266,0.03748498921880443,combined_hierarchical_risk_parity__ledoit_wolf,60.0,0.2695667827556579,0.5866559570888138,False,0.0,0.05514272041825966,0.025052181530895692,0.05071512536163199,NEM|XRP-USD|XLM-USD|ADA-USD|TRX-USD|BTC-USD|ETC-USD|ETH-USD|LTC-USD|BCH-USD|EOS-USD|WMT|GILD|UPS|AMGN|ABBV|MRK|TMUS|INTC|PSA|ABT|QCOM|ADBE|AMD|NVDA|NKE|SHW|MMM|CMCSA|DIS|O|T|SBUX|V|DD|CAT|DOW|NUE|GS|MS|USB|WFC|OXY|XOM|SLB|COP|CVX|BA|GE|KO|NEE|AEP|D|DUK|SO|PLD|AMT|CCI|EA|TTWO
combined_hierarchical_risk_parity,Combined Hierarchical Risk Parity,combined,hierarchical_risk_parity,monthly,4,2021-04-01,2020-04-01,2021-03-31,2021-04-01,252,252,60,0.12001074423556182,0.00012001074423556182,10.0,ledoit_wolf,0.06069859968191399,662.0121449886715,15.477788259743535,217.9737690495713,0.02330908664035891,0.0,-0.060127039234835644,2.867691654241286,True,0,standard single-linkage HRP; raw weights feasible,0,1,0.031047648081206594,0.41099140198858425,0.1762034281199052,2.3324824401765185,0.0,0.0,0.0016354447902515656,0.07447465572475304,0.04101113679527047,0.028778052315094296,0.010298559167151953,5.094870375997851,0.08491450626663084,combined_hierarchical_risk_parity__ledoit_wolf,60.0,0.29143622502122973,0.6053311571964152,False,0.0,0.07447465572475304,0.028778052315094296,0.04101113679527047,ADA-USD|XLM-USD|TRX-USD|XRP-USD|BTC-USD|ETH-USD|ETC-USD|LTC-USD|BCH-USD|EOS-USD|NEM|WMT|GILD|ABBV|AMGN|MRK|TMUS|ABT|UPS|INTC|QCOM|ADBE|AMD|NVDA|EA|TTWO|NKE|PSA|SHW|PLD|AMT|CCI|DIS|NEE|D|DUK|AEP|SO|MMM|O|T|SLB|OXY|COP|CVX|XOM|USB|WFC|GS|MS|NUE|DD|CAT|DOW|BA|GE|SBUX|V|CMCSA|KO
combined_hierarchical_risk_parity,Combined Hierarchical Risk Parity,combined,hierarchical_risk_parity,monthly,5,2021-05-03,2020-05-01,2021-04-30,2021-05-03,252,252,60,0.10703101833775429,0.00010703101833775429,10.0,ledoit_wolf,0.0598780300615997,797.3613484584146,15.238497536661002,240.91312797497022,0.021764255627977024,0.0,-0.2081438801394524,2.7040908911882555,True,0,standard single-linkage HRP; raw weights feasible,0,1,0.020438895420983105,0.3426004193859595,0.14296466493851936,2.3963992748368392,0.0,0.0,0.0011034308353147788,0.08260360365117177,0.034059396797732754,0.02958954384114914,0.010495181419877483,6.353390951758823,0.10588984919598038,combined_hierarchical_risk_parity__ledoit_wolf,60.0,0.29874530345779765,0.618509596467205,False,0.0,0.08260360365117177,0.02958954384114914,0.034059396797732754,TRX-USD|XRP-USD|ADA-USD|XLM-USD|BTC-USD|ETH-USD|ETC-USD|EOS-USD|BCH-USD|LTC-USD|WMT|GILD|ABBV|AMGN|MRK|NEM|ABT|TMUS|UPS|NKE|SHW|NEE|D|AEP|DUK|SO|PSA|PLD|AMT|CCI|CMCSA|KO|V|SBUX|DIS|O|MMM|T|DD|NUE|CAT|DOW|OXY|SLB|COP|CVX|XOM|USB|WFC|GS|MS|BA|GE|INTC|QCOM|EA|TTWO|ADBE|AMD|NVDA
combined_hierarchical_risk_parity,Combined Hierarchical Risk Parity,combined,hierarchical_risk_parity,monthly,6,2021-06-01,2020-06-01,2021-05-28,2021-06-01,252,252,60,0.12955660736130153,0.00012955660736130154,10.0,ledoit_wolf,0.054998453776613956,1412.0342280329962,19.060955930437192,359.6331608604526,0.023426109865477107,0.0,-0.09446757920356907,2.5441974199957964,True,0,standard single-linkage HRP; raw weights feasible,0,1,0.018757757823938737,0.30401232583521703,0.13695896401454977,2.2197329544849684,0.0,0.0,0.0007025560130381111,0.0606295472749399,0.016487880011888913,0.027248213983857638,0.011006631247347345,6.0012199513267594,0.10002033252211266,combined_hierarchical_risk_parity__ledoit_wolf,60.0,0.29770613997995166,0.619435225046988,False,0.0,0.0606295472749399,0.027248213983857638,0.016487880011888913,XRP-USD|ADA-USD|XLM-USD|TRX-USD|ETC-USD|BTC-USD|ETH-USD|EOS-USD|BCH-USD|LTC-USD|WMT|NEM|ABT|UPS|NKE|TMUS|INTC|NEE|D|DUK|AEP|SO|CMCSA|T|DIS|KO|V|MMM|SBUX|O|USB|WFC|GS|MS|SLB|OXY|COP|CVX|XOM|DD|CAT|DOW|NUE|BA|GE|SHW|EA|TTWO|QCOM|ADBE|AMD|NVDA|PSA|PLD|AMT|CCI|GILD|AMGN|ABBV|MRK
combined_hierarchical_risk_parity,Combined Hierarchical Risk Parity,combined,hierarchical_risk_parity,monthly,7,2021-07-01,2020-07-01,2021-06-30,2021-07-01,252,252,60,0.07839261101666564,7.839261101666564e-05,10.0,ledoit_wolf,0.0482772293644948,1689.7173417506071,19.176109914380064,440.4928541706896,0.020857779519215566,0.0,-0.04517062980827402,2.4942228399591873,True,0,standard single-linkage HRP; raw weights feasible,0,1,0.014416950719832351,0.2934756978291963,0.12007060722688276,2.4441926680244994,0.0,0.0,0.0005796292286909422,0.05853040282451282,0.01374619174155456,0.027494072519011963,0.01155212317652675,7.264991867365537,0.12108319778942561,combined_hierarchical_risk_parity__ledoit_wolf,60.0,0.28887078931816923,0.6188909976895686,False,0.0,0.05853040282451282,0.027494072519011963,0.01374619174155456,XRP-USD|ADA-USD|XLM-USD|TRX-USD|ETC-USD|BTC-USD|ETH-USD|EOS-USD|BCH-USD|LTC-USD|WMT|NEM|NKE|ABT|GILD|AMGN|ABBV|MRK|UPS|TMUS|INTC|SHW|EA|QCOM|TTWO|AMD|ADBE|NVDA|PSA|PLD|AMT|CCI|NEE|D|DUK|AEP|SO|T|O|DIS|MMM|USB|WFC|GS|MS|SLB|CVX|XOM|COP|OXY|DD|CAT|DOW|NUE|BA|GE|KO|CMCSA|SBUX|V
combined_hierarchical_risk_parity,Combined Hierarchical Risk Parity,combined,hierarchical_risk_parity,monthly,8,2021-08-02,2020-07-31,2021-07-30,2021-08-02,252,252,60,0.08095630910261005,8.095630910261005e-05,10.0,ledoit_wolf,0.046902272057899694,1995.455148305402,18.97454042649675,478.2533415670675,0.019498213433582875,0.0,-0.03111480254552568,2.133926362043439,True,0,standard single-linkage HRP; raw weights feasible,0,1,0.013999410641029223,0.27164791135797556,0.11831910513957254,2.295892206398384,0.0,0.0,0.000552632981555592,0.054324910312462095,0.012022737446846846,0.02727242396745068,0.011579305559905842,8.19728053969825,0.13662134232830417,combined_hierarchical_risk_parity__ledoit_wolf,60.0,0.28879775612793895,0.6162367500188896,False,0.0,0.054324910312462095,0.02727242396745068,0.012022737446846846,XRP-USD|TRX-USD|ETC-USD|BTC-USD|ETH-USD|EOS-USD|BCH-USD|LTC-USD|ADA-USD|XLM-USD|NEM|WMT|UPS|NKE|ABT|AMGN|GILD|ABBV|MRK|SHW|INTC|EA|TTWO|QCOM|ADBE|AMD|NVDA|PSA|PLD|AMT|CCI|TMUS|NEE|SO|AEP|D|DUK|T|O|KO|CMCSA|SBUX|V|MMM|DIS|GE|BA|SLB|CVX|XOM|COP|OXY|GS|MS|USB|WFC|DD|CAT|DOW|NUE
combined_hierarchical_risk_parity,Combined Hierarchical Risk Parity,combined,hierarchical_risk_parity,monthly,9,2021-09-01,2020-09-01,2021-08-31,2021-09-01,252,252,60,0.07957853785561052,7.957853785561052e-05,10.0,ledoit_wolf,0.04470471483896858,2130.423351434478,19.12010475411857,511.0935437625138,0.018733505319765736,0.0,-0.07863987065770972,2.5355819840145335,True,0,standard single-linkage HRP; raw weights feasible,0,1,0.013723734582858088,0.24764352543831994,0.11714834434535594,2.113931074503804,0.0,0.0,0.0005312534587770889,0.06811355003403571,0.011623637550998468,0.028367169012734207,0.012288087506649052,8.97960163659166,0.14966002727652766,combined_hierarchical_risk_parity__ledoit_wolf,60.0,0.2872219860441296,0.6106911331866974,False,0.0,0.06811355003403571,0.028367169012734207,0.011623637550998468,XRP-USD|TRX-USD|ETC-USD|BTC-USD|ETH-USD|EOS-USD|BCH-USD|LTC-USD|ADA-USD|XLM-USD|WMT|NKE|NEM|UPS|AMGN|GILD|ABBV|MRK|ABT|SHW|TMUS|INTC|EA|TTWO|QCOM|ADBE|AMD|NVDA|PSA|PLD|AMT|CCI|O|NEE|SO|AEP|D|DUK|MMM|T|KO|CMCSA|SBUX|V|DIS|GE|BA|SLB|CVX|XOM|COP|OXY|GS|MS|USB|WFC|DD|CAT|DOW|NUE
combined_hierarchical_risk_parity,Combined Hierarchical Risk Parity,combined,hierarchical_risk_parity,monthly,10,2021-10-01,2020-10-01,2021-09-30,2021-10-01,252,252,60,0.07353162856882722,7.353162856882722e-05,10.0,ledoit_wolf,0.04109934895611386,2463.798347830006,19.20084579535386,583.7562814557518,0.01722920897021054,0.0,-0.12416434745014902,2.3815964347981127,True,0,standard single-linkage HRP; raw weights feasible,0,1,0.011740015605472448,0.18104977192209695,0.10835135257795561,1.6709507321732506,1.1102230246251565e-16,0.0,0.0004569244497855406,0.07366820864123416,0.010089788897146774,0.029182664203832986,0.012595108567974501,9.393320101783885,0.15655533502973143,combined_hierarchical_risk_parity__ledoit_wolf,60.0,0.2873637481541401,0.6156892703266201,False,0.0,0.07366820864123416,0.029182664203832986,0.010089788897146774,XRP-USD|TRX-USD|ETC-USD|BTC-USD|ETH-USD|EOS-USD|BCH-USD|LTC-USD|ADA-USD|XLM-USD|WMT|UPS|NEM|NKE|AMGN|GILD|ABBV|MRK|ABT|SHW|INTC|EA|TTWO|QCOM|ADBE|AMD|NVDA|PSA|PLD|AMT|CCI|TMUS|MMM|O|NEE|SO|AEP|D|DUK|T|CMCSA|DIS|GE|BA|DD|GS|MS|USB|WFC|SLB|CVX|XOM|COP|OXY|CAT|DOW|NUE|KO|SBUX|V
combined_hierarchical_risk_parity,Combined Hierarchical Risk Parity,combined,hierarchical_risk_parity,monthly,11,2021-11-01,2020-10-30,2021-10-29,2021-11-01,252,252,60,0.11259066260040715,0.00011259066260040715,10.0,ledoit_wolf,0.03972422511227894,2619.1187078079533,19.261636975459318,615.7987764418074,0.016666192717023763,0.0,-0.03804484144889364,2.5476784819297986,True,0,standard single-linkage HRP; raw weights feasible,0,1,0.010799023426082181,0.26023545655119606,0.10391834980446034,2.504230071405795,2.220446049250313e-16,0.0,0.00043905977795035724,0.06592283005629009,0.008682279997112897,0.02878814126019222,0.01254789844573574,9.479435278302738,0.1579905879717123,combined_hierarchical_risk_parity__ledoit_wolf,60.0,0.2827246895498963,0.6162372812231763,False,0.0,0.06592283005629009,0.02878814126019222,0.008682279997112897,NEM|XRP-USD|TRX-USD|BTC-USD|ETC-USD|ETH-USD|EOS-USD|BCH-USD|LTC-USD|ADA-USD|XLM-USD|WMT|NKE|UPS|ABT|SHW|EA|PSA|PLD|AMT|CCI|INTC|TTWO|QCOM|ADBE|AMD|NVDA|KO|O|NEE|SO|AEP|D|DUK|TMUS|MMM|T|SBUX|V|CMCSA|DIS|GE|BA|GS|MS|USB|WFC|DD|SLB|OXY|COP|CVX|XOM|CAT|DOW|NUE|ABBV|MRK|AMGN|GILD
combined_hierarchical_risk_parity,Combined Hierarchical Risk Parity,combined,hierarchical_risk_parity,monthly,12,2021-12-01,2020-12-01,2021-11-30,2021-12-01,252,252,60,0.10270152716960305,0.00010270152716960306,10.0,ledoit_wolf,0.03900471806537276,2669.719085657815,18.35386665972874,642.8829839527228,0.01571005462818365,0.0,-0.17349452421536093,1.9218005257051143,True,0,standard single-linkage HRP; raw weights feasible,0,1,0.010253486788062816,0.15672006465925917,0.10125950221121383,1.5477072396856346,2.220446049250313e-16,0.0,0.00038656248166138945,0.05677443778676266,0.007370867400417223,0.027603408479112607,0.012032990034549785,8.745828350674609,0.14576380584457682,combined_hierarchical_risk_parity__ledoit_wolf,60.0,0.27208467369423994,0.6325619634360623,False,0.0,0.05677443778676266,0.027603408479112607,0.007370867400417223,WMT|XRP-USD|TRX-USD|ETC-USD|BTC-USD|ETH-USD|EOS-USD|BCH-USD|LTC-USD|ADA-USD|XLM-USD|UPS|NKE|KO|SHW|SBUX|V|DIS|CMCSA|TMUS|MMM|T|BA|GE|GS|MS|USB|WFC|DD|CAT|NUE|DOW|SLB|CVX|XOM|COP|OXY|ABT|EA|TTWO|NEE|SO|AEP|D|DUK|PSA|O|PLD|AMT|CCI|INTC|QCOM|ADBE|AMD|NVDA|MRK|NEM|ABBV|AMGN|GILD
combined_hierarchical_risk_parity,Combined Hierarchical Risk Parity,combined,hierarchical_risk_parity,monthly,13,2022-01-03,2021-01-04,2021-12-31,2022-01-03,252,252,60,0.10312245448353219,0.0001031224544835322,10.0,ledoit_wolf,0.04104013250442011,2666.6247079653226,17.628040392591387,613.0954115968293,0.015651632535939694,0.0,-0.12605950714046,1.882587306240429,True,0,standard single-linkage HRP; raw weights feasible,0,1,0.010906607557133048,0.19109516194801654,0.10443470475437296,1.8298051629242038,0.0,0.0,0.0004671247661804692,0.05735860977571999,0.007937946193707487,0.028516260187858335,0.012357426594088115,9.012417842072695,0.15020696403454492,combined_hierarchical_risk_parity__ledoit_wolf,60.0,0.2638154898330802,0.6232406257278907,False,0.0,0.05735860977571999,0.028516260187858335,0.007937946193707487,WMT|XRP-USD|ADA-USD|XLM-USD|TRX-USD|ETC-USD|BTC-USD|ETH-USD|EOS-USD|BCH-USD|LTC-USD|UPS|NKE|ABT|T|MMM|CMCSA|TMUS|SBUX|BA|GE|DD|GS|MS|USB|WFC|NUE|CAT|DOW|SLB|CVX|XOM|COP|OXY|DIS|V|SHW|EA|TTWO|KO|INTC|QCOM|ADBE|AMD|NVDA|O|PSA|PLD|AMT|CCI|NEE|SO|AEP|D|DUK|MRK|NEM|ABBV|AMGN|GILD
combined_hierarchical_risk_parity,Combined Hierarchical Risk Parity,combined,hierarchical_risk_parity,monthly,14,2022-02-01,2021-02-02,2022-01-31,2022-02-01,252,252,60,0.12943900699229038,0.0001294390069922904,10.0,ledoit_wolf,0.039147152205618076,2851.3428451164423,16.184943242641992,657.8915120167239,0.013722372452484036,0.0,-0.26246068625737806,1.7523508442205948,True,0,standard single-linkage HRP; raw weights feasible,0,1,0.010893489218797224,0.1825451305420226,0.10437187944459574,1.7489876728618647,0.0,0.0,0.0005662948581683045,0.06685661837567017,0.010583167495289016,0.027194887079918278,0.011233223026814556,7.54967074771778,0.12582784579529632,combined_hierarchical_risk_parity__ledoit_wolf,60.0,0.2734631994267103,0.6108774616409706,False,0.0,0.06685661837567017,0.027194887079918278,0.010583167495289016,NEM|MRK|ABBV|AMGN|GILD|WMT|UPS|EA|TTWO|NKE|TRX-USD|ADA-USD|ETC-USD|BTC-USD|ETH-USD|EOS-USD|BCH-USD|LTC-USD|XLM-USD|XRP-USD|T|CMCSA|TMUS|SBUX|MMM|V|DIS|BA|GE|GS|MS|USB|WFC|NUE|SLB|CVX|XOM|COP|OXY|CAT|DD|DOW|ABT|SHW|INTC|ADBE|QCOM|AMD|NVDA|KO|O|PSA|PLD|AMT|CCI|NEE|SO|AEP|D|DUK
combined_hierarchical_risk_parity,Combined Hierarchical Risk Parity,combined,hierarchical_risk_parity,monthly,15,2022-03-01,2021-03-02,2022-02-28,2022-03-01,252,252,60,0.10911453730176394,0.00010911453730176395,10.0,ledoit_wolf,0.04083156471630448,2501.83520665403,15.582614851407829,618.3439791535667,0.01408012732212793,0.0,-0.46865655744791945,1.8126264661629579,True,0,standard single-linkage HRP; raw weights feasible,0,1,0.011157705053898667,0.1344726000981384,0.10563003859650279,1.273052645676024,2.220446049250313e-16,0.0,0.00047261100403562384,0.0690956218687413,0.012038279853015827,0.029818068799238574,0.01225303597258619,6.690647607163234,0.11151079345272057,combined_hierarchical_risk_parity__ledoit_wolf,60.0,0.2708985071290558,0.6243299140234663,False,0.0,0.0690956218687413,0.029818068799238574,0.012038279853015827,NEM|MRK|EA|TTWO|WMT|ABBV|AMGN|GILD|UPS|TRX-USD|ETC-USD|ADA-USD|BTC-USD|XLM-USD|XRP-USD|ETH-USD|EOS-USD|BCH-USD|LTC-USD|NKE|ABT|KO|AEP|SO|D|DUK|SHW|NEE|O|PSA|PLD|AMT|CCI|INTC|ADBE|QCOM|AMD|NVDA|SBUX|V|DIS|MMM|BA|GE|GS|MS|USB|WFC|SLB|CVX|XOM|COP|OXY|CAT|NUE|DD|DOW|TMUS|CMCSA|T
combined_hierarchical_risk_parity,Combined Hierarchical Risk Parity,combined,hierarchical_risk_parity,monthly,16,2022-04-01,2021-04-05,2022-03-31,2022-04-01,252,252,60,0.12589395658001876,0.00012589395658001875,10.0,ledoit_wolf,0.04108953632324118,2657.789451460922,15.44665381007546,624.8944067660148,0.013824727650040782,0.0,-0.30439771676211014,1.885652709704718,True,0,standard single-linkage HRP; raw weights feasible,0,1,0.01112870131360246,0.1401695051528235,0.1054926599987054,1.328713345123193,0.0,0.0,0.0005249892781987547,0.06701673978395521,0.011541504218511266,0.029941859359785394,0.012369918690550149,6.836743104872103,0.11394571841453506,combined_hierarchical_risk_parity__ledoit_wolf,60.0,0.2665653786244204,0.6204836076459043,False,0.0,0.06701673978395521,0.029941859359785394,0.011541504218511266,NEM|MRK|EA|TTWO|ABBV|AMGN|GILD|WMT|TMUS|ETC-USD|ADA-USD|TRX-USD|BTC-USD|EOS-USD|ETH-USD|BCH-USD|LTC-USD|XLM-USD|XRP-USD|KO|CMCSA|T|UPS|NEE|AEP|SO|D|DUK|ABT|O|PSA|PLD|AMT|CCI|SHW|INTC|ADBE|QCOM|AMD|NVDA|V|MMM|SLB|OXY|CVX|COP|XOM|CAT|DIS|GS|MS|USB|WFC|BA|GE|NUE|DD|DOW|NKE|SBUX
combined_hierarchical_risk_parity,Combined Hierarchical Risk Parity,combined,hierarchical_risk_parity,monthly,17,2022-05-02,2021-05-03,2022-04-29,2022-05-02,252,252,60,0.11356257818571408,0.00011356257818571408,10.0,ledoit_wolf,0.04342339610381286,2268.0720529882974,14.558935723937584,575.6957897888898,0.014114664590138852,0.0,-0.8113680578388313,0.9388799704010586,True,0,standard single-linkage HRP; raw weights feasible,0,1,0.013438305663621013,0.05110944003853425,0.11592370621931053,0.44088859565827493,2.220446049250313e-16,0.0,0.0005458891156188637,0.0581124659830631,0.013201898909953916,0.02868588703236849,0.011762418629908416,4.5128771371790215,0.07521461895298369,combined_hierarchical_risk_parity__ledoit_wolf,60.0,0.25906253960813846,0.6099701831835013,False,0.0,0.0581124659830631,0.02868588703236849,0.013201898909953916,MRK|EA|TTWO|NEM|ABBV|AMGN|GILD|WMT|TMUS|ETC-USD|ADA-USD|TRX-USD|BTC-USD|EOS-USD|ETH-USD|BCH-USD|LTC-USD|XLM-USD|XRP-USD|T|KO|CMCSA|UPS|SHW|NEE|INTC|ADBE|QCOM|AMD|NVDA|NKE|SBUX|V|MMM|SLB|OXY|CVX|COP|XOM|CAT|DIS|BA|GE|GS|MS|USB|WFC|NUE|DD|DOW|ABT|D|DUK|AEP|SO|O|AMT|CCI|PLD|PSA
combined_hierarchical_risk_parity,Combined Hierarchical Risk Parity,combined,hierarchical_risk_parity,monthly,18,2022-06-01,2021-06-02,2022-05-31,2022-06-01,252,252,60,0.1038524145912403,0.0001038524145912403,10.0,ledoit_wolf,0.025527798525818803,1749.1178335346817,11.381945014173247,707.6230103003192,0.00812815888007031,0.0,-1.3313647804876834,1.0545687899640876,True,0,standard single-linkage HRP; raw weights feasible,0,1,0.016016510017481857,0.053556332512345775,0.1265563511542659,0.4231817054132927,0.0,0.0,0.0009351587483050956,0.04943304418671903,0.01633113236931747,0.026425170877595838,0.009560127677133837,3.518750593278451,0.05864584322130752,combined_hierarchical_risk_parity__ledoit_wolf,60.0,0.20872989521078741,0.6062535509615387,False,0.0,0.04943304418671903,0.026425170877595838,0.01633113236931747,MRK|NEM|EA|TTWO|ABBV|TMUS|AMGN|GILD|T|CMCSA|UPS|SHW|WMT|TRX-USD|ADA-USD|ETC-USD|XRP-USD|BTC-USD|ETH-USD|XLM-USD|EOS-USD|BCH-USD|LTC-USD|KO|ABT|O|AMT|CCI|PLD|PSA|INTC|ADBE|QCOM|AMD|NVDA|SLB|OXY|CVX|COP|XOM|NUE|MMM|V|CAT|GS|MS|USB|WFC|DD|DOW|DIS|BA|GE|NKE|SBUX|NEE|D|AEP|DUK|SO
combined_hierarchical_risk_parity,Combined Hierarchical Risk Parity,combined,hierarchical_risk_parity,monthly,19,2022-07-01,2021-07-01,2022-06-30,2022-07-01,252,252,60,0.09954937266404656,9.954937266404657e-05,10.0,ledoit_wolf,0.0247849681423073,1728.2907180182563,11.348958126382866,709.7703344744926,0.007950397129348833,0.0,-1.3731545680323536,0.8011361548468544,True,0,standard single-linkage HRP; raw weights feasible,0,1,0.01931953895850025,-0.018931318702577617,0.13899474435567788,-0.13620168726764006,0.0,0.0,0.001225009584185026,0.05060248875483484,0.017951583999130338,0.027266534530462194,0.009790171754991353,3.5828565247200785,0.05971427541200131,combined_hierarchical_risk_parity__ledoit_wolf,60.0,0.22722726764200443,0.586557657381759,False,0.0,0.05060248875483484,0.027266534530462194,0.017951583999130338,MRK|NEM|EA|TTWO|TMUS|WMT|KO|UPS|SHW|TRX-USD|ADA-USD|XRP-USD|XLM-USD|BTC-USD|ETH-USD|ETC-USD|EOS-USD|BCH-USD|LTC-USD|ABT|O|AMT|CCI|PLD|PSA|NUE|NKE|SBUX|INTC|ADBE|QCOM|AMD|NVDA|MMM|OXY|SLB|CVX|COP|XOM|V|GS|MS|USB|WFC|CAT|DIS|DD|DOW|BA|GE|NEE|D|SO|AEP|DUK|CMCSA|T|ABBV|AMGN|GILD
combined_hierarchical_risk_parity,Combined Hierarchical Risk Parity,combined,hierarchical_risk_parity,monthly,20,2022-08-01,2021-07-30,2022-07-29,2022-08-01,252,252,60,0.10566270028406519,0.00010566270028406518,10.0,ledoit_wolf,0.025663802768052475,1745.9284225597828,11.921663482890061,694.7645720326063,0.008464743779799864,0.0,-1.124999905167706,1.0610827829850287,True,0,standard single-linkage HRP; raw weights feasible,0,1,0.02071135046429944,0.009646887434917234,0.14391438588375882,0.06703212730038766,0.0,0.0,0.0008310707248647261,0.04860576712014496,0.01901253908473382,0.02610499381946317,0.009572075289038886,3.4375988375931357,0.05729331395988559,combined_hierarchical_risk_parity__ledoit_wolf,60.0,0.24742750765174615,0.6097993565255871,False,0.0,0.04860576712014496,0.02610499381946317,0.01901253908473382,NEM|MRK|WMT|T|ABBV|AMGN|GILD|CMCSA|TMUS|EA|TTWO|SHW|KO|UPS|TRX-USD|BTC-USD|ETH-USD|ETC-USD|ADA-USD|XRP-USD|XLM-USD|EOS-USD|BCH-USD|LTC-USD|NUE|ABT|O|AMT|CCI|PLD|PSA|MMM|SBUX|INTC|NKE|ADBE|QCOM|AMD|NVDA|V|OXY|SLB|CVX|COP|XOM|GS|MS|USB|WFC|CAT|DIS|DD|DOW|BA|GE|NEE|D|DUK|AEP|SO
combined_hierarchical_risk_parity,Combined Hierarchical Risk Parity,combined,hierarchical_risk_parity,monthly,21,2022-09-01,2021-09-01,2022-08-31,2022-09-01,252,252,60,0.10215012201106674,0.00010215012201106674,10.0,ledoit_wolf,0.026658598374328175,1737.9831184875734,11.836412348283574,671.5386920660545,0.008565712953847587,0.0,-1.791651518649385,1.1828191271343909,True,0,standard single-linkage HRP; raw weights feasible,0,1,0.020830632255634043,-0.019642775792393655,0.1443282101864845,-0.1360979656507449,2.220446049250313e-16,0.0,0.0012319125848337476,0.047366486975142875,0.02514981052056418,0.028277387635663315,0.010197445336092032,3.716260153552089,0.06193766922586815,combined_hierarchical_risk_parity__ledoit_wolf,60.0,0.25061035939373466,0.6087939451991933,False,0.0,0.047366486975142875,0.028277387635663315,0.02514981052056418,NEM|MRK|WMT|T|TMUS|ABBV|AMGN|GILD|CMCSA|EA|TTWO|SHW|KO|NUE|UPS|TRX-USD|ETC-USD|BTC-USD|ETH-USD|ADA-USD|XLM-USD|XRP-USD|EOS-USD|BCH-USD|LTC-USD|NEE|D|DUK|AEP|SO|ABT|O|AMT|CCI|PLD|PSA|MMM|V|SBUX|NKE|INTC|ADBE|QCOM|AMD|NVDA|OXY|SLB|CVX|COP|XOM|USB|WFC|GS|MS|DIS|CAT|DD|DOW|BA|GE
combined_hierarchical_risk_parity,Combined Hierarchical Risk Parity,combined,hierarchical_risk_parity,monthly,22,2022-10-03,2021-10-01,2022-09-30,2022-10-03,252,252,60,0.12354561140917278,0.00012354561140917277,10.0,ledoit_wolf,0.027902055565709148,1698.881325240989,11.695044070497143,626.4066840241724,0.008610078502406549,0.0,-1.6131078797075316,0.8913308032260187,True,0,standard single-linkage HRP; raw weights feasible,0,1,0.024978196739130182,-0.0747726176238488,0.158044920004188,-0.4731099083847012,0.0,0.0,0.001565056557937431,0.06216837242584901,0.02736864279762027,0.026520367271094903,0.008979323936612204,3.328602238053207,0.05547670396755345,combined_hierarchical_risk_parity__ledoit_wolf,60.0,0.26634906347502096,0.5971931890363125,False,0.0,0.06216837242584901,0.026520367271094903,0.02736864279762027,NEM|MRK|WMT|T|ABBV|TMUS|EA|TTWO|CMCSA|SHW|NUE|TRX-USD|ETC-USD|ADA-USD|XLM-USD|XRP-USD|EOS-USD|BTC-USD|ETH-USD|BCH-USD|LTC-USD|KO|UPS|MMM|V|OXY|SLB|CVX|COP|XOM|INTC|ADBE|QCOM|AMD|NVDA|SBUX|NKE|USB|WFC|GS|MS|DIS|CAT|DD|DOW|BA|GE|NEE|D|SO|AEP|DUK|ABT|O|AMT|CCI|PLD|PSA|AMGN|GILD
combined_hierarchical_risk_parity,Combined Hierarchical Risk Parity,combined,hierarchical_risk_parity,monthly,23,2022-11-01,2021-11-01,2022-10-31,2022-11-01,252,252,60,0.08791722910769545,8.791722910769545e-05,10.0,ledoit_wolf,0.028741651521264105,1529.693039460691,11.821434171273443,579.4114482987391,0.009109585349102386,0.0,-1.7028483801535979,0.9320822595695339,True,0,standard single-linkage HRP; raw weights feasible,0,1,0.028064397294055566,-0.015453528102304414,0.16752431851541902,-0.09224647644743031,0.0,0.0,0.0018751107002035155,0.05770910394823549,0.031904971154019655,0.027253225069548227,0.009326394155648584,3.2068096572913896,0.05344682762152316,combined_hierarchical_risk_parity__ledoit_wolf,60.0,0.25540959538617847,0.5975082758331248,False,0.0,0.05770910394823549,0.027253225069548227,0.031904971154019655,NEM|MRK|WMT|T|ABBV|EA|TTWO|AMGN|GILD|TMUS|CMCSA|SHW|TRX-USD|EOS-USD|ETC-USD|BTC-USD|ETH-USD|BCH-USD|LTC-USD|ADA-USD|XLM-USD|XRP-USD|NUE|UPS|MMM|OXY|SLB|CVX|COP|XOM|V|INTC|ADBE|QCOM|AMD|NVDA|CAT|BA|GS|MS|USB|WFC|GE|DD|DOW|DIS|NKE|SBUX|KO|NEE|D|DUK|AEP|SO|ABT|O|AMT|CCI|PLD|PSA
combined_hierarchical_risk_parity,Combined Hierarchical Risk Parity,combined,hierarchical_risk_parity,monthly,24,2022-12-01,2021-12-01,2022-11-30,2022-12-01,252,252,60,0.11218151801260128,0.00011218151801260128,10.0,ledoit_wolf,0.030278413911618486,1741.480456821167,12.462109492676094,608.5455884945641,0.009661346133551905,0.0,-1.4992075946870713,1.012398262304997,True,0,standard single-linkage HRP; raw weights feasible,0,1,0.03053505298143068,0.09417511698173513,0.17474281954183604,0.5389355467003221,0.0,0.0,0.0014300021061572762,0.059458008726716305,0.029366257835115414,0.027024928062026436,0.009097366431880523,3.118322752882748,0.05197204588137914,combined_hierarchical_risk_parity__ledoit_wolf,60.0,0.23884857694982878,0.5788929662205344,False,0.0,0.059458008726716305,0.027024928062026436,0.029366257835115414,NEM|WMT|T|MRK|ABBV|EA|TTWO|TMUS|CMCSA|KO|SHW|NUE|TRX-USD|EOS-USD|ADA-USD|XLM-USD|XRP-USD|ETC-USD|BTC-USD|ETH-USD|BCH-USD|LTC-USD|NEE|D|AEP|DUK|SO|ABT|O|AMT|CCI|PLD|PSA|UPS|MMM|V|OXY|SLB|CVX|COP|XOM|CAT|BA|GE|DOW|DD|USB|WFC|GS|MS|DIS|ADBE|INTC|QCOM|AMD|NVDA|NKE|SBUX|AMGN|GILD
combined_hierarchical_risk_parity,Combined Hierarchical Risk Parity,combined,hierarchical_risk_parity,monthly,25,2023-01-03,2021-12-31,2022-12-30,2023-01-03,252,252,60,0.09274293379499107,9.274293379499108e-05,10.0,ledoit_wolf,0.0317230570940032,1687.722226352582,12.156314476397831,581.2232498721739,0.009797567408864626,0.0,-1.6878110548244987,0.9359017507349877,True,0,standard single-linkage HRP; raw weights feasible,0,1,0.03221478187373085,-0.013840248929521728,0.1794847678042091,-0.0771109944249941,0.0,0.0,0.0012830795305644883,0.0558808949617094,0.03276403961509583,0.025424680386223055,0.008400702269059517,2.8848174228321275,0.048080290380535455,combined_hierarchical_risk_parity__ledoit_wolf,60.0,0.23884206160028354,0.5750136311388583,False,0.0,0.0558808949617094,0.025424680386223055,0.03276403961509583,NEM|WMT|T|EA|TTWO|TMUS|KO|CMCSA|SHW|TRX-USD|EOS-USD|ADA-USD|XLM-USD|XRP-USD|ETC-USD|BTC-USD|ETH-USD|BCH-USD|LTC-USD|UPS|MMM|NUE|NEE|D|AEP|DUK|SO|ABT|O|AMT|CCI|PLD|PSA|V|OXY|SLB|CVX|COP|XOM|DIS|ADBE|INTC|QCOM|AMD|NVDA|NKE|SBUX|BA|CAT|GE|USB|WFC|GS|MS|DD|DOW|AMGN|GILD|ABBV|MRK
combined_hierarchical_risk_parity,Combined Hierarchical Risk Parity,combined,hierarchical_risk_parity,monthly,26,2023-02-01,2022-01-31,2023-01-31,2023-02-01,252,252,60,0.08424993969894022,8.424993969894023e-05,10.0,ledoit_wolf,0.03183634407152668,1534.2633133226127,12.00252509438048,562.0625628479148,0.010043968785024992,0.0,-0.9061169181647154,0.6931753816190576,True,0,standard single-linkage HRP; raw weights feasible,0,1,0.03210807893804033,0.07084676409030907,0.17918727337074006,0.39537832546693474,0.0,0.0,0.0014257520865530557,0.05718248922321468,0.029171357346544434,0.026361291735042147,0.008923122025914467,2.975451443024683,0.04959085738374471,combined_hierarchical_risk_parity__ledoit_wolf,60.0,0.23848039003167193,0.5794757773107531,False,0.0,0.05718248922321468,0.026361291735042147,0.029171357346544434,NEM|WMT|T|TMUS|EA|TTWO|KO|SHW|TRX-USD|EOS-USD|ETC-USD|ADA-USD|XLM-USD|XRP-USD|BTC-USD|ETH-USD|BCH-USD|LTC-USD|CMCSA|MMM|NUE|OXY|SLB|CVX|COP|XOM|UPS|NEE|D|DUK|AEP|SO|O|AMT|CCI|PLD|PSA|BA|ABT|V|CAT|NKE|SBUX|DIS|GE|ADBE|INTC|QCOM|AMD|NVDA|DOW|DD|GS|MS|USB|WFC|AMGN|GILD|ABBV|MRK
combined_hierarchical_risk_parity,Combined Hierarchical Risk Parity,combined,hierarchical_risk_parity,monthly,27,2023-03-01,2022-02-28,2023-02-28,2023-03-01,252,252,60,0.09181166166516533,9.181166166516533e-05,10.0,ledoit_wolf,0.033242433084284866,1718.4039056567437,11.661427054864266,565.9393455013867,0.009628045188344075,0.0,-1.0331553358389942,0.560747599864184,True,0,standard single-linkage HRP; raw weights feasible,0,1,0.031222522016335706,0.01687056065063853,0.17669895873019656,0.0954762878733109,2.220446049250313e-16,0.0,0.0011786277645986982,0.05632704623736844,0.030719370119465184,0.027208907987634142,0.009071770384950134,3.0049283882492364,0.05008213980415394,combined_hierarchical_risk_parity__ledoit_wolf,60.0,0.23182131864358319,0.573569399775731,False,0.0,0.05632704623736844,0.027208907987634142,0.030719370119465184,NEM|WMT|T|AMGN|GILD|EA|TTWO|TMUS|TRX-USD|EOS-USD|ADA-USD|XLM-USD|XRP-USD|LTC-USD|ETC-USD|BCH-USD|BTC-USD|ETH-USD|SHW|KO|NUE|CMCSA|MMM|OXY|SLB|CVX|COP|XOM|BA|O|AMT|CCI|PLD|PSA|NEE|D|DUK|AEP|SO|UPS|ABT|CAT|V|NKE|SBUX|DIS|ADBE|INTC|QCOM|AMD|NVDA|GE|DOW|DD|GS|MS|USB|WFC|ABBV|MRK
combined_hierarchical_risk_parity,Combined Hierarchical Risk Parity,combined,hierarchical_risk_parity,monthly,28,2023-04-03,2022-03-31,2023-03-31,2023-04-03,252,252,60,0.11615342343331596,0.00011615342343331595,10.0,ledoit_wolf,0.03320638573773062,1617.68167209737,11.5235751283302,557.2454560211943,0.009722938957983243,0.0,-1.1728849366405165,0.4041887312530835,True,0,standard single-linkage HRP; raw weights feasible,0,1,0.031388964144693714,-0.0065655524002427796,0.17716930926290173,-0.037058068508356315,0.0,0.0,0.0012100814292758228,0.07062450616585218,0.03223745834533612,0.02872145792506837,0.009465998451703744,3.1209157943612604,0.05201526323935434,combined_hierarchical_risk_parity__ledoit_wolf,60.0,0.24458822416794554,0.5653621039430966,False,0.0,0.07062450616585218,0.02872145792506837,0.03223745834533612,NEM|WMT|MRK|T|ABBV|EA|TTWO|TRX-USD|EOS-USD|LTC-USD|ADA-USD|XLM-USD|XRP-USD|BCH-USD|ETC-USD|BTC-USD|ETH-USD|TMUS|SHW|CMCSA|KO|MMM|BA|NUE|UPS|OXY|SLB|CVX|COP|XOM|V|SBUX|GE|NKE|ADBE|INTC|QCOM|AMD|NVDA|DIS|CAT|USB|WFC|GS|MS|DD|DOW|ABT|NEE|D|DUK|AEP|SO|O|AMT|CCI|PLD|PSA|AMGN|GILD
combined_hierarchical_risk_parity,Combined Hierarchical Risk Parity,combined,hierarchical_risk_parity,monthly,29,2023-05-01,2022-04-28,2023-04-28,2023-05-01,252,252,60,0.059219236989975874,5.921923698997587e-05,10.0,ledoit_wolf,0.03571976631643648,1653.5205264697008,11.12262880536652,528.2730078528022,0.009724417611864157,0.0,-0.8606587353755566,0.5858993506629674,True,0,standard single-linkage HRP; raw weights feasible,0,1,0.03106388358718932,0.047718154358706695,0.17624949244519633,0.27074208099376146,0.0,0.0,0.001271794269436016,0.06951455287452751,0.032648327431568404,0.028289797722427738,0.00895896290666415,3.1505353303837116,0.05250892217306186,combined_hierarchical_risk_parity__ledoit_wolf,60.0,0.25027210526200017,0.5584100534924012,False,0.0,0.06951455287452751,0.028289797722427738,0.032648327431568404,NEM|MRK|WMT|ABBV|T|EA|TTWO|TRX-USD|EOS-USD|LTC-USD|ADA-USD|XLM-USD|XRP-USD|BCH-USD|ETC-USD|BTC-USD|ETH-USD|CMCSA|KO|SHW|BA|MMM|UPS|NUE|OXY|SLB|COP|CVX|XOM|NKE|SBUX|GE|DIS|USB|WFC|GS|MS|CAT|DD|DOW|V|ADBE|INTC|QCOM|AMD|NVDA|ABT|O|AMT|CCI|PLD|PSA|NEE|D|DUK|AEP|SO|TMUS|AMGN|GILD
combined_hierarchical_risk_parity,Combined Hierarchical Risk Parity,combined,hierarchical_risk_parity,monthly,30,2023-06-01,2022-05-31,2023-05-31,2023-06-01,252,252,60,0.09150485588701089,9.150485588701089e-05,10.0,ledoit_wolf,0.04178249267865943,1381.8653047969065,9.796146602086488,422.91726097330826,0.009823236757488172,0.0,-0.45545680673063427,0.9143758820515224,True,0,standard single-linkage HRP; raw weights feasible,0,1,0.027911778758876234,-0.008390414177075728,0.16706818595674114,-0.05022149566673485,0.0,0.0,0.0016942557523398811,0.056701105619293084,0.04291421153697386,0.026253637313697367,0.00804104584862902,2.9479415868907695,0.04913235978151283,combined_hierarchical_risk_parity__ledoit_wolf,60.0,0.2598234734194166,0.5685150866443853,False,0.0,0.056701105619293084,0.026253637313697367,0.04291421153697386,NEM|WMT|MRK|ABBV|T|TMUS|AMGN|GILD|EA|TTWO|TRX-USD|EOS-USD|LTC-USD|ADA-USD|XLM-USD|XRP-USD|BCH-USD|ETC-USD|BTC-USD|ETH-USD|BA|CMCSA|ABT|KO|SHW|O|PSA|PLD|AMT|CCI|NEE|D|SO|AEP|DUK|NKE|SBUX|V|ADBE|INTC|QCOM|AMD|NVDA|MMM|UPS|NUE|GE|DIS|OXY|SLB|COP|CVX|XOM|USB|WFC|GS|MS|CAT|DD|DOW
combined_hierarchical_risk_parity,Combined Hierarchical Risk Parity,combined,hierarchical_risk_parity,monthly,31,2023-07-03,2022-06-30,2023-06-30,2023-07-03,252,252,60,0.07805395136148247,7.805395136148247e-05,10.0,ledoit_wolf,0.046969729647794875,1200.8839779487605,9.395883312657043,354.4947962479417,0.010427340974869087,0.0,-0.4050686877913898,1.2823855441728425,True,0,standard single-linkage HRP; raw weights feasible,0,1,0.02389696384349852,0.1135720673543039,0.1545864283936288,0.73468330004437,0.0,0.0,0.0012937881061539053,0.06306216433486525,0.04192208896074665,0.026342829478836136,0.008011994589959307,3.201668319893011,0.05336113866488352,combined_hierarchical_risk_parity__ledoit_wolf,60.0,0.27311949116361506,0.5631645204313569,False,0.0,0.06306216433486525,0.026342829478836136,0.04192208896074665,NEM|MRK|WMT|T|TRX-USD|EOS-USD|BCH-USD|LTC-USD|XLM-USD|XRP-USD|ETC-USD|ADA-USD|BTC-USD|ETH-USD|EA|TTWO|BA|CMCSA|V|ADBE|INTC|QCOM|AMD|NVDA|NKE|SBUX|GE|UPS|OXY|SLB|COP|CVX|XOM|MMM|NUE|DIS|USB|WFC|GS|MS|CAT|DD|DOW|ABT|KO|SHW|O|PSA|PLD|AMT|CCI|NEE|D|SO|AEP|DUK|TMUS|ABBV|AMGN|GILD
combined_hierarchical_risk_parity,Combined Hierarchical Risk Parity,combined,hierarchical_risk_parity,monthly,32,2023-08-01,2022-07-29,2023-07-31,2023-08-01,252,252,60,0.07891098774117741,7.891098774117741e-05,10.0,ledoit_wolf,0.10091191816026106,1224.496672314361,9.687465692035838,180.36043412156,0.01909180597946615,0.0,-0.4257137157133368,1.4045880045311487,True,0,standard single-linkage HRP; raw weights feasible,0,1,0.021956627250124792,0.1112691905359397,0.14817768809819107,0.750917307214338,2.220446049250313e-16,0.0,0.0011893178149749012,0.06589839503958428,0.043121377538745974,0.027787644577792103,0.009030478531181546,3.529648789432437,0.05882747982387395,combined_hierarchical_risk_parity__ledoit_wolf,60.0,0.23977647052059303,0.586393498423326,False,0.0,0.06589839503958428,0.027787644577792103,0.043121377538745974,MRK|WMT|T|NEM|EA|TTWO|TRX-USD|BCH-USD|EOS-USD|LTC-USD|XLM-USD|XRP-USD|ADA-USD|ETC-USD|BTC-USD|ETH-USD|KO|ABT|BA|NEE|D|SO|AEP|DUK|SHW|O|AMT|CCI|PLD|PSA|GE|CMCSA|UPS|DIS|OXY|SLB|COP|CVX|XOM|USB|WFC|GS|MS|MMM|NUE|CAT|DD|DOW|V|INTC|ADBE|QCOM|AMD|NVDA|NKE|SBUX|ABBV|TMUS|AMGN|GILD
combined_hierarchical_risk_parity,Combined Hierarchical Risk Parity,combined,hierarchical_risk_parity,monthly,33,2023-09-01,2022-08-31,2023-08-31,2023-09-01,252,252,60,0.07385647102204936,7.385647102204936e-05,10.0,ledoit_wolf,0.1060806122829069,1081.8206752221295,9.340374455592384,169.35606418162348,0.01956080252934704,0.0,-0.43813560969970056,1.3175303418143658,True,0,standard single-linkage HRP; raw weights feasible,0,1,0.021118867312800334,0.09082848398798134,0.14532331992079017,0.6250096958801123,0.0,0.0,0.002213715334031275,0.06071166944907033,0.049447253598907295,0.02685173993568404,0.008361850332059344,3.659944393386896,0.06099907322311493,combined_hierarchical_risk_parity__ledoit_wolf,60.0,0.2394404788538487,0.5861495738274912,False,0.0,0.06071166944907033,0.02685173993568404,0.049447253598907295,MRK|ABBV|TMUS|AMGN|GILD|WMT|NEM|T|EA|TTWO|TRX-USD|BCH-USD|LTC-USD|EOS-USD|XLM-USD|XRP-USD|ADA-USD|ETC-USD|BTC-USD|ETH-USD|ABT|KO|BA|NEE|D|SO|AEP|DUK|SHW|O|AMT|CCI|PLD|PSA|GE|NKE|SBUX|V|AMD|NVDA|INTC|ADBE|QCOM|CMCSA|DIS|SLB|OXY|COP|CVX|XOM|UPS|USB|WFC|GS|MS|MMM|CAT|NUE|DD|DOW
combined_hierarchical_risk_parity,Combined Hierarchical Risk Parity,combined,hierarchical_risk_parity,monthly,34,2023-10-02,2022-09-29,2023-09-29,2023-10-02,252,252,60,0.09492115991606936,9.492115991606937e-05,10.0,ledoit_wolf,0.12318025009128128,972.0020640065264,8.711277064641827,142.0508240264789,0.020923736052326,0.0,-0.43345810393913387,1.3764609828460026,True,0,standard single-linkage HRP; raw weights feasible,0,1,0.018727312598636272,0.14500905861535734,0.1368477716246643,1.0596377046831074,0.0,0.0,0.0010915639875261278,0.06926885007206204,0.0367192663522662,0.02682003590153945,0.008920143529790007,3.6450179458703365,0.06075029909783894,combined_hierarchical_risk_parity__ledoit_wolf,60.0,0.24429891292180503,0.5984268954911085,False,0.0,0.06926885007206204,0.02682003590153945,0.0367192663522662,WMT|T|NEM|BA|KO|TRX-USD|BCH-USD|LTC-USD|XLM-USD|XRP-USD|EOS-USD|ADA-USD|ETC-USD|BTC-USD|ETH-USD|ABT|NEE|D|SO|AEP|DUK|SHW|O|AMT|CCI|PLD|PSA|EA|TTWO|CMCSA|NKE|SBUX|GE|SLB|COP|OXY|CVX|XOM|UPS|USB|WFC|GS|MS|MMM|CAT|NUE|DD|DOW|DIS|V|INTC|QCOM|ADBE|AMD|NVDA|ABBV|MRK|TMUS|AMGN|GILD
combined_hierarchical_risk_parity,Combined Hierarchical Risk Parity,combined,hierarchical_risk_parity,monthly,35,2023-11-01,2022-10-31,2023-10-31,2023-11-01,252,252,60,0.0910253277282504,9.10253277282504e-05,10.0,ledoit_wolf,0.13232338914120753,940.1629121255501,8.361419961764739,132.65454435399857,0.021446642115688842,0.0,-0.4631479082031792,1.221485025665576,True,0,standard single-linkage HRP; raw weights feasible,0,1,0.015565595155682769,0.04043601648252498,0.12476215434050011,0.32410482727131534,0.0,0.0,0.0009012160002853758,0.059373968184678,0.0302061010275657,0.024567128319632012,0.008201973796668174,4.064031256194617,0.06773385426991027,combined_hierarchical_risk_parity__ledoit_wolf,60.0,0.2440121369755594,0.6159622414895951,False,0.0,0.059373968184678,0.024567128319632012,0.0302061010275657,WMT|T|NEM|ABT|KO|TRX-USD|BCH-USD|LTC-USD|XLM-USD|XRP-USD|EOS-USD|ADA-USD|ETC-USD|BTC-USD|ETH-USD|BA|NEE|D|SO|AEP|DUK|DIS|V|INTC|QCOM|ADBE|AMD|NVDA|EA|TTWO|SHW|O|AMT|CCI|PLD|PSA|CMCSA|UPS|SBUX|GE|NKE|SLB|CVX|XOM|COP|OXY|GS|MS|USB|WFC|MMM|DD|DOW|CAT|NUE|TMUS|ABBV|MRK|AMGN|GILD
combined_hierarchical_risk_parity,Combined Hierarchical Risk Parity,combined,hierarchical_risk_parity,monthly,36,2023-12-01,2022-11-30,2023-11-30,2023-12-01,252,252,60,0.07718349931118401,7.718349931118402e-05,10.0,ledoit_wolf,0.17080755618151275,718.9238616587598,7.451962978404381,86.9288441620285,0.02409856881758248,0.0,-0.2766021355118453,1.2222043695132911,True,0,standard single-linkage HRP; raw weights feasible,0,1,0.012879239324551945,0.07124183062501657,0.11348673633756477,0.6277546867953688,2.220446049250313e-16,0.0,0.0011703641605904393,0.056142018430304606,0.042205205435600975,0.024618966755288584,0.008139403087206183,3.9203656400011937,0.06533942733335323,combined_hierarchical_risk_parity__ledoit_wolf,60.0,0.2585043282109549,0.6408829047075627,False,0.0,0.056142018430304606,0.024618966755288584,0.042205205435600975,WMT|TMUS|ABT|T|TRX-USD|BCH-USD|EOS-USD|ADA-USD|XLM-USD|XRP-USD|LTC-USD|ETC-USD|BTC-USD|ETH-USD|NEM|KO|BA|V|SBUX|NKE|EA|TTWO|DIS|INTC|QCOM|ADBE|AMD|NVDA|NEE|D|SO|AEP|DUK|CMCSA|UPS|SHW|O|AMT|CCI|PLD|PSA|GE|MMM|CVX|XOM|OXY|COP|SLB|GS|MS|USB|WFC|CAT|NUE|DD|DOW|MRK|ABBV|AMGN|GILD
combined_hierarchical_risk_parity,Combined Hierarchical Risk Parity,combined,hierarchical_risk_parity,monthly,1,2021-01-04,2020-01-03,2020-12-31,2021-01-04,252,252,60,1.0,0.001,10.0,sample_ridge,,1033.4140189789068,21.157579991903326,1033.413620149154,0.009128114582134406,3.526263296721254e-09,-0.3492732395247833,1.982593873089236,True,0,standard single-linkage HRP; raw weights feasible,0,1,0.0934946459045655,0.3068681024357626,0.30576894202087546,1.0035947418584197,0.0,0.0,0.002625785491645976,0.06491725515357627,0.05248320522649656,0.026377484992605872,0.008703773033317977,1.8892407930725819,0.031487346551209695,combined_hierarchical_risk_parity__sample_ridge,60.0,0.20357057686236818,0.5526588311032098,False,0.0,0.06491725515357627,0.026377484992605872,0.05248320522649656,NEM|TRX-USD|XLM-USD|XRP-USD|ADA-USD|ETC-USD|BTC-USD|BCH-USD|EOS-USD|ETH-USD|LTC-USD|GILD|WMT|UPS|TMUS|EA|TTWO|INTC|AMGN|ABT|PSA|O|BA|GE|DIS|SHW|NKE|PLD|AMT|CCI|CMCSA|NEE|AEP|D|DUK|SO|MMM|DD|OXY|XOM|SLB|COP|CVX|CAT|DOW|SBUX|V|NUE|GS|MS|USB|WFC|KO|T|QCOM|AMD|ADBE|NVDA|ABBV|MRK
combined_hierarchical_risk_parity,Combined Hierarchical Risk Parity,combined,hierarchical_risk_parity,monthly,2,2021-02-01,2020-01-31,2021-01-29,2021-02-01,252,252,60,0.06990052787710806,6.990052787710806e-05,10.0,sample_ridge,,1091.1159806064534,22.44822153978953,1091.1155307785195,0.00906686119653018,3.741370219217885e-09,-0.23740683868214907,2.7597000301127537,True,0,standard single-linkage HRP; raw weights feasible,0,1,0.09592573369363142,0.2744106710438057,0.3097187977724817,0.8859994066145988,2.220446049250313e-16,0.0,0.002452237472976626,0.06647658601569925,0.05126731240165194,0.025977359760324246,0.00828806261545946,2.074332799497955,0.03457221332496592,combined_hierarchical_risk_parity__sample_ridge,60.0,0.20151596682824577,0.5571492583585446,False,0.0,0.06647658601569925,0.025977359760324246,0.05126731240165194,NEM|XLM-USD|TRX-USD|XRP-USD|ADA-USD|BTC-USD|ETC-USD|ETH-USD|LTC-USD|BCH-USD|EOS-USD|GILD|WMT|UPS|TMUS|EA|TTWO|INTC|AMGN|ABT|QCOM|ADBE|AMD|NVDA|PSA|O|CMCSA|DIS|BA|PLD|AMT|CCI|MMM|SHW|GE|NKE|NEE|AEP|D|DUK|SO|KO|SBUX|V|T|CAT|DOW|OXY|XOM|SLB|COP|CVX|GS|MS|USB|WFC|DD|NUE|ABBV|MRK
combined_hierarchical_risk_parity,Combined Hierarchical Risk Parity,combined,hierarchical_risk_parity,monthly,3,2021-03-01,2020-02-28,2021-02-26,2021-03-01,252,252,60,0.07889650039491784,7.889650039491784e-05,10.0,sample_ridge,,1144.0404576090773,23.014831526063983,1144.0399490852305,0.008621976286872026,3.835805215985945e-09,-0.09602128620994455,2.9761046427603395,True,0,standard single-linkage HRP; raw weights feasible,0,1,0.09210784133774047,0.34419670080627424,0.30349273687806844,1.1341184120151089,2.220446049250313e-16,0.0,0.0023619864925610587,0.062439685698324664,0.04690734972823439,0.02639552091662232,0.008489523704499066,2.263931998998815,0.037732199983313584,combined_hierarchical_risk_parity__sample_ridge,60.0,0.19993280980246766,0.5619880299300772,False,0.0,0.062439685698324664,0.02639552091662232,0.04690734972823439,NEM|XLM-USD|XRP-USD|ADA-USD|TRX-USD|BTC-USD|ETC-USD|ETH-USD|LTC-USD|BCH-USD|EOS-USD|GILD|WMT|UPS|INTC|EA|TTWO|AMGN|ABT|ABBV|MRK|PSA|MMM|CMCSA|DIS|O|NKE|SHW|BA|PLD|AMT|CCI|GE|NEE|AEP|D|DUK|SO|KO|DD|SBUX|V|T|CAT|DOW|NUE|GS|MS|USB|WFC|OXY|XOM|SLB|COP|CVX|TMUS|QCOM|AMD|ADBE|NVDA
combined_hierarchical_risk_parity,Combined Hierarchical Risk Parity,combined,hierarchical_risk_parity,monthly,4,2021-04-01,2020-04-01,2021-03-31,2021-04-01,252,252,60,0.1319999326949667,0.00013199993269496672,10.0,sample_ridge,,662.0121449886715,15.539452910196802,662.0119356502846,0.008177961042976675,2.5899087924670455e-09,-0.060127039234835644,2.867691654241286,True,0,standard single-linkage HRP; raw weights feasible,0,1,0.03270568895380929,0.4254636840016724,0.18084714250938358,2.3526149105706575,0.0,0.0,0.002112914938226974,0.07707820592103422,0.03177910759107952,0.02914964725177282,0.01081091225952755,4.989815593113474,0.0831635932185579,combined_hierarchical_risk_parity__sample_ridge,60.0,0.21882854393618092,0.5978440901039667,False,0.0,0.07707820592103422,0.02914964725177282,0.03177910759107952,XRP-USD|TRX-USD|BTC-USD|ETH-USD|ETC-USD|LTC-USD|BCH-USD|EOS-USD|ADA-USD|XLM-USD|NEM|WMT|UPS|TMUS|GILD|AMGN|ABBV|MRK|ABT|INTC|EA|TTWO|QCOM|AMD|ADBE|NVDA|NKE|DIS|PSA|SHW|PLD|AMT|CCI|MMM|OXY|SLB|COP|CVX|XOM|T|USB|WFC|GS|MS|NUE|DD|CAT|DOW|BA|GE|SBUX|O|NEE|D|DUK|AEP|SO|V|CMCSA|KO
combined_hierarchical_risk_parity,Combined Hierarchical Risk Parity,combined,hierarchical_risk_parity,monthly,5,2021-05-03,2020-05-01,2021-04-30,2021-05-03,252,252,60,0.14677503941557113,0.00014677503941557112,10.0,sample_ridge,,797.3613484584146,15.299208835217478,797.3610584587759,0.00700213425586742,2.5498681137042323e-09,-0.2081438801394524,2.7040908911882555,True,0,standard single-linkage HRP; raw weights feasible,0,1,0.020499355565747567,0.3201458938049661,0.14317596015304931,2.2360310590042007,1.1102230246251565e-16,0.0,0.0009069233263127438,0.09581110702378962,0.02984801137347679,0.03297275412539297,0.011884272019722588,6.519133339223808,0.1086522223203968,combined_hierarchical_risk_parity__sample_ridge,60.0,0.2135245158094587,0.6098134648006001,False,0.0,0.09581110702378962,0.03297275412539297,0.02984801137347679,TRX-USD|XRP-USD|ADA-USD|XLM-USD|ETH-USD|BTC-USD|ETC-USD|EOS-USD|BCH-USD|LTC-USD|WMT|NEM|GILD|ABBV|AMGN|MRK|UPS|INTC|ABT|TMUS|QCOM|AMD|ADBE|NVDA|EA|TTWO|NKE|SHW|PSA|PLD|AMT|CCI|NEE|D|AEP|DUK|SO|DIS|MMM|T|DD|NUE|CAT|DOW|OXY|SLB|COP|CVX|XOM|GS|MS|USB|WFC|BA|GE|SBUX|V|CMCSA|KO|O
combined_hierarchical_risk_parity,Combined Hierarchical Risk Parity,combined,hierarchical_risk_parity,monthly,6,2021-06-01,2020-06-01,2021-05-28,2021-06-01,252,252,60,0.061065758597714855,6.106575859771485e-05,10.0,sample_ridge,,1412.0342280329962,19.13689618527403,1412.0335165734627,0.0063256854156733084,3.1894826656508454e-09,-0.09446757920356907,2.5441974199957964,True,0,standard single-linkage HRP; raw weights feasible,0,1,0.018319691816694645,0.2775709510057023,0.13535025606438522,2.0507604424011108,1.1102230246251565e-16,0.0,0.0007403283210371406,0.09668331910313296,0.016486753093914546,0.03312818637358205,0.012778368030325471,6.335620157761666,0.10559366929602777,combined_hierarchical_risk_parity__sample_ridge,60.0,0.20550462474860828,0.6122481436396198,False,0.0,0.09668331910313296,0.03312818637358205,0.016486753093914546,XRP-USD|TRX-USD|ETC-USD|BTC-USD|ETH-USD|EOS-USD|BCH-USD|LTC-USD|ADA-USD|XLM-USD|WMT|NEM|GILD|AMGN|ABBV|MRK|UPS|INTC|ABT|TMUS|NKE|QCOM|AMD|ADBE|NVDA|EA|TTWO|SHW|PSA|PLD|AMT|CCI|DIS|NEE|D|DUK|AEP|SO|CMCSA|KO|O|SBUX|V|MMM|T|GS|MS|USB|WFC|OXY|SLB|COP|CVX|XOM|DD|NUE|CAT|DOW|BA|GE
combined_hierarchical_risk_parity,Combined Hierarchical Risk Parity,combined,hierarchical_risk_parity,monthly,7,2021-07-01,2020-07-01,2021-06-30,2021-07-01,252,252,60,0.14295634550470665,0.00014295634550470665,10.0,sample_ridge,,1689.7173417506071,19.25250895118555,1689.7163954840023,0.005726371633277819,3.2087514597767435e-09,-0.04517062980827402,2.4942228399591873,True,0,standard single-linkage HRP; raw weights feasible,0,1,0.014502856186376355,0.29274872762227916,0.12042780487236474,2.4309064499892576,0.0,0.0,0.00047657661133144113,0.05876829733562518,0.010264775217572715,0.029041466387034566,0.011983936161351912,6.943340920817911,0.11572234868029851,combined_hierarchical_risk_parity__sample_ridge,60.0,0.21690889301915448,0.6123478669929822,False,0.0,0.05876829733562518,0.029041466387034566,0.010264775217572715,XRP-USD|TRX-USD|ETC-USD|BTC-USD|ETH-USD|EOS-USD|BCH-USD|LTC-USD|ADA-USD|XLM-USD|NEM|WMT|NKE|ABT|GILD|AMGN|ABBV|MRK|UPS|INTC|TMUS|QCOM|EA|TTWO|AMD|ADBE|NVDA|DIS|T|MMM|GE|BA|GS|MS|USB|WFC|SLB|OXY|COP|CVX|XOM|DD|CAT|DOW|NUE|NEE|D|DUK|AEP|SO|O|CMCSA|KO|SBUX|V|SHW|PSA|PLD|AMT|CCI
combined_hierarchical_risk_parity,Combined Hierarchical Risk Parity,combined,hierarchical_risk_parity,monthly,8,2021-08-02,2020-07-31,2021-07-30,2021-08-02,252,252,60,0.10275255560282508,0.00010275255560282508,10.0,sample_ridge,,1995.455148305402,19.050136395589725,1995.4538598721672,0.004914837793726759,3.1750227008480616e-09,-0.03111480254552568,2.133926362043439,True,0,standard single-linkage HRP; raw weights feasible,0,1,0.014543129086580732,0.27223048095567515,0.12059489660255418,2.257396362740522,0.0,0.0,0.00047646257392991497,0.06272588753592087,0.01040285593164052,0.027726706715498227,0.011233436622085907,7.710163240697195,0.12850272067828658,combined_hierarchical_risk_parity__sample_ridge,60.0,0.21953383207970645,0.609021944130951,False,0.0,0.06272588753592087,0.027726706715498227,0.01040285593164052,XRP-USD|TRX-USD|ETC-USD|BTC-USD|ETH-USD|EOS-USD|BCH-USD|LTC-USD|ADA-USD|XLM-USD|NEM|NKE|UPS|ABT|WMT|GILD|AMGN|ABBV|MRK|TMUS|INTC|DIS|T|MMM|GE|BA|SLB|OXY|COP|CVX|XOM|GS|MS|USB|WFC|DD|CAT|DOW|NUE|NEE|SO|AEP|D|DUK|O|CMCSA|SBUX|KO|V|EA|QCOM|TTWO|ADBE|AMD|NVDA|SHW|PSA|PLD|AMT|CCI
combined_hierarchical_risk_parity,Combined Hierarchical Risk Parity,combined,hierarchical_risk_parity,monthly,9,2021-09-01,2020-09-01,2021-08-31,2021-09-01,252,252,60,0.13536454233016898,0.000135364542330169,10.0,sample_ridge,,2130.423351434478,19.19628066223325,2130.421906888042,0.004716244829139146,3.1993800783784072e-09,-0.07863987065770972,2.5355819840145335,True,0,standard single-linkage HRP; raw weights feasible,0,1,0.013930286033040664,0.2426839109439953,0.11802663272770542,2.056179231206924,2.220446049250313e-16,0.0,0.000505279024383026,0.06771937833824236,0.01118719512710645,0.03014066077595916,0.01334146904015297,8.927077706984006,0.14878462844973345,combined_hierarchical_risk_parity__sample_ridge,60.0,0.2066225584144518,0.6030595926604356,False,0.0,0.06771937833824236,0.03014066077595916,0.01118719512710645,XRP-USD|TRX-USD|ETC-USD|BTC-USD|ETH-USD|EOS-USD|BCH-USD|LTC-USD|ADA-USD|XLM-USD|NEM|NKE|UPS|ABBV|MRK|AMGN|GILD|WMT|ABT|INTC|SHW|PSA|PLD|AMT|CCI|EA|TTWO|QCOM|AMD|ADBE|NVDA|MMM|TMUS|DIS|CMCSA|KO|SBUX|V|NEE|O|SO|DUK|AEP|D|T|GE|BA|SLB|OXY|COP|CVX|XOM|GS|MS|USB|WFC|DD|CAT|DOW|NUE
combined_hierarchical_risk_parity,Combined Hierarchical Risk Parity,combined,hierarchical_risk_parity,monthly,10,2021-10-01,2020-10-01,2021-09-30,2021-10-01,252,252,60,0.10511279958010826,0.00010511279958010827,10.0,sample_ridge,,2463.798347830006,19.277343381734276,2463.7964940943734,0.004268516662541306,3.2128905314934743e-09,-0.12416434745014902,2.3815964347981127,True,0,standard single-linkage HRP; raw weights feasible,0,1,0.011866140024091726,0.1715046889560285,0.10893181364547148,1.5744224135862286,0.0,0.0,0.000428469265026444,0.05870158155366014,0.00955182309982685,0.029812124439231653,0.01328124070264005,9.181128642698292,0.1530188107116382,combined_hierarchical_risk_parity__sample_ridge,60.0,0.20033707097960968,0.6046450113606613,False,0.0,0.05870158155366014,0.029812124439231653,0.00955182309982685,XRP-USD|TRX-USD|ETC-USD|BTC-USD|ETH-USD|EOS-USD|BCH-USD|LTC-USD|ADA-USD|XLM-USD|NEM|UPS|AMGN|GILD|ABBV|MRK|NKE|WMT|ABT|TMUS|SHW|MMM|INTC|EA|TTWO|PSA|PLD|AMT|CCI|QCOM|ADBE|AMD|NVDA|CMCSA|NEE|O|SO|AEP|D|DUK|SBUX|KO|V|T|DIS|GE|BA|DD|SLB|OXY|COP|CVX|XOM|NUE|CAT|DOW|GS|MS|USB|WFC
combined_hierarchical_risk_parity,Combined Hierarchical Risk Parity,combined,hierarchical_risk_parity,monthly,11,2021-11-01,2020-10-30,2021-10-29,2021-11-01,252,252,60,0.081192384965857,8.1192384965857e-05,10.0,sample_ridge,,2619.1187078079533,19.338376758386744,2619.1166455316716,0.0040917703255054574,3.2230627608338288e-09,-0.03804484144889364,2.5476784819297986,True,0,standard single-linkage HRP; raw weights feasible,0,1,0.010732332187712053,0.2502529321487177,0.1035969699736052,2.4156394942098984,0.0,0.0,0.00038939735122986104,0.053762302965250974,0.008883076119680103,0.029291062292072744,0.01297090362367,9.461902384074248,0.15769837306790413,combined_hierarchical_risk_parity__sample_ridge,60.0,0.20243691756902119,0.6037876674136358,False,0.0,0.053762302965250974,0.029291062292072744,0.008883076119680103,XRP-USD|TRX-USD|ETC-USD|BTC-USD|ETH-USD|EOS-USD|BCH-USD|LTC-USD|ADA-USD|XLM-USD|NEM|NKE|ABBV|MRK|AMGN|GILD|UPS|WMT|ABT|TMUS|MMM|SHW|INTC|EA|TTWO|PSA|PLD|AMT|CCI|QCOM|ADBE|AMD|NVDA|KO|O|NEE|SO|AEP|D|DUK|T|DIS|GE|BA|GS|MS|USB|WFC|SLB|OXY|COP|CVX|XOM|DD|NUE|CAT|DOW|CMCSA|SBUX|V
combined_hierarchical_risk_parity,Combined Hierarchical Risk Parity,combined,hierarchical_risk_parity,monthly,12,2021-12-01,2020-12-01,2021-11-30,2021-12-01,252,252,60,0.14945837152790517,0.00014945837152790517,10.0,sample_ridge,,2669.719085657815,18.426989818738598,2669.717009456781,0.003947631431548849,3.0711649390781164e-09,-0.17349452421536093,1.9218005257051143,True,0,standard single-linkage HRP; raw weights feasible,0,1,0.01023705058731372,0.13729246553100236,0.1011783108542227,1.3569357342683135,0.0,0.0,0.0003206598535356015,0.08575156269804465,0.007304607772085923,0.031274492974482454,0.013421797588070467,8.831198694914367,0.14718664491523945,combined_hierarchical_risk_parity__sample_ridge,60.0,0.22504370318850903,0.6028560042731773,False,0.0,0.08575156269804465,0.031274492974482454,0.007304607772085923,XRP-USD|TRX-USD|ETC-USD|BTC-USD|ETH-USD|EOS-USD|BCH-USD|LTC-USD|ADA-USD|XLM-USD|WMT|UPS|MRK|NEM|ABBV|AMGN|GILD|NKE|ABT|MMM|T|BA|GE|DD|GS|MS|USB|WFC|SLB|OXY|COP|CVX|XOM|NUE|CAT|DOW|DIS|SHW|SBUX|V|CMCSA|TMUS|EA|TTWO|INTC|KO|QCOM|ADBE|AMD|NVDA|PSA|O|PLD|AMT|CCI|NEE|SO|AEP|D|DUK
combined_hierarchical_risk_parity,Combined Hierarchical Risk Parity,combined,hierarchical_risk_parity,monthly,13,2022-01-03,2021-01-04,2021-12-31,2022-01-03,252,252,60,0.08631444722585549,8.63144472258555e-05,10.0,sample_ridge,,2666.6247079653226,17.698271806197972,2666.622618322197,0.003762759745499404,2.949711938202543e-09,-0.12605950714046,1.882587306240429,True,0,standard single-linkage HRP; raw weights feasible,0,1,0.010870865652298507,0.18637676243222762,0.1042634435087318,1.7875561765482935,2.220446049250313e-16,0.0,0.0003872102947154493,0.08146131252076315,0.00836815161245956,0.0303863039537578,0.012770722121742276,8.748401477128326,0.1458066912854721,combined_hierarchical_risk_parity__sample_ridge,60.0,0.2181637880421818,0.60434433278534,False,0.0,0.08146131252076315,0.0303863039537578,0.00836815161245956,XRP-USD|ADA-USD|XLM-USD|TRX-USD|ETC-USD|BTC-USD|ETH-USD|EOS-USD|BCH-USD|LTC-USD|WMT|MRK|NEM|ABBV|AMGN|GILD|UPS|ABT|NKE|EA|TTWO|MMM|INTC|QCOM|ADBE|AMD|NVDA|SHW|KO|O|PSA|PLD|AMT|CCI|NEE|SO|AEP|D|DUK|T|CMCSA|TMUS|BA|GE|NUE|DD|GS|MS|USB|WFC|SLB|OXY|COP|CVX|XOM|CAT|DOW|SBUX|DIS|V
combined_hierarchical_risk_parity,Combined Hierarchical Risk Parity,combined,hierarchical_risk_parity,monthly,14,2022-02-01,2021-02-02,2022-01-31,2022-02-01,252,252,60,0.12070936448249846,0.00012070936448249846,10.0,sample_ridge,,2851.3428451164423,16.249425250724453,2851.3405090359306,0.0033044261135941736,2.7082375147050344e-09,-0.26246068625737806,1.7523508442205948,True,0,standard single-linkage HRP; raw weights feasible,0,1,0.011068516510926146,0.16708569567387535,0.1052070174034325,1.5881611302900027,0.0,0.0,0.0004285830905791193,0.05317946064613929,0.009329267971789129,0.027248107633300225,0.011616158187028314,7.354634961997849,0.12257724936663082,combined_hierarchical_risk_parity__sample_ridge,60.0,0.23494126132999024,0.5899974487910662,False,0.0,0.05317946064613929,0.027248107633300225,0.009329267971789129,EA|TTWO|TRX-USD|ADA-USD|ETC-USD|XLM-USD|XRP-USD|BTC-USD|ETH-USD|EOS-USD|BCH-USD|LTC-USD|NEM|MRK|UPS|NKE|ABBV|AMGN|GILD|WMT|ABT|TMUS|CMCSA|T|SBUX|INTC|ADBE|QCOM|AMD|NVDA|V|DIS|BA|GE|NUE|GS|MS|USB|WFC|SLB|OXY|COP|CVX|XOM|CAT|DD|DOW|SHW|MMM|O|PSA|PLD|AMT|CCI|NEE|KO|D|AEP|DUK|SO
combined_hierarchical_risk_parity,Combined Hierarchical Risk Parity,combined,hierarchical_risk_parity,monthly,15,2022-03-01,2021-03-02,2022-02-28,2022-03-01,252,252,60,0.09597264374945706,9.597264374945707e-05,10.0,sample_ridge,,2501.83520665403,15.6446971387369,2501.8334143156535,0.0036381531451726568,2.6074494970483213e-09,-0.46865655744791945,1.8126264661629579,True,0,standard single-linkage HRP; raw weights feasible,0,1,0.011427395408654067,0.13426208453424582,0.10689899629395061,1.2559714233897226,1.1102230246251565e-16,0.0,0.00044799238606738447,0.05304694472268512,0.010093334692585639,0.02711992444388279,0.010544720872450758,6.124274559997395,0.10207124266662325,combined_hierarchical_risk_parity__sample_ridge,60.0,0.2408104862596318,0.6019569297169421,False,0.0,0.05304694472268512,0.02711992444388279,0.010093334692585639,NEM|MRK|EA|TTWO|TRX-USD|ETC-USD|ADA-USD|XLM-USD|XRP-USD|BTC-USD|ETH-USD|EOS-USD|BCH-USD|LTC-USD|ABBV|AMGN|GILD|NKE|UPS|TMUS|CMCSA|T|ABT|V|DIS|BA|MMM|GE|NUE|SLB|OXY|COP|CVX|XOM|GS|MS|USB|WFC|CAT|DD|DOW|WMT|SBUX|INTC|ADBE|QCOM|AMD|NVDA|NEE|SHW|O|PSA|PLD|AMT|CCI|KO|AEP|D|DUK|SO
combined_hierarchical_risk_parity,Combined Hierarchical Risk Parity,combined,hierarchical_risk_parity,monthly,16,2022-04-01,2021-04-05,2022-03-31,2022-04-01,252,252,60,0.09991158981291266,9.991158981291266e-05,10.0,sample_ridge,,2657.789451460922,15.508194418583997,2657.7874311998767,0.003399066256181919,2.5846990439170094e-09,-0.30439771676211014,1.885652709704718,True,0,standard single-linkage HRP; raw weights feasible,0,1,0.011637230322242459,0.1269447811279682,0.10787599511588507,1.1767657947590529,0.0,0.0,0.00041978034302141143,0.057058505999069115,0.009343152975691464,0.027728836517872228,0.011513327329908871,6.021459711550617,0.10035766185917695,combined_hierarchical_risk_parity__sample_ridge,60.0,0.25854656892429995,0.6022917590041165,False,0.0,0.057058505999069115,0.027728836517872228,0.009343152975691464,NEM|EA|TTWO|ETC-USD|ADA-USD|TRX-USD|BTC-USD|EOS-USD|ETH-USD|BCH-USD|LTC-USD|XLM-USD|XRP-USD|MRK|TMUS|CMCSA|T|UPS|WMT|ABT|INTC|ADBE|QCOM|AMD|NVDA|SHW|O|AMT|CCI|PLD|PSA|KO|NEE|D|AEP|DUK|SO|NKE|SBUX|V|MMM|SLB|OXY|COP|CVX|XOM|NUE|DIS|GS|MS|USB|WFC|BA|GE|CAT|DD|DOW|ABBV|AMGN|GILD
combined_hierarchical_risk_parity,Combined Hierarchical Risk Parity,combined,hierarchical_risk_parity,monthly,17,2022-05-02,2021-05-03,2022-04-29,2022-05-02,252,252,60,0.14076931347509833,0.00014076931347509834,10.0,sample_ridge,,2268.0720529882974,14.616939598090791,2268.0705823024423,0.003755351568541809,2.4361565753202328e-09,-0.8113680578388313,0.9388799704010586,True,0,standard single-linkage HRP; raw weights feasible,0,1,0.01353646987996807,0.06376828320868612,0.116346335911227,0.5480901715490355,0.0,0.0,0.0004716884101057556,0.06035863416085811,0.013210447894384652,0.02874998982262189,0.011425838420824137,4.773426544361141,0.07955710907268568,combined_hierarchical_risk_parity__sample_ridge,60.0,0.2429178089802989,0.5848455302782051,False,0.0,0.06035863416085811,0.02874998982262189,0.013210447894384652,MRK|EA|TTWO|NEM|ETC-USD|ADA-USD|TRX-USD|BTC-USD|EOS-USD|ETH-USD|BCH-USD|LTC-USD|XLM-USD|XRP-USD|TMUS|UPS|ABBV|AMGN|GILD|WMT|SHW|ABT|NEE|KO|D|DUK|AEP|SO|O|AMT|CCI|PLD|PSA|INTC|ADBE|QCOM|AMD|NVDA|NKE|SBUX|SLB|OXY|COP|CVX|XOM|V|MMM|NUE|CAT|DD|DOW|DIS|GS|MS|USB|WFC|BA|GE|CMCSA|T
combined_hierarchical_risk_parity,Combined Hierarchical Risk Parity,combined,hierarchical_risk_parity,monthly,18,2022-06-01,2021-06-02,2022-05-31,2022-06-01,252,252,60,0.1289666267752224,0.00012896662677522238,10.0,sample_ridge,,1749.1178335346817,11.427291522924937,1749.1168499859352,0.0033850638542445763,1.9045485681086706e-09,-1.3313647804876834,1.0545687899640876,True,0,standard single-linkage HRP; raw weights feasible,0,1,0.015700961944222446,0.06539817092603804,0.1253034793779584,0.521918236035367,0.0,0.0,0.0007513369857915905,0.05841511179217015,0.015662962871814023,0.029173047810341687,0.010816089944218373,3.7375979941638766,0.062293299902731275,combined_hierarchical_risk_parity__sample_ridge,60.0,0.19997315908429508,0.5945679784864737,False,0.0,0.05841511179217015,0.029173047810341687,0.015662962871814023,MRK|NEM|EA|TTWO|TMUS|ABBV|TRX-USD|ADA-USD|ETC-USD|XRP-USD|XLM-USD|EOS-USD|BCH-USD|LTC-USD|BTC-USD|ETH-USD|AMGN|GILD|UPS|SHW|WMT|SLB|OXY|COP|CVX|XOM|NUE|V|MMM|CAT|DD|DOW|GS|MS|USB|WFC|DIS|BA|GE|NKE|SBUX|INTC|ADBE|QCOM|AMD|NVDA|ABT|O|AMT|CCI|PLD|PSA|KO|NEE|D|AEP|DUK|SO|CMCSA|T
combined_hierarchical_risk_parity,Combined Hierarchical Risk Parity,combined,hierarchical_risk_parity,monthly,19,2022-07-01,2021-07-01,2022-06-30,2022-07-01,252,252,60,0.1459363919493808,0.0001459363919493808,10.0,sample_ridge,,1728.2907180182563,11.39417321293967,1728.2897413627395,0.00335857919415917,1.8990288498329904e-09,-1.3731545680323536,0.8011361548468544,True,0,standard single-linkage HRP; raw weights feasible,0,1,0.02024252336590246,-0.016191020833556294,0.14227622206785806,-0.1137999069572852,2.220446049250313e-16,0.0,0.0012525483982648493,0.05877325239862422,0.020024729630773206,0.027060206520377016,0.009708632497045172,3.5487743753230685,0.05914623958871781,combined_hierarchical_risk_parity__sample_ridge,60.0,0.21944831426724778,0.5736922994748279,False,0.0,0.05877325239862422,0.027060206520377016,0.020024729630773206,MRK|NEM|EA|TTWO|TMUS|WMT|CMCSA|T|UPS|TRX-USD|ADA-USD|XRP-USD|XLM-USD|BTC-USD|ETH-USD|ETC-USD|EOS-USD|BCH-USD|LTC-USD|SHW|KO|NEE|D|SO|AEP|DUK|ABT|AMT|CCI|O|PLD|PSA|NUE|NKE|SBUX|INTC|ADBE|QCOM|AMD|NVDA|V|OXY|SLB|COP|CVX|XOM|MMM|GS|MS|USB|WFC|DIS|CAT|DD|DOW|BA|GE|ABBV|AMGN|GILD
combined_hierarchical_risk_parity,Combined Hierarchical Risk Parity,combined,hierarchical_risk_parity,monthly,20,2022-08-01,2021-07-30,2022-07-29,2022-08-01,252,252,60,0.10561371360573807,0.00010561371360573807,10.0,sample_ridge,,1745.9284225597828,11.969160269844172,1745.9274188145564,0.003467899877531967,1.9948600250254287e-09,-1.124999905167706,1.0610827829850287,True,0,standard single-linkage HRP; raw weights feasible,0,1,0.020186854588572507,0.01382526904984364,0.14208045111334813,0.09730592028324991,0.0,0.0,0.0010215229972420547,0.053882178842203164,0.017435794373108566,0.027721559319317784,0.010163915670554692,3.600822560825865,0.060013709347097745,combined_hierarchical_risk_parity__sample_ridge,60.0,0.23267551560304,0.6025831198794699,False,0.0,0.053882178842203164,0.027721559319317784,0.017435794373108566,NEM|MRK|WMT|T|TMUS|CMCSA|EA|TTWO|SHW|TRX-USD|ETC-USD|BTC-USD|ETH-USD|ADA-USD|XRP-USD|XLM-USD|EOS-USD|BCH-USD|LTC-USD|UPS|NUE|KO|MMM|SBUX|INTC|NKE|ADBE|QCOM|AMD|NVDA|V|OXY|SLB|CVX|COP|XOM|GS|MS|USB|WFC|DIS|BA|GE|CAT|DD|DOW|NEE|D|SO|AEP|DUK|ABT|O|AMT|CCI|PLD|PSA|ABBV|AMGN|GILD
combined_hierarchical_risk_parity,Combined Hierarchical Risk Parity,combined,hierarchical_risk_parity,monthly,21,2022-09-01,2021-09-01,2022-08-31,2022-09-01,252,252,60,0.10916573385825347,0.00010916573385825346,10.0,sample_ridge,,1737.9831184875734,11.88356948842717,1737.9821098442574,0.0034107794427566457,1.9805948949319128e-09,-1.791651518649385,1.1828191271343909,True,0,standard single-linkage HRP; raw weights feasible,0,1,0.021657285663443004,-0.02304940110671131,0.14716414530531208,-0.15662375545953933,1.1102230246251565e-16,0.0,0.001156523084392581,0.0564975535083926,0.019455220920558736,0.027669963658256334,0.009221024888460569,3.512570566436875,0.05854284277394792,combined_hierarchical_risk_parity__sample_ridge,60.0,0.23105434347080864,0.5975997910883134,False,0.0,0.0564975535083926,0.027669963658256334,0.019455220920558736,NEM|MRK|WMT|T|TMUS|CMCSA|ABBV|AMGN|GILD|EA|TTWO|SHW|TRX-USD|ETC-USD|BTC-USD|ETH-USD|ADA-USD|EOS-USD|BCH-USD|LTC-USD|XLM-USD|XRP-USD|NUE|UPS|KO|NEE|V|MMM|SBUX|NKE|INTC|ADBE|QCOM|AMD|NVDA|OXY|SLB|CVX|COP|XOM|GS|MS|USB|WFC|DIS|CAT|DD|DOW|BA|GE|D|SO|AEP|DUK|ABT|O|AMT|CCI|PLD|PSA
combined_hierarchical_risk_parity,Combined Hierarchical Risk Parity,combined,hierarchical_risk_parity,monthly,22,2022-10-03,2021-10-01,2022-09-30,2022-10-03,252,252,60,0.11941456294650418,0.00011941456294650418,10.0,sample_ridge,,1698.881325240989,11.7416379889912,1698.8803108499346,0.0032755131851599957,1.9569396452624707e-09,-1.6131078797075316,0.8913308032260187,True,0,standard single-linkage HRP; raw weights feasible,0,1,0.023954844085548266,-0.05789059265005269,0.15477352514415463,-0.37403420640664437,1.1102230246251565e-16,0.0,0.0014660963646658761,0.05505002096540633,0.026369796603320957,0.0293218177829164,0.010126422443498968,3.6429083752005584,0.06071513958667597,combined_hierarchical_risk_parity__sample_ridge,60.0,0.22734930163819983,0.5855648640025133,False,0.0,0.05505002096540633,0.0293218177829164,0.026369796603320957,NEM|MRK|WMT|T|TMUS|EA|TTWO|ABBV|TRX-USD|ETC-USD|EOS-USD|ADA-USD|XLM-USD|XRP-USD|BTC-USD|ETH-USD|BCH-USD|LTC-USD|AMGN|GILD|CMCSA|SHW|NUE|KO|NEE|D|SO|AEP|DUK|ABT|O|AMT|CCI|PLD|PSA|UPS|MMM|V|INTC|ADBE|QCOM|AMD|NVDA|OXY|SLB|CVX|COP|XOM|SBUX|NKE|USB|WFC|GS|MS|DIS|CAT|DD|DOW|BA|GE
combined_hierarchical_risk_parity,Combined Hierarchical Risk Parity,combined,hierarchical_risk_parity,monthly,23,2022-11-01,2021-11-01,2022-10-31,2022-11-01,252,252,60,0.09598725629337292,9.598725629337292e-05,10.0,sample_ridge,,1529.693039460691,11.868531637254668,1529.6921907522328,0.003562931697367819,1.9780885864282257e-09,-1.7028483801535979,0.9320822595695339,True,0,standard single-linkage HRP; raw weights feasible,0,1,0.028593421170027118,-0.012317710579910133,0.16909589341562117,-0.07284452822064937,0.0,0.0,0.0015296517561706297,0.053068743195970956,0.0331754049938697,0.027713486248763766,0.009865703178148017,3.2502809458823982,0.05417134909803997,combined_hierarchical_risk_parity__sample_ridge,60.0,0.21854148460665931,0.5906449835659575,False,0.0,0.053068743195970956,0.027713486248763766,0.0331754049938697,NEM|MRK|T|WMT|EA|TTWO|ABBV|AMGN|GILD|TMUS|TRX-USD|ETC-USD|EOS-USD|BTC-USD|ETH-USD|BCH-USD|LTC-USD|ADA-USD|XLM-USD|XRP-USD|CMCSA|SHW|NUE|KO|NEE|ABT|D|DUK|AEP|SO|O|AMT|CCI|PLD|PSA|UPS|MMM|OXY|SLB|CVX|COP|XOM|V|INTC|ADBE|QCOM|AMD|NVDA|DIS|NKE|SBUX|CAT|BA|GS|MS|USB|WFC|GE|DD|DOW
combined_hierarchical_risk_parity,Combined Hierarchical Risk Parity,combined,hierarchical_risk_parity,monthly,24,2022-12-01,2021-12-01,2022-11-30,2022-12-01,252,252,60,0.09848424412251554,9.848424412251554e-05,10.0,sample_ridge,,1741.480456821167,12.511759456409925,1741.479417358475,0.003491623258897,2.0852932218820557e-09,-1.4992075946870713,1.012398262304997,True,0,standard single-linkage HRP; raw weights feasible,0,1,0.031200814846226152,0.102908515967305,0.17663752389066756,0.582597138482318,0.0,0.0,0.00146619824551974,0.07595045180615052,0.030915549056695062,0.02922298494482307,0.01012065320283482,3.1595807783268004,0.05265967963878001,combined_hierarchical_risk_parity__sample_ridge,60.0,0.22153572868806098,0.570059202942865,False,0.0,0.07595045180615052,0.02922298494482307,0.030915549056695062,NEM|T|WMT|EA|TTWO|AMGN|GILD|TMUS|CMCSA|NUE|SHW|TRX-USD|EOS-USD|ADA-USD|XLM-USD|XRP-USD|ETC-USD|BTC-USD|ETH-USD|BCH-USD|LTC-USD|KO|NEE|D|AEP|DUK|SO|ABT|O|AMT|CCI|PLD|PSA|UPS|MMM|V|OXY|SLB|COP|CVX|XOM|CAT|BA|GE|DOW|DD|USB|WFC|GS|MS|DIS|ADBE|INTC|QCOM|AMD|NVDA|NKE|SBUX|ABBV|MRK
combined_hierarchical_risk_parity,Combined Hierarchical Risk Parity,combined,hierarchical_risk_parity,monthly,25,2023-01-03,2021-12-31,2022-12-30,2023-01-03,252,252,60,0.10000579258958166,0.00010000579258958166,10.0,sample_ridge,,1687.722226352582,12.204746130223773,1687.7212445509294,0.00349459862260238,2.034124334696052e-09,-1.6878110548244987,0.9359017507349877,True,0,standard single-linkage HRP; raw weights feasible,0,1,0.03223667165325334,-0.0035932803870504324,0.17954573693979298,-0.020013175741707342,1.1102230246251565e-16,0.0,0.0010259888312565693,0.050292652706326206,0.026968869936388848,0.026457963600781138,0.009073036195946401,2.9443829559740156,0.04907304926623359,combined_hierarchical_risk_parity__sample_ridge,60.0,0.22326760662178805,0.5656368869905063,False,0.0,0.050292652706326206,0.026457963600781138,0.026968869936388848,NEM|T|WMT|EA|TTWO|TMUS|TRX-USD|EOS-USD|ADA-USD|XLM-USD|XRP-USD|ETC-USD|BTC-USD|ETH-USD|BCH-USD|LTC-USD|SHW|CMCSA|KO|NUE|UPS|MMM|V|OXY|SLB|COP|CVX|XOM|ABT|O|AMT|CCI|PLD|PSA|NEE|D|AEP|DUK|SO|DIS|ADBE|INTC|QCOM|AMD|NVDA|NKE|SBUX|BA|CAT|GE|USB|WFC|GS|MS|DD|DOW|AMGN|GILD|ABBV|MRK
combined_hierarchical_risk_parity,Combined Hierarchical Risk Parity,combined,hierarchical_risk_parity,monthly,26,2023-02-01,2022-01-31,2023-01-31,2023-02-01,252,252,60,0.12342404042926934,0.00012342404042926935,10.0,sample_ridge,,1534.2633133226127,12.050344039961132,1534.2625053683762,0.0038113442206849446,2.0083906532429493e-09,-0.9061169181647154,0.6931753816190576,True,0,standard single-linkage HRP; raw weights feasible,0,1,0.032130898360708926,0.07900243183327013,0.17925093684750695,0.4407365072824104,1.1102230246251565e-16,0.0,0.0016321270306171789,0.06606943931700764,0.03251344769413275,0.028667723449024397,0.009796741600927273,3.0773695110868573,0.05128949185144762,combined_hierarchical_risk_parity__sample_ridge,60.0,0.2262575887503416,0.5707166107987359,False,0.0,0.06606943931700764,0.028667723449024397,0.03251344769413275,NEM|WMT|T|ABBV|MRK|AMGN|GILD|EA|TTWO|TMUS|SHW|TRX-USD|EOS-USD|ETC-USD|ADA-USD|XLM-USD|XRP-USD|LTC-USD|BCH-USD|BTC-USD|ETH-USD|CMCSA|KO|NUE|OXY|SLB|COP|CVX|XOM|MMM|UPS|BA|NKE|SBUX|DIS|V|ABT|CAT|ADBE|INTC|QCOM|AMD|NVDA|GE|DOW|DD|GS|MS|USB|WFC|NEE|D|AEP|DUK|SO|AMT|CCI|O|PLD|PSA
combined_hierarchical_risk_parity,Combined Hierarchical Risk Parity,combined,hierarchical_risk_parity,monthly,27,2023-03-01,2022-02-28,2023-02-28,2023-03-01,252,252,60,0.11050401901642917,0.00011050401901642918,10.0,sample_ridge,,1718.4039056567437,11.707887040687611,1718.4028867774784,0.003289099358970045,1.9513144872681243e-09,-1.0331553358389942,0.560747599864184,True,0,standard single-linkage HRP; raw weights feasible,0,1,0.030588872453518046,0.023925693312626187,0.1748967479786804,0.13679896046747927,0.0,0.0,0.0011601610020450254,0.06871921509066452,0.030994169261103818,0.031043692475597007,0.010105810879376282,3.2196889872998375,0.05366148312166396,combined_hierarchical_risk_parity__sample_ridge,60.0,0.2176985063514308,0.5644371194888889,False,0.0,0.06871921509066452,0.031043692475597007,0.030994169261103818,NEM|WMT|T|ABBV|MRK|EA|TTWO|TRX-USD|EOS-USD|ADA-USD|XLM-USD|XRP-USD|ETC-USD|LTC-USD|BCH-USD|BTC-USD|ETH-USD|AMGN|GILD|SHW|TMUS|NUE|CMCSA|KO|MMM|OXY|SLB|COP|CVX|XOM|BA|AMT|CCI|O|PLD|PSA|NEE|D|AEP|DUK|SO|NKE|SBUX|UPS|CAT|ADBE|INTC|QCOM|AMD|NVDA|ABT|DIS|V|GE|DOW|DD|GS|MS|USB|WFC
combined_hierarchical_risk_parity,Combined Hierarchical Risk Parity,combined,hierarchical_risk_parity,monthly,28,2023-04-03,2022-03-31,2023-03-31,2023-04-03,252,252,60,0.08110475285536124,8.110475285536124e-05,10.0,sample_ridge,,1617.68167209737,11.569485901906852,1617.680774762569,0.0034740239466297144,1.928247631035332e-09,-1.1728849366405165,0.4041887312530835,True,0,standard single-linkage HRP; raw weights feasible,0,1,0.0320534004673675,-0.009187638538108592,0.1790346348262467,-0.05131766011099028,2.220446049250313e-16,0.0,0.0011939415717016912,0.06216621448328013,0.030358340607525028,0.029316672124249012,0.009667319303299358,3.1093605926073495,0.05182267654345583,combined_hierarchical_risk_parity__sample_ridge,60.0,0.22134415220286963,0.556540040334091,False,0.0,0.06216621448328013,0.029316672124249012,0.030358340607525028,NEM|WMT|T|MRK|EA|TTWO|ABBV|TRX-USD|EOS-USD|LTC-USD|ADA-USD|XLM-USD|XRP-USD|ETC-USD|BCH-USD|BTC-USD|ETH-USD|SHW|TMUS|CMCSA|BA|MMM|NUE|OXY|SLB|COP|CVX|XOM|NKE|SBUX|KO|UPS|ADBE|INTC|QCOM|AMD|NVDA|V|GE|NEE|D|SO|AEP|DUK|AMT|CCI|O|PLD|PSA|ABT|DIS|CAT|DD|DOW|USB|WFC|GS|MS|AMGN|GILD
combined_hierarchical_risk_parity,Combined Hierarchical Risk Parity,combined,hierarchical_risk_parity,monthly,29,2023-05-01,2022-04-28,2023-04-28,2023-05-01,252,252,60,0.08348465630467126,8.348465630467127e-05,10.0,sample_ridge,,1653.5205264697008,11.166942179208714,1653.5195744327805,0.0032305471431908575,1.8611570112565487e-09,-0.8606587353755566,0.5858993506629674,True,0,standard single-linkage HRP; raw weights feasible,0,1,0.03187792863856892,0.04786869531097065,0.178543912353709,0.26810600641560456,1.1102230246251565e-16,0.0,0.0014856048441630903,0.06932188698238606,0.033117016812841946,0.028367626813897047,0.008830592907165985,3.054570742786109,0.050909512379768485,combined_hierarchical_risk_parity__sample_ridge,60.0,0.21527441693447308,0.5484489210202883,False,0.0,0.06932188698238606,0.028367626813897047,0.033117016812841946,NEM|MRK|WMT|ABBV|TRX-USD|EOS-USD|LTC-USD|ADA-USD|XLM-USD|XRP-USD|BCH-USD|ETC-USD|BTC-USD|ETH-USD|EA|TTWO|T|CMCSA|BA|SHW|NUE|MMM|UPS|KO|NKE|SBUX|OXY|SLB|COP|CVX|XOM|V|ADBE|INTC|QCOM|AMD|NVDA|GE|DIS|USB|WFC|GS|MS|CAT|DD|DOW|ABT|AMT|CCI|O|PLD|PSA|NEE|D|AEP|DUK|SO|TMUS|AMGN|GILD
combined_hierarchical_risk_parity,Combined Hierarchical Risk Parity,combined,hierarchical_risk_parity,monthly,30,2023-06-01,2022-05-31,2023-05-31,2023-06-01,252,252,60,0.09261389708853,9.261389708853001e-05,10.0,sample_ridge,,1381.8653047969065,9.835175172956511,1381.864585035373,0.003144803621440402,1.63919584576746e-09,-0.45545680673063427,0.9143758820515224,True,0,standard single-linkage HRP; raw weights feasible,0,1,0.02790900690673006,-0.012049630646166959,0.1670598901793308,-0.07212761024344179,0.0,0.0,0.0016703146895220432,0.06739731053583638,0.039622556341470244,0.028862143145985068,0.009337779725888989,2.989169703318692,0.04981949505531154,combined_hierarchical_risk_parity__sample_ridge,60.0,0.21749059801954093,0.5585766211572019,False,0.0,0.06739731053583638,0.028862143145985068,0.039622556341470244,NEM|WMT|TRX-USD|EOS-USD|LTC-USD|ADA-USD|XLM-USD|XRP-USD|BCH-USD|ETC-USD|BTC-USD|ETH-USD|MRK|ABBV|EA|TTWO|T|BA|CMCSA|SHW|NKE|SBUX|MMM|NUE|V|ADBE|INTC|QCOM|AMD|NVDA|UPS|DIS|GE|OXY|SLB|COP|CVX|XOM|GS|MS|USB|WFC|CAT|DD|DOW|ABT|KO|PSA|AMT|CCI|O|PLD|NEE|D|SO|AEP|DUK|TMUS|AMGN|GILD
combined_hierarchical_risk_parity,Combined Hierarchical Risk Parity,combined,hierarchical_risk_parity,monthly,31,2023-07-03,2022-06-30,2023-06-30,2023-07-03,252,252,60,0.09390520475720764,9.390520475720764e-05,10.0,sample_ridge,,1200.8839779487605,9.43331720504861,1200.8833950209728,0.0032362173452965535,1.5722195184525737e-09,-0.4050686877913898,1.2823855441728425,True,0,standard single-linkage HRP; raw weights feasible,0,1,0.024528994008151558,0.11726844544908463,0.15661734900116128,0.7487576963661613,1.1102230246251565e-16,0.0,0.0015853439610563718,0.07284057904929822,0.03407644506973092,0.02828447039791084,0.008839126782854255,3.1926576427276183,0.05321096071212697,combined_hierarchical_risk_parity__sample_ridge,60.0,0.2263617999931796,0.5511434710003337,False,0.0,0.07284057904929822,0.02828447039791084,0.03407644506973092,NEM|TRX-USD|BCH-USD|EOS-USD|LTC-USD|XLM-USD|XRP-USD|ETC-USD|ADA-USD|BTC-USD|ETH-USD|WMT|EA|TTWO|MRK|T|TMUS|BA|CMCSA|NKE|SBUX|V|ADBE|AMD|NVDA|INTC|QCOM|GE|OXY|SLB|COP|CVX|XOM|MMM|UPS|NUE|DIS|USB|WFC|GS|MS|CAT|DD|DOW|ABT|SHW|KO|NEE|D|SO|AEP|DUK|PSA|O|PLD|AMT|CCI|ABBV|AMGN|GILD
combined_hierarchical_risk_parity,Combined Hierarchical Risk Parity,combined,hierarchical_risk_parity,monthly,32,2023-08-01,2022-07-29,2023-07-31,2023-08-01,252,252,60,0.09994576494720937,9.994576494720937e-05,10.0,sample_ridge,,1224.496672314361,9.726061270141216,1224.4960377248765,0.00312532848267032,1.6210101954801005e-09,-0.4257137157133368,1.4045880045311487,True,0,standard single-linkage HRP; raw weights feasible,0,1,0.02369101489007783,0.09986291062183841,0.15391885813660988,0.6488023094168591,0.0,0.0,0.001095789637127729,0.06653849879479785,0.04238955664521293,0.027771057063367355,0.008955314222617977,3.4649674501014176,0.05774945750169029,combined_hierarchical_risk_parity__sample_ridge,60.0,0.21879249195111686,0.5414380116187211,False,0.0,0.06653849879479785,0.027771057063367355,0.04238955664521293,NEM|T|EA|TTWO|MRK|TMUS|TRX-USD|BCH-USD|EOS-USD|LTC-USD|XLM-USD|XRP-USD|ADA-USD|ETC-USD|BTC-USD|ETH-USD|ABBV|BA|WMT|ABT|SHW|AMT|CCI|PSA|O|PLD|KO|NEE|D|SO|AEP|DUK|NKE|SBUX|CMCSA|V|AMD|NVDA|INTC|ADBE|QCOM|GE|OXY|SLB|COP|CVX|XOM|DIS|UPS|MMM|USB|WFC|GS|MS|NUE|CAT|DD|DOW|AMGN|GILD
combined_hierarchical_risk_parity,Combined Hierarchical Risk Parity,combined,hierarchical_risk_parity,monthly,33,2023-09-01,2022-08-31,2023-08-31,2023-09-01,252,252,60,0.06358676574600715,6.358676574600715e-05,10.0,sample_ridge,,1081.8206752221295,9.377587196601691,1081.8201815904176,0.0034220823032751913,1.562931183804303e-09,-0.43813560969970056,1.3175303418143658,True,0,standard single-linkage HRP; raw weights feasible,0,1,0.02312525764129023,0.08986645522048954,0.15206991037444006,0.5909548772614671,2.220446049250313e-16,0.0,0.0009678989773307489,0.06300518627826529,0.03995183608619456,0.02740452075010368,0.00874926241956664,3.522804312042839,0.05871340520071398,combined_hierarchical_risk_parity__sample_ridge,60.0,0.21834026530434453,0.5465025845294021,False,0.0,0.06300518627826529,0.02740452075010368,0.03995183608619456,NEM|T|MRK|ABBV|EA|TTWO|TRX-USD|BCH-USD|LTC-USD|EOS-USD|XLM-USD|XRP-USD|ADA-USD|ETC-USD|BTC-USD|ETH-USD|TMUS|BA|SLB|OXY|COP|CVX|XOM|NKE|SBUX|CMCSA|GE|UPS|MMM|NUE|USB|WFC|GS|MS|CAT|DD|DOW|DIS|V|AMD|NVDA|INTC|ADBE|QCOM|WMT|ABT|SHW|AMT|CCI|PSA|O|PLD|KO|NEE|D|SO|AEP|DUK|AMGN|GILD
combined_hierarchical_risk_parity,Combined Hierarchical Risk Parity,combined,hierarchical_risk_parity,monthly,34,2023-10-02,2022-09-29,2023-09-29,2023-10-02,252,252,60,0.09940519588209357,9.940519588209357e-05,10.0,sample_ridge,,972.0020640065264,8.745983435227723,972.001657314027,0.0034802575570385586,1.4576638912946484e-09,-0.43345810393913387,1.3764609828460026,True,0,standard single-linkage HRP; raw weights feasible,0,1,0.019822758591400244,0.15099285097094992,0.14079331870298478,1.07244329746557,0.0,0.0,0.0008776654108343646,0.06457725242156695,0.04077017023564952,0.02864109227059024,0.009365972187089639,3.809575875391711,0.06349293125652851,combined_hierarchical_risk_parity__sample_ridge,60.0,0.2198920661192439,0.5422821958207596,False,0.0,0.06457725242156695,0.02864109227059024,0.04077017023564952,T|MRK|ABBV|NEM|TRX-USD|BCH-USD|LTC-USD|XLM-USD|XRP-USD|EOS-USD|ADA-USD|ETC-USD|BTC-USD|ETH-USD|TMUS|AMGN|GILD|BA|EA|TTWO|WMT|CMCSA|INTC|V|AMD|NVDA|ADBE|QCOM|SLB|OXY|COP|CVX|XOM|NKE|SBUX|GE|DIS|UPS|USB|WFC|GS|MS|CAT|MMM|NUE|DD|DOW|ABT|SHW|AMT|CCI|PSA|O|PLD|KO|NEE|D|SO|AEP|DUK
combined_hierarchical_risk_parity,Combined Hierarchical Risk Parity,combined,hierarchical_risk_parity,monthly,35,2023-11-01,2022-10-31,2023-10-31,2023-11-01,252,252,60,0.11262438843531358,0.00011262438843531359,10.0,sample_ridge,,940.1629121255501,8.394732475838616,940.1625344027392,0.003478750874149747,1.3991220653152154e-09,-0.4631479082031792,1.221485025665576,True,0,standard single-linkage HRP; raw weights feasible,0,1,0.015530390503118309,0.03704410569384995,0.12462098741030063,0.29725415007254263,0.0,0.0,0.0010207744999627157,0.07189085950036947,0.03750332418327146,0.030734456001874664,0.010057476370393332,4.750042417511033,0.07916737362518389,combined_hierarchical_risk_parity__sample_ridge,60.0,0.21832434494786487,0.5715856906128133,False,0.0,0.07189085950036947,0.030734456001874664,0.03750332418327146,T|TMUS|NEM|ABBV|MRK|AMGN|GILD|TRX-USD|BCH-USD|LTC-USD|XLM-USD|XRP-USD|EOS-USD|ADA-USD|ETC-USD|BTC-USD|ETH-USD|WMT|ABT|BA|EA|TTWO|DIS|INTC|V|QCOM|ADBE|AMD|NVDA|KO|NEE|D|SO|AEP|DUK|SHW|AMT|CCI|O|PLD|PSA|GE|SLB|OXY|COP|CVX|XOM|USB|WFC|GS|MS|CMCSA|SBUX|UPS|NKE|MMM|NUE|CAT|DD|DOW
combined_hierarchical_risk_parity,Combined Hierarchical Risk Parity,combined,hierarchical_risk_parity,monthly,36,2023-12-01,2022-11-30,2023-11-30,2023-12-01,252,252,60,0.10839345774881651,0.00010839345774881652,10.0,sample_ridge,,718.9238616587598,7.481652148752392,718.9236053277319,0.0034923959148081317,1.2469420123226453e-09,-0.2766021355118453,1.2222043695132911,True,0,standard single-linkage HRP; raw weights feasible,0,1,0.014028654538019809,0.07305052221719872,0.11844262128988792,0.6167587429394004,0.0,0.0,0.0008709632724262664,0.07740848128020726,0.03871573871613086,0.028929965598537506,0.00977864028067623,4.120367071341977,0.06867278452236628,combined_hierarchical_risk_parity__sample_ridge,60.0,0.2265425331604382,0.5781411891984969,False,0.0,0.07740848128020726,0.028929965598537506,0.03871573871613086,TRX-USD|BCH-USD|EOS-USD|LTC-USD|XLM-USD|XRP-USD|ADA-USD|ETC-USD|BTC-USD|ETH-USD|T|TMUS|NEM|WMT|ABT|BA|EA|TTWO|NKE|SBUX|CMCSA|GE|UPS|SHW|KO|NEE|D|AEP|DUK|SO|AMT|CCI|O|PLD|PSA|SLB|OXY|COP|CVX|XOM|GS|MS|USB|WFC|MMM|CAT|NUE|DD|DOW|DIS|INTC|V|QCOM|ADBE|AMD|NVDA|ABBV|MRK|AMGN|GILD
combined_maximum_sharpe,Combined Maximum Sharpe,combined,maximum_sharpe,monthly,1,2021-01-04,2020-01-03,2020-12-31,2021-01-04,252,252,60,1.0,0.001,10.0,ledoit_wolf,0.08876369462569375,1033.4140189789068,21.073621130405595,217.7555286247138,0.039461066632683076,0.0,-0.3492732395247833,1.982593873089236,True,0,Optimization terminated successfully,11,3,-2.7575690699766184,0.9424405395374316,0.3417649805396978,2.7575690699766184,5.46229728115577e-14,0.0,0.0,0.24999999999980524,0.30000000000012295,0.1285664645737092,0.05500869870530165,3.569640357597976,0.05949400595996626,combined_maximum_sharpe__ledoit_wolf,,,,,,,,,
combined_maximum_sharpe,Combined Maximum Sharpe,combined,maximum_sharpe,monthly,2,2021-02-01,2020-01-31,2021-01-29,2021-02-01,252,252,60,0.22895788233257777,0.00022895788233257778,10.0,ledoit_wolf,0.08539077514609163,1091.1159806064534,22.359141071992603,225.64766039831733,0.04008079733016171,0.0,-0.23740683868214907,2.7597000301127537,True,0,Optimization terminated successfully,14,3,-2.6751170484604367,1.0275114116968325,0.3840996087584945,2.6751170484604367,2.5091040356528538e-14,0.0,0.0,0.17255197251738022,0.30000000000001115,0.10876727045223947,0.05160861246869301,3.020678707690295,0.050344645128171585,combined_maximum_sharpe__ledoit_wolf,,,,,,,,,
combined_maximum_sharpe,Combined Maximum Sharpe,combined,maximum_sharpe,monthly,3,2021-03-01,2020-02-28,2021-02-26,2021-03-01,252,252,60,0.36277946221922713,0.0003627794622192271,10.0,ledoit_wolf,0.08618684611124942,1144.0404576090773,22.923502600296956,220.98550219386757,0.04077601298952416,0.0,-0.09602128620994455,2.9761046427603395,True,0,Optimization terminated successfully,13,3,-3.0976594595559566,1.1583656185428859,0.37394866468276516,3.0976594595559566,4.511946372076636e-13,0.0,0.0,0.1566809443367077,0.30000000000019855,0.09209883784148733,0.04357908417132584,2.350648860146091,0.03917748100243485,combined_maximum_sharpe__ledoit_wolf,,,,,,,,,
combined_maximum_sharpe,Combined Maximum Sharpe,combined,maximum_sharpe,monthly,4,2021-04-01,2020-04-01,2021-03-31,2021-04-01,252,252,60,0.4451350059085153,0.0004451350059085153,10.0,ledoit_wolf,0.06069859968191399,662.0121449886715,15.477788259743535,217.9737690495713,0.02330908664035891,0.0,-0.060127039234835644,2.867691654241286,True,0,Optimization terminated successfully,18,3,-4.477919818029837,1.134953157499052,0.2534554444073098,4.477919818029836,5.526690216584029e-13,0.0,2.0149515539541823e-16,0.18963566222628297,0.3000000000004065,0.09142444110509307,0.05091621740621355,3.0831859566734434,0.05138643261122406,combined_maximum_sharpe__ledoit_wolf,,,,,,,,,
combined_maximum_sharpe,Combined Maximum Sharpe,combined,maximum_sharpe,monthly,5,2021-05-03,2020-05-01,2021-04-30,2021-05-03,252,252,60,0.33403173113781254,0.00033403173113781255,10.0,ledoit_wolf,0.0598780300615997,797.3613484584146,15.238497536661002,240.91312797497022,0.021764255627977024,0.0,-0.2081438801394524,2.7040908911882555,True,0,Optimization terminated successfully,17,3,-4.603735127782892,0.9661877893395602,0.20987041228952405,4.603735127782892,3.113065361048939e-13,0.0,0.0,0.14973662162290927,0.23287635352918834,0.09183018474342508,0.046847395227545,5.9804747389426325,0.09967457898237721,combined_maximum_sharpe__ledoit_wolf,,,,,,,,,
combined_maximum_sharpe,Combined Maximum Sharpe,combined,maximum_sharpe,monthly,6,2021-06-01,2020-06-01,2021-05-28,2021-06-01,252,252,60,0.3172895633325301,0.0003172895633325301,10.0,ledoit_wolf,0.054998453776613956,1412.0342280329962,19.060955930437192,359.6331608604526,0.023426109865477107,0.0,-0.09446757920356907,2.5441974199957964,True,0,Optimization terminated successfully,22,3,-4.080304495221622,0.8334784894051096,0.20426869866726433,4.080304495221622,1.9229062786507711e-13,0.0,0.0,0.09999999999999958,0.11545089666106619,0.0818582264276752,0.033272818382561534,5.728895629133029,0.09548159381888381,combined_maximum_sharpe__ledoit_wolf,,,,,,,,,
combined_maximum_sharpe,Combined Maximum Sharpe,combined,maximum_sharpe,monthly,7,2021-07-01,2020-07-01,2021-06-30,2021-07-01,252,252,60,0.3227922116682781,0.0003227922116682781,10.0,ledoit_wolf,0.0482772293644948,1689.7173417506071,19.176109914380064,440.4928541706896,0.020857779519215566,0.0,-0.04517062980827402,2.4942228399591873,True,0,Optimization terminated successfully,27,3,-4.32519188512836,0.7024803532056038,0.16241599722338237,4.32519188512836,1.8482992913959606e-12,0.0,0.0,0.1,0.06320032607799425,0.07608936395262822,0.03170943307471011,8.877032765769616,0.14795054609616026,combined_maximum_sharpe__ledoit_wolf,,,,,,,,,
combined_maximum_sharpe,Combined Maximum Sharpe,combined,maximum_sharpe,monthly,8,2021-08-02,2020-07-31,2021-07-30,2021-08-02,252,252,60,0.235822607924725,0.00023582260792472503,10.0,ledoit_wolf,0.046902272057899694,1995.455148305402,18.97454042649675,478.2533415670675,0.019498213433582875,0.0,-0.03111480254552568,2.133926362043439,True,0,Optimization terminated successfully,21,3,-4.122516814241955,0.6455891046003144,0.15660072079512544,4.122516814241955,8.597567102697212e-13,0.0,4.3353591630907125e-15,0.09999999999994566,0.062330273318872725,0.07821827163663664,0.03426208768315265,9.590654616518654,0.15984424360864422,combined_maximum_sharpe__ledoit_wolf,,,,,,,,,
combined_maximum_sharpe,Combined Maximum Sharpe,combined,maximum_sharpe,monthly,9,2021-09-01,2020-09-01,2021-08-31,2021-09-01,252,252,60,0.1851783825885673,0.0001851783825885673,10.0,ledoit_wolf,0.04470471483896858,2130.423351434478,19.12010475411857,511.0935437625138,0.018733505319765736,0.0,-0.07863987065770972,2.5355819840145335,True,0,Optimization terminated successfully,23,3,-4.176458202292882,0.6712628298018645,0.16072537956523547,4.176458202292882,2.560174294785611e-13,0.0,0.0,0.1,0.0760837336095764,0.07939845394666645,0.03437323686277474,8.039560074095878,0.13399266790159797,combined_maximum_sharpe__ledoit_wolf,,,,,,,,,
combined_maximum_sharpe,Combined Maximum Sharpe,combined,maximum_sharpe,monthly,10,2021-10-01,2020-10-01,2021-09-30,2021-10-01,252,252,60,0.3025927596207575,0.0003025927596207575,10.0,ledoit_wolf,0.04109934895611386,2463.798347830006,19.20084579535386,583.7562814557518,0.01722920897021054,0.0,-0.12416434745014902,2.3815964347981127,True,0,Optimization terminated successfully,22,3,-3.8098816624269736,0.6381335970131923,0.16749433540323874,3.8098816624269736,1.2685408279367039e-12,0.0,1.6128443856186715e-16,0.0999999999999982,0.07576805731588028,0.0696214334999025,0.03436552863186799,6.721569156383545,0.11202615260639241,combined_maximum_sharpe__ledoit_wolf,,,,,,,,,
combined_maximum_sharpe,Combined Maximum Sharpe,combined,maximum_sharpe,monthly,11,2021-11-01,2020-10-30,2021-10-29,2021-11-01,252,252,60,0.28239068430019615,0.00028239068430019614,10.0,ledoit_wolf,0.03972422511227894,2619.1187078079533,19.261636975459318,615.7987764418074,0.016666192717023763,0.0,-0.03804484144889364,2.5476784819297986,True,0,Optimization terminated successfully,29,3,-4.710461968304562,0.6806296221308836,0.14449317852700183,4.710461968304562,2.795763620611069e-12,0.0,6.835655922427826e-16,0.099999999999994,0.045510944318241604,0.06981066150541282,0.03333054808254701,9.821220827103087,0.16368701378505143,combined_maximum_sharpe__ledoit_wolf,,,,,,,,,
combined_maximum_sharpe,Combined Maximum Sharpe,combined,maximum_sharpe,monthly,12,2021-12-01,2020-12-01,2021-11-30,2021-12-01,252,252,60,0.2751453272901719,0.0002751453272901719,10.0,ledoit_wolf,0.03900471806537276,2669.719085657815,18.35386665972874,642.8829839527228,0.01571005462818365,0.0,-0.17349452421536093,1.9218005257051143,True,0,Optimization terminated successfully,23,3,-3.8704960022739137,0.5340732821511259,0.13798574700435248,3.8704960022739137,1.794120407794253e-12,0.0,0.0,0.1,0.029898077055761002,0.07627569203242059,0.03397642465507519,9.702550676792754,0.1617091779465459,combined_maximum_sharpe__ledoit_wolf,,,,,,,,,
combined_maximum_sharpe,Combined Maximum Sharpe,combined,maximum_sharpe,monthly,13,2022-01-03,2021-01-04,2021-12-31,2022-01-03,252,252,60,0.282026571170415,0.000282026571170415,10.0,ledoit_wolf,0.04104013250442011,2666.6247079653226,17.628040392591387,613.0954115968293,0.015651632535939694,0.0,-0.12605950714046,1.882587306240429,True,0,Optimization terminated successfully,21,3,-4.0694771056639425,0.5417044908605753,0.13311402836168437,4.0694771056639425,3.51074724846967e-12,0.0,0.0,0.1,0.02020064403523141,0.08705548880183107,0.03797736528000065,15.121637453755902,0.2520272908959317,combined_maximum_sharpe__ledoit_wolf,,,,,,,,,
combined_maximum_sharpe,Combined Maximum Sharpe,combined,maximum_sharpe,monthly,14,2022-02-01,2021-02-02,2022-01-31,2022-02-01,252,252,60,0.4217904284097112,0.0004217904284097112,10.0,ledoit_wolf,0.039147152205618076,2851.3428451164423,16.184943242641992,657.8915120167239,0.013722372452484036,0.0,-0.26246068625737806,1.7523508442205948,True,0,Optimization terminated successfully,19,3,-3.830843810779135,0.5109892303433903,0.13338816604988726,3.830843810779136,5.664357871637549e-13,0.0,0.0,0.09999999999998885,0.016587801097620817,0.08263071441069529,0.03617168429175854,8.68161077470876,0.14469351291181268,combined_maximum_sharpe__ledoit_wolf,,,,,,,,,
combined_maximum_sharpe,Combined Maximum Sharpe,combined,maximum_sharpe,monthly,15,2022-03-01,2021-03-02,2022-02-28,2022-03-01,252,252,60,0.22742166317384377,0.00022742166317384378,10.0,ledoit_wolf,0.04083156471630448,2501.83520665403,15.582614851407829,618.3439791535667,0.01408012732212793,0.0,-0.46865655744791945,1.8126264661629579,True,0,Optimization terminated successfully,17,3,-3.510659447819688,0.48172851524305427,0.1372188109963882,3.510659447819688,1.9917401061775308e-13,0.0,0.0,0.1,0.022191464398900376,0.08365386392964574,0.037628581077302235,9.254465391885349,0.15424108986475582,combined_maximum_sharpe__ledoit_wolf,,,,,,,,,
combined_maximum_sharpe,Combined Maximum Sharpe,combined,maximum_sharpe,monthly,16,2022-04-01,2021-04-05,2022-03-31,2022-04-01,252,252,60,0.1871946317684335,0.0001871946317684335,10.0,ledoit_wolf,0.04108953632324118,2657.789451460922,15.44665381007546,624.8944067660148,0.013824727650040782,0.0,-0.30439771676211014,1.885652709704718,True,0,Optimization terminated successfully,19,3,-3.693405437725004,0.4983701301990046,0.13493512656600773,3.693405437725004,2.4169555246089658e-12,0.0,2.0478559567971617e-15,0.0999999999999596,0.021441795716078304,0.08069291262000876,0.035927537580379525,7.903442769522769,0.13172404615871283,combined_maximum_sharpe__ledoit_wolf,,,,,,,,,
combined_maximum_sharpe,Combined Maximum Sharpe,combined,maximum_sharpe,monthly,17,2022-05-02,2021-05-03,2022-04-29,2022-05-02,252,252,60,0.21012660625663848,0.0002101266062566385,10.0,ledoit_wolf,0.04342339610381286,2268.0720529882974,14.558935723937584,575.6957897888898,0.014114664590138852,0.0,-0.8113680578388313,0.9388799704010586,True,0,Optimization terminated successfully,14,3,-2.8208425173777174,0.4301220094848236,0.15247997959300089,2.8208425173777174,1.3928858066947214e-12,0.0,0.0,0.1,0.0,0.08741884590620495,0.03924291973606649,7.414000338550628,0.12356667230917713,combined_maximum_sharpe__ledoit_wolf,,,,,,,,,
combined_maximum_sharpe,Combined Maximum Sharpe,combined,maximum_sharpe,monthly,18,2022-06-01,2021-06-02,2022-05-31,2022-06-01,252,252,60,0.36135812454174154,0.00036135812454174155,10.0,ledoit_wolf,0.025527798525818803,1749.1178335346817,11.381945014173247,707.6230103003192,0.00812815888007031,0.0,-1.3313647804876834,1.0545687899640876,True,0,Optimization terminated successfully,15,3,-2.6075159414881806,0.4149821824070428,0.15914847376549543,2.6075159414881806,9.92672610777845e-12,0.0,0.0,0.1,0.0,0.08752055451891443,0.043372705723354193,7.03283245178142,0.11721387419635701,combined_maximum_sharpe__ledoit_wolf,,,,,,,,,
combined_maximum_sharpe,Combined Maximum Sharpe,combined,maximum_sharpe,monthly,19,2022-07-01,2021-07-01,2022-06-30,2022-07-01,252,252,60,0.18602696640931987,0.00018602696640931986,10.0,ledoit_wolf,0.0247849681423073,1728.2907180182563,11.348958126382866,709.7703344744926,0.007950397129348833,0.0,-1.3731545680323536,0.8011361548468544,True,0,Optimization terminated successfully,9,3,-1.898218142470707,0.311632558470227,0.16417109893629417,1.898218142470707,6.408207298136404e-13,0.0,0.0,0.1,0.0,0.08990589754858755,0.04233808230728743,7.295158691902974,0.12158597819838289,combined_maximum_sharpe__ledoit_wolf,,,,,,,,,
combined_maximum_sharpe,Combined Maximum Sharpe,combined,maximum_sharpe,monthly,20,2022-08-01,2021-07-30,2022-07-29,2022-08-01,252,252,60,0.1606243933535642,0.0001606243933535642,10.0,ledoit_wolf,0.025663802768052475,1745.9284225597828,11.921663482890061,694.7645720326063,0.008464743779799864,0.0,-1.124999905167706,1.0610827829850287,True,0,Optimization terminated successfully,11,3,-2.1773018548417964,0.3969992874354456,0.1823354380342875,2.1773018548417964,7.147615832536758e-13,0.0,0.0,0.09999999999993782,1.3403833259467301e-12,0.08976838378205926,0.04291519492582936,5.725579564942726,0.09542632608237876,combined_maximum_sharpe__ledoit_wolf,,,,,,,,,
combined_maximum_sharpe,Combined Maximum Sharpe,combined,maximum_sharpe,monthly,21,2022-09-01,2021-09-01,2022-08-31,2022-09-01,252,252,60,0.15582888234947542,0.00015582888234947544,10.0,ledoit_wolf,0.026658598374328175,1737.9831184875734,11.836412348283574,671.5386920660545,0.008565712953847587,0.0,-1.791651518649385,1.1828191271343909,True,0,Optimization terminated successfully,2,3,-2.2598151305742613,0.4196343128716672,0.18569408939439674,2.2598151305742613,6.148637154979042e-12,0.0,0.0,0.1,0.0,0.10000000000000003,0.04602672300103284,5.4463163116436,0.09077193852739333,combined_maximum_sharpe__ledoit_wolf,,,,,,,,,
combined_maximum_sharpe,Combined Maximum Sharpe,combined,maximum_sharpe,monthly,22,2022-10-03,2021-10-01,2022-09-30,2022-10-03,252,252,60,0.029235638141470368,2.9235638141470368e-05,10.0,ledoit_wolf,0.027902055565709148,1698.881325240989,11.695044070497143,626.4066840241724,0.008610078502406549,0.0,-1.6131078797075316,0.8913308032260187,True,0,Optimization terminated successfully,6,3,-1.764800167891338,0.3360409699404666,0.19041304282171695,1.764800167891338,8.006928453596629e-13,0.0,0.0,0.1,6.624029337452222e-13,0.09756284809477181,0.0447459392907919,5.455217283649568,0.09092028806082614,combined_maximum_sharpe__ledoit_wolf,,,,,,,,,
combined_maximum_sharpe,Combined Maximum Sharpe,combined,maximum_sharpe,monthly,23,2022-11-01,2021-11-01,2022-10-31,2022-11-01,252,252,60,0.2112218313117062,0.0002112218313117062,10.0,ledoit_wolf,0.028741651521264105,1529.693039460691,11.821434171273443,579.4114482987391,0.009109585349102386,0.0,-1.7028483801535979,0.9320822595695339,True,0,Optimization terminated successfully,4,3,-2.199506103111523,0.43135060109688894,0.19611248201888618,2.199506103111523,9.896528041508645e-13,0.0,0.0,0.1,0.0,0.09999999999989102,0.044073679221438226,6.075882943020439,0.1012647157170073,combined_maximum_sharpe__ledoit_wolf,,,,,,,,,
combined_maximum_sharpe,Combined Maximum Sharpe,combined,maximum_sharpe,monthly,24,2022-12-01,2021-12-01,2022-11-30,2022-12-01,252,252,60,0.11700780711278325,0.00011700780711278325,10.0,ledoit_wolf,0.030278413911618486,1741.480456821167,12.462109492676094,608.5455884945641,0.009661346133551905,0.0,-1.4992075946870713,1.012398262304997,True,0,Optimization terminated successfully,11,3,-2.6989302057313314,0.4862945626863595,0.18018048842229614,2.6989302057313314,1.1620926443356439e-11,0.0,0.0,0.1,0.0,0.09449959482191964,0.041080258842600935,7.113800154015926,0.11856333590026542,combined_maximum_sharpe__ledoit_wolf,,,,,,,,,
combined_maximum_sharpe,Combined Maximum Sharpe,combined,maximum_sharpe,monthly,25,2023-01-03,2021-12-31,2022-12-30,2023-01-03,252,252,60,0.101807918845537,0.000101807918845537,10.0,ledoit_wolf,0.0317230570940032,1687.722226352582,12.156314476397831,581.2232498721739,0.009797567408864626,0.0,-1.6878110548244987,0.9359017507349877,True,0,Optimization terminated successfully,10,3,-2.1646527990095707,0.43328636161393846,0.20016436899820017,2.1646527990095703,1.4943601911454607e-12,0.0,0.0,0.1,0.0,0.09753131920609884,0.04334915539510066,5.669403611693723,0.09449006019489539,combined_maximum_sharpe__ledoit_wolf,,,,,,,,,
combined_maximum_sharpe,Combined Maximum Sharpe,combined,maximum_sharpe,monthly,26,2023-02-01,2022-01-31,2023-01-31,2023-02-01,252,252,60,0.20654401079489498,0.000206544010794895,10.0,ledoit_wolf,0.03183634407152668,1534.2633133226127,12.00252509438048,562.0625628479148,0.010043968785024992,0.0,-0.9061169181647154,0.6931753816190576,True,0,Optimization terminated successfully,13,3,-1.908413560778482,0.3718682069448799,0.1948572440415834,1.9084135607784825,1.4011014570769476e-13,0.0,0.0,0.1,2.1974185803900518e-13,0.09217351354497844,0.03995875650919893,6.11135501716174,0.10185591695269566,combined_maximum_sharpe__ledoit_wolf,,,,,,,,,
combined_maximum_sharpe,Combined Maximum Sharpe,combined,maximum_sharpe,monthly,27,2023-03-01,2022-02-28,2023-02-28,2023-03-01,252,252,60,0.24281690971715286,0.00024281690971715287,10.0,ledoit_wolf,0.033242433084284866,1718.4039056567437,11.661427054864266,565.9393455013867,0.009628045188344075,0.0,-1.0331553358389942,0.560747599864184,True,0,Optimization terminated successfully,12,3,-1.5415514471310674,0.30840171687045337,0.20005930872071123,1.5415514471310674,7.636113963371827e-13,0.0,0.0,0.1,8.296071584106504e-13,0.08714661484248146,0.039860590740313034,5.4650949855469255,0.09108491642578209,combined_maximum_sharpe__ledoit_wolf,,,,,,,,,
combined_maximum_sharpe,Combined Maximum Sharpe,combined,maximum_sharpe,monthly,28,2023-04-03,2022-03-31,2023-03-31,2023-04-03,252,252,60,0.35984578437824377,0.0003598457843782438,10.0,ledoit_wolf,0.03320638573773062,1617.68167209737,11.5235751283302,557.2454560211943,0.009722938957983243,0.0,-1.1728849366405165,0.4041887312530835,True,0,Optimization terminated successfully,7,3,-1.2399229234431117,0.22549026496209296,0.18185829191377037,1.2399229234431117,2.502442697505103e-13,0.0,0.0,0.09999999999997486,5.487847072800023e-13,0.09249830962478098,0.03872851184726979,6.394932957641241,0.10658221596068734,combined_maximum_sharpe__ledoit_wolf,,,,,,,,,
combined_maximum_sharpe,Combined Maximum Sharpe,combined,maximum_sharpe,monthly,29,2023-05-01,2022-04-28,2023-04-28,2023-05-01,252,252,60,0.2904842431187279,0.0002904842431187279,10.0,ledoit_wolf,0.03571976631643648,1653.5205264697008,11.12262880536652,528.2730078528022,0.009724417611864157,0.0,-0.8606587353755566,0.5858993506629674,True,0,Optimization terminated successfully,11,3,-1.662704565661225,0.3491757594655188,0.21000469155905546,1.662704565661225,1.446842645691504e-12,0.0,0.0,0.1,0.0,0.08632179538412094,0.04051306946510558,3.651323819012594,0.06085539698354323,combined_maximum_sharpe__ledoit_wolf,,,,,,,,,
combined_maximum_sharpe,Combined Maximum Sharpe,combined,maximum_sharpe,monthly,30,2023-06-01,2022-05-31,2023-05-31,2023-06-01,252,252,60,0.32206288430712166,0.00032206288430712164,10.0,ledoit_wolf,0.04178249267865943,1381.8653047969065,9.796146602086488,422.91726097330826,0.009823236757488172,0.0,-0.45545680673063427,0.9143758820515224,True,0,Optimization terminated successfully,10,3,-1.9623027779331241,0.48692903368731855,0.2481416421375077,1.9623027779331241,3.7549963138872045e-12,0.0,0.0,0.20594645382307106,0.20594645382307106,0.11685651376417258,0.062419111303201,2.933182100254961,0.048886368337582684,combined_maximum_sharpe__ledoit_wolf,,,,,,,,,
combined_maximum_sharpe,Combined Maximum Sharpe,combined,maximum_sharpe,monthly,31,2023-07-03,2022-06-30,2023-06-30,2023-07-03,252,252,60,0.2269531209082854,0.0002269531209082854,10.0,ledoit_wolf,0.046969729647794875,1200.8839779487605,9.395883312657043,354.4947962479417,0.010427340974869087,0.0,-0.4050686877913898,1.2823855441728425,True,0,Optimization terminated successfully,11,3,-2.7786352333811415,0.6211687099071346,0.22355172872089243,2.7786352333811415,2.4646951146678475e-13,0.0,0.0,0.10156076756936905,0.1738630586099067,0.09333711200548322,0.043039840580562774,2.8521629253734577,0.047536048756224296,combined_maximum_sharpe__ledoit_wolf,,,,,,,,,
combined_maximum_sharpe,Combined Maximum Sharpe,combined,maximum_sharpe,monthly,32,2023-08-01,2022-07-29,2023-07-31,2023-08-01,252,252,60,0.17270347311278883,0.00017270347311278884,10.0,ledoit_wolf,0.10091191816026106,1224.496672314361,9.687465692035838,180.36043412156,0.01909180597946615,0.0,-0.4257137157133368,1.4045880045311487,True,0,Optimization terminated successfully,10,3,-2.8052647559037887,0.5873221711882307,0.20936425695727592,2.8052647559037887,4.702904732312163e-13,0.0,0.0,0.1,0.1525414954929938,0.09017512311786409,0.04203737131185291,3.560616153449875,0.05934360255749792,combined_maximum_sharpe__ledoit_wolf,,,,,,,,,
combined_maximum_sharpe,Combined Maximum Sharpe,combined,maximum_sharpe,monthly,33,2023-09-01,2022-08-31,2023-08-31,2023-09-01,252,252,60,0.17023708923407785,0.00017023708923407784,10.0,ledoit_wolf,0.1060806122829069,1081.8206752221295,9.340374455592384,169.35606418162348,0.01956080252934704,0.0,-0.43813560969970056,1.3175303418143658,True,0,Optimization terminated successfully,15,3,-2.9182384688103604,0.5293481250970147,0.18139303239080629,2.9182384688103604,1.4868106745780096e-12,0.0,0.0,0.1,0.10467537831081553,0.08843171712840173,0.038203465771454635,4.501761412071411,0.07502935686785685,combined_maximum_sharpe__ledoit_wolf,,,,,,,,,
combined_maximum_sharpe,Combined Maximum Sharpe,combined,maximum_sharpe,monthly,34,2023-10-02,2022-09-29,2023-09-29,2023-10-02,252,252,60,0.19562388321310872,0.00019562388321310874,10.0,ledoit_wolf,0.12318025009128128,972.0020640065264,8.711277064641827,142.0508240264789,0.020923736052326,0.0,-0.43345810393913387,1.3764609828460026,True,0,Optimization terminated successfully,14,3,-3.3634551407231594,0.5872683393413335,0.1746026971583358,3.3634551407231594,5.928590951498336e-14,0.0,0.0,0.1,0.07996407671407192,0.09289368948299406,0.04025178539922216,4.991488883661625,0.08319148139436042,combined_maximum_sharpe__ledoit_wolf,,,,,,,,,
combined_maximum_sharpe,Combined Maximum Sharpe,combined,maximum_sharpe,monthly,35,2023-11-01,2022-10-31,2023-10-31,2023-11-01,252,252,60,0.3248834553735773,0.0003248834553735773,10.0,ledoit_wolf,0.13232338914120753,940.1629121255501,8.361419961764739,132.65454435399857,0.021446642115688842,0.0,-0.4631479082031792,1.221485025665576,True,0,Optimization terminated successfully,15,3,-2.68655210040585,0.4866171049996982,0.18113071580714415,2.6865521004058497,8.910649995641506e-13,0.0,0.0,0.10551573288902338,0.12869632846770956,0.09153864104507088,0.045819839569190106,4.62225170643642,0.077037528440607,combined_maximum_sharpe__ledoit_wolf,,,,,,,,,
combined_maximum_sharpe,Combined Maximum Sharpe,combined,maximum_sharpe,monthly,36,2023-12-01,2022-11-30,2023-11-30,2023-12-01,252,252,60,0.468510888210373,0.00046851088821037303,10.0,ledoit_wolf,0.17080755618151275,718.9238616587598,7.451962978404381,86.9288441620285,0.02409856881758248,0.0,-0.2766021355118453,1.2222043695132911,True,0,Optimization terminated successfully,17,3,-3.0857223705202075,0.5316391087124225,0.17229000048465015,3.0857223705202084,4.3365311341858614e-13,0.0,0.0,0.10851422974017141,0.17271796419164642,0.08953287775743861,0.04002318358228716,5.486587458626235,0.09144312431043725,combined_maximum_sharpe__ledoit_wolf,,,,,,,,,
combined_maximum_sharpe,Combined Maximum Sharpe,combined,maximum_sharpe,monthly,1,2021-01-04,2020-01-03,2020-12-31,2021-01-04,252,252,60,1.0,0.001,10.0,sample_ridge,,1033.4140189789068,21.157579991903326,1033.413620149154,0.009128114582134406,3.526263296721254e-09,-0.3492732395247833,1.982593873089236,True,0,Optimization terminated successfully,9,3,-2.6739227265146654,0.9370765791237677,0.35045013449031254,2.6739227265146654,1.6291412663349547e-12,0.0,0.0,0.25,0.30000000000007515,0.12986222695413827,0.055188218351130816,3.105895910790991,0.05176493184651652,combined_maximum_sharpe__sample_ridge,,,,,,,,,
combined_maximum_sharpe,Combined Maximum Sharpe,combined,maximum_sharpe,monthly,2,2021-02-01,2020-01-31,2021-01-29,2021-02-01,252,252,60,0.23680638791180264,0.00023680638791180264,10.0,sample_ridge,,1091.1159806064534,22.44822153978953,1091.1155307785195,0.00906686119653018,3.741370219217885e-09,-0.23740683868214907,2.7597000301127537,True,0,Optimization terminated successfully,8,3,-2.584605599282593,1.019113002404099,0.39430116637020884,2.584605599282593,4.0323300254385686e-13,0.0,0.0,0.17800829244459362,0.3000000000001962,0.11225703888528202,0.05160453613594386,2.7693500821786836,0.04615583470297806,combined_maximum_sharpe__sample_ridge,,,,,,,,,
combined_maximum_sharpe,Combined Maximum Sharpe,combined,maximum_sharpe,monthly,3,2021-03-01,2020-02-28,2021-02-26,2021-03-01,252,252,60,0.3547474920733104,0.0003547474920733104,10.0,sample_ridge,,1144.0404576090773,23.014831526063983,1144.0399490852305,0.008621976286872026,3.835805215985945e-09,-0.09602128620994455,2.9761046427603395,True,0,Optimization terminated successfully,11,3,-2.9887572470648442,1.1416130757579388,0.38196915352662975,2.9887572470648442,5.484501741648273e-14,0.0,0.0,0.16615210098412567,0.3000000000000272,0.09491264956175442,0.04441256918053735,2.127974890089997,0.03546624816816661,combined_maximum_sharpe__sample_ridge,,,,,,,,,
combined_maximum_sharpe,Combined Maximum Sharpe,combined,maximum_sharpe,monthly,4,2021-04-01,2020-04-01,2021-03-31,2021-04-01,252,252,60,0.431853734970337,0.00043185373497033703,10.0,sample_ridge,,662.0121449886715,15.539452910196802,662.0119356502846,0.008177961042976675,2.5899087924670455e-09,-0.060127039234835644,2.867691654241286,True,0,Optimization terminated successfully,17,3,-4.382009309300484,1.1326838872214302,0.2584850481301795,4.382009309300484,1.3062884107739592e-12,0.0,3.6598633251311945e-17,0.19444983306860972,0.3000000000003748,0.09705745987006395,0.05195391935428008,2.9326381877237577,0.048877303128729295,combined_maximum_sharpe__sample_ridge,,,,,,,,,
combined_maximum_sharpe,Combined Maximum Sharpe,combined,maximum_sharpe,monthly,5,2021-05-03,2020-05-01,2021-04-30,2021-05-03,252,252,60,0.34560256983521676,0.00034560256983521675,10.0,sample_ridge,,797.3613484584146,15.299208835217478,797.3610584587759,0.00700213425586742,2.5498681137042323e-09,-0.2081438801394524,2.7040908911882555,True,0,Optimization terminated successfully,17,3,-4.5285621978122865,0.9482918064280444,0.2094024030157203,4.5285621978122865,2.524647157997606e-13,0.0,0.0,0.15063072097467525,0.22738716270363654,0.09181247827501123,0.047501593817857894,5.49586531293712,0.09159775521561866,combined_maximum_sharpe__sample_ridge,,,,,,,,,
combined_maximum_sharpe,Combined Maximum Sharpe,combined,maximum_sharpe,monthly,6,2021-06-01,2020-06-01,2021-05-28,2021-06-01,252,252,60,0.3118028182885466,0.00031180281828854664,10.0,sample_ridge,,1412.0342280329962,19.13689618527403,1412.0335165734627,0.0063256854156733084,3.1894826656508454e-09,-0.09446757920356907,2.5441974199957964,True,0,Optimization terminated successfully,22,3,-4.0302795777451905,0.8167816596619963,0.20266129034129166,4.0302795777451905,5.695444116327053e-13,0.0,0.0,0.1,0.1088627854222956,0.08343122278602183,0.0337075515872149,5.313385832141995,0.0885564305356999,combined_maximum_sharpe__sample_ridge,,,,,,,,,
combined_maximum_sharpe,Combined Maximum Sharpe,combined,maximum_sharpe,monthly,7,2021-07-01,2020-07-01,2021-06-30,2021-07-01,252,252,60,0.34149867330273587,0.00034149867330273586,10.0,sample_ridge,,1689.7173417506071,19.25250895118555,1689.7163954840023,0.005726371633277819,3.2087514597767435e-09,-0.04517062980827402,2.4942228399591873,True,0,Optimization terminated successfully,24,3,-4.312063563759439,0.6921761471163225,0.16052085895339954,4.31206356375944,1.092681500836079e-12,0.0,0.0,0.1,0.058749083947568545,0.0790972109645173,0.032215009315081825,8.295700059818277,0.13826166766363795,combined_maximum_sharpe__sample_ridge,,,,,,,,,
combined_maximum_sharpe,Combined Maximum Sharpe,combined,maximum_sharpe,monthly,8,2021-08-02,2020-07-31,2021-07-30,2021-08-02,252,252,60,0.23222743296187967,0.00023222743296187967,10.0,sample_ridge,,1995.455148305402,19.050136395589725,1995.4538598721672,0.004914837793726759,3.1750227008480616e-09,-0.03111480254552568,2.133926362043439,True,0,Optimization terminated successfully,21,3,-4.117344722074653,0.6388984874902404,0.15517245472910304,4.117344722074653,1.311395436687235e-12,0.0,3.3632912661803876e-16,0.09999999999999754,0.057988790505040036,0.08031357617092144,0.03467216726071239,8.677794924665976,0.1446299154110996,combined_maximum_sharpe__sample_ridge,,,,,,,,,
combined_maximum_sharpe,Combined Maximum Sharpe,combined,maximum_sharpe,monthly,9,2021-09-01,2020-09-01,2021-08-31,2021-09-01,252,252,60,0.18215603401092642,0.00018215603401092642,10.0,sample_ridge,,2130.423351434478,19.19628066223325,2130.421906888042,0.004716244829139146,3.1993800783784072e-09,-0.07863987065770972,2.5355819840145335,True,0,Optimization terminated successfully,22,3,-4.171762068187049,0.6548941507909528,0.156982622711164,4.171762068187049,2.062572335148616e-12,0.0,0.0,0.1,0.07022274437053184,0.08378475566666371,0.034789418412224105,7.466072688870017,0.12443454481450028,combined_maximum_sharpe__sample_ridge,,,,,,,,,
combined_maximum_sharpe,Combined Maximum Sharpe,combined,maximum_sharpe,monthly,10,2021-10-01,2020-10-01,2021-09-30,2021-10-01,252,252,60,0.28777123485627026,0.00028777123485627026,10.0,sample_ridge,,2463.798347830006,19.277343381734276,2463.7964940943734,0.004268516662541306,3.2128905314934743e-09,-0.12416434745014902,2.3815964347981127,True,0,Optimization terminated successfully,21,3,-3.7892438227224443,0.6178950617439695,0.16306553250511935,3.7892438227224443,5.468958619303521e-13,0.0,4.735793947744824e-16,0.09999999999999866,0.06942792526975497,0.07362061411329687,0.034716820097937716,6.488271305947488,0.1081378550991248,combined_maximum_sharpe__sample_ridge,,,,,,,,,
combined_maximum_sharpe,Combined Maximum Sharpe,combined,maximum_sharpe,monthly,11,2021-11-01,2020-10-30,2021-10-29,2021-11-01,252,252,60,0.2965975685869702,0.00029659756858697016,10.0,sample_ridge,,2619.1187078079533,19.338376758386744,2619.1166455316716,0.0040917703255054574,3.2230627608338288e-09,-0.03804484144889364,2.5476784819297986,True,0,Optimization terminated successfully,28,3,-4.71466084931588,0.6637124978535008,0.1407762973978942,4.71466084931588,5.506706202140776e-13,0.0,0.0,0.1,0.04082263778954559,0.07577980479078256,0.033970336271647805,9.635145258495236,0.16058575430825392,combined_maximum_sharpe__sample_ridge,,,,,,,,,
combined_maximum_sharpe,Combined Maximum Sharpe,combined,maximum_sharpe,monthly,12,2021-12-01,2020-12-01,2021-11-30,2021-12-01,252,252,60,0.2846978552926899,0.00028469785529268996,10.0,sample_ridge,,2669.719085657815,18.426989818738598,2669.717009456781,0.003947631431548849,3.0711649390781164e-09,-0.17349452421536093,1.9218005257051143,True,0,Optimization terminated successfully,24,3,-3.884903350339649,0.5179905093508443,0.13333420747920474,3.884903350339649,1.3160583733906606e-12,0.0,0.0,0.1,0.02578102245321441,0.07873656258580759,0.034443192396955084,9.163040826610127,0.15271734711016877,combined_maximum_sharpe__sample_ridge,,,,,,,,,
combined_maximum_sharpe,Combined Maximum Sharpe,combined,maximum_sharpe,monthly,13,2022-01-03,2021-01-04,2021-12-31,2022-01-03,252,252,60,0.26536442981866676,0.00026536442981866674,10.0,sample_ridge,,2666.6247079653226,17.698271806197972,2666.622618322197,0.003762759745499404,2.949711938202543e-09,-0.12605950714046,1.882587306240429,True,0,Optimization terminated successfully,17,3,-4.1051369356922915,0.5308615586541534,0.12931640697257976,4.1051369356922915,3.4297009676720336e-12,0.0,0.0,0.1,0.016695839612299045,0.08986050799182335,0.03844517013687089,14.165545569283797,0.23609242615472995,combined_maximum_sharpe__sample_ridge,,,,,,,,,
combined_maximum_sharpe,Combined Maximum Sharpe,combined,maximum_sharpe,monthly,14,2022-02-01,2021-02-02,2022-01-31,2022-02-01,252,252,60,0.4147460375769367,0.0004147460375769367,10.0,sample_ridge,,2851.3428451164423,16.249425250724453,2851.3405090359306,0.0033044261135941736,2.7082375147050344e-09,-0.26246068625737806,1.7523508442205948,True,0,Optimization terminated successfully,16,3,-3.846534109094861,0.5038099931314106,0.1309776486682354,3.846534109094861,6.1879390500507725e-12,0.0,0.0,0.1,0.014865664806192842,0.08681198552151671,0.0366231921827341,8.015129186747082,0.1335854864457847,combined_maximum_sharpe__sample_ridge,,,,,,,,,
combined_maximum_sharpe,Combined Maximum Sharpe,combined,maximum_sharpe,monthly,15,2022-03-01,2021-03-02,2022-02-28,2022-03-01,252,252,60,0.2382437503697168,0.0002382437503697168,10.0,sample_ridge,,2501.83520665403,15.6446971387369,2501.8334143156535,0.0036381531451726568,2.6074494970483213e-09,-0.46865655744791945,1.8126264661629579,True,0,Optimization terminated successfully,17,3,-3.516779706184371,0.47693053350632786,0.1356156976985593,3.516779706184371,3.86557452713987e-12,0.0,0.0,0.1,0.020020126680333043,0.08500516654179059,0.03803503677622263,8.37468614132407,0.13957810235540116,combined_maximum_sharpe__sample_ridge,,,,,,,,,
combined_maximum_sharpe,Combined Maximum Sharpe,combined,maximum_sharpe,monthly,16,2022-04-01,2021-04-05,2022-03-31,2022-04-01,252,252,60,0.20870158105982498,0.00020870158105982498,10.0,sample_ridge,,2657.789451460922,15.508194418583997,2657.7874311998767,0.003399066256181919,2.5846990439170094e-09,-0.30439771676211014,1.885652709704718,True,0,Optimization terminated successfully,18,3,-3.7014023279778487,0.48865099388458466,0.1320178004403927,3.7014023279778487,2.779776409056467e-12,0.0,0.0,0.1,0.019239297921329467,0.08607404734691199,0.036497167609764285,7.424052795545348,0.12373421325908913,combined_maximum_sharpe__sample_ridge,,,,,,,,,
combined_maximum_sharpe,Combined Maximum Sharpe,combined,maximum_sharpe,monthly,17,2022-05-02,2021-05-03,2022-04-29,2022-05-02,252,252,60,0.1935682009544434,0.0001935682009544434,10.0,sample_ridge,,2268.0720529882974,14.616939598090791,2268.0705823024423,0.003755351568541809,2.4361565753202328e-09,-0.8113680578388313,0.9388799704010586,True,0,Optimization terminated successfully,12,3,-2.8108504133992316,0.42530776742728765,0.15130928540339944,2.8108504133992316,2.6827429167042283e-12,0.0,0.0,0.1,9.307046835133331e-12,0.08883250362878682,0.039559933612447876,6.890575783522294,0.11484292972537156,combined_maximum_sharpe__sample_ridge,,,,,,,,,
combined_maximum_sharpe,Combined Maximum Sharpe,combined,maximum_sharpe,monthly,18,2022-06-01,2021-06-02,2022-05-31,2022-06-01,252,252,60,0.35651698980687196,0.00035651698980687196,10.0,sample_ridge,,1749.1178335346817,11.427291522924937,1749.1168499859352,0.0033850638542445763,1.9045485681086706e-09,-1.3313647804876834,1.0545687899640876,True,0,Optimization terminated successfully,14,3,-2.5909097513789336,0.4118123630291953,0.15894508205468005,2.5909097513789336,4.823919041996305e-12,0.0,0.0,0.1,0.0,0.08816168210696133,0.04327136005484135,6.870210278449353,0.11450350464082254,combined_maximum_sharpe__sample_ridge,,,,,,,,,
combined_maximum_sharpe,Combined Maximum Sharpe,combined,maximum_sharpe,monthly,19,2022-07-01,2021-07-01,2022-06-30,2022-07-01,252,252,60,0.1922710722054901,0.0001922710722054901,10.0,sample_ridge,,1728.2907180182563,11.39417321293967,1728.2897413627395,0.00335857919415917,1.8990288498329904e-09,-1.3731545680323536,0.8011361548468544,True,0,Optimization terminated successfully,11,3,-1.8857784229062045,0.3097889029987491,0.1642764066211598,1.8857784229062045,4.8749893011290624e-11,0.0,0.0,0.1,0.0,0.09084310458029458,0.042916176963369364,7.08983752509262,0.11816395875154367,combined_maximum_sharpe__sample_ridge,,,,,,,,,
combined_maximum_sharpe,Combined Maximum Sharpe,combined,maximum_sharpe,monthly,20,2022-08-01,2021-07-30,2022-07-29,2022-08-01,252,252,60,0.1530563237635204,0.0001530563237635204,10.0,sample_ridge,,1745.9284225597828,11.969160269844172,1745.9274188145564,0.003467899877531967,1.9948600250254287e-09,-1.124999905167706,1.0610827829850287,True,0,Optimization terminated successfully,11,3,-2.16008846909337,0.39372780077992753,0.18227392369034892,2.16008846909337,5.400280223000209e-11,0.0,0.0,0.1,0.0,0.09118770962144715,0.042988377921203226,5.598087951525874,0.09330146585876456,combined_maximum_sharpe__sample_ridge,,,,,,,,,
combined_maximum_sharpe,Combined Maximum Sharpe,combined,maximum_sharpe,monthly,21,2022-09-01,2021-09-01,2022-08-31,2022-09-01,252,252,60,0.1508257398027334,0.0001508257398027334,10.0,sample_ridge,,1737.9831184875734,11.88356948842717,1737.9821098442574,0.0034107794427566457,1.9805948949319128e-09,-1.791651518649385,1.1828191271343909,True,0,Optimization terminated successfully,3,3,-2.2422261628863214,0.4196343128711232,0.18715075214845678,2.2422261628863214,1.078692690725802e-12,0.0,0.0,0.1,0.0,0.099999999999896,0.04627345712266828,5.230340345959236,0.08717233909932061,combined_maximum_sharpe__sample_ridge,,,,,,,,,
combined_maximum_sharpe,Combined Maximum Sharpe,combined,maximum_sharpe,monthly,22,2022-10-03,2021-10-01,2022-09-30,2022-10-03,252,252,60,0.026768982431284467,2.676898243128447e-05,10.0,sample_ridge,,1698.881325240989,11.7416379889912,1698.8803108499346,0.0032755131851599957,1.9569396452624707e-09,-1.6131078797075316,0.8913308032260187,True,0,Optimization terminated successfully,5,3,-1.7494295298413371,0.3358168954515758,0.1919579438458618,1.7494295298413371,3.663847003565479e-12,0.0,0.0,0.1,0.0,0.09792821221251247,0.04499096638858503,5.263893021017696,0.08773155035029494,combined_maximum_sharpe__sample_ridge,,,,,,,,,
combined_maximum_sharpe,Combined Maximum Sharpe,combined,maximum_sharpe,monthly,23,2022-11-01,2021-11-01,2022-10-31,2022-11-01,252,252,60,0.21113634585609262,0.00021113634585609263,10.0,sample_ridge,,1529.693039460691,11.868531637254668,1529.6921907522328,0.003562931697367819,1.9780885864282257e-09,-1.7028483801535979,0.9320822595695339,True,0,Optimization terminated successfully,3,3,-2.179466253320881,0.431350601096922,0.19791570548048978,2.179466253320881,1.3873346915715956e-12,0.0,0.0,0.1,0.0,0.09999999999985129,0.044262384155744655,5.847909016840583,0.09746515028067639,combined_maximum_sharpe__sample_ridge,,,,,,,,,
combined_maximum_sharpe,Combined Maximum Sharpe,combined,maximum_sharpe,monthly,24,2022-12-01,2021-12-01,2022-11-30,2022-12-01,252,252,60,0.11700780710772443,0.00011700780710772443,10.0,sample_ridge,,1741.480456821167,12.511759456409925,1741.479417358475,0.003491623258897,2.0852932218820557e-09,-1.4992075946870713,1.012398262304997,True,0,Optimization terminated successfully,10,3,-2.677277079035304,0.4843102401586244,0.1808965698586321,2.677277079035304,1.6409096303959814e-12,0.0,0.0,0.1,0.0,0.09516569827941146,0.041347266067957945,6.837456054764065,0.11395760091273441,combined_maximum_sharpe__sample_ridge,,,,,,,,,
combined_maximum_sharpe,Combined Maximum Sharpe,combined,maximum_sharpe,monthly,25,2023-01-03,2021-12-31,2022-12-30,2023-01-03,252,252,60,0.103197021371208,0.000103197021371208,10.0,sample_ridge,,1687.722226352582,12.204746130223773,1687.7212445509294,0.00349459862260238,2.034124334696052e-09,-1.6878110548244987,0.9359017507349877,True,0,Optimization terminated successfully,9,3,-2.1428445053678713,0.43100175113306394,0.20113533672340447,2.1428445053678713,1.0980105713542798e-12,0.0,0.0,0.1,0.0,0.0989596221639221,0.04401646341137945,5.546642162044407,0.09244403603407345,combined_maximum_sharpe__sample_ridge,,,,,,,,,
combined_maximum_sharpe,Combined Maximum Sharpe,combined,maximum_sharpe,monthly,26,2023-02-01,2022-01-31,2023-01-31,2023-02-01,252,252,60,0.2064610361609596,0.0002064610361609596,10.0,sample_ridge,,1534.2633133226127,12.050344039961132,1534.2625053683762,0.0038113442206849446,2.0083906532429493e-09,-0.9061169181647154,0.6931753816190576,True,0,Optimization terminated successfully,11,3,-1.888837553744665,0.3710336034204766,0.196434893347442,1.8888375537446656,1.5409895581797173e-13,0.0,0.0,0.09999999999998502,4.4286823224717173e-13,0.09335541466394102,0.0403959667476187,5.931516632723459,0.09885861054539098,combined_maximum_sharpe__sample_ridge,,,,,,,,,
combined_maximum_sharpe,Combined Maximum Sharpe,combined,maximum_sharpe,monthly,27,2023-03-01,2022-02-28,2023-02-28,2023-03-01,252,252,60,0.2468615222246356,0.00024686152222463557,10.0,sample_ridge,,1718.4039056567437,11.707887040687611,1718.4028867774784,0.003289099358970045,1.9513144872681243e-09,-1.0331553358389942,0.560747599864184,True,0,Optimization terminated successfully,13,3,-1.5235774835518159,0.30637184281059104,0.2010871426744681,1.5235774835518159,8.43991543320044e-13,0.0,0.0,0.1,4.697750753232504e-15,0.08806947604482913,0.03997426481548648,5.325437528090542,0.08875729213484236,combined_maximum_sharpe__sample_ridge,,,,,,,,,
combined_maximum_sharpe,Combined Maximum Sharpe,combined,maximum_sharpe,monthly,28,2023-04-03,2022-03-31,2023-03-31,2023-04-03,252,252,60,0.36474058534697285,0.00036474058534697283,10.0,sample_ridge,,1617.68167209737,11.569485901906852,1617.680774762569,0.0034740239466297144,1.928247631035332e-09,-1.1728849366405165,0.4041887312530835,True,0,Optimization terminated successfully,10,3,-1.2277503827912735,0.22508943126012854,0.18333484918032836,1.2277503827912735,2.7177926575916445e-11,0.0,0.0,0.1,0.0,0.09234834800767175,0.03865825395323866,6.075250449274582,0.10125417415457635,combined_maximum_sharpe__sample_ridge,,,,,,,,,
combined_maximum_sharpe,Combined Maximum Sharpe,combined,maximum_sharpe,monthly,29,2023-05-01,2022-04-28,2023-04-28,2023-05-01,252,252,60,0.29554937476160914,0.00029554937476160915,10.0,sample_ridge,,1653.5205264697008,11.166942179208714,1653.5195744327805,0.0032305471431908575,1.8611570112565487e-09,-0.8606587353755566,0.5858993506629674,True,0,Optimization terminated successfully,10,3,-1.6403452836216392,0.3470130268371826,0.21154876982425877,1.6403452836216392,2.9753977059954195e-14,0.0,0.0,0.1,0.0,0.08854076324973043,0.04054441925563428,3.500734670428602,0.0583455778404767,combined_maximum_sharpe__sample_ridge,,,,,,,,,
combined_maximum_sharpe,Combined Maximum Sharpe,combined,maximum_sharpe,monthly,30,2023-06-01,2022-05-31,2023-05-31,2023-06-01,252,252,60,0.32922692987712154,0.00032922692987712155,10.0,sample_ridge,,1381.8653047969065,9.835175172956511,1381.864585035373,0.003144803621440402,1.63919584576746e-09,-0.45545680673063427,0.9143758820515224,True,0,Optimization terminated successfully,9,3,-1.9296036016846307,0.48614675071200747,0.25194125378268334,1.9296036016846312,1.8895995879120164e-13,0.0,0.0,0.205157316293967,0.20515731629424114,0.1167141146663894,0.062416597348749235,2.81035268223903,0.0468392113706505,combined_maximum_sharpe__sample_ridge,,,,,,,,,
combined_maximum_sharpe,Combined Maximum Sharpe,combined,maximum_sharpe,monthly,31,2023-07-03,2022-06-30,2023-06-30,2023-07-03,252,252,60,0.22969194743699603,0.00022969194743699604,10.0,sample_ridge,,1200.8839779487605,9.43331720504861,1200.8833950209728,0.0032362173452965535,1.5722195184525737e-09,-0.4050686877913898,1.2823855441728425,True,0,Optimization terminated successfully,12,3,-2.7260447693848477,0.6206836699733205,0.22768652846203344,2.7260447693848477,3.5427216715788745e-13,0.0,0.0,0.10081314093194553,0.1727527356221459,0.09362091395813207,0.043102507992782785,2.732150030887,0.045535833848116665,combined_maximum_sharpe__sample_ridge,,,,,,,,,
combined_maximum_sharpe,Combined Maximum Sharpe,combined,maximum_sharpe,monthly,32,2023-08-01,2022-07-29,2023-07-31,2023-08-01,252,252,60,0.18463815101828895,0.00018463815101828896,10.0,sample_ridge,,1224.496672314361,9.726061270141216,1224.4960377248765,0.00312532848267032,1.6210101954801005e-09,-0.4257137157133368,1.4045880045311487,True,0,Optimization terminated successfully,13,3,-2.7010607001515856,0.5784674150992348,0.21416305641216088,2.7010607001515856,2.9598545836506673e-13,0.0,0.0,0.09999999999996186,0.14609431484347457,0.09061428304487001,0.04192983215882531,3.2876249971882707,0.05479374995313784,combined_maximum_sharpe__sample_ridge,,,,,,,,,
combined_maximum_sharpe,Combined Maximum Sharpe,combined,maximum_sharpe,monthly,33,2023-09-01,2022-08-31,2023-08-31,2023-09-01,252,252,60,0.16761481479949855,0.00016761481479949855,10.0,sample_ridge,,1081.8206752221295,9.377587196601691,1081.8201815904176,0.0034220823032751913,1.562931183804303e-09,-0.43813560969970056,1.3175303418143658,True,0,Optimization terminated successfully,12,3,-2.818735098339489,0.5214602910910933,0.184997977070738,2.818735098339489,2.5623947408348613e-12,0.0,0.0,0.1,0.09761933101591137,0.08991913147874256,0.03840413567214832,4.055867355219964,0.06759778925366607,combined_maximum_sharpe__sample_ridge,,,,,,,,,
combined_maximum_sharpe,Combined Maximum Sharpe,combined,maximum_sharpe,monthly,34,2023-10-02,2022-09-29,2023-09-29,2023-10-02,252,252,60,0.19607241316229557,0.00019607241316229557,10.0,sample_ridge,,972.0020640065264,8.745983435227723,972.001657314027,0.0034802575570385586,1.4576638912946484e-09,-0.43345810393913387,1.3764609828460026,True,0,Optimization terminated successfully,11,3,-3.2336015054967904,0.5822160728013479,0.180051893163595,3.23360150549679,8.482103908136196e-14,0.0,0.0,0.1,0.07482747222789067,0.09319750612583343,0.040705042385944724,4.2895940475727485,0.07149323412621247,combined_maximum_sharpe__sample_ridge,,,,,,,,,
combined_maximum_sharpe,Combined Maximum Sharpe,combined,maximum_sharpe,monthly,35,2023-11-01,2022-10-31,2023-10-31,2023-11-01,252,252,60,0.34409047004750104,0.00034409047004750105,10.0,sample_ridge,,940.1629121255501,8.394732475838616,940.1625344027392,0.003478750874149747,1.3991220653152154e-09,-0.4631479082031792,1.221485025665576,True,0,Optimization terminated successfully,13,3,-2.5660066944756896,0.475721350554586,0.18539365138008332,2.5660066944756896,1.1166623181679824e-12,0.0,0.0,0.1,0.11832648971077511,0.09174866301514616,0.0457951855430955,3.991915120101906,0.0665319186683651,combined_maximum_sharpe__sample_ridge,,,,,,,,,
combined_maximum_sharpe,Combined Maximum Sharpe,combined,maximum_sharpe,monthly,36,2023-12-01,2022-11-30,2023-11-30,2023-12-01,252,252,60,0.46100960970554866,0.00046100960970554865,10.0,sample_ridge,,718.9238616587598,7.481652148752392,718.9236053277319,0.0034923959148081317,1.2469420123226453e-09,-0.2766021355118453,1.2222043695132911,True,0,Optimization terminated successfully,15,3,-2.900958711250885,0.5243378893068976,0.18074641575329578,2.900958711250885,2.4291679778798425e-13,0.0,0.0,0.1185197509429478,0.16834039099943887,0.09160707857177523,0.04104922753992258,4.583316234067077,0.07638860390111794,combined_maximum_sharpe__sample_ridge,,,,,,,,,
combined_minimum_variance,Combined Minimum Variance,combined,minimum_variance,monthly,1,2021-01-04,2020-01-03,2020-12-31,2021-01-04,252,252,60,1.0,0.001,10.0,ledoit_wolf,0.08876369462569375,1033.4140189789068,21.073621130405595,217.7555286247138,0.039461066632683076,0.0,-0.3492732395247833,1.982593873089236,True,0,Optimization terminated successfully,17,1,0.058134296135289455,0.23944712000767876,0.2411105475405202,0.9931009756735678,2.220446049250313e-16,0.0,0.0,0.1,0.0027191362732565077,0.08752257947693684,0.03412609521873331,4.907659930650597,0.08179433217750995,combined_minimum_variance__ledoit_wolf,,,,,,,,,
combined_minimum_variance,Combined Minimum Variance,combined,minimum_variance,monthly,2,2021-02-01,2020-01-31,2021-01-29,2021-02-01,252,252,60,0.0250607340007549,2.50607340007549e-05,10.0,ledoit_wolf,0.08539077514609163,1091.1159806064534,22.359141071992603,225.64766039831733,0.04008079733016171,0.0,-0.23740683868214907,2.7597000301127537,True,0,Optimization terminated successfully,13,1,0.058966648895858474,0.22921351817311025,0.2428304941638477,0.9439239456410713,0.0,0.0,0.0,0.1,1.1260112884255943e-16,0.08870871280970172,0.03444511022864144,5.439030884856709,0.09065051474761181,combined_minimum_variance__ledoit_wolf,,,,,,,,,
combined_minimum_variance,Combined Minimum Variance,combined,minimum_variance,monthly,3,2021-03-01,2020-02-28,2021-02-26,2021-03-01,252,252,60,0.03128074358499169,3.128074358499169e-05,10.0,ledoit_wolf,0.08618684611124942,1144.0404576090773,22.923502600296956,220.98550219386757,0.04077601298952416,0.0,-0.09602128620994455,2.9761046427603395,True,0,Optimization terminated successfully,15,1,0.05756386543081344,0.24202732772185728,0.2399247078372993,1.0087636654995276,4.440892098500626e-16,0.0,0.0,0.1,1.2089697251037308e-16,0.08873355763454621,0.03445140818632118,5.716717375903134,0.09527862293171889,combined_minimum_variance__ledoit_wolf,,,,,,,,,
combined_minimum_variance,Combined Minimum Variance,combined,minimum_variance,monthly,4,2021-04-01,2020-04-01,2021-03-31,2021-04-01,252,252,60,0.2545273530562892,0.0002545273530562892,10.0,ledoit_wolf,0.06069859968191399,662.0121449886715,15.477788259743535,217.9737690495713,0.02330908664035891,0.0,-0.060127039234835644,2.867691654241286,True,0,Optimization terminated successfully,22,1,0.021867721712575908,0.3128833005901603,0.14787738742815246,2.1158292422644904,1.1102230246251565e-16,0.0,0.0,0.1,0.018435693980603043,0.08218696444335163,0.03287011420977794,11.18498881137989,0.18641648018966483,combined_minimum_variance__ledoit_wolf,,,,,,,,,
combined_minimum_variance,Combined Minimum Variance,combined,minimum_variance,monthly,5,2021-05-03,2020-05-01,2021-04-30,2021-05-03,252,252,60,0.15573835313231515,0.00015573835313231516,10.0,ledoit_wolf,0.0598780300615997,797.3613484584146,15.238497536661002,240.91312797497022,0.021764255627977024,0.0,-0.2081438801394524,2.7040908911882555,True,0,Optimization terminated successfully,22,1,0.014774073761581128,0.24776538372618995,0.12154864771597061,2.038405102664383,1.1102230246251565e-16,0.0,0.0,0.09999999999999999,0.01793395891641199,0.07502990141356203,0.03098531315856915,13.681563606345032,0.22802606010575052,combined_minimum_variance__ledoit_wolf,,,,,,,,,
combined_minimum_variance,Combined Minimum Variance,combined,minimum_variance,monthly,6,2021-06-01,2020-06-01,2021-05-28,2021-06-01,252,252,60,0.09991313077894445,9.991313077894445e-05,10.0,ledoit_wolf,0.054998453776613956,1412.0342280329962,19.060955930437192,359.6331608604526,0.023426109865477107,0.0,-0.09446757920356907,2.5441974199957964,True,0,Optimization terminated successfully,21,1,0.01380657190510321,0.18390818126922923,0.11750136980096534,1.5651577643796823,0.0,0.0,0.0,0.1,0.00567122861163602,0.07267020847594141,0.03037188209982329,13.223200220863646,0.22038667034772744,combined_minimum_variance__ledoit_wolf,,,,,,,,,
combined_minimum_variance,Combined Minimum Variance,combined,minimum_variance,monthly,7,2021-07-01,2020-07-01,2021-06-30,2021-07-01,252,252,60,0.14900456862475575,0.00014900456862475576,10.0,ledoit_wolf,0.0482772293644948,1689.7173417506071,19.176109914380064,440.4928541706896,0.020857779519215566,0.0,-0.04517062980827402,2.4942228399591873,True,0,Optimization terminated successfully,24,1,0.011096368339130046,0.25501395383645614,0.10533930101880326,2.4208813934595566,0.0,0.0,0.0,0.1,0.0075071607045621895,0.06533004360466461,0.028315840173244764,12.80163854142013,0.21336064235700217,combined_minimum_variance__ledoit_wolf,,,,,,,,,
combined_minimum_variance,Combined Minimum Variance,combined,minimum_variance,monthly,8,2021-08-02,2020-07-31,2021-07-30,2021-08-02,252,252,60,0.06803504615993028,6.803504615993028e-05,10.0,ledoit_wolf,0.046902272057899694,1995.455148305402,18.97454042649675,478.2533415670675,0.019498213433582875,0.0,-0.03111480254552568,2.133926362043439,True,0,Optimization terminated successfully,26,1,0.010883024170489872,0.23682233843021683,0.10432173393157282,2.270115051821842,1.1102230246251565e-16,0.0,0.0,0.1,0.007316545636567309,0.06290588141398204,0.027582009234604042,15.139022752839075,0.25231704588065124,combined_minimum_variance__ledoit_wolf,,,,,,,,,
combined_minimum_variance,Combined Minimum Variance,combined,minimum_variance,monthly,9,2021-09-01,2020-09-01,2021-08-31,2021-09-01,252,252,60,0.052062164642214574,5.206216464221457e-05,10.0,ledoit_wolf,0.04470471483896858,2130.423351434478,19.12010475411857,511.0935437625138,0.018733505319765736,0.0,-0.07863987065770972,2.5355819840145335,True,0,Optimization terminated successfully,26,1,0.010706416921213565,0.21757151012945886,0.10347181703832965,2.1027127613779375,1.1102230246251565e-16,0.0,0.0,0.1,0.007499516724939586,0.06357434762743612,0.02781468079818086,16.443055963131005,0.2740509327188501,combined_minimum_variance__ledoit_wolf,,,,,,,,,
combined_minimum_variance,Combined Minimum Variance,combined,minimum_variance,monthly,10,2021-10-01,2020-10-01,2021-09-30,2021-10-01,252,252,60,0.1457284822068351,0.0001457284822068351,10.0,ledoit_wolf,0.04109934895611386,2463.798347830006,19.20084579535386,583.7562814557518,0.01722920897021054,0.0,-0.12416434745014902,2.3815964347981127,True,0,Optimization terminated successfully,25,1,0.009484147077792618,0.14684089571884867,0.09738658571791403,1.5078143939061788,0.0,0.0,0.0,0.1,2.5825463799081122e-17,0.06385422504336784,0.027992626654384546,15.35222277406667,0.2558703795677778,combined_minimum_variance__ledoit_wolf,,,,,,,,,
combined_minimum_variance,Combined Minimum Variance,combined,minimum_variance,monthly,11,2021-11-01,2020-10-30,2021-10-29,2021-11-01,252,252,60,0.1523584368644419,0.0001523584368644419,10.0,ledoit_wolf,0.03972422511227894,2619.1187078079533,19.261636975459318,615.7987764418074,0.016666192717023763,0.0,-0.03804484144889364,2.5476784819297986,True,0,Optimization terminated successfully,25,1,0.00885598743285026,0.23904629736966088,0.09410625607710818,2.540174344772495,2.220446049250313e-16,0.0,0.0,0.08783619024756109,3.164169238082459e-17,0.05655400032320692,0.02578403076303939,14.879378705929039,0.24798964509881732,combined_minimum_variance__ledoit_wolf,,,,,,,,,
combined_minimum_variance,Combined Minimum Variance,combined,minimum_variance,monthly,12,2021-12-01,2020-12-01,2021-11-30,2021-12-01,252,252,60,0.1575074837302399,0.0001575074837302399,10.0,ledoit_wolf,0.03900471806537276,2669.719085657815,18.35386665972874,642.8829839527228,0.01571005462818365,0.0,-0.17349452421536093,1.9218005257051143,True,0,Optimization terminated successfully,25,1,0.008498864394965108,0.14385731852516348,0.09218928568421118,1.560455940812233,2.220446049250313e-16,0.0,0.0,0.09046953710150502,1.96277106804975e-17,0.0519547568437382,0.024251386546294385,14.150042901060703,0.2358340483510117,combined_minimum_variance__ledoit_wolf,,,,,,,,,
combined_minimum_variance,Combined Minimum Variance,combined,minimum_variance,monthly,13,2022-01-03,2021-01-04,2021-12-31,2022-01-03,252,252,60,0.09704938305896252,9.704938305896252e-05,10.0,ledoit_wolf,0.04104013250442011,2666.6247079653226,17.628040392591387,613.0954115968293,0.015651632535939694,0.0,-0.12605950714046,1.882587306240429,True,0,Optimization terminated successfully,25,1,0.009151581976242346,0.18154991288731748,0.09566390111344167,1.8977891427616893,0.0,0.0,0.0,0.08965962738181682,3.4160515549120045e-17,0.05205068076316034,0.024284036988656145,13.428349195325927,0.22380581992209878,combined_minimum_variance__ledoit_wolf,,,,,,,,,
combined_minimum_variance,Combined Minimum Variance,combined,minimum_variance,monthly,14,2022-02-01,2021-02-02,2022-01-31,2022-02-01,252,252,60,0.20007095687293272,0.00020007095687293272,10.0,ledoit_wolf,0.039147152205618076,2851.3428451164423,16.184943242641992,657.8915120167239,0.013722372452484036,0.0,-0.26246068625737806,1.7523508442205948,True,0,Optimization terminated successfully,30,1,0.009022035465480756,0.17803054274920252,0.09498439590522623,1.8743135759566054,1.1102230246251565e-16,0.0,0.0,0.08175382800192944,2.220231325605697e-17,0.04938534105097725,0.023352467756292506,11.887969550892793,0.1981328258482132,combined_minimum_variance__ledoit_wolf,,,,,,,,,
combined_minimum_variance,Combined Minimum Variance,combined,minimum_variance,monthly,15,2022-03-01,2021-03-02,2022-02-28,2022-03-01,252,252,60,0.1951868220480237,0.0001951868220480237,10.0,ledoit_wolf,0.04083156471630448,2501.83520665403,15.582614851407829,618.3439791535667,0.01408012732212793,0.0,-0.46865655744791945,1.8126264661629579,True,0,Optimization terminated successfully,29,1,0.009114236424003611,0.13629790203840356,0.09546851011722982,1.4276739196101165,2.220446049250313e-16,0.0,0.0,0.1,2.425438048164257e-17,0.05757704143682999,0.026035253377261945,11.468614751772698,0.19114357919621164,combined_minimum_variance__ledoit_wolf,,,,,,,,,
combined_minimum_variance,Combined Minimum Variance,combined,minimum_variance,monthly,16,2022-04-01,2021-04-05,2022-03-31,2022-04-01,252,252,60,0.1325648722694276,0.00013256487226942759,10.0,ledoit_wolf,0.04108953632324118,2657.789451460922,15.44665381007546,624.8944067660148,0.013824727650040782,0.0,-0.30439771676211014,1.885652709704718,True,0,Optimization terminated successfully,28,1,0.008945098253045299,0.1472985840648789,0.09457852955637076,1.5574209575449773,0.0,0.0,0.0,0.1,3.395622641301703e-17,0.057527497597278106,0.026039019348067752,11.404945543362874,0.19008242572271458,combined_minimum_variance__ledoit_wolf,,,,,,,,,
combined_minimum_variance,Combined Minimum Variance,combined,minimum_variance,monthly,17,2022-05-02,2021-05-03,2022-04-29,2022-05-02,252,252,60,0.19612104995570268,0.0001961210499557027,10.0,ledoit_wolf,0.04342339610381286,2268.0720529882974,14.558935723937584,575.6957897888898,0.014114664590138852,0.0,-0.8113680578388313,0.9388799704010586,True,0,Optimization terminated successfully,29,1,0.010641296043432585,0.0800315507862913,0.1031566577756016,0.7758253564242579,0.0,0.0,0.0,0.09838568437858879,1.5261877127328077e-17,0.06358819329149541,0.02796485437425642,9.20101029407679,0.1533501715679465,combined_minimum_variance__ledoit_wolf,,,,,,,,,
combined_minimum_variance,Combined Minimum Variance,combined,minimum_variance,monthly,18,2022-06-01,2021-06-02,2022-05-31,2022-06-01,252,252,60,0.21100484678590598,0.00021100484678590598,10.0,ledoit_wolf,0.025527798525818803,1749.1178335346817,11.381945014173247,707.6230103003192,0.00812815888007031,0.0,-1.3313647804876834,1.0545687899640876,True,0,Optimization terminated successfully,32,1,0.01174311023025764,0.08528005606954557,0.10836563214533305,0.7869658892883439,0.0,0.0,0.0,0.1,0.008161258211828356,0.07149735125919307,0.03004697776344128,7.981908223328539,0.13303180372214232,combined_minimum_variance__ledoit_wolf,,,,,,,,,
combined_minimum_variance,Combined Minimum Variance,combined,minimum_variance,monthly,19,2022-07-01,2021-07-01,2022-06-30,2022-07-01,252,252,60,0.13680420208720576,0.00013680420208720575,10.0,ledoit_wolf,0.0247849681423073,1728.2907180182563,11.348958126382866,709.7703344744926,0.007950397129348833,0.0,-1.3731545680323536,0.8011361548468544,True,0,Optimization terminated successfully,32,1,0.013876757544952796,0.024814194747478813,0.11779965002050216,0.21064744032057892,2.220446049250313e-16,0.0,0.0,0.1,2.4611708233520065e-17,0.07006049226871087,0.029609277094179196,7.341144877012951,0.12235241461688252,combined_minimum_variance__ledoit_wolf,,,,,,,,,
combined_minimum_variance,Combined Minimum Variance,combined,minimum_variance,monthly,20,2022-08-01,2021-07-30,2022-07-29,2022-08-01,252,252,60,0.07591624395388491,7.591624395388491e-05,10.0,ledoit_wolf,0.025663802768052475,1745.9284225597828,11.921663482890061,694.7645720326063,0.008464743779799864,0.0,-1.124999905167706,1.0610827829850287,True,0,Optimization terminated successfully,29,1,0.014345696886029519,0.018135053592109946,0.11977352330974288,0.1514112058406381,2.220446049250313e-16,0.0,0.0,0.1,2.3812822413488702e-17,0.07179835832977649,0.03012232458213647,7.383173718458701,0.12305289530764502,combined_minimum_variance__ledoit_wolf,,,,,,,,,
combined_minimum_variance,Combined Minimum Variance,combined,minimum_variance,monthly,21,2022-09-01,2021-09-01,2022-08-31,2022-09-01,252,252,60,0.10551653955059223,0.00010551653955059223,10.0,ledoit_wolf,0.026658598374328175,1737.9831184875734,11.836412348283574,671.5386920660545,0.008565712953847587,0.0,-1.791651518649385,1.1828191271343909,True,0,Optimization terminated successfully,32,1,0.015041999877365623,0.037762915903852216,0.12264583106394454,0.3079021567733807,0.0,0.0,0.0,0.09999999999999999,3.5589559044422465e-17,0.07333982141144438,0.03053999515335848,8.04970635625336,0.13416177260422266,combined_minimum_variance__ledoit_wolf,,,,,,,,,
combined_minimum_variance,Combined Minimum Variance,combined,minimum_variance,monthly,22,2022-10-03,2021-10-01,2022-09-30,2022-10-03,252,252,60,0.13029625304295347,0.00013029625304295347,10.0,ledoit_wolf,0.027902055565709148,1698.881325240989,11.695044070497143,626.4066840241724,0.008610078502406549,0.0,-1.6131078797075316,0.8913308032260187,True,0,Optimization terminated successfully,30,1,0.017297484004029525,0.04287713415864468,0.13151989965031727,0.32601252185141283,2.220446049250313e-16,0.0,0.0,0.1,2.0961988396642498e-17,0.07991214934437563,0.032338169674103134,8.017213356949654,0.13362022261582757,combined_minimum_variance__ledoit_wolf,,,,,,,,,
combined_minimum_variance,Combined Minimum Variance,combined,minimum_variance,monthly,23,2022-11-01,2021-11-01,2022-10-31,2022-11-01,252,252,60,0.12415111929380375,0.00012415111929380376,10.0,ledoit_wolf,0.028741651521264105,1529.693039460691,11.821434171273443,579.4114482987391,0.009109585349102386,0.0,-1.7028483801535979,0.9320822595695339,True,0,Optimization terminated successfully,26,1,0.01996840090262522,0.11430472167175691,0.14130959239423635,0.8088957001083183,2.220446049250313e-16,0.0,0.0,0.1,0.008534244264950468,0.08273703773469575,0.03294018871191373,7.258510011710367,0.12097516686183946,combined_minimum_variance__ledoit_wolf,,,,,,,,,
combined_minimum_variance,Combined Minimum Variance,combined,minimum_variance,monthly,24,2022-12-01,2021-12-01,2022-11-30,2022-12-01,252,252,60,0.10845245730231017,0.00010845245730231017,10.0,ledoit_wolf,0.030278413911618486,1741.480456821167,12.462109492676094,608.5455884945641,0.009661346133551905,0.0,-1.4992075946870713,1.012398262304997,True,0,Optimization terminated successfully,27,1,0.02062767555481387,0.24570380629102914,0.14362338094758065,1.7107507473362265,2.220446049250313e-16,0.0,0.0,0.1,5.142132189437994e-17,0.0805513490406717,0.03212295204070081,6.8631701793767315,0.11438616965627886,combined_minimum_variance__ledoit_wolf,,,,,,,,,
combined_minimum_variance,Combined Minimum Variance,combined,minimum_variance,monthly,25,2023-01-03,2021-12-31,2022-12-30,2023-01-03,252,252,60,0.051427742033237786,5.142774203323779e-05,10.0,ledoit_wolf,0.0317230570940032,1687.722226352582,12.156314476397831,581.2232498721739,0.009797567408864626,0.0,-1.6878110548244987,0.9359017507349877,True,0,Optimization terminated successfully,30,1,0.020764983051993022,0.12893939801553084,0.14410060045674003,0.8947873749786304,0.0,0.0,0.0,0.1,0.002759368983941896,0.08079392406743986,0.032187008496410784,6.662329694861317,0.11103882824768861,combined_minimum_variance__ledoit_wolf,,,,,,,,,
combined_minimum_variance,Combined Minimum Variance,combined,minimum_variance,monthly,26,2023-02-01,2022-01-31,2023-01-31,2023-02-01,252,252,60,0.0478543155392399,4.78543155392399e-05,10.0,ledoit_wolf,0.03183634407152668,1534.2633133226127,12.00252509438048,562.0625628479148,0.010043968785024992,0.0,-0.9061169181647154,0.6931753816190576,True,0,Optimization terminated successfully,26,1,0.02119712307217587,0.12486810671474577,0.14559231803970932,0.8576558735790499,0.0,0.0,0.0,0.1,0.004306495442676528,0.08189412156694233,0.032565046654722214,7.278407119886543,0.12130678533144239,combined_minimum_variance__ledoit_wolf,,,,,,,,,
combined_minimum_variance,Combined Minimum Variance,combined,minimum_variance,monthly,27,2023-03-01,2022-02-28,2023-02-28,2023-03-01,252,252,60,0.08040079020272592,8.040079020272591e-05,10.0,ledoit_wolf,0.033242433084284866,1718.4039056567437,11.661427054864266,565.9393455013867,0.009628045188344075,0.0,-1.0331553358389942,0.560747599864184,True,0,Optimization terminated successfully,28,1,0.02106247697234609,0.07503747668172084,0.14512917340199416,0.5170392342404796,0.0,0.0,0.0,0.1,3.153440596824626e-17,0.08714664933321122,0.034073598920067574,7.276443243768481,0.12127405406280803,combined_minimum_variance__ledoit_wolf,,,,,,,,,
combined_minimum_variance,Combined Minimum Variance,combined,minimum_variance,monthly,28,2023-04-03,2022-03-31,2023-03-31,2023-04-03,252,252,60,0.05899059464040671,5.899059464040671e-05,10.0,ledoit_wolf,0.03320638573773062,1617.68167209737,11.5235751283302,557.2454560211943,0.009722938957983243,0.0,-1.1728849366405165,0.4041887312530835,True,0,Optimization terminated successfully,26,1,0.021602409017157112,0.04894374227326819,0.14697757998129207,0.33300141613093615,2.220446049250313e-16,0.0,0.0,0.1,1.609824394105561e-17,0.083186977526032,0.03287546490401845,7.393086128178005,0.12321810213630009,combined_minimum_variance__ledoit_wolf,,,,,,,,,
combined_minimum_variance,Combined Minimum Variance,combined,minimum_variance,monthly,29,2023-05-01,2022-04-28,2023-04-28,2023-05-01,252,252,60,0.05885480272763577,5.885480272763577e-05,10.0,ledoit_wolf,0.03571976631643648,1653.5205264697008,11.12262880536652,528.2730078528022,0.009724417611864157,0.0,-0.8606587353755566,0.5858993506629674,True,0,Optimization terminated successfully,23,1,0.021455876750197576,0.056963894530837264,0.14647824667914883,0.38888978959184983,0.0,0.0,0.0,0.1,2.1294020612399867e-17,0.08181184389024031,0.03242585932914644,7.868087325618281,0.13113478876030468,combined_minimum_variance__ledoit_wolf,,,,,,,,,
combined_minimum_variance,Combined Minimum Variance,combined,minimum_variance,monthly,30,2023-06-01,2022-05-31,2023-05-31,2023-06-01,252,252,60,0.11059069085347395,0.00011059069085347395,10.0,ledoit_wolf,0.04178249267865943,1381.8653047969065,9.796146602086488,422.91726097330826,0.009823236757488172,0.0,-0.45545680673063427,0.9143758820515224,True,0,Optimization terminated successfully,28,1,0.018971269329260305,-0.012046542287830453,0.13773623099700494,-0.0874609549036695,0.0,0.0,0.0,0.1,8.703739454489024e-18,0.08289542732410608,0.032595378811301555,7.163168626348842,0.1193861437724807,combined_minimum_variance__ledoit_wolf,,,,,,,,,
combined_minimum_variance,Combined Minimum Variance,combined,minimum_variance,monthly,31,2023-07-03,2022-06-30,2023-06-30,2023-07-03,252,252,60,0.12190946997326688,0.00012190946997326687,10.0,ledoit_wolf,0.046969729647794875,1200.8839779487605,9.395883312657043,354.4947962479417,0.010427340974869087,0.0,-0.4050686877913898,1.2823855441728425,True,0,Optimization terminated successfully,26,1,0.016408253242202867,0.06271110576621466,0.1280947041926514,0.4895682937203918,2.220446049250313e-16,0.0,0.0,0.1,0.03697423102010076,0.08026860936338519,0.032008877338472325,9.259646427662409,0.15432744046104013,combined_minimum_variance__ledoit_wolf,,,,,,,,,
combined_minimum_variance,Combined Minimum Variance,combined,minimum_variance,monthly,32,2023-08-01,2022-07-29,2023-07-31,2023-08-01,252,252,60,0.06770230184681258,6.770230184681258e-05,10.0,ledoit_wolf,0.10091191816026106,1224.496672314361,9.687465692035838,180.36043412156,0.01909180597946615,0.0,-0.4257137157133368,1.4045880045311487,True,0,Optimization terminated successfully,24,1,0.015908947537681076,0.06537763029998309,0.1261306764339313,0.51833251155383,1.1102230246251565e-16,0.0,0.0,0.1,0.03276285243451052,0.07758506187434648,0.031531287241200676,9.768716194061092,0.16281193656768486,combined_minimum_variance__ledoit_wolf,,,,,,,,,
combined_minimum_variance,Combined Minimum Variance,combined,minimum_variance,monthly,33,2023-09-01,2022-08-31,2023-08-31,2023-09-01,252,252,60,0.047201120137692405,4.720112013769241e-05,10.0,ledoit_wolf,0.1060806122829069,1081.8206752221295,9.340374455592384,169.35606418162348,0.01956080252934704,0.0,-0.43813560969970056,1.3175303418143658,True,0,Optimization terminated successfully,22,1,0.015493189596819869,0.08667864079673306,0.12447164173746511,0.6963726001104344,1.1102230246251565e-16,0.0,0.0,0.1,0.032627902504798696,0.07398294949291773,0.03044501395342767,9.936040664589111,0.16560067774315185,combined_minimum_variance__ledoit_wolf,,,,,,,,,
combined_minimum_variance,Combined Minimum Variance,combined,minimum_variance,monthly,34,2023-10-02,2022-09-29,2023-09-29,2023-10-02,252,252,60,0.057542476535885886,5.7542476535885885e-05,10.0,ledoit_wolf,0.12318025009128128,972.0020640065264,8.711277064641827,142.0508240264789,0.020923736052326,0.0,-0.43345810393913387,1.3764609828460026,True,0,Optimization terminated successfully,23,1,0.013703051796101762,0.1364640721336314,0.11706003500811779,1.1657614157057787,2.220446049250313e-16,0.0,0.0,0.1,0.03413572702898091,0.07152159557390998,0.029890780854456487,10.887014451491957,0.1814502408581993,combined_minimum_variance__ledoit_wolf,,,,,,,,,
combined_minimum_variance,Combined Minimum Variance,combined,minimum_variance,monthly,35,2023-11-01,2022-10-31,2023-10-31,2023-11-01,252,252,60,0.129425867691622,0.00012942586769162202,10.0,ledoit_wolf,0.13232338914120753,940.1629121255501,8.361419961764739,132.65454435399857,0.021446642115688842,0.0,-0.4631479082031792,1.221485025665576,True,0,Optimization terminated successfully,23,1,0.011263238608652195,0.03500352424175043,0.10612840622873876,0.32982238672563563,0.0,0.0,0.0,0.1,0.013677751245821273,0.06353376704452221,0.027755752372402263,12.157682661376086,0.2026280443562681,combined_minimum_variance__ledoit_wolf,,,,,,,,,
combined_minimum_variance,Combined Minimum Variance,combined,minimum_variance,monthly,36,2023-12-01,2022-11-30,2023-11-30,2023-12-01,252,252,60,0.1441245685994394,0.0001441245685994394,10.0,ledoit_wolf,0.17080755618151275,718.9238616587598,7.451962978404381,86.9288441620285,0.02409856881758248,0.0,-0.2766021355118453,1.2222043695132911,True,0,Optimization terminated successfully,23,1,0.009847378820668447,0.06982612395655302,0.09923396001706497,0.7036514913296338,2.220446049250313e-16,0.0,0.0,0.1,0.03530337673522432,0.05933979730648926,0.026527683598450664,11.36673746905581,0.1894456244842635,combined_minimum_variance__ledoit_wolf,,,,,,,,,
combined_minimum_variance,Combined Minimum Variance,combined,minimum_variance,monthly,1,2021-01-04,2020-01-03,2020-12-31,2021-01-04,252,252,60,1.0,0.001,10.0,sample_ridge,,1033.4140189789068,21.157579991903326,1033.413620149154,0.009128114582134406,3.526263296721254e-09,-0.3492732395247833,1.982593873089236,True,0,Optimization terminated successfully,18,1,0.0609390255510732,0.24257212550243182,0.2468583106785615,0.9826370634865488,6.661338147750939e-16,0.0,0.0,0.1,1.974015989536307e-16,0.09309194684052804,0.035534037903161585,4.2797806549499064,0.07132967758249845,combined_minimum_variance__sample_ridge,,,,,,,,,
combined_minimum_variance,Combined Minimum Variance,combined,minimum_variance,monthly,2,2021-02-01,2020-01-31,2021-01-29,2021-02-01,252,252,60,0.02547180863121778,2.5471808631217783e-05,10.0,sample_ridge,,1091.1159806064534,22.44822153978953,1091.1155307785195,0.00906686119653018,3.741370219217885e-09,-0.23740683868214907,2.7597000301127537,True,0,Optimization terminated successfully,19,1,0.06157307848907078,0.2324661397620627,0.24813923206351465,0.9368375078333433,4.440892098500626e-16,0.0,0.0,0.1,9.411819005733606e-17,0.09212675008879484,0.03525630113134139,4.710980854084793,0.07851634756807989,combined_minimum_variance__sample_ridge,,,,,,,,,
combined_minimum_variance,Combined Minimum Variance,combined,minimum_variance,monthly,3,2021-03-01,2020-02-28,2021-02-26,2021-03-01,252,252,60,0.03849657553350199,3.849657553350199e-05,10.0,sample_ridge,,1144.0404576090773,23.014831526063983,1144.0399490852305,0.008621976286872026,3.835805215985945e-09,-0.09602128620994455,2.9761046427603395,True,0,Optimization terminated successfully,17,1,0.05996512452411662,0.2497123595481381,0.24487777466343616,1.0197428488205869,4.440892098500626e-16,0.0,0.0,0.1,3.4176198037147817e-17,0.09239536756398316,0.03532398314378002,4.897504634383577,0.08162507723972628,combined_minimum_variance__sample_ridge,,,,,,,,,
combined_minimum_variance,Combined Minimum Variance,combined,minimum_variance,monthly,4,2021-04-01,2020-04-01,2021-03-31,2021-04-01,252,252,60,0.26369299458212647,0.0002636929945821265,10.0,sample_ridge,,662.0121449886715,15.539452910196802,662.0119356502846,0.008177961042976675,2.5899087924670455e-09,-0.060127039234835644,2.867691654241286,True,0,Optimization terminated successfully,22,1,0.021914422802410443,0.29879377559615306,0.14803520798246086,2.0183967021652984,2.220446049250313e-16,0.0,0.0,0.1,0.016309003824992546,0.09134646271337216,0.035206609404378544,10.180351001885553,0.16967251669809255,combined_minimum_variance__sample_ridge,,,,,,,,,
combined_minimum_variance,Combined Minimum Variance,combined,minimum_variance,monthly,5,2021-05-03,2020-05-01,2021-04-30,2021-05-03,252,252,60,0.14273600985508186,0.00014273600985508186,10.0,sample_ridge,,797.3613484584146,15.299208835217478,797.3610584587759,0.00700213425586742,2.5498681137042323e-09,-0.2081438801394524,2.7040908911882555,True,0,Optimization terminated successfully,30,1,0.0145128336691859,0.24346102199645295,0.1204692229126838,2.020939590296135,1.1102230246251565e-16,0.0,0.0,0.1,0.017329978939900858,0.08104007742400145,0.03255201260103226,12.20334435447721,0.20338907257462016,combined_minimum_variance__sample_ridge,,,,,,,,,
combined_minimum_variance,Combined Minimum Variance,combined,minimum_variance,monthly,6,2021-06-01,2020-06-01,2021-05-28,2021-06-01,252,252,60,0.10330617501423346,0.00010330617501423347,10.0,sample_ridge,,1412.0342280329962,19.13689618527403,1412.0335165734627,0.0063256854156733084,3.1894826656508454e-09,-0.09446757920356907,2.5441974199957964,True,0,Optimization terminated successfully,30,1,0.013222940157518407,0.17754531379559996,0.1149910438143702,1.543992539820849,2.220446049250313e-16,0.0,0.0,0.1,0.005470513985822822,0.0822640035863027,0.03288284020428841,11.82592027934057,0.19709867132234285,combined_minimum_variance__sample_ridge,,,,,,,,,
combined_minimum_variance,Combined Minimum Variance,combined,minimum_variance,monthly,7,2021-07-01,2020-07-01,2021-06-30,2021-07-01,252,252,60,0.14771702498027386,0.00014771702498027388,10.0,sample_ridge,,1689.7173417506071,19.25250895118555,1689.7163954840023,0.005726371633277819,3.2087514597767435e-09,-0.04517062980827402,2.4942228399591873,True,0,Optimization terminated successfully,29,1,0.010561426476984902,0.24794051380513993,0.10276880108761073,2.4126049071426827,1.1102230246251565e-16,0.0,0.0,0.1,0.007376456175679809,0.07485499227705089,0.03070486823958392,11.423806370969956,0.19039677284949927,combined_minimum_variance__sample_ridge,,,,,,,,,
combined_minimum_variance,Combined Minimum Variance,combined,minimum_variance,monthly,8,2021-08-02,2020-07-31,2021-07-30,2021-08-02,252,252,60,0.06939377519846243,6.939377519846243e-05,10.0,sample_ridge,,1995.455148305402,19.050136395589725,1995.4538598721672,0.004914837793726759,3.1750227008480616e-09,-0.03111480254552568,2.133926362043439,True,0,Optimization terminated successfully,34,1,0.010377736577700244,0.23628233063993634,0.1018711763832157,2.319422814468119,2.220446049250313e-16,0.0,0.0,0.09999999999999999,0.0071745877086889474,0.07672875075336005,0.031267015471327424,13.813367242335667,0.23022278737226112,combined_minimum_variance__sample_ridge,,,,,,,,,
combined_minimum_variance,Combined Minimum Variance,combined,minimum_variance,monthly,9,2021-09-01,2020-09-01,2021-08-31,2021-09-01,252,252,60,0.05393455334461687,5.3934553344616874e-05,10.0,sample_ridge,,2130.423351434478,19.19628066223325,2130.421906888042,0.004716244829139146,3.1993800783784072e-09,-0.07863987065770972,2.5355819840145335,True,0,Optimization terminated successfully,31,1,0.01019867800952964,0.2164055877984371,0.10098850434346297,2.1428734805541767,3.3306690738754696e-16,0.0,0.0,0.1,0.007776928338787827,0.07691714958811538,0.031292108239858736,14.844127788075703,0.24740212980126172,combined_minimum_variance__sample_ridge,,,,,,,,,
combined_minimum_variance,Combined Minimum Variance,combined,minimum_variance,monthly,10,2021-10-01,2020-10-01,2021-09-30,2021-10-01,252,252,60,0.17153041729927274,0.00017153041729927275,10.0,sample_ridge,,2463.798347830006,19.277343381734276,2463.7964940943734,0.004268516662541306,3.2128905314934743e-09,-0.12416434745014902,2.3815964347981127,True,0,Optimization terminated successfully,36,1,0.008976445376245352,0.15298219600821183,0.09474410470443716,1.614688285729795,1.1102230246251565e-16,0.0,0.0,0.1,2.884570197308227e-17,0.07458741292519541,0.03069597485285161,13.916284255673453,0.2319380709278909,combined_minimum_variance__sample_ridge,,,,,,,,,
combined_minimum_variance,Combined Minimum Variance,combined,minimum_variance,monthly,11,2021-11-01,2020-10-30,2021-10-29,2021-11-01,252,252,60,0.14730290784295508,0.0001473029078429551,10.0,sample_ridge,,2619.1187078079533,19.338376758386744,2619.1166455316716,0.0040917703255054574,3.2230627608338288e-09,-0.03804484144889364,2.5476784819297986,True,0,Optimization terminated successfully,33,1,0.008421415774295596,0.24438512131726717,0.09176827215489892,2.6630676984389643,2.220446049250313e-16,0.0,0.0,0.1,2.6592430772793625e-17,0.06813696490716246,0.029183364444193886,14.028607798590896,0.23381012997651493,combined_minimum_variance__sample_ridge,,,,,,,,,
combined_minimum_variance,Combined Minimum Variance,combined,minimum_variance,monthly,12,2021-12-01,2020-12-01,2021-11-30,2021-12-01,252,252,60,0.1843652152292524,0.0001843652152292524,10.0,sample_ridge,,2669.719085657815,18.426989818738598,2669.717009456781,0.003947631431548849,3.0711649390781164e-09,-0.17349452421536093,1.9218005257051143,True,0,Optimization terminated successfully,40,1,0.008168148780959844,0.1410769947089162,0.09037781133087835,1.5609693643988036,1.1102230246251565e-16,0.0,0.0,0.1,3.5208601971174404e-17,0.06254804803110103,0.027440669371620915,13.769209032224945,0.22948681720374908,combined_minimum_variance__sample_ridge,,,,,,,,,
combined_minimum_variance,Combined Minimum Variance,combined,minimum_variance,monthly,13,2022-01-03,2021-01-04,2021-12-31,2022-01-03,252,252,60,0.12608194281031518,0.00012608194281031517,10.0,sample_ridge,,2666.6247079653226,17.698271806197972,2666.622618322197,0.003762759745499404,2.949711938202543e-09,-0.12605950714046,1.882587306240429,True,0,Optimization terminated successfully,43,1,0.008860268559544077,0.1801009823816936,0.09412899956731761,1.913342149704799,2.220446049250313e-16,0.0,0.0,0.1,3.6244179980069994e-17,0.06299636230587344,0.027642228572996114,12.949687100792081,0.21582811834653468,combined_minimum_variance__sample_ridge,,,,,,,,,
combined_minimum_variance,Combined Minimum Variance,combined,minimum_variance,monthly,14,2022-02-01,2021-02-02,2022-01-31,2022-02-01,252,252,60,0.2789607376801527,0.0002789607376801527,10.0,sample_ridge,,2851.3428451164423,16.249425250724453,2851.3405090359306,0.0033044261135941736,2.7082375147050344e-09,-0.26246068625737806,1.7523508442205948,True,0,Optimization terminated successfully,44,1,0.008831734400152837,0.18835265768485085,0.09397730790011403,2.00423551060907,2.220446049250313e-16,0.0,0.0,0.1,2.8796350155056544e-17,0.060794642433789854,0.027079675550538043,11.53166815941221,0.19219446932353682,combined_minimum_variance__sample_ridge,,,,,,,,,
combined_minimum_variance,Combined Minimum Variance,combined,minimum_variance,monthly,15,2022-03-01,2021-03-02,2022-02-28,2022-03-01,252,252,60,0.244802520813082,0.00024480252081308197,10.0,sample_ridge,,2501.83520665403,15.6446971387369,2501.8334143156535,0.0036381531451726568,2.6074494970483213e-09,-0.46865655744791945,1.8126264661629579,True,0,Optimization terminated successfully,42,1,0.008857966420516191,0.14274843910002274,0.09411677013431875,1.5167162971731745,2.220446049250313e-16,0.0,0.0,0.1,3.006957366039896e-17,0.06819437611930645,0.02901497092396458,10.590551109065512,0.17650918515109187,combined_minimum_variance__sample_ridge,,,,,,,,,
combined_minimum_variance,Combined Minimum Variance,combined,minimum_variance,monthly,16,2022-04-01,2021-04-05,2022-03-31,2022-04-01,252,252,60,0.1430785158897734,0.0001430785158897734,10.0,sample_ridge,,2657.789451460922,15.508194418583997,2657.7874311998767,0.003399066256181919,2.5846990439170094e-09,-0.30439771676211014,1.885652709704718,True,0,Optimization terminated successfully,43,1,0.008686708229768537,0.1554936590990379,0.09320251192842678,1.668341935016156,0.0,0.0,0.0,0.1,1.5568677548880562e-17,0.06785533130214833,0.028952201424448938,10.309461332989944,0.17182435554983239,combined_minimum_variance__sample_ridge,,,,,,,,,
combined_minimum_variance,Combined Minimum Variance,combined,minimum_variance,monthly,17,2022-05-02,2021-05-03,2022-04-29,2022-05-02,252,252,60,0.22169463973166798,0.00022169463973166798,10.0,sample_ridge,,2268.0720529882974,14.616939598090791,2268.0705823024423,0.003755351568541809,2.4361565753202328e-09,-0.8113680578388313,0.9388799704010586,True,0,Optimization terminated successfully,45,1,0.010397625575815049,0.08063152972594007,0.10196874803494965,0.7907474719440873,4.440892098500626e-16,0.0,0.0,0.1,3.122282703136779e-17,0.07582767211654831,0.03127090697918457,8.586221272770088,0.14310368787950145,combined_minimum_variance__sample_ridge,,,,,,,,,
combined_minimum_variance,Combined Minimum Variance,combined,minimum_variance,monthly,18,2022-06-01,2021-06-02,2022-05-31,2022-06-01,252,252,60,0.21668739573005,0.00021668739573005001,10.0,sample_ridge,,1749.1178335346817,11.427291522924937,1749.1168499859352,0.0033850638542445763,1.9045485681086706e-09,-1.3313647804876834,1.0545687899640876,True,0,Optimization terminated successfully,33,1,0.011731616930252882,0.0845316457991886,0.10831258897401022,0.780441559009102,2.220446049250313e-16,0.0,0.0,0.1,0.008418174877569124,0.07618309995319283,0.031313575235327844,7.705822993808884,0.12843038323014805,combined_minimum_variance__sample_ridge,,,,,,,,,
combined_minimum_variance,Combined Minimum Variance,combined,minimum_variance,monthly,19,2022-07-01,2021-07-01,2022-06-30,2022-07-01,252,252,60,0.13759823163097967,0.00013759823163097968,10.0,sample_ridge,,1728.2907180182563,11.39417321293967,1728.2897413627395,0.00335857919415917,1.8990288498329904e-09,-1.3731545680323536,0.8011361548468544,True,0,Optimization terminated successfully,36,1,0.013940043821984785,0.024894626810359498,0.1180679627248001,0.2108499734884508,0.0,0.0,0.0,0.1,2.3314541790039445e-17,0.07364055326800345,0.030557472533471727,7.167366724718585,0.11945611207864308,combined_minimum_variance__sample_ridge,,,,,,,,,
combined_minimum_variance,Combined Minimum Variance,combined,minimum_variance,monthly,20,2022-08-01,2021-07-30,2022-07-29,2022-08-01,252,252,60,0.08322113102173424,8.322113102173424e-05,10.0,sample_ridge,,1745.9284225597828,11.969160269844172,1745.9274188145564,0.003467899877531967,1.9948600250254287e-09,-1.124999905167706,1.0610827829850287,True,0,Optimization terminated successfully,31,1,0.014397417018620897,0.018183155393325937,0.11998923709491988,0.15153988668951857,2.220446049250313e-16,0.0,0.0,0.1,3.135450436725378e-17,0.07466243729992339,0.030847350377949476,7.2043654481739,0.120072757469565,combined_minimum_variance__sample_ridge,,,,,,,,,
combined_minimum_variance,Combined Minimum Variance,combined,minimum_variance,monthly,21,2022-09-01,2021-09-01,2022-08-31,2022-09-01,252,252,60,0.10968578604569953,0.00010968578604569954,10.0,sample_ridge,,1737.9831184875734,11.88356948842717,1737.9821098442574,0.0034107794427566457,1.9805948949319128e-09,-1.791651518649385,1.1828191271343909,True,0,Optimization terminated successfully,41,1,0.015105433795798259,0.03947959902358355,0.12290416508726731,0.3212226289935033,2.220446049250313e-16,0.0,0.0,0.1,2.0758773302972958e-17,0.07733111770552226,0.031558404403283336,7.790173164616123,0.1298362194102687,combined_minimum_variance__sample_ridge,,,,,,,,,
combined_minimum_variance,Combined Minimum Variance,combined,minimum_variance,monthly,22,2022-10-03,2021-10-01,2022-09-30,2022-10-03,252,252,60,0.140909820665495,0.00014090982066549502,10.0,sample_ridge,,1698.881325240989,11.7416379889912,1698.8803108499346,0.0032755131851599957,1.9569396452624707e-09,-1.6131078797075316,0.8913308032260187,True,0,Optimization terminated successfully,35,1,0.017403422762530957,0.04518591824457674,0.13192203289265578,0.3425198752155697,0.0,0.0,0.0,0.1,2.0303194107342452e-17,0.08352444958558006,0.03325349801283852,7.7569439796299005,0.12928239966049834,combined_minimum_variance__sample_ridge,,,,,,,,,
combined_minimum_variance,Combined Minimum Variance,combined,minimum_variance,monthly,23,2022-11-01,2021-11-01,2022-10-31,2022-11-01,252,252,60,0.11790038356093173,0.00011790038356093173,10.0,sample_ridge,,1529.693039460691,11.868531637254668,1529.6921907522328,0.003562931697367819,1.9780885864282257e-09,-1.7028483801535979,0.9320822595695339,True,0,Optimization terminated successfully,33,1,0.02014912140432815,0.11744334318314698,0.1419476009107873,0.8273711033479105,0.0,0.0,0.0,0.1,0.00775539958806682,0.08570599547286548,0.03366196872115988,6.930687168586134,0.1155114528097689,combined_minimum_variance__sample_ridge,,,,,,,,,
combined_minimum_variance,Combined Minimum Variance,combined,minimum_variance,monthly,24,2022-12-01,2021-12-01,2022-11-30,2022-12-01,252,252,60,0.09656329263448035,9.656329263448036e-05,10.0,sample_ridge,,1741.480456821167,12.511759456409925,1741.479417358475,0.003491623258897,2.0852932218820557e-09,-1.4992075946870713,1.012398262304997,True,0,Optimization terminated successfully,37,1,0.02082218151381728,0.25018188505912947,0.14429893109034894,1.7337750402494994,2.220446049250313e-16,0.0,0.0,0.1,2.7841202781357656e-17,0.0841844806414482,0.03309497758925888,6.5640257163966265,0.10940042860661044,combined_minimum_variance__sample_ridge,,,,,,,,,
combined_minimum_variance,Combined Minimum Variance,combined,minimum_variance,monthly,25,2023-01-03,2021-12-31,2022-12-30,2023-01-03,252,252,60,0.06113446134159164,6.113446134159164e-05,10.0,sample_ridge,,1687.722226352582,12.204746130223773,1687.7212445509294,0.00349459862260238,2.034124334696052e-09,-1.6878110548244987,0.9359017507349877,True,0,Optimization terminated successfully,37,1,0.02098242285120777,0.13206110709962104,0.14485310784103933,0.9116898426821733,2.220446049250313e-16,0.0,0.0,0.1,0.0023329059184863847,0.0841476070903133,0.03307879587438601,6.340588087901128,0.10567646813168546,combined_minimum_variance__sample_ridge,,,,,,,,,
combined_minimum_variance,Combined Minimum Variance,combined,minimum_variance,monthly,26,2023-02-01,2022-01-31,2023-01-31,2023-02-01,252,252,60,0.05271094583228731,5.271094583228731e-05,10.0,sample_ridge,,1534.2633133226127,12.050344039961132,1534.2625053683762,0.0038113442206849446,2.0083906532429493e-09,-0.9061169181647154,0.6931753816190576,True,0,Optimization terminated successfully,26,1,0.02143410623062133,0.12496143929268315,0.14640391466972913,0.8535389205581162,0.0,0.0,0.0,0.1,0.0036010971036516725,0.08414660989050497,0.03313911063783054,6.836397248632645,0.11393995414387742,combined_minimum_variance__sample_ridge,,,,,,,,,
combined_minimum_variance,Combined Minimum Variance,combined,minimum_variance,monthly,27,2023-03-01,2022-02-28,2023-02-28,2023-03-01,252,252,60,0.087488979176322,8.7488979176322e-05,10.0,sample_ridge,,1718.4039056567437,11.707887040687611,1718.4028867774784,0.003289099358970045,1.9513144872681243e-09,-1.0331553358389942,0.560747599864184,True,0,Optimization terminated successfully,25,1,0.02127545513480628,0.07965919914830466,0.14586108163182623,0.5461305939673176,2.220446049250313e-16,0.0,0.0,0.1,4.7579603799906704e-17,0.09099564467210203,0.035056505899178754,6.826800783214757,0.11378001305357928,combined_minimum_variance__sample_ridge,,,,,,,,,
combined_minimum_variance,Combined Minimum Variance,combined,minimum_variance,monthly,28,2023-04-03,2022-03-31,2023-03-31,2023-04-03,252,252,60,0.059289397367915504,5.92893973679155e-05,10.0,sample_ridge,,1617.68167209737,11.569485901906852,1617.680774762569,0.0034740239466297144,1.928247631035332e-09,-1.1728849366405165,0.4041887312530835,True,0,Optimization terminated successfully,25,1,0.021871362404015444,0.05067629786518914,0.147889696747324,0.3426628019379322,2.220446049250313e-16,0.0,0.0,0.1,3.728134618412658e-17,0.08662393344884749,0.03377788594109012,7.027239297844783,0.11712065496407972,combined_minimum_variance__sample_ridge,,,,,,,,,
combined_minimum_variance,Combined Minimum Variance,combined,minimum_variance,monthly,29,2023-05-01,2022-04-28,2023-04-28,2023-05-01,252,252,60,0.06188459703034665,6.188459703034665e-05,10.0,sample_ridge,,1653.5205264697008,11.166942179208714,1653.5195744327805,0.0032305471431908575,1.8611570112565487e-09,-0.8606587353755566,0.5858993506629674,True,0,Optimization terminated successfully,29,1,0.021767246421300384,0.056511026846167975,0.14753727129542685,0.38302881942970857,2.220446049250313e-16,0.0,0.0,0.1,3.0114460746122685e-17,0.08457847590021889,0.03311530160504328,7.428100326504666,0.1238016721084111,combined_minimum_variance__sample_ridge,,,,,,,,,
combined_minimum_variance,Combined Minimum Variance,combined,minimum_variance,monthly,30,2023-06-01,2022-05-31,2023-05-31,2023-06-01,252,252,60,0.12380189512272455,0.00012380189512272455,10.0,sample_ridge,,1381.8653047969065,9.835175172956511,1381.864585035373,0.003144803621440402,1.63919584576746e-09,-0.45545680673063427,0.9143758820515224,True,0,Optimization terminated successfully,31,1,0.0192739970467695,-0.011227369792601081,0.13883082167432959,-0.0808708733204672,2.220446049250313e-16,0.0,0.0,0.1,3.3007562593801707e-17,0.08590651984609224,0.03336746263252976,6.726840467005527,0.11211400778342545,combined_minimum_variance__sample_ridge,,,,,,,,,
combined_minimum_variance,Combined Minimum Variance,combined,minimum_variance,monthly,31,2023-07-03,2022-06-30,2023-06-30,2023-07-03,252,252,60,0.11303565626613414,0.00011303565626613415,10.0,sample_ridge,,1200.8839779487605,9.43331720504861,1200.8833950209728,0.0032362173452965535,1.5722195184525737e-09,-0.4050686877913898,1.2823855441728425,True,0,Optimization terminated successfully,31,1,0.016653028172360737,0.059404350702339244,0.1290466124017238,0.46033250774079,2.220446049250313e-16,0.0,0.0,0.1,0.037168796639193924,0.08325181345540804,0.032746177827801794,8.829329721866571,0.14715549536444286,combined_minimum_variance__sample_ridge,,,,,,,,,
combined_minimum_variance,Combined Minimum Variance,combined,minimum_variance,monthly,32,2023-08-01,2022-07-29,2023-07-31,2023-08-01,252,252,60,0.06988385476898434,6.988385476898435e-05,10.0,sample_ridge,,1224.496672314361,9.726061270141216,1224.4960377248765,0.00312532848267032,1.6210101954801005e-09,-0.4257137157133368,1.4045880045311487,True,0,Optimization terminated successfully,33,1,0.016296668753607368,0.062013811006922576,0.12765840651366195,0.4857792972708451,1.1102230246251565e-16,0.0,0.0,0.1,0.03282422615094198,0.0840450610312763,0.03299589826685733,8.671223707120623,0.14452039511867704,combined_minimum_variance__sample_ridge,,,,,,,,,
combined_minimum_variance,Combined Minimum Variance,combined,minimum_variance,monthly,33,2023-09-01,2022-08-31,2023-08-31,2023-09-01,252,252,60,0.054768224714255985,5.476822471425599e-05,10.0,sample_ridge,,1081.8206752221295,9.377587196601691,1081.8201815904176,0.0034220823032751913,1.562931183804303e-09,-0.43813560969970056,1.3175303418143658,True,0,Optimization terminated successfully,33,1,0.0159511593511898,0.0862958823951549,0.1262978992350617,0.6832725082350237,0.0,0.0,0.0,0.1,0.031120444501862087,0.08296098378217048,0.03275353557249374,9.029712162827607,0.15049520271379346,combined_minimum_variance__sample_ridge,,,,,,,,,
combined_minimum_variance,Combined Minimum Variance,combined,minimum_variance,monthly,34,2023-10-02,2022-09-29,2023-09-29,2023-10-02,252,252,60,0.07241939656481909,7.24193965648191e-05,10.0,sample_ridge,,972.0020640065264,8.745983435227723,972.001657314027,0.0034802575570385586,1.4576638912946484e-09,-0.43345810393913387,1.3764609828460026,True,0,Optimization terminated successfully,31,1,0.0140903282670679,0.1291388615137977,0.11870268854186876,1.0879185897145698,2.220446049250313e-16,0.0,0.0,0.1,0.03268800721773578,0.08510638622756062,0.03345295777850377,10.077479715782511,0.16795799526304184,combined_minimum_variance__sample_ridge,,,,,,,,,
combined_minimum_variance,Combined Minimum Variance,combined,minimum_variance,monthly,35,2023-11-01,2022-10-31,2023-10-31,2023-11-01,252,252,60,0.1140026840819607,0.0001140026840819607,10.0,sample_ridge,,940.1629121255501,8.394732475838616,940.1625344027392,0.003478750874149747,1.3991220653152154e-09,-0.4631479082031792,1.221485025665576,True,0,Optimization terminated successfully,34,1,0.011543245263405976,0.023760425425954846,0.10743949582628344,0.22115168396147872,0.0,0.0,0.0,0.1,0.012011625881477608,0.07740144763025117,0.031319043718169584,11.335267763811977,0.18892112939686628,combined_minimum_variance__sample_ridge,,,,,,,,,
combined_minimum_variance,Combined Minimum Variance,combined,minimum_variance,monthly,36,2023-12-01,2022-11-30,2023-11-30,2023-12-01,252,252,60,0.13539510971537366,0.00013539510971537365,10.0,sample_ridge,,718.9238616587598,7.481652148752392,718.9236053277319,0.0034923959148081317,1.2469420123226453e-09,-0.2766021355118453,1.2222043695132911,True,0,Optimization terminated successfully,36,1,0.010221804769779474,0.06148412254138706,0.10110294144969015,0.6081338649477591,0.0,0.0,0.0,0.1,0.03185194434424424,0.0748310032117441,0.03064496999475142,10.121940139266714,0.1686990023211119,combined_minimum_variance__sample_ridge,,,,,,,,,
combined_risk_parity,Combined Risk Parity,combined,risk_parity,monthly,1,2021-01-04,2020-01-03,2020-12-31,2021-01-04,252,252,60,1.0,0.001,10.0,ledoit_wolf,0.08876369462569375,1033.4140189789068,21.073621130405595,217.7555286247138,0.039461066632683076,0.0,-0.3492732395247833,1.982593873089236,True,0,Optimization terminated successfully,12,1,2.9323349952777066e-10,0.36495282277209984,0.32322829080733184,1.1290868811654824,0.0,0.0,0.009093526261304111,0.03456437851038202,0.11866540536514172,0.01850654244010895,2.2107068987384536e-06,1.3976614246425159,0.023294357077375264,combined_risk_parity__ledoit_wolf,,,,,,,,,
combined_risk_parity,Combined Risk Parity,combined,risk_parity,monthly,2,2021-02-01,2020-01-31,2021-01-29,2021-02-01,252,252,60,0.04210815462983503,4.2108154629835036e-05,10.0,ledoit_wolf,0.08539077514609163,1091.1159806064534,22.359141071992603,225.64766039831733,0.04008079733016171,0.0,-0.23740683868214907,2.7597000301127537,True,0,Optimization terminated successfully,12,1,2.9310742794731017e-10,0.30875237911363074,0.3269934061756057,0.944215917760192,0.0,0.0,0.009085738029929994,0.03352211884061369,0.11523868365069835,0.01853668685241064,2.2102316166235996e-06,1.5090848868339684,0.02515141478056614,combined_risk_parity__ledoit_wolf,,,,,,,,,
combined_risk_parity,Combined Risk Parity,combined,risk_parity,monthly,3,2021-03-01,2020-02-28,2021-02-26,2021-03-01,252,252,60,0.06267688266439174,6.267688266439174e-05,10.0,ledoit_wolf,0.08618684611124942,1144.0404576090773,22.923502600296956,220.98550219386757,0.04077601298952416,0.0,-0.09602128620994455,2.9761046427603395,True,0,Optimization terminated successfully,13,1,1.2377250355419365e-10,0.4390845832861902,0.3228677177668878,1.359951952840363,2.220446049250313e-16,0.0,0.009052139945125142,0.0332117447569428,0.11217433105881419,0.018548740643159485,1.4362712345641457e-06,1.598667304416765,0.02664445507361275,combined_risk_parity__ledoit_wolf,,,,,,,,,
combined_risk_parity,Combined Risk Parity,combined,risk_parity,monthly,4,2021-04-01,2020-04-01,2021-03-31,2021-04-01,252,252,60,0.07583988271489606,7.583988271489605e-05,10.0,ledoit_wolf,0.06069859968191399,662.0121449886715,15.477788259743535,217.9737690495713,0.02330908664035891,0.0,-0.060127039234835644,2.867691654241286,True,0,Optimization terminated successfully,17,1,3.1028643411156254e-10,0.5400934623489937,0.19735760347883527,2.7366235342785443,0.0,0.0,0.006746308864691297,0.03882467992165128,0.0927612230163078,0.01952013230863221,2.2740801587731693e-06,3.316341669664748,0.055272361161079135,combined_risk_parity__ledoit_wolf,,,,,,,,,
combined_risk_parity,Combined Risk Parity,combined,risk_parity,monthly,5,2021-05-03,2020-05-01,2021-04-30,2021-05-03,252,252,60,0.07672999431273873,7.672999431273873e-05,10.0,ledoit_wolf,0.0598780300615997,797.3613484584146,15.238497536661002,240.91312797497022,0.021764255627977024,0.0,-0.2081438801394524,2.7040908911882555,True,0,Optimization terminated successfully,19,1,3.725548195886835e-10,0.461194433067402,0.1615338693472215,2.855094321278542,2.220446049250313e-16,0.0,0.005449125272377201,0.03760948910558609,0.07747565836051762,0.019982867526082564,2.4918360686742187e-06,4.426872452995133,0.07378120754991889,combined_risk_parity__ledoit_wolf,,,,,,,,,
combined_risk_parity,Combined Risk Parity,combined,risk_parity,monthly,6,2021-06-01,2020-06-01,2021-05-28,2021-06-01,252,252,60,0.048294076171752943,4.829407617175294e-05,10.0,ledoit_wolf,0.054998453776613956,1412.0342280329962,19.060955930437192,359.6331608604526,0.023426109865477107,0.0,-0.09446757920356907,2.5441974199957964,True,0,Optimization terminated successfully,21,1,1.1462789677274741e-10,0.4087624610237605,0.15547052845531376,2.629195803764502,1.1102230246251565e-16,0.0,0.004366300260476438,0.03420511847666385,0.05713729106177759,0.020342276420394566,1.3821956975092447e-06,4.446685861213961,0.07411143102023268,combined_risk_parity__ledoit_wolf,,,,,,,,,
combined_risk_parity,Combined Risk Parity,combined,risk_parity,monthly,7,2021-07-01,2020-07-01,2021-06-30,2021-07-01,252,252,60,0.0464422011883097,4.64422011883097e-05,10.0,ledoit_wolf,0.0482772293644948,1689.7173417506071,19.176109914380064,440.4928541706896,0.020857779519215566,0.0,-0.04517062980827402,2.4942228399591873,True,0,Optimization terminated successfully,21,1,3.136203619239873e-10,0.3901590812704229,0.13539148959801703,2.8817105301730668,1.1102230246251565e-16,0.0,0.0037844847999468864,0.03587997041751237,0.04977885155282839,0.020329161407879437,2.286264646112912e-06,5.611008209960009,0.09351680349933349,combined_risk_parity__ledoit_wolf,,,,,,,,,
combined_risk_parity,Combined Risk Parity,combined,risk_parity,monthly,8,2021-08-02,2020-07-31,2021-07-30,2021-08-02,252,252,60,0.020398296285913747,2.039829628591375e-05,10.0,ledoit_wolf,0.046902272057899694,1995.455148305402,18.97454042649675,478.2533415670675,0.019498213433582875,0.0,-0.03111480254552568,2.133926362043439,True,0,Optimization terminated successfully,21,1,2.367061695996417e-10,0.3524361099692985,0.13392743262063542,2.6315453307285717,1.1102230246251565e-16,0.0,0.0036842459694830664,0.03549678738574233,0.04859438801799276,0.020410664759947003,1.986228291677489e-06,6.160436603993824,0.10267394339989706,combined_risk_parity__ledoit_wolf,,,,,,,,,
combined_risk_parity,Combined Risk Parity,combined,risk_parity,monthly,9,2021-09-01,2020-09-01,2021-08-31,2021-09-01,252,252,60,0.025966007806645243,2.5966007806645245e-05,10.0,ledoit_wolf,0.04470471483896858,2130.423351434478,19.12010475411857,511.0935437625138,0.018733505319765736,0.0,-0.07863987065770972,2.5355819840145335,True,0,Optimization terminated successfully,22,1,1.7783399961789622e-10,0.34540324615063905,0.13253511663844736,2.6061262472261664,0.0,0.0,0.0036041029325525804,0.03700769517588532,0.04757817139836541,0.020568309644509838,1.7215980929448975e-06,6.615461084321215,0.11025768473868691,combined_risk_parity__ledoit_wolf,,,,,,,,,
combined_risk_parity,Combined Risk Parity,combined,risk_parity,monthly,10,2021-10-01,2020-10-01,2021-09-30,2021-10-01,252,252,60,0.03141052743423435,3.141052743423435e-05,10.0,ledoit_wolf,0.04109934895611386,2463.798347830006,19.20084579535386,583.7562814557518,0.01722920897021054,0.0,-0.12416434745014902,2.3815964347981127,True,0,Optimization terminated successfully,23,1,1.6524910694166043e-10,0.283485119640613,0.12377688174603489,2.2902913342272355,1.1102230246251565e-16,0.0,0.003275668216269903,0.03734982250729571,0.04183534591780229,0.020886138259611404,1.6595637325395864e-06,7.103277088255472,0.11838795147092453,combined_risk_parity__ledoit_wolf,,,,,,,,,
combined_risk_parity,Combined Risk Parity,combined,risk_parity,monthly,11,2021-11-01,2020-10-30,2021-10-29,2021-11-01,252,252,60,0.03694245803460121,3.694245803460121e-05,10.0,ledoit_wolf,0.03972422511227894,2619.1187078079533,19.261636975459318,615.7987764418074,0.016666192717023763,0.0,-0.03804484144889364,2.5476784819297986,True,0,Optimization terminated successfully,23,1,5.882818085037685e-11,0.35975202741351636,0.11862570187067156,3.0326651116949868,0.0,0.0,0.0030483593588378185,0.03742406115071097,0.03865709965663336,0.020850831451581606,9.901866898922977e-07,7.633907265771852,0.1272317877628642,combined_risk_parity__ledoit_wolf,,,,,,,,,
combined_risk_parity,Combined Risk Parity,combined,risk_parity,monthly,12,2021-12-01,2020-12-01,2021-11-30,2021-12-01,252,252,60,0.04817992235426627,4.817992235426627e-05,10.0,ledoit_wolf,0.03900471806537276,2669.719085657815,18.35386665972874,642.8829839527228,0.01571005462818365,0.0,-0.17349452421536093,1.9218005257051143,True,0,Optimization terminated successfully,22,1,6.309998662287605e-11,0.22033110930835328,0.11557190485354295,1.9064417912602991,0.0,0.0,0.003134961922259015,0.03436981159119289,0.03726438266545299,0.020550732182384603,1.025507895490821e-06,7.053738005595626,0.11756230009326044,combined_risk_parity__ledoit_wolf,,,,,,,,,
combined_risk_parity,Combined Risk Parity,combined,risk_parity,monthly,13,2022-01-03,2021-01-04,2021-12-31,2022-01-03,252,252,60,0.02775694156237411,2.775694156237411e-05,10.0,ledoit_wolf,0.04104013250442011,2666.6247079653226,17.628040392591387,613.0954115968293,0.015651632535939694,0.0,-0.12605950714046,1.882587306240429,True,0,Optimization terminated successfully,22,1,6.254608901765152e-11,0.25349764960404536,0.11963343422247111,2.118953211128584,0.0,0.0,0.003278913862287818,0.0333954145430476,0.038652756061358436,0.02061941786351924,1.020996972062606e-06,7.1285036374544095,0.11880839395757349,combined_risk_parity__ledoit_wolf,,,,,,,,,
combined_risk_parity,Combined Risk Parity,combined,risk_parity,monthly,14,2022-02-01,2021-02-02,2022-01-31,2022-02-01,252,252,60,0.03946227800819592,3.946227800819592e-05,10.0,ledoit_wolf,0.039147152205618076,2851.3428451164423,16.184943242641992,657.8915120167239,0.013722372452484036,0.0,-0.26246068625737806,1.7523508442205948,True,0,Optimization terminated successfully,21,1,8.571495663940029e-11,0.21760227557483647,0.11789065396057823,1.8457975103573612,1.1102230246251565e-16,0.0,0.003251120212621033,0.033256985911745716,0.03946108744492667,0.020560328106357505,1.195233287127004e-06,5.714788817762575,0.09524648029604292,combined_risk_parity__ledoit_wolf,,,,,,,,,
combined_risk_parity,Combined Risk Parity,combined,risk_parity,monthly,15,2022-03-01,2021-03-02,2022-02-28,2022-03-01,252,252,60,0.036657540386761236,3.6657540386761236e-05,10.0,ledoit_wolf,0.04083156471630448,2501.83520665403,15.582614851407829,618.3439791535667,0.01408012732212793,0.0,-0.46865655744791945,1.8126264661629579,True,0,Optimization terminated successfully,21,1,1.1652110413138486e-10,0.16648043486329744,0.1202072238995337,1.3849453424066909,2.220446049250313e-16,0.0,0.003348487786431706,0.03158820088244957,0.041836658158092524,0.02046837305455207,1.3935632035145034e-06,4.587748920944485,0.0764624820157414,combined_risk_parity__ledoit_wolf,,,,,,,,,
combined_risk_parity,Combined Risk Parity,combined,risk_parity,monthly,16,2022-04-01,2021-04-05,2022-03-31,2022-04-01,252,252,60,0.022522896108385974,2.2522896108385973e-05,10.0,ledoit_wolf,0.04108953632324118,2657.789451460922,15.44665381007546,624.8944067660148,0.013824727650040782,0.0,-0.30439771676211014,1.885652709704718,True,0,Optimization terminated successfully,21,1,1.19116581146562e-10,0.16286084914589924,0.12087556165188042,1.3473430602534509,1.1102230246251565e-16,0.0,0.0034027399829423626,0.03313945724781203,0.042645978159488514,0.02085587763010358,1.4089983507591712e-06,4.442243706882873,0.07403739511471455,combined_risk_parity__ledoit_wolf,,,,,,,,,
combined_risk_parity,Combined Risk Parity,combined,risk_parity,monthly,17,2022-05-02,2021-05-03,2022-04-29,2022-05-02,252,252,60,0.044693691237300194,4.4693691237300194e-05,10.0,ledoit_wolf,0.04342339610381286,2268.0720529882974,14.558935723937584,575.6957897888898,0.014114664590138852,0.0,-0.8113680578388313,0.9388799704010586,True,0,Optimization terminated successfully,21,1,8.327849071162951e-11,0.055359441208051925,0.13153245759766466,0.4208804596154282,1.1102230246251565e-16,0.0,0.0037204146203832418,0.03228026497887347,0.0469478718711021,0.02053474773406518,1.1781234422562737e-06,3.498610152086449,0.05831016920144082,combined_risk_parity__ledoit_wolf,,,,,,,,,
combined_risk_parity,Combined Risk Parity,combined,risk_parity,monthly,18,2022-06-01,2021-06-02,2022-05-31,2022-06-01,252,252,60,0.05728319654277143,5.728319654277144e-05,10.0,ledoit_wolf,0.025527798525818803,1749.1178335346817,11.381945014173247,707.6230103003192,0.00812815888007031,0.0,-1.3313647804876834,1.0545687899640876,True,0,Optimization terminated successfully,20,1,6.889990571581698e-10,0.03149495319514497,0.14183917557587322,0.22204692791870856,0.0,0.0,0.004865222741250607,0.03470747467049189,0.05760169608109995,0.020878823138117272,3.3887044160422184e-06,3.1291269703764284,0.05215211617294047,combined_risk_parity__ledoit_wolf,,,,,,,,,
combined_risk_parity,Combined Risk Parity,combined,risk_parity,monthly,19,2022-07-01,2021-07-01,2022-06-30,2022-07-01,252,252,60,0.04404905521365103,4.404905521365103e-05,10.0,ledoit_wolf,0.0247849681423073,1728.2907180182563,11.348958126382866,709.7703344744926,0.007950397129348833,0.0,-1.3731545680323536,0.8011361548468544,True,0,Optimization terminated successfully,20,1,1.0721084570744562e-09,-0.04918580643323565,0.1578806296071187,-0.31153794202387636,1.1102230246251565e-16,0.0,0.005237760306130431,0.03723995452761188,0.05948647552336511,0.020836158107800994,4.227111813587892e-06,2.8273749143608207,0.04712291523934701,combined_risk_parity__ledoit_wolf,,,,,,,,,
combined_risk_parity,Combined Risk Parity,combined,risk_parity,monthly,20,2022-08-01,2021-07-30,2022-07-29,2022-08-01,252,252,60,0.039618485117887174,3.961848511788717e-05,10.0,ledoit_wolf,0.025663802768052475,1745.9284225597828,11.921663482890061,694.7645720326063,0.008464743779799864,0.0,-1.124999905167706,1.0610827829850287,True,0,Optimization terminated successfully,19,1,9.07770231733026e-10,-0.004297857681466726,0.16015771997081327,-0.02683515775730297,2.220446049250313e-16,0.0,0.00508969303549132,0.03473389676354119,0.05989028604986895,0.020805356091796078,3.889666291883778e-06,2.8920293051224824,0.04820048841870804,combined_risk_parity__ledoit_wolf,,,,,,,,,
combined_risk_parity,Combined Risk Parity,combined,risk_parity,monthly,21,2022-09-01,2021-09-01,2022-08-31,2022-09-01,252,252,60,0.02110953651573865,2.1109536515738653e-05,10.0,ledoit_wolf,0.026658598374328175,1737.9831184875734,11.836412348283574,671.5386920660545,0.008565712953847587,0.0,-1.791651518649385,1.1828191271343909,True,0,Optimization terminated successfully,19,1,3.6926215788943283e-10,-0.05711343330231058,0.16479789064957073,-0.34656653114424646,0.0,0.0,0.005106515698076714,0.0335342256593813,0.06200316229107174,0.020682661601124874,2.480800132650305e-06,2.8691317213776,0.047818862022960006,combined_risk_parity__ledoit_wolf,,,,,,,,,
combined_risk_parity,Combined Risk Parity,combined,risk_parity,monthly,22,2022-10-03,2021-10-01,2022-09-30,2022-10-03,252,252,60,0.03355915313552728,3.355915313552728e-05,10.0,ledoit_wolf,0.027902055565709148,1698.881325240989,11.695044070497143,626.4066840241724,0.008610078502406549,0.0,-1.6131078797075316,0.8913308032260187,True,0,Optimization terminated successfully,18,1,3.6793657834299184e-10,-0.09401037228512081,0.17550815016274812,-0.5356467616913819,1.1102230246251565e-16,0.0,0.005572357390165947,0.0339980698480135,0.06987420876118813,0.020180578565805046,2.4763433335696215e-06,2.7034064929821544,0.04505677488303591,combined_risk_parity__ledoit_wolf,,,,,,,,,
combined_risk_parity,Combined Risk Parity,combined,risk_parity,monthly,23,2022-11-01,2021-11-01,2022-10-31,2022-11-01,252,252,60,0.03797008489589648,3.797008489589648e-05,10.0,ledoit_wolf,0.028741651521264105,1529.693039460691,11.821434171273443,579.4114482987391,0.009109585349102386,0.0,-1.7028483801535979,0.9320822595695339,True,0,Optimization terminated successfully,18,1,6.119677485925386e-10,-0.06212197780566968,0.1876829378035576,-0.3309942743473623,0.0,0.0,0.006149145308580774,0.03830403174542496,0.07853216948812936,0.019834172845433796,3.1936597308640514e-06,2.521824273045854,0.04203040455076423,combined_risk_parity__ledoit_wolf,,,,,,,,,
combined_risk_parity,Combined Risk Parity,combined,risk_parity,monthly,24,2022-12-01,2021-12-01,2022-11-30,2022-12-01,252,252,60,0.03761841491995202,3.761841491995202e-05,10.0,ledoit_wolf,0.030278413911618486,1741.480456821167,12.462109492676094,608.5455884945641,0.009661346133551905,0.0,-1.4992075946870713,1.012398262304997,True,0,Optimization terminated successfully,20,1,4.87981688651996e-10,0.05665025679706944,0.19594369107401546,0.2891149824041564,1.1102230246251565e-16,0.0,0.005875641005670052,0.04319596167846634,0.0758878925597197,0.020192001287847525,2.8518464447090973e-06,2.401405226771957,0.04002342044619928,combined_risk_parity__ledoit_wolf,,,,,,,,,
combined_risk_parity,Combined Risk Parity,combined,risk_parity,monthly,25,2023-01-03,2021-12-31,2022-12-30,2023-01-03,252,252,60,0.026783174311500436,2.6783174311500436e-05,10.0,ledoit_wolf,0.0317230570940032,1687.722226352582,12.156314476397831,581.2232498721739,0.009797567408864626,0.0,-1.6878110548244987,0.9359017507349877,True,0,Optimization terminated successfully,19,1,6.03582356336959e-10,-0.035074255256133224,0.19741576748403356,-0.17766693969350716,0.0,0.0,0.005824706741825634,0.040956196325291,0.07790888256931806,0.020039580387186794,3.1717039488181563e-06,2.327618616972877,0.03879364361621462,combined_risk_parity__ledoit_wolf,,,,,,,,,
combined_risk_parity,Combined Risk Parity,combined,risk_parity,monthly,26,2023-02-01,2022-01-31,2023-01-31,2023-02-01,252,252,60,0.03398677216329406,3.3986772163294055e-05,10.0,ledoit_wolf,0.03183634407152668,1534.2633133226127,12.00252509438048,562.0625628479148,0.010043968785024992,0.0,-0.9061169181647154,0.6931753816190576,True,0,Optimization terminated successfully,19,1,5.180190080080783e-10,0.0667569725175098,0.1996576532360447,0.3343571931028687,2.220446049250313e-16,0.0,0.005638446501045082,0.03992515601307875,0.07945206855408697,0.019937197748507794,2.938307358577079e-06,2.3098757951086997,0.03849792991847833,combined_risk_parity__ledoit_wolf,,,,,,,,,
combined_risk_parity,Combined Risk Parity,combined,risk_parity,monthly,27,2023-03-01,2022-02-28,2023-02-28,2023-03-01,252,252,60,0.017867510230035084,1.7867510230035085e-05,10.0,ledoit_wolf,0.033242433084284866,1718.4039056567437,11.661427054864266,565.9393455013867,0.009628045188344075,0.0,-1.0331553358389942,0.560747599864184,True,0,Optimization terminated successfully,18,1,1.1037422053434447e-09,0.005269223753959552,0.1978016377945106,0.026638928841598214,1.1102230246251565e-16,0.0,0.0056202024336080665,0.04030497792714121,0.07978308667272141,0.01992320369113765,4.289021266255309e-06,2.2822977618620257,0.038038296031033765,combined_risk_parity__ledoit_wolf,,,,,,,,,
combined_risk_parity,Combined Risk Parity,combined,risk_parity,monthly,28,2023-04-03,2022-03-31,2023-03-31,2023-04-03,252,252,60,0.027746772282921127,2.7746772282921127e-05,10.0,ledoit_wolf,0.03320638573773062,1617.68167209737,11.5235751283302,557.2454560211943,0.009722938957983243,0.0,-1.1728849366405165,0.4041887312530835,True,0,Optimization terminated successfully,18,1,1.0007597166763614e-09,-0.03864540854401123,0.20026726614145565,-0.19296917208983444,0.0,0.0,0.005792776775294763,0.04077063465735294,0.0798474019197826,0.019903406333690386,4.084033375386722e-06,2.2177729026505455,0.03696288171084242,combined_risk_parity__ledoit_wolf,,,,,,,,,
combined_risk_parity,Combined Risk Parity,combined,risk_parity,monthly,29,2023-05-01,2022-04-28,2023-04-28,2023-05-01,252,252,60,0.02231835733325812,2.231835733325812e-05,10.0,ledoit_wolf,0.03571976631643648,1653.5205264697008,11.12262880536652,528.2730078528022,0.009724417611864157,0.0,-0.8606587353755566,0.5858993506629674,True,0,Optimization terminated successfully,18,1,6.606305079179678e-10,0.024517038937830256,0.19802477697496368,0.12380793611968037,0.0,0.0,0.005866216980171591,0.04034104082935058,0.0814248483893858,0.019821430685364627,3.3182086229321593e-06,2.237192165206033,0.03728653608676722,combined_risk_parity__ledoit_wolf,,,,,,,,,
combined_risk_parity,Combined Risk Parity,combined,risk_parity,monthly,30,2023-06-01,2022-05-31,2023-05-31,2023-06-01,252,252,60,0.028931827583084047,2.8931827583084047e-05,10.0,ledoit_wolf,0.04178249267865943,1381.8653047969065,9.796146602086488,422.91726097330826,0.009823236757488172,0.0,-0.45545680673063427,0.9143758820515224,True,0,Optimization terminated successfully,17,1,2.605773506928754e-10,-0.015728703718704277,0.1849441088710459,-0.08504571361973617,0.0,0.0,0.006103636136339394,0.04030508422411816,0.08740297863677392,0.019461942172965686,2.0839759703224626e-06,2.184661529882506,0.03641102549804177,combined_risk_parity__ledoit_wolf,,,,,,,,,
combined_risk_parity,Combined Risk Parity,combined,risk_parity,monthly,31,2023-07-03,2022-06-30,2023-06-30,2023-07-03,252,252,60,0.03953792644038463,3.953792644038463e-05,10.0,ledoit_wolf,0.046969729647794875,1200.8839779487605,9.395883312657043,354.4947962479417,0.010427340974869087,0.0,-0.4050686877913898,1.2823855441728425,True,0,Optimization terminated successfully,18,1,3.278579756048816e-10,0.14374069731706549,0.17049785102532405,0.8430645691582099,1.1102230246251565e-16,0.0,0.005923010268490987,0.04383161062233154,0.09052869483190093,0.019589183782959683,2.3375841361147394e-06,2.476144907460633,0.04126908179101055,combined_risk_parity__ledoit_wolf,,,,,,,,,
combined_risk_parity,Combined Risk Parity,combined,risk_parity,monthly,32,2023-08-01,2022-07-29,2023-07-31,2023-08-01,252,252,60,0.03159764632733235,3.159764632733235e-05,10.0,ledoit_wolf,0.10091191816026106,1224.496672314361,9.687465692035838,180.36043412156,0.01909180597946615,0.0,-0.4257137157133368,1.4045880045311487,True,0,Optimization terminated successfully,18,1,1.910113228845903e-10,0.13277254094042457,0.16450342447610716,0.8071111064299378,2.220446049250313e-16,0.0,0.006590584889291414,0.04180660446716303,0.08932051144317488,0.019419487947869886,1.7842427099686205e-06,2.608786666818604,0.04347977778031007,combined_risk_parity__ledoit_wolf,,,,,,,,,
combined_risk_parity,Combined Risk Parity,combined,risk_parity,monthly,33,2023-09-01,2022-08-31,2023-08-31,2023-09-01,252,252,60,0.026620555994986847,2.6620555994986846e-05,10.0,ledoit_wolf,0.1060806122829069,1081.8206752221295,9.340374455592384,169.35606418162348,0.01956080252934704,0.0,-0.43813560969970056,1.3175303418143658,True,0,Optimization terminated successfully,17,1,5.607894812349455e-10,0.11200319525907579,0.16131449906950213,0.6943157366829089,1.1102230246251565e-16,0.0,0.0067458583128473465,0.04012967887346992,0.08928153804433017,0.01931682602258265,3.0572031914670433e-06,2.649804246558092,0.044163404109301536,combined_risk_parity__ledoit_wolf,,,,,,,,,
combined_risk_parity,Combined Risk Parity,combined,risk_parity,monthly,34,2023-10-02,2022-09-29,2023-09-29,2023-10-02,252,252,60,0.022644509576259762,2.264450957625976e-05,10.0,ledoit_wolf,0.12318025009128128,972.0020640065264,8.711277064641827,142.0508240264789,0.020923736052326,0.0,-0.43345810393913387,1.3764609828460026,True,0,Optimization terminated successfully,16,1,7.698297485474026e-10,0.15755859310573328,0.149602090922962,1.053184431672606,1.1102230246251565e-16,0.0,0.006769667663755437,0.03973793006259055,0.08881922446355447,0.019396056717464298,3.5819681474189234e-06,2.7759003766566552,0.04626500627761092,combined_risk_parity__ledoit_wolf,,,,,,,,,
combined_risk_parity,Combined Risk Parity,combined,risk_parity,monthly,35,2023-11-01,2022-10-31,2023-10-31,2023-11-01,252,252,60,0.029633257087836394,2.9633257087836394e-05,10.0,ledoit_wolf,0.13232338914120753,940.1629121255501,8.361419961764739,132.65454435399857,0.021446642115688842,0.0,-0.4631479082031792,1.221485025665576,True,0,Optimization terminated successfully,19,1,1.5238707572633672e-10,0.06069196148732824,0.13468822038892697,0.45061076100102565,0.0,0.0,0.00607608648208783,0.04109425843966534,0.08000546811235423,0.01983196896514732,1.593670165196889e-06,3.189900134373819,0.05316500223956365,combined_risk_parity__ledoit_wolf,,,,,,,,,
combined_risk_parity,Combined Risk Parity,combined,risk_parity,monthly,36,2023-12-01,2022-11-30,2023-11-30,2023-12-01,252,252,60,0.0467955432300393,4.67955432300393e-05,10.0,ledoit_wolf,0.17080755618151275,718.9238616587598,7.451962978404381,86.9288441620285,0.02409856881758248,0.0,-0.2766021355118453,1.2222043695132911,True,0,Optimization terminated successfully,16,1,1.978548781825216e-10,0.09726707911774261,0.12168742835576012,0.7993190457881711,1.1102230246251565e-16,0.0,0.006970310887249764,0.035819510504338056,0.09267950877967178,0.019218026269213796,1.8159243660024561e-06,3.12954927509089,0.05215915458484817,combined_risk_parity__ledoit_wolf,,,,,,,,,
combined_risk_parity,Combined Risk Parity,combined,risk_parity,monthly,1,2021-01-04,2020-01-03,2020-12-31,2021-01-04,252,252,60,1.0,0.001,10.0,sample_ridge,,1033.4140189789068,21.157579991903326,1033.413620149154,0.009128114582134406,3.526263296721254e-09,-0.3492732395247833,1.982593873089236,True,0,Optimization terminated successfully,13,1,1.2075209553654918e-10,0.3645802082736537,0.3379384652804809,1.0788360773641463,2.220446049250313e-16,0.0,0.009050936694150746,0.035011673812902044,0.1182590890271011,0.01856236249340066,1.4186384055173202e-06,1.3861511375343896,0.02310251895890649,combined_risk_parity__sample_ridge,,,,,,,,,
combined_risk_parity,Combined Risk Parity,combined,risk_parity,monthly,2,2021-02-01,2020-01-31,2021-01-29,2021-02-01,252,252,60,0.04211244098902321,4.211244098902321e-05,10.0,sample_ridge,,1091.1159806064534,22.44822153978953,1091.1155307785195,0.00906686119653018,3.741370219217885e-09,-0.23740683868214907,2.7597000301127537,True,0,Optimization terminated successfully,13,1,9.920448720939535e-11,0.3085222322144494,0.3412462788127886,0.9041043122515867,0.0,0.0,0.009043776990805785,0.033918971414733025,0.11483258143348156,0.01859054491445315,1.2858491825080027e-06,1.4965327816465186,0.024942213027441977,combined_risk_parity__sample_ridge,,,,,,,,,
combined_risk_parity,Combined Risk Parity,combined,risk_parity,monthly,3,2021-03-01,2020-02-28,2021-02-26,2021-03-01,252,252,60,0.06265790310909865,6.265790310909865e-05,10.0,sample_ridge,,1144.0404576090773,23.014831526063983,1144.0399490852305,0.008621976286872026,3.835805215985945e-09,-0.09602128620994455,2.9761046427603395,True,0,Optimization terminated successfully,13,1,1.76338311709496e-10,0.4383230634443276,0.3370091689210663,1.3006265225590667,0.0,0.0,0.009007808281377394,0.03361393916122515,0.11173880242570844,0.01860365266358489,1.7143429825518198e-06,1.5847726278701786,0.026412877131169642,combined_risk_parity__sample_ridge,,,,,,,,,
combined_risk_parity,Combined Risk Parity,combined,risk_parity,monthly,4,2021-04-01,2020-04-01,2021-03-31,2021-04-01,252,252,60,0.07690878635761325,7.690878635761325e-05,10.0,sample_ridge,,662.0121449886715,15.539452910196802,662.0119356502846,0.008177961042976675,2.5899087924670455e-09,-0.060127039234835644,2.867691654241286,True,0,Optimization terminated successfully,18,1,2.375971817693802e-10,0.5386596880425214,0.20278031080247094,2.6563707586346084,0.0,0.0,0.006700983360795335,0.03973462326211976,0.09219156670763018,0.019624776338478457,1.9899630723933997e-06,3.2806252319759563,0.054677087199599274,combined_risk_parity__sample_ridge,,,,,,,,,
combined_risk_parity,Combined Risk Parity,combined,risk_parity,monthly,5,2021-05-03,2020-05-01,2021-04-30,2021-05-03,252,252,60,0.07741182536616069,7.741182536616069e-05,10.0,sample_ridge,,797.3613484584146,15.299208835217478,797.3610584587759,0.00700213425586742,2.5498681137042323e-09,-0.2081438801394524,2.7040908911882555,True,0,Optimization terminated successfully,20,1,4.426581357917503e-10,0.45893663095138343,0.16537740999412257,2.775086579041804,0.0,0.0,0.005391577099526557,0.03876313353900614,0.07673531278402768,0.020123707983274876,2.716180332107532e-06,4.366491717984804,0.0727748619664134,combined_risk_parity__sample_ridge,,,,,,,,,
combined_risk_parity,Combined Risk Parity,combined,risk_parity,monthly,6,2021-06-01,2020-06-01,2021-05-28,2021-06-01,252,252,60,0.049106449100736214,4.9106449100736214e-05,10.0,sample_ridge,,1412.0342280329962,19.13689618527403,1412.0335165734627,0.0063256854156733084,3.1894826656508454e-09,-0.09446757920356907,2.5441974199957964,True,0,Optimization terminated successfully,22,1,1.9234286084120872e-10,0.4060624971235446,0.15836233397063237,2.5641355929930105,2.220446049250313e-16,0.0,0.0043059911693492025,0.035173083155623154,0.05640297162561077,0.020501519407089386,1.790450878229704e-06,4.377136246425824,0.07295227077376373,combined_risk_parity__sample_ridge,,,,,,,,,
combined_risk_parity,Combined Risk Parity,combined,risk_parity,monthly,7,2021-07-01,2020-07-01,2021-06-30,2021-07-01,252,252,60,0.04792859444403984,4.7928594444039835e-05,10.0,sample_ridge,,1689.7173417506071,19.25250895118555,1689.7163954840023,0.005726371633277819,3.2087514597767435e-09,-0.04517062980827402,2.4942228399591873,True,0,Optimization terminated successfully,23,1,4.2032567406036245e-11,0.38814589031320806,0.13721532746234638,2.8287356630746676,0.0,0.0,0.003727827889445118,0.03706386236248816,0.049079096635706275,0.020493939711172277,8.369843428049104e-07,5.527127687303348,0.09211879478838912,combined_risk_parity__sample_ridge,,,,,,,,,
combined_risk_parity,Combined Risk Parity,combined,risk_parity,monthly,8,2021-08-02,2020-07-31,2021-07-30,2021-08-02,252,252,60,0.02055087158531252,2.055087158531252e-05,10.0,sample_ridge,,1995.455148305402,19.050136395589725,1995.4538598721672,0.004914837793726759,3.1750227008480616e-09,-0.03111480254552568,2.133926362043439,True,0,Optimization terminated successfully,22,1,2.2564522036933193e-10,0.350699380708464,0.13565538167791644,2.5852227635253113,0.0,0.0,0.003629654363840772,0.03661026183448917,0.04791732532155414,0.02056941299120545,1.939266271769529e-06,6.0695564318059585,0.10115927386343264,combined_risk_parity__sample_ridge,,,,,,,,,
combined_risk_parity,Combined Risk Parity,combined,risk_parity,monthly,9,2021-09-01,2020-09-01,2021-08-31,2021-09-01,252,252,60,0.025954173512181038,2.595417351218104e-05,10.0,sample_ridge,,2130.423351434478,19.19628066223325,2130.421906888042,0.004716244829139146,3.1993800783784072e-09,-0.07863987065770972,2.5355819840145335,True,0,Optimization terminated successfully,23,1,7.195875763227864e-11,0.3436658261131469,0.13409176429889885,2.562915238754667,0.0,0.0,0.003551455814243084,0.03829926204072782,0.04691730522013085,0.020735717987246483,1.095131328747876e-06,6.520302164802707,0.10867170274671177,combined_risk_parity__sample_ridge,,,,,,,,,
combined_risk_parity,Combined Risk Parity,combined,risk_parity,monthly,10,2021-10-01,2020-10-01,2021-09-30,2021-10-01,252,252,60,0.032048346693306314,3.2048346693306315e-05,10.0,sample_ridge,,2463.798347830006,19.277343381734276,2463.7964940943734,0.004268516662541306,3.2128905314934743e-09,-0.12416434745014902,2.3815964347981127,True,0,Optimization terminated successfully,25,1,2.0473359556955577e-10,0.28145461173169833,0.124848223559878,2.2543741809566953,0.0,0.0,0.0032234431555009492,0.038653011923593605,0.0411662954730592,0.021067913358604303,1.8472213166877788e-06,7.012592533030062,0.11687654221716769,combined_risk_parity__sample_ridge,,,,,,,,,
combined_risk_parity,Combined Risk Parity,combined,risk_parity,monthly,11,2021-11-01,2020-10-30,2021-10-29,2021-11-01,252,252,60,0.03758351191962621,3.758351191962621e-05,10.0,sample_ridge,,2619.1187078079533,19.338376758386744,2619.1166455316716,0.0040917703255054574,3.2230627608338288e-09,-0.03804484144889364,2.5476784819297986,True,0,Optimization terminated successfully,23,1,2.581566634228181e-10,0.35770757404751463,0.11950527903758214,2.993236591121823,0.0,0.0,0.002997650153963878,0.038791927991458156,0.037999596085789636,0.02102134338478685,2.074273621547167e-06,7.538672933287164,0.1256445488881194,combined_risk_parity__sample_ridge,,,,,,,,,
combined_risk_parity,Combined Risk Parity,combined,risk_parity,monthly,12,2021-12-01,2020-12-01,2021-11-30,2021-12-01,252,252,60,0.048728516741865124,4.872851674186512e-05,10.0,sample_ridge,,2669.719085657815,18.426989818738598,2669.717009456781,0.003947631431548849,3.0711649390781164e-09,-0.17349452421536093,1.9218005257051143,True,0,Optimization terminated successfully,22,1,1.1710397923625983e-10,0.21901329918825574,0.11647226448948583,1.880390152524479,0.0,0.0,0.0030833969049799043,0.035386681396494375,0.03665130152443648,0.02069539444027813,1.397044375555496e-06,6.969198135723532,0.11615330226205887,combined_risk_parity__sample_ridge,,,,,,,,,
combined_risk_parity,Combined Risk Parity,combined,risk_parity,monthly,13,2022-01-03,2021-01-04,2021-12-31,2022-01-03,252,252,60,0.028206191740213476,2.8206191740213476e-05,10.0,sample_ridge,,2666.6247079653226,17.698271806197972,2666.622618322197,0.003762759745499404,2.949711938202543e-09,-0.12605950714046,1.882587306240429,True,0,Optimization terminated successfully,22,1,3.236430515310684e-10,0.25259764941361296,0.12077588908092465,2.0914575859123876,0.0,0.0,0.003228235735710782,0.03420646712955441,0.03805365976395471,0.020761081703879324,2.3225096036077555e-06,7.052895245126038,0.11754825408543397,combined_risk_parity__sample_ridge,,,,,,,,,
combined_risk_parity,Combined Risk Parity,combined,risk_parity,monthly,14,2022-02-01,2021-02-02,2022-01-31,2022-02-01,252,252,60,0.040477641120474646,4.047764112047465e-05,10.0,sample_ridge,,2851.3428451164423,16.249425250724453,2851.3405090359306,0.0033044261135941736,2.7082375147050344e-09,-0.26246068625737806,1.7523508442205948,True,0,Optimization terminated successfully,21,1,1.8637605387471023e-10,0.21702019317557583,0.11906830052209774,1.8226529834050946,0.0,0.0,0.003206460113956017,0.0339880495111883,0.03891371008012871,0.020688662937328565,1.7624606561789574e-06,5.6644715585375796,0.09440785930895966,combined_risk_parity__sample_ridge,,,,,,,,,
combined_risk_parity,Combined Risk Parity,combined,risk_parity,monthly,15,2022-03-01,2021-03-02,2022-02-28,2022-03-01,252,252,60,0.037778463828747506,3.777846382874751e-05,10.0,sample_ridge,,2501.83520665403,15.6446971387369,2501.8334143156535,0.0036381531451726568,2.6074494970483213e-09,-0.46865655744791945,1.8126264661629579,True,0,Optimization terminated successfully,21,1,1.6663830946518105e-10,0.16619638879500923,0.12156458100688189,1.3671448329641402,1.1102230246251565e-16,0.0,0.003304385986726485,0.03220472474772704,0.041290388100768356,0.020595698640744318,1.6665248746278031e-06,4.540293024699172,0.07567155041165287,combined_risk_parity__sample_ridge,,,,,,,,,
combined_risk_parity,Combined Risk Parity,combined,risk_parity,monthly,16,2022-04-01,2021-04-05,2022-03-31,2022-04-01,252,252,60,0.02288644121536516,2.288644121536516e-05,10.0,sample_ridge,,2657.789451460922,15.508194418583997,2657.7874311998767,0.003399066256181919,2.5846990439170094e-09,-0.30439771676211014,1.885652709704718,True,0,Optimization terminated successfully,21,1,2.7803113946712765e-10,0.1628268226858253,0.12219829278831415,1.3324803397040295,0.0,0.0,0.0033552454787175697,0.03368319148177768,0.04207850152167679,0.021007097553701698,2.1526384565117164e-06,4.3909241322200145,0.07318206887033357,combined_risk_parity__sample_ridge,,,,,,,,,
combined_risk_parity,Combined Risk Parity,combined,risk_parity,monthly,17,2022-05-02,2021-05-03,2022-04-29,2022-05-02,252,252,60,0.04547729345274711,4.547729345274711e-05,10.0,sample_ridge,,2268.0720529882974,14.616939598090791,2268.0705823024423,0.003755351568541809,2.4361565753202328e-09,-0.8113680578388313,0.9388799704010586,True,0,Optimization terminated successfully,21,1,2.2837775341612412e-10,0.05576759281484145,0.13344020557957345,0.4179219641683327,0.0,0.0,0.00367916270551769,0.03273766901908986,0.04644655912455144,0.020651811661217535,1.950973062414856e-06,3.462673711605051,0.05771122852675085,combined_risk_parity__sample_ridge,,,,,,,,,
combined_risk_parity,Combined Risk Parity,combined,risk_parity,monthly,18,2022-06-01,2021-06-02,2022-05-31,2022-06-01,252,252,60,0.056431294578291206,5.6431294578291206e-05,10.0,sample_ridge,,1749.1178335346817,11.427291522924937,1749.1168499859352,0.0033850638542445763,1.9045485681086706e-09,-1.3313647804876834,1.0545687899640876,True,0,Optimization terminated successfully,20,1,9.957093946904444e-10,0.031839307453197185,0.14337419713551702,0.2220713914310727,0.0,0.0,0.004843766725976053,0.03496944385294866,0.057351881009081555,0.020943763776077852,4.073715328563493e-06,3.1146355558181256,0.05191059259696876,combined_risk_parity__sample_ridge,,,,,,,,,
combined_risk_parity,Combined Risk Parity,combined,risk_parity,monthly,19,2022-07-01,2021-07-01,2022-06-30,2022-07-01,252,252,60,0.044276748270555624,4.4276748270555626e-05,10.0,sample_ridge,,1728.2907180182563,11.39417321293967,1728.2897413627395,0.00335857919415917,1.8990288498329904e-09,-1.3731545680323536,0.8011361548468544,True,0,Optimization terminated successfully,21,1,5.889222132274791e-10,-0.04883819313137381,0.15966212720828657,-0.305884645189915,1.1102230246251565e-16,0.0,0.005218464094505449,0.037543282037958495,0.05926575210328218,0.020891633278209407,3.1329491250989596e-06,2.815942596198759,0.04693237660331265,combined_risk_parity__sample_ridge,,,,,,,,,
combined_risk_parity,Combined Risk Parity,combined,risk_parity,monthly,20,2022-08-01,2021-07-30,2022-07-29,2022-08-01,252,252,60,0.03975607881194894,3.975607881194894e-05,10.0,sample_ridge,,1745.9284225597828,11.969160269844172,1745.9274188145564,0.003467899877531967,1.9948600250254287e-09,-1.124999905167706,1.0610827829850287,True,0,Optimization terminated successfully,20,1,4.482117544179205e-10,-0.004126937396655258,0.1620134315318639,-0.025472810233289792,0.0,0.0,0.005070370819117446,0.03498039762789948,0.05965766635030391,0.0208616847653215,2.733165912813488e-06,2.879876277484262,0.04799793795807104,combined_risk_parity__sample_ridge,,,,,,,,,
combined_risk_parity,Combined Risk Parity,combined,risk_parity,monthly,21,2022-09-01,2021-09-01,2022-08-31,2022-09-01,252,252,60,0.021145748187259956,2.1145748187259958e-05,10.0,sample_ridge,,1737.9831184875734,11.88356948842717,1737.9821098442574,0.0034107794427566457,1.9805948949319128e-09,-1.791651518649385,1.1828191271343909,True,0,Optimization terminated successfully,19,1,5.518348259576426e-10,-0.05681213416002667,0.16681246084816764,-0.3405748819432438,0.0,0.0,0.0050868445475149345,0.03370778267068796,0.061772930363440316,0.020736278244322136,3.032696341425064e-06,2.8568373642010934,0.04761395607001822,combined_risk_parity__sample_ridge,,,,,,,,,
combined_risk_parity,Combined Risk Parity,combined,risk_parity,monthly,22,2022-10-03,2021-10-01,2022-09-30,2022-10-03,252,252,60,0.03373943150991208,3.373943150991208e-05,10.0,sample_ridge,,1698.881325240989,11.7416379889912,1698.8803108499346,0.0032755131851599957,1.9569396452624707e-09,-1.6131078797075316,0.8913308032260187,True,0,Optimization terminated successfully,18,1,3.6500409829280364e-10,-0.09364812854184759,0.17785143602640668,-0.5265525577648026,2.220446049250313e-16,0.0,0.005553368137470745,0.034201967912401036,0.06965643495008664,0.020224491547024995,2.466455277967516e-06,2.6931594406420003,0.04488599067736667,combined_risk_parity__sample_ridge,,,,,,,,,
combined_risk_parity,Combined Risk Parity,combined,risk_parity,monthly,23,2022-11-01,2021-11-01,2022-10-31,2022-11-01,252,252,60,0.03806810211730399,3.8068102117303995e-05,10.0,sample_ridge,,1529.693039460691,11.868531637254668,1529.6921907522328,0.003562931697367819,1.9780885864282257e-09,-1.7028483801535979,0.9320822595695339,True,0,Optimization terminated successfully,19,1,1.727908243526964e-10,-0.061718771650484124,0.1903362665758284,-0.32426175400417384,2.220446049250313e-16,0.0,0.006131907098828343,0.03862329093476414,0.07832419943594768,0.019875377219536115,1.6970112175658559e-06,2.5127894548850787,0.041879824248084646,combined_risk_parity__sample_ridge,,,,,,,,,
combined_risk_parity,Combined Risk Parity,combined,risk_parity,monthly,24,2022-12-01,2021-12-01,2022-11-30,2022-12-01,252,252,60,0.037782992852417076,3.7782992852417074e-05,10.0,sample_ridge,,1741.480456821167,12.511759456409925,1741.479417358475,0.003491623258897,2.0852932218820557e-09,-1.4992075946870713,1.012398262304997,True,0,Optimization terminated successfully,20,1,6.300041386394707e-10,0.05723285159781814,0.1988161917382314,0.28786816152867967,0.0,0.0,0.005857241921217945,0.04370637299625403,0.07566270710173044,0.02024990953944694,3.2403809926187356e-06,2.3908368069326627,0.03984728011554438,combined_risk_parity__sample_ridge,,,,,,,,,
combined_risk_parity,Combined Risk Parity,combined,risk_parity,monthly,25,2023-01-03,2021-12-31,2022-12-30,2023-01-03,252,252,60,0.026838192441777146,2.6838192441777147e-05,10.0,sample_ridge,,1687.722226352582,12.204746130223773,1687.7212445509294,0.00349459862260238,2.034124334696052e-09,-1.6878110548244987,0.9359017507349877,True,0,Optimization terminated successfully,19,1,8.07072207045609e-10,-0.03454090038456122,0.20046830899207393,-0.1723010512645512,1.1102230246251565e-16,0.0,0.005806450965966925,0.041380934169756696,0.07768075893692619,0.02009300015655896,3.6675882335343904e-06,2.31693314638184,0.03861555243969734,combined_risk_parity__sample_ridge,,,,,,,,,
combined_risk_parity,Combined Risk Parity,combined,risk_parity,monthly,26,2023-02-01,2022-01-31,2023-01-31,2023-02-01,252,252,60,0.03394779939836764,3.3947799398367636e-05,10.0,sample_ridge,,1534.2633133226127,12.050344039961132,1534.2625053683762,0.0038113442206849446,2.0083906532429493e-09,-0.9061169181647154,0.6931753816190576,True,0,Optimization terminated successfully,19,1,4.400034291709817e-10,0.0669662622011829,0.2027840060564112,0.3302344376338733,0.0,0.0,0.005621043713208505,0.04030442498783563,0.07923412271606492,0.019986593945327685,2.708023354068688e-06,2.2991239433336017,0.03831873238889336,combined_risk_parity__sample_ridge,,,,,,,,,
combined_risk_parity,Combined Risk Parity,combined,risk_parity,monthly,27,2023-03-01,2022-02-28,2023-02-28,2023-03-01,252,252,60,0.01787077080068333,1.787077080068333e-05,10.0,sample_ridge,,1718.4039056567437,11.707887040687611,1718.4028867774784,0.003289099358970045,1.9513144872681243e-09,-1.0331553358389942,0.560747599864184,True,0,Optimization terminated successfully,19,1,5.969315835891876e-10,0.005557818227987162,0.2010264332095514,0.027647201113067812,1.1102230246251565e-16,0.0,0.005602252527837079,0.04071517831920313,0.07954961935338434,0.01997596892270861,3.1541813084359375e-06,2.271879513687372,0.037864658561456196,combined_risk_parity__sample_ridge,,,,,,,,,
combined_risk_parity,Combined Risk Parity,combined,risk_parity,monthly,28,2023-04-03,2022-03-31,2023-03-31,2023-04-03,252,252,60,0.027744514674312097,2.7744514674312097e-05,10.0,sample_ridge,,1617.68167209737,11.569485901906852,1617.680774762569,0.0034740239466297144,1.928247631035332e-09,-1.1728849366405165,0.4041887312530835,True,0,Optimization terminated successfully,19,1,4.681113214194721e-10,-0.03834610255232791,0.20354925950380412,-0.18838733506476482,2.220446049250313e-16,0.0,0.005775064881568448,0.04117961709885586,0.07962416193667661,0.019955555050010922,2.7931801511881894e-06,2.20803643949555,0.036800607324925835,combined_risk_parity__sample_ridge,,,,,,,,,
combined_risk_parity,Combined Risk Parity,combined,risk_parity,monthly,29,2023-05-01,2022-04-28,2023-04-28,2023-05-01,252,252,60,0.022340515216538005,2.2340515216538005e-05,10.0,sample_ridge,,1653.5205264697008,11.166942179208714,1653.5195744327805,0.0032305471431908575,1.8611570112565487e-09,-0.8606587353755566,0.5858993506629674,True,0,Optimization terminated successfully,18,1,8.931257390827882e-10,0.024698326239091493,0.2015017846836579,0.12257125304307324,0.0,0.0,0.005846944228383648,0.04074740265047666,0.08118633375529283,0.019876460211899656,3.8581639395849765e-06,2.226876547908979,0.037114609131816315,combined_risk_parity__sample_ridge,,,,,,,,,
combined_risk_parity,Combined Risk Parity,combined,risk_parity,monthly,30,2023-06-01,2022-05-31,2023-05-31,2023-06-01,252,252,60,0.029005395856639755,2.9005395856639756e-05,10.0,sample_ridge,,1381.8653047969065,9.835175172956511,1381.864585035373,0.003144803621440402,1.63919584576746e-09,-0.45545680673063427,0.9143758820515224,True,0,Optimization terminated successfully,17,1,2.9928302021005986e-10,-0.015649155878830208,0.18872879028319678,-0.08291875264684251,0.0,0.0,0.006081641616420235,0.04079440900790314,0.0871283157611494,0.01951716495981223,2.2333943531839406e-06,2.1737806015011527,0.03622967669168588,combined_risk_parity__sample_ridge,,,,,,,,,
combined_risk_parity,Combined Risk Parity,combined,risk_parity,monthly,31,2023-07-03,2022-06-30,2023-06-30,2023-07-03,252,252,60,0.0397827869146372,3.97827869146372e-05,10.0,sample_ridge,,1200.8839779487605,9.43331720504861,1200.8833950209728,0.0032362173452965535,1.5722195184525737e-09,-0.4050686877913898,1.2823855441728425,True,0,Optimization terminated successfully,19,1,1.7023618676674804e-10,0.1435239206197763,0.1742950936447468,0.8234535902215976,0.0,0.0,0.005895914873779625,0.04465701788968237,0.0901890349617474,0.019672303107783104,1.6844197159396903e-06,2.4604775722842542,0.041007959538070904,combined_risk_parity__sample_ridge,,,,,,,,,
combined_risk_parity,Combined Risk Parity,combined,risk_parity,monthly,32,2023-08-01,2022-07-29,2023-07-31,2023-08-01,252,252,60,0.03200942749233486,3.2009427492334864e-05,10.0,sample_ridge,,1224.496672314361,9.726061270141216,1224.4960377248765,0.00312532848267032,1.6210101954801005e-09,-0.4257137157133368,1.4045880045311487,True,0,Optimization terminated successfully,19,1,2.7426190951373564e-10,0.1323855995035968,0.17221983958050155,0.7687012125087664,0.0,0.0,0.006518131008943968,0.04352359285554211,0.08852068724188165,0.01959720272166273,2.137997152764607e-06,2.5702668507206,0.04283778084534333,combined_risk_parity__sample_ridge,,,,,,,,,
combined_risk_parity,Combined Risk Parity,combined,risk_parity,monthly,33,2023-09-01,2022-08-31,2023-08-31,2023-09-01,252,252,60,0.02661277117714817,2.6612771177148174e-05,10.0,sample_ridge,,1081.8206752221295,9.377587196601691,1081.8201815904176,0.0034220823032751913,1.562931183804303e-09,-0.43813560969970056,1.3175303418143658,True,0,Optimization terminated successfully,18,1,5.262867412095746e-10,0.11196134382961553,0.1693169379896725,0.6612530628001589,0.0,0.0,0.0066678961181846266,0.04169292377180877,0.08845310791534815,0.019489831409471605,2.9616626558112137e-06,2.609946677581031,0.04349911129301719,combined_risk_parity__sample_ridge,,,,,,,,,
combined_risk_parity,Combined Risk Parity,combined,risk_parity,monthly,34,2023-10-02,2022-09-29,2023-09-29,2023-10-02,252,252,60,0.022650330134811703,2.2650330134811705e-05,10.0,sample_ridge,,972.0020640065264,8.745983435227723,972.001657314027,0.0034802575570385586,1.4576638912946484e-09,-0.43345810393913387,1.3764609828460026,True,0,Optimization terminated successfully,18,1,6.279717202104236e-10,0.1571848184097773,0.1581336799528831,0.9939996239675917,0.0,0.0,0.006672747107697801,0.04160284381655294,0.0877916941633229,0.019614895765630868,3.2351499713056657e-06,2.72810485180106,0.045468414196684334,combined_risk_parity__sample_ridge,,,,,,,,,
combined_risk_parity,Combined Risk Parity,combined,risk_parity,monthly,35,2023-11-01,2022-10-31,2023-10-31,2023-11-01,252,252,60,0.030793225511524896,3.0793225511524895e-05,10.0,sample_ridge,,940.1629121255501,8.394732475838616,940.1625344027392,0.003478750874149747,1.3991220653152154e-09,-0.4631479082031792,1.221485025665576,True,0,Optimization terminated successfully,20,1,1.7440703407038994e-10,0.06005875808360445,0.14248582324433207,0.4215069030454826,0.0,0.0,0.00595318871461233,0.043640995650779855,0.07865375403202177,0.02015109072416293,1.7049292950657146e-06,3.118381765206728,0.051973029420112137,combined_risk_parity__sample_ridge,,,,,,,,,
combined_risk_parity,Combined Risk Parity,combined,risk_parity,monthly,36,2023-12-01,2022-11-30,2023-11-30,2023-12-01,252,252,60,0.04836902628865884,4.836902628865884e-05,10.0,sample_ridge,,718.9238616587598,7.481652148752392,718.9236053277319,0.0034923959148081317,1.2469420123226453e-09,-0.2766021355118453,1.2222043695132911,True,0,Optimization terminated successfully,17,1,2.342080823794155e-10,0.09577772195883573,0.13105291302038605,0.7308324534834029,1.1102230246251565e-16,0.0,0.006823809301674695,0.03804569947885096,0.09089115313347534,0.01957822625021922,1.9757196257707745e-06,3.0387190681874245,0.05064531780312374,combined_risk_parity__sample_ridge,,,,,,,,,
crypto_hierarchical_risk_parity,Crypto Hierarchical Risk Parity,crypto,hierarchical_risk_parity,monthly,1,2021-01-01,2020-01-02,2020-12-31,2021-01-01,365,365,10,1.0,0.001,10.0,ledoit_wolf,0.06402368441294844,89.81395132717167,10.27884080190476,49.99981576546155,0.14680089533353705,0.0,0.5017098514163996,2.3211586001308238,True,0,standard single-linkage HRP; raw weights feasible,0,1,0.6697942693809333,1.411948324013726,0.8184095975615959,1.7252343181464935,0.0,0.0,0.0477585712925174,0.217177231542288,1.0,0.12214967473513333,0.0360003211268153,1.115620075643657,0.1115620075643657,crypto_hierarchical_risk_parity__ledoit_wolf,10.0,0.29054290441403435,0.3767381428281511,False,0.0,0.217177231542288,0.12214967473513333,1.0,TRX-USD|BTC-USD|ADA-USD|ETC-USD|ETH-USD|LTC-USD|BCH-USD|EOS-USD|XLM-USD|XRP-USD
crypto_hierarchical_risk_parity,Crypto Hierarchical Risk Parity,crypto,hierarchical_risk_parity,monthly,2,2021-02-01,2020-02-02,2021-01-31,2021-02-01,365,365,10,0.14804922383985017,0.00014804922383985017,10.0,ledoit_wolf,0.06439736318761974,75.33558530462105,12.004135829128039,43.91365968562432,0.18287862809934044,0.0,0.06005577032354803,2.5484846761287328,True,0,standard single-linkage HRP; raw weights feasible,0,1,0.7412325040999244,1.2287166641757357,0.8609486071188711,1.427166097971382,0.0,0.0,0.060366993647917415,0.15592507875369585,1.0,0.11077960225907169,0.024967926719236734,1.080562193451901,0.1080562193451901,crypto_hierarchical_risk_parity__ledoit_wolf,10.0,0.31501711552753847,0.42552009742212077,False,0.0,0.15592507875369585,0.11077960225907169,1.0,XRP-USD|XLM-USD|TRX-USD|ADA-USD|BTC-USD|ETC-USD|BCH-USD|EOS-USD|ETH-USD|LTC-USD
crypto_hierarchical_risk_parity,Crypto Hierarchical Risk Parity,crypto,hierarchical_risk_parity,monthly,3,2021-03-01,2020-03-01,2021-02-28,2021-03-01,365,365,10,0.18904573544771922,0.0001890457354477192,10.0,ledoit_wolf,0.06327213574497596,74.05437041564282,13.017832652152723,42.99308969595825,0.19372158881968404,0.0,0.5370845914100594,4.161129473065568,True,0,standard single-linkage HRP; raw weights feasible,0,1,0.7768960053275247,1.9646830219633222,0.8814170439284259,2.229005027185362,1.1102230246251565e-16,0.0,0.05501904287052841,0.16654320051761112,0.9999999999999999,0.10902016994444019,0.022191030200885205,1.0772196540178223,0.10772196540178222,crypto_hierarchical_risk_parity__ledoit_wolf,10.0,0.32610316120283317,0.44366724538977875,False,0.0,0.16654320051761112,0.10902016994444019,0.9999999999999999,XRP-USD|XLM-USD|ADA-USD|TRX-USD|BTC-USD|ETC-USD|ETH-USD|LTC-USD|BCH-USD|EOS-USD
crypto_hierarchical_risk_parity,Crypto Hierarchical Risk Parity,crypto,hierarchical_risk_parity,monthly,4,2021-04-01,2020-04-01,2021-03-31,2021-04-01,365,365,10,0.09821859076403061,9.821859076403062e-05,10.0,ledoit_wolf,0.04660851255969269,51.29884461843315,10.97417221642733,36.4137080972051,0.17283918175373406,0.0,1.2105871238559645,4.389858023940388,True,0,standard single-linkage HRP; raw weights feasible,0,1,0.5445638779008823,2.4597695082411257,0.7379457147384775,3.3332661998218254,0.0,0.0,0.05629116944426576,0.21305993928439432,1.0,0.11783950597442214,0.025131702638242333,1.1933664939448665,0.11933664939448665,crypto_hierarchical_risk_parity__ledoit_wolf,10.0,0.35267931322490925,0.46527636605971745,False,0.0,0.21305993928439432,0.11783950597442214,1.0,XRP-USD|ADA-USD|XLM-USD|TRX-USD|BTC-USD|ETH-USD|LTC-USD|ETC-USD|BCH-USD|EOS-USD
crypto_hierarchical_risk_parity,Crypto Hierarchical Risk Parity,crypto,hierarchical_risk_parity,monthly,5,2021-05-01,2020-05-01,2021-04-30,2021-05-01,365,365,10,0.18355681570489069,0.00018355681570489068,10.0,ledoit_wolf,0.04290457919709891,55.47690831977861,12.52805388957621,39.2208418586292,0.18012925215622808,0.0,1.3389530736193875,4.061644910746317,True,0,standard single-linkage HRP; raw weights feasible,0,1,0.573299757895032,2.588947204155662,0.7571656079716192,3.41926148903042,0.0,0.0,0.05280206379603156,0.22421769732348637,1.0,0.12419191846489824,0.029631302489872134,1.3149543622544866,0.13149543622544865,crypto_hierarchical_risk_parity__ledoit_wolf,10.0,0.3594936842123898,0.4646969855118193,False,0.0,0.22421769732348637,0.12419191846489824,1.0,XRP-USD|ADA-USD|TRX-USD|XLM-USD|BTC-USD|ETH-USD|LTC-USD|ETC-USD|BCH-USD|EOS-USD
crypto_hierarchical_risk_parity,Crypto Hierarchical Risk Parity,crypto,hierarchical_risk_parity,monthly,6,2021-06-01,2020-06-01,2021-05-31,2021-06-01,365,365,10,0.25893599427697656,0.0002589359942769766,10.0,ledoit_wolf,0.043462949969097796,72.75683473955232,17.180176087507586,48.114382690371755,0.21743335341595638,0.0,1.6344977660684372,4.027006627045755,True,0,standard single-linkage HRP; projected to approved constraints,0,1,0.837846431153164,2.356124669496867,0.9153395168751123,2.574044522343433,1.1102230246251565e-16,0.0,0.04586755836288097,0.25,0.9999999999999999,0.13099287544186805,0.03214565987477737,1.225566614190782,0.1225566614190782,crypto_hierarchical_risk_parity__ledoit_wolf,10.0,0.33391413569385975,0.4459122170337192,True,0.08394132817602193,0.291970664088011,0.14694035974230357,0.9999999999999999,XRP-USD|TRX-USD|BTC-USD|ETC-USD|ETH-USD|LTC-USD|BCH-USD|EOS-USD|ADA-USD|XLM-USD
crypto_hierarchical_risk_parity,Crypto Hierarchical Risk Parity,crypto,hierarchical_risk_parity,monthly,7,2021-07-01,2020-07-01,2021-06-30,2021-07-01,365,365,10,0.05761356539272601,5.761356539272601e-05,10.0,ledoit_wolf,0.03861546280860296,70.2032786348063,18.126777439851278,49.16245479244297,0.23022144573063777,0.0,1.6099765563400221,3.707606194316678,True,0,standard single-linkage HRP; projected to approved constraints,0,1,0.9119704774260309,2.234550916579425,0.9549714537231104,2.339913834981839,0.0,0.0,0.04598359722675318,0.25,1.0,0.13101559133560967,0.032732066691707785,1.2142506213307773,0.12142506213307773,crypto_hierarchical_risk_parity__ledoit_wolf,10.0,0.32589328068100626,0.43690794763467855,True,0.06873409546789053,0.2843670477339453,0.14378360054686617,1.0,XRP-USD|TRX-USD|BTC-USD|ETC-USD|ETH-USD|LTC-USD|BCH-USD|EOS-USD|ADA-USD|XLM-USD
crypto_hierarchical_risk_parity,Crypto Hierarchical Risk Parity,crypto,hierarchical_risk_parity,monthly,8,2021-08-01,2020-08-01,2021-07-31,2021-08-01,365,365,10,0.042056981255562106,4.205698125556211e-05,10.0,ledoit_wolf,0.037749171244928575,70.76295866669705,18.194780675498023,49.880284093221,0.2294526176025847,0.0,1.3485258758858145,3.110042374149922,True,0,standard single-linkage HRP; projected to approved constraints,0,1,0.9264191269701783,1.9855788572119466,0.9625066893119125,2.062924735236302,1.1102230246251565e-16,0.0,0.046097947690108124,0.25,0.9999999999999999,0.13094123927543427,0.03296273503342577,1.2054154491682483,0.12054154491682482,crypto_hierarchical_risk_parity__ledoit_wolf,10.0,0.3292009407167688,0.4352269552184878,True,0.06116382534985655,0.28058191267492827,0.14217438059247364,1.0,XRP-USD|TRX-USD|BTC-USD|ETC-USD|ETH-USD|LTC-USD|BCH-USD|EOS-USD|ADA-USD|XLM-USD
crypto_hierarchical_risk_parity,Crypto Hierarchical Risk Parity,crypto,hierarchical_risk_parity,monthly,9,2021-09-01,2020-09-01,2021-08-31,2021-09-01,365,365,10,0.10069433829504613,0.00010069433829504613,10.0,ledoit_wolf,0.03621892587190568,73.26728127102426,18.454372228632973,51.8408613165662,0.22543790847685907,0.0,1.515952508322425,4.022120776322449,True,0,standard single-linkage HRP; projected to approved constraints,0,1,0.9551366659232503,2.2282640933464877,0.9773109361524869,2.2799950465292023,0.0,0.0,0.054250666447864644,0.25,1.0,0.1278089226146567,0.02761647325747627,1.1705954494472575,0.11705954494472574,crypto_hierarchical_risk_parity__ledoit_wolf,10.0,0.32525736146519335,0.4297330188802528,True,0.07918711402693465,0.2895935570134673,0.14274860801578879,1.0,TRX-USD|BTC-USD|ETC-USD|ETH-USD|LTC-USD|BCH-USD|EOS-USD|XRP-USD|ADA-USD|XLM-USD
crypto_hierarchical_risk_parity,Crypto Hierarchical Risk Parity,crypto,hierarchical_risk_parity,monthly,10,2021-10-01,2020-10-01,2021-09-30,2021-10-01,365,365,10,0.05522454392591076,5.522454392591076e-05,10.0,ledoit_wolf,0.03379723344344271,73.57058882514198,18.74284625787041,53.364826911586256,0.2275108483321613,0.0,1.527302557636806,3.926079204576511,True,0,standard single-linkage HRP; projected to approved constraints,0,1,0.9824178251876505,2.1987805904899926,0.9911699275036802,2.2183689491344345,2.220446049250313e-16,0.0,0.04573199138166838,0.25,1.0000000000000002,0.1316929646245213,0.03469464263046483,1.2053072339507707,0.12053072339507706,crypto_hierarchical_risk_parity__ledoit_wolf,10.0,0.3227275419011463,0.4243446299117551,True,0.04495091830266452,0.2724754591513322,0.13974605796836892,1.0,XRP-USD|TRX-USD|BTC-USD|ETC-USD|ETH-USD|LTC-USD|BCH-USD|EOS-USD|ADA-USD|XLM-USD
crypto_hierarchical_risk_parity,Crypto Hierarchical Risk Parity,crypto,hierarchical_risk_parity,monthly,11,2021-11-01,2020-11-01,2021-10-31,2021-11-01,365,365,10,0.18538804725078842,0.0001853880472507884,10.0,ledoit_wolf,0.032526937311660196,71.81864563406981,18.992198076355955,53.06662918598843,0.23330177625017082,0.0,1.7333005404828021,3.935855325204024,True,0,standard single-linkage HRP; raw weights feasible,0,1,1.0034528381405134,2.596258747513477,1.0017249313761305,2.591788090915176,1.1102230246251565e-16,0.0,0.036866187575372765,0.21315526935075554,0.9999999999999999,0.1244348942446779,0.03102508339053099,1.2088867270219956,0.12088867270219956,crypto_hierarchical_risk_parity__ledoit_wolf,10.0,0.3185122695088076,0.4241277651006024,False,0.0,0.21315526935075554,0.1244348942446779,0.9999999999999999,XRP-USD|ADA-USD|XLM-USD|BTC-USD|TRX-USD|ETC-USD|ETH-USD|LTC-USD|BCH-USD|EOS-USD
crypto_hierarchical_risk_parity,Crypto Hierarchical Risk Parity,crypto,hierarchical_risk_parity,monthly,12,2021-12-01,2020-12-01,2021-11-30,2021-12-01,365,365,10,0.17447842104197483,0.00017447842104197485,10.0,ledoit_wolf,0.034027246259506906,70.55614914789201,17.947944662764144,51.850655800782654,0.22709516561060605,0.0,1.3146231034194442,3.122853656507479,True,0,standard single-linkage HRP; projected to approved constraints,0,1,0.9734091485320138,1.8210702420409466,0.9866149950877565,1.8457759623640908,2.220446049250313e-16,0.0,0.04926567539767706,0.25,1.0000000000000002,0.1309246164457513,0.03501279840509519,1.166471505878463,0.11664715058784629,crypto_hierarchical_risk_parity__ledoit_wolf,10.0,0.3213063464724326,0.42914875657426405,True,0.026833988319553935,0.2634169941597769,0.13559696531265852,1.0,XRP-USD|TRX-USD|BTC-USD|ETC-USD|ETH-USD|LTC-USD|BCH-USD|EOS-USD|ADA-USD|XLM-USD
crypto_hierarchical_risk_parity,Crypto Hierarchical Risk Parity,crypto,hierarchical_risk_parity,monthly,13,2022-01-01,2021-01-01,2021-12-31,2022-01-01,365,365,10,0.03037087056484445,3.037087056484445e-05,10.0,ledoit_wolf,0.034744739115393976,72.39242900802797,17.225976725522855,52.622131480642125,0.21612841293134277,0.0,0.7900713622483729,2.9288592735790466,True,0,standard single-linkage HRP; projected to approved constraints,0,1,0.9502793929793386,1.5284714484152653,0.974822749518772,1.5679480697078578,0.0,0.0,0.0470602395601742,0.25,1.0,0.13169981567201672,0.03727422596353458,1.1677544556442436,0.11677544556442436,crypto_hierarchical_risk_parity__ledoit_wolf,10.0,0.31376626036482297,0.4434265688834922,True,0.010865856017428038,0.255432928008714,0.1335435880157523,1.0,XRP-USD|TRX-USD|BTC-USD|ETC-USD|ETH-USD|EOS-USD|BCH-USD|LTC-USD|ADA-USD|XLM-USD
crypto_hierarchical_risk_parity,Crypto Hierarchical Risk Parity,crypto,hierarchical_risk_parity,monthly,14,2022-02-01,2021-02-01,2022-01-31,2022-02-01,365,365,10,0.15869117897480234,0.00015869117897480235,10.0,ledoit_wolf,0.03252543034303245,79.5844095795959,15.153213794736706,58.28593204354688,0.18185097608813472,0.0,0.228404468262425,2.3355318524584225,True,0,standard single-linkage HRP; projected to approved constraints,0,1,0.8361323094471295,0.997470117961063,0.914402706386595,1.0908433570835785,0.0,0.0,0.03371638969883929,0.25,1.0,0.1381105355033052,0.04251932476902204,1.232543468553241,0.1232543468553241,crypto_hierarchical_risk_parity__ledoit_wolf,10.0,0.3034302687834544,0.40760454501110316,True,0.005156846001413036,0.25257842300070654,0.1389770582069338,1.0,ADA-USD|TRX-USD|BTC-USD|XLM-USD|XRP-USD|ETC-USD|ETH-USD|LTC-USD|BCH-USD|EOS-USD
crypto_hierarchical_risk_parity,Crypto Hierarchical Risk Parity,crypto,hierarchical_risk_parity,monthly,15,2022-03-01,2021-03-01,2022-02-28,2022-03-01,365,365,10,0.06634146473970334,6.634146473970334e-05,10.0,ledoit_wolf,0.03315074141904715,87.02164130770612,14.08967485399577,62.447178607873965,0.16350005779972987,0.0,-0.11156085519844017,2.0724468445062976,True,0,standard single-linkage HRP; raw weights feasible,0,1,0.8170331090139904,0.6505306357545102,0.9038988378209093,0.7196940725389014,0.0,0.0,0.03348475865563289,0.2422158977998957,1.0,0.13501121772516403,0.04109276358721502,1.227066726772004,0.1227066726772004,crypto_hierarchical_risk_parity__ledoit_wolf,10.0,0.2966663575649769,0.38232693768650405,False,0.0,0.2422158977998957,0.13501121772516403,1.0,TRX-USD|ADA-USD|BTC-USD|ETC-USD|XLM-USD|XRP-USD|ETH-USD|LTC-USD|BCH-USD|EOS-USD
crypto_hierarchical_risk_parity,Crypto Hierarchical Risk Parity,crypto,hierarchical_risk_parity,monthly,16,2022-04-01,2021-04-01,2022-03-31,2022-04-01,365,365,10,0.06386251096579378,6.386251096579377e-05,10.0,ledoit_wolf,0.03353977073353148,88.56970653339674,13.738197875713954,63.23023009324413,0.15923777987171406,0.0,0.013983181025180258,2.2375922244923276,True,0,standard single-linkage HRP; raw weights feasible,0,1,0.8163285687583088,0.5133743221957032,0.9035090308117064,0.5682005433133205,1.1102230246251565e-16,0.0,0.03949048199020982,0.2384176628014003,0.9999999999999999,0.1323972298105059,0.03758585148111399,1.1883399478945331,0.1188339947894533,crypto_hierarchical_risk_parity__ledoit_wolf,10.0,0.2968851708430569,0.36346566402447195,False,0.0,0.2384176628014003,0.1323972298105059,0.9999999999999999,TRX-USD|ADA-USD|BTC-USD|ETC-USD|XLM-USD|XRP-USD|ETH-USD|EOS-USD|BCH-USD|LTC-USD
crypto_hierarchical_risk_parity,Crypto Hierarchical Risk Parity,crypto,hierarchical_risk_parity,monthly,17,2022-05-01,2021-05-01,2022-04-30,2022-05-01,365,365,10,0.10906859919650055,0.00010906859919650056,10.0,ledoit_wolf,0.03614631038721132,91.69323426918804,12.100605745783627,64.10817145998618,0.14380434141618947,0.0,-0.6263076640328578,0.5920204615802523,True,0,standard single-linkage HRP; raw weights feasible,0,1,0.779972362078972,-0.10902549302808412,0.8831604396025514,-0.12344924901431142,0.0,0.0,0.05172594024944103,0.2357056643044934,1.0,0.1270722982370335,0.0334897492480568,1.1315391509980466,0.11315391509980466,crypto_hierarchical_risk_parity__ledoit_wolf,10.0,0.2884187502185348,0.3483785567762737,False,0.0,0.2357056643044934,0.1270722982370335,1.0,ETC-USD|ADA-USD|BTC-USD|TRX-USD|XLM-USD|XRP-USD|ETH-USD|EOS-USD|BCH-USD|LTC-USD
crypto_hierarchical_risk_parity,Crypto Hierarchical Risk Parity,crypto,hierarchical_risk_parity,monthly,18,2022-06-01,2021-06-01,2022-05-31,2022-06-01,365,365,10,0.15265649721129773,0.00015265649721129772,10.0,ledoit_wolf,0.014815008940916655,106.49156473650538,8.226353868320464,88.88333607671666,0.07301487905402429,0.0,-1.0786584425585104,0.4837732700368159,True,0,standard single-linkage HRP; raw weights feasible,0,1,0.6281894492757034,-0.345455294855915,0.7925840329426928,-0.4358595183570811,0.0,0.0,0.05925300780316677,0.13560749513685083,1.0,0.10483293606056446,0.02074688318955947,1.0204666548837404,0.10204666548837404,crypto_hierarchical_risk_parity__ledoit_wolf,10.0,0.23808011719298872,0.37696162843618125,False,0.0,0.13560749513685083,0.10483293606056446,1.0,TRX-USD|ADA-USD|ETC-USD|BTC-USD|ETH-USD|XRP-USD|XLM-USD|EOS-USD|BCH-USD|LTC-USD
crypto_hierarchical_risk_parity,Crypto Hierarchical Risk Parity,crypto,hierarchical_risk_parity,monthly,19,2022-07-01,2021-07-01,2022-06-30,2022-07-01,365,365,10,0.0928329469747875,9.283294697478751e-05,10.0,ledoit_wolf,0.013247818469715641,108.6950897456328,7.902286572839792,91.89320581556792,0.06710193838914956,0.0,-1.2801539154201342,0.3150518664621398,True,0,standard single-linkage HRP; raw weights feasible,0,1,0.5752398726076,-0.48546880171711215,0.7584456952264941,-0.6400837987117021,0.0,0.0,0.05623947685871959,0.18868727630371804,1.0,0.11509338538486584,0.02975206817897489,1.0472266501114347,0.10472266501114347,crypto_hierarchical_risk_parity__ledoit_wolf,10.0,0.2579558593327924,0.4090673354009216,False,0.0,0.18868727630371804,0.11509338538486584,1.0,TRX-USD|ADA-USD|BTC-USD|ETH-USD|XLM-USD|XRP-USD|ETC-USD|EOS-USD|BCH-USD|LTC-USD
crypto_hierarchical_risk_parity,Crypto Hierarchical Risk Parity,crypto,hierarchical_risk_parity,monthly,20,2022-08-01,2021-08-01,2022-07-31,2022-08-01,365,365,10,0.14279157292614514,0.00014279157292614513,10.0,ledoit_wolf,0.014208137724627557,110.22335935631665,8.332065232758088,91.73368642658406,0.06993202766708803,0.0,-0.9769138015002934,0.4333954992532194,True,0,standard single-linkage HRP; raw weights feasible,0,1,0.6070890948630573,-0.24222648371006297,0.7791592230494723,-0.31088187952397883,0.0,0.0,0.05664190866678905,0.15133977022747405,1.0,0.10758770754136038,0.022830944737742918,1.0451143904235811,0.10451143904235811,crypto_hierarchical_risk_parity__ledoit_wolf,10.0,0.26981676549621225,0.4101462700745952,False,0.0,0.15133977022747405,0.10758770754136038,1.0,TRX-USD|ADA-USD|ETC-USD|BTC-USD|ETH-USD|XLM-USD|XRP-USD|EOS-USD|BCH-USD|LTC-USD
crypto_hierarchical_risk_parity,Crypto Hierarchical Risk Parity,crypto,hierarchical_risk_parity,monthly,21,2022-09-01,2021-09-01,2022-08-31,2022-09-01,365,365,10,0.10088925765540477,0.00010088925765540477,10.0,ledoit_wolf,0.015158331785371218,107.16128977438619,8.00968131135965,88.57433813186492,0.0693465185202772,0.0,-1.361594014597837,0.006250885117470517,True,0,standard single-linkage HRP; raw weights feasible,0,1,0.5627650396241268,-0.6508211092416006,0.7501766722740228,-0.8675571146044251,2.220446049250313e-16,0.0,0.05691796320229165,0.18569160985854263,1.0000000000000002,0.11435788780554043,0.02758217197513384,1.0663412038714433,0.10663412038714433,crypto_hierarchical_risk_parity__ledoit_wolf,10.0,0.26572105530036805,0.42134394437600203,False,0.0,0.18569160985854263,0.11435788780554043,1.0000000000000002,TRX-USD|ADA-USD|ETC-USD|XLM-USD|XRP-USD|BTC-USD|ETH-USD|EOS-USD|BCH-USD|LTC-USD
crypto_hierarchical_risk_parity,Crypto Hierarchical Risk Parity,crypto,hierarchical_risk_parity,monthly,22,2022-10-01,2021-10-01,2022-09-30,2022-10-01,365,365,10,0.0812175548334337,8.121755483343369e-05,10.0,ledoit_wolf,0.014645497517637522,95.37972847495229,7.625652244093387,80.52146719501482,0.0709401100918585,0.0,-1.14229358100699,0.08712502317146564,True,0,standard single-linkage HRP; raw weights feasible,0,1,0.5032902983605624,-0.5098468478542421,0.709429558420399,-0.718671560555577,0.0,0.0,0.05419240878976492,0.18833944423615823,1.0,0.12182237584192546,0.03340117729624884,1.1149001306006339,0.11149001306006338,crypto_hierarchical_risk_parity__ledoit_wolf,10.0,0.2773250472043049,0.4296166836713623,False,0.0,0.18833944423615823,0.12182237584192546,1.0,TRX-USD|ETC-USD|ADA-USD|XLM-USD|XRP-USD|EOS-USD|BTC-USD|ETH-USD|BCH-USD|LTC-USD
crypto_hierarchical_risk_parity,Crypto Hierarchical Risk Parity,crypto,hierarchical_risk_parity,monthly,23,2022-11-01,2021-11-01,2022-10-31,2022-11-01,365,365,10,0.07157788737969137,7.157788737969137e-05,10.0,ledoit_wolf,0.015423511626620316,107.23172559809127,7.3654581466846265,87.91257666543285,0.06246680258600427,0.0,-1.2818155021959377,-0.19249057113465196,True,0,standard single-linkage HRP; raw weights feasible,0,1,0.47220606311846225,-0.6848365438498933,0.6871725133607005,-0.9966006068848958,2.220446049250313e-16,0.0,0.05259035888040995,0.1901221147777043,0.9999999999999998,0.12342994694924891,0.033949576996804835,1.1343383605196673,0.11343383605196673,crypto_hierarchical_risk_parity__ledoit_wolf,10.0,0.26667542077789064,0.43620255180949197,False,0.0,0.1901221147777043,0.12342994694924891,0.9999999999999998,TRX-USD|ETC-USD|EOS-USD|ADA-USD|XLM-USD|XRP-USD|BTC-USD|ETH-USD|BCH-USD|LTC-USD
crypto_hierarchical_risk_parity,Crypto Hierarchical Risk Parity,crypto,hierarchical_risk_parity,monthly,24,2022-12-01,2021-12-01,2022-11-30,2022-12-01,365,365,10,0.05125252879805685,5.125252879805685e-05,10.0,ledoit_wolf,0.016837264814127888,124.10985848739648,7.79249651792724,97.47584244869302,0.0606463034341026,0.0,-1.246741325256994,-0.2122122406342102,True,0,standard single-linkage HRP; raw weights feasible,0,1,0.5032444860846942,-0.7431990333953211,0.7093972695779807,-1.0476485676882419,2.220446049250313e-16,0.0,0.05399832735088378,0.19267748166905707,1.0000000000000002,0.12364366641015341,0.032870874167560106,1.130856569662059,0.1130856569662059,crypto_hierarchical_risk_parity__ledoit_wolf,10.0,0.25495183930245957,0.4372882215367929,False,0.0,0.19267748166905707,0.12364366641015341,1.0000000000000002,TRX-USD|EOS-USD|ETC-USD|ADA-USD|XLM-USD|XRP-USD|BTC-USD|ETH-USD|BCH-USD|LTC-USD
crypto_hierarchical_risk_parity,Crypto Hierarchical Risk Parity,crypto,hierarchical_risk_parity,monthly,25,2023-01-01,2022-01-01,2022-12-31,2023-01-01,365,365,10,0.16057422523604148,0.00016057422523604149,10.0,ledoit_wolf,0.018508064633513163,127.02537016969998,7.372230811539915,97.04296054847416,0.05735237139681433,0.0,-1.248978605810294,-0.09350913596788747,True,0,standard single-linkage HRP; raw weights feasible,0,1,0.48914414587673133,-0.629706397297361,0.6993884084517924,-0.9003672203994865,2.220446049250313e-16,0.0,0.058099502929859846,0.19157133807444418,1.0000000000000002,0.11389618496770157,0.024730264784938744,1.1082816138536888,0.11082816138536888,crypto_hierarchical_risk_parity__ledoit_wolf,10.0,0.25260246859065943,0.44360897068483873,False,0.0,0.19157133807444418,0.11389618496770157,1.0000000000000002,TRX-USD|EOS-USD|ETC-USD|ADA-USD|XLM-USD|XRP-USD|BCH-USD|LTC-USD|BTC-USD|ETH-USD
crypto_hierarchical_risk_parity,Crypto Hierarchical Risk Parity,crypto,hierarchical_risk_parity,monthly,26,2023-02-01,2022-02-01,2023-01-31,2023-02-01,365,365,10,0.04187322110159345,4.187322110159345e-05,10.0,ledoit_wolf,0.019111612805351518,127.82233875649337,7.225528013978532,96.62009649179305,0.05612765277266148,0.0,-0.5965295926929296,0.4946320666884034,True,0,standard single-linkage HRP; raw weights feasible,0,1,0.4717934374268757,-0.10553354265355054,0.6868722133169136,-0.15364363357185157,1.1102230246251565e-16,0.0,0.05884413693501529,0.1957437344672363,0.9999999999999999,0.11450807273076323,0.024447665914463162,1.1211045392167711,0.11211045392167711,crypto_hierarchical_risk_parity__ledoit_wolf,10.0,0.2546825030445145,0.4471547725140453,False,0.0,0.1957437344672363,0.11450807273076323,0.9999999999999999,TRX-USD|EOS-USD|ETC-USD|ADA-USD|XLM-USD|XRP-USD|BCH-USD|LTC-USD|BTC-USD|ETH-USD
crypto_hierarchical_risk_parity,Crypto Hierarchical Risk Parity,crypto,hierarchical_risk_parity,monthly,27,2023-03-01,2022-03-01,2023-02-28,2023-03-01,365,365,10,0.07944969857049639,7.944969857049639e-05,10.0,ledoit_wolf,0.02063736419931088,133.50767542190056,6.84749389974078,97.69884291570531,0.05229218103302139,0.0,-0.6185645624590409,0.32657470449165027,True,0,standard single-linkage HRP; raw weights feasible,0,1,0.4367114338007695,-0.1926496991759737,0.6608414588997649,-0.2915218114443307,0.0,0.0,0.058541259291913485,0.19164524079681192,1.0,0.11571982653460909,0.025954055376880638,1.1425207353643945,0.11425207353643944,crypto_hierarchical_risk_parity__ledoit_wolf,10.0,0.25631728938188486,0.4502546296052669,False,0.0,0.19164524079681192,0.11571982653460909,1.0,TRX-USD|EOS-USD|ETC-USD|BCH-USD|ADA-USD|XLM-USD|XRP-USD|LTC-USD|BTC-USD|ETH-USD
crypto_hierarchical_risk_parity,Crypto Hierarchical Risk Parity,crypto,hierarchical_risk_parity,monthly,28,2023-04-01,2022-04-01,2023-03-31,2023-04-01,365,365,10,0.11419642330540412,0.00011419642330540413,10.0,ledoit_wolf,0.020516696071543723,131.4420895176278,6.944776561837515,96.64768888500433,0.0534163353526879,0.0,-0.8037839719825717,0.11581888776947913,True,0,standard single-linkage HRP; raw weights feasible,0,1,0.45513540747793946,-0.2561718678429148,0.6746372413956552,-0.3797179463632329,0.0,0.0,0.05389257333666295,0.18098717969307332,1.0,0.11228787563713455,0.023207494194231675,1.1028942280098937,0.11028942280098937,crypto_hierarchical_risk_parity__ledoit_wolf,10.0,0.2586965522926606,0.44678747417686526,False,0.0,0.18098717969307332,0.11228787563713455,1.0,TRX-USD|EOS-USD|LTC-USD|ADA-USD|XLM-USD|XRP-USD|BCH-USD|ETC-USD|BTC-USD|ETH-USD
crypto_hierarchical_risk_parity,Crypto Hierarchical Risk Parity,crypto,hierarchical_risk_parity,monthly,29,2023-05-01,2022-05-01,2023-04-30,2023-05-01,365,365,10,0.03329905816264011,3.329905816264011e-05,10.0,ledoit_wolf,0.02243877946942719,114.4844418335744,6.616187398973016,85.1511122279117,0.05743570970653811,0.0,-0.5517931033643315,0.2857119958782919,True,0,standard single-linkage HRP; raw weights feasible,0,1,0.42932976871616224,-0.03367947493801058,0.6552326065727822,-0.05140079202433513,0.0,0.0,0.05402717328066104,0.1887194730061006,1.0,0.11355365296294012,0.02404195529471134,1.1092878418803396,0.11092878418803395,crypto_hierarchical_risk_parity__ledoit_wolf,10.0,0.26813727311210095,0.44663132320049065,False,0.0,0.1887194730061006,0.11355365296294012,1.0,TRX-USD|EOS-USD|LTC-USD|ADA-USD|XLM-USD|XRP-USD|BCH-USD|ETC-USD|BTC-USD|ETH-USD
crypto_hierarchical_risk_parity,Crypto Hierarchical Risk Parity,crypto,hierarchical_risk_parity,monthly,30,2023-06-01,2022-06-01,2023-05-31,2023-06-01,365,365,10,0.09842794073792945,9.842794073792945e-05,10.0,ledoit_wolf,0.025793105502750865,99.4001359722176,5.511757793030727,73.49449799286164,0.05400017481674422,0.0,-0.32595668828112256,0.5783871192737291,True,0,standard single-linkage HRP; raw weights feasible,0,1,0.32358587956023455,0.0556386437135557,0.5688460947921103,0.09780966103650464,0.0,0.0,0.057199979450718405,0.24246459706232806,1.0,0.12574283534297093,0.027960889924906248,1.1792863640869788,0.11792863640869788,crypto_hierarchical_risk_parity__ledoit_wolf,10.0,0.2748573918800743,0.4231672705977791,False,0.0,0.24246459706232806,0.12574283534297093,1.0,TRX-USD|EOS-USD|LTC-USD|BCH-USD|XLM-USD|XRP-USD|ADA-USD|ETC-USD|BTC-USD|ETH-USD
crypto_hierarchical_risk_parity,Crypto Hierarchical Risk Parity,crypto,hierarchical_risk_parity,monthly,31,2023-07-01,2022-07-01,2023-06-30,2023-07-01,365,365,10,0.12499693702830568,0.0001249969370283057,10.0,ledoit_wolf,0.030588114683475744,96.26318964235213,5.436192885937128,67.44733033585887,0.0549719460131745,0.0,-0.2370049478975843,1.4413092779143937,True,0,standard single-linkage HRP; projected to approved constraints,0,1,0.2883855750982606,0.45887381372931046,0.5370154328306224,0.854489062466184,0.0,0.0,0.05571199707044814,0.25,1.0,0.12879036141630082,0.027204816152402677,1.2192072759086514,0.12192072759086514,crypto_hierarchical_risk_parity__ledoit_wolf,10.0,0.29716391034736883,0.427399311060825,True,0.042919928371336326,0.27145996418566815,0.13645538288135703,1.0,TRX-USD|EOS-USD|BCH-USD|LTC-USD|XLM-USD|XRP-USD|ADA-USD|ETC-USD|BTC-USD|ETH-USD
crypto_hierarchical_risk_parity,Crypto Hierarchical Risk Parity,crypto,hierarchical_risk_parity,monthly,32,2023-08-01,2022-08-01,2023-07-31,2023-08-01,365,365,10,0.1711215946123858,0.0001711215946123858,10.0,ledoit_wolf,0.10849835216120451,109.185767974834,5.802808099944799,36.31603919647309,0.09347260153274321,0.0,-0.3326159985864605,1.0469902024093432,True,0,standard single-linkage HRP; projected to approved constraints,0,1,0.2669877164532705,0.28693875443988154,0.516708541107335,0.5553203239585626,0.0,0.0,0.0492553332093807,0.25,1.0,0.1304191060934562,0.03226723114606831,1.3430576789912252,0.13430576789912252,crypto_hierarchical_risk_parity__ledoit_wolf,10.0,0.2965620453109225,0.4883110229094182,True,0.001781202856342451,0.25089060142817116,0.13071685453718418,1.0,TRX-USD|LTC-USD|BCH-USD|EOS-USD|XLM-USD|XRP-USD|ADA-USD|ETC-USD|BTC-USD|ETH-USD
crypto_hierarchical_risk_parity,Crypto Hierarchical Risk Parity,crypto,hierarchical_risk_parity,monthly,33,2023-09-01,2022-09-01,2023-08-31,2023-09-01,365,365,10,0.041985893062412974,4.1985893062412974e-05,10.0,ledoit_wolf,0.11444533906499108,116.93933859068062,5.5872372532014,35.781290202093835,0.09134703326057275,0.0,-0.5591571012424633,0.9088177671311785,True,0,standard single-linkage HRP; projected to approved constraints,0,1,0.25333938108004944,0.21944448132423502,0.503328303476021,0.4359867700837324,0.0,0.0,0.04406137874607412,0.25,1.0,0.13058627032745154,0.03225695497217958,1.4062919476705824,0.14062919476705824,crypto_hierarchical_risk_parity__ledoit_wolf,10.0,0.2963455487053533,0.4933905494538937,True,0.017713509154123334,0.2588567545770616,0.13362567974384792,1.0,TRX-USD|BCH-USD|LTC-USD|EOS-USD|XLM-USD|XRP-USD|ADA-USD|ETC-USD|BTC-USD|ETH-USD
crypto_hierarchical_risk_parity,Crypto Hierarchical Risk Parity,crypto,hierarchical_risk_parity,monthly,34,2023-10-01,2022-10-01,2023-09-30,2023-10-01,365,365,10,0.05661273535661858,5.661273535661858e-05,10.0,ledoit_wolf,0.1372663148419405,138.340518056693,5.058944529860106,32.20446616869766,0.08985859932527929,0.0,-0.47628901162496573,0.9777661728635423,True,0,standard single-linkage HRP; projected to approved constraints,0,1,0.22731755718764507,0.25739730181771014,0.4767783103158585,0.5398678929987153,0.0,0.0,0.03168399211384944,0.25,1.0,0.1312903954394344,0.03737657487821138,1.5048016853151858,0.15048016853151858,crypto_hierarchical_risk_parity__ledoit_wolf,10.0,0.31099227795667594,0.49992928135620507,True,0.007590842507833741,0.2537954212539169,0.13257220954872537,1.0,TRX-USD|BCH-USD|LTC-USD|XLM-USD|XRP-USD|EOS-USD|ADA-USD|ETC-USD|BTC-USD|ETH-USD
crypto_hierarchical_risk_parity,Crypto Hierarchical Risk Parity,crypto,hierarchical_risk_parity,monthly,35,2023-11-01,2022-11-01,2023-10-31,2023-11-01,365,365,10,0.10513832288667818,0.00010513832288667818,10.0,ledoit_wolf,0.13916991609262908,134.18717726695678,5.006197772166282,31.622290157671525,0.09047260106710114,0.0,-0.36438488301588806,1.069826945853484,True,0,standard single-linkage HRP; raw weights feasible,0,1,0.2139159868586675,0.4039063294884486,0.46251052621390953,0.873291107112324,0.0,0.0,0.026199301085428887,0.23932515188785142,1.0,0.1411052192482753,0.046953834434522626,1.639360006438536,0.1639360006438536,crypto_hierarchical_risk_parity__ledoit_wolf,10.0,0.3074341776527953,0.4987392479702176,False,0.0,0.23932515188785142,0.1411052192482753,1.0,TRX-USD|BCH-USD|LTC-USD|EOS-USD|ETC-USD|BTC-USD|ETH-USD|ADA-USD|XLM-USD|XRP-USD
crypto_hierarchical_risk_parity,Crypto Hierarchical Risk Parity,crypto,hierarchical_risk_parity,monthly,36,2023-12-01,2022-12-01,2023-11-30,2023-12-01,365,365,10,0.06861302042267128,6.861302042267129e-05,10.0,ledoit_wolf,0.19341901162704545,107.9915874776335,4.320448741025943,21.157319468454535,0.10296425946994946,0.0,-0.1409069994332398,0.9513519955667086,True,0,standard single-linkage HRP; raw weights feasible,0,1,0.16452058307616996,0.5534774381938187,0.4056113695104835,1.3645510944670731,0.0,0.0,0.02745169295412648,0.22754803273551805,1.0,0.13726497361860748,0.04729562782130883,1.814163903299131,0.1814163903299131,crypto_hierarchical_risk_parity__ledoit_wolf,10.0,0.3363893010298768,0.5436601074006906,False,0.0,0.22754803273551805,0.13726497361860748,1.0,TRX-USD|BCH-USD|ADA-USD|XLM-USD|XRP-USD|BTC-USD|EOS-USD|ETH-USD|ETC-USD|LTC-USD
crypto_hierarchical_risk_parity,Crypto Hierarchical Risk Parity,crypto,hierarchical_risk_parity,monthly,1,2021-01-01,2020-01-02,2020-12-31,2021-01-01,365,365,10,1.0,0.001,10.0,sample_ridge,,89.81395132717167,10.307079478607161,89.81394077727556,0.08676980717928766,1.0307079375536366e-08,0.5017098514163996,2.3211586001308238,True,0,standard single-linkage HRP; raw weights feasible,0,1,0.7117857243961061,1.3492903416668653,0.8436739443624569,1.599303084660852,1.1102230246251565e-16,0.0,0.06018013418334024,0.2151542391176504,0.9999999999999999,0.11937730685412482,0.030377729699943175,1.0481539180496953,0.10481539180496953,crypto_hierarchical_risk_parity__sample_ridge,10.0,0.2358376535477814,0.3416086181889304,False,0.0,0.2151542391176504,0.11937730685412482,0.9999999999999999,XLM-USD|XRP-USD|TRX-USD|ADA-USD|ETC-USD|BTC-USD|BCH-USD|EOS-USD|ETH-USD|LTC-USD
crypto_hierarchical_risk_parity,Crypto Hierarchical Risk Parity,crypto,hierarchical_risk_parity,monthly,2,2021-02-01,2020-02-02,2021-01-31,2021-02-01,365,365,10,0.2022000346582672,0.0002022000346582672,10.0,sample_ridge,,75.33558530462105,12.03711434463415,75.3355773967912,0.11315189522377671,1.2037114224263008e-08,0.06005577032354803,2.5484846761287328,True,0,standard single-linkage HRP; raw weights feasible,0,1,0.7763061773036448,1.3695137420809917,0.8810823896229255,1.5543537791818753,1.1102230246251565e-16,0.0,0.05185582486438762,0.16263964274243728,0.9999999999999999,0.11283463711036804,0.02677067763339891,1.0875250506804766,0.10875250506804765,crypto_hierarchical_risk_parity__sample_ridge,10.0,0.26080873181927705,0.4001641648095005,False,0.0,0.16263964274243728,0.11283463711036804,0.9999999999999999,XRP-USD|XLM-USD|TRX-USD|ADA-USD|BTC-USD|ETH-USD|LTC-USD|ETC-USD|BCH-USD|EOS-USD
crypto_hierarchical_risk_parity,Crypto Hierarchical Risk Parity,crypto,hierarchical_risk_parity,monthly,3,2021-03-01,2020-03-01,2021-02-28,2021-03-01,365,365,10,0.12797091646358377,0.00012797091646358377,10.0,sample_ridge,,74.05437041564282,13.053596059205589,74.05436241566781,0.11920315186455638,1.3053595928669631e-08,0.5370845914100594,4.161129473065568,True,0,standard single-linkage HRP; raw weights feasible,0,1,0.8181568233481584,1.9710758200439784,0.9045202172136112,2.179139595260688,0.0,0.0,0.0527070667004451,0.1741046343610422,1.0,0.11048593216456651,0.023498389545302464,1.0704981931409205,0.10704981931409205,crypto_hierarchical_risk_parity__sample_ridge,10.0,0.27509243550735296,0.4210704471122729,False,0.0,0.1741046343610422,0.11048593216456651,1.0,XRP-USD|XLM-USD|ADA-USD|TRX-USD|BTC-USD|ETC-USD|ETH-USD|LTC-USD|BCH-USD|EOS-USD
crypto_hierarchical_risk_parity,Crypto Hierarchical Risk Parity,crypto,hierarchical_risk_parity,monthly,4,2021-04-01,2020-04-01,2021-03-31,2021-04-01,365,365,10,0.09270653193091732,9.270653193091733e-05,10.0,sample_ridge,,51.29884461843315,11.004321151240948,51.2988402938384,0.12798994245661383,1.1004321041197737e-08,1.2105871238559645,4.389858023940388,True,0,standard single-linkage HRP; raw weights feasible,0,1,0.5610580257661058,2.4657909166816743,0.7490380669672976,3.291943394366002,0.0,0.0,0.05274876374619427,0.22476207564254713,1.0,0.12139120583895284,0.02773845758073453,1.1871851448391482,0.11871851448391482,crypto_hierarchical_risk_parity__sample_ridge,10.0,0.31901741447664395,0.4511179130592129,False,0.0,0.22476207564254713,0.12139120583895284,1.0,XRP-USD|ADA-USD|XLM-USD|TRX-USD|BTC-USD|ETH-USD|ETC-USD|LTC-USD|BCH-USD|EOS-USD
crypto_hierarchical_risk_parity,Crypto Hierarchical Risk Parity,crypto,hierarchical_risk_parity,monthly,5,2021-05-01,2020-05-01,2021-04-30,2021-05-01,365,365,10,0.1881792361400965,0.0001881792361400965,10.0,sample_ridge,,55.47690831977861,12.562471745666796,55.47690315110366,0.1324062012572471,1.2562471620042082e-08,1.3389530736193875,4.061644910746317,True,0,standard single-linkage HRP; raw weights feasible,0,1,0.5847913579686882,2.596822382992528,0.7647165213127596,3.395797410698885,0.0,0.0,0.04824039730977026,0.2376956486173851,1.0,0.1294893474151743,0.03353374104624707,1.3151860183710156,0.13151860183710157,crypto_hierarchical_risk_parity__sample_ridge,10.0,0.33082022896846164,0.45265683948392543,False,0.0,0.2376956486173851,0.1294893474151743,1.0,XRP-USD|ADA-USD|TRX-USD|XLM-USD|BTC-USD|ETH-USD|ETC-USD|LTC-USD|BCH-USD|EOS-USD
crypto_hierarchical_risk_parity,Crypto Hierarchical Risk Parity,crypto,hierarchical_risk_parity,monthly,6,2021-06-01,2020-06-01,2021-05-31,2021-06-01,365,365,10,0.2296807362252643,0.0002296807362252643,10.0,sample_ridge,,72.75683473955232,17.227374545736026,72.75682647962479,0.14966013414556043,1.722737437346228e-08,1.6344977660684372,4.027006627045755,True,0,standard single-linkage HRP; raw weights feasible,0,1,0.8760335107569499,2.4027819799136116,0.9359666183988348,2.567166320551121,0.0,0.0,0.039520010110140995,0.2386535273761998,1.0,0.12796940822899017,0.030382766761226386,1.2022512159586392,0.12022512159586392,crypto_hierarchical_risk_parity__sample_ridge,10.0,0.30896363560309215,0.4353142211914929,False,0.0,0.2386535273761998,0.12796940822899017,1.0,XRP-USD|TRX-USD|ETC-USD|BTC-USD|ETH-USD|LTC-USD|BCH-USD|EOS-USD|ADA-USD|XLM-USD
crypto_hierarchical_risk_parity,Crypto Hierarchical Risk Parity,crypto,hierarchical_risk_parity,monthly,7,2021-07-01,2020-07-01,2021-06-30,2021-07-01,365,365,10,0.061117960599279375,6.111796059927938e-05,10.0,sample_ridge,,70.2032786348063,18.176576460737515,70.20327110789776,0.16711757154437604,1.8176576278971752e-08,1.6099765563400221,3.707606194316678,True,0,standard single-linkage HRP; raw weights feasible,0,1,0.9610070941317713,2.3007991435460635,0.9803096929704262,2.3470125410822327,0.0,0.0,0.04071662335489692,0.2288927174185608,1.0,0.12480927606906021,0.029089690573551208,1.181367212921674,0.11813672129216739,crypto_hierarchical_risk_parity__sample_ridge,10.0,0.30281380155375864,0.42697981013613584,False,0.0,0.2288927174185608,0.12480927606906021,1.0,XRP-USD|TRX-USD|ETC-USD|BTC-USD|ETH-USD|LTC-USD|BCH-USD|EOS-USD|ADA-USD|XLM-USD
crypto_hierarchical_risk_parity,Crypto Hierarchical Risk Parity,crypto,hierarchical_risk_parity,monthly,8,2021-08-01,2020-08-01,2021-07-31,2021-08-01,365,365,10,0.04693355109851782,4.6933551098517826e-05,10.0,sample_ridge,,70.76295866669705,18.24476651914211,70.76295106941735,0.1675348191952297,1.8244766336694446e-08,1.3485258758858145,3.110042374149922,True,0,standard single-linkage HRP; raw weights feasible,0,1,0.9799512127731298,2.047791407199082,0.9899248520837982,2.0686331925988806,0.0,0.0,0.04130036183279692,0.2245031815849804,1.0,0.12330374549677568,0.02830229403984592,1.1703540954034664,0.11703540954034664,crypto_hierarchical_risk_parity__sample_ridge,10.0,0.3072169058634119,0.4254364501000452,False,0.0,0.2245031815849804,0.12330374549677568,1.0,XRP-USD|TRX-USD|ETC-USD|BTC-USD|ETH-USD|LTC-USD|BCH-USD|EOS-USD|ADA-USD|XLM-USD
crypto_hierarchical_risk_parity,Crypto Hierarchical Risk Parity,crypto,hierarchical_risk_parity,monthly,9,2021-09-01,2020-09-01,2021-08-31,2021-09-01,365,365,10,0.06001642881768387,6.001642881768387e-05,10.0,sample_ridge,,73.26728127102426,18.505071238487623,73.26727316661785,0.1650103802827729,1.8505071053436915e-08,1.515952508322425,4.022120776322449,True,0,standard single-linkage HRP; raw weights feasible,0,1,0.9977663637544137,2.2318895165228967,0.9988825575383794,2.234386314666569,1.1102230246251565e-16,0.0,0.04106041966149273,0.22039407865102167,0.9999999999999999,0.12292706324913509,0.028703810975231184,1.1739802075385848,0.11739802075385848,crypto_hierarchical_risk_parity__sample_ridge,10.0,0.3035118349797834,0.4193622618197027,False,0.0,0.22039407865102167,0.12292706324913509,0.9999999999999999,XRP-USD|TRX-USD|ETC-USD|BTC-USD|ETH-USD|LTC-USD|BCH-USD|EOS-USD|ADA-USD|XLM-USD
crypto_hierarchical_risk_parity,Crypto Hierarchical Risk Parity,crypto,hierarchical_risk_parity,monthly,10,2021-10-01,2020-10-01,2021-09-30,2021-10-01,365,365,10,0.048051284781537446,4.805128478153745e-05,10.0,sample_ridge,,73.57058882514198,18.79433778168706,73.57058081973744,0.1703744187920559,1.879433759374368e-08,1.527302557636806,3.926079204576511,True,0,standard single-linkage HRP; raw weights feasible,0,1,1.0465445712014745,2.2697403940272305,1.0230076105295964,2.218693556788124,1.1102230246251565e-16,0.0,0.042026904580557634,0.21411674695319136,0.9999999999999999,0.12105990594831549,0.028229877658630713,1.1621106260947105,0.11621106260947105,crypto_hierarchical_risk_parity__sample_ridge,10.0,0.30230347210459296,0.4152647445176476,False,0.0,0.21411674695319136,0.12105990594831549,0.9999999999999999,XRP-USD|TRX-USD|ETC-USD|BTC-USD|ETH-USD|LTC-USD|BCH-USD|EOS-USD|ADA-USD|XLM-USD
crypto_hierarchical_risk_parity,Crypto Hierarchical Risk Parity,crypto,hierarchical_risk_parity,monthly,11,2021-11-01,2020-11-01,2021-10-31,2021-11-01,365,365,10,0.14862340538124175,0.00014862340538124175,10.0,sample_ridge,,71.81864563406981,19.04437463514134,71.81863804773873,0.1777798502964555,1.9044374444697596e-08,1.7333005404828021,3.935855325204024,True,0,standard single-linkage HRP; raw weights feasible,0,1,1.0225487806209996,2.5906551735096777,1.011211540984872,2.56193196824722,2.220446049250313e-16,0.0,0.03543501296576384,0.22194270836526486,1.0000000000000002,0.12707901577779798,0.03242915705521673,1.2040169155211076,0.12040169155211075,crypto_hierarchical_risk_parity__sample_ridge,10.0,0.29852629371053535,0.4154146322135595,False,0.0,0.22194270836526486,0.12707901577779798,1.0000000000000002,XRP-USD|ADA-USD|XLM-USD|TRX-USD|BTC-USD|ETC-USD|ETH-USD|LTC-USD|BCH-USD|EOS-USD
crypto_hierarchical_risk_parity,Crypto Hierarchical Risk Parity,crypto,hierarchical_risk_parity,monthly,12,2021-12-01,2020-12-01,2021-11-30,2021-12-01,365,365,10,0.1721306981958516,0.0001721306981958516,10.0,sample_ridge,,70.55614914789201,17.997252383018985,70.55614188438821,0.17234376114406022,1.7997252203046466e-08,1.3146231034194442,3.122853656507479,True,0,standard single-linkage HRP; projected to approved constraints,0,1,1.0020603070302592,1.8193500707141346,1.0010296234529024,1.8174787519659588,0.0,0.0,0.04825515980903994,0.25,1.0,0.13111062450494512,0.034767368680749235,1.150177388544272,0.1150177388544272,crypto_hierarchical_risk_parity__sample_ridge,10.0,0.30131610718465995,0.41935433839918085,True,0.046031283863418336,0.27301564193170913,0.13937108267499107,1.0,XRP-USD|TRX-USD|BTC-USD|ETC-USD|ETH-USD|LTC-USD|BCH-USD|EOS-USD|ADA-USD|XLM-USD
crypto_hierarchical_risk_parity,Crypto Hierarchical Risk Parity,crypto,hierarchical_risk_parity,monthly,13,2022-01-01,2021-01-01,2021-12-31,2022-01-01,365,365,10,0.08407212568438854,8.407212568438855e-05,10.0,sample_ridge,,72.39242900802797,17.27330101013917,72.3924214120708,0.16234726937548052,1.7273300837406165e-08,0.7900713622483729,2.9288592735790466,True,0,standard single-linkage HRP; raw weights feasible,0,1,1.0271190321834547,1.6375792016873159,1.013468811648121,1.6158160792577874,0.0,0.0,0.048953604622341405,0.19825575892739777,1.0,0.11670462006446848,0.027245596496588365,1.1024614594226918,0.11024614594226918,crypto_hierarchical_risk_parity__sample_ridge,10.0,0.2868148524440322,0.43347114159036165,False,0.0,0.19825575892739777,0.11670462006446848,1.0,XRP-USD|TRX-USD|ETC-USD|BTC-USD|ETH-USD|EOS-USD|BCH-USD|LTC-USD|ADA-USD|XLM-USD
crypto_hierarchical_risk_parity,Crypto Hierarchical Risk Parity,crypto,hierarchical_risk_parity,monthly,14,2022-02-01,2021-02-01,2022-01-31,2022-02-01,365,365,10,0.18707810013667864,0.00018707810013667865,10.0,sample_ridge,,79.5844095795959,15.19484365491244,79.58440088892253,0.13739761556383473,1.5194843502964006e-08,0.228404468262425,2.3355318524584225,True,0,standard single-linkage HRP; projected to approved constraints,0,1,0.8694420157146969,0.9297454642445335,0.9324387463606909,0.9971115720719788,0.0,0.0,0.03987734800240451,0.25,1.0,0.13578977099609787,0.03891660677193816,1.204599585883956,0.1204599585883956,crypto_hierarchical_risk_parity__sample_ridge,10.0,0.2806438952916846,0.39237448841175376,True,0.002599592346110076,0.25129979617305503,0.1362249354826836,1.0,ADA-USD|TRX-USD|XLM-USD|XRP-USD|ETC-USD|BTC-USD|ETH-USD|EOS-USD|BCH-USD|LTC-USD
crypto_hierarchical_risk_parity,Crypto Hierarchical Risk Parity,crypto,hierarchical_risk_parity,monthly,15,2022-03-01,2021-03-01,2022-02-28,2022-03-01,365,365,10,0.06690385881262416,6.690385881262416e-05,10.0,sample_ridge,,87.02164130770612,14.128382893230137,87.02163127414079,0.12112809734858698,1.4128382751946311e-08,-0.11156085519844017,2.0724468445062976,True,0,standard single-linkage HRP; raw weights feasible,0,1,0.8567175340096415,0.6740540400381383,0.925590370525559,0.7282422781207242,0.0,0.0,0.047849843071820344,0.24899847227747882,1.0,0.13293678257932565,0.03541834448236208,1.149130368782523,0.1149130368782523,crypto_hierarchical_risk_parity__sample_ridge,10.0,0.2749413282250921,0.36858635960725356,False,0.0,0.24899847227747882,0.13293678257932565,1.0,TRX-USD|ADA-USD|ETC-USD|XLM-USD|XRP-USD|BTC-USD|ETH-USD|EOS-USD|BCH-USD|LTC-USD
crypto_hierarchical_risk_parity,Crypto Hierarchical Risk Parity,crypto,hierarchical_risk_parity,monthly,16,2022-04-01,2021-04-01,2022-03-31,2022-04-01,365,365,10,0.04186740608379176,4.186740608379176e-05,10.0,sample_ridge,,88.56970653339674,13.775940315329713,88.56969625858278,0.11740894105958108,1.3775940177570309e-08,0.013983181025180258,2.2375922244923276,True,0,standard single-linkage HRP; raw weights feasible,0,1,0.8393306598817198,0.5367649633776779,0.9161499112490924,0.5858920650287949,0.0,0.0,0.047701288749569956,0.24758870705609676,1.0,0.13344080208943962,0.036036096834809205,1.1432579359439317,0.11432579359439317,crypto_hierarchical_risk_parity__sample_ridge,10.0,0.2707584419009196,0.3424892307572868,False,0.0,0.24758870705609676,0.13344080208943962,1.0,TRX-USD|ADA-USD|ETC-USD|XLM-USD|XRP-USD|BTC-USD|ETH-USD|EOS-USD|BCH-USD|LTC-USD
crypto_hierarchical_risk_parity,Crypto Hierarchical Risk Parity,crypto,hierarchical_risk_parity,monthly,17,2022-05-01,2021-05-01,2022-04-30,2022-05-01,365,365,10,0.061628963338006486,6.162896333800649e-05,10.0,sample_ridge,,91.69323426918804,12.133849289500647,91.69322369832706,0.10410297044292824,1.2133849168162154e-08,-0.6263076640328578,0.5920204615802523,True,0,standard single-linkage HRP; raw weights feasible,0,1,0.7962015370244028,-0.10514056458260654,0.8923012591184677,-0.11783079258061138,0.0,0.0,0.052143776245728995,0.23445067018166701,1.0,0.12911202720387366,0.035008342780122666,1.1200324653446647,0.11200324653446647,crypto_hierarchical_risk_parity__sample_ridge,10.0,0.25995079088536943,0.33236996108995875,False,0.0,0.23445067018166701,0.12911202720387366,1.0,ETC-USD|ADA-USD|TRX-USD|XLM-USD|XRP-USD|BTC-USD|ETH-USD|EOS-USD|BCH-USD|LTC-USD
crypto_hierarchical_risk_parity,Crypto Hierarchical Risk Parity,crypto,hierarchical_risk_parity,monthly,18,2022-06-01,2021-06-01,2022-05-31,2022-06-01,365,365,10,0.1989882095609816,0.0001989882095609816,10.0,sample_ridge,,106.49156473650538,8.248953824074619,106.49155068112245,0.06191187007304286,8.248953741585081e-09,-1.0786584425585104,0.4837732700368159,True,0,standard single-linkage HRP; raw weights feasible,0,1,0.6378304924413464,-0.34480378858706084,0.7986429067119712,-0.43173712016879345,0.0,0.0,0.05891396764436991,0.13589200032080603,1.0,0.10493593204459016,0.02085745136404447,1.0194276984891215,0.10194276984891215,crypto_hierarchical_risk_parity__sample_ridge,10.0,0.2222538439725112,0.36959721869919004,False,0.0,0.13589200032080603,0.10493593204459016,1.0,TRX-USD|ADA-USD|ETC-USD|BTC-USD|ETH-USD|XRP-USD|XLM-USD|EOS-USD|BCH-USD|LTC-USD
crypto_hierarchical_risk_parity,Crypto Hierarchical Risk Parity,crypto,hierarchical_risk_parity,monthly,19,2022-07-01,2021-07-01,2022-06-30,2022-07-01,365,365,10,0.1395448013288806,0.00013954480132888063,10.0,sample_ridge,,108.6950897456328,7.9239962305765665,108.69507491751155,0.0575511531658567,7.923996151336606e-09,-1.2801539154201342,0.3150518664621398,True,0,standard single-linkage HRP; raw weights feasible,0,1,0.5762983267847381,-0.4760615218830786,0.7591431530249997,-0.6271037550507963,0.0,0.0,0.053944570203146,0.18770555929490773,1.0,0.11666186890252507,0.031566023607831624,1.060938377988738,0.1060938377988738,crypto_hierarchical_risk_parity__sample_ridge,10.0,0.24587825592987342,0.4036604351878593,False,0.0,0.18770555929490773,0.11666186890252507,1.0,TRX-USD|ADA-USD|XLM-USD|XRP-USD|ETC-USD|BTC-USD|ETH-USD|EOS-USD|BCH-USD|LTC-USD
crypto_hierarchical_risk_parity,Crypto Hierarchical Risk Parity,crypto,hierarchical_risk_parity,monthly,20,2022-08-01,2021-08-01,2022-07-31,2022-08-01,365,365,10,0.14018617823778967,0.00014018617823778967,10.0,sample_ridge,,110.22335935631665,8.354955605408627,110.22334391358189,0.05909292134978183,8.354955521859072e-09,-0.9769138015002934,0.4333954992532194,True,0,standard single-linkage HRP; raw weights feasible,0,1,0.615835505083261,-0.24176550035060365,0.7847518748517018,-0.3080789076117737,0.0,0.0,0.056283588880593614,0.15180530060678016,1.0,0.10774870562024737,0.022970864767890068,1.0437801739118429,0.10437801739118428,crypto_hierarchical_risk_parity__sample_ridge,10.0,0.25273210426833287,0.4035343120802931,False,0.0,0.15180530060678016,0.10774870562024737,1.0,TRX-USD|ADA-USD|ETC-USD|BTC-USD|ETH-USD|XLM-USD|XRP-USD|EOS-USD|BCH-USD|LTC-USD
crypto_hierarchical_risk_parity,Crypto Hierarchical Risk Parity,crypto,hierarchical_risk_parity,monthly,21,2022-09-01,2021-09-01,2022-08-31,2022-09-01,365,365,10,0.10147697490034037,0.00010147697490034038,10.0,sample_ridge,,107.16128977438619,8.03168601066376,107.16127513535154,0.05824524355769105,8.031685930346902e-09,-1.361594014597837,0.006250885117470517,True,0,standard single-linkage HRP; raw weights feasible,0,1,0.571016079984216,-0.6501901790890657,0.7556560593181372,-0.8604313709543491,0.0,0.0,0.05653396132956009,0.18718306361212592,1.0,0.11472924434931588,0.027849672350436033,1.0637083756164176,0.10637083756164176,crypto_hierarchical_risk_parity__sample_ridge,10.0,0.2475475619596376,0.4143932794442403,False,0.0,0.18718306361212592,0.11472924434931588,1.0,TRX-USD|ADA-USD|ETC-USD|XLM-USD|XRP-USD|BTC-USD|ETH-USD|EOS-USD|BCH-USD|LTC-USD
crypto_hierarchical_risk_parity,Crypto Hierarchical Risk Parity,crypto,hierarchical_risk_parity,monthly,22,2022-10-01,2021-10-01,2022-09-30,2022-10-01,365,365,10,0.08172612482411165,8.172612482411166e-05,10.0,sample_ridge,,95.37972847495229,7.646601914636586,95.37971661041927,0.06082702120291618,7.646601838170566e-09,-1.14229358100699,0.08712502317146564,True,0,standard single-linkage HRP; raw weights feasible,0,1,0.5099257484955514,-0.5092322315352863,0.7140908545105107,-0.7131196658222864,0.0,0.0,0.05371633789360963,0.18965308815670387,1.0,0.12248801341756158,0.033860547031838426,1.112212528693538,0.1112212528693538,crypto_hierarchical_risk_parity__sample_ridge,10.0,0.26093517560232743,0.422925411886118,False,0.0,0.18965308815670387,0.12248801341756158,1.0,TRX-USD|ETC-USD|ADA-USD|XLM-USD|XRP-USD|EOS-USD|BTC-USD|ETH-USD|BCH-USD|LTC-USD
crypto_hierarchical_risk_parity,Crypto Hierarchical Risk Parity,crypto,hierarchical_risk_parity,monthly,23,2022-11-01,2021-11-01,2022-10-31,2022-11-01,365,365,10,0.13287370267400347,0.00013287370267400347,10.0,sample_ridge,,107.23172559809127,7.385692995669812,107.23171052418755,0.05204988184558712,7.385692921812883e-09,-1.2818155021959377,-0.19249057113465196,True,0,standard single-linkage HRP; raw weights feasible,0,1,0.5064423483589217,-0.7352843688566274,0.7116476293496112,-1.0332141055941102,1.1102230246251565e-16,0.0,0.06597603137583029,0.19233781512426093,0.9999999999999999,0.11231747089136951,0.024265479692188775,1.085770597612761,0.1085770597612761,crypto_hierarchical_risk_parity__sample_ridge,10.0,0.2478616631363421,0.4293056117981964,False,0.0,0.19233781512426093,0.11231747089136951,0.9999999999999999,TRX-USD|ETC-USD|EOS-USD|BTC-USD|ETH-USD|BCH-USD|LTC-USD|ADA-USD|XLM-USD|XRP-USD
crypto_hierarchical_risk_parity,Crypto Hierarchical Risk Parity,crypto,hierarchical_risk_parity,monthly,24,2022-12-01,2021-12-01,2022-11-30,2022-12-01,365,365,10,0.15747278045935093,0.00015747278045935093,10.0,sample_ridge,,124.10985848739648,7.813904553533118,124.1098386417749,0.04847258978209941,7.813904475394072e-09,-1.246741325256994,-0.2122122406342102,True,0,standard single-linkage HRP; raw weights feasible,0,1,0.5166926729791143,-0.7680887456124604,0.7188133784085506,-1.0685509878975892,0.0,0.0,0.058785265849044616,0.196717708512387,1.0,0.12250646922020851,0.03147686751288362,1.117680955325206,0.11176809553252061,crypto_hierarchical_risk_parity__sample_ridge,10.0,0.23334227691662268,0.4297715661981533,False,0.0,0.196717708512387,0.12250646922020851,1.0,TRX-USD|EOS-USD|ETC-USD|BCH-USD|LTC-USD|BTC-USD|ETH-USD|ADA-USD|XLM-USD|XRP-USD
crypto_hierarchical_risk_parity,Crypto Hierarchical Risk Parity,crypto,hierarchical_risk_parity,monthly,25,2023-01-01,2022-01-01,2022-12-31,2023-01-01,365,365,10,0.04259918071300083,4.2599180713000834e-05,10.0,sample_ridge,,127.02537016969998,7.392484266815141,127.02534930632169,0.044654348149656645,7.392484192890299e-09,-1.248978605810294,-0.09350913596788747,True,0,standard single-linkage HRP; raw weights feasible,0,1,0.48396897523959787,-0.6589765270565762,0.695678787400908,-0.9472425190921037,0.0,0.0,0.0578321325521402,0.19580925078043157,1.0,0.12249449875108044,0.031442194485176,1.1261030344419276,0.11261030344419276,crypto_hierarchical_risk_parity__sample_ridge,10.0,0.22851209752679194,0.4355262734543734,False,0.0,0.19580925078043157,0.12249449875108044,1.0,TRX-USD|EOS-USD|ETC-USD|BCH-USD|LTC-USD|BTC-USD|ETH-USD|ADA-USD|XLM-USD|XRP-USD
crypto_hierarchical_risk_parity,Crypto Hierarchical Risk Parity,crypto,hierarchical_risk_parity,monthly,26,2023-02-01,2022-02-01,2023-01-31,2023-02-01,365,365,10,0.042761427326132306,4.276142732613231e-05,10.0,sample_ridge,,127.82233875649337,7.245378438119071,127.82231751649053,0.04326156847867566,7.2453783656652874e-09,-0.5965295926929296,0.4946320666884034,True,0,standard single-linkage HRP; raw weights feasible,0,1,0.4681142873464539,-0.13636115145705985,0.6841887804885826,-0.19930340184719733,0.0,0.0,0.05647278391480416,0.2008318281438821,1.0,0.12271123188383523,0.03137220016961978,1.1393628109341998,0.11393628109341998,crypto_hierarchical_risk_parity__sample_ridge,10.0,0.23010018401898621,0.43868538418233577,False,0.0,0.2008318281438821,0.12271123188383523,1.0,TRX-USD|EOS-USD|ETC-USD|BCH-USD|LTC-USD|BTC-USD|ETH-USD|ADA-USD|XLM-USD|XRP-USD
crypto_hierarchical_risk_parity,Crypto Hierarchical Risk Parity,crypto,hierarchical_risk_parity,monthly,27,2023-03-01,2022-03-01,2023-02-28,2023-03-01,365,365,10,0.03627579641484302,3.6275796414843024e-05,10.0,sample_ridge,,133.50767542190056,6.866305764831696,133.5076521356724,0.03907194440676142,6.86630569616864e-09,-0.6185645624590409,0.32657470449165027,True,0,standard single-linkage HRP; raw weights feasible,0,1,0.43957281345148363,-0.20834794773622228,0.6630028758998588,-0.31424893512481766,0.0,0.0,0.05946715596514792,0.1956684409059588,1.0,0.1221892136002424,0.030627369260971007,1.1464463091313688,0.11464463091313688,crypto_hierarchical_risk_parity__sample_ridge,10.0,0.22895285066109278,0.44149501379960177,False,0.0,0.1956684409059588,0.1221892136002424,1.0,TRX-USD|EOS-USD|ETC-USD|LTC-USD|BCH-USD|BTC-USD|ETH-USD|ADA-USD|XLM-USD|XRP-USD
crypto_hierarchical_risk_parity,Crypto Hierarchical Risk Parity,crypto,hierarchical_risk_parity,monthly,28,2023-04-01,2022-04-01,2023-03-31,2023-04-01,365,365,10,0.184829986843252,0.00018482998684325201,10.0,sample_ridge,,131.4420895176278,6.963855687964636,131.44206686377055,0.04009824288934678,6.96385561832608e-09,-0.8037839719825717,0.11581888776947913,True,0,standard single-linkage HRP; raw weights feasible,0,1,0.46510487350095037,-0.25424024219393726,0.6819859774958357,-0.37279394383954134,0.0,0.0,0.053183514424540244,0.18248685633455505,1.0,0.11331154494619833,0.025727521137206465,1.1022345289577202,0.11022345289577203,crypto_hierarchical_risk_parity__sample_ridge,10.0,0.2319643645809235,0.43482923479707547,False,0.0,0.18248685633455505,0.11331154494619833,1.0,TRX-USD|EOS-USD|LTC-USD|ADA-USD|XLM-USD|XRP-USD|ETC-USD|BCH-USD|BTC-USD|ETH-USD
crypto_hierarchical_risk_parity,Crypto Hierarchical Risk Parity,crypto,hierarchical_risk_parity,monthly,29,2023-05-01,2022-05-01,2023-04-30,2023-05-01,365,365,10,0.02348791378472966,2.348791378472966e-05,10.0,sample_ridge,,114.4844418335744,6.634363804324822,114.48442459971702,0.04368708907712679,6.634363737981185e-09,-0.5517931033643315,0.2857119958782919,True,0,standard single-linkage HRP; raw weights feasible,0,1,0.43768483601464375,-0.032853848530042945,0.6615775359053871,-0.04965986108503752,0.0,0.0,0.05325053383710172,0.1906518811106383,1.0,0.11407966206361692,0.0243530076469084,1.105995243711633,0.1105995243711633,crypto_hierarchical_risk_parity__sample_ridge,10.0,0.24107161334896435,0.4333624006022029,False,0.0,0.1906518811106383,0.11407966206361692,1.0,TRX-USD|EOS-USD|LTC-USD|ADA-USD|XLM-USD|XRP-USD|BCH-USD|ETC-USD|BTC-USD|ETH-USD
crypto_hierarchical_risk_parity,Crypto Hierarchical Risk Parity,crypto,hierarchical_risk_parity,monthly,30,2023-06-01,2022-06-01,2023-05-31,2023-06-01,365,365,10,0.10092208336883923,0.00010092208336883924,10.0,sample_ridge,,99.4001359722176,5.526900040038822,99.4001226911665,0.04094914654577647,5.526899984769822e-09,-0.32595668828112256,0.5783871192737291,True,0,standard single-linkage HRP; raw weights feasible,0,1,0.32952517087870437,0.05550772851935341,0.5740428301779444,0.09669614461023207,1.1102230246251565e-16,0.0,0.056510426335329815,0.24766868865934022,0.9999999999999999,0.12749843929538446,0.028784963851914966,1.1746461220218707,0.11746461220218707,crypto_hierarchical_risk_parity__sample_ridge,10.0,0.24651969649262562,0.4033057543189394,False,0.0,0.24766868865934022,0.12749843929538446,0.9999999999999999,TRX-USD|EOS-USD|LTC-USD|BCH-USD|XLM-USD|XRP-USD|ADA-USD|ETC-USD|BTC-USD|ETH-USD
crypto_hierarchical_risk_parity,Crypto Hierarchical Risk Parity,crypto,hierarchical_risk_parity,monthly,31,2023-07-01,2022-07-01,2023-06-30,2023-07-01,365,365,10,0.12073392416229618,0.00012073392416229618,10.0,sample_ridge,,96.26318964235213,5.451127536288891,96.26317654948589,0.03966219359692363,5.451127481777616e-09,-0.2370049478975843,1.4413092779143937,True,0,standard single-linkage HRP; projected to approved constraints,0,1,0.29714207889240896,0.45694088416757406,0.545107401245304,0.8382584480116899,0.0,0.0,0.05520144179972269,0.24999999999999997,1.0,0.12926294980733583,0.028258395130369485,1.204675261332634,0.12046752613326339,crypto_hierarchical_risk_parity__sample_ridge,10.0,0.2614718387373113,0.39919584205319414,True,0.06113797654533882,0.28056898827266935,0.1404909048360196,1.0,TRX-USD|EOS-USD|BCH-USD|LTC-USD|XLM-USD|XRP-USD|ETC-USD|ADA-USD|BTC-USD|ETH-USD
crypto_hierarchical_risk_parity,Crypto Hierarchical Risk Parity,crypto,hierarchical_risk_parity,monthly,32,2023-08-01,2022-08-01,2023-07-31,2023-08-01,365,365,10,0.1677792448136706,0.0001677792448136706,10.0,sample_ridge,,109.185767974834,5.818749938626652,109.18574963293804,0.03432065693777525,5.818749880439153e-09,-0.3326159985864605,1.0469902024093432,True,0,standard single-linkage HRP; projected to approved constraints,0,1,0.2904080290149785,0.25999085613981254,0.5388951929781695,0.4824516149475928,0.0,0.0,0.04755232382346742,0.24999999999999997,1.0,0.1309079093542965,0.02997211839194637,1.2667572208090765,0.12667572208090766,crypto_hierarchical_risk_parity__sample_ridge,10.0,0.23555567431857904,0.40772020556508903,True,0.08649129254538852,0.2932456462726942,0.1474011091357979,1.0000000000000002,TRX-USD|BCH-USD|EOS-USD|LTC-USD|XLM-USD|XRP-USD|ADA-USD|ETC-USD|BTC-USD|ETH-USD
crypto_hierarchical_risk_parity,Crypto Hierarchical Risk Parity,crypto,hierarchical_risk_parity,monthly,33,2023-09-01,2022-09-01,2023-08-31,2023-09-01,365,365,10,0.06461287574686235,6.461287574686235e-05,10.0,sample_ridge,,116.93933859068062,5.602586862120679,116.93931765756304,0.031030266290482788,5.602586806094812e-09,-0.5591571012424633,0.9088177671311785,True,0,standard single-linkage HRP; projected to approved constraints,0,1,0.2789945255623659,0.2156468514042233,0.5281993237049494,0.40826794304015995,0.0,0.0,0.042607501485543105,0.25,1.0,0.13061706334891163,0.030489741926453557,1.3044154262011716,0.13044154262011715,crypto_hierarchical_risk_parity__sample_ridge,10.0,0.23491841923667572,0.4118175198450549,True,0.08975492231850916,0.2948774611592545,0.14781397986877462,0.9999999999999999,TRX-USD|BCH-USD|LTC-USD|EOS-USD|XLM-USD|XRP-USD|ETC-USD|ADA-USD|BTC-USD|ETH-USD
crypto_hierarchical_risk_parity,Crypto Hierarchical Risk Parity,crypto,hierarchical_risk_parity,monthly,34,2023-10-01,2022-10-01,2023-09-30,2023-10-01,365,365,10,0.06104536167317782,6.104536167317783e-05,10.0,sample_ridge,,138.340518056693,5.0728427798463915,138.34048869659242,0.023729715922736663,5.072842729117965e-09,-0.47628901162496573,0.9777661728635423,True,0,standard single-linkage HRP; projected to approved constraints,0,1,0.2523734817678943,0.2553262629063804,0.502367874936181,0.5082456017690544,2.220446049250313e-16,0.0,0.03145990614794774,0.25,1.0000000000000002,0.1317439315144473,0.03478572760533927,1.3991686646878518,0.13991686646878518,crypto_hierarchical_risk_parity__sample_ridge,10.0,0.23353244306050083,0.406120496695518,True,0.08800334634894415,0.29400167317447207,0.1485633364263718,1.0000000000000002,TRX-USD|BCH-USD|LTC-USD|XLM-USD|XRP-USD|EOS-USD|ADA-USD|ETC-USD|BTC-USD|ETH-USD
crypto_hierarchical_risk_parity,Crypto Hierarchical Risk Parity,crypto,hierarchical_risk_parity,monthly,35,2023-11-01,2022-11-01,2023-10-31,2023-11-01,365,365,10,0.027682643024999502,2.7682643024999502e-05,10.0,sample_ridge,,134.18717726695678,5.019951112948667,134.1871496741781,0.024230728062372024,5.0199510627491575e-09,-0.36438488301588806,1.069826945853484,True,0,standard single-linkage HRP; projected to approved constraints,0,1,0.25176149947880055,0.346859795266954,0.501758407481928,0.6912884569441857,1.1102230246251565e-16,0.0,0.0313948826964192,0.25,0.9999999999999999,0.13151555564118705,0.03521266428711754,1.396905299586332,0.1396905299586332,crypto_hierarchical_risk_parity__sample_ridge,10.0,0.2359625940421109,0.4018498626421772,True,0.08797410020528439,0.2939870501026423,0.14832843354670988,1.0,TRX-USD|BCH-USD|LTC-USD|XLM-USD|XRP-USD|EOS-USD|ADA-USD|ETC-USD|BTC-USD|ETH-USD
crypto_hierarchical_risk_parity,Crypto Hierarchical Risk Parity,crypto,hierarchical_risk_parity,monthly,36,2023-12-01,2022-12-01,2023-11-30,2023-12-01,365,365,10,0.053324570236426776,5.3324570236426776e-05,10.0,sample_ridge,,107.9915874776335,4.332318149022272,107.99156825748497,0.024116441477778753,4.332318105699092e-09,-0.1409069994332398,0.9513519955667086,True,0,standard single-linkage HRP; projected to approved constraints,0,1,0.19953623285731759,0.5207444700516282,0.44669478713918026,1.165772435775875,0.0,0.0,0.031511095820484045,0.25,1.0,0.1307477981684933,0.03497711930129107,1.4971234381190166,0.14971234381190165,crypto_hierarchical_risk_parity__sample_ridge,10.0,0.24619777552284203,0.44075105342976867,True,0.03240910129623742,0.2662045506481187,0.13644206891088723,1.0,TRX-USD|BCH-USD|XLM-USD|XRP-USD|EOS-USD|LTC-USD|ADA-USD|ETC-USD|BTC-USD|ETH-USD
equity_hierarchical_risk_parity,Equity Hierarchical Risk Parity,equity,hierarchical_risk_parity,monthly,1,2021-01-04,2020-01-03,2020-12-31,2021-01-04,252,252,50,1.0,0.001,10.0,ledoit_wolf,0.060651993928819474,708.2402856669532,13.13191527786571,271.3313919971667,0.02578571963383225,0.0,-0.3492732395247833,0.9488143251997084,True,0,standard single-linkage HRP; raw weights feasible,0,1,0.09034004712765115,0.22530175335921176,0.3005662108881355,0.7495910890764245,0.0,0.0,0.00493439150327426,0.05413890059966866,0.0,0.026761199276033456,0.007287129946331168,1.48702471648321,0.0297404943296642,equity_hierarchical_risk_parity__ledoit_wolf,50.0,0.2571158414149614,0.5668700440300135,False,0.0,0.05413890059966866,0.026761199276033456,0.0,NEM|GILD|WMT|UPS|ABBV|EA|TTWO|TMUS|MRK|AMGN|INTC|ABT|PSA|CMCSA|DIS|NKE|O|SHW|PLD|AMT|CCI|NEE|AEP|D|DUK|SO|KO|BA|GE|MMM|T|CAT|DOW|DD|OXY|XOM|SLB|COP|CVX|NUE|GS|MS|USB|WFC|SBUX|V|QCOM|ADBE|AMD|NVDA
equity_hierarchical_risk_parity,Equity Hierarchical Risk Parity,equity,hierarchical_risk_parity,monthly,2,2021-02-01,2020-01-31,2021-01-29,2021-02-01,252,252,50,0.10096941966140782,0.00010096941966140783,10.0,ledoit_wolf,0.05909356008455708,661.1468383883391,13.411824091143306,267.26517879372005,0.02656640490907241,0.0,-0.23740683868214907,0.9237121823064337,True,0,standard single-linkage HRP; raw weights feasible,0,1,0.08975845767355693,0.2128060313840925,0.29959715898779304,0.7103072409066575,0.0,0.0,0.002633441841252501,0.05542678222291866,0.0,0.02745636722535637,0.007949421367328624,1.5379025923883956,0.03075805184776791,equity_hierarchical_risk_parity__ledoit_wolf,50.0,0.254736376738973,0.5702156607451976,False,0.0,0.05542678222291866,0.02745636722535637,0.0,NEM|GILD|WMT|UPS|ABBV|EA|TTWO|TMUS|AMGN|MRK|INTC|ABT|PSA|CMCSA|O|KO|NEE|AEP|D|DUK|SO|PLD|AMT|CCI|MMM|DIS|SHW|NKE|T|SBUX|V|CAT|DOW|DD|NUE|GS|MS|USB|WFC|OXY|XOM|SLB|COP|CVX|BA|GE|QCOM|ADBE|AMD|NVDA
equity_hierarchical_risk_parity,Equity Hierarchical Risk Parity,equity,hierarchical_risk_parity,monthly,3,2021-03-01,2020-02-28,2021-02-26,2021-03-01,252,252,50,0.12474804861213919,0.00012474804861213918,10.0,ledoit_wolf,0.06169700168529038,663.0317180134332,13.271479843276355,258.34569731357925,0.02679007940741373,0.0,-0.09602128620994455,0.9459226944620321,True,0,standard single-linkage HRP; raw weights feasible,0,1,0.08728567759531641,0.3014184641349769,0.2954414960619385,1.0202306316232077,1.1102230246251565e-16,0.0,0.002447688419714715,0.05047967623680765,0.0,0.027233397006522494,0.008471467918535118,1.6141171825286693,0.032282343650573385,equity_hierarchical_risk_parity__ledoit_wolf,50.0,0.25566614248691444,0.5751002945580594,False,0.0,0.05047967623680765,0.027233397006522494,0.0,NEM|WMT|GILD|UPS|AMGN|EA|TTWO|INTC|ABBV|MRK|TMUS|QCOM|ADBE|AMD|NVDA|ABT|PSA|MMM|CMCSA|NKE|SHW|NEE|AEP|D|DUK|SO|PLD|AMT|CCI|KO|DIS|O|T|DD|SBUX|V|CAT|DOW|OXY|XOM|SLB|COP|CVX|NUE|GS|MS|USB|WFC|BA|GE
equity_hierarchical_risk_parity,Equity Hierarchical Risk Parity,equity,hierarchical_risk_parity,monthly,4,2021-04-01,2020-04-01,2021-03-31,2021-04-01,252,252,50,0.159498463322113,0.000159498463322113,10.0,ledoit_wolf,0.04434299082008277,384.10656775882444,7.621293863258429,213.2947406401262,0.015159516293707051,0.0,-0.060127039234835644,1.226556819766659,True,0,standard single-linkage HRP; raw weights feasible,0,1,0.03204712267746727,0.39513212291529903,0.17901710163408208,2.2072311489153953,0.0,0.0,0.0033025414972220044,0.06448094775853186,0.0,0.027708374049449893,0.00828575491365313,2.4136446805297944,0.04827289361059589,equity_hierarchical_risk_parity__ledoit_wolf,50.0,0.2537431426373297,0.5870858370670989,False,0.0,0.06448094775853186,0.027708374049449893,0.0,NEM|WMT|GILD|ABBV|AMGN|MRK|TMUS|ABT|UPS|INTC|EA|TTWO|QCOM|ADBE|AMD|NVDA|NKE|PSA|SHW|DIS|PLD|AMT|CCI|NEE|D|DUK|AEP|SO|O|MMM|BA|GE|T|SLB|OXY|COP|CVX|XOM|USB|WFC|GS|MS|NUE|DD|CAT|DOW|SBUX|V|CMCSA|KO
equity_hierarchical_risk_parity,Equity Hierarchical Risk Parity,equity,hierarchical_risk_parity,monthly,5,2021-05-03,2020-05-01,2021-04-30,2021-05-03,252,252,50,0.10338178663538783,0.00010338178663538783,10.0,ledoit_wolf,0.04840781323309374,349.6342331587705,6.251872658406111,189.91782740161776,0.013212228753776189,0.0,-0.2081438801394524,0.8493961050735777,True,0,standard single-linkage HRP; raw weights feasible,0,1,0.01982291309105424,0.31031039163337915,0.1407938673772911,2.2040050281581345,1.1102230246251565e-16,0.0,0.001277005112038105,0.06854966283025725,0.0,0.029425148835081776,0.010234494008291744,3.2940934644332907,0.06588186928866581,equity_hierarchical_risk_parity__ledoit_wolf,50.0,0.2526441186160105,0.5911444728690439,False,0.0,0.06854966283025725,0.029425148835081776,0.0,WMT|NEM|GILD|ABBV|AMGN|MRK|ABT|UPS|INTC|TMUS|QCOM|EA|TTWO|ADBE|AMD|NVDA|NKE|SHW|PSA|PLD|AMT|CCI|NEE|D|AEP|DUK|SO|DIS|SBUX|V|CMCSA|KO|O|MMM|T|DD|NUE|CAT|DOW|OXY|SLB|COP|CVX|XOM|USB|WFC|GS|MS|BA|GE
equity_hierarchical_risk_parity,Equity Hierarchical Risk Parity,equity,hierarchical_risk_parity,monthly,6,2021-06-01,2020-06-01,2021-05-28,2021-06-01,252,252,50,0.1330689505763395,0.0001330689505763395,10.0,ledoit_wolf,0.05610023750889561,338.3569609822227,5.6967892224164345,168.59304032997824,0.012701912769291793,0.0,-0.09446757920356907,1.0236878148723123,True,0,standard single-linkage HRP; raw weights feasible,0,1,0.018419746920527422,0.28750763965365306,0.13571936825865136,2.1183980101183977,0.0,0.0,0.0013039435984779474,0.053945383398009444,0.0,0.02733621922315585,0.009737236580794277,3.1758657511148995,0.06351731502229799,equity_hierarchical_risk_parity__ledoit_wolf,50.0,0.2515973398762385,0.5938855974615642,False,0.0,0.053945383398009444,0.02733621922315585,0.0,WMT|NEM|GILD|AMGN|ABBV|MRK|UPS|INTC|ABT|TMUS|NKE|DIS|NEE|D|DUK|AEP|SO|CMCSA|T|SBUX|V|MMM|USB|WFC|GS|MS|OXY|SLB|COP|CVX|XOM|DD|NUE|CAT|DOW|BA|GE|KO|O|QCOM|AMD|ADBE|NVDA|EA|TTWO|SHW|PSA|PLD|AMT|CCI
equity_hierarchical_risk_parity,Equity Hierarchical Risk Parity,equity,hierarchical_risk_parity,monthly,7,2021-07-01,2020-07-01,2021-06-30,2021-07-01,252,252,50,0.1386309659036478,0.0001386309659036478,10.0,ledoit_wolf,0.05871542671772186,284.1973126090397,4.914781972972365,140.1218596040734,0.011344506488375492,0.0,-0.04517062980827402,0.9353134194385742,True,0,standard single-linkage HRP; raw weights feasible,0,1,0.013511576760447865,0.2839709776984517,0.11623930815540785,2.4429857868630163,0.0,0.0,0.002610142908985276,0.057813659614573014,0.0,0.028035386621283385,0.009506284803583578,3.688932435180968,0.07377864870361936,equity_hierarchical_risk_parity__ledoit_wolf,50.0,0.26167497417505725,0.5975268969912446,False,0.0,0.057813659614573014,0.028035386621283385,0.0,WMT|NEM|NKE|ABT|GILD|AMGN|ABBV|MRK|UPS|INTC|TMUS|QCOM|EA|TTWO|AMD|ADBE|NVDA|SHW|PSA|PLD|AMT|CCI|T|MMM|GE|BA|GS|MS|USB|WFC|SLB|OXY|COP|CVX|XOM|DD|CAT|DOW|NUE|DIS|NEE|AEP|SO|D|DUK|O|CMCSA|KO|SBUX|V
equity_hierarchical_risk_parity,Equity Hierarchical Risk Parity,equity,hierarchical_risk_parity,monthly,8,2021-08-02,2020-07-31,2021-07-30,2021-08-02,252,252,50,0.12520136393276127,0.00012520136393276128,10.0,ledoit_wolf,0.05781581919214883,291.6771564436472,4.626228896194005,145.37960177359366,0.010628638402575281,0.0,-0.03111480254552568,0.9864628459904821,True,0,standard single-linkage HRP; raw weights feasible,0,1,0.013578247912408985,0.2554361538695359,0.11652573926995265,2.1921006935452474,1.1102230246251565e-16,0.0,0.0011937986724806298,0.05277530486343643,0.0,0.027572669881313294,0.010924968888992652,3.5981622370060085,0.07196324474012017,equity_hierarchical_risk_parity__ledoit_wolf,50.0,0.2631618694170027,0.5955562713294774,False,0.0,0.05277530486343643,0.027572669881313294,0.0,NEM|UPS|NKE|WMT|ABT|GILD|AMGN|ABBV|MRK|TMUS|SHW|PSA|PLD|AMT|CCI|INTC|EA|TTWO|QCOM|ADBE|AMD|NVDA|NEE|SO|AEP|D|DUK|O|CMCSA|KO|SBUX|V|T|MMM|DIS|GE|BA|SLB|OXY|COP|CVX|XOM|GS|MS|USB|WFC|DD|CAT|DOW|NUE
equity_hierarchical_risk_parity,Equity Hierarchical Risk Parity,equity,hierarchical_risk_parity,monthly,9,2021-09-01,2020-09-01,2021-08-31,2021-09-01,252,252,50,0.11546926096301388,0.00011546926096301388,10.0,ledoit_wolf,0.05650457252953601,314.3405463864097,4.498293400585128,155.25216926214193,0.010012430465946801,0.0,-0.07863987065770972,1.0546679801982481,True,0,standard single-linkage HRP; raw weights feasible,0,1,0.012842980105771404,0.2379944548029365,0.11332687283151956,2.1000707851239957,1.1102230246251565e-16,0.0,0.0017129473701677134,0.054929591935444375,0.0,0.028410236988920763,0.010262755928353734,3.8666938500578363,0.07733387700115672,equity_hierarchical_risk_parity__ledoit_wolf,50.0,0.25118121876403815,0.5893837837029559,False,0.0,0.054929591935444375,0.028410236988920763,0.0,NEM|NKE|UPS|WMT|ABBV|MRK|AMGN|GILD|ABT|TMUS|SHW|INTC|EA|TTWO|QCOM|AMD|ADBE|NVDA|PSA|PLD|AMT|CCI|MMM|T|NEE|O|SO|AEP|D|DUK|GE|BA|SLB|OXY|COP|CVX|XOM|GS|MS|USB|WFC|DD|CAT|DOW|NUE|DIS|CMCSA|KO|SBUX|V
equity_hierarchical_risk_parity,Equity Hierarchical Risk Parity,equity,hierarchical_risk_parity,monthly,10,2021-10-01,2020-10-01,2021-09-30,2021-10-01,252,252,50,0.12756259639568876,0.00012756259639568876,10.0,ledoit_wolf,0.057491387130456616,344.88471341317165,4.278470489911605,162.41442889319453,0.00927133012401811,0.0,-0.12416434745014902,1.315533795988761,True,0,standard single-linkage HRP; raw weights feasible,0,1,0.011275112357377395,0.2048982248674557,0.10618433197688534,1.9296465029516674,2.220446049250313e-16,0.0,0.0026771344527209756,0.06298396237232777,0.0,0.02845339543560471,0.010473222578359836,3.970962830608761,0.07941925661217522,equity_hierarchical_risk_parity__ledoit_wolf,50.0,0.24592943669848094,0.5914981620891544,False,0.0,0.06298396237232777,0.02845339543560471,0.0,UPS|NEM|WMT|NKE|AMGN|GILD|ABBV|MRK|ABT|SHW|TMUS|MMM|T|NEE|O|SO|AEP|D|DUK|KO|SBUX|V|CMCSA|DIS|GE|BA|DD|SLB|OXY|COP|CVX|XOM|CAT|DOW|NUE|GS|MS|USB|WFC|INTC|PSA|PLD|AMT|CCI|EA|TTWO|QCOM|ADBE|AMD|NVDA
equity_hierarchical_risk_parity,Equity Hierarchical Risk Parity,equity,hierarchical_risk_parity,monthly,11,2021-11-01,2020-10-30,2021-10-29,2021-11-01,252,252,50,0.14430169261768697,0.00014430169261768697,10.0,ledoit_wolf,0.06299636719699274,315.9019357927494,4.1427226253678215,145.42669004084587,0.009641516811752585,0.0,-0.03804484144889364,1.5250342431668675,True,0,standard single-linkage HRP; raw weights feasible,0,1,0.010124925261424379,0.24723723190968372,0.10062268760783713,2.457072433537616,0.0,0.0,0.0010946914650363693,0.054083163079589436,0.0,0.028192811454019605,0.0114973578073024,3.8949135744281778,0.07789827148856356,equity_hierarchical_risk_parity__ledoit_wolf,50.0,0.2527482070385186,0.602912074049327,False,0.0,0.054083163079589436,0.028192811454019605,0.0,NEM|NKE|ABBV|MRK|AMGN|GILD|WMT|UPS|ABT|TMUS|MMM|SHW|T|CMCSA|DIS|GE|BA|GS|MS|USB|WFC|DD|SLB|OXY|COP|CVX|XOM|NUE|CAT|DOW|SBUX|V|EA|INTC|PSA|PLD|AMT|CCI|TTWO|QCOM|ADBE|AMD|NVDA|KO|O|NEE|SO|AEP|D|DUK
equity_hierarchical_risk_parity,Equity Hierarchical Risk Parity,equity,hierarchical_risk_parity,monthly,12,2021-12-01,2020-12-01,2021-11-30,2021-12-01,252,252,50,0.12286330951870009,0.00012286330951870008,10.0,ledoit_wolf,0.04647625052358159,268.85633914211076,3.718283514124435,145.966603661667,0.00753338044334707,0.0,-0.17349452421536093,0.9785778184849881,True,0,standard single-linkage HRP; raw weights feasible,0,1,0.009770612424747279,0.14599512855054056,0.09884640825415598,1.4769897169673054,2.220446049250313e-16,0.0,0.001581873819268031,0.0611081153741486,0.0,0.028289576096846514,0.011507369847359216,3.9214545569192505,0.078429091138385,equity_hierarchical_risk_parity__ledoit_wolf,50.0,0.2671161902740002,0.6110468495294884,False,0.0,0.0611081153741486,0.028289576096846514,0.0,WMT|UPS|NKE|MMM|T|BA|GE|GS|MS|USB|WFC|DD|NUE|SLB|OXY|COP|CVX|XOM|CAT|DOW|SHW|SBUX|V|DIS|CMCSA|TMUS|ABT|KO|EA|TTWO|INTC|QCOM|ADBE|AMD|NVDA|PSA|O|PLD|AMT|CCI|NEE|SO|AEP|D|DUK|MRK|NEM|ABBV|AMGN|GILD
equity_hierarchical_risk_parity,Equity Hierarchical Risk Parity,equity,hierarchical_risk_parity,monthly,13,2022-01-03,2021-01-04,2021-12-31,2022-01-03,252,252,50,0.1397022977875202,0.00013970229778752019,10.0,ledoit_wolf,0.046399643822157804,290.9337928824501,3.769983273180221,151.6083059708099,0.007280351255502656,0.0,-0.12605950714046,0.914339693277029,True,0,standard single-linkage HRP; raw weights feasible,0,1,0.010232713502905229,0.18324767319483481,0.10115687570751297,1.8115197005953487,0.0,0.0,0.002770253703304417,0.06314703651171431,0.0,0.029302111721312866,0.01192490908006621,4.066888554397906,0.08133777108795812,equity_hierarchical_risk_parity__ledoit_wolf,50.0,0.2643796977557917,0.5997418787461086,False,0.0,0.06314703651171431,0.029302111721312866,0.0,WMT|MRK|NEM|ABBV|AMGN|GILD|UPS|ABT|NKE|EA|TTWO|SHW|KO|O|PSA|PLD|AMT|CCI|NEE|SO|AEP|D|DUK|INTC|QCOM|ADBE|AMD|NVDA|T|MMM|CMCSA|TMUS|BA|GE|DD|NUE|GS|MS|USB|WFC|CAT|DOW|SLB|OXY|COP|CVX|XOM|SBUX|DIS|V
equity_hierarchical_risk_parity,Equity Hierarchical Risk Parity,equity,hierarchical_risk_parity,monthly,14,2022-02-01,2021-02-02,2022-01-31,2022-02-01,252,252,50,0.144981149426713,0.000144981149426713,10.0,ledoit_wolf,0.04847740786132579,318.9719391236067,3.7648298450580406,150.53199751003422,0.006890622391471135,0.0,-0.15047290084382414,0.8728852544158702,True,0,standard single-linkage HRP; raw weights feasible,0,1,0.01029922044806126,0.17462608670221852,0.1014850750015058,1.7207070763816992,0.0,0.0,0.0021010571906223754,0.0566281038196243,0.0,0.02743068188403374,0.010627158977817883,3.805767762552098,0.07611535525104196,equity_hierarchical_risk_parity__ledoit_wolf,50.0,0.28184292059186233,0.5948796513510121,False,0.0,0.0566281038196243,0.02743068188403374,0.0,NEM|MRK|EA|TTWO|ABBV|AMGN|GILD|UPS|WMT|NKE|ABT|TMUS|CMCSA|T|SBUX|MMM|V|DIS|BA|GE|NUE|GS|MS|USB|WFC|SLB|OXY|COP|CVX|XOM|CAT|DD|DOW|INTC|ADBE|QCOM|AMD|NVDA|SHW|O|PSA|PLD|AMT|CCI|NEE|KO|SO|AEP|D|DUK
equity_hierarchical_risk_parity,Equity Hierarchical Risk Parity,equity,hierarchical_risk_parity,monthly,15,2022-03-01,2021-03-02,2022-02-28,2022-03-01,252,252,50,0.13458495318354752,0.0001345849531835475,10.0,ledoit_wolf,0.051810164308606056,276.3172326451961,3.831258155611032,130.93027206890267,0.007517861487277382,0.0,-0.2425927947907769,0.8761242453888961,True,0,standard single-linkage HRP; raw weights feasible,0,1,0.01048195441221709,0.13475968116625245,0.10238141634211304,1.3162513860517977,0.0,0.0,0.0027942243125295765,0.061341171504381314,0.0,0.029012282562280764,0.010957751878709752,3.6353289052916327,0.07270657810583266,equity_hierarchical_risk_parity__ledoit_wolf,50.0,0.2910894135106365,0.611834575818942,False,0.0,0.061341171504381314,0.029012282562280764,0.0,NEM|MRK|EA|TTWO|NKE|ABBV|AMGN|GILD|UPS|WMT|ABT|V|DIS|MMM|BA|GE|NUE|SLB|OXY|COP|CVX|XOM|GS|MS|USB|WFC|CAT|DD|DOW|SBUX|KO|AEP|SO|D|DUK|NEE|INTC|ADBE|QCOM|AMD|NVDA|SHW|O|PSA|PLD|AMT|CCI|TMUS|CMCSA|T
equity_hierarchical_risk_parity,Equity Hierarchical Risk Parity,equity,hierarchical_risk_parity,monthly,16,2022-04-01,2021-04-05,2022-03-31,2022-04-01,252,252,50,0.139900608485214,0.000139900608485214,10.0,ledoit_wolf,0.05281225874428367,311.3353481532465,4.008471611684837,137.80819551716291,0.007571943340168137,0.0,-0.28945013253051877,0.8913328012218693,True,0,standard single-linkage HRP; raw weights feasible,0,1,0.01100189695236529,0.12144620865493523,0.10488992779273561,1.1578443346334943,0.0,0.0,0.0025801355784672996,0.058426298737843156,0.0,0.028798882655781198,0.01098691304304297,3.07734076133459,0.0615468152266918,equity_hierarchical_risk_parity__ledoit_wolf,50.0,0.3038237027968067,0.6135710764713672,False,0.0,0.058426298737843156,0.028798882655781198,0.0,NEM|EA|TTWO|MRK|TMUS|ABBV|AMGN|GILD|WMT|CMCSA|T|UPS|KO|ABT|NEE|D|AEP|DUK|SO|INTC|ADBE|QCOM|AMD|NVDA|V|MMM|SLB|OXY|COP|CVX|XOM|NUE|DIS|CAT|DD|DOW|GS|MS|USB|WFC|BA|GE|NKE|SBUX|SHW|O|AMT|CCI|PLD|PSA
equity_hierarchical_risk_parity,Equity Hierarchical Risk Parity,equity,hierarchical_risk_parity,monthly,17,2022-05-02,2021-05-03,2022-04-29,2022-05-02,252,252,50,0.13084393856278104,0.00013084393856278105,10.0,ledoit_wolf,0.051845380792901706,314.1962107016673,4.267992710356743,143.211849423784,0.00810632183265672,0.0,-0.4753197972276958,0.9388799704010586,True,0,standard single-linkage HRP; raw weights feasible,0,1,0.012825510042917683,0.06449853263577242,0.11324976840116575,0.5695246316734056,0.0,0.0,0.004171842376151231,0.05284255286375216,0.0,0.028160484560485807,0.010262729849340055,2.657081872275138,0.053141637445502765,equity_hierarchical_risk_parity__ledoit_wolf,50.0,0.290744503064249,0.5969467138232069,False,0.0,0.05284255286375216,0.028160484560485807,0.0,MRK|EA|TTWO|NEM|TMUS|ABBV|AMGN|GILD|WMT|T|CMCSA|UPS|SHW|KO|NEE|ABT|D|DUK|AEP|SO|O|AMT|CCI|PLD|PSA|INTC|ADBE|QCOM|AMD|NVDA|NKE|SBUX|V|SLB|OXY|COP|CVX|XOM|MMM|CAT|NUE|DD|DOW|DIS|GS|MS|USB|WFC|BA|GE
equity_hierarchical_risk_parity,Equity Hierarchical Risk Parity,equity,hierarchical_risk_parity,monthly,18,2022-06-01,2021-06-02,2022-05-31,2022-06-01,252,252,50,0.12538208480423954,0.00012538208480423953,10.0,ledoit_wolf,0.04861663814378615,429.501073557455,4.664795950922206,183.62944361373735,0.007904803254666174,0.0,-0.5815489189410324,1.0545687899640876,True,0,standard single-linkage HRP; raw weights feasible,0,1,0.015259018022653718,0.06211521523030976,0.12352739786239214,0.5028456545284413,0.0,0.0,0.0021410067623436383,0.04611837821634232,0.0,0.026896935097774632,0.008947082039914674,2.36001781250331,0.0472003562500662,equity_hierarchical_risk_parity__ledoit_wolf,50.0,0.2866679006149671,0.605826947614764,False,0.0,0.04611837821634232,0.026896935097774632,0.0,MRK|NEM|EA|TTWO|ABBV|TMUS|AMGN|GILD|T|CMCSA|UPS|SHW|WMT|KO|ABT|O|AMT|CCI|PLD|PSA|INTC|ADBE|QCOM|AMD|NVDA|SLB|OXY|CVX|COP|XOM|NUE|MMM|V|CAT|GS|MS|USB|WFC|DD|DOW|DIS|BA|GE|NKE|SBUX|NEE|D|AEP|DUK|SO
equity_hierarchical_risk_parity,Equity Hierarchical Risk Parity,equity,hierarchical_risk_parity,monthly,19,2022-07-01,2021-07-01,2022-06-30,2022-07-01,252,252,50,0.1269034107322182,0.0001269034107322182,10.0,ledoit_wolf,0.041631029867247094,510.53631347218635,5.049217383833595,228.63296957280767,0.007598819563719295,0.0,-0.5782209800041562,0.8011361548468544,True,0,standard single-linkage HRP; raw weights feasible,0,1,0.01845088687018666,0.00498158023008902,0.13583404164710206,0.036674019043261674,0.0,0.0,0.0026565058776335223,0.04716843270191279,0.0,0.02753579264424094,0.009012578304158416,2.202483178880386,0.04404966357760772,equity_hierarchical_risk_parity__ledoit_wolf,50.0,0.27553819219407005,0.5855339091451915,False,0.0,0.04716843270191279,0.02753579264424094,0.0,MRK|NEM|EA|TTWO|TMUS|WMT|KO|UPS|SHW|ABT|O|AMT|CCI|PLD|PSA|NUE|NKE|SBUX|INTC|ADBE|QCOM|AMD|NVDA|MMM|OXY|SLB|CVX|COP|XOM|V|GS|MS|USB|WFC|CAT|DIS|DD|DOW|BA|GE|NEE|D|SO|AEP|DUK|CMCSA|T|ABBV|AMGN|GILD
equity_hierarchical_risk_parity,Equity Hierarchical Risk Parity,equity,hierarchical_risk_parity,monthly,20,2022-08-01,2021-07-30,2022-07-29,2022-08-01,252,252,50,0.12750062935063644,0.00012750062935063645,10.0,ledoit_wolf,0.041427632825342606,519.2829925502888,5.243515228449192,230.439451872751,0.007795553303316175,0.0,-0.4743378757951733,1.0610827829850287,True,0,standard single-linkage HRP; raw weights feasible,0,1,0.01945647669663118,0.020507420683292664,0.13948647495951422,0.14702085409531582,0.0,0.0,0.002933127315817782,0.04703010704235189,0.0,0.026486661468358954,0.007462599851945911,2.09065153680184,0.0418130307360368,equity_hierarchical_risk_parity__ledoit_wolf,50.0,0.2760987688069535,0.6091732240829777,False,0.0,0.04703010704235189,0.026486661468358954,0.0,NEM|MRK|WMT|T|CMCSA|TMUS|ABBV|AMGN|GILD|EA|TTWO|SHW|KO|UPS|NUE|ABT|O|AMT|CCI|PLD|PSA|MMM|SBUX|INTC|NKE|ADBE|QCOM|AMD|NVDA|V|OXY|SLB|CVX|COP|XOM|GS|MS|USB|WFC|CAT|DIS|DD|DOW|BA|GE|NEE|D|DUK|AEP|SO
equity_hierarchical_risk_parity,Equity Hierarchical Risk Parity,equity,hierarchical_risk_parity,monthly,21,2022-09-01,2021-09-01,2022-08-31,2022-09-01,252,252,50,0.11543404511928285,0.00011543404511928286,10.0,ledoit_wolf,0.038878170644648914,557.7048805106252,5.38858995235058,249.552784213701,0.007569563847147182,0.0,-0.489901311668022,1.1828191271343909,True,0,standard single-linkage HRP; raw weights feasible,0,1,0.01977026250496525,-0.003609797014078404,0.14060676550210965,-0.02567299660999771,1.1102230246251565e-16,0.0,0.0031687322831107454,0.061806987719097595,0.0,0.02925802654152251,0.009661429122381491,2.2196529058681818,0.04439305811736363,equity_hierarchical_risk_parity__ledoit_wolf,50.0,0.2731961118653796,0.6068386797751484,False,0.0,0.061806987719097595,0.02925802654152251,0.0,NEM|MRK|WMT|T|TMUS|ABBV|AMGN|GILD|CMCSA|EA|TTWO|SHW|KO|NUE|UPS|NEE|D|SO|AEP|DUK|ABT|O|AMT|CCI|PLD|PSA|MMM|V|SBUX|NKE|INTC|ADBE|QCOM|AMD|NVDA|OXY|SLB|CVX|COP|XOM|USB|WFC|GS|MS|DIS|CAT|DD|DOW|BA|GE
equity_hierarchical_risk_parity,Equity Hierarchical Risk Parity,equity,hierarchical_risk_parity,monthly,22,2022-10-03,2021-10-01,2022-09-30,2022-10-03,252,252,50,0.12241726755681524,0.00012241726755681524,10.0,ledoit_wolf,0.03607174179577907,617.4379094289061,5.6444000802583805,278.7672279676787,0.0074118502452418964,0.0,-0.6348446139350687,0.8913308032260187,True,0,standard single-linkage HRP; raw weights feasible,0,1,0.02342390513740828,-0.0532708825408157,0.15304870184816427,-0.3480649093885448,0.0,0.0,0.002499209871322737,0.044891157247253254,0.0,0.027090590249348116,0.008331851117956828,2.0138509533974576,0.04027701906794915,equity_hierarchical_risk_parity__ledoit_wolf,50.0,0.2681520811383347,0.5945818116457954,False,0.0,0.044891157247253254,0.027090590249348116,0.0,NEM|MRK|WMT|T|ABBV|TMUS|EA|TTWO|CMCSA|SHW|NUE|UPS|MMM|V|OXY|SLB|CVX|COP|XOM|INTC|ADBE|QCOM|AMD|NVDA|SBUX|NKE|USB|WFC|GS|MS|DIS|CAT|DD|DOW|BA|GE|KO|NEE|D|SO|AEP|DUK|ABT|O|AMT|CCI|PLD|PSA|AMGN|GILD
equity_hierarchical_risk_parity,Equity Hierarchical Risk Parity,equity,hierarchical_risk_parity,monthly,23,2022-11-01,2021-11-01,2022-10-31,2022-11-01,252,252,50,0.1158707349232792,0.0001158707349232792,10.0,ledoit_wolf,0.03239711925790674,648.5504889732105,5.997561447061037,310.5025770281694,0.007444001883312119,0.0,-0.6083168093436072,0.9320822595695339,True,0,standard single-linkage HRP; raw weights feasible,0,1,0.027195979205475267,0.025526442178444467,0.16491203475027305,0.15478823129615288,0.0,0.0,0.0029749584355031975,0.05992915392912645,0.0,0.028246369487955253,0.008552318043071975,1.935999302270873,0.03871998604541746,equity_hierarchical_risk_parity__ledoit_wolf,50.0,0.25669360331936786,0.595661008214217,False,0.0,0.05992915392912645,0.028246369487955253,0.0,NEM|MRK|WMT|T|EA|TTWO|ABBV|AMGN|GILD|TMUS|CMCSA|SHW|NUE|UPS|MMM|OXY|SLB|CVX|COP|XOM|V|INTC|ADBE|QCOM|AMD|NVDA|CAT|BA|GS|MS|USB|WFC|GE|DD|DOW|DIS|NKE|SBUX|KO|NEE|D|DUK|AEP|SO|ABT|O|AMT|CCI|PLD|PSA
equity_hierarchical_risk_parity,Equity Hierarchical Risk Parity,equity,hierarchical_risk_parity,monthly,24,2022-12-01,2021-12-01,2022-11-30,2022-12-01,252,252,50,0.11961512338430245,0.00011961512338430246,10.0,ledoit_wolf,0.03189589923783292,701.6204758532148,6.22475584145225,334.4120858913595,0.007576304095690776,0.0,-0.5492037107009324,1.012398262304997,True,0,standard single-linkage HRP; raw weights feasible,0,1,0.029094938619852705,0.13192730950092832,0.17057238527924942,0.7734388499342726,0.0,0.0,0.00281124386557054,0.07015506040077431,0.0,0.029566617027880125,0.008877439579337128,1.820576644164708,0.036411532883294156,equity_hierarchical_risk_parity__ledoit_wolf,50.0,0.23924551893372165,0.5757885948054687,False,0.0,0.07015506040077431,0.029566617027880125,0.0,NEM|WMT|T|MRK|ABBV|EA|TTWO|TMUS|CMCSA|KO|SHW|NUE|NEE|D|AEP|DUK|SO|ABT|O|AMT|CCI|PLD|PSA|UPS|MMM|V|OXY|SLB|COP|CVX|XOM|CAT|BA|GE|DOW|DD|USB|WFC|GS|MS|DIS|ADBE|INTC|QCOM|AMD|NVDA|NKE|SBUX|AMGN|GILD
equity_hierarchical_risk_parity,Equity Hierarchical Risk Parity,equity,hierarchical_risk_parity,monthly,25,2023-01-03,2021-12-31,2022-12-30,2023-01-03,252,252,50,0.13195900231946736,0.00013195900231946736,10.0,ledoit_wolf,0.03110433052191694,713.826698175003,6.167242694253825,344.68282280028365,0.0074084982590251385,0.0,-0.6198019913959887,0.9359017507349877,True,0,standard single-linkage HRP; raw weights feasible,0,1,0.0307569246385588,0.015836437421748284,0.17537652248393681,0.09029964329004633,0.0,0.0,0.0028315290811386034,0.05450884944118919,0.0,0.027224036390525015,0.00834774101601264,1.6541887714532864,0.03308377542906573,equity_hierarchical_risk_parity__ledoit_wolf,50.0,0.24690003014663556,0.5713909405173497,False,0.0,0.05450884944118919,0.027224036390525015,0.0,NEM|WMT|T|EA|TTWO|TMUS|KO|CMCSA|SHW|NUE|UPS|MMM|V|NEE|D|AEP|DUK|SO|OXY|SLB|COP|CVX|XOM|ABT|O|AMT|CCI|PLD|PSA|DIS|ADBE|INTC|QCOM|AMD|NVDA|NKE|SBUX|BA|CAT|GE|USB|WFC|GS|MS|DD|DOW|AMGN|GILD|ABBV|MRK
equity_hierarchical_risk_parity,Equity Hierarchical Risk Parity,equity,hierarchical_risk_parity,monthly,26,2023-02-01,2022-01-31,2023-01-31,2023-02-01,252,252,50,0.12551621933049492,0.00012551621933049492,10.0,ledoit_wolf,0.02958942848852802,662.3867216688445,6.089638582901883,345.6274703482734,0.007524614490942014,0.0,-0.4107847709334955,0.6931753816190576,True,0,standard single-linkage HRP; raw weights feasible,0,1,0.031355197122112724,0.07504623925572082,0.17707398770602284,0.423812894417401,0.0,0.0,0.0027514154362271916,0.05517265989476224,0.0,0.027607802914019125,0.008587064878245405,1.6617411998641733,0.03323482399728347,equity_hierarchical_risk_parity__ledoit_wolf,50.0,0.24675438821614445,0.5758101217002703,False,0.0,0.05517265989476224,0.027607802914019125,0.0,NEM|WMT|T|AMGN|GILD|EA|TTWO|TMUS|SHW|KO|CMCSA|NUE|MMM|OXY|SLB|COP|CVX|XOM|UPS|BA|NEE|D|AEP|DUK|SO|O|AMT|CCI|PLD|PSA|V|ABT|NKE|SBUX|CAT|DIS|ADBE|INTC|QCOM|AMD|NVDA|GE|DOW|DD|GS|MS|USB|WFC|ABBV|MRK
equity_hierarchical_risk_parity,Equity Hierarchical Risk Parity,equity,hierarchical_risk_parity,monthly,27,2023-03-01,2022-02-28,2023-02-28,2023-03-01,252,252,50,0.11073974861251629,0.0001107397486125163,10.0,ledoit_wolf,0.03053462156851071,719.7933267404047,5.943757544347497,354.019005902263,0.007133036511049089,0.0,-0.5300802301245598,0.560747599864184,True,0,standard single-linkage HRP; raw weights feasible,0,1,0.03128970179876132,0.03289881435550591,0.17688895329771534,0.1859856918263014,2.220446049250313e-16,0.0,0.003720000951819756,0.05082028968106617,0.0,0.02640801789619501,0.007429745724105634,1.60312656011816,0.0320625312023632,equity_hierarchical_risk_parity__ledoit_wolf,50.0,0.25577393359033773,0.5697070683485246,False,0.0,0.05082028968106617,0.02640801789619501,0.0,NEM|WMT|T|EA|TTWO|TMUS|SHW|KO|NUE|CMCSA|MMM|OXY|SLB|COP|CVX|XOM|BA|O|AMT|CCI|PLD|PSA|NEE|D|SO|AEP|DUK|UPS|NKE|SBUX|ABT|CAT|V|DIS|ADBE|INTC|QCOM|AMD|NVDA|GE|DOW|DD|GS|MS|USB|WFC|AMGN|GILD|ABBV|MRK
equity_hierarchical_risk_parity,Equity Hierarchical Risk Parity,equity,hierarchical_risk_parity,monthly,28,2023-04-03,2022-03-31,2023-03-31,2023-04-03,252,252,50,0.10756682686050358,0.00010756682686050358,10.0,ledoit_wolf,0.029785906000716185,710.8831318567082,5.767149532746637,360.318847062805,0.006956987300593548,0.0,-0.3738643148089632,0.4041887312530835,True,0,standard single-linkage HRP; raw weights feasible,0,1,0.03087088139770388,0.005608766414940036,0.17570111382032808,0.031922201817545445,0.0,0.0,0.002909992035778889,0.06235058906769402,0.0,0.028389843708416667,0.008416631095998934,1.6573170482155077,0.033146340964310156,equity_hierarchical_risk_parity__ledoit_wolf,50.0,0.2519759176510617,0.561411264625181,False,0.0,0.06235058906769402,0.028389843708416667,0.0,NEM|WMT|T|MRK|ABBV|EA|TTWO|TMUS|SHW|CMCSA|MMM|BA|KO|NUE|UPS|OXY|SLB|COP|CVX|XOM|NKE|SBUX|V|ADBE|INTC|QCOM|AMD|NVDA|GE|DIS|CAT|USB|WFC|GS|MS|DD|DOW|ABT|NEE|D|DUK|AEP|SO|AMT|CCI|O|PLD|PSA|AMGN|GILD
equity_hierarchical_risk_parity,Equity Hierarchical Risk Parity,equity,hierarchical_risk_parity,monthly,29,2023-05-01,2022-04-28,2023-04-28,2023-05-01,252,252,50,0.11178857460635996,0.00011178857460635996,10.0,ledoit_wolf,0.03066746220104001,714.6541261906061,5.619867510681322,355.648724773804,0.0068520529406471955,0.0,-0.3388991365636248,0.5858993506629674,True,0,standard single-linkage HRP; raw weights feasible,0,1,0.03118865895419639,0.05249720095411685,0.17660311139443832,0.29726090633174496,0.0,0.0,0.0049918837974829485,0.05765260718754395,0.0,0.027064431608237252,0.006906601062103687,1.596440516963806,0.03192881033927612,equity_hierarchical_risk_parity__ledoit_wolf,50.0,0.24737267857830025,0.5537726526071093,False,0.0,0.05765260718754395,0.027064431608237252,0.0,NEM|MRK|WMT|ABBV|T|EA|TTWO|CMCSA|BA|SHW|KO|MMM|NUE|UPS|OXY|SLB|COP|CVX|XOM|NKE|SBUX|GE|DIS|USB|WFC|GS|MS|CAT|DD|DOW|V|ADBE|INTC|QCOM|AMD|NVDA|ABT|AMT|CCI|O|PLD|PSA|NEE|D|DUK|AEP|SO|TMUS|AMGN|GILD
equity_hierarchical_risk_parity,Equity Hierarchical Risk Parity,equity,hierarchical_risk_parity,monthly,30,2023-06-01,2022-05-31,2023-05-31,2023-06-01,252,252,50,0.11859743658019439,0.00011859743658019439,10.0,ledoit_wolf,0.035041224615857375,609.9355530399164,5.229279728250939,295.724344207552,0.007102329273486399,0.0,-0.45545680673063427,0.8770008312109273,True,0,standard single-linkage HRP; raw weights feasible,0,1,0.027339496409867048,-0.02563397247214605,0.16534659479368496,-0.15503175317357717,0.0,0.0,0.003013830426691023,0.06392476688068131,0.0,0.028024355532159484,0.007988220696329535,1.5753557076168763,0.03150711415233753,equity_hierarchical_risk_parity__ledoit_wolf,50.0,0.2591996386022175,0.564054523769884,False,0.0,0.06392476688068131,0.028024355532159484,0.0,NEM|WMT|MRK|EA|TTWO|BA|CMCSA|ABT|SHW|KO|PSA|AMT|CCI|O|PLD|NEE|D|SO|AEP|DUK|NKE|SBUX|V|ADBE|INTC|QCOM|AMD|NVDA|MMM|UPS|NUE|DIS|GE|OXY|SLB|COP|CVX|XOM|GS|MS|USB|WFC|CAT|DD|DOW|ABBV|T|TMUS|AMGN|GILD
equity_hierarchical_risk_parity,Equity Hierarchical Risk Parity,equity,hierarchical_risk_parity,monthly,31,2023-07-03,2022-06-30,2023-06-30,2023-07-03,252,252,50,0.10283102860392247,0.00010283102860392247,10.0,ledoit_wolf,0.039785183706997955,550.9166650782894,4.863920102757518,254.55832415705376,0.007181538978724373,0.0,-0.34636314378090993,1.1699565688763638,True,0,standard single-linkage HRP; raw weights feasible,0,1,0.0236470422681482,0.10937874668586664,0.15377594827588675,0.7112864392137068,0.0,0.0,0.002946023254426651,0.05771840207652684,0.0,0.027888408660688757,0.008012891609769717,1.7226078003749439,0.034452156007498874,equity_hierarchical_risk_parity__ledoit_wolf,50.0,0.2734077170600019,0.5576707719431804,False,0.0,0.05771840207652684,0.027888408660688757,0.0,NEM|WMT|MRK|T|EA|TTWO|TMUS|BA|ABT|SHW|KO|PSA|O|PLD|AMT|CCI|NEE|D|SO|AEP|DUK|CMCSA|V|ADBE|INTC|QCOM|AMD|NVDA|GE|UPS|OXY|SLB|COP|CVX|XOM|MMM|NUE|DIS|USB|WFC|GS|MS|CAT|DD|DOW|NKE|SBUX|ABBV|AMGN|GILD
equity_hierarchical_risk_parity,Equity Hierarchical Risk Parity,equity,hierarchical_risk_parity,monthly,32,2023-08-01,2022-07-29,2023-07-31,2023-08-01,252,252,50,0.12176242114143218,0.00012176242114143218,10.0,ledoit_wolf,0.04164708695588915,534.1663366335997,4.709895716960692,243.4062933637938,0.007193726343459031,0.0,-0.4257137157133368,1.1159951693564845,True,0,standard single-linkage HRP; raw weights feasible,0,1,0.022255752186376102,0.0996212139538901,0.14918361902828375,0.6677758228603028,0.0,0.0,0.003572803933908981,0.06582383515793731,0.0,0.029431596760120582,0.008714340574132456,1.8215300039856128,0.03643060007971226,equity_hierarchical_risk_parity__ledoit_wolf,50.0,0.27736029988559757,0.5503366798681506,False,0.0,0.06582383515793731,0.029431596760120582,0.0,MRK|NEM|T|EA|TTWO|TMUS|ABBV|AMGN|GILD|WMT|BA|ABT|SHW|KO|NEE|D|SO|AEP|DUK|AMT|CCI|PSA|O|PLD|NKE|SBUX|V|INTC|AMD|NVDA|ADBE|QCOM|CMCSA|GE|OXY|SLB|COP|CVX|XOM|DIS|UPS|MMM|USB|WFC|GS|MS|NUE|CAT|DD|DOW
equity_hierarchical_risk_parity,Equity Hierarchical Risk Parity,equity,hierarchical_risk_parity,monthly,33,2023-09-01,2022-08-31,2023-08-31,2023-09-01,252,252,50,0.1090962324860122,0.00010909623248601221,10.0,ledoit_wolf,0.04399711493382362,472.5729167969818,4.52887672310208,221.9746126379258,0.007499208373477374,0.0,-0.43813560969970056,1.3175303418143658,True,0,standard single-linkage HRP; raw weights feasible,0,1,0.022081260329721086,0.09095023869885381,0.14859764577449094,0.6120570633863084,0.0,0.0,0.003003609557130968,0.06749703445033972,0.0,0.02793269218712544,0.00796989663101471,1.808775700726398,0.03617551401452796,equity_hierarchical_risk_parity__ledoit_wolf,50.0,0.28507349894543504,0.5538987322856672,False,0.0,0.06749703445033972,0.02793269218712544,0.0,NEM|MRK|ABBV|T|TMUS|AMGN|GILD|EA|TTWO|WMT|BA|NKE|SBUX|CMCSA|GE|SLB|OXY|COP|CVX|XOM|V|AMD|NVDA|INTC|ADBE|QCOM|DIS|UPS|USB|WFC|GS|MS|MMM|CAT|NUE|DD|DOW|ABT|SHW|AMT|CCI|PSA|O|PLD|KO|NEE|D|SO|AEP|DUK
equity_hierarchical_risk_parity,Equity Hierarchical Risk Parity,equity,hierarchical_risk_parity,monthly,34,2023-10-02,2022-09-29,2023-09-29,2023-10-02,252,252,50,0.10070947050800123,0.00010070947050800124,10.0,ledoit_wolf,0.04873008072792225,412.37630849746233,4.266792804604461,190.91636692419453,0.007724542664819883,0.0,-0.43345810393913387,1.3764609828460026,True,0,standard single-linkage HRP; raw weights feasible,0,1,0.018906589679293456,0.13611676521972793,0.13750123519188276,0.9899312179252586,1.1102230246251565e-16,0.0,0.0033659497588771907,0.07288559137967207,0.0,0.029624899316266967,0.008964457838895153,1.99182321008883,0.0398364642017766,equity_hierarchical_risk_parity__ledoit_wolf,50.0,0.2988818919179958,0.5567894434675484,False,0.0,0.07288559137967207,0.029624899316266967,0.0,MRK|ABBV|TMUS|AMGN|GILD|T|NEM|BA|WMT|EA|TTWO|ABT|KO|NEE|D|SO|AEP|DUK|SHW|AMT|CCI|PSA|O|PLD|V|INTC|AMD|NVDA|ADBE|QCOM|CMCSA|NKE|SBUX|SLB|OXY|COP|CVX|XOM|GE|DIS|UPS|USB|WFC|GS|MS|CAT|MMM|NUE|DD|DOW
equity_hierarchical_risk_parity,Equity Hierarchical Risk Parity,equity,hierarchical_risk_parity,monthly,35,2023-11-01,2022-10-31,2023-10-31,2023-11-01,252,252,50,0.11752934118037192,0.00011752934118037192,10.0,ledoit_wolf,0.05797877613579671,341.8132021752741,3.958666923210159,150.1951785444215,0.008164471079355374,0.0,-0.4631479082031792,1.221485025665576,True,0,standard single-linkage HRP; raw weights feasible,0,1,0.015211478200836947,0.03887293028544133,0.12333482152594598,0.3151821181114177,2.220446049250313e-16,0.0,0.0028090724424668077,0.08137587622339532,0.0,0.029981501406683764,0.009238228333011217,2.182038120209712,0.04364076240419424,equity_hierarchical_risk_parity__ledoit_wolf,50.0,0.32194976316770324,0.579672317403675,False,0.0,0.08137587622339532,0.029981501406683764,0.0,T|TMUS|ABBV|MRK|AMGN|GILD|WMT|NEM|ABT|BA|EA|TTWO|INTC|V|QCOM|ADBE|AMD|NVDA|DIS|GE|SLB|CVX|XOM|COP|OXY|CMCSA|UPS|SBUX|GS|MS|USB|WFC|NKE|MMM|NUE|CAT|DD|DOW|SHW|AMT|CCI|O|PLD|PSA|KO|NEE|D|SO|AEP|DUK
equity_hierarchical_risk_parity,Equity Hierarchical Risk Parity,equity,hierarchical_risk_parity,monthly,36,2023-12-01,2022-11-30,2023-11-30,2023-12-01,252,252,50,0.1263074127710303,0.0001263074127710303,10.0,ledoit_wolf,0.053210546109787246,285.308117152311,3.6655052334783327,138.6859632977527,0.007563994772890106,0.0,-0.2766021355118453,1.2222043695132911,True,0,standard single-linkage HRP; raw weights feasible,0,1,0.013395416071498304,0.05842743640429074,0.11573856777884503,0.5048225282684917,2.220446049250313e-16,0.0,0.003570311316088884,0.06116755262113825,0.0,0.02846105553478299,0.008307032673617501,2.274178520990519,0.04548357041981038,equity_hierarchical_risk_parity__ledoit_wolf,50.0,0.32523751255057,0.5853348269302062,False,0.0,0.06116755262113825,0.02846105553478299,0.0,TMUS|T|WMT|NEM|ABBV|MRK|AMGN|GILD|ABT|BA|EA|TTWO|DIS|V|INTC|QCOM|ADBE|AMD|NVDA|CMCSA|UPS|KO|GE|NEE|D|SO|AEP|DUK|SHW|AMT|CCI|O|PLD|PSA|SLB|OXY|COP|CVX|XOM|GS|MS|USB|WFC|MMM|CAT|NUE|DD|DOW|NKE|SBUX
equity_hierarchical_risk_parity,Equity Hierarchical Risk Parity,equity,hierarchical_risk_parity,monthly,1,2021-01-04,2020-01-03,2020-12-31,2021-01-04,252,252,50,1.0,0.001,10.0,sample_ridge,,708.2402856669532,13.184233797269265,708.2401086386429,0.010534384267484587,2.6368467330853855e-09,-0.3492732395247833,0.9488143251997084,True,0,standard single-linkage HRP; raw weights feasible,0,1,0.09795329613029814,0.22268494237162229,0.3129749129407949,0.7115105178214312,0.0,0.0,0.004914429426066093,0.055717916681115746,0.0,0.026361917232108262,0.007292343594439671,1.4742490483750568,0.029484980967501136,equity_hierarchical_risk_parity__sample_ridge,50.0,0.20357057351654573,0.552658830283949,False,0.0,0.055717916681115746,0.026361917232108262,0.0,NEM|GILD|WMT|UPS|TMUS|EA|TTWO|INTC|AMGN|ABT|PSA|O|BA|GE|DIS|SHW|NKE|PLD|AMT|CCI|CMCSA|NEE|AEP|D|DUK|SO|MMM|DD|OXY|XOM|SLB|COP|CVX|CAT|DOW|SBUX|V|NUE|GS|MS|USB|WFC|KO|T|QCOM|AMD|ADBE|NVDA|ABBV|MRK
equity_hierarchical_risk_parity,Equity Hierarchical Risk Parity,equity,hierarchical_risk_parity,monthly,2,2021-02-01,2020-01-31,2021-01-29,2021-02-01,252,252,50,0.0958303601172747,9.58303601172747e-05,10.0,sample_ridge,,661.1468383883391,13.465257787911993,661.1466828998957,0.011433707958087692,2.693051530651883e-09,-0.23740683868214907,0.9237121823064337,True,0,standard single-linkage HRP; raw weights feasible,0,1,0.09817829167047154,0.2204671449032302,0.31333415337379283,0.703616706092755,2.220446049250313e-16,0.0,0.004739938515040346,0.05702271564129086,0.0,0.0264475228155228,0.007072175907724152,1.4882426264527133,0.029764852529054267,equity_hierarchical_risk_parity__sample_ridge,50.0,0.2015159628848452,0.5571492574698698,False,0.0,0.05702271564129086,0.0264475228155228,0.0,NEM|GILD|WMT|UPS|TMUS|EA|TTWO|INTC|AMGN|ABT|QCOM|ADBE|AMD|NVDA|PSA|O|CMCSA|DIS|BA|PLD|AMT|CCI|MMM|SHW|GE|NKE|NEE|AEP|D|DUK|SO|KO|SBUX|V|T|CAT|DOW|OXY|XOM|SLB|COP|CVX|GS|MS|USB|WFC|DD|NUE|ABBV|MRK
equity_hierarchical_risk_parity,Equity Hierarchical Risk Parity,equity,hierarchical_risk_parity,monthly,3,2021-03-01,2020-02-28,2021-02-26,2021-03-01,252,252,50,0.08825204841529893,8.825204841529893e-05,10.0,sample_ridge,,663.0317180134332,13.324354398206259,663.0315596849582,0.011142841022490756,2.664870852992543e-09,-0.09602128620994455,0.9459226944620321,True,0,standard single-linkage HRP; raw weights feasible,0,1,0.09515855331289133,0.2972364822126752,0.3084778003566729,0.9635587451317401,0.0,0.0,0.004992744758059145,0.05319187799173658,0.0,0.0266535415405574,0.007068573271069422,1.4999048571467237,0.029998097142934475,equity_hierarchical_risk_parity__sample_ridge,50.0,0.19993280531029048,0.561988028965284,False,0.0,0.05319187799173658,0.0266535415405574,0.0,NEM|GILD|WMT|UPS|INTC|EA|TTWO|AMGN|ABT|ABBV|MRK|PSA|MMM|CMCSA|DIS|O|NKE|SHW|BA|PLD|AMT|CCI|GE|NEE|AEP|D|DUK|SO|KO|DD|SBUX|V|T|CAT|DOW|NUE|GS|MS|USB|WFC|OXY|XOM|SLB|COP|CVX|TMUS|QCOM|AMD|ADBE|NVDA
equity_hierarchical_risk_parity,Equity Hierarchical Risk Parity,equity,hierarchical_risk_parity,monthly,4,2021-04-01,2020-04-01,2021-03-31,2021-04-01,252,252,50,0.1334842395748438,0.00013348423957484378,10.0,sample_ridge,,384.10656775882444,7.651657660345755,384.1065013271364,0.008825307107527342,1.530331516765836e-09,-0.060127039234835644,1.226556819766659,True,0,standard single-linkage HRP; raw weights feasible,0,1,0.0338813795667926,0.4022655560923633,0.1840689532941191,2.18540687548537,1.1102230246251565e-16,0.0,0.003259904443717717,0.06201366087054683,0.0,0.027318810158653097,0.008067917836750945,2.3302671062158846,0.04660534212431769,equity_hierarchical_risk_parity__sample_ridge,50.0,0.21882853809690198,0.5815975898678194,False,0.0,0.06201366087054683,0.027318810158653097,0.0,NEM|WMT|UPS|TMUS|GILD|AMGN|ABBV|MRK|ABT|INTC|EA|TTWO|QCOM|AMD|ADBE|NVDA|NKE|DIS|PSA|SHW|PLD|AMT|CCI|MMM|OXY|SLB|COP|CVX|XOM|T|USB|WFC|GS|MS|NUE|DD|CAT|DOW|BA|GE|SBUX|O|NEE|D|DUK|AEP|SO|V|CMCSA|KO
equity_hierarchical_risk_parity,Equity Hierarchical Risk Parity,equity,hierarchical_risk_parity,monthly,5,2021-05-03,2020-05-01,2021-04-30,2021-05-03,252,252,50,0.1306602263679058,0.0001306602263679058,10.0,sample_ridge,,349.6342331587705,6.276780580370753,349.63417521830985,0.007553618062301135,1.2553561035205896e-09,-0.2081438801394524,0.8493961050735777,True,0,standard single-linkage HRP; raw weights feasible,0,1,0.020724009793961305,0.3151385878959877,0.1439583613200751,2.1890954092990316,0.0,0.0,0.002416768151296785,0.07359426555505605,0.0,0.029641501776903736,0.009568442183142638,3.232900532451553,0.06465801064903105,equity_hierarchical_risk_parity__sample_ridge,50.0,0.21352450678844076,0.5794608630941773,False,0.0,0.07359426555505605,0.029641501776903736,0.0,WMT|NEM|GILD|ABBV|AMGN|MRK|UPS|INTC|ABT|TMUS|QCOM|AMD|ADBE|NVDA|EA|TTWO|NKE|SHW|PSA|PLD|AMT|CCI|NEE|D|AEP|DUK|SO|DIS|MMM|T|DD|NUE|CAT|DOW|OXY|SLB|COP|CVX|XOM|GS|MS|USB|WFC|BA|GE|SBUX|V|CMCSA|KO|O
equity_hierarchical_risk_parity,Equity Hierarchical Risk Parity,equity,hierarchical_risk_parity,monthly,6,2021-06-01,2020-06-01,2021-05-28,2021-06-01,252,252,50,0.11558848527205644,0.00011558848527205644,10.0,sample_ridge,,338.3569609822227,5.719485651015339,338.35690348588344,0.00671176042847194,1.1438971187640966e-09,-0.09446757920356907,1.0236878148723123,True,0,standard single-linkage HRP; raw weights feasible,0,1,0.018505249074501632,0.2759163173739849,0.13603399970044852,2.0282893834009292,1.1102230246251565e-16,0.0,0.0011646150659961633,0.06309431532522616,0.0,0.028481010983969608,0.010011364068437854,3.335898640189092,0.06671797280378185,equity_hierarchical_risk_parity__sample_ridge,50.0,0.2055046085763971,0.5818060887335442,False,0.0,0.06309431532522616,0.028481010983969608,0.0,WMT|NEM|GILD|AMGN|ABBV|MRK|UPS|INTC|ABT|TMUS|NKE|QCOM|AMD|ADBE|NVDA|EA|TTWO|SHW|PSA|PLD|AMT|CCI|DIS|NEE|D|DUK|AEP|SO|CMCSA|KO|O|SBUX|V|MMM|T|GS|MS|USB|WFC|OXY|SLB|COP|CVX|XOM|DD|NUE|CAT|DOW|BA|GE
equity_hierarchical_risk_parity,Equity Hierarchical Risk Parity,equity,hierarchical_risk_parity,monthly,7,2021-07-01,2020-07-01,2021-06-30,2021-07-01,252,252,50,0.13951321244656648,0.0001395132124465665,10.0,sample_ridge,,284.1973126090397,4.93436282698919,284.1972655923129,0.005944260101287084,9.868725555291125e-10,-0.04517062980827402,0.9353134194385742,True,0,standard single-linkage HRP; raw weights feasible,0,1,0.014771408420351649,0.29437130173162795,0.12153768312894421,2.422057868416972,2.220446049250313e-16,0.0,0.0012727998873551822,0.06089572449496757,0.0,0.0270607166083524,0.009005409327606288,3.4494549722365013,0.06898909944473003,equity_hierarchical_risk_parity__sample_ridge,50.0,0.2169088743049119,0.5835128660554234,False,0.0,0.06089572449496757,0.0270607166083524,0.0,NEM|WMT|NKE|ABT|GILD|AMGN|ABBV|MRK|UPS|INTC|TMUS|QCOM|EA|TTWO|AMD|ADBE|NVDA|DIS|T|MMM|GE|BA|GS|MS|USB|WFC|SLB|OXY|COP|CVX|XOM|DD|CAT|DOW|NUE|NEE|D|DUK|AEP|SO|O|CMCSA|KO|SBUX|V|SHW|PSA|PLD|AMT|CCI
equity_hierarchical_risk_parity,Equity Hierarchical Risk Parity,equity,hierarchical_risk_parity,monthly,8,2021-08-02,2020-07-31,2021-07-30,2021-08-02,252,252,50,0.13272435056824863,0.00013272435056824864,10.0,sample_ridge,,291.6771564436472,4.644660133462096,291.6771084447581,0.005625532674701469,9.289320174030991e-10,-0.03111480254552568,0.9864628459904821,True,0,standard single-linkage HRP; raw weights feasible,0,1,0.014529409767656355,0.2586390934011193,0.12053800134254905,2.1457058398215,1.1102230246251565e-16,0.0,0.001521508649321044,0.04799253899027815,0.0,0.027820608112818827,0.010770646314322636,3.560653153598398,0.07121306307196795,equity_hierarchical_risk_parity__sample_ridge,50.0,0.21953381225016952,0.5848269852488962,False,0.0,0.04799253899027815,0.027820608112818827,0.0,NEM|NKE|UPS|ABT|WMT|GILD|AMGN|ABBV|MRK|TMUS|INTC|DIS|T|MMM|GE|BA|SLB|OXY|COP|CVX|XOM|GS|MS|USB|WFC|DD|CAT|DOW|NUE|NEE|SO|AEP|D|DUK|O|CMCSA|SBUX|KO|V|EA|QCOM|TTWO|ADBE|AMD|NVDA|SHW|PSA|PLD|AMT|CCI
equity_hierarchical_risk_parity,Equity Hierarchical Risk Parity,equity,hierarchical_risk_parity,monthly,9,2021-09-01,2020-09-01,2021-08-31,2021-09-01,252,252,50,0.12254961318861901,0.000122549613188619,10.0,sample_ridge,,314.3405463864097,4.51621493339901,314.3404924254211,0.005244949261080728,9.032429776473723e-10,-0.07863987065770972,1.0546679801982481,True,0,standard single-linkage HRP; raw weights feasible,0,1,0.013507746771320219,0.23863389996371087,0.11622283240103994,2.0532445736675715,1.1102230246251565e-16,0.0,0.0011658331630652907,0.052056447320665375,0.0,0.028972389311410315,0.011091806698429768,3.869529494280827,0.07739058988561653,equity_hierarchical_risk_parity__sample_ridge,50.0,0.20662253647572715,0.5764796441914388,False,0.0,0.052056447320665375,0.028972389311410315,0.0,NEM|NKE|UPS|ABBV|MRK|AMGN|GILD|WMT|ABT|INTC|SHW|PSA|PLD|AMT|CCI|EA|TTWO|QCOM|AMD|ADBE|NVDA|MMM|TMUS|DIS|CMCSA|KO|SBUX|V|NEE|O|SO|DUK|AEP|D|T|GE|BA|SLB|OXY|COP|CVX|XOM|GS|MS|USB|WFC|DD|CAT|DOW|NUE
equity_hierarchical_risk_parity,Equity Hierarchical Risk Parity,equity,hierarchical_risk_parity,monthly,10,2021-10-01,2020-10-01,2021-09-30,2021-10-01,252,252,50,0.11350482258151626,0.00011350482258151626,10.0,sample_ridge,,344.88471341317165,4.295516232029762,344.8846496829951,0.004635676280579153,8.591032378149199e-10,-0.12416434745014902,1.315533795988761,True,0,standard single-linkage HRP; raw weights feasible,0,1,0.011640344053877504,0.16798198772572928,0.1078904261455923,1.5569684329455393,0.0,0.0,0.0012194181879905445,0.05733783267956942,0.0,0.029096568534417545,0.011827015217061511,3.9029814253563346,0.0780596285071267,equity_hierarchical_risk_parity__sample_ridge,50.0,0.20033704710537178,0.5779463069253099,False,0.0,0.05733783267956942,0.029096568534417545,0.0,NEM|UPS|AMGN|GILD|ABBV|MRK|NKE|WMT|ABT|TMUS|SHW|MMM|INTC|EA|TTWO|PSA|PLD|AMT|CCI|QCOM|ADBE|AMD|NVDA|CMCSA|NEE|O|SO|AEP|D|DUK|SBUX|KO|V|T|DIS|GE|BA|DD|SLB|OXY|COP|CVX|XOM|NUE|CAT|DOW|GS|MS|USB|WFC
equity_hierarchical_risk_parity,Equity Hierarchical Risk Parity,equity,hierarchical_risk_parity,monthly,11,2021-11-01,2020-10-30,2021-10-29,2021-11-01,252,252,50,0.0682888324955993,6.82888324955993e-05,10.0,sample_ridge,,315.9019357927494,4.159227537977499,315.90188050678523,0.004738087880330207,8.318454992770447e-10,-0.03804484144889364,1.5250342431668675,True,0,standard single-linkage HRP; raw weights feasible,0,1,0.010576343177636722,0.24544472671526915,0.10284134955180588,2.3866346346576037,0.0,0.0,0.0010854771989593263,0.05421348437226851,0.0,0.028209187601920562,0.011171983069330706,3.8597847289544,0.077195694579088,equity_hierarchical_risk_parity__sample_ridge,50.0,0.20243689210426008,0.5903666485597003,False,0.0,0.05421348437226851,0.028209187601920562,0.0,NEM|NKE|ABBV|MRK|AMGN|GILD|UPS|WMT|ABT|TMUS|MMM|SHW|INTC|EA|TTWO|PSA|PLD|AMT|CCI|QCOM|ADBE|AMD|NVDA|KO|O|NEE|SO|AEP|D|DUK|T|DIS|GE|BA|GS|MS|USB|WFC|SLB|OXY|COP|CVX|XOM|DD|NUE|CAT|DOW|CMCSA|SBUX|V
equity_hierarchical_risk_parity,Equity Hierarchical Risk Parity,equity,hierarchical_risk_parity,monthly,12,2021-12-01,2020-12-01,2021-11-30,2021-12-01,252,252,50,0.1300128038091337,0.0001300128038091337,10.0,sample_ridge,,268.85633914211076,3.7330974299977373,268.85629255670045,0.004292905375881567,7.466194785333525e-10,-0.17349452421536093,0.9785778184849881,True,0,standard single-linkage HRP; raw weights feasible,0,1,0.010068906102416368,0.13907087922775166,0.1003439390417596,1.3859419966548778,1.1102230246251565e-16,0.0,0.0011210973177734685,0.06493752708163635,0.0,0.02976040091384535,0.012324804185921094,4.0237577091625205,0.08047515418325041,equity_hierarchical_risk_parity__sample_ridge,50.0,0.22504367235885,0.5979291426586912,False,0.0,0.06493752708163635,0.02976040091384535,0.0,WMT|UPS|MRK|NEM|ABBV|AMGN|GILD|NKE|ABT|MMM|T|BA|GE|DD|GS|MS|USB|WFC|SLB|OXY|COP|CVX|XOM|NUE|CAT|DOW|DIS|SHW|SBUX|V|CMCSA|TMUS|EA|TTWO|INTC|KO|QCOM|ADBE|AMD|NVDA|PSA|O|PLD|AMT|CCI|NEE|SO|AEP|D|DUK
equity_hierarchical_risk_parity,Equity Hierarchical Risk Parity,equity,hierarchical_risk_parity,monthly,13,2022-01-03,2021-01-04,2021-12-31,2022-01-03,252,252,50,0.1547342593682591,0.00015473425936825912,10.0,sample_ridge,,290.9337928824501,3.785003164708261,290.9337377595371,0.003981648493762912,7.570006253716459e-10,-0.12605950714046,0.914339693277029,True,0,standard single-linkage HRP; raw weights feasible,0,1,0.010719051988044157,0.1848506365925746,0.10353285463100183,1.7854297290593881,0.0,0.0,0.0014059553838975973,0.05761888224816523,0.0,0.029573493158966672,0.01159615816926077,3.8091473554609045,0.0761829471092181,equity_hierarchical_risk_parity__sample_ridge,50.0,0.21816375601177782,0.5833911855927226,False,0.0,0.05761888224816523,0.029573493158966672,0.0,WMT|MRK|NEM|ABBV|AMGN|GILD|UPS|ABT|NKE|EA|TTWO|MMM|INTC|QCOM|ADBE|AMD|NVDA|SHW|KO|O|PSA|PLD|AMT|CCI|NEE|SO|AEP|D|DUK|T|CMCSA|TMUS|BA|GE|NUE|DD|GS|MS|USB|WFC|SLB|OXY|COP|CVX|XOM|CAT|DOW|SBUX|DIS|V
equity_hierarchical_risk_parity,Equity Hierarchical Risk Parity,equity,hierarchical_risk_parity,monthly,14,2022-02-01,2021-02-02,2022-01-31,2022-02-01,252,252,50,0.13543831532447065,0.00013543831532447065,10.0,sample_ridge,,318.9719391236067,3.7798292049481974,318.9718688197157,0.0034190984143493523,7.559658334299811e-10,-0.15047290084382414,0.8728852544158702,True,0,standard single-linkage HRP; raw weights feasible,0,1,0.010585436776220739,0.17844227677098293,0.10288555183416541,1.7343764366312826,0.0,0.0,0.0020854188704899166,0.05875350171928265,0.0,0.028202078659294104,0.010955863919284978,3.726545084518013,0.07453090169036025,equity_hierarchical_risk_parity__sample_ridge,50.0,0.23494123364986683,0.5899974470389472,False,0.0,0.05875350171928265,0.028202078659294104,0.0,EA|TTWO|NEM|MRK|UPS|NKE|ABBV|AMGN|GILD|WMT|ABT|TMUS|CMCSA|T|SBUX|INTC|ADBE|QCOM|AMD|NVDA|V|DIS|BA|GE|NUE|GS|MS|USB|WFC|SLB|OXY|COP|CVX|XOM|CAT|DD|DOW|SHW|MMM|O|PSA|PLD|AMT|CCI|NEE|KO|D|AEP|DUK|SO
equity_hierarchical_risk_parity,Equity Hierarchical Risk Parity,equity,hierarchical_risk_parity,monthly,15,2022-03-01,2021-03-02,2022-02-28,2022-03-01,252,252,50,0.12973545907227887,0.00012973545907227888,10.0,sample_ridge,,276.3172326451961,3.8465221707918356,276.3171762647196,0.00375666859966663,7.693044264653227e-10,-0.2425927947907769,0.8761242453888961,True,0,standard single-linkage HRP; raw weights feasible,0,1,0.011222362918988616,0.11614349353412043,0.10593565461632176,1.096358860053015,2.220446049250313e-16,0.0,0.00225047947149051,0.07306803034961569,0.0,0.02924716278042254,0.010827398024054722,3.544023666498078,0.07088047332996156,equity_hierarchical_risk_parity__sample_ridge,50.0,0.24081046039254378,0.6019569249032534,False,0.0,0.07306803034961569,0.02924716278042254,0.0,NEM|MRK|EA|TTWO|ABBV|AMGN|GILD|NKE|UPS|TMUS|CMCSA|T|ABT|V|DIS|BA|MMM|GE|NUE|SLB|OXY|COP|CVX|XOM|GS|MS|USB|WFC|CAT|DD|DOW|WMT|SBUX|INTC|ADBE|QCOM|AMD|NVDA|NEE|SHW|O|PSA|PLD|AMT|CCI|KO|AEP|D|DUK|SO
equity_hierarchical_risk_parity,Equity Hierarchical Risk Parity,equity,hierarchical_risk_parity,monthly,16,2022-04-01,2021-04-05,2022-03-31,2022-04-01,252,252,50,0.1525808087321845,0.0001525808087321845,10.0,sample_ridge,,311.3353481532465,4.024441658350308,311.33527755599476,0.0035381730788798024,8.048883236211783e-10,-0.28945013253051877,0.8913328012218693,True,0,standard single-linkage HRP; raw weights feasible,0,1,0.011478951936914032,0.11266931746783397,0.10713987090207842,1.051609606388356,0.0,0.0,0.001986623102879931,0.05879740195566923,0.0,0.029301444881463124,0.012010634809718607,3.084469065138842,0.06168938130277683,equity_hierarchical_risk_parity__sample_ridge,50.0,0.2586701933046551,0.6022917538297844,False,0.0,0.05879740195566923,0.029301444881463124,0.0,NEM|EA|TTWO|MRK|TMUS|CMCSA|T|UPS|WMT|ABT|INTC|ADBE|QCOM|AMD|NVDA|SHW|O|AMT|CCI|PLD|PSA|KO|NEE|D|AEP|DUK|SO|NKE|SBUX|V|MMM|SLB|OXY|COP|CVX|XOM|NUE|DIS|GS|MS|USB|WFC|BA|GE|CAT|DD|DOW|ABBV|AMGN|GILD
equity_hierarchical_risk_parity,Equity Hierarchical Risk Parity,equity,hierarchical_risk_parity,monthly,17,2022-05-02,2021-05-03,2022-04-29,2022-05-02,252,252,50,0.14518947690654602,0.00014518947690654601,10.0,sample_ridge,,314.1962107016673,4.284996708228052,314.19614183547003,0.003897542654991327,8.569993330756168e-10,-0.4753197972276958,0.9388799704010586,True,0,standard single-linkage HRP; raw weights feasible,0,1,0.01347938888956798,0.06827750466383974,0.11610077040902003,0.5880882997011978,0.0,0.0,0.002514859869108655,0.06616922028980837,0.0,0.028752673949846666,0.010579074673020094,2.565558875909328,0.05131117751818656,equity_hierarchical_risk_parity__sample_ridge,50.0,0.24291779018534707,0.5848455257427815,False,0.0,0.06616922028980837,0.028752673949846666,0.0,MRK|EA|TTWO|NEM|TMUS|UPS|ABBV|AMGN|GILD|WMT|SHW|ABT|NEE|KO|D|DUK|AEP|SO|O|AMT|CCI|PLD|PSA|INTC|ADBE|QCOM|AMD|NVDA|NKE|SBUX|SLB|OXY|COP|CVX|XOM|V|MMM|NUE|CAT|DD|DOW|DIS|GS|MS|USB|WFC|BA|GE|CMCSA|T
equity_hierarchical_risk_parity,Equity Hierarchical Risk Parity,equity,hierarchical_risk_parity,monthly,18,2022-06-01,2021-06-02,2022-05-31,2022-06-01,252,252,50,0.13108294789875352,0.00013108294789875352,10.0,sample_ridge,,429.501073557455,4.683380842181999,429.5009606662642,0.0035553415511947106,9.366761590696385e-10,-0.5815489189410324,1.0545687899640876,True,0,standard single-linkage HRP; raw weights feasible,0,1,0.01573901640012427,0.07790066769515856,0.12545523663890748,0.6209439301396145,0.0,0.0,0.003971573356048082,0.04745819110715144,0.0,0.02787419820185762,0.009123284432520093,2.4396648207993628,0.04879329641598726,equity_hierarchical_risk_parity__sample_ridge,50.0,0.2392921342656043,0.5945679759517232,False,0.0,0.04745819110715144,0.02787419820185762,0.0,MRK|NEM|EA|TTWO|TMUS|ABBV|AMGN|GILD|UPS|SHW|WMT|SLB|OXY|COP|CVX|XOM|NUE|V|MMM|CAT|DD|DOW|GS|MS|USB|WFC|DIS|BA|GE|NKE|SBUX|INTC|ADBE|QCOM|AMD|NVDA|ABT|O|AMT|CCI|PLD|PSA|KO|NEE|D|AEP|DUK|SO|CMCSA|T
equity_hierarchical_risk_parity,Equity Hierarchical Risk Parity,equity,hierarchical_risk_parity,monthly,19,2022-07-01,2021-07-01,2022-06-30,2022-07-01,252,252,50,0.1296996403172541,0.0001296996403172541,10.0,sample_ridge,,510.53631347218635,5.06933383844659,510.5361682089672,0.003556316091843376,1.0138667575506501e-09,-0.5782209800041562,0.8011361548468544,True,0,standard single-linkage HRP; raw weights feasible,0,1,0.01935755574628726,-0.005678710274639586,0.13913143335094072,-0.04081543715801294,0.0,0.0,0.004241220751147967,0.05063613834798616,0.0,0.027093622404028253,0.007769803476722245,2.092150193341357,0.041843003866827135,equity_hierarchical_risk_parity__sample_ridge,50.0,0.23266008424625761,0.5736922968581465,False,0.0,0.05063613834798616,0.027093622404028253,0.0,MRK|NEM|EA|TTWO|TMUS|WMT|CMCSA|T|UPS|SHW|KO|NEE|D|SO|AEP|DUK|ABT|AMT|CCI|O|PLD|PSA|NUE|NKE|SBUX|INTC|ADBE|QCOM|AMD|NVDA|V|OXY|SLB|COP|CVX|XOM|MMM|GS|MS|USB|WFC|DIS|CAT|DD|DOW|BA|GE|ABBV|AMGN|GILD
equity_hierarchical_risk_parity,Equity Hierarchical Risk Parity,equity,hierarchical_risk_parity,monthly,20,2022-08-01,2021-07-30,2022-07-29,2022-08-01,252,252,50,0.09791689481791183,9.791689481791183e-05,10.0,sample_ridge,,519.2829925502888,5.264405780011374,519.2828415783691,0.0036145157759337326,1.0528811454734633e-09,-0.4743378757951733,1.0610827829850287,True,0,standard single-linkage HRP; raw weights feasible,0,1,0.02001284137772538,0.023673438742588367,0.14146675007833245,0.1673427765144813,0.0,0.0,0.003503750022571945,0.05345760052082801,0.0,0.02767092006424968,0.008612170164561367,2.109697982442185,0.042193959648843704,equity_hierarchical_risk_parity__sample_ridge,50.0,0.23267550526179998,0.6025831177586105,False,0.0,0.05345760052082801,0.02767092006424968,0.0,NEM|MRK|WMT|T|TMUS|CMCSA|EA|TTWO|SHW|UPS|NUE|KO|MMM|SBUX|INTC|NKE|ADBE|QCOM|AMD|NVDA|V|OXY|SLB|CVX|COP|XOM|GS|MS|USB|WFC|DIS|BA|GE|CAT|DD|DOW|NEE|D|SO|AEP|DUK|ABT|O|AMT|CCI|PLD|PSA|ABBV|AMGN|GILD
equity_hierarchical_risk_parity,Equity Hierarchical Risk Parity,equity,hierarchical_risk_parity,monthly,21,2022-09-01,2021-09-01,2022-08-31,2022-09-01,252,252,50,0.11516919701713894,0.00011516919701713895,10.0,sample_ridge,,557.7048805106252,5.410058492317103,557.7047098850965,0.0035303110440088594,1.0820116876433034e-09,-0.489901311668022,1.1828191271343909,True,0,standard single-linkage HRP; raw weights feasible,0,1,0.020249329283426296,0.002863607698808956,0.1423001380302433,0.020123716943973365,0.0,0.0,0.0016883002536823228,0.0566154525712866,0.0,0.0293777993406641,0.009913553122001685,2.3102874579322625,0.046205749158645254,equity_hierarchical_risk_parity__sample_ridge,50.0,0.2310543335570363,0.5975997889884621,False,0.0,0.0566154525712866,0.0293777993406641,0.0,NEM|MRK|WMT|T|TMUS|CMCSA|ABBV|AMGN|GILD|EA|TTWO|SHW|NUE|UPS|KO|NEE|V|MMM|SBUX|NKE|INTC|ADBE|QCOM|AMD|NVDA|OXY|SLB|CVX|COP|XOM|GS|MS|USB|WFC|DIS|CAT|DD|DOW|BA|GE|D|SO|AEP|DUK|ABT|O|AMT|CCI|PLD|PSA
equity_hierarchical_risk_parity,Equity Hierarchical Risk Parity,equity,hierarchical_risk_parity,monthly,22,2022-10-03,2021-10-01,2022-09-30,2022-10-03,252,252,50,0.11825344143677935,0.00011825344143677935,10.0,sample_ridge,,617.4379094289061,5.666887786649403,617.4377085828124,0.0034785684239596053,1.133377545996105e-09,-0.6348446139350687,0.8913308032260187,True,0,standard single-linkage HRP; raw weights feasible,0,1,0.02354808499938741,-0.03900338664673076,0.15345385299622624,-0.25417013574556474,0.0,0.0,0.004242345711626601,0.05312320448410235,0.0,0.029210856505091806,0.009003781392410891,2.12882926092364,0.0425765852184728,equity_hierarchical_risk_parity__sample_ridge,50.0,0.22734929256521824,0.5855648620914021,False,0.0,0.05312320448410235,0.029210856505091806,0.0,NEM|MRK|WMT|T|TMUS|EA|TTWO|ABBV|AMGN|GILD|CMCSA|SHW|NUE|KO|NEE|D|SO|AEP|DUK|ABT|O|AMT|CCI|PLD|PSA|UPS|MMM|V|INTC|ADBE|QCOM|AMD|NVDA|OXY|SLB|CVX|COP|XOM|SBUX|NKE|USB|WFC|GS|MS|DIS|CAT|DD|DOW|BA|GE
equity_hierarchical_risk_parity,Equity Hierarchical Risk Parity,equity,hierarchical_risk_parity,monthly,23,2022-11-01,2021-11-01,2022-10-31,2022-11-01,252,252,50,0.11338595835915005,0.00011338595835915005,10.0,sample_ridge,,648.5504889732105,6.021456174395363,648.5502777321982,0.003691704376822344,1.2042912228361604e-09,-0.6083168093436072,0.9320822595695339,True,0,standard single-linkage HRP; raw weights feasible,0,1,0.027859647405036474,0.018834003303486665,0.16691209484347286,0.1128378582819229,0.0,0.0,0.0030590367789638776,0.057775624260286144,0.0,0.028925056172999064,0.009032936795482237,1.9240524535513248,0.038481049071026494,equity_hierarchical_risk_parity__sample_ridge,50.0,0.2185414763126741,0.5906449820833727,False,0.0,0.057775624260286144,0.028925056172999064,0.0,NEM|MRK|T|WMT|EA|TTWO|ABBV|AMGN|GILD|TMUS|CMCSA|SHW|NUE|KO|NEE|ABT|D|DUK|AEP|SO|O|AMT|CCI|PLD|PSA|UPS|MMM|OXY|SLB|CVX|COP|XOM|V|INTC|ADBE|QCOM|AMD|NVDA|DIS|NKE|SBUX|CAT|BA|GS|MS|USB|WFC|GE|DD|DOW
equity_hierarchical_risk_parity,Equity Hierarchical Risk Parity,equity,hierarchical_risk_parity,monthly,24,2022-12-01,2021-12-01,2022-11-30,2022-12-01,252,252,50,0.14870076644684663,0.00014870076644684662,10.0,sample_ridge,,701.6204758532148,6.249555728017336,701.6202416455271,0.0037390460649631982,1.249911133104356e-09,-0.5492037107009324,1.012398262304997,True,0,standard single-linkage HRP; raw weights feasible,0,1,0.029992728476755486,0.13551120783953838,0.17318408840524432,0.7824691580351608,0.0,0.0,0.002851637023909939,0.061566302984488716,0.0,0.029633083434961998,0.008792192994466881,1.797707242435343,0.03595414484870686,equity_hierarchical_risk_parity__sample_ridge,50.0,0.221535719897256,0.5700592017271631,False,0.0,0.061566302984488716,0.029633083434961998,0.0,NEM|T|WMT|EA|TTWO|AMGN|GILD|TMUS|CMCSA|NUE|SHW|KO|NEE|D|AEP|DUK|SO|ABT|O|AMT|CCI|PLD|PSA|UPS|MMM|V|OXY|SLB|COP|CVX|XOM|CAT|BA|GE|DOW|DD|USB|WFC|GS|MS|DIS|ADBE|INTC|QCOM|AMD|NVDA|NKE|SBUX|ABBV|MRK
equity_hierarchical_risk_parity,Equity Hierarchical Risk Parity,equity,hierarchical_risk_parity,monthly,25,2023-01-03,2021-12-31,2022-12-30,2023-01-03,252,252,50,0.13721504647768518,0.0001372150464776852,10.0,sample_ridge,,713.826698175003,6.191813444196875,713.826459680812,0.003701297571772024,1.2383626764557482e-09,-0.6198019913959887,0.9359017507349877,True,0,standard single-linkage HRP; raw weights feasible,0,1,0.032028810037105726,0.008306149448980895,0.17896594658511356,0.046411899065002364,0.0,0.0,0.0031548348829767447,0.05566067378731449,0.0,0.027493342601427738,0.008605267291673144,1.6511178323620548,0.0330223566472411,equity_hierarchical_risk_parity__sample_ridge,50.0,0.22326759815942235,0.5656368857875762,False,0.0,0.05566067378731449,0.027493342601427738,0.0,NEM|T|WMT|EA|TTWO|TMUS|SHW|CMCSA|KO|NUE|UPS|MMM|V|OXY|SLB|COP|CVX|XOM|ABT|O|AMT|CCI|PLD|PSA|NEE|D|AEP|DUK|SO|DIS|ADBE|INTC|QCOM|AMD|NVDA|NKE|SBUX|BA|CAT|GE|USB|WFC|GS|MS|DD|DOW|AMGN|GILD|ABBV|MRK
equity_hierarchical_risk_parity,Equity Hierarchical Risk Parity,equity,hierarchical_risk_parity,monthly,26,2023-02-01,2022-01-31,2023-01-31,2023-02-01,252,252,50,0.15556132508252107,0.00015556132508252107,10.0,sample_ridge,,662.3867216688445,6.113900152339298,662.3865223016511,0.0040564871675980345,1.2227800182400594e-09,-0.4107847709334955,0.6931753816190576,True,0,standard single-linkage HRP; raw weights feasible,0,1,0.030855691355177774,0.09603974722786059,0.17565788156293405,0.5467431712903348,2.220446049250313e-16,0.0,0.003341803710301608,0.0691286078924242,0.0,0.03024594889161937,0.009889322191320715,1.8096061927060172,0.036192123854120344,equity_hierarchical_risk_parity__sample_ridge,50.0,0.2380336024509337,0.5707166096819115,False,0.0,0.0691286078924242,0.03024594889161937,0.0,NEM|WMT|T|ABBV|MRK|AMGN|GILD|EA|TTWO|TMUS|SHW|CMCSA|KO|NUE|OXY|SLB|COP|CVX|XOM|MMM|UPS|BA|NKE|SBUX|DIS|V|ABT|CAT|ADBE|INTC|QCOM|AMD|NVDA|GE|DOW|DD|GS|MS|USB|WFC|NEE|D|AEP|DUK|SO|AMT|CCI|O|PLD|PSA
equity_hierarchical_risk_parity,Equity Hierarchical Risk Parity,equity,hierarchical_risk_parity,monthly,27,2023-03-01,2022-02-28,2023-02-28,2023-03-01,252,252,50,0.13886160635842626,0.00013886160635842625,10.0,sample_ridge,,719.7933267404047,5.967437912963498,719.7930902798075,0.0036279655641383046,1.193487570657824e-09,-0.5300802301245598,0.560747599864184,True,0,standard single-linkage HRP; raw weights feasible,0,1,0.03084021486823565,0.031976345635827574,0.17561382311263443,0.18208330682100535,0.0,0.0,0.002198495518046294,0.05441819505117996,0.0,0.028418902070546995,0.00863126272186087,1.7331833703744035,0.03466366740748807,equity_hierarchical_risk_parity__sample_ridge,50.0,0.23401092489296318,0.5644371183840952,False,0.0,0.05441819505117996,0.028418902070546995,0.0,NEM|WMT|T|ABBV|MRK|EA|TTWO|AMGN|GILD|SHW|TMUS|NUE|CMCSA|KO|MMM|OXY|SLB|COP|CVX|XOM|BA|AMT|CCI|O|PLD|PSA|NEE|D|AEP|DUK|SO|NKE|SBUX|UPS|CAT|ADBE|INTC|QCOM|AMD|NVDA|ABT|DIS|V|GE|DOW|DD|GS|MS|USB|WFC
equity_hierarchical_risk_parity,Equity Hierarchical Risk Parity,equity,hierarchical_risk_parity,monthly,28,2023-04-03,2022-03-31,2023-03-31,2023-04-03,252,252,50,0.13342807496711923,0.00013342807496711923,10.0,sample_ridge,,710.8831318567082,5.790126282013423,710.8829062608362,0.003643961078279024,1.1580252448224324e-09,-0.3738643148089632,0.4041887312530835,True,0,standard single-linkage HRP; raw weights feasible,0,1,0.032622640619297046,0.013772119159869225,0.18061738736704458,0.07625024013818774,0.0,0.0,0.004441080234961888,0.07286312413502785,0.0,0.028349404741790842,0.007598890801702151,1.6138662043823737,0.032277324087647476,equity_hierarchical_risk_parity__sample_ridge,50.0,0.22134414487141274,0.5565400392424787,False,0.0,0.07286312413502785,0.028349404741790842,0.0,NEM|WMT|T|MRK|EA|TTWO|ABBV|SHW|TMUS|CMCSA|BA|MMM|NUE|OXY|SLB|COP|CVX|XOM|NKE|SBUX|KO|UPS|ADBE|INTC|QCOM|AMD|NVDA|V|GE|NEE|D|SO|AEP|DUK|AMT|CCI|O|PLD|PSA|ABT|DIS|CAT|DD|DOW|USB|WFC|GS|MS|AMGN|GILD
equity_hierarchical_risk_parity,Equity Hierarchical Risk Parity,equity,hierarchical_risk_parity,monthly,29,2023-05-01,2022-04-28,2023-04-28,2023-05-01,252,252,50,0.07842340342647555,7.842340342647555e-05,10.0,sample_ridge,,714.6541261906061,5.642257477505018,714.6538978489344,0.003526837894209986,1.1284514842164888e-09,-0.3388991365636248,0.5858993506629674,True,0,standard single-linkage HRP; raw weights feasible,0,1,0.03192034765293067,0.053382283515401176,0.17866266440678275,0.2987881306519605,1.1102230246251565e-16,0.0,0.004512193596320648,0.062028178332384165,0.0,0.027734723633100457,0.00739623993139172,1.6334826558952127,0.032669653117904256,equity_hierarchical_risk_parity__sample_ridge,50.0,0.2152744096158391,0.5484489198886525,False,0.0,0.062028178332384165,0.027734723633100457,0.0,NEM|MRK|WMT|ABBV|EA|TTWO|T|CMCSA|BA|SHW|NUE|MMM|UPS|KO|NKE|SBUX|OXY|SLB|COP|CVX|XOM|V|ADBE|INTC|QCOM|AMD|NVDA|GE|DIS|USB|WFC|GS|MS|CAT|DD|DOW|ABT|AMT|CCI|O|PLD|PSA|NEE|D|AEP|DUK|SO|TMUS|AMGN|GILD
equity_hierarchical_risk_parity,Equity Hierarchical Risk Parity,equity,hierarchical_risk_parity,monthly,30,2023-06-01,2022-05-31,2023-05-31,2023-06-01,252,252,50,0.10367832648120064,0.00010367832648120064,10.0,sample_ridge,,609.9355530399164,5.250113564529966,609.9353742650943,0.003576544792009096,1.0500227024057662e-09,-0.45545680673063427,0.8770008312109273,True,0,standard single-linkage HRP; raw weights feasible,0,1,0.027597534605104026,-0.028497653595803897,0.16612505712596165,-0.17154337875830503,0.0,0.0,0.0038536452112760268,0.06250627860773139,0.0,0.029119191427399434,0.008600297644891583,1.6207300574105645,0.03241460114821129,equity_hierarchical_risk_parity__sample_ridge,50.0,0.21749058642683988,0.5585766202772992,False,0.0,0.06250627860773139,0.029119191427399434,0.0,NEM|WMT|MRK|ABBV|EA|TTWO|T|BA|CMCSA|SHW|NKE|SBUX|MMM|NUE|V|ADBE|INTC|QCOM|AMD|NVDA|UPS|DIS|GE|OXY|SLB|COP|CVX|XOM|GS|MS|USB|WFC|CAT|DD|DOW|ABT|KO|PSA|AMT|CCI|O|PLD|NEE|D|SO|AEP|DUK|TMUS|AMGN|GILD
equity_hierarchical_risk_parity,Equity Hierarchical Risk Parity,equity,hierarchical_risk_parity,monthly,31,2023-07-03,2022-06-30,2023-06-30,2023-07-03,252,252,50,0.12262479161738554,0.00012262479161738554,10.0,sample_ridge,,550.9166650782894,4.883298319330571,550.9165099528301,0.0034622390671748856,9.766596540995178e-10,-0.34636314378090993,1.1699565688763638,True,0,standard single-linkage HRP; raw weights feasible,0,1,0.024564459252318642,0.09737375569600536,0.15673053069621962,0.621281349992609,0.0,0.0,0.002926764498420881,0.06183816374296039,0.0,0.028457601274932662,0.008077087651548668,1.7077028882894967,0.03415405776578993,equity_hierarchical_risk_parity__sample_ridge,50.0,0.22636178806388166,0.5511434699959429,False,0.0,0.06183816374296039,0.028457601274932662,0.0,NEM|WMT|EA|TTWO|MRK|T|TMUS|BA|CMCSA|NKE|SBUX|V|ADBE|AMD|NVDA|INTC|QCOM|GE|OXY|SLB|COP|CVX|XOM|MMM|UPS|NUE|DIS|USB|WFC|GS|MS|CAT|DD|DOW|ABT|SHW|KO|NEE|D|SO|AEP|DUK|PSA|O|PLD|AMT|CCI|ABBV|AMGN|GILD
equity_hierarchical_risk_parity,Equity Hierarchical Risk Parity,equity,hierarchical_risk_parity,monthly,32,2023-08-01,2022-07-29,2023-07-31,2023-08-01,252,252,50,0.11302102697742464,0.00011302102697742464,10.0,sample_ridge,,534.1663366335997,4.728660289016061,534.166189472076,0.0034263881123364247,9.45732048345892e-10,-0.4257137157133368,1.1159951693564845,True,0,standard single-linkage HRP; raw weights feasible,0,1,0.023948166923744546,0.09695083547146151,0.1547519528915372,0.6264918384546175,0.0,0.0,0.0034639974277181095,0.0541063481714459,0.0,0.027898046881549725,0.008101713545575871,1.688320143488299,0.03376640286976598,equity_hierarchical_risk_parity__sample_ridge,50.0,0.22866435620164147,0.541438010203257,False,0.0,0.0541063481714459,0.027898046881549725,0.0,NEM|T|EA|TTWO|MRK|TMUS|ABBV|BA|WMT|ABT|SHW|AMT|CCI|PSA|O|PLD|KO|NEE|D|SO|AEP|DUK|NKE|SBUX|CMCSA|V|AMD|NVDA|INTC|ADBE|QCOM|GE|OXY|SLB|COP|CVX|XOM|DIS|UPS|MMM|USB|WFC|GS|MS|NUE|CAT|DD|DOW|AMGN|GILD
equity_hierarchical_risk_parity,Equity Hierarchical Risk Parity,equity,hierarchical_risk_parity,monthly,33,2023-09-01,2022-08-31,2023-08-31,2023-09-01,252,252,50,0.11549011202782014,0.00011549011202782015,10.0,sample_ridge,,472.5729167969818,4.546920102129455,472.5728005934037,0.003690427440758401,9.093840113320509e-10,-0.43813560969970056,1.3175303418143658,True,0,standard single-linkage HRP; raw weights feasible,0,1,0.02222597375309676,0.08729721772339685,0.1490837809860508,0.5855581146789195,2.220446049250313e-16,0.0,0.0031362075917025353,0.06908771679859396,0.0,0.030340553550711663,0.009287479018067729,1.8804039258376686,0.03760807851675337,equity_hierarchical_risk_parity__sample_ridge,50.0,0.23490898956713144,0.5465025833169492,False,0.0,0.06908771679859396,0.030340553550711663,0.0,NEM|T|MRK|ABBV|EA|TTWO|TMUS|BA|SLB|OXY|COP|CVX|XOM|NKE|SBUX|CMCSA|GE|UPS|MMM|NUE|USB|WFC|GS|MS|CAT|DD|DOW|DIS|V|AMD|NVDA|INTC|ADBE|QCOM|WMT|ABT|SHW|AMT|CCI|PSA|O|PLD|KO|NEE|D|SO|AEP|DUK|AMGN|GILD
equity_hierarchical_risk_parity,Equity Hierarchical Risk Parity,equity,hierarchical_risk_parity,monthly,34,2023-10-02,2022-09-29,2023-09-29,2023-10-02,252,252,50,0.12494395244095555,0.00012494395244095556,10.0,sample_ridge,,412.37630849746233,4.283792021962718,412.3762148537553,0.0037637350854721166,8.567583958249595e-10,-0.43345810393913387,1.3764609828460026,True,0,standard single-linkage HRP; raw weights feasible,0,1,0.020150314450844163,0.14250219720371132,0.14195180326732085,1.0038773296550096,2.220446049250313e-16,0.0,0.005237857631173496,0.06657653818339729,0.0,0.02850589424756286,0.00815086747271706,1.869078527178897,0.03738157054357794,equity_hierarchical_risk_parity__sample_ridge,50.0,0.24655131798557575,0.5422821943980151,False,0.0,0.06657653818339729,0.02850589424756286,0.0,T|MRK|ABBV|NEM|TMUS|AMGN|GILD|BA|EA|TTWO|WMT|CMCSA|INTC|V|AMD|NVDA|ADBE|QCOM|SLB|OXY|COP|CVX|XOM|NKE|SBUX|GE|DIS|UPS|USB|WFC|GS|MS|CAT|MMM|NUE|DD|DOW|ABT|SHW|AMT|CCI|PSA|O|PLD|KO|NEE|D|SO|AEP|DUK
equity_hierarchical_risk_parity,Equity Hierarchical Risk Parity,equity,hierarchical_risk_parity,monthly,35,2023-11-01,2022-10-31,2023-10-31,2023-11-01,252,252,50,0.11779019183291171,0.00011779019183291172,10.0,sample_ridge,,341.8132021752741,3.9744385443219157,341.81313105563646,0.0038091901796157373,7.948877009155061e-10,-0.4631479082031792,1.221485025665576,True,0,standard single-linkage HRP; raw weights feasible,0,1,0.015960492665077184,0.037054228275184564,0.12633484343235316,0.2933017310859731,0.0,0.0,0.0030387091083205657,0.08122945328556348,0.0,0.0314620128792797,0.00993266053961516,2.1649057304391435,0.04329811460878287,equity_hierarchical_risk_parity__sample_ridge,50.0,0.2700932413743727,0.5715856894167217,False,0.0,0.08122945328556348,0.0314620128792797,0.0,T|TMUS|NEM|WMT|ABT|BA|EA|TTWO|DIS|INTC|V|QCOM|ADBE|AMD|NVDA|KO|NEE|D|SO|AEP|DUK|SHW|AMT|CCI|O|PLD|PSA|GE|SLB|OXY|COP|CVX|XOM|USB|WFC|GS|MS|CMCSA|SBUX|UPS|NKE|MMM|NUE|CAT|DD|DOW|ABBV|MRK|AMGN|GILD
equity_hierarchical_risk_parity,Equity Hierarchical Risk Parity,equity,hierarchical_risk_parity,monthly,36,2023-12-01,2022-11-30,2023-11-30,2023-12-01,252,252,50,0.11714255079293699,0.000117142550792937,10.0,sample_ridge,,285.308117152311,3.6801088767873025,285.3080632813413,0.003884410488093493,7.360217679972428e-10,-0.2766021355118453,1.2222043695132911,True,0,standard single-linkage HRP; raw weights feasible,0,1,0.0139841365915064,0.06389062787782361,0.11825454152592364,0.5402805427461538,1.1102230246251565e-16,0.0,0.004303115575921558,0.0764515565864658,0.0,0.03040962799680955,0.009541635126899444,2.2400572650277,0.044801145300554,equity_hierarchical_risk_parity__sample_ridge,50.0,0.2803201954943139,0.5733690667082149,False,0.0,0.0764515565864658,0.03040962799680955,0.0,T|TMUS|NEM|WMT|ABT|BA|EA|TTWO|NKE|SBUX|CMCSA|GE|UPS|SHW|KO|NEE|D|AEP|DUK|SO|AMT|CCI|O|PLD|PSA|SLB|OXY|COP|CVX|XOM|GS|MS|USB|WFC|MMM|CAT|NUE|DD|DOW|DIS|INTC|V|QCOM|ADBE|AMD|NVDA|ABBV|MRK|AMGN|GILD
equity_maximum_sharpe,Equity Maximum Sharpe,equity,maximum_sharpe,monthly,1,2021-01-04,2020-01-03,2020-12-31,2021-01-04,252,252,50,1.0,0.001,10.0,ledoit_wolf,0.060651993928819474,708.2402856669532,13.13191527786571,271.3313919971667,0.02578571963383225,0.0,-0.3492732395247833,0.9488143251997084,True,0,Optimization terminated successfully,6,3,-1.7681010721675938,0.5650399022528709,0.3195744356176219,1.7681010721675938,8.282263763703668e-14,0.0,0.0,0.1,0.0,0.09427802970819509,0.0420894355863198,3.2135255461410024,0.06427051092282005,equity_maximum_sharpe__ledoit_wolf,,,,,,,,,
equity_maximum_sharpe,Equity Maximum Sharpe,equity,maximum_sharpe,monthly,2,2021-02-01,2020-01-31,2021-01-29,2021-02-01,252,252,50,0.2105387276950256,0.0002105387276950256,10.0,ledoit_wolf,0.05909356008455708,661.1468383883391,13.411824091143306,267.26517879372005,0.02656640490907241,0.0,-0.23740683868214907,0.9237121823064337,True,0,Optimization terminated successfully,8,3,-1.7060814207448467,0.5622182670795055,0.32953777014584124,1.7060814207448467,4.4853010194856324e-14,0.0,0.0,0.1,0.0,0.09216847665837931,0.04051049521278367,2.8186636146536475,0.05637327229307295,equity_maximum_sharpe__ledoit_wolf,,,,,,,,,
equity_maximum_sharpe,Equity Maximum Sharpe,equity,maximum_sharpe,monthly,3,2021-03-01,2020-02-28,2021-02-26,2021-03-01,252,252,50,0.3288277427307499,0.0003288277427307499,10.0,ledoit_wolf,0.06169700168529038,663.0317180134332,13.271479843276355,258.34569731357925,0.02679007940741373,0.0,-0.09602128620994455,0.9459226944620321,True,0,Optimization terminated successfully,7,3,-1.9478553249204527,0.6518251760493935,0.3346373663947619,1.9478553249204527,1.1035616864774056e-13,0.0,0.0,0.1,0.0,0.09356286148211905,0.04064329825949654,2.6754745085582123,0.05350949017116425,equity_maximum_sharpe__ledoit_wolf,,,,,,,,,
equity_maximum_sharpe,Equity Maximum Sharpe,equity,maximum_sharpe,monthly,4,2021-04-01,2020-04-01,2021-03-31,2021-04-01,252,252,50,0.4951923720573065,0.0004951923720573065,10.0,ledoit_wolf,0.04434299082008277,384.10656775882444,7.621293863258429,213.2947406401262,0.015159516293707051,0.0,-0.060127039234835644,1.226556819766659,True,0,Optimization terminated successfully,18,3,-3.269994930792066,0.6607159942750882,0.20205413410688314,3.269994930792066,4.707345624410664e-14,0.0,0.0,0.1,0.0,0.08326755592733967,0.037759133562321495,3.301475088234078,0.06602950176468156,equity_maximum_sharpe__ledoit_wolf,,,,,,,,,
equity_maximum_sharpe,Equity Maximum Sharpe,equity,maximum_sharpe,monthly,5,2021-05-03,2020-05-01,2021-04-30,2021-05-03,252,252,50,0.42491459306877516,0.00042491459306877517,10.0,ledoit_wolf,0.04840781323309374,349.6342331587705,6.251872658406111,189.91782740161776,0.013212228753776189,0.0,-0.2081438801394524,0.8493961050735777,True,0,Optimization terminated successfully,14,3,-3.596710463748704,0.6178713474706363,0.17178790277898942,3.596710463748704,1.1102230246251565e-14,0.0,0.0,0.09999999999999956,0.0,0.08735126564758203,0.03890724020859083,3.91693792639844,0.0783387585279688,equity_maximum_sharpe__ledoit_wolf,,,,,,,,,
equity_maximum_sharpe,Equity Maximum Sharpe,equity,maximum_sharpe,monthly,6,2021-06-01,2020-06-01,2021-05-28,2021-06-01,252,252,50,0.15767578608531907,0.00015767578608531907,10.0,ledoit_wolf,0.05610023750889561,338.3569609822227,5.6967892224164345,168.59304032997824,0.012701912769291793,0.0,-0.09446757920356907,1.0236878148723123,True,0,Optimization terminated successfully,16,3,-3.727644746861024,0.6451541673569868,0.17307286803557623,3.7276447468610234,7.549516567451064e-15,0.0,0.0,0.1,0.0,0.08772947346868204,0.04121448438497946,4.076480861527461,0.08152961723054922,equity_maximum_sharpe__ledoit_wolf,,,,,,,,,
equity_maximum_sharpe,Equity Maximum Sharpe,equity,maximum_sharpe,monthly,7,2021-07-01,2020-07-01,2021-06-30,2021-07-01,252,252,50,0.32624135014842987,0.00032624135014842985,10.0,ledoit_wolf,0.05871542671772186,284.1973126090397,4.914781972972365,140.1218596040734,0.011344506488375492,0.0,-0.04517062980827402,0.9353134194385742,True,0,Optimization terminated successfully,16,3,-4.182923930075258,0.6230792786120786,0.14895783165745216,4.182923930075258,5.626610288800293e-13,0.0,0.0,0.1,0.0,0.08532438679556023,0.04000783383252867,5.048764132734992,0.10097528265469985,equity_maximum_sharpe__ledoit_wolf,,,,,,,,,
equity_maximum_sharpe,Equity Maximum Sharpe,equity,maximum_sharpe,monthly,8,2021-08-02,2020-07-31,2021-07-30,2021-08-02,252,252,50,0.22955553860444575,0.00022955553860444576,10.0,ledoit_wolf,0.05781581919214883,291.6771564436472,4.626228896194005,145.37960177359366,0.010628638402575281,0.0,-0.03111480254552568,0.9864628459904821,True,0,Optimization terminated successfully,15,3,-4.026223898687804,0.5833497004487547,0.14488754603013396,4.026223898687804,1.3744561044859438e-13,0.0,3.931526972816042e-16,0.09999999999999744,0.0,0.08449107293474947,0.04075229496513189,4.820441728046534,0.09640883456093068,equity_maximum_sharpe__ledoit_wolf,,,,,,,,,
equity_maximum_sharpe,Equity Maximum Sharpe,equity,maximum_sharpe,monthly,9,2021-09-01,2020-09-01,2021-08-31,2021-09-01,252,252,50,0.18363774385971188,0.00018363774385971187,10.0,ledoit_wolf,0.05650457252953601,314.3405463864097,4.498293400585128,155.25216926214193,0.010012430465946801,0.0,-0.07863987065770972,1.0546679801982481,True,0,Optimization terminated successfully,18,3,-3.956008558107904,0.5560393732346465,0.1405556547887225,3.956008558107904,2.757793993168889e-13,0.0,0.0,0.1,0.0,0.08847480000125454,0.04259876105468473,4.906138922930128,0.09812277845860257,equity_maximum_sharpe__ledoit_wolf,,,,,,,,,
equity_maximum_sharpe,Equity Maximum Sharpe,equity,maximum_sharpe,monthly,10,2021-10-01,2020-10-01,2021-09-30,2021-10-01,252,252,50,0.2739685502514378,0.0002739685502514378,10.0,ledoit_wolf,0.057491387130456616,344.88471341317165,4.278470489911605,162.41442889319453,0.00927133012401811,0.0,-0.12416434745014902,1.315533795988761,True,0,Optimization terminated successfully,18,3,-3.5823569482323023,0.5137280379238072,0.14340503901413396,3.5823569482323023,1.3700152123874432e-13,0.0,0.0,0.1,0.0,0.07908961170960398,0.04237041248750182,4.050754843918292,0.08101509687836585,equity_maximum_sharpe__ledoit_wolf,,,,,,,,,
equity_maximum_sharpe,Equity Maximum Sharpe,equity,maximum_sharpe,monthly,11,2021-11-01,2020-10-30,2021-10-29,2021-11-01,252,252,50,0.2788723836374328,0.0002788723836374328,10.0,ledoit_wolf,0.06299636719699274,315.9019357927494,4.1427226253678215,145.42669004084587,0.009641516811752585,0.0,-0.03804484144889364,1.5250342431668675,True,0,Optimization terminated successfully,21,3,-4.621436098828385,0.5977541999594431,0.1293438202274363,4.621436098828385,1.1257661469699087e-13,0.0,2.4457551937126567e-16,0.09999999999999827,0.0,0.07427451544758558,0.03752281735823957,4.6809402079634905,0.0936188041592698,equity_maximum_sharpe__ledoit_wolf,,,,,,,,,
equity_maximum_sharpe,Equity Maximum Sharpe,equity,maximum_sharpe,monthly,12,2021-12-01,2020-12-01,2021-11-30,2021-12-01,252,252,50,0.2627369498245638,0.0002627369498245638,10.0,ledoit_wolf,0.04647625052358159,268.85633914211076,3.718283514124435,145.966603661667,0.00753338044334707,0.0,-0.17349452421536093,0.9785778184849881,True,0,Optimization terminated successfully,17,3,-3.8690947821490487,0.4831118037978026,0.12486429798172666,3.8690947821490487,4.796163466380676e-14,0.0,0.0,0.1,0.0,0.07991033931619793,0.03900321768027239,4.5160977280822285,0.09032195456164457,equity_maximum_sharpe__ledoit_wolf,,,,,,,,,
equity_maximum_sharpe,Equity Maximum Sharpe,equity,maximum_sharpe,monthly,13,2022-01-03,2021-01-04,2021-12-31,2022-01-03,252,252,50,0.24847099790444288,0.0002484709979044429,10.0,ledoit_wolf,0.046399643822157804,290.9337928824501,3.769983273180221,151.6083059708099,0.007280351255502656,0.0,-0.12605950714046,0.914339693277029,True,0,Optimization terminated successfully,14,3,-4.127536252270423,0.5094054245920154,0.12341634172487477,4.127536252270423,9.50350909079134e-14,0.0,0.0,0.09999999999999996,0.0,0.09102534565465142,0.04386402429993723,6.100700672355058,0.12201401344710115,equity_maximum_sharpe__ledoit_wolf,,,,,,,,,
equity_maximum_sharpe,Equity Maximum Sharpe,equity,maximum_sharpe,monthly,14,2022-02-01,2021-02-02,2022-01-31,2022-02-01,252,252,50,0.4315647771675205,0.0004315647771675205,10.0,ledoit_wolf,0.04847740786132579,318.9719391236067,3.7648298450580406,150.53199751003422,0.006890622391471135,0.0,-0.15047290084382414,0.8728852544158702,True,0,Optimization terminated successfully,13,3,-3.867229232326192,0.4883236962910582,0.1262722396203353,3.867229232326192,1.254552017826427e-13,0.0,0.0,0.1,0.0,0.08611076108218484,0.04136749986211752,4.6100771748115985,0.09220154349623197,equity_maximum_sharpe__ledoit_wolf,,,,,,,,,
equity_maximum_sharpe,Equity Maximum Sharpe,equity,maximum_sharpe,monthly,15,2022-03-01,2021-03-02,2022-02-28,2022-03-01,252,252,50,0.22535311865900887,0.00022535311865900888,10.0,ledoit_wolf,0.051810164308606056,276.3172326451961,3.831258155611032,130.93027206890267,0.007517861487277382,0.0,-0.2425927947907769,0.8761242453888961,True,0,Optimization terminated successfully,13,3,-3.5141773757333565,0.45132097937344123,0.12842862813071787,3.5141773757333565,1.0658141036401503e-13,0.0,0.0,0.1,0.0,0.08691378676795086,0.04314777704914179,4.964732976998347,0.09929465953996694,equity_maximum_sharpe__ledoit_wolf,,,,,,,,,
equity_maximum_sharpe,Equity Maximum Sharpe,equity,maximum_sharpe,monthly,16,2022-04-01,2021-04-05,2022-03-31,2022-04-01,252,252,50,0.17962835706094168,0.0001796283570609417,10.0,ledoit_wolf,0.05281225874428367,311.3353481532465,4.008471611684837,137.80819551716291,0.007571943340168137,0.0,-0.28945013253051877,0.8913328012218693,True,0,Optimization terminated successfully,17,3,-3.697214728564933,0.46500717559117544,0.12577229339656643,3.697214728564933,5.373479439185758e-13,0.0,0.0,0.09999999999984292,0.0,0.08526894515397765,0.041644082664833576,4.774382426226494,0.09548764852452989,equity_maximum_sharpe__ledoit_wolf,,,,,,,,,
equity_maximum_sharpe,Equity Maximum Sharpe,equity,maximum_sharpe,monthly,17,2022-05-02,2021-05-03,2022-04-29,2022-05-02,252,252,50,0.19358394514405722,0.00019358394514405722,10.0,ledoit_wolf,0.051845380792901706,314.1962107016673,4.267992710356743,143.211849423784,0.00810632183265672,0.0,-0.4753197972276958,0.9388799704010586,True,0,Optimization terminated successfully,13,3,-2.866640635326154,0.42751231704976667,0.14913355785913715,2.866640635326154,2.1449508835758024e-13,0.0,0.0,0.1,0.0,0.08851597836119969,0.04244545209263797,5.3546363415115925,0.10709272683023185,equity_maximum_sharpe__ledoit_wolf,,,,,,,,,
equity_maximum_sharpe,Equity Maximum Sharpe,equity,maximum_sharpe,monthly,18,2022-06-01,2021-06-02,2022-05-31,2022-06-01,252,252,50,0.361949704947705,0.000361949704947705,10.0,ledoit_wolf,0.04861663814378615,429.501073557455,4.664795950922206,183.62944361373735,0.007904803254666174,0.0,-0.5815489189410324,1.0545687899640876,True,0,Optimization terminated successfully,15,3,-2.6398648330588026,0.414858795746866,0.15715152933272364,2.6398648330588026,2.7911006839076435e-13,0.0,0.0,0.1,0.0,0.08753665801768894,0.04679980284883676,5.124582245576017,0.10249164491152034,equity_maximum_sharpe__ledoit_wolf,,,,,,,,,
equity_maximum_sharpe,Equity Maximum Sharpe,equity,maximum_sharpe,monthly,19,2022-07-01,2021-07-01,2022-06-30,2022-07-01,252,252,50,0.18666196213011987,0.00018666196213011987,10.0,ledoit_wolf,0.041631029867247094,510.53631347218635,5.049217383833595,228.63296957280767,0.007598819563719295,0.0,-0.5782209800041562,0.8011361548468544,True,0,Optimization terminated successfully,9,3,-1.916140756811222,0.31148503303949493,0.16255853435206816,1.916140756811222,1.5210055437364645e-13,0.0,0.0,0.0999999999999595,0.0,0.08995745582178469,0.04569372766797242,5.259207829716203,0.10518415659432406,equity_maximum_sharpe__ledoit_wolf,,,,,,,,,
equity_maximum_sharpe,Equity Maximum Sharpe,equity,maximum_sharpe,monthly,20,2022-08-01,2021-07-30,2022-07-29,2022-08-01,252,252,50,0.1604234440075586,0.0001604234440075586,10.0,ledoit_wolf,0.041427632825342606,519.2829925502888,5.243515228449192,230.439451872751,0.007795553303316175,0.0,-0.4743378757951733,1.0610827829850287,True,0,Optimization terminated successfully,10,3,-2.1971656285900165,0.39668241505058466,0.1805427910799547,2.1971656285900165,4.647393581080905e-13,0.0,0.0,0.1,0.0,0.09017074088706944,0.046320832493750165,4.2181214304231975,0.08436242860846395,equity_maximum_sharpe__ledoit_wolf,,,,,,,,,
equity_maximum_sharpe,Equity Maximum Sharpe,equity,maximum_sharpe,monthly,21,2022-09-01,2021-09-01,2022-08-31,2022-09-01,252,252,50,0.15402477145126445,0.00015402477145126444,10.0,ledoit_wolf,0.038878170644648914,557.7048805106252,5.38858995235058,249.552784213701,0.007569563847147182,0.0,-0.489901311668022,1.1828191271343909,True,0,Optimization terminated successfully,2,3,-2.2774922932419304,0.4196343128715655,0.18425279159747707,2.2774922932419304,2.731148640577885e-14,0.0,0.0,0.1,0.0,0.10000000000000003,0.049806278464579676,4.1082633819437255,0.08216526763887451,equity_maximum_sharpe__ledoit_wolf,,,,,,,,,
equity_maximum_sharpe,Equity Maximum Sharpe,equity,maximum_sharpe,monthly,22,2022-10-03,2021-10-01,2022-09-30,2022-10-03,252,252,50,0.0286538394224051,2.8653839422405102e-05,10.0,ledoit_wolf,0.03607174179577907,617.4379094289061,5.6444000802583805,278.7672279676787,0.0074118502452418964,0.0,-0.6348446139350687,0.8913308032260187,True,0,Optimization terminated successfully,6,3,-1.7754496517696574,0.33598811852382693,0.1892411413575907,1.7754496517696574,2.5979218776228663e-13,0.0,0.0,0.1,0.0,0.09764683163116422,0.04839699754898987,3.9435477899868046,0.07887095579973609,equity_maximum_sharpe__ledoit_wolf,,,,,,,,,
equity_maximum_sharpe,Equity Maximum Sharpe,equity,maximum_sharpe,monthly,23,2022-11-01,2021-11-01,2022-10-31,2022-11-01,252,252,50,0.21120167522539346,0.00021120167522539347,10.0,ledoit_wolf,0.03239711925790674,648.5504889732105,5.997561447061037,310.5025770281694,0.007444001883312119,0.0,-0.6083168093436072,0.9320822595695339,True,0,Optimization terminated successfully,4,3,-2.2087223016130806,0.4313506010973015,0.1952941756337029,2.2087223016130806,1.3100631690576847e-14,0.0,0.0,0.1,0.0,0.09999999999999915,0.04764923489577644,4.152220354017408,0.08304440708034816,equity_maximum_sharpe__ledoit_wolf,,,,,,,,,
equity_maximum_sharpe,Equity Maximum Sharpe,equity,maximum_sharpe,monthly,24,2022-12-01,2021-12-01,2022-11-30,2022-12-01,252,252,50,0.11700780710605928,0.00011700780710605929,10.0,ledoit_wolf,0.03189589923783292,701.6204758532148,6.22475584145225,334.4120858913595,0.007576304095690776,0.0,-0.5492037107009324,1.012398262304997,True,0,Optimization terminated successfully,11,3,-2.710340134856049,0.4855837196476796,0.17915969785595556,2.710340134856049,3.388400671155978e-13,0.0,0.0,0.1,0.0,0.09471157879993708,0.04435712536531553,4.644100790159453,0.09288201580318907,equity_maximum_sharpe__ledoit_wolf,,,,,,,,,
equity_maximum_sharpe,Equity Maximum Sharpe,equity,maximum_sharpe,monthly,25,2023-01-03,2021-12-31,2022-12-30,2023-01-03,252,252,50,0.10079889739165701,0.00010079889739165702,10.0,ledoit_wolf,0.03110433052191694,713.826698175003,6.167242694253825,344.68282280028365,0.0074084982590251385,0.0,-0.6198019913959887,0.9359017507349877,True,0,Optimization terminated successfully,7,3,-2.1708556759322155,0.4323998890453685,0.19918407927311244,2.1708556759322155,3.5860203695392556e-13,0.0,0.0,0.1,0.0,0.09804295787675288,0.04704602297521336,3.971357811925594,0.07942715623851188,equity_maximum_sharpe__ledoit_wolf,,,,,,,,,
equity_maximum_sharpe,Equity Maximum Sharpe,equity,maximum_sharpe,monthly,26,2023-02-01,2022-01-31,2023-01-31,2023-02-01,252,252,50,0.20628390271417635,0.00020628390271417636,10.0,ledoit_wolf,0.02958942848852802,662.3867216688445,6.089638582901883,345.6274703482734,0.007524614490942014,0.0,-0.4107847709334955,0.6931753816190576,True,0,Optimization terminated successfully,12,3,-1.912673193010984,0.37150869375758416,0.1942353221214675,1.9126731930109837,8.040235144335384e-13,0.0,0.0,0.1,0.0,0.09261814513734679,0.04319126912545211,4.062691601420052,0.08125383202840103,equity_maximum_sharpe__ledoit_wolf,,,,,,,,,
equity_maximum_sharpe,Equity Maximum Sharpe,equity,maximum_sharpe,monthly,27,2023-03-01,2022-02-28,2023-02-28,2023-03-01,252,252,50,0.24424562640600844,0.0002442456264060085,10.0,ledoit_wolf,0.03053462156851071,719.7933267404047,5.943757544347497,354.019005902263,0.007133036511049089,0.0,-0.5300802301245598,0.560747599864184,True,0,Optimization terminated successfully,13,3,-1.5442028649957718,0.30755941943914805,0.19917034633917105,1.5442028649957718,8.182343691487404e-13,0.0,0.0,0.1,0.0,0.08748205076652826,0.04294149609304553,3.556607072505928,0.07113214145011856,equity_maximum_sharpe__ledoit_wolf,,,,,,,,,
equity_maximum_sharpe,Equity Maximum Sharpe,equity,maximum_sharpe,monthly,28,2023-04-03,2022-03-31,2023-03-31,2023-04-03,252,252,50,0.36189152068274666,0.0003618915206827467,10.0,ledoit_wolf,0.029785906000716185,710.8831318567082,5.767149532746637,360.318847062805,0.006956987300593548,0.0,-0.3738643148089632,0.4041887312530835,True,0,Optimization terminated successfully,9,3,-1.2428825796803245,0.225309162135902,0.18127952376149054,1.2428825796803242,1.887379141862766e-14,0.0,0.0,0.09999999999998146,0.0,0.09242735486922111,0.0415963785829967,3.8184857468899356,0.0763697149377987,equity_maximum_sharpe__ledoit_wolf,,,,,,,,,
equity_maximum_sharpe,Equity Maximum Sharpe,equity,maximum_sharpe,monthly,29,2023-05-01,2022-04-28,2023-04-28,2023-05-01,252,252,50,0.2912268097730872,0.0002912268097730872,10.0,ledoit_wolf,0.03066746220104001,714.6541261906061,5.619867510681322,355.648724773804,0.0068520529406471955,0.0,-0.3388991365636248,0.5858993506629674,True,0,Optimization terminated successfully,12,3,-1.6636100943420913,0.34816256132549406,0.2092813469391589,1.6636100943420913,5.266898028821743e-13,0.0,0.0,0.1,0.0,0.08714774274438195,0.04361772118111135,1.8569325930465899,0.0371386518609318,equity_maximum_sharpe__ledoit_wolf,,,,,,,,,
equity_maximum_sharpe,Equity Maximum Sharpe,equity,maximum_sharpe,monthly,30,2023-06-01,2022-05-31,2023-05-31,2023-06-01,252,252,50,0.28029166336276834,0.00028029166336276837,10.0,ledoit_wolf,0.035041224615857375,609.9355530399164,5.229279728250939,295.724344207552,0.007102329273486399,0.0,-0.45545680673063427,0.8770008312109273,True,0,Optimization terminated successfully,7,3,-1.6441432528543063,0.3162227583601767,0.19233285044426623,1.6441432528543063,2.5490720645393594e-13,0.0,0.0,0.1,0.0,0.09387845531139319,0.0449000970906725,2.0538236822947145,0.04107647364589429,equity_maximum_sharpe__ledoit_wolf,,,,,,,,,
equity_maximum_sharpe,Equity Maximum Sharpe,equity,maximum_sharpe,monthly,31,2023-07-03,2022-06-30,2023-06-30,2023-07-03,252,252,50,0.2358905541410566,0.00023589055414105663,10.0,ledoit_wolf,0.039785183706997955,550.9166650782894,4.863920102757518,254.55832415705376,0.007181538978724373,0.0,-0.34636314378090993,1.1699565688763638,True,0,Optimization terminated successfully,10,3,-2.439699943887881,0.4787919947362803,0.19625036100680573,2.439699943887881,1.0880185641326534e-14,0.0,0.0,0.1,0.0,0.09150022066252972,0.04325958826789556,1.9937763100093118,0.03987552620018624,equity_maximum_sharpe__ledoit_wolf,,,,,,,,,
equity_maximum_sharpe,Equity Maximum Sharpe,equity,maximum_sharpe,monthly,32,2023-08-01,2022-07-29,2023-07-31,2023-08-01,252,252,50,0.26851935967762713,0.00026851935967762714,10.0,ledoit_wolf,0.04164708695588915,534.1663366335997,4.709895716960692,243.4062933637938,0.007193726343459031,0.0,-0.4257137157133368,1.1159951693564845,True,0,Optimization terminated successfully,9,3,-2.4191046778848526,0.44291962225024023,0.18309237557983957,2.4191046778848526,1.8629542353210127e-13,0.0,0.0,0.1,0.0,0.09194759288203858,0.04349865511850137,2.3071715147507588,0.04614343029501518,equity_maximum_sharpe__ledoit_wolf,,,,,,,,,
equity_maximum_sharpe,Equity Maximum Sharpe,equity,maximum_sharpe,monthly,33,2023-09-01,2022-08-31,2023-08-31,2023-09-01,252,252,50,0.1950603413762841,0.0001950603413762841,10.0,ledoit_wolf,0.04399711493382362,472.5729167969818,4.52887672310208,221.9746126379258,0.007499208373477374,0.0,-0.43813560969970056,1.3175303418143658,True,0,Optimization terminated successfully,7,3,-2.678017811212753,0.4528156674868988,0.16908612989464733,2.6780178112127535,1.4412915305683782e-12,0.0,0.0,0.1,0.0,0.09485952050958471,0.043655635441641395,2.4726520970873787,0.04945304194174757,equity_maximum_sharpe__ledoit_wolf,,,,,,,,,
equity_maximum_sharpe,Equity Maximum Sharpe,equity,maximum_sharpe,monthly,34,2023-10-02,2022-09-29,2023-09-29,2023-10-02,252,252,50,0.1477105680280556,0.00014771056802805562,10.0,ledoit_wolf,0.04873008072792225,412.37630849746233,4.266792804604461,190.91636692419453,0.007724542664819883,0.0,-0.43345810393913387,1.3764609828460026,True,0,Optimization terminated successfully,9,3,-3.150095853078502,0.5330705107626653,0.16922358417814817,3.150095853078502,1.0658141036401503e-12,0.0,0.0,0.1,0.0,0.09467466053895686,0.044840058120302236,2.412695432943133,0.048253908658862664,equity_maximum_sharpe__ledoit_wolf,,,,,,,,,
equity_maximum_sharpe,Equity Maximum Sharpe,equity,maximum_sharpe,monthly,35,2023-11-01,2022-10-31,2023-10-31,2023-11-01,252,252,50,0.3371902248431954,0.0003371902248431954,10.0,ledoit_wolf,0.05797877613579671,341.8132021752741,3.958666923210159,150.1951785444215,0.008164471079355374,0.0,-0.4631479082031792,1.221485025665576,True,0,Optimization terminated successfully,13,3,-2.3618435652767005,0.36562541729767445,0.15480509491526795,2.3618435652767005,3.774758283725532e-15,0.0,0.0,0.1,0.0,0.0919839488858182,0.04711543104812672,2.535743882838907,0.05071487765677814,equity_maximum_sharpe__ledoit_wolf,,,,,,,,,
equity_maximum_sharpe,Equity Maximum Sharpe,equity,maximum_sharpe,monthly,36,2023-12-01,2022-11-30,2023-11-30,2023-12-01,252,252,50,0.3529524126558885,0.00035295241265588854,10.0,ledoit_wolf,0.053210546109787246,285.308117152311,3.6655052334783327,138.6859632977527,0.007563994772890106,0.0,-0.2766021355118453,1.2222043695132911,True,0,Optimization terminated successfully,9,3,-2.713414817389146,0.42401455690136486,0.15626602839493323,2.713414817389146,1.3100631690576847e-14,0.0,0.0,0.09999999999999871,0.0,0.09260281272848052,0.04683161568251719,3.0925178432574274,0.061850356865148545,equity_maximum_sharpe__ledoit_wolf,,,,,,,,,
equity_maximum_sharpe,Equity Maximum Sharpe,equity,maximum_sharpe,monthly,1,2021-01-04,2020-01-03,2020-12-31,2021-01-04,252,252,50,1.0,0.001,10.0,sample_ridge,,708.2402856669532,13.184233797269265,708.2401086386429,0.010534384267484587,2.6368467330853855e-09,-0.3492732395247833,0.9488143251997084,True,0,Optimization terminated successfully,5,3,-1.7230109447571658,0.5643577560611813,0.3275415967486612,1.7230109447571658,5.617728504603292e-14,0.0,0.0,0.09999999999999355,0.0,0.09498125479346499,0.04225257663308338,3.066769571116273,0.061335391422325455,equity_maximum_sharpe__sample_ridge,,,,,,,,,
equity_maximum_sharpe,Equity Maximum Sharpe,equity,maximum_sharpe,monthly,2,2021-02-01,2020-01-31,2021-01-29,2021-02-01,252,252,50,0.2043693525524426,0.0002043693525524426,10.0,sample_ridge,,661.1468383883391,13.465257787911993,661.1466828998957,0.011433707958087692,2.693051530651883e-09,-0.23740683868214907,0.9237121823064337,True,0,Optimization terminated successfully,7,3,-1.6628497479992608,0.5612999722638464,0.33755303083709276,1.6628497479992608,3.26405569239796e-14,0.0,0.0,0.1,0.0,0.09202640550045589,0.04050644726790724,2.693022287105903,0.05386044574211806,equity_maximum_sharpe__sample_ridge,,,,,,,,,
equity_maximum_sharpe,Equity Maximum Sharpe,equity,maximum_sharpe,monthly,3,2021-03-01,2020-02-28,2021-02-26,2021-03-01,252,252,50,0.3316585936997633,0.0003316585936997633,10.0,sample_ridge,,663.0317180134332,13.324354398206259,663.0315596849582,0.011142841022490756,2.664870852992543e-09,-0.09602128620994455,0.9459226944620321,True,0,Optimization terminated successfully,7,3,-1.89610771073974,0.6506325210660933,0.3431411187143256,1.89610771073974,9.547918011776346e-15,0.0,0.0,0.1,0.0,0.09364927341324855,0.0407200819451965,2.5697318150974824,0.051394636301949646,equity_maximum_sharpe__sample_ridge,,,,,,,,,
equity_maximum_sharpe,Equity Maximum Sharpe,equity,maximum_sharpe,monthly,4,2021-04-01,2020-04-01,2021-03-31,2021-04-01,252,252,50,0.5028069581750559,0.000502806958175056,10.0,sample_ridge,,384.10656775882444,7.651657660345755,384.1065013271364,0.008825307107527342,1.530331516765836e-09,-0.060127039234835644,1.226556819766659,True,0,Optimization terminated successfully,17,3,-3.213039103873829,0.6562191562865284,0.20423628068993993,3.213039103873829,8.193445921733655e-14,0.0,0.0,0.1,0.0,0.08551918371448233,0.0383343022011894,3.2032275999037925,0.06406455199807586,equity_maximum_sharpe__sample_ridge,,,,,,,,,
equity_maximum_sharpe,Equity Maximum Sharpe,equity,maximum_sharpe,monthly,5,2021-05-03,2020-05-01,2021-04-30,2021-05-03,252,252,50,0.44298605222275045,0.00044298605222275046,10.0,sample_ridge,,349.6342331587705,6.276780580370753,349.63417521830985,0.007553618062301135,1.2553561035205896e-09,-0.2081438801394524,0.8493961050735777,True,0,Optimization terminated successfully,14,3,-3.533570343827032,0.6149830801533046,0.17404014079630503,3.533570343827032,4.3076653355456074e-14,0.0,0.0,0.1,0.0,0.08748709852350978,0.03897362243377087,3.7136196557895675,0.07427239311579135,equity_maximum_sharpe__sample_ridge,,,,,,,,,
equity_maximum_sharpe,Equity Maximum Sharpe,equity,maximum_sharpe,monthly,6,2021-06-01,2020-06-01,2021-05-28,2021-06-01,252,252,50,0.15451751584740842,0.00015451751584740842,10.0,sample_ridge,,338.3569609822227,5.719485651015339,338.35690348588344,0.00671176042847194,1.1438971187640966e-09,-0.09446757920356907,1.0236878148723123,True,0,Optimization terminated successfully,15,3,-3.648978412607633,0.6437442092604765,0.17641765350988853,3.648978412607633,6.17284001691587e-14,0.0,0.0,0.0999999999999867,0.0,0.08886015355321952,0.04142916884538187,3.876622326363178,0.07753244652726356,equity_maximum_sharpe__sample_ridge,,,,,,,,,
equity_maximum_sharpe,Equity Maximum Sharpe,equity,maximum_sharpe,monthly,7,2021-07-01,2020-07-01,2021-06-30,2021-07-01,252,252,50,0.3324501066054319,0.0003324501066054319,10.0,sample_ridge,,284.1973126090397,4.93436282698919,284.1972655923129,0.005944260101287084,9.868725555291125e-10,-0.04517062980827402,0.9353134194385742,True,0,Optimization terminated successfully,16,3,-4.096304777029615,0.621503753196537,0.15172302526942655,4.096304777029615,4.489741911584133e-13,0.0,0.0,0.1,0.0,0.08640603323142221,0.04038574898777122,4.8226425925050025,0.09645285185010005,equity_maximum_sharpe__sample_ridge,,,,,,,,,
equity_maximum_sharpe,Equity Maximum Sharpe,equity,maximum_sharpe,monthly,8,2021-08-02,2020-07-31,2021-07-30,2021-08-02,252,252,50,0.23013639588495682,0.00023013639588495682,10.0,sample_ridge,,291.6771564436472,4.644660133462096,291.6771084447581,0.005625532674701469,9.289320174030991e-10,-0.03111480254552568,0.9864628459904821,True,0,Optimization terminated successfully,17,3,-3.943530225222119,0.5841381303333878,0.1481256886526047,3.9435302252221196,8.704148513061227e-14,0.0,1.166281611970721e-16,0.09999999999999445,0.0,0.08681745970891339,0.041145354720893396,4.612391604842291,0.09224783209684581,equity_maximum_sharpe__sample_ridge,,,,,,,,,
equity_maximum_sharpe,Equity Maximum Sharpe,equity,maximum_sharpe,monthly,9,2021-09-01,2020-09-01,2021-08-31,2021-09-01,252,252,50,0.181139179486166,0.000181139179486166,10.0,sample_ridge,,314.3405463864097,4.51621493339901,314.3404924254211,0.005244949261080728,9.032429776473723e-10,-0.07863987065770972,1.0546679801982481,True,0,Optimization terminated successfully,13,3,-3.8799185495240733,0.5540977163053842,0.14281168772817462,3.8799185495240733,1.085798118083403e-12,0.0,0.0,0.1,0.0,0.08974896147351771,0.042684652195059264,4.671015816648885,0.0934203163329777,equity_maximum_sharpe__sample_ridge,,,,,,,,,
equity_maximum_sharpe,Equity Maximum Sharpe,equity,maximum_sharpe,monthly,10,2021-10-01,2020-10-01,2021-09-30,2021-10-01,252,252,50,0.2681154740374617,0.0002681154740374617,10.0,sample_ridge,,344.88471341317165,4.295516232029762,344.8846496829951,0.004635676280579153,8.591032378149199e-10,-0.12416434745014902,1.315533795988761,True,0,Optimization terminated successfully,19,3,-3.504905477471628,0.5084224574092093,0.14506024789460958,3.504905477471628,1.199040866595169e-14,0.0,0.0,0.09999999999999498,0.0,0.08041355983263165,0.04246724073731145,3.918442147322306,0.07836884294644612,equity_maximum_sharpe__sample_ridge,,,,,,,,,
equity_maximum_sharpe,Equity Maximum Sharpe,equity,maximum_sharpe,monthly,11,2021-11-01,2020-10-30,2021-10-29,2021-11-01,252,252,50,0.28878763782914374,0.00028878763782914376,10.0,sample_ridge,,315.9019357927494,4.159227537977499,315.90188050678523,0.004738087880330207,8.318454992770447e-10,-0.03804484144889364,1.5250342431668675,True,0,Optimization terminated successfully,21,3,-4.5185611263308685,0.5942778081093887,0.13151925834230113,4.5185611263308685,9.08162434143378e-14,0.0,1.2173675113393968e-16,0.09999999999999117,0.0,0.07703633339812292,0.03799694457017815,4.558436239291891,0.09116872478583782,equity_maximum_sharpe__sample_ridge,,,,,,,,,
equity_maximum_sharpe,Equity Maximum Sharpe,equity,maximum_sharpe,monthly,12,2021-12-01,2020-12-01,2021-11-30,2021-12-01,252,252,50,0.26795452811965154,0.0002679545281196515,10.0,sample_ridge,,268.85633914211076,3.7330974299977373,268.85629255670045,0.004292905375881567,7.466194785333525e-10,-0.17349452421536093,0.9785778184849881,True,0,Optimization terminated successfully,18,3,-3.8048999891458846,0.4796027333359348,0.12604870948095404,3.8048999891458846,2.731148640577885e-14,0.0,0.0,0.1,0.0,0.08086390523352512,0.039108345895634666,4.386920137385856,0.08773840274771713,equity_maximum_sharpe__sample_ridge,,,,,,,,,
equity_maximum_sharpe,Equity Maximum Sharpe,equity,maximum_sharpe,monthly,13,2022-01-03,2021-01-04,2021-12-31,2022-01-03,252,252,50,0.24236109429558392,0.00024236109429558392,10.0,sample_ridge,,290.9337928824501,3.785003164708261,290.9337377595371,0.003981648493762912,7.570006253716459e-10,-0.12605950714046,0.914339693277029,True,0,Optimization terminated successfully,13,3,-4.065678516285444,0.5074142992963507,0.1248043339540637,4.065678516285444,5.861977570020827e-14,0.0,0.0,0.1,0.0,0.09171423731421624,0.04398477678273597,5.871483679097817,0.11742967358195633,equity_maximum_sharpe__sample_ridge,,,,,,,,,
equity_maximum_sharpe,Equity Maximum Sharpe,equity,maximum_sharpe,monthly,14,2022-02-01,2021-02-02,2022-01-31,2022-02-01,252,252,50,0.4216596108614634,0.0004216596108614634,10.0,sample_ridge,,318.9719391236067,3.7798292049481974,318.9718688197157,0.0034190984143493523,7.559658334299811e-10,-0.15047290084382414,0.8728852544158702,True,0,Optimization terminated successfully,14,3,-3.803084425785655,0.4863571544355019,0.12788492181186026,3.803084425785655,1.4432899320127035e-14,0.0,0.0,0.1,0.0,0.08831284409290006,0.04153641233544516,4.4552167576079365,0.08910433515215872,equity_maximum_sharpe__sample_ridge,,,,,,,,,
equity_maximum_sharpe,Equity Maximum Sharpe,equity,maximum_sharpe,monthly,15,2022-03-01,2021-03-02,2022-02-28,2022-03-01,252,252,50,0.23843962176720732,0.0002384396217672073,10.0,sample_ridge,,276.3172326451961,3.8465221707918356,276.3171762647196,0.00375666859966663,7.693044264653227e-10,-0.2425927947907769,0.8761242453888961,True,0,Optimization terminated successfully,12,3,-3.451545862270674,0.4503968788166096,0.13049134990207148,3.4515458622706747,1.1102230246251565e-14,0.0,0.0,0.1,0.0,0.08713747032406938,0.04330778174648184,4.7358458203685,0.09471691640737,equity_maximum_sharpe__sample_ridge,,,,,,,,,
equity_maximum_sharpe,Equity Maximum Sharpe,equity,maximum_sharpe,monthly,16,2022-04-01,2021-04-05,2022-03-31,2022-04-01,252,252,50,0.20038519307129413,0.00020038519307129414,10.0,sample_ridge,,311.3353481532465,4.024441658350308,311.33527755599476,0.0035381730788798024,8.048883236211783e-10,-0.28945013253051877,0.8913328012218693,True,0,Optimization terminated successfully,15,3,-3.6338730046084664,0.4625328711038728,0.1272837191936235,3.6338730046084655,7.156497616733759e-13,0.0,0.0,0.09999999999992165,0.0,0.08972137019899667,0.0421817215885212,4.599432189791699,0.09198864379583398,equity_maximum_sharpe__sample_ridge,,,,,,,,,
equity_maximum_sharpe,Equity Maximum Sharpe,equity,maximum_sharpe,monthly,17,2022-05-02,2021-05-03,2022-04-29,2022-05-02,252,252,50,0.18601770347658364,0.00018601770347658364,10.0,sample_ridge,,314.1962107016673,4.284996708228052,314.19614183547003,0.003897542654991327,8.569993330756168e-10,-0.4753197972276958,0.9388799704010586,True,0,Optimization terminated successfully,12,3,-2.810850422074749,0.4253076219146965,0.15130923316821954,2.810850422074749,2.398081733190338e-14,0.0,0.0,0.1,0.0,0.08883251687819724,0.04255957607964141,5.1708228100615585,0.10341645620123117,equity_maximum_sharpe__sample_ridge,,,,,,,,,
equity_maximum_sharpe,Equity Maximum Sharpe,equity,maximum_sharpe,monthly,18,2022-06-01,2021-06-02,2022-05-31,2022-06-01,252,252,50,0.3565168528397999,0.0003565168528397999,10.0,sample_ridge,,429.501073557455,4.683380842181999,429.5009606662642,0.0035553415511947106,9.366761590696385e-10,-0.5815489189410324,1.0545687899640876,True,0,Optimization terminated successfully,14,3,-2.5909097557570098,0.411812362388427,0.15894508153878328,2.5909097557570098,1.5165646516379638e-13,0.0,0.0,0.1,0.0,0.08816168229579126,0.04669289082180842,5.012388319074419,0.10024776638148838,equity_maximum_sharpe__sample_ridge,,,,,,,,,
equity_maximum_sharpe,Equity Maximum Sharpe,equity,maximum_sharpe,monthly,19,2022-07-01,2021-07-01,2022-06-30,2022-07-01,252,252,50,0.19227120805196998,0.00019227120805196998,10.0,sample_ridge,,510.53631347218635,5.06933383844659,510.5361682089672,0.003556316091843376,1.0138667575506501e-09,-0.5782209800041562,0.8011361548468544,True,0,Optimization terminated successfully,10,3,-1.885778425737189,0.3097890631648893,0.16427649130824395,1.885778425737189,1.4588330543574557e-13,0.0,0.0,0.1,0.0,0.09084319376176218,0.04629789618297861,5.125472610681007,0.10250945221362015,equity_maximum_sharpe__sample_ridge,,,,,,,,,
equity_maximum_sharpe,Equity Maximum Sharpe,equity,maximum_sharpe,monthly,20,2022-08-01,2021-07-30,2022-07-29,2022-08-01,252,252,50,0.1530573694059575,0.0001530573694059575,10.0,sample_ridge,,519.2829925502888,5.264405780011374,519.2828415783691,0.0036145157759337326,1.0528811454734633e-09,-0.4743378757951733,1.0610827829850287,True,0,Optimization terminated successfully,9,3,-2.1600884719029496,0.39372789186799445,0.18227396562194337,2.1600884719029496,1.8207657603852567e-13,0.0,0.0,0.1,0.0,0.09118769098925937,0.04637818267322068,4.137060230031075,0.0827412046006215,equity_maximum_sharpe__sample_ridge,,,,,,,,,
equity_maximum_sharpe,Equity Maximum Sharpe,equity,maximum_sharpe,monthly,21,2022-09-01,2021-09-01,2022-08-31,2022-09-01,252,252,50,0.1508261052871891,0.0001508261052871891,10.0,sample_ridge,,557.7048805106252,5.410058492317103,557.7047098850965,0.0035303110440088594,1.0820116876433034e-09,-0.489901311668022,1.1828191271343909,True,0,Optimization terminated successfully,3,3,-2.242226165764539,0.41963431287155745,0.1871507519084157,2.242226165764539,1.687538997430238e-14,0.0,0.0,0.1,0.0,0.09999999999999802,0.050028119481670616,3.9701686166160917,0.07940337233232184,equity_maximum_sharpe__sample_ridge,,,,,,,,,
equity_maximum_sharpe,Equity Maximum Sharpe,equity,maximum_sharpe,monthly,22,2022-10-03,2021-10-01,2022-09-30,2022-10-03,252,252,50,0.026768982048628903,2.6768982048628905e-05,10.0,sample_ridge,,617.4379094289061,5.666887786649403,617.4377085828124,0.0034785684239596053,1.133377545996105e-09,-0.6348446139350687,0.8913308032260187,True,0,Optimization terminated successfully,5,3,-1.749429531755649,0.33581689541776066,0.19195794361648275,1.749429531755649,3.013145288832675e-13,0.0,0.0,0.1,0.0,0.09792821227149462,0.04860409247400137,3.8391412848208843,0.07678282569641769,equity_maximum_sharpe__sample_ridge,,,,,,,,,
equity_maximum_sharpe,Equity Maximum Sharpe,equity,maximum_sharpe,monthly,23,2022-11-01,2021-11-01,2022-10-31,2022-11-01,252,252,50,0.21113634584516158,0.0002111363458451616,10.0,sample_ridge,,648.5504889732105,6.021456174395363,648.5502777321982,0.003691704376822344,1.2042912228361604e-09,-0.6083168093436072,0.9320822595695339,True,0,Optimization terminated successfully,4,3,-2.1794662554752087,0.43135060109727924,0.1979157052850208,2.1794662554752087,9.814371537686384e-14,0.0,0.0,0.1,0.0,0.09999999999999322,0.0477945992495854,4.035283831219509,0.08070567662439018,equity_maximum_sharpe__sample_ridge,,,,,,,,,
equity_maximum_sharpe,Equity Maximum Sharpe,equity,maximum_sharpe,monthly,24,2022-12-01,2021-12-01,2022-11-30,2022-12-01,252,252,50,0.11700780710647733,0.00011700780710647734,10.0,sample_ridge,,701.6204758532148,6.249555728017336,701.6202416455271,0.0037390460649631982,1.249911133104356e-09,-0.5492037107009324,1.012398262304997,True,0,Optimization terminated successfully,10,3,-2.6772770822882257,0.48431019331420877,0.18089655214180395,2.6772770822882257,2.540190280342358e-13,0.0,0.0,0.1,0.0,0.09516570399886665,0.04455164720224371,4.518286130527309,0.09036572261054618,equity_maximum_sharpe__sample_ridge,,,,,,,,,
equity_maximum_sharpe,Equity Maximum Sharpe,equity,maximum_sharpe,monthly,25,2023-01-03,2021-12-31,2022-12-30,2023-01-03,252,252,50,0.10319709979568145,0.00010319709979568145,10.0,sample_ridge,,713.826698175003,6.191813444196875,713.826459680812,0.003701297571772024,1.2383626764557482e-09,-0.6198019913959887,0.9359017507349877,True,0,Optimization terminated successfully,9,3,-2.142844507451452,0.431001743330501,0.20113533288661434,2.142844507451452,3.170796958329447e-13,0.0,0.0,0.1,0.0,0.09895961379658841,0.047521274759148864,3.9110731164689647,0.0782214623293793,equity_maximum_sharpe__sample_ridge,,,,,,,,,
equity_maximum_sharpe,Equity Maximum Sharpe,equity,maximum_sharpe,monthly,26,2023-02-01,2022-01-31,2023-01-31,2023-02-01,252,252,50,0.206460583574469,0.00020646058357446902,10.0,sample_ridge,,662.3867216688445,6.113900152339298,662.3865223016511,0.0040564871675980345,1.2227800182400594e-09,-0.4107847709334955,0.6931753816190576,True,0,Optimization terminated successfully,12,3,-1.8888375555390144,0.37103360162369325,0.1964348922095696,1.8888375555390144,5.573319583618286e-14,0.0,0.0,0.1,0.0,0.09335558272574257,0.04349183818973477,3.9911562131468727,0.07982312426293746,equity_maximum_sharpe__sample_ridge,,,,,,,,,
equity_maximum_sharpe,Equity Maximum Sharpe,equity,maximum_sharpe,monthly,27,2023-03-01,2022-02-28,2023-02-28,2023-03-01,252,252,50,0.24686265649339031,0.00024686265649339034,10.0,sample_ridge,,719.7933267404047,5.967437912963498,719.7930902798075,0.0036279655641383046,1.193487570657824e-09,-0.5300802301245598,0.560747599864184,True,0,Optimization terminated successfully,13,3,-1.5235774848091912,0.3063718425420301,0.20108714233224528,1.5235774848091912,9.212630658339549e-13,0.0,0.0,0.1,0.0,0.08806947617852091,0.043021663748951965,3.504481396429563,0.07008962792859126,equity_maximum_sharpe__sample_ridge,,,,,,,,,
equity_maximum_sharpe,Equity Maximum Sharpe,equity,maximum_sharpe,monthly,28,2023-04-03,2022-03-31,2023-03-31,2023-04-03,252,252,50,0.36474006111722024,0.00036474006111722023,10.0,sample_ridge,,710.8831318567082,5.790126282013423,710.8829062608362,0.003643961078279024,1.1580252448224324e-09,-0.3738643148089632,0.4041887312530835,True,0,Optimization terminated successfully,9,3,-1.2277503840732675,0.22508948959620284,0.18333489650349835,1.2277503840732675,2.5757174171303632e-14,0.0,0.0,0.1,0.0,0.0923483582453018,0.04155343262693048,3.703982422080133,0.07407964844160266,equity_maximum_sharpe__sample_ridge,,,,,,,,,
equity_maximum_sharpe,Equity Maximum Sharpe,equity,maximum_sharpe,monthly,29,2023-05-01,2022-04-28,2023-04-28,2023-05-01,252,252,50,0.29555022894045696,0.000295550228940457,10.0,sample_ridge,,714.6541261906061,5.642257477505018,714.6538978489344,0.003526837894209986,1.1284514842164888e-09,-0.3388991365636248,0.5858993506629674,True,0,Optimization terminated successfully,11,3,-1.6403452848007742,0.34701112593647854,0.21154761083037726,1.6403452848007742,5.129230373768223e-14,0.0,0.0,0.1,0.0,0.08854018477637099,0.043656833056881054,1.8160650022392313,0.03632130004478463,equity_maximum_sharpe__sample_ridge,,,,,,,,,
equity_maximum_sharpe,Equity Maximum Sharpe,equity,maximum_sharpe,monthly,30,2023-06-01,2022-05-31,2023-05-31,2023-06-01,252,252,50,0.2889307983132061,0.00028893079831320614,10.0,sample_ridge,,609.9355530399164,5.250113564529966,609.9353742650943,0.003576544792009096,1.0500227024057662e-09,-0.45545680673063427,0.8770008312109273,True,0,Optimization terminated successfully,7,3,-1.6194257277238653,0.3160787841386603,0.19517954959435851,1.6194257277238653,6.195044477408373e-14,0.0,0.0,0.09999999999999983,0.0,0.0939214092804255,0.0449916318241722,1.9889423536219752,0.039778847072439505,equity_maximum_sharpe__sample_ridge,,,,,,,,,
equity_maximum_sharpe,Equity Maximum Sharpe,equity,maximum_sharpe,monthly,31,2023-07-03,2022-06-30,2023-06-30,2023-07-03,252,252,50,0.2369436113007875,0.0002369436113007875,10.0,sample_ridge,,550.9166650782894,4.883298319330571,550.9165099528301,0.0034622390671748856,9.766596540995178e-10,-0.34636314378090993,1.1699565688763638,True,0,Optimization terminated successfully,9,3,-2.3969808569982503,0.4786381970509828,0.19968377955691458,2.3969808569982503,8.215650382226158e-14,0.0,0.0,0.1,0.0,0.09158446781589905,0.043344429928011845,1.9291446522875888,0.03858289304575178,equity_maximum_sharpe__sample_ridge,,,,,,,,,
equity_maximum_sharpe,Equity Maximum Sharpe,equity,maximum_sharpe,monthly,32,2023-08-01,2022-07-29,2023-07-31,2023-08-01,252,252,50,0.2703809682206574,0.00027038096822065737,10.0,sample_ridge,,534.1663366335997,4.728660289016061,534.166189472076,0.0034263881123364247,9.45732048345892e-10,-0.4257137157133368,1.1159951693564845,True,0,Optimization terminated successfully,11,3,-2.376440858557845,0.4412037027255521,0.1856573459998911,2.376440858557845,3.086420008457935e-14,0.0,0.0,0.1,0.0,0.09314414890032377,0.043775996746456235,2.253438033772474,0.04506876067544949,equity_maximum_sharpe__sample_ridge,,,,,,,,,
equity_maximum_sharpe,Equity Maximum Sharpe,equity,maximum_sharpe,monthly,33,2023-09-01,2022-08-31,2023-08-31,2023-09-01,252,252,50,0.19567504984329254,0.00019567504984329255,10.0,sample_ridge,,472.5729167969818,4.546920102129455,472.5728005934037,0.003690427440758401,9.093840113320509e-10,-0.43813560969970056,1.3175303418143658,True,0,Optimization terminated successfully,6,3,-2.630799786855994,0.4515712081208307,0.17164788076119342,2.630799786855994,7.772671395400721e-13,0.0,0.0,0.1,0.0,0.09551331691299789,0.04386050596486711,2.394001445311076,0.04788002890622152,equity_maximum_sharpe__sample_ridge,,,,,,,,,
equity_maximum_sharpe,Equity Maximum Sharpe,equity,maximum_sharpe,monthly,34,2023-10-02,2022-09-29,2023-09-29,2023-10-02,252,252,50,0.13945703891757708,0.0001394570389175771,10.0,sample_ridge,,412.37630849746233,4.283792021962718,412.3762148537553,0.0037637350854721166,8.567583958249595e-10,-0.43345810393913387,1.3764609828460026,True,0,Optimization terminated successfully,7,3,-3.0876970022357577,0.5319822897948375,0.17229096294410903,3.087697002235758,1.851185871259986e-12,0.0,0.0,0.1,0.0,0.09535777179171509,0.04507887226097092,2.316593435264123,0.04633186870528246,equity_maximum_sharpe__sample_ridge,,,,,,,,,
equity_maximum_sharpe,Equity Maximum Sharpe,equity,maximum_sharpe,monthly,35,2023-11-01,2022-10-31,2023-10-31,2023-11-01,252,252,50,0.3467829506971252,0.00034678295069712526,10.0,sample_ridge,,341.8132021752741,3.9744385443219157,341.81313105563646,0.0038091901796157373,7.948877009155061e-10,-0.4631479082031792,1.221485025665576,True,0,Optimization terminated successfully,9,3,-2.308421724790255,0.36447782752973673,0.15789048578758003,2.308421724790255,1.8429702208777599e-13,0.0,0.0,0.1,0.0,0.09296306381743297,0.04754262549497272,2.418703799079297,0.04837407598158593,equity_maximum_sharpe__sample_ridge,,,,,,,,,
equity_maximum_sharpe,Equity Maximum Sharpe,equity,maximum_sharpe,monthly,36,2023-12-01,2022-11-30,2023-11-30,2023-12-01,252,252,50,0.3555530778902252,0.00035555307789022524,10.0,sample_ridge,,285.308117152311,3.6801088767873025,285.3080632813413,0.003884410488093493,7.360217679972428e-10,-0.2766021355118453,1.2222043695132911,True,0,Optimization terminated successfully,10,3,-2.6548295319349284,0.42246541166193197,0.15913089958511387,2.6548295319349284,6.803446694902959e-13,0.0,0.0,0.1,0.0,0.09316534063466836,0.04714910425383817,2.9780215053396164,0.05956043010679233,equity_maximum_sharpe__sample_ridge,,,,,,,,,
equity_minimum_variance,Equity Minimum Variance,equity,minimum_variance,monthly,1,2021-01-04,2020-01-03,2020-12-31,2021-01-04,252,252,50,1.0,0.001,10.0,ledoit_wolf,0.060651993928819474,708.2402856669532,13.13191527786571,271.3313919971667,0.02578571963383225,0.0,-0.3492732395247833,0.9488143251997084,True,0,Optimization terminated successfully,18,1,0.058479848584646145,0.23796084964372824,0.24182607093662614,0.9840165236199415,2.220446049250313e-16,0.0,0.0,0.1,0.0,0.09089741311234936,0.037446412649833415,3.5889266930925885,0.07177853386185178,equity_minimum_variance__ledoit_wolf,,,,,,,,,
equity_minimum_variance,Equity Minimum Variance,equity,minimum_variance,monthly,2,2021-02-01,2020-01-31,2021-01-29,2021-02-01,252,252,50,0.023515138685909508,2.351513868590951e-05,10.0,ledoit_wolf,0.05909356008455708,661.1468383883391,13.411824091143306,267.26517879372005,0.02656640490907241,0.0,-0.23740683868214907,0.9237121823064337,True,0,Optimization terminated successfully,17,1,0.05914835876571209,0.2309830364511598,0.24320435597602294,0.9497487638499863,2.220446049250313e-16,0.0,0.0,0.1,0.0,0.09031427658344748,0.03725328435202842,3.7118293713761212,0.07423658742752243,equity_minimum_variance__ledoit_wolf,,,,,,,,,
equity_minimum_variance,Equity Minimum Variance,equity,minimum_variance,monthly,3,2021-03-01,2020-02-28,2021-02-26,2021-03-01,252,252,50,0.035807180468927495,3.580718046892749e-05,10.0,ledoit_wolf,0.06169700168529038,663.0317180134332,13.271479843276355,258.34569731357925,0.02679007940741373,0.0,-0.09602128620994455,0.9459226944620321,True,0,Optimization terminated successfully,17,1,0.05754010379735383,0.2462088812394892,0.23987518378805642,1.0264041379829811,4.440892098500626e-16,0.0,0.0,0.1,0.0,0.09062572906653632,0.037342346385811236,3.736856258111048,0.07473712516222096,equity_minimum_variance__ledoit_wolf,,,,,,,,,
equity_minimum_variance,Equity Minimum Variance,equity,minimum_variance,monthly,4,2021-04-01,2020-04-01,2021-03-31,2021-04-01,252,252,50,0.2450577729853991,0.0002450577729853991,10.0,ledoit_wolf,0.04434299082008277,384.10656775882444,7.621293863258429,213.2947406401262,0.015159516293707051,0.0,-0.060127039234835644,1.226556819766659,True,0,Optimization terminated successfully,24,1,0.021654438918227138,0.27613948343137135,0.14715447298069856,1.8765279630174139,0.0,0.0,0.0,0.1,0.0,0.08898627062361919,0.03702979594967426,5.565407532683236,0.11130815065366471,equity_minimum_variance__ledoit_wolf,,,,,,,,,
equity_minimum_variance,Equity Minimum Variance,equity,minimum_variance,monthly,5,2021-05-03,2020-05-01,2021-04-30,2021-05-03,252,252,50,0.14209605186902935,0.00014209605186902937,10.0,ledoit_wolf,0.04840781323309374,349.6342331587705,6.251872658406111,189.91782740161776,0.013212228753776189,0.0,-0.2081438801394524,0.8493961050735777,True,0,Optimization terminated successfully,24,1,0.014396039132000847,0.217333494099936,0.11998349524830841,1.81136158477597,1.1102230246251565e-16,0.0,0.0,0.1,0.0,0.07877460353017604,0.034071366470258706,7.500045267822297,0.15000090535644595,equity_minimum_variance__ledoit_wolf,,,,,,,,,
equity_minimum_variance,Equity Minimum Variance,equity,minimum_variance,monthly,6,2021-06-01,2020-06-01,2021-05-28,2021-06-01,252,252,50,0.09271403619995358,9.271403619995358e-05,10.0,ledoit_wolf,0.05610023750889561,338.3569609822227,5.6967892224164345,168.59304032997824,0.012701912769291793,0.0,-0.09446757920356907,1.0236878148723123,True,0,Optimization terminated successfully,26,1,0.012984302827212232,0.17101101552088738,0.1139486850613566,1.5007721715156705,2.220446049250313e-16,0.0,0.0,0.1,0.0,0.07940100914769993,0.03424938136151045,7.7688348634315885,0.15537669726863176,equity_minimum_variance__ledoit_wolf,,,,,,,,,
equity_minimum_variance,Equity Minimum Variance,equity,minimum_variance,monthly,7,2021-07-01,2020-07-01,2021-06-30,2021-07-01,252,252,50,0.1518577963535176,0.0001518577963535176,10.0,ledoit_wolf,0.05871542671772186,284.1973126090397,4.914781972972365,140.1218596040734,0.011344506488375492,0.0,-0.04517062980827402,0.9353134194385742,True,0,Optimization terminated successfully,29,1,0.010392607424097212,0.24328107568353077,0.10194413874322159,2.3864155279815624,1.1102230246251565e-16,0.0,0.0,0.1,0.0,0.07154953607927747,0.031788884729490506,7.371310082401854,0.14742620164803708,equity_minimum_variance__ledoit_wolf,,,,,,,,,
equity_minimum_variance,Equity Minimum Variance,equity,minimum_variance,monthly,8,2021-08-02,2020-07-31,2021-07-30,2021-08-02,252,252,50,0.06276783357288712,6.276783357288712e-05,10.0,ledoit_wolf,0.05781581919214883,291.6771564436472,4.626228896194005,145.37960177359366,0.010628638402575281,0.0,-0.03111480254552568,0.9864628459904821,True,0,Optimization terminated successfully,29,1,0.010198625018845012,0.2284341080321563,0.10098824198313888,2.261987173420604,1.1102230246251565e-16,0.0,0.0,0.1,0.0,0.07118547463927821,0.031625356759181135,7.539732706263338,0.15079465412526677,equity_minimum_variance__ledoit_wolf,,,,,,,,,
equity_minimum_variance,Equity Minimum Variance,equity,minimum_variance,monthly,9,2021-09-01,2020-09-01,2021-08-31,2021-09-01,252,252,50,0.05293231540231317,5.293231540231317e-05,10.0,ledoit_wolf,0.05650457252953601,314.3405463864097,4.498293400585128,155.25216926214193,0.010012430465946801,0.0,-0.07863987065770972,1.0546679801982481,True,0,Optimization terminated successfully,32,1,0.010031949323237116,0.20671681674685594,0.1001596192247011,2.0638738280653923,1.1102230246251565e-16,0.0,0.0,0.1,0.0,0.07130217542304781,0.031626259297265105,7.814467958930196,0.15628935917860393,equity_minimum_variance__ledoit_wolf,,,,,,,,,
equity_minimum_variance,Equity Minimum Variance,equity,minimum_variance,monthly,10,2021-10-01,2020-10-01,2021-09-30,2021-10-01,252,252,50,0.15225206115101705,0.00015225206115101705,10.0,ledoit_wolf,0.057491387130456616,344.88471341317165,4.278470489911605,162.41442889319453,0.00927133012401811,0.0,-0.12416434745014902,1.315533795988761,True,0,Optimization terminated successfully,31,1,0.008782315395252267,0.15001422655793167,0.09371400853262156,1.6007662985167492,1.1102230246251565e-16,0.0,0.0,0.1,0.0,0.07023880586376083,0.031369688699641546,7.7263263441622065,0.15452652688324414,equity_minimum_variance__ledoit_wolf,,,,,,,,,
equity_minimum_variance,Equity Minimum Variance,equity,minimum_variance,monthly,11,2021-11-01,2020-10-30,2021-10-29,2021-11-01,252,252,50,0.14560883998057678,0.00014560883998057677,10.0,ledoit_wolf,0.06299636719699274,315.9019357927494,4.1427226253678215,145.42669004084587,0.009641516811752585,0.0,-0.03804484144889364,1.5250342431668675,True,0,Optimization terminated successfully,28,1,0.008205840370335393,0.24102033350500782,0.09058609369177696,2.6606769723958927,0.0,0.0,0.0,0.09974346857372177,0.0,0.06419075832302899,0.029730138718094726,7.476266379612924,0.14952532759225848,equity_minimum_variance__ledoit_wolf,,,,,,,,,
equity_minimum_variance,Equity Minimum Variance,equity,minimum_variance,monthly,12,2021-12-01,2020-12-01,2021-11-30,2021-12-01,252,252,50,0.1717273880610684,0.0001717273880610684,10.0,ledoit_wolf,0.04647625052358159,268.85633914211076,3.718283514124435,145.966603661667,0.00753338044334707,0.0,-0.17349452421536093,0.9785778184849881,True,0,Optimization terminated successfully,31,1,0.007967171557795317,0.14143869401857895,0.08925901387420386,1.5845872352781525,2.220446049250313e-16,0.0,0.0,0.1,0.0,0.059023390054801825,0.027812532565433465,7.651973069515875,0.1530394613903175,equity_minimum_variance__ledoit_wolf,,,,,,,,,
equity_minimum_variance,Equity Minimum Variance,equity,minimum_variance,monthly,13,2022-01-03,2021-01-04,2021-12-31,2022-01-03,252,252,50,0.11199253659673683,0.00011199253659673683,10.0,ledoit_wolf,0.046399643822157804,290.9337928824501,3.769983273180221,151.6083059708099,0.007280351255502656,0.0,-0.12605950714046,0.914339693277029,True,0,Optimization terminated successfully,34,1,0.008629441741839178,0.1820571504739565,0.09289478856124911,1.9598209253032448,2.220446049250313e-16,0.0,0.0,0.1,0.0,0.059515518858339646,0.028062584723247613,6.996336453914501,0.13992672907829,equity_minimum_variance__ledoit_wolf,,,,,,,,,
equity_minimum_variance,Equity Minimum Variance,equity,minimum_variance,monthly,14,2022-02-01,2021-02-02,2022-01-31,2022-02-01,252,252,50,0.2438434487151884,0.0002438434487151884,10.0,ledoit_wolf,0.04847740786132579,318.9719391236067,3.7648298450580406,150.53199751003422,0.006890622391471135,0.0,-0.15047290084382414,0.8728852544158702,True,0,Optimization terminated successfully,38,1,0.008581767157213063,0.18492813997948376,0.09263782789559058,1.9962486619171482,0.0,0.0,0.0,0.09368488476827629,0.0,0.05502459790966492,0.026464760124115902,6.686233613868648,0.13372467227737295,equity_minimum_variance__ledoit_wolf,,,,,,,,,
equity_minimum_variance,Equity Minimum Variance,equity,minimum_variance,monthly,15,2022-03-01,2021-03-02,2022-02-28,2022-03-01,252,252,50,0.2211144632000578,0.0002211144632000578,10.0,ledoit_wolf,0.051810164308606056,276.3172326451961,3.831258155611032,130.93027206890267,0.007517861487277382,0.0,-0.2425927947907769,0.8761242453888961,True,0,Optimization terminated successfully,35,1,0.00862165060912526,0.1397511836497587,0.09285284383972986,1.5050824279650332,2.220446049250313e-16,0.0,0.0,0.1,0.0,0.061960463723747146,0.028670435719882495,6.915855412296892,0.13831710824593785,equity_minimum_variance__ledoit_wolf,,,,,,,,,
equity_minimum_variance,Equity Minimum Variance,equity,minimum_variance,monthly,16,2022-04-01,2021-04-05,2022-03-31,2022-04-01,252,252,50,0.13173722102400134,0.00013173722102400134,10.0,ledoit_wolf,0.05281225874428367,311.3353481532465,4.008471611684837,137.80819551716291,0.007571943340168137,0.0,-0.28945013253051877,0.8913328012218693,True,0,Optimization terminated successfully,37,1,0.00846655353848898,0.15084760290611665,0.09201387688000642,1.6394005776197669,1.1102230246251565e-16,0.0,0.0,0.1,0.0,0.06144356034008492,0.028563701832867893,6.128020224007074,0.12256040448014147,equity_minimum_variance__ledoit_wolf,,,,,,,,,
equity_minimum_variance,Equity Minimum Variance,equity,minimum_variance,monthly,17,2022-05-02,2021-05-03,2022-04-29,2022-05-02,252,252,50,0.2018142312970401,0.0002018142312970401,10.0,ledoit_wolf,0.051845380792901706,314.1962107016673,4.267992710356743,143.211849423784,0.00810632183265672,0.0,-0.4753197972276958,0.9388799704010586,True,0,Optimization terminated successfully,36,1,0.01014423560327355,0.08119248025274653,0.10071859611448895,0.8061319695168638,2.220446049250313e-16,0.0,0.0,0.1,0.0,0.07058429881069764,0.031728548801877796,6.253250670342957,0.12506501340685913,equity_minimum_variance__ledoit_wolf,,,,,,,,,
equity_minimum_variance,Equity Minimum Variance,equity,minimum_variance,monthly,18,2022-06-01,2021-06-02,2022-05-31,2022-06-01,252,252,50,0.20413821196595341,0.00020413821196595342,10.0,ledoit_wolf,0.04861663814378615,429.501073557455,4.664795950922206,183.62944361373735,0.007904803254666174,0.0,-0.5815489189410324,1.0545687899640876,True,0,Optimization terminated successfully,33,1,0.011471179967579796,0.08768153283836402,0.10710359455956553,0.8186609721077106,0.0,0.0,0.0,0.1,0.0,0.07174823713768338,0.0319714391210798,6.386587058301169,0.12773174116602337,equity_minimum_variance__ledoit_wolf,,,,,,,,,
equity_minimum_variance,Equity Minimum Variance,equity,minimum_variance,monthly,19,2022-07-01,2021-07-01,2022-06-30,2022-07-01,252,252,50,0.13728592504835177,0.00013728592504835179,10.0,ledoit_wolf,0.041631029867247094,510.53631347218635,5.049217383833595,228.63296957280767,0.007598819563719295,0.0,-0.5782209800041562,0.8011361548468544,True,0,Optimization terminated successfully,33,1,0.013608755847383226,0.024872773224680674,0.1166565722425583,0.21321364708851492,1.1102230246251565e-16,0.0,0.0,0.1,0.0,0.07033529514288817,0.03147130564310159,5.636669675661175,0.1127333935132235,equity_minimum_variance__ledoit_wolf,,,,,,,,,
equity_minimum_variance,Equity Minimum Variance,equity,minimum_variance,monthly,20,2022-08-01,2021-07-30,2022-07-29,2022-08-01,252,252,50,0.07569784039226284,7.569784039226284e-05,10.0,ledoit_wolf,0.041427632825342606,519.2829925502888,5.243515228449192,230.439451872751,0.007795553303316175,0.0,-0.4743378757951733,1.0610827829850287,True,0,Optimization terminated successfully,29,1,0.0140652162693487,0.018169640307413342,0.1185968645004947,0.15320506477081064,1.1102230246251565e-16,0.0,0.0,0.1,0.0,0.07215201822692485,0.03207194085700183,5.617729380638689,0.11235458761277378,equity_minimum_variance__ledoit_wolf,,,,,,,,,
equity_minimum_variance,Equity Minimum Variance,equity,minimum_variance,monthly,21,2022-09-01,2021-09-01,2022-08-31,2022-09-01,252,252,50,0.10456842043746475,0.00010456842043746476,10.0,ledoit_wolf,0.038878170644648914,557.7048805106252,5.38858995235058,249.552784213701,0.007569563847147182,0.0,-0.489901311668022,1.1828191271343909,True,0,Optimization terminated successfully,34,1,0.01477909836147827,0.03778280878187674,0.12156931504898047,0.3107923143817499,0.0,0.0,0.0,0.1,0.0,0.07434202514833621,0.03274948151632929,5.781530627286814,0.11563061254573627,equity_minimum_variance__ledoit_wolf,,,,,,,,,
equity_minimum_variance,Equity Minimum Variance,equity,minimum_variance,monthly,22,2022-10-03,2021-10-01,2022-09-30,2022-10-03,252,252,50,0.13350172188102655,0.00013350172188102656,10.0,ledoit_wolf,0.03607174179577907,617.4379094289061,5.6444000802583805,278.7672279676787,0.0074118502452418964,0.0,-0.6348446139350687,0.8913308032260187,True,0,Optimization terminated successfully,34,1,0.017045796613377247,0.0432284146140103,0.13055955198060862,0.33110112556475996,2.220446049250313e-16,0.0,0.0,0.1,0.0,0.08113591075933302,0.03482429396821306,5.7337738958107245,0.11467547791621449,equity_minimum_variance__ledoit_wolf,,,,,,,,,
equity_minimum_variance,Equity Minimum Variance,equity,minimum_variance,monthly,23,2022-11-01,2021-11-01,2022-10-31,2022-11-01,252,252,50,0.12218991733195059,0.00012218991733195059,10.0,ledoit_wolf,0.03239711925790674,648.5504889732105,5.997561447061037,310.5025770281694,0.007444001883312119,0.0,-0.6083168093436072,0.9320822595695339,True,0,Optimization terminated successfully,30,1,0.019775758933799542,0.12206686252810735,0.14062630953630098,0.8680229391684154,2.220446049250313e-16,0.0,0.0,0.1,0.0,0.08441812222687398,0.03561842898793061,4.798720774402955,0.09597441548805911,equity_minimum_variance__ledoit_wolf,,,,,,,,,
equity_minimum_variance,Equity Minimum Variance,equity,minimum_variance,monthly,24,2022-12-01,2021-12-01,2022-11-30,2022-12-01,252,252,50,0.10543856980581648,0.00010543856980581648,10.0,ledoit_wolf,0.03189589923783292,701.6204758532148,6.22475584145225,334.4120858913595,0.007576304095690776,0.0,-0.5492037107009324,1.012398262304997,True,0,Optimization terminated successfully,33,1,0.020406361017810272,0.247003848066998,0.14285083485163913,1.7291032868203344,2.220446049250313e-16,0.0,0.0,0.1,0.0,0.08148470848157112,0.034495874375022995,4.668110388418916,0.09336220776837832,equity_minimum_variance__ledoit_wolf,,,,,,,,,
equity_minimum_variance,Equity Minimum Variance,equity,minimum_variance,monthly,25,2023-01-03,2021-12-31,2022-12-30,2023-01-03,252,252,50,0.05195500924168949,5.195500924168949e-05,10.0,ledoit_wolf,0.03110433052191694,713.826698175003,6.167242694253825,344.68282280028365,0.0074084982590251385,0.0,-0.6198019913959887,0.9359017507349877,True,0,Optimization terminated successfully,32,1,0.020569584560292224,0.13068988194101086,0.143421004599369,0.9112325095342824,1.1102230246251565e-16,0.0,0.0,0.1,0.0,0.08199845341530387,0.03465163372522693,4.4202926056864085,0.08840585211372817,equity_minimum_variance__ledoit_wolf,,,,,,,,,
equity_minimum_variance,Equity Minimum Variance,equity,minimum_variance,monthly,26,2023-02-01,2022-01-31,2023-01-31,2023-02-01,252,252,50,0.04946033662200933,4.946033662200933e-05,10.0,ledoit_wolf,0.02958942848852802,662.3867216688445,6.089638582901883,345.6274703482734,0.007524614490942014,0.0,-0.4107847709334955,0.6931753816190576,True,0,Optimization terminated successfully,27,1,0.02102298200932564,0.12494313922307225,0.14499304124448745,0.8617181773047506,2.220446049250313e-16,0.0,0.0,0.1,0.0,0.08297608999765917,0.03503577717106896,4.552389516209149,0.09104779032418298,equity_minimum_variance__ledoit_wolf,,,,,,,,,
equity_minimum_variance,Equity Minimum Variance,equity,minimum_variance,monthly,27,2023-03-01,2022-02-28,2023-02-28,2023-03-01,252,252,50,0.0829896646682782,8.298966466827821e-05,10.0,ledoit_wolf,0.03053462156851071,719.7933267404047,5.943757544347497,354.019005902263,0.007133036511049089,0.0,-0.5300802301245598,0.560747599864184,True,0,Optimization terminated successfully,26,1,0.020870744583029944,0.07711200853950988,0.14446710553973852,0.533768626784723,0.0,0.0,0.0,0.1,0.0,0.08876103280812708,0.036878384332531856,4.707714162677674,0.09415428325355349,equity_minimum_variance__ledoit_wolf,,,,,,,,,
equity_minimum_variance,Equity Minimum Variance,equity,minimum_variance,monthly,28,2023-04-03,2022-03-31,2023-03-31,2023-04-03,252,252,50,0.06176655880522057,6.176655880522057e-05,10.0,ledoit_wolf,0.029785906000716185,710.8831318567082,5.767149532746637,360.318847062805,0.006956987300593548,0.0,-0.3738643148089632,0.4041887312530835,True,0,Optimization terminated successfully,27,1,0.021429966996888948,0.05005652140033735,0.14638977763795172,0.3419400057026942,1.1102230246251565e-16,0.0,0.0,0.1,0.0,0.08478502964752946,0.03554959357306882,4.207697786153885,0.0841539557230777,equity_minimum_variance__ledoit_wolf,,,,,,,,,
equity_minimum_variance,Equity Minimum Variance,equity,minimum_variance,monthly,29,2023-05-01,2022-04-28,2023-04-28,2023-05-01,252,252,50,0.05890335485226771,5.8903354852267716e-05,10.0,ledoit_wolf,0.03066746220104001,714.6541261906061,5.619867510681322,355.648724773804,0.0068520529406471955,0.0,-0.3388991365636248,0.5858993506629674,True,0,Optimization terminated successfully,27,1,0.021304298891418518,0.05679394072734104,0.14595992220955217,0.38910640583791867,0.0,0.0,0.0,0.1,0.0,0.08278714314836025,0.03481954507046393,4.375272660152619,0.08750545320305238,equity_minimum_variance__ledoit_wolf,,,,,,,,,
equity_minimum_variance,Equity Minimum Variance,equity,minimum_variance,monthly,30,2023-06-01,2022-05-31,2023-05-31,2023-06-01,252,252,50,0.1188664748313614,0.0001188664748313614,10.0,ledoit_wolf,0.035041224615857375,609.9355530399164,5.229279728250939,295.724344207552,0.007102329273486399,0.0,-0.45545680673063427,0.8770008312109273,True,0,Optimization terminated successfully,28,1,0.018836952057785714,-0.012203446445459794,0.13724777614878034,-0.08891544029267859,0.0,0.0,0.0,0.1,0.0,0.08429106982234486,0.03515438908356018,4.375300126908727,0.08750600253817455,equity_minimum_variance__ledoit_wolf,,,,,,,,,
equity_minimum_variance,Equity Minimum Variance,equity,minimum_variance,monthly,31,2023-07-03,2022-06-30,2023-06-30,2023-07-03,252,252,50,0.10769784031421506,0.00010769784031421506,10.0,ledoit_wolf,0.039785183706997955,550.9166650782894,4.863920102757518,254.55832415705376,0.007181538978724373,0.0,-0.34636314378090993,1.1699565688763638,True,0,Optimization terminated successfully,30,1,0.01644208475163155,0.06577451306348925,0.12822669282029991,0.5129549208265652,2.220446049250313e-16,0.0,0.0,0.1,0.0,0.08281403234451024,0.03481761017312248,5.504651130757146,0.11009302261514292,equity_minimum_variance__ledoit_wolf,,,,,,,,,
equity_minimum_variance,Equity Minimum Variance,equity,minimum_variance,monthly,32,2023-08-01,2022-07-29,2023-07-31,2023-08-01,252,252,50,0.0664092424965152,6.64092424965152e-05,10.0,ledoit_wolf,0.04164708695588915,534.1663366335997,4.709895716960692,243.4062933637938,0.007193726343459031,0.0,-0.4257137157133368,1.1159951693564845,True,0,Optimization terminated successfully,29,1,0.01603107956079757,0.06399911539473632,0.1266138995560818,0.5054667427440606,1.1102230246251565e-16,0.0,0.0,0.1,0.0,0.08382329543607506,0.03519764323859922,5.400941019846731,0.10801882039693461,equity_minimum_variance__ledoit_wolf,,,,,,,,,
equity_minimum_variance,Equity Minimum Variance,equity,minimum_variance,monthly,33,2023-09-01,2022-08-31,2023-08-31,2023-09-01,252,252,50,0.053974016394791394,5.39740163947914e-05,10.0,ledoit_wolf,0.04399711493382362,472.5729167969818,4.52887672310208,221.9746126379258,0.007499208373477374,0.0,-0.43813560969970056,1.3175303418143658,True,0,Optimization terminated successfully,29,1,0.01564365709301301,0.08664320043297308,0.12507460610776677,0.692732147070042,0.0,0.0,0.0,0.1,0.0,0.08247920746897536,0.034810464055476525,5.670192780256704,0.11340385560513408,equity_minimum_variance__ledoit_wolf,,,,,,,,,
equity_minimum_variance,Equity Minimum Variance,equity,minimum_variance,monthly,34,2023-10-02,2022-09-29,2023-09-29,2023-10-02,252,252,50,0.07300121964526896,7.300121964526896e-05,10.0,ledoit_wolf,0.04873008072792225,412.37630849746233,4.266792804604461,190.91636692419453,0.007724542664819883,0.0,-0.43345810393913387,1.3764609828460026,True,0,Optimization terminated successfully,30,1,0.013841076893784252,0.12344348235914884,0.11764810620568548,1.0492602587527524,0.0,0.0,0.0,0.1,0.0,0.08385321697321377,0.03537726799690474,6.603167791902542,0.13206335583805084,equity_minimum_variance__ledoit_wolf,,,,,,,,,
equity_minimum_variance,Equity Minimum Variance,equity,minimum_variance,monthly,35,2023-11-01,2022-10-31,2023-10-31,2023-11-01,252,252,50,0.13058113077904576,0.00013058113077904577,10.0,ledoit_wolf,0.05797877613579671,341.8132021752741,3.958666923210159,150.1951785444215,0.008164471079355374,0.0,-0.4631479082031792,1.221485025665576,True,0,Optimization terminated successfully,33,1,0.011197445426012738,0.02401870014333732,0.10581798252666103,0.22698127076166633,2.220446049250313e-16,0.0,0.0,0.1,0.0,0.07448092215077562,0.03251475224594258,6.536538498473367,0.13073076996946734,equity_minimum_variance__ledoit_wolf,,,,,,,,,
equity_minimum_variance,Equity Minimum Variance,equity,minimum_variance,monthly,36,2023-12-01,2022-11-30,2023-11-30,2023-12-01,252,252,50,0.1338189208235347,0.0001338189208235347,10.0,ledoit_wolf,0.053210546109787246,285.308117152311,3.6655052334783327,138.6859632977527,0.007563994772890106,0.0,-0.2766021355118453,1.2222043695132911,True,0,Optimization terminated successfully,32,1,0.01004272456589362,0.05287010489415428,0.10021339514203488,0.5275752290322087,0.0,0.0,0.0,0.1,0.0,0.0731587844859689,0.03206560284792148,7.015988662895024,0.1403197732579005,equity_minimum_variance__ledoit_wolf,,,,,,,,,
equity_minimum_variance,Equity Minimum Variance,equity,minimum_variance,monthly,1,2021-01-04,2020-01-03,2020-12-31,2021-01-04,252,252,50,1.0,0.001,10.0,sample_ridge,,708.2402856669532,13.184233797269265,708.2401086386429,0.010534384267484587,2.6368467330853855e-09,-0.3492732395247833,0.9488143251997084,True,0,Optimization terminated successfully,18,1,0.0609390254653739,0.24257203341581213,0.24685831050498155,0.9826366911431854,4.440892098500626e-16,0.0,0.0,0.1,0.0,0.0930935141551166,0.03806009132980799,3.338902639634757,0.06677805279269515,equity_minimum_variance__sample_ridge,,,,,,,,,
equity_minimum_variance,Equity Minimum Variance,equity,minimum_variance,monthly,2,2021-02-01,2020-01-31,2021-01-29,2021-02-01,252,252,50,0.025462190364350094,2.5462190364350095e-05,10.0,sample_ridge,,661.1468383883391,13.465257787911993,661.1466828998957,0.011433707958087692,2.693051530651883e-09,-0.23740683868214907,0.9237121823064337,True,0,Optimization terminated successfully,18,1,0.061573078329652614,0.2324644418260244,0.2481392317422874,0.9368306663714404,2.220446049250313e-16,0.0,0.0,0.1,0.0,0.09212721404579717,0.03774852978728765,3.4431666349261154,0.06886333269852231,equity_minimum_variance__sample_ridge,,,,,,,,,
equity_minimum_variance,Equity Minimum Variance,equity,minimum_variance,monthly,3,2021-03-01,2020-02-28,2021-02-26,2021-03-01,252,252,50,0.038455601208268325,3.8455601208268327e-05,10.0,sample_ridge,,663.0317180134332,13.324354398206259,663.0315596849582,0.011142841022490756,2.664870852992543e-09,-0.09602128620994455,0.9459226944620321,True,0,Optimization terminated successfully,16,1,0.059965124936355065,0.24970388898459916,0.24487777550515902,1.019708254330081,4.440892098500626e-16,0.0,0.0,0.1,0.0,0.09240020987306084,0.037825682402155676,3.462960893604818,0.06925921787209637,equity_minimum_variance__sample_ridge,,,,,,,,,
equity_minimum_variance,Equity Minimum Variance,equity,minimum_variance,monthly,4,2021-04-01,2020-04-01,2021-03-31,2021-04-01,252,252,50,0.2540673208501055,0.0002540673208501055,10.0,sample_ridge,,384.10656775882444,7.651657660345755,384.1065013271364,0.008825307107527342,1.530331516765836e-09,-0.060127039234835644,1.226556819766659,True,0,Optimization terminated successfully,23,1,0.022106848070070323,0.2722787175091982,0.14868371824134047,1.8312611544139672,1.1102230246251565e-16,0.0,0.0,0.1,0.0,0.09192447811259816,0.03786134738741044,5.234562897069053,0.10469125794138107,equity_minimum_variance__sample_ridge,,,,,,,,,
equity_minimum_variance,Equity Minimum Variance,equity,minimum_variance,monthly,5,2021-05-03,2020-05-01,2021-04-30,2021-05-03,252,252,50,0.13888942244485475,0.00013888942244485476,10.0,sample_ridge,,349.6342331587705,6.276780580370753,349.63417521830985,0.007553618062301135,1.2553561035205896e-09,-0.2081438801394524,0.8493961050735777,True,0,Optimization terminated successfully,30,1,0.014677708710174608,0.21636818072318953,0.12115159392337604,1.7859292949957761,0.0,0.0,0.0,0.1,0.0,0.08127555964401877,0.03479430241071534,7.069199349211055,0.1413839869842211,equity_minimum_variance__sample_ridge,,,,,,,,,
equity_minimum_variance,Equity Minimum Variance,equity,minimum_variance,monthly,6,2021-06-01,2020-06-01,2021-05-28,2021-06-01,252,252,50,0.10275273400278959,0.00010275273400278959,10.0,sample_ridge,,338.3569609822227,5.719485651015339,338.35690348588344,0.00671176042847194,1.1438971187640966e-09,-0.09446757920356907,1.0236878148723123,True,0,Optimization terminated successfully,30,1,0.013259612716135483,0.17005150429874077,0.11515039173244476,1.476777471099363,1.1102230246251565e-16,0.0,0.0,0.1,0.0,0.08266029666124225,0.03520392600761363,7.301763093670451,0.146035261873409,equity_minimum_variance__sample_ridge,,,,,,,,,
equity_minimum_variance,Equity Minimum Variance,equity,minimum_variance,monthly,7,2021-07-01,2020-07-01,2021-06-30,2021-07-01,252,252,50,0.15275980719040894,0.00015275980719040895,10.0,sample_ridge,,284.1973126090397,4.93436282698919,284.1972655923129,0.005944260101287084,9.868725555291125e-10,-0.04517062980827402,0.9353134194385742,True,0,Optimization terminated successfully,29,1,0.010633610137306414,0.23932778679744282,0.10311939748323985,2.3208803836963954,2.220446049250313e-16,0.0,0.0,0.1,0.0,0.07495164305730365,0.032656083737463426,6.86981625698259,0.1373963251396518,equity_minimum_variance__sample_ridge,,,,,,,,,
equity_minimum_variance,Equity Minimum Variance,equity,minimum_variance,monthly,8,2021-08-02,2020-07-31,2021-07-30,2021-08-02,252,252,50,0.0675309465543587,6.753094655435871e-05,10.0,sample_ridge,,291.6771564436472,4.644660133462096,291.6771084447581,0.005625532674701469,9.289320174030991e-10,-0.03111480254552568,0.9864628459904821,True,0,Optimization terminated successfully,33,1,0.01044662358092599,0.2278147553695186,0.10220872556159767,2.228916896456384,2.220446049250313e-16,0.0,0.0,0.1,0.0,0.07659298893685706,0.03320806645830656,7.166586599428114,0.14333173198856228,equity_minimum_variance__sample_ridge,,,,,,,,,
equity_minimum_variance,Equity Minimum Variance,equity,minimum_variance,monthly,9,2021-09-01,2020-09-01,2021-08-31,2021-09-01,252,252,50,0.05228604392871519,5.228604392871519e-05,10.0,sample_ridge,,314.3405463864097,4.51621493339901,314.3404924254211,0.005244949261080728,9.032429776473723e-10,-0.07863987065770972,1.0546679801982481,True,0,Optimization terminated successfully,35,1,0.010274834460679009,0.20817824442906258,0.10136485811502431,2.053751648256945,0.0,0.0,0.0,0.1,0.0,0.07617861416688494,0.033012475841810406,7.352852098280245,0.1470570419656049,equity_minimum_variance__sample_ridge,,,,,,,,,
equity_minimum_variance,Equity Minimum Variance,equity,minimum_variance,monthly,10,2021-10-01,2020-10-01,2021-09-30,2021-10-01,252,252,50,0.15704538456016698,0.000157045384560167,10.0,sample_ridge,,344.88471341317165,4.295516232029762,344.8846496829951,0.004635676280579153,8.591032378149199e-10,-0.12416434745014902,1.315533795988761,True,0,Optimization terminated successfully,34,1,0.008976445506970342,0.15296294010638437,0.09474410539432172,1.6144850328129423,1.1102230246251565e-16,0.0,0.0,0.1,0.0,0.07459302128129183,0.03262139724000141,7.270330903848948,0.14540661807697897,equity_minimum_variance__sample_ridge,,,,,,,,,
equity_minimum_variance,Equity Minimum Variance,equity,minimum_variance,monthly,11,2021-11-01,2020-10-30,2021-10-29,2021-11-01,252,252,50,0.14736423507044455,0.00014736423507044456,10.0,sample_ridge,,315.9019357927494,4.159227537977499,315.90188050678523,0.004738087880330207,8.318454992770447e-10,-0.03804484144889364,1.5250342431668675,True,0,Optimization terminated successfully,32,1,0.00842141579882794,0.24440606253836786,0.09176827228856355,2.6632958913058506,3.3306690738754696e-16,0.0,0.0,0.1,0.0,0.06813914994865242,0.030910464102028287,7.16246157496118,0.1432492314992236,equity_minimum_variance__sample_ridge,,,,,,,,,
equity_minimum_variance,Equity Minimum Variance,equity,minimum_variance,monthly,12,2021-12-01,2020-12-01,2021-11-30,2021-12-01,252,252,50,0.1843576130951549,0.0001843576130951549,10.0,sample_ridge,,268.85633914211076,3.7330974299977373,268.85629255670045,0.004292905375881567,7.466194785333525e-10,-0.17349452421536093,0.9785778184849881,True,0,Optimization terminated successfully,39,1,0.008168148599877025,0.14109169476834119,0.09037781032906819,1.5611320329030134,2.220446049250313e-16,0.0,0.0,0.1,0.0,0.0625529314671742,0.028931178513494613,7.554014841697276,0.15108029683394553,equity_minimum_variance__sample_ridge,,,,,,,,,
equity_minimum_variance,Equity Minimum Variance,equity,minimum_variance,monthly,13,2022-01-03,2021-01-04,2021-12-31,2022-01-03,252,252,50,0.12601406773727664,0.00012601406773727665,10.0,sample_ridge,,290.9337928824501,3.785003164708261,290.9337377595371,0.003981648493762912,7.570006253716459e-10,-0.12605950714046,0.914339693277029,True,0,Optimization terminated successfully,41,1,0.008860270649296488,0.180045145187303,0.09412901066778769,1.9127487254991098,0.0,0.0,0.0,0.1,0.0,0.06300287365402443,0.029160277439564567,6.880163573517136,0.1376032714703427,equity_minimum_variance__sample_ridge,,,,,,,,,
equity_minimum_variance,Equity Minimum Variance,equity,minimum_variance,monthly,14,2022-02-01,2021-02-02,2022-01-31,2022-02-01,252,252,50,0.27915434857821014,0.0002791543485782101,10.0,sample_ridge,,318.9719391236067,3.7798292049481974,318.9718688197157,0.0034190984143493523,7.559658334299811e-10,-0.15047290084382414,0.8728852544158702,True,0,Optimization terminated successfully,43,1,0.008831734903371613,0.18837234965217992,0.09397731057745594,2.0044449931020716,0.0,0.0,0.0,0.1,0.0,0.060793533668044825,0.028518160375161448,6.628225326249378,0.13256450652498755,equity_minimum_variance__sample_ridge,,,,,,,,,
equity_minimum_variance,Equity Minimum Variance,equity,minimum_variance,monthly,15,2022-03-01,2021-03-02,2022-02-28,2022-03-01,252,252,50,0.24476435320515344,0.00024476435320515346,10.0,sample_ridge,,276.3172326451961,3.8465221707918356,276.3171762647196,0.00375666859966663,7.693044264653227e-10,-0.2425927947907769,0.8761242453888961,True,0,Optimization terminated successfully,40,1,0.00885796653146215,0.14278417011828634,0.09411677072372464,1.5170959332786988,2.220446049250313e-16,0.0,0.0,0.1,0.0,0.06821370575899138,0.030724489129487383,6.711577611985522,0.13423155223971045,equity_minimum_variance__sample_ridge,,,,,,,,,
equity_minimum_variance,Equity Minimum Variance,equity,minimum_variance,monthly,16,2022-04-01,2021-04-05,2022-03-31,2022-04-01,252,252,50,0.14332197951617645,0.00014332197951617647,10.0,sample_ridge,,311.3353481532465,4.024441658350308,311.33527755599476,0.0035381730788798024,8.048883236211783e-10,-0.28945013253051877,0.8913328012218693,True,0,Optimization terminated successfully,44,1,0.00868670889665064,0.15547914366235233,0.09320251550602399,1.6681861301512102,0.0,0.0,0.0,0.1,0.0,0.06785019846864737,0.03064411043824941,5.818939419123302,0.11637878838246603,equity_minimum_variance__sample_ridge,,,,,,,,,
equity_minimum_variance,Equity Minimum Variance,equity,minimum_variance,monthly,17,2022-05-02,2021-05-03,2022-04-29,2022-05-02,252,252,50,0.22167364537306353,0.00022167364537306353,10.0,sample_ridge,,314.1962107016673,4.284996708228052,314.19614183547003,0.003897542654991327,8.569993330756168e-10,-0.4753197972276958,0.9388799704010586,True,0,Optimization terminated successfully,45,1,0.010397625359998365,0.08064064938085835,0.10196874697670048,0.7908369159354726,0.0,0.0,0.0,0.1,0.0,0.07584519735321785,0.033273612662304136,5.936120770074829,0.11872241540149657,equity_minimum_variance__sample_ridge,,,,,,,,,
equity_minimum_variance,Equity Minimum Variance,equity,minimum_variance,monthly,18,2022-06-01,2021-06-02,2022-05-31,2022-06-01,252,252,50,0.20897641796949856,0.00020897641796949857,10.0,sample_ridge,,429.501073557455,4.683380842181999,429.5009606662642,0.0035553415511947106,9.366761590696385e-10,-0.5815489189410324,1.0545687899640876,True,0,Optimization terminated successfully,33,1,0.011753483383668132,0.08735013288961646,0.1084134834034408,0.805712814932429,2.220446049250313e-16,0.0,0.0,0.1,0.0,0.07590361187875787,0.0332347136022172,6.171615076212047,0.12343230152424095,equity_minimum_variance__sample_ridge,,,,,,,,,
equity_minimum_variance,Equity Minimum Variance,equity,minimum_variance,monthly,19,2022-07-01,2021-07-01,2022-06-30,2022-07-01,252,252,50,0.14153388731399685,0.00014153388731399686,10.0,sample_ridge,,510.53631347218635,5.06933383844659,510.5361682089672,0.003556316091843376,1.0138667575506501e-09,-0.5782209800041562,0.8011361548468544,True,0,Optimization terminated successfully,37,1,0.013940043734702213,0.024920742181678484,0.11806796235517159,0.21107116346017732,0.0,0.0,0.0,0.1,0.0,0.07361962767299313,0.032455793419872064,5.4977764061375485,0.10995552812275097,equity_minimum_variance__sample_ridge,,,,,,,,,
equity_minimum_variance,Equity Minimum Variance,equity,minimum_variance,monthly,20,2022-08-01,2021-07-30,2022-07-29,2022-08-01,252,252,50,0.0826361338621964,8.26361338621964e-05,10.0,sample_ridge,,519.2829925502888,5.264405780011374,519.2828415783691,0.0036145157759337326,1.0528811454734633e-09,-0.4743378757951733,1.0610827829850287,True,0,Optimization terminated successfully,37,1,0.014397410792877508,0.01811253324411323,0.11998921115199278,0.15095134862725046,1.1102230246251565e-16,0.0,0.0,0.1,0.0,0.07468723457089524,0.03279773510475883,5.487360505361485,0.1097472101072297,equity_minimum_variance__sample_ridge,,,,,,,,,
equity_minimum_variance,Equity Minimum Variance,equity,minimum_variance,monthly,21,2022-09-01,2021-09-01,2022-08-31,2022-09-01,252,252,50,0.1091345382320558,0.0001091345382320558,10.0,sample_ridge,,557.7048805106252,5.410058492317103,557.7047098850965,0.0035303110440088594,1.0820116876433034e-09,-0.489901311668022,1.1828191271343909,True,0,Optimization terminated successfully,40,1,0.015105433700088464,0.03947242785148372,0.12290416469789973,0.3211642823374418,2.220446049250313e-16,0.0,0.0,0.1,0.0,0.07732892271012914,0.03359178368907767,5.598027924323705,0.1119605584864741,equity_minimum_variance__sample_ridge,,,,,,,,,
equity_minimum_variance,Equity Minimum Variance,equity,minimum_variance,monthly,22,2022-10-03,2021-10-01,2022-09-30,2022-10-03,252,252,50,0.14087631152860292,0.00014087631152860292,10.0,sample_ridge,,617.4379094289061,5.666887786649403,617.4377085828124,0.0034785684239596053,1.133377545996105e-09,-0.6348446139350687,0.8913308032260187,True,0,Optimization terminated successfully,35,1,0.01740342302586939,0.045160302034275436,0.13192203389073937,0.3423256957338769,1.1102230246251565e-16,0.0,0.0,0.1,0.0,0.08351920199865473,0.03549875039085468,5.544792309693306,0.11089584619386611,equity_minimum_variance__sample_ridge,,,,,,,,,
equity_minimum_variance,Equity Minimum Variance,equity,minimum_variance,monthly,23,2022-11-01,2021-11-01,2022-10-31,2022-11-01,252,252,50,0.116577413003037,0.00011657741300303701,10.0,sample_ridge,,648.5504889732105,6.021456174395363,648.5502777321982,0.003691704376822344,1.2042912228361604e-09,-0.6083168093436072,0.9320822595695339,True,0,Optimization terminated successfully,33,1,0.020174620618841916,0.1241153800071582,0.14203739162221304,0.8738218759837318,2.220446049250313e-16,0.0,0.0,0.1,0.0,0.08663137207600158,0.03623248780068806,4.6455688284389325,0.09291137656877865,equity_minimum_variance__sample_ridge,,,,,,,,,
equity_minimum_variance,Equity Minimum Variance,equity,minimum_variance,monthly,24,2022-12-01,2021-12-01,2022-11-30,2022-12-01,252,252,50,0.09571929802648858,9.571929802648859e-05,10.0,sample_ridge,,701.6204758532148,6.249555728017336,701.6202416455271,0.0037390460649631982,1.249911133104356e-09,-0.5492037107009324,1.012398262304997,True,0,Optimization terminated successfully,38,1,0.020822181430459042,0.250218316745772,0.14429893080151024,1.7340275174315651,0.0,0.0,0.0,0.1,0.0,0.08417672448580704,0.035319613528712455,4.526615577631925,0.0905323115526385,equity_minimum_variance__sample_ridge,,,,,,,,,
equity_minimum_variance,Equity Minimum Variance,equity,minimum_variance,monthly,25,2023-01-03,2021-12-31,2022-12-30,2023-01-03,252,252,50,0.05977576034787278,5.977576034787279e-05,10.0,sample_ridge,,713.826698175003,6.191813444196875,713.826459680812,0.003701297571772024,1.2383626764557482e-09,-0.6198019913959887,0.9359017507349877,True,0,Optimization terminated successfully,35,1,0.02098435361396072,0.13280300319232533,0.14485977224185023,0.9167693772885714,2.220446049250313e-16,0.0,0.0,0.1,0.0,0.08430585479118596,0.035354980314137106,4.273792801904064,0.08547585603808129,equity_minimum_variance__sample_ridge,,,,,,,,,
equity_minimum_variance,Equity Minimum Variance,equity,minimum_variance,monthly,26,2023-02-01,2022-01-31,2023-01-31,2023-02-01,252,252,50,0.05187150142814769,5.187150142814769e-05,10.0,sample_ridge,,662.3867216688445,6.113900152339298,662.3865223016511,0.0040564871675980345,1.2227800182400594e-09,-0.4107847709334955,0.6931753816190576,True,0,Optimization terminated successfully,25,1,0.021438541037953986,0.12502730340274923,0.14641905968129282,0.8539004667486149,2.220446049250313e-16,0.0,0.0,0.1,0.0,0.08426640642906395,0.03540507874607686,4.367857007293261,0.08735714014586522,equity_minimum_variance__sample_ridge,,,,,,,,,
equity_minimum_variance,Equity Minimum Variance,equity,minimum_variance,monthly,27,2023-03-01,2022-02-28,2023-02-28,2023-03-01,252,252,50,0.08667647507809816,8.667647507809815e-05,10.0,sample_ridge,,719.7933267404047,5.967437912963498,719.7930902798075,0.0036279655641383046,1.193487570657824e-09,-0.5300802301245598,0.560747599864184,True,0,Optimization terminated successfully,26,1,0.02127545471959997,0.07966871871357421,0.14586108020853256,0.5461958638978581,2.220446049250313e-16,0.0,0.0,0.1,0.0,0.0909971508837642,0.03752495894744543,4.515075502071514,0.09030151004143028,equity_minimum_variance__sample_ridge,,,,,,,,,
equity_minimum_variance,Equity Minimum Variance,equity,minimum_variance,monthly,28,2023-04-03,2022-03-31,2023-03-31,2023-04-03,252,252,50,0.05917570624878936,5.917570624878936e-05,10.0,sample_ridge,,710.8831318567082,5.790126282013423,710.8829062608362,0.003643961078279024,1.1580252448224324e-09,-0.3738643148089632,0.4041887312530835,True,0,Optimization terminated successfully,26,1,0.02187136241340136,0.05068002913231429,0.14788969677905678,0.3426880319325348,0.0,0.0,0.0,0.1,0.0,0.08663513830818438,0.0360934126561425,4.084888836795426,0.08169777673590853,equity_minimum_variance__sample_ridge,,,,,,,,,
equity_minimum_variance,Equity Minimum Variance,equity,minimum_variance,monthly,29,2023-05-01,2022-04-28,2023-04-28,2023-05-01,252,252,50,0.06190604404604636,6.190604404604636e-05,10.0,sample_ridge,,714.6541261906061,5.642257477505018,714.6538978489344,0.003526837894209986,1.1284514842164888e-09,-0.3388991365636248,0.5858993506629674,True,0,Optimization terminated successfully,29,1,0.021767246820130197,0.0564971072702122,0.14753727264705077,0.3829344697551013,0.0,0.0,0.0,0.1,0.0,0.08457416821695535,0.03534366675698994,4.240313502261468,0.08480627004522936,equity_minimum_variance__sample_ridge,,,,,,,,,
equity_minimum_variance,Equity Minimum Variance,equity,minimum_variance,monthly,30,2023-06-01,2022-05-31,2023-05-31,2023-06-01,252,252,50,0.1237736618535592,0.00012377366185355922,10.0,sample_ridge,,609.9355530399164,5.250113564529966,609.9353742650943,0.003576544792009096,1.0500227024057662e-09,-0.45545680673063427,0.8770008312109273,True,0,Optimization terminated successfully,32,1,0.019273997523124475,-0.011220045889875144,0.13883082338992475,-0.08081811816646912,2.220446049250313e-16,0.0,0.0,0.1,0.0,0.08590281315954845,0.03562719655782675,4.2109687151881,0.084219374303762,equity_minimum_variance__sample_ridge,,,,,,,,,
equity_minimum_variance,Equity Minimum Variance,equity,minimum_variance,monthly,31,2023-07-03,2022-06-30,2023-06-30,2023-07-03,252,252,50,0.10801525906177593,0.00010801525906177594,10.0,sample_ridge,,550.9166650782894,4.883298319330571,550.9165099528301,0.0034622390671748856,9.766596540995178e-10,-0.34636314378090993,1.1699565688763638,True,0,Optimization terminated successfully,31,1,0.016852527811014692,0.06412895312302903,0.12981728625654865,0.4939939431201447,0.0,0.0,0.0,0.1,0.0,0.08476302704317153,0.03539293700430949,5.357265090937998,0.10714530181875997,equity_minimum_variance__sample_ridge,,,,,,,,,
equity_minimum_variance,Equity Minimum Variance,equity,minimum_variance,monthly,32,2023-08-01,2022-07-29,2023-07-31,2023-08-01,252,252,50,0.06698154471124544,6.698154471124544e-05,10.0,sample_ridge,,534.1663366335997,4.728660289016061,534.166189472076,0.0034263881123364247,9.45732048345892e-10,-0.4257137157133368,1.1159951693564845,True,0,Optimization terminated successfully,33,1,0.016445673328611042,0.06296385232854122,0.12824068515339054,0.49098187718842307,2.220446049250313e-16,0.0,0.0,0.1,0.0,0.08584879468368128,0.03578248672356998,5.229766009785781,0.10459532019571562,equity_minimum_variance__sample_ridge,,,,,,,,,
equity_minimum_variance,Equity Minimum Variance,equity,minimum_variance,monthly,33,2023-09-01,2022-08-31,2023-08-31,2023-09-01,252,252,50,0.061925530261359114,6.192553026135911e-05,10.0,sample_ridge,,472.5729167969818,4.546920102129455,472.5728005934037,0.003690427440758401,9.093840113320509e-10,-0.43813560969970056,1.3175303418143658,True,0,Optimization terminated successfully,32,1,0.01607776800416784,0.08651502110268033,0.126798138804037,0.6823051341186237,0.0,0.0,0.0,0.1,0.0,0.08532646814495193,0.03569310201527093,5.538819846967638,0.11077639693935276,equity_minimum_variance__sample_ridge,,,,,,,,,
equity_minimum_variance,Equity Minimum Variance,equity,minimum_variance,monthly,34,2023-10-02,2022-09-29,2023-09-29,2023-10-02,252,252,50,0.06977961167141351,6.977961167141351e-05,10.0,sample_ridge,,412.37630849746233,4.283792021962718,412.3762148537553,0.0037637350854721166,8.567583958249595e-10,-0.43345810393913387,1.3764609828460026,True,0,Optimization terminated successfully,29,1,0.014232115104311835,0.1227177928469326,0.11929842875877215,1.0286622726194876,0.0,0.0,0.0,0.1,0.0,0.08717218019863196,0.03636314604188787,6.407469702594793,0.12814939405189585,equity_minimum_variance__sample_ridge,,,,,,,,,
equity_minimum_variance,Equity Minimum Variance,equity,minimum_variance,monthly,35,2023-11-01,2022-10-31,2023-10-31,2023-11-01,252,252,50,0.12300569445480086,0.00012300569445480085,10.0,sample_ridge,,341.8132021752741,3.9744385443219157,341.81313105563646,0.0038091901796157373,7.948877009155061e-10,-0.4631479082031792,1.221485025665576,True,0,Optimization terminated successfully,32,1,0.011561717001049078,0.021440564838126255,0.10752542490522453,0.19939995454121182,2.220446049250313e-16,0.0,0.0,0.1,0.0,0.07772394700901433,0.03341154702763861,6.303212405886455,0.1260642481177291,equity_minimum_variance__sample_ridge,,,,,,,,,
equity_minimum_variance,Equity Minimum Variance,equity,minimum_variance,monthly,36,2023-12-01,2022-11-30,2023-11-30,2023-12-01,252,252,50,0.12121416275817526,0.00012121416275817526,10.0,sample_ridge,,285.308117152311,3.6801088767873025,285.3080632813413,0.003884410488093493,7.360217679972428e-10,-0.2766021355118453,1.2222043695132911,True,0,Optimization terminated successfully,34,1,0.010340599253849218,0.05100987984770559,0.10168873710421042,0.5016276266213313,2.220446049250313e-16,0.0,0.0,0.1,0.0,0.07578331920226404,0.03280430610056396,6.725407445276615,0.1345081489055323,equity_minimum_variance__sample_ridge,,,,,,,,,
equity_risk_parity,Equity Risk Parity,equity,risk_parity,monthly,1,2021-01-04,2020-01-03,2020-12-31,2021-01-04,252,252,50,1.0,0.001,10.0,ledoit_wolf,0.060651993928819474,708.2402856669532,13.13191527786571,271.3313919971667,0.02578571963383225,0.0,-0.3492732395247833,0.9488143251997084,True,0,Optimization terminated successfully,12,1,9.701272698197884e-11,0.22393729311565985,0.31885213900320525,0.7023233208211557,0.0,0.0,0.009818683433316011,0.03901454284121634,0.0,0.02209105020911816,1.3929301991270105e-06,1.3165786651597604,0.02633157330319521,equity_risk_parity__ledoit_wolf,,,,,,,,,
equity_risk_parity,Equity Risk Parity,equity,risk_parity,monthly,2,2021-02-01,2020-01-31,2021-01-29,2021-02-01,252,252,50,0.024269633882294632,2.4269633882294633e-05,10.0,ledoit_wolf,0.05909356008455708,661.1468383883391,13.411824091143306,267.26517879372005,0.02656640490907241,0.0,-0.23740683868214907,0.9237121823064337,True,0,Optimization terminated successfully,12,1,7.281544276769478e-11,0.21639630648740044,0.32089467858135295,0.6743530539180936,0.0,0.0,0.009805336495660908,0.038371001635434256,0.0,0.0220654966241966,1.2067762242248061e-06,1.3284569280006056,0.026569138560012112,equity_risk_parity__ledoit_wolf,,,,,,,,,
equity_risk_parity,Equity Risk Parity,equity,risk_parity,monthly,3,2021-03-01,2020-02-28,2021-02-26,2021-03-01,252,252,50,0.043120642434400246,4.312064243440025e-05,10.0,ledoit_wolf,0.06169700168529038,663.0317180134332,13.271479843276355,258.34569731357925,0.02679007940741373,0.0,-0.09602128620994455,0.9459226944620321,True,0,Optimization terminated successfully,12,1,7.195753766919512e-11,0.31695231532255724,0.31555310304120776,1.0044341578893197,1.1102230246251565e-16,0.0,0.009753396601095728,0.038111915865759925,0.0,0.022051914256327958,1.1996460950564674e-06,1.3548064259637957,0.027096128519275915,equity_risk_parity__ledoit_wolf,,,,,,,,,
equity_risk_parity,Equity Risk Parity,equity,risk_parity,monthly,4,2021-04-01,2020-04-01,2021-03-31,2021-04-01,252,252,50,0.05853937232910298,5.8539372329102984e-05,10.0,ledoit_wolf,0.04434299082008277,384.10656775882444,7.621293863258429,213.2947406401262,0.015159516293707051,0.0,-0.060127039234835644,1.226556819766659,True,0,Optimization terminated successfully,15,1,1.1061049716071348e-10,0.4355365615940249,0.19017483393711998,2.29019030845076,0.0,0.0,0.00763586399119125,0.04504925292752486,0.0,0.02282832164890919,1.4873499733466413e-06,1.9746560130904014,0.039493120261808026,equity_risk_parity__ledoit_wolf,,,,,,,,,
equity_risk_parity,Equity Risk Parity,equity,risk_parity,monthly,5,2021-05-03,2020-05-01,2021-04-30,2021-05-03,252,252,50,0.04443924026998271,4.443924026998271e-05,10.0,ledoit_wolf,0.04840781323309374,349.6342331587705,6.251872658406111,189.91782740161776,0.013212228753776189,0.0,-0.2081438801394524,0.8493961050735777,True,0,Optimization terminated successfully,15,1,6.424088220728577e-11,0.3521405886424247,0.15349397102896573,2.2941656032598994,0.0,0.0,0.006739505817693709,0.0433286621370123,0.0,0.022890202209925485,1.133497968302628e-06,2.4690244781011836,0.04938048956202367,equity_risk_parity__ledoit_wolf,,,,,,,,,
equity_risk_parity,Equity Risk Parity,equity,risk_parity,monthly,6,2021-06-01,2020-06-01,2021-05-28,2021-06-01,252,252,50,0.037124410875786176,3.712441087578618e-05,10.0,ledoit_wolf,0.05610023750889561,338.3569609822227,5.6967892224164345,168.59304032997824,0.012701912769291793,0.0,-0.09446757920356907,1.0236878148723123,True,0,Optimization terminated successfully,14,1,5.2544251338913596e-11,0.32655998164887945,0.14329269827032767,2.2789715427984363,1.1102230246251565e-16,0.0,0.006827284895518039,0.038671103610998715,0.0,0.022526906081657718,1.0251268344836868e-06,2.5908432285835583,0.051816864571671166,equity_risk_parity__ledoit_wolf,,,,,,,,,
equity_risk_parity,Equity Risk Parity,equity,risk_parity,monthly,7,2021-07-01,2020-07-01,2021-06-30,2021-07-01,252,252,50,0.044775082002057064,4.4775082002057065e-05,10.0,ledoit_wolf,0.05871542671772186,284.1973126090397,4.914781972972365,140.1218596040734,0.011344506488375492,0.0,-0.04517062980827402,0.9353134194385742,True,0,Optimization terminated successfully,12,1,2.985645715123622e-10,0.3322774696358814,0.12416025290620299,2.6761983956886817,0.0,0.0,0.008416265759287587,0.03682917600817419,0.0,0.02215164479542574,2.4436226038912787e-06,2.9393728132733377,0.058787456265466755,equity_risk_parity__ledoit_wolf,,,,,,,,,
equity_risk_parity,Equity Risk Parity,equity,risk_parity,monthly,8,2021-08-02,2020-07-31,2021-07-30,2021-08-02,252,252,50,0.019617286311125096,1.9617286311125096e-05,10.0,ledoit_wolf,0.05781581919214883,291.6771564436472,4.626228896194005,145.37960177359366,0.010628638402575281,0.0,-0.03111480254552568,0.9864628459904821,True,0,Optimization terminated successfully,13,1,6.498436350507928e-11,0.30344436622319493,0.12261417986554422,2.4747901633884823,0.0,0.0,0.008544822190422427,0.036198135987391494,0.0,0.02218463955232463,1.1400382757177689e-06,2.9276412852750653,0.058552825705501306,equity_risk_parity__ledoit_wolf,,,,,,,,,
equity_risk_parity,Equity Risk Parity,equity,risk_parity,monthly,9,2021-09-01,2020-09-01,2021-08-31,2021-09-01,252,252,50,0.018996488904437243,1.899648890443724e-05,10.0,ledoit_wolf,0.05650457252953601,314.3405463864097,4.498293400585128,155.25216926214193,0.010012430465946801,0.0,-0.07863987065770972,1.0546679801982481,True,0,Optimization terminated successfully,13,1,1.4190403785724893e-10,0.281777554469079,0.12117212290698351,2.325432184475158,1.1102230246251565e-16,0.0,0.008472680131099945,0.03790626378780141,0.0,0.022319518779012597,1.6846604278443473e-06,2.9713813562857294,0.05942762712571459,equity_risk_parity__ledoit_wolf,,,,,,,,,
equity_risk_parity,Equity Risk Parity,equity,risk_parity,monthly,10,2021-10-01,2020-10-01,2021-09-30,2021-10-01,252,252,50,0.031050373462198126,3.105037346219813e-05,10.0,ledoit_wolf,0.057491387130456616,344.88471341317165,4.278470489911605,162.41442889319453,0.00927133012401811,0.0,-0.12416434745014902,1.315533795988761,True,0,Optimization terminated successfully,13,1,2.211268438921485e-10,0.2303991886604646,0.11144115231156514,2.0674516000724648,0.0,0.0,0.00802552411671123,0.03734651043644631,0.0,0.022538090478210412,2.102982852484443e-06,3.1733667805784935,0.06346733561156986,equity_risk_parity__ledoit_wolf,,,,,,,,,
equity_risk_parity,Equity Risk Parity,equity,risk_parity,monthly,11,2021-11-01,2020-10-30,2021-10-29,2021-11-01,252,252,50,0.03398814160975112,3.398814160975112e-05,10.0,ledoit_wolf,0.06299636719699274,315.9019357927494,4.1427226253678215,145.42669004084587,0.009641516811752585,0.0,-0.03804484144889364,1.5250342431668675,True,0,Optimization terminated successfully,13,1,1.868785601764036e-10,0.3064476054568133,0.1057244893562437,2.89854892960725,0.0,0.0,0.008318009670975374,0.0375269477946415,0.0,0.0223735657136415,1.9332799082204722e-06,3.267023120594775,0.0653404624118955,equity_risk_parity__ledoit_wolf,,,,,,,,,
equity_risk_parity,Equity Risk Parity,equity,risk_parity,monthly,12,2021-12-01,2020-12-01,2021-11-30,2021-12-01,252,252,50,0.04887065063200451,4.8870650632004516e-05,10.0,ledoit_wolf,0.04647625052358159,268.85633914211076,3.718283514124435,145.966603661667,0.00753338044334707,0.0,-0.17349452421536093,0.9785778184849881,True,0,Optimization terminated successfully,12,1,1.7971936489395993e-10,0.1880370933340266,0.10337357701836573,1.8190053856859305,2.220446049250313e-16,0.0,0.009281132377469374,0.0348834427397394,0.0,0.022047666449146346,1.895886942272504e-06,3.30134893455857,0.0660269786911714,equity_risk_parity__ledoit_wolf,,,,,,,,,
equity_risk_parity,Equity Risk Parity,equity,risk_parity,monthly,13,2022-01-03,2021-01-04,2021-12-31,2022-01-03,252,252,50,0.027105766711608466,2.7105766711608467e-05,10.0,ledoit_wolf,0.046399643822157804,290.9337928824501,3.769983273180221,151.6083059708099,0.007280351255502656,0.0,-0.12605950714046,0.914339693277029,True,0,Optimization terminated successfully,11,1,2.729066769422391e-10,0.22051244913217197,0.10733556641826392,2.054421069274296,0.0,0.0,0.009740620273717844,0.03278652296655583,0.0,0.022077726766592427,2.3362648691546038e-06,3.138173600364762,0.06276347200729523,equity_risk_parity__ledoit_wolf,,,,,,,,,
equity_risk_parity,Equity Risk Parity,equity,risk_parity,monthly,14,2022-02-01,2021-02-02,2022-01-31,2022-02-01,252,252,50,0.036264449976607736,3.6264449976607736e-05,10.0,ledoit_wolf,0.04847740786132579,318.9719391236067,3.7648298450580406,150.53199751003422,0.006890622391471135,0.0,-0.15047290084382414,0.8728852544158702,True,0,Optimization terminated successfully,12,1,1.9637227424976845e-10,0.20056421590749532,0.10578885594570368,1.8958917185987458,2.220446049250313e-16,0.0,0.009656488345957294,0.03648569198615303,0.0,0.02205032117621029,1.9817783642465214e-06,3.1007917044404936,0.06201583408880987,equity_risk_parity__ledoit_wolf,,,,,,,,,
equity_risk_parity,Equity Risk Parity,equity,risk_parity,monthly,15,2022-03-01,2021-03-02,2022-02-28,2022-03-01,252,252,50,0.03403717506128897,3.403717506128897e-05,10.0,ledoit_wolf,0.051810164308606056,276.3172326451961,3.831258155611032,130.93027206890267,0.007517861487277382,0.0,-0.2425927947907769,0.8761242453888961,True,0,Optimization terminated successfully,11,1,2.6483012687206383e-10,0.155666113166541,0.1084107791314396,1.4358914714357693,0.0,0.0,0.010500882708949532,0.033379398810685565,0.0,0.021998771272093466,2.3014348866395186e-06,2.7165909386805533,0.05433181877361107,equity_risk_parity__ledoit_wolf,,,,,,,,,
equity_risk_parity,Equity Risk Parity,equity,risk_parity,monthly,16,2022-04-01,2021-04-05,2022-03-31,2022-04-01,252,252,50,0.023640046890505584,2.3640046890505585e-05,10.0,ledoit_wolf,0.05281225874428367,311.3353481532465,4.008471611684837,137.80819551716291,0.007571943340168137,0.0,-0.28945013253051877,0.8913328012218693,True,0,Optimization terminated successfully,12,1,2.1198204671197463e-10,0.15465945294564123,0.10928648541577507,1.4151745511555884,0.0,0.0,0.009931598726536048,0.03504465336501536,0.0,0.022419250268656803,2.0590388374771314e-06,2.322566128968605,0.046451322579372095,equity_risk_parity__ledoit_wolf,,,,,,,,,
equity_risk_parity,Equity Risk Parity,equity,risk_parity,monthly,17,2022-05-02,2021-05-03,2022-04-29,2022-05-02,252,252,50,0.0414943504547458,4.14943504547458e-05,10.0,ledoit_wolf,0.051845380792901706,314.1962107016673,4.267992710356743,143.211849423784,0.00810632183265672,0.0,-0.4753197972276958,0.9388799704010586,True,0,Optimization terminated successfully,12,1,9.440636834749919e-11,0.07333279289012792,0.11981597372052626,0.6120452107761398,0.0,0.0,0.009788464275044451,0.033425928348334764,0.0,0.022128190181243113,1.3740914696446564e-06,1.9889681430900168,0.03977936286180034,equity_risk_parity__ledoit_wolf,,,,,,,,,
equity_risk_parity,Equity Risk Parity,equity,risk_parity,monthly,18,2022-06-01,2021-06-02,2022-05-31,2022-06-01,252,252,50,0.044814284780697364,4.4814284780697364e-05,10.0,ledoit_wolf,0.04861663814378615,429.501073557455,4.664795950922206,183.62944361373735,0.007904803254666174,0.0,-0.5815489189410324,1.0545687899640876,True,0,Optimization terminated successfully,12,1,3.5701784387257437e-10,0.08223138381624621,0.13038623043634792,0.6306753676446687,0.0,0.0,0.009327965081885577,0.03581149075505321,0.0,0.02264647910472362,2.6721446213580317e-06,1.9651018894704744,0.03930203778940949,equity_risk_parity__ledoit_wolf,,,,,,,,,
equity_risk_parity,Equity Risk Parity,equity,risk_parity,monthly,19,2022-07-01,2021-07-01,2022-06-30,2022-07-01,252,252,50,0.03799126116876827,3.799126116876827e-05,10.0,ledoit_wolf,0.041631029867247094,510.53631347218635,5.049217383833595,228.63296957280767,0.007598819563719295,0.0,-0.5782209800041562,0.8011361548468544,True,0,Optimization terminated successfully,13,1,1.4085866712976908e-10,-0.00301497166361218,0.1441709948825911,-0.020912470404102365,2.220446049250313e-16,0.0,0.008857825007591028,0.03717028273229461,0.0,0.022688959057715532,1.678443726371469e-06,1.7823130296144902,0.03564626059228981,equity_risk_parity__ledoit_wolf,,,,,,,,,
equity_risk_parity,Equity Risk Parity,equity,risk_parity,monthly,20,2022-08-01,2021-07-30,2022-07-29,2022-08-01,252,252,50,0.03514637276730362,3.514637276730362e-05,10.0,ledoit_wolf,0.041427632825342606,519.2829925502888,5.243515228449192,230.439451872751,0.007795553303316175,0.0,-0.4743378757951733,1.0610827829850287,True,0,Optimization terminated successfully,13,1,6.344536181467376e-11,0.03144078438104898,0.14653780094208857,0.21455750106059196,0.0,0.0,0.008790831279259127,0.03662228236228983,0.0,0.022685393788306238,1.1264578271260035e-06,1.8148439565727352,0.036296879131454705,equity_risk_parity__ledoit_wolf,,,,,,,,,
equity_risk_parity,Equity Risk Parity,equity,risk_parity,monthly,21,2022-09-01,2021-09-01,2022-08-31,2022-09-01,252,252,50,0.01915293358341348,1.9152933583413483e-05,10.0,ledoit_wolf,0.038878170644648914,557.7048805106252,5.38858995235058,249.552784213701,0.007569563847147182,0.0,-0.489901311668022,1.1828191271343909,True,0,Optimization terminated successfully,12,1,1.6674384092373576e-10,0.0030920190098368307,0.15111727045057166,0.02046105650676232,0.0,0.0,0.008498895717552584,0.03592916675635124,0.0,0.02264020153355059,1.8261645102441096e-06,1.8065297518906842,0.036130595037813684,equity_risk_parity__ledoit_wolf,,,,,,,,,
equity_risk_parity,Equity Risk Parity,equity,risk_parity,monthly,22,2022-10-03,2021-10-01,2022-09-30,2022-10-03,252,252,50,0.03239731884975458,3.2397318849754584e-05,10.0,ledoit_wolf,0.03607174179577907,617.4379094289061,5.6444000802583805,278.7672279676787,0.0074118502452418964,0.0,-0.6348446139350687,0.8913308032260187,True,0,Optimization terminated successfully,12,1,2.397920930204695e-10,-0.0495996982591953,0.16260976342457406,-0.30502287940540507,0.0,0.0,0.008866192300646624,0.036707693327996636,0.0,0.022363645617342266,2.1899410632275177e-06,1.6981384037789964,0.03396276807557993,equity_risk_parity__ledoit_wolf,,,,,,,,,
equity_risk_parity,Equity Risk Parity,equity,risk_parity,monthly,23,2022-11-01,2021-11-01,2022-10-31,2022-11-01,252,252,50,0.034167609670512473,3.416760967051247e-05,10.0,ledoit_wolf,0.03239711925790674,648.5504889732105,5.997561447061037,310.5025770281694,0.007444001883312119,0.0,-0.6083168093436072,0.9320822595695339,True,0,Optimization terminated successfully,13,1,1.8886566881725847e-10,0.00682330781986606,0.17631180892460432,0.038700231490358596,0.0,0.0,0.009022940874714506,0.040033554586375246,0.0,0.022207833893499715,1.9435311616605556e-06,1.5656166122813153,0.03131233224562631,equity_risk_parity__ledoit_wolf,,,,,,,,,
equity_risk_parity,Equity Risk Parity,equity,risk_parity,monthly,24,2022-12-01,2021-12-01,2022-11-30,2022-12-01,252,252,50,0.036305741698090456,3.6305741698090456e-05,10.0,ledoit_wolf,0.03189589923783292,701.6204758532148,6.22475584145225,334.4120858913595,0.007576304095690776,0.0,-0.5492037107009324,1.012398262304997,True,0,Optimization terminated successfully,14,1,7.905799333194081e-11,0.11674442533945333,0.18309295909856957,0.6376237836464428,0.0,0.0,0.008518096169609541,0.045045016616254915,0.0,0.02249358410935041,1.2574417945333648e-06,1.494327245037046,0.02988654490074092,equity_risk_parity__ledoit_wolf,,,,,,,,,
equity_risk_parity,Equity Risk Parity,equity,risk_parity,monthly,25,2023-01-03,2021-12-31,2022-12-30,2023-01-03,252,252,50,0.022902025376899268,2.290202537689927e-05,10.0,ledoit_wolf,0.03110433052191694,713.826698175003,6.167242694253825,344.68282280028365,0.0074084982590251385,0.0,-0.6198019913959887,0.9359017507349877,True,0,Optimization terminated successfully,13,1,2.6192886947849026e-10,0.018158535164556237,0.18483977237531832,0.09823932875055276,0.0,0.0,0.00852626754069571,0.04255193201517365,0.0,0.022396722377146138,2.2887938722324053e-06,1.4523806006102833,0.029047612012205667,equity_risk_parity__ledoit_wolf,,,,,,,,,
equity_risk_parity,Equity Risk Parity,equity,risk_parity,monthly,26,2023-02-01,2022-01-31,2023-01-31,2023-02-01,252,252,50,0.031632306278318374,3.163230627831837e-05,10.0,ledoit_wolf,0.02958942848852802,662.3867216688445,6.089638582901883,345.6274703482734,0.007524614490942014,0.0,-0.4107847709334955,0.6931753816190576,True,0,Optimization terminated successfully,13,1,2.62926105979001e-10,0.08979470337111817,0.1872231304485097,0.47961329968154554,2.220446049250313e-16,0.0,0.008523955477886716,0.04174597766337876,0.0,0.022331010972293053,2.2931467723589797e-06,1.4500200599669857,0.029000401199339713,equity_risk_parity__ledoit_wolf,,,,,,,,,
equity_risk_parity,Equity Risk Parity,equity,risk_parity,monthly,27,2023-03-01,2022-02-28,2023-02-28,2023-03-01,252,252,50,0.0173399461999399,1.73399461999399e-05,10.0,ledoit_wolf,0.03053462156851071,719.7933267404047,5.943757544347497,354.019005902263,0.007133036511049089,0.0,-0.5300802301245598,0.560747599864184,True,0,Optimization terminated successfully,13,1,3.068513390806813e-10,0.03243659339865881,0.18543402034429324,0.17492255918538654,0.0,0.0,0.008762312514738082,0.04238076885818475,0.0,0.022342770908204104,2.477302319381611e-06,1.435865444537047,0.028717308890740936,equity_risk_parity__ledoit_wolf,,,,,,,,,
equity_risk_parity,Equity Risk Parity,equity,risk_parity,monthly,28,2023-04-03,2022-03-31,2023-03-31,2023-04-03,252,252,50,0.02355171380706128,2.3551713807061282e-05,10.0,ledoit_wolf,0.029785906000716185,710.8831318567082,5.767149532746637,360.318847062805,0.006956987300593548,0.0,-0.3738643148089632,0.4041887312530835,True,0,Optimization terminated successfully,13,1,1.3143321399378608e-10,0.0020691152386643572,0.18762542574392307,0.01102790429634174,0.0,0.0,0.009219606970336261,0.04214582843761347,0.0,0.022314177716980438,1.6213156015644219e-06,1.350866387862203,0.02701732775724406,equity_risk_parity__ledoit_wolf,,,,,,,,,
equity_risk_parity,Equity Risk Parity,equity,risk_parity,monthly,29,2023-05-01,2022-04-28,2023-04-28,2023-05-01,252,252,50,0.021018447740013928,2.101844774001393e-05,10.0,ledoit_wolf,0.03066746220104001,714.6541261906061,5.619867510681322,355.648724773804,0.0068520529406471955,0.0,-0.3388991365636248,0.5858993506629674,True,0,Optimization terminated successfully,13,1,1.1288579097638935e-10,0.05826568988169802,0.185911905160981,0.3134048345706844,0.0,0.0,0.009384409471795984,0.041871759599000656,0.0,0.02231233750056854,1.5025697386571042e-06,1.3450805343690355,0.02690161068738071,equity_risk_parity__ledoit_wolf,,,,,,,,,
equity_risk_parity,Equity Risk Parity,equity,risk_parity,monthly,30,2023-06-01,2022-05-31,2023-05-31,2023-06-01,252,252,50,0.02698442082369967,2.698442082369967e-05,10.0,ledoit_wolf,0.035041224615857375,609.9355530399164,5.229279728250939,295.724344207552,0.007102329273486399,0.0,-0.45545680673063427,0.8770008312109273,True,0,Optimization terminated successfully,12,1,1.7573546936624525e-10,-0.021084062362109707,0.17489092108247434,-0.12055549957431451,0.0,0.0,0.010011460158737063,0.04222743000198899,0.0,0.022110426321138833,1.8747558207203476e-06,1.360648685852227,0.027212973717044543,equity_risk_parity__ledoit_wolf,,,,,,,,,
equity_risk_parity,Equity Risk Parity,equity,risk_parity,monthly,31,2023-07-03,2022-06-30,2023-06-30,2023-07-03,252,252,50,0.027173209489561645,2.7173209489561646e-05,10.0,ledoit_wolf,0.039785183706997955,550.9166650782894,4.863920102757518,254.55832415705376,0.007181538978724373,0.0,-0.34636314378090993,1.1699565688763638,True,0,Optimization terminated successfully,13,1,9.137337658402468e-11,0.11222264610890333,0.16280674693472807,0.6892997263430074,1.1102230246251565e-16,0.0,0.010623907355545907,0.0464284630791572,0.0,0.022307392282993863,1.3518385745646566e-06,1.4484850987734654,0.02896970197546931,equity_risk_parity__ledoit_wolf,,,,,,,,,
equity_risk_parity,Equity Risk Parity,equity,risk_parity,monthly,32,2023-08-01,2022-07-29,2023-07-31,2023-08-01,252,252,50,0.02312457138017248,2.312457138017248e-05,10.0,ledoit_wolf,0.04164708695588915,534.1663366335997,4.709895716960692,243.4062933637938,0.007193726343459031,0.0,-0.4257137157133368,1.1159951693564845,True,0,Optimization terminated successfully,13,1,6.816677942558527e-11,0.10853156643163087,0.16020014513345987,0.6774748321308646,0.0,0.0,0.010756812959087323,0.045592041220333744,0.0,0.022249743468123494,1.1676196249256794e-06,1.4295004460668177,0.028590008921336355,equity_risk_parity__ledoit_wolf,,,,,,,,,
equity_risk_parity,Equity Risk Parity,equity,risk_parity,monthly,33,2023-09-01,2022-08-31,2023-08-31,2023-09-01,252,252,50,0.020656359130074724,2.0656359130074725e-05,10.0,ledoit_wolf,0.04399711493382362,472.5729167969818,4.52887672310208,221.9746126379258,0.007499208373477374,0.0,-0.43813560969970056,1.3175303418143658,True,0,Optimization terminated successfully,13,1,2.08748648471611e-10,0.0953487332165824,0.15703212561097352,0.6071925272972256,1.1102230246251565e-16,0.0,0.01131929567411742,0.04444436056025383,0.0,0.022171721148198483,2.043275059660933e-06,1.4551584488809284,0.029103168977618568,equity_risk_parity__ledoit_wolf,,,,,,,,,
equity_risk_parity,Equity Risk Parity,equity,risk_parity,monthly,34,2023-10-02,2022-09-29,2023-09-29,2023-10-02,252,252,50,0.017644565509904387,1.7644565509904386e-05,10.0,ledoit_wolf,0.04873008072792225,412.37630849746233,4.266792804604461,190.91636692419453,0.007724542664819883,0.0,-0.43345810393913387,1.3764609828460026,True,0,Optimization terminated successfully,13,1,5.279956089629849e-11,0.14174641131599963,0.14678879095066705,0.9656487419644865,0.0,0.0,0.01126255188863721,0.04336335793473108,0.0,0.022196012947196725,1.0276143332623576e-06,1.5268530197536339,0.030537060395072677,equity_risk_parity__ledoit_wolf,,,,,,,,,
equity_risk_parity,Equity Risk Parity,equity,risk_parity,monthly,35,2023-11-01,2022-10-31,2023-10-31,2023-11-01,252,252,50,0.026780011345609818,2.678001134560982e-05,10.0,ledoit_wolf,0.05797877613579671,341.8132021752741,3.958666923210159,150.1951785444215,0.008164471079355374,0.0,-0.4631479082031792,1.221485025665576,True,0,Optimization terminated successfully,13,1,1.2852942813183072e-10,0.0380482651156235,0.13035934776277536,0.29187216543045896,2.220446049250313e-16,0.0,0.011608921225872659,0.04574207750647183,0.0,0.022573342950350312,1.60330551132258e-06,1.7119533982460249,0.034239067964920496,equity_risk_parity__ledoit_wolf,,,,,,,,,
equity_risk_parity,Equity Risk Parity,equity,risk_parity,monthly,36,2023-12-01,2022-11-30,2023-11-30,2023-12-01,252,252,50,0.040934224795193326,4.093422479519333e-05,10.0,ledoit_wolf,0.053210546109787246,285.308117152311,3.6655052334783327,138.6859632977527,0.007563994772890106,0.0,-0.2766021355118453,1.2222043695132911,True,0,Optimization terminated successfully,12,1,1.5646517488883059e-10,0.07521567414959114,0.12300299885775749,0.6114946371069512,0.0,0.0,0.010330651275046981,0.04112286752160669,0.0,0.022367651177470024,1.7689837471770427e-06,1.6638776535737991,0.03327755307147598,equity_risk_parity__ledoit_wolf,,,,,,,,,
equity_risk_parity,Equity Risk Parity,equity,risk_parity,monthly,1,2021-01-04,2020-01-03,2020-12-31,2021-01-04,252,252,50,1.0,0.001,10.0,sample_ridge,,708.2402856669532,13.184233797269265,708.2401086386429,0.010534384267484587,2.6368467330853855e-09,-0.3492732395247833,0.9488143251997084,True,0,Optimization terminated successfully,12,1,1.036006148338283e-10,0.22403265965292954,0.32884222260837936,0.6812770509696126,0.0,0.0,0.009790222820556502,0.039273709083393865,0.0,0.02212816131177426,1.4394486085568433e-06,1.3100314875735686,0.02620062975147137,equity_risk_parity__sample_ridge,,,,,,,,,
equity_risk_parity,Equity Risk Parity,equity,risk_parity,monthly,2,2021-02-01,2020-01-31,2021-01-29,2021-02-01,252,252,50,0.024273729980260905,2.4273729980260907e-05,10.0,sample_ridge,,661.1468383883391,13.465257787911993,661.1466828998957,0.011433707958087692,2.693051530651883e-09,-0.23740683868214907,0.9237121823064337,True,0,Optimization terminated successfully,12,1,8.202896908277618e-11,0.21648609268787236,0.3306935377284223,0.6546426464059262,1.1102230246251565e-16,0.0,0.009777546008987215,0.038609011423265206,0.0,0.022100849320453038,1.2808510380426993e-06,1.3218777279220484,0.02643755455844097,equity_risk_parity__sample_ridge,,,,,,,,,
equity_risk_parity,Equity Risk Parity,equity,risk_parity,monthly,3,2021-03-01,2020-02-28,2021-02-26,2021-03-01,252,252,50,0.04312297315767111,4.312297315767111e-05,10.0,sample_ridge,,663.0317180134332,13.324354398206259,663.0315596849582,0.011142841022490756,2.664870852992543e-09,-0.09602128620994455,0.9459226944620321,True,0,Optimization terminated successfully,12,1,8.1196154536988e-11,0.31679865046446,0.3255910497009625,0.9729955745264564,0.0,0.0,0.009724189659397177,0.03835945751556153,0.0,0.022088546049697157,1.274332409828849e-06,1.347804672368269,0.02695609344736538,equity_risk_parity__sample_ridge,,,,,,,,,
equity_risk_parity,Equity Risk Parity,equity,risk_parity,monthly,4,2021-04-01,2020-04-01,2021-03-31,2021-04-01,252,252,50,0.05908397829372556,5.908397829372556e-05,10.0,sample_ridge,,384.10656775882444,7.651657660345755,384.1065013271364,0.008825307107527342,1.530331516765836e-09,-0.060127039234835644,1.226556819766659,True,0,Optimization terminated successfully,15,1,1.672437308458366e-10,0.4351333799149655,0.19430944394345798,2.239383588795534,0.0,0.0,0.007606943905338264,0.04557632691888447,0.0,0.022887276515060832,1.828899837857848e-06,1.9637150592351762,0.03927430118470352,equity_risk_parity__sample_ridge,,,,,,,,,
equity_risk_parity,Equity Risk Parity,equity,risk_parity,monthly,5,2021-05-03,2020-05-01,2021-04-30,2021-05-03,252,252,50,0.04486290199670018,4.4862901996700176e-05,10.0,sample_ridge,,349.6342331587705,6.276780580370753,349.63417521830985,0.007553618062301135,1.2553561035205896e-09,-0.2081438801394524,0.8493961050735777,True,0,Optimization terminated successfully,15,1,1.0927655635756416e-10,0.3515785527328603,0.15699057695027618,2.2394882518599584,0.0,0.0,0.0067047242676597125,0.04395311834037234,0.0,0.022956126846358095,1.4783541954321836e-06,2.452210325760311,0.049044206515206225,equity_risk_parity__sample_ridge,,,,,,,,,
equity_risk_parity,Equity Risk Parity,equity,risk_parity,monthly,6,2021-06-01,2020-06-01,2021-05-28,2021-06-01,252,252,50,0.037505277454345815,3.7505277454345815e-05,10.0,sample_ridge,,338.3569609822227,5.719485651015339,338.35690348588344,0.00671176042847194,1.1438971187640966e-09,-0.09446757920356907,1.0236878148723123,True,0,Optimization terminated successfully,14,1,9.098305424727858e-11,0.32589536714682205,0.14706397413688022,2.2160108827434106,1.1102230246251565e-16,0.0,0.0067879010686845145,0.039166180807015,0.0,0.022588854404096123,1.3489481401987316e-06,2.572223137256912,0.051444462745138246,equity_risk_parity__sample_ridge,,,,,,,,,
equity_risk_parity,Equity Risk Parity,equity,risk_parity,monthly,7,2021-07-01,2020-07-01,2021-06-30,2021-07-01,252,252,50,0.04551172610841657,4.551172610841657e-05,10.0,sample_ridge,,284.1973126090397,4.93436282698919,284.1972655923129,0.005944260101287084,9.868725555291125e-10,-0.04517062980827402,0.9353134194385742,True,0,Optimization terminated successfully,13,1,1.1945234903113716e-10,0.3317818714117713,0.12752606297859012,2.6016789326231526,0.0,0.0,0.008370631807772911,0.03727073759164131,0.0,0.022210525239675354,1.5456542241466928e-06,2.918754673976937,0.058375093479538745,equity_risk_parity__sample_ridge,,,,,,,,,
equity_risk_parity,Equity Risk Parity,equity,risk_parity,monthly,8,2021-08-02,2020-07-31,2021-07-30,2021-08-02,252,252,50,0.019725369772503634,1.9725369772503634e-05,10.0,sample_ridge,,291.6771564436472,4.644660133462096,291.6771084447581,0.005625532674701469,9.289320174030991e-10,-0.03111480254552568,0.9864628459904821,True,0,Optimization terminated successfully,13,1,1.0019638331647412e-10,0.30301421377294907,0.12591282895619335,2.40653963765973,1.1102230246251565e-16,0.0,0.008501951275450143,0.03659133251300867,0.0,0.022238935848188656,1.4156015210255175e-06,2.9079626537397147,0.0581592530747943,equity_risk_parity__sample_ridge,,,,,,,,,
equity_risk_parity,Equity Risk Parity,equity,risk_parity,monthly,9,2021-09-01,2020-09-01,2021-08-31,2021-09-01,252,252,50,0.019130063193130015,1.9130063193130014e-05,10.0,sample_ridge,,314.3405463864097,4.51621493339901,314.3404924254211,0.005244949261080728,9.032429776473723e-10,-0.07863987065770972,1.0546679801982481,True,0,Optimization terminated successfully,13,1,1.9632492954243105e-10,0.28142997421536486,0.12435268847441884,2.263159547799074,0.0,0.0,0.008433543862846933,0.038364809915583886,0.0,0.02237668857105129,1.981539449733123e-06,2.9510761953522033,0.059021523907044064,equity_risk_parity__sample_ridge,,,,,,,,,
equity_risk_parity,Equity Risk Parity,equity,risk_parity,monthly,10,2021-10-01,2020-10-01,2021-09-30,2021-10-01,252,252,50,0.0313358773750417,3.1335877375041696e-05,10.0,sample_ridge,,344.88471341317165,4.295516232029762,344.8846496829951,0.004635676280579153,8.591032378149199e-10,-0.12416434745014902,1.315533795988761,True,0,Optimization terminated successfully,14,1,2.2296867903443113e-10,0.22988022759719343,0.11433293882356094,2.0106211732381474,0.0,0.0,0.007985694750934939,0.0377979652361662,0.0,0.022604974756568023,2.1117228939157726e-06,3.1517950588417873,0.06303590117683575,equity_risk_parity__sample_ridge,,,,,,,,,
equity_risk_parity,Equity Risk Parity,equity,risk_parity,monthly,11,2021-11-01,2020-10-30,2021-10-29,2021-11-01,252,252,50,0.03421811881899089,3.421811881899089e-05,10.0,sample_ridge,,315.9019357927494,4.159227537977499,315.90188050678523,0.004738087880330207,8.318454992770447e-10,-0.03804484144889364,1.5250342431668675,True,0,Optimization terminated successfully,14,1,9.24871001914287e-11,0.30590340526976617,0.10869461099704832,2.8143382865418527,0.0,0.0,0.008273493367840593,0.03806938942813528,0.0,0.022442055503460526,1.3600522062879126e-06,3.2433625782060633,0.06486725156412126,equity_risk_parity__sample_ridge,,,,,,,,,
equity_risk_parity,Equity Risk Parity,equity,risk_parity,monthly,12,2021-12-01,2020-12-01,2021-11-30,2021-12-01,252,252,50,0.0490244240535132,4.90244240535132e-05,10.0,sample_ridge,,268.85633914211076,3.7330974299977373,268.85629255670045,0.004292905375881567,7.466194785333525e-10,-0.17349452421536093,0.9785778184849881,True,0,Optimization terminated successfully,12,1,2.1247339129563912e-10,0.18777347445842268,0.10559207721012014,1.778291320898706,0.0,0.0,0.009247213274035082,0.0351769181874447,0.0,0.02208997452239169,2.0614237375932203e-06,3.2862241264974257,0.06572448252994852,equity_risk_parity__sample_ridge,,,,,,,,,
equity_risk_parity,Equity Risk Parity,equity,risk_parity,monthly,13,2022-01-03,2021-01-04,2021-12-31,2022-01-03,252,252,50,0.027293425909377916,2.7293425909377917e-05,10.0,sample_ridge,,290.9337928824501,3.785003164708261,290.9337377595371,0.003981648493762912,7.570006253716459e-10,-0.12605950714046,0.914339693277029,True,0,Optimization terminated successfully,11,1,3.160970296204435e-10,0.2203584021266307,0.10966265780035339,2.009420586247369,0.0,0.0,0.009707962792048169,0.032990715160352214,0.0,0.022117992357204512,2.514346951478481e-06,3.1260677873550504,0.062521355747101,equity_risk_parity__sample_ridge,,,,,,,,,
equity_risk_parity,Equity Risk Parity,equity,risk_parity,monthly,14,2022-02-01,2021-02-02,2022-01-31,2022-02-01,252,252,50,0.03658388480778131,3.6583884807781315e-05,10.0,sample_ridge,,318.9719391236067,3.7798292049481974,318.9718688197157,0.0034190984143493523,7.559658334299811e-10,-0.15047290084382414,0.8728852544158702,True,0,Optimization terminated successfully,12,1,3.1099571366398006e-10,0.20040327345569273,0.10816721166449764,1.8527173842410192,0.0,0.0,0.009619780695921358,0.03682709774973114,0.0,0.022095174278106113,2.49397559596715e-06,3.0895352624155423,0.061790705248310845,equity_risk_parity__sample_ridge,,,,,,,,,
equity_risk_parity,Equity Risk Parity,equity,risk_parity,monthly,15,2022-03-01,2021-03-02,2022-02-28,2022-03-01,252,252,50,0.03446485987311645,3.446485987311645e-05,10.0,sample_ridge,,276.3172326451961,3.8465221707918356,276.3171762647196,0.00375666859966663,7.693044264653227e-10,-0.2425927947907769,0.8761242453888961,True,0,Optimization terminated successfully,12,1,1.0156198078371456e-10,0.15558906213150364,0.11102167653852404,1.4014295854874332,0.0,0.0,0.010444230922296618,0.03362410331107789,0.0,0.022045484520957715,1.4252156383067578e-06,2.70307276985175,0.054061455397035,equity_risk_parity__sample_ridge,,,,,,,,,
equity_risk_parity,Equity Risk Parity,equity,risk_parity,monthly,16,2022-04-01,2021-04-05,2022-03-31,2022-04-01,252,252,50,0.02382183872453695,2.382183872453695e-05,10.0,sample_ridge,,311.3353481532465,4.024441658350308,311.33527755599476,0.0035381730788798024,8.048883236211783e-10,-0.28945013253051877,0.8913328012218693,True,0,Optimization terminated successfully,12,1,3.2061027264319677e-10,0.15468385492762135,0.11191768707479871,1.3821216196528474,0.0,0.0,0.009877374350729723,0.035354714895918925,0.0,0.022479659080785936,2.532233293530466e-06,2.3094122392816083,0.04618824478563217,equity_risk_parity__sample_ridge,,,,,,,,,
equity_risk_parity,Equity Risk Parity,equity,risk_parity,monthly,17,2022-05-02,2021-05-03,2022-04-29,2022-05-02,252,252,50,0.04184318123195443,4.184318123195443e-05,10.0,sample_ridge,,314.1962107016673,4.284996708228052,314.19614183547003,0.003897542654991327,8.569993330756168e-10,-0.4753197972276958,0.9388799704010586,True,0,Optimization terminated successfully,12,1,1.4087380423185684e-10,0.07342666581264319,0.12274169515643345,0.5982210504674993,0.0,0.0,0.009741964602556118,0.03366024161522173,0.0,0.02217484371982584,1.6785339092902913e-06,1.9784185277229953,0.03956837055445991,equity_risk_parity__sample_ridge,,,,,,,,,
equity_risk_parity,Equity Risk Parity,equity,risk_parity,monthly,18,2022-06-01,2021-06-02,2022-05-31,2022-06-01,252,252,50,0.04508161066080949,4.5081610660809494e-05,10.0,sample_ridge,,429.501073557455,4.683380842181999,429.5009606662642,0.0035553415511947106,9.366761590696385e-10,-0.5815489189410324,1.0545687899640876,True,0,Optimization terminated successfully,13,1,9.955108031653693e-11,0.08235671977886437,0.13337678408377093,0.617474175469233,0.0,0.0,0.009287282519504898,0.03608621789009543,0.0,0.022702820764917236,1.4110356502691067e-06,1.954762206645119,0.03909524413290238,equity_risk_parity__sample_ridge,,,,,,,,,
equity_risk_parity,Equity Risk Parity,equity,risk_parity,monthly,19,2022-07-01,2021-07-01,2022-06-30,2022-07-01,252,252,50,0.03817803554810928,3.817803554810928e-05,10.0,sample_ridge,,510.53631347218635,5.06933383844659,510.5361682089672,0.003556316091843376,1.0138667575506501e-09,-0.5782209800041562,0.8011361548468544,True,0,Optimization terminated successfully,13,1,2.0384839567854167e-10,-0.0028456161017234045,0.1470826661420114,-0.019347052758588848,0.0,0.0,0.008825702754098247,0.03741330748610284,0.0,0.022734742716262128,2.0191502949434566e-06,1.774235775097082,0.03548471550194164,equity_risk_parity__sample_ridge,,,,,,,,,
equity_risk_parity,Equity Risk Parity,equity,risk_parity,monthly,20,2022-08-01,2021-07-30,2022-07-29,2022-08-01,252,252,50,0.0352234993408454,3.52234993408454e-05,10.0,sample_ridge,,519.2829925502888,5.264405780011374,519.2828415783691,0.0036145157759337326,1.0528811454734633e-09,-0.4743378757951733,1.0610827829850287,True,0,Optimization terminated successfully,13,1,8.706959782432624e-11,0.031447751854557386,0.14948220442507096,0.21037789732570342,0.0,0.0,0.008759160087975311,0.0368171969944015,0.0,0.022730977224490512,1.3196181100934534e-06,1.8069446563495108,0.036138893126990215,equity_risk_parity__sample_ridge,,,,,,,,,
equity_risk_parity,Equity Risk Parity,equity,risk_parity,monthly,21,2022-09-01,2021-09-01,2022-08-31,2022-09-01,252,252,50,0.01919109725462019,1.919109725462019e-05,10.0,sample_ridge,,557.7048805106252,5.410058492317103,557.7047098850965,0.0035303110440088594,1.0820116876433034e-09,-0.489901311668022,1.1828191271343909,True,0,Optimization terminated successfully,12,1,1.5828748108990555e-10,0.0031512009856474368,0.15399704929284347,0.020462736137593508,1.1102230246251565e-16,0.0,0.00847036817232324,0.03609618332050483,0.0,0.02268129827930413,1.77925535598385e-06,1.7990015974567584,0.03598003194913517,equity_risk_parity__sample_ridge,,,,,,,,,
equity_risk_parity,Equity Risk Parity,equity,risk_parity,monthly,22,2022-10-03,2021-10-01,2022-09-30,2022-10-03,252,252,50,0.03262523827037393,3.262523827037393e-05,10.0,sample_ridge,,617.4379094289061,5.666887786649403,617.4377085828124,0.0034785684239596053,1.133377545996105e-09,-0.6348446139350687,0.8913308032260187,True,0,Optimization terminated successfully,12,1,2.941809600048521e-10,-0.049414620251092806,0.16555797342144518,-0.2984732129167993,0.0,0.0,0.008841610154793638,0.03688983668366343,0.0,0.022395938294833672,2.425617282280228e-06,1.6921123646122223,0.03384224729224444,equity_risk_parity__sample_ridge,,,,,,,,,
equity_risk_parity,Equity Risk Parity,equity,risk_parity,monthly,23,2022-11-01,2021-11-01,2022-10-31,2022-11-01,252,252,50,0.03419248146596108,3.419248146596108e-05,10.0,sample_ridge,,648.5504889732105,6.021456174395363,648.5502777321982,0.003691704376822344,1.2042912228361604e-09,-0.6083168093436072,0.9320822595695339,True,0,Optimization terminated successfully,13,1,3.523227400797518e-11,0.006994821565600721,0.17925124531177633,0.03902244335002776,2.220446049250313e-16,0.0,0.00900221389689536,0.040258762375234784,0.0,0.02223534843216228,8.394316411475374e-07,1.5608798734141558,0.031217597468283117,equity_risk_parity__sample_ridge,,,,,,,,,
equity_risk_parity,Equity Risk Parity,equity,risk_parity,monthly,24,2022-12-01,2021-12-01,2022-11-30,2022-12-01,252,252,50,0.0363959144998344,3.63959144998344e-05,10.0,sample_ridge,,701.6204758532148,6.249555728017336,701.6202416455271,0.0037390460649631982,1.249911133104356e-09,-0.5492037107009324,1.012398262304997,True,0,Optimization terminated successfully,14,1,9.385837574202416e-11,0.11701749460720702,0.18609291453096433,0.6288121979396281,0.0,0.0,0.0084977482145958,0.0453836422288381,0.0,0.02252907821947902,1.3700976296746484e-06,1.4891635287564082,0.029783270575128164,equity_risk_parity__sample_ridge,,,,,,,,,
equity_risk_parity,Equity Risk Parity,equity,risk_parity,monthly,25,2023-01-03,2021-12-31,2022-12-30,2023-01-03,252,252,50,0.02294375010222846,2.2943750102228463e-05,10.0,sample_ridge,,713.826698175003,6.191813444196875,713.826459680812,0.003701297571772024,1.2383626764557482e-09,-0.6198019913959887,0.9359017507349877,True,0,Optimization terminated successfully,13,1,3.0187411979907433e-10,0.01839536423073164,0.18781685821146474,0.097943094171132,0.0,0.0,0.00850695154229828,0.042813286356624514,0.0,0.022427075903509727,2.457128892830067e-06,1.4473344752433017,0.028946689504866036,equity_risk_parity__sample_ridge,,,,,,,,,
equity_risk_parity,Equity Risk Parity,equity,risk_parity,monthly,26,2023-02-01,2022-01-31,2023-01-31,2023-02-01,252,252,50,0.031579002719926835,3.157900271992683e-05,10.0,sample_ridge,,662.3867216688445,6.113900152339298,662.3865223016511,0.0040564871675980345,1.2227800182400594e-09,-0.4107847709334955,0.6931753816190576,True,0,Optimization terminated successfully,13,1,3.021561662057799e-10,0.08988126174795529,0.19012295103255797,0.4727533486084139,0.0,0.0,0.008506520467415648,0.04196867392287925,0.0,0.022357527993741924,2.4582764946431944e-06,1.4453802360862105,0.028907604721724208,equity_risk_parity__sample_ridge,,,,,,,,,
equity_risk_parity,Equity Risk Parity,equity,risk_parity,monthly,27,2023-03-01,2022-02-28,2023-02-28,2023-03-01,252,252,50,0.017350523470016407,1.7350523470016406e-05,10.0,sample_ridge,,719.7933267404047,5.967437912963498,719.7930902798075,0.0036279655641383046,1.193487570657824e-09,-0.5300802301245598,0.560747599864184,True,0,Optimization terminated successfully,13,1,3.420504306938797e-10,0.03255741115487075,0.18838805001575107,0.17282099980412044,0.0,0.0,0.008744281914259322,0.0426212726338563,0.0,0.02237126569737112,2.6155321855940225e-06,1.431349218842055,0.028626984376841098,equity_risk_parity__sample_ridge,,,,,,,,,
equity_risk_parity,Equity Risk Parity,equity,risk_parity,monthly,28,2023-04-03,2022-03-31,2023-03-31,2023-04-03,252,252,50,0.02354418643441827,2.354418643441827e-05,10.0,sample_ridge,,710.8831318567082,5.790126282013423,710.8829062608362,0.003643961078279024,1.1580252448224324e-09,-0.3738643148089632,0.4041887312530835,True,0,Optimization terminated successfully,13,1,1.5521632052994963e-10,0.0021670456733995135,0.19056564167163204,0.011371649445253089,1.1102230246251565e-16,0.0,0.009202457780031606,0.0423620184127443,0.0,0.02234078816525508,1.7619098758443486e-06,1.347194976926599,0.02694389953853198,equity_risk_parity__sample_ridge,,,,,,,,,
equity_risk_parity,Equity Risk Parity,equity,risk_parity,monthly,29,2023-05-01,2022-04-28,2023-04-28,2023-05-01,252,252,50,0.021045635620218876,2.1045635620218876e-05,10.0,sample_ridge,,714.6541261906061,5.642257477505018,714.6538978489344,0.003526837894209986,1.1284514842164888e-09,-0.3388991365636248,0.5858993506629674,True,0,Optimization terminated successfully,13,1,1.3621893399781308e-10,0.058307321600264014,0.1889045344775776,0.3086602540352726,0.0,0.0,0.009366668930414615,0.04208591863908298,0.0,0.022339735074719785,1.6505691987785825e-06,1.3413501925557192,0.026827003851114382,equity_risk_parity__sample_ridge,,,,,,,,,
equity_risk_parity,Equity Risk Parity,equity,risk_parity,monthly,30,2023-06-01,2022-05-31,2023-05-31,2023-06-01,252,252,50,0.027017805844683135,2.7017805844683137e-05,10.0,sample_ridge,,609.9355530399164,5.250113564529966,609.9353742650943,0.003576544792009096,1.0500227024057662e-09,-0.45545680673063427,0.8770008312109273,True,0,Optimization terminated successfully,12,1,2.0097196715136517e-10,-0.021026189210367776,0.17806346538635287,-0.11808255649044143,0.0,0.0,0.009990751999211253,0.0424954583320821,0.0,0.022139519328432045,2.0048539455601126e-06,1.3561502178388367,0.027123004356776736,equity_risk_parity__sample_ridge,,,,,,,,,
equity_risk_parity,Equity Risk Parity,equity,risk_parity,monthly,31,2023-07-03,2022-06-30,2023-06-30,2023-07-03,252,252,50,0.02736855180111935,2.736855180111935e-05,10.0,sample_ridge,,550.9166650782894,4.883298319330571,550.9165099528301,0.0034622390671748856,9.766596540995178e-10,-0.34636314378090993,1.1699565688763638,True,0,Optimization terminated successfully,13,1,1.2680762082608692e-10,0.11217807416937238,0.16608609452427017,0.6754212295176812,2.220446049250313e-16,0.0,0.010598117749631184,0.046881018492896775,0.0,0.02235167743425208,1.5925301932843076e-06,1.442575723589922,0.02885151447179844,equity_risk_parity__sample_ridge,,,,,,,,,
equity_risk_parity,Equity Risk Parity,equity,risk_parity,monthly,32,2023-08-01,2022-07-29,2023-07-31,2023-08-01,252,252,50,0.02315070348936903,2.315070348936903e-05,10.0,sample_ridge,,534.1663366335997,4.728660289016061,534.166189472076,0.0034263881123364247,9.45732048345892e-10,-0.4257137157133368,1.1159951693564845,True,0,Optimization terminated successfully,13,1,9.944958765801726e-11,0.10849463829644028,0.1635722483160962,0.6632826742515585,0.0,0.0,0.010729854222670133,0.046033494600211965,0.0,0.022294065581744654,1.4103161890728e-06,1.4235845622291226,0.028471691244582452,equity_risk_parity__sample_ridge,,,,,,,,,
equity_risk_parity,Equity Risk Parity,equity,risk_parity,monthly,33,2023-09-01,2022-08-31,2023-08-31,2023-09-01,252,252,50,0.02064283780188291,2.0642837801882913e-05,10.0,sample_ridge,,472.5729167969818,4.546920102129455,472.5728005934037,0.003690427440758401,9.093840113320509e-10,-0.43813560969970056,1.3175303418143658,True,0,Optimization terminated successfully,13,1,7.381133172201573e-11,0.09538117201601276,0.1605181312960105,0.5942080888053757,1.1102230246251565e-16,0.0,0.01129106546134937,0.04486765254056218,0.0,0.0222160170547534,1.2150006726088665e-06,1.4487723116684037,0.028975446233368073,equity_risk_parity__sample_ridge,,,,,,,,,
equity_risk_parity,Equity Risk Parity,equity,risk_parity,monthly,34,2023-10-02,2022-09-29,2023-09-29,2023-10-02,252,252,50,0.017631893047495472,1.7631893047495472e-05,10.0,sample_ridge,,412.37630849746233,4.283792021962718,412.3762148537553,0.0037637350854721166,8.567583958249595e-10,-0.43345810393913387,1.3764609828460026,True,0,Optimization terminated successfully,13,1,7.569728422642096e-11,0.1416974489394809,0.15034743841066156,0.9424666654608779,0.0,0.0,0.011229370809788614,0.043816886686313665,0.0,0.022246736653925344,1.2304250015861335e-06,1.5190926510052511,0.030381853020105022,equity_risk_parity__sample_ridge,,,,,,,,,
equity_risk_parity,Equity Risk Parity,equity,risk_parity,monthly,35,2023-11-01,2022-10-31,2023-10-31,2023-11-01,252,252,50,0.027165828123842398,2.7165828123842397e-05,10.0,sample_ridge,,341.8132021752741,3.9744385443219157,341.81313105563646,0.0038091901796157373,7.948877009155061e-10,-0.4631479082031792,1.221485025665576,True,0,Optimization terminated successfully,13,1,1.311390979529444e-10,0.03799902614182623,0.13398173083492623,0.2836134889811461,0.0,0.0,0.011550337978862263,0.04646138895302885,0.0,0.02265721128547571,1.6195005276500353e-06,1.7010364353541298,0.034020728707082594,equity_risk_parity__sample_ridge,,,,,,,,,
equity_risk_parity,Equity Risk Parity,equity,risk_parity,monthly,36,2023-12-01,2022-11-30,2023-11-30,2023-12-01,252,252,50,0.041321252864987945,4.132125286498795e-05,10.0,sample_ridge,,285.308117152311,3.6801088767873025,285.3080632813413,0.003884410488093493,7.360217679972428e-10,-0.2766021355118453,1.2222043695132911,True,0,Optimization terminated successfully,12,1,2.3961463076034603e-10,0.07501850631468766,0.12614300935228173,0.5947099779836567,0.0,0.0,0.010279658889230266,0.04158322045003295,0.0,0.022440108834337894,2.189130561480178e-06,1.652961359825875,0.0330592271965175,equity_risk_parity__sample_ridge,,,,,,,,,
