fund_id,fund_name,asset_family,method,rebalance_schedule,rebalance_number,rebalance_date,estimation_start,estimation_end,first_held_return_date,estimation_observations,annualization_days,eligible_asset_count,turnover,transaction_cost,transaction_cost_bps,covariance_estimator,covariance_shrinkage,sample_covariance_condition_number,covariance_trace,covariance_condition_number,covariance_minimum_eigenvalue,covariance_ridge_added,expected_return_min,expected_return_max,solver_success,solver_status,solver_message,solver_iterations,valid_start_count,objective_value,expected_portfolio_return,expected_portfolio_volatility,expected_sharpe,weight_sum_residual,maximum_bound_residual,minimum_weight,maximum_weight,crypto_sleeve_weight,weight_hhi,risk_contribution_dispersion,effective_number_of_bets,effective_bet_ratio,cluster_count,minimum_linkage_distance,maximum_linkage_distance,constraint_projection_applied,projection_l1_distance,raw_maximum_weight,raw_weight_hhi,raw_crypto_sleeve_weight,ordered_asset_signature
combined_equal_weight,Combined Equal Weight,combined,equal_weight,monthly,1,2021-01-04,2020-01-03,2020-12-31,2021-01-04,252,252,60,1.0,0.001,10.0,sample_ridge,,1033.4140189789068,21.157579991903326,1033.413620149154,0.009128114582134406,3.526263296721254e-09,-0.3492732395247833,1.982593873089236,True,0,closed-form feasible equal weight,0,1,0.13947669063937518,0.4087455838413186,0.3734657824210609,1.0944659539932946,0.0,0.0,0.016666666666666666,0.016666666666666666,0.16666666666666666,0.01666666666666666,0.005438008511426676,1.1542675719684046,0.019237792866140076,,,,,,,,,
combined_equal_weight,Combined Equal Weight,combined,equal_weight,monthly,2,2021-02-01,2020-01-31,2021-01-29,2021-02-01,252,252,60,0.045735461348319406,4.5735461348319405e-05,10.0,sample_ridge,,1091.1159806064534,22.44822153978953,1091.1155307785195,0.00906686119653018,3.741370219217885e-09,-0.23740683868214907,2.7597000301127537,True,0,closed-form feasible equal weight,0,1,0.14375175620460737,0.34577721410022133,0.3791460882095546,0.9119894015868357,0.0,0.0,0.016666666666666666,0.016666666666666666,0.16666666666666666,0.01666666666666666,0.005730675977641173,1.2098832495385858,0.020164720825643096,,,,,,,,,
combined_equal_weight,Combined Equal Weight,combined,equal_weight,monthly,3,2021-03-01,2020-02-28,2021-02-26,2021-03-01,252,252,60,0.06775775218129503,6.775775218129503e-05,10.0,sample_ridge,,1144.0404576090773,23.014831526063983,1144.0399490852305,0.008621976286872026,3.835805215985945e-09,-0.09602128620994455,2.9761046427603395,True,0,closed-form feasible equal weight,0,1,0.14134002884932098,0.5236674698615097,0.3759521629799741,1.392909847121704,0.0,0.0,0.016666666666666666,0.016666666666666666,0.16666666666666666,0.01666666666666666,0.005947031108214809,1.2576226458702595,0.020960377431170994,,,,,,,,,
combined_equal_weight,Combined Equal Weight,combined,equal_weight,monthly,4,2021-04-01,2020-04-01,2021-03-31,2021-04-01,252,252,60,0.035092601088789165,3.5092601088789164e-05,10.0,sample_ridge,,662.0121449886715,15.539452910196802,662.0119356502846,0.008177961042976675,2.5899087924670455e-09,-0.060127039234835644,2.867691654241286,True,0,closed-form feasible equal weight,0,1,0.06027278732975956,0.6824021455820471,0.2455051676233304,2.7795836323454983,0.0,0.0,0.016666666666666666,0.016666666666666666,0.16666666666666666,0.01666666666666666,0.009097221279991215,2.1176283514908403,0.03529380585818067,,,,,,,,,
combined_equal_weight,Combined Equal Weight,combined,equal_weight,monthly,5,2021-05-03,2020-05-01,2021-04-30,2021-05-03,252,252,60,0.0747582408704302,7.47582408704302e-05,10.0,sample_ridge,,797.3613484584146,15.299208835217478,797.3610584587759,0.00700213425586742,2.5498681137042323e-09,-0.2081438801394524,2.7040908911882555,True,0,closed-form feasible equal weight,0,1,0.04691534192962925,0.6418908399165407,0.21659949660520741,2.9634918362091365,0.0,0.0,0.016666666666666666,0.016666666666666666,0.16666666666666666,0.01666666666666666,0.012075914822152803,2.6268972610623127,0.04378162101770521,,,,,,,,,
combined_equal_weight,Combined Equal Weight,combined,equal_weight,monthly,6,2021-06-01,2020-06-01,2021-05-28,2021-06-01,252,252,60,0.04172174268939161,4.172174268939161e-05,10.0,sample_ridge,,1412.0342280329962,19.13689618527403,1412.0335165734627,0.0063256854156733084,3.1894826656508454e-09,-0.09446757920356907,2.5441974199957964,True,0,closed-form feasible equal weight,0,1,0.054911372852047,0.6315748521685739,0.2343317580953273,2.695216633469059,0.0,0.0,0.016666666666666666,0.016666666666666666,0.16666666666666666,0.01666666666666666,0.017023708970987515,2.3884601601377455,0.03980766933562909,,,,,,,,,
combined_equal_weight,Combined Equal Weight,combined,equal_weight,monthly,7,2021-07-01,2020-07-01,2021-06-30,2021-07-01,252,252,60,0.0490397425935241,4.90397425935241e-05,10.0,sample_ridge,,1689.7173417506071,19.25250895118555,1689.7163954840023,0.005726371633277819,3.2087514597767435e-09,-0.04517062980827402,2.4942228399591873,True,0,closed-form feasible equal weight,0,1,0.04845560896377605,0.5727946298940476,0.22012634772733602,2.6021175375314516,0.0,0.0,0.016666666666666666,0.016666666666666666,0.16666666666666666,0.01666666666666666,0.020648302039588357,2.493565742664226,0.04155942904440377,,,,,,,,,
combined_equal_weight,Combined Equal Weight,combined,equal_weight,monthly,8,2021-08-02,2020-07-31,2021-07-30,2021-08-02,252,252,60,0.02445178467116293,2.4451784671162932e-05,10.0,sample_ridge,,1995.455148305402,19.050136395589725,1995.4538598721672,0.004914837793726759,3.1750227008480616e-09,-0.03111480254552568,2.133926362043439,True,0,closed-form feasible equal weight,0,1,0.048872928745402944,0.5152278379863928,0.22107222517856678,2.330586022600657,0.0,0.0,0.016666666666666666,0.016666666666666666,0.16666666666666666,0.01666666666666666,0.020900695406366552,2.486911461237,0.041448524353949995,,,,,,,,,
combined_equal_weight,Combined Equal Weight,combined,equal_weight,monthly,9,2021-09-01,2020-09-01,2021-08-31,2021-09-01,252,252,60,0.0406094633306259,4.0609463330625904e-05,10.0,sample_ridge,,2130.423351434478,19.19628066223325,2130.421906888042,0.004716244829139146,3.1993800783784072e-09,-0.07863987065770972,2.5355819840145335,True,0,closed-form feasible equal weight,0,1,0.04942242897644956,0.5494397006094903,0.22231155835099883,2.471485084648644,0.0,0.0,0.016666666666666666,0.016666666666666666,0.16666666666666666,0.01666666666666666,0.021210659426502246,2.4955679263221535,0.041592798772035894,,,,,,,,,
combined_equal_weight,Combined Equal Weight,combined,equal_weight,monthly,10,2021-10-01,2020-10-01,2021-09-30,2021-10-01,252,252,60,0.0342957246988343,3.4295724698834304e-05,10.0,sample_ridge,,2463.798347830006,19.277343381734276,2463.7964940943734,0.004268516662541306,3.2128905314934743e-09,-0.12416434745014902,2.3815964347981127,True,0,closed-form feasible equal weight,0,1,0.04941568984099065,0.5005130098209993,0.22229640087277763,2.251556965636379,0.0,0.0,0.016666666666666666,0.016666666666666666,0.16666666666666666,0.01666666666666666,0.022506711925243755,2.382942722196492,0.039715712036608196,,,,,,,,,
combined_equal_weight,Combined Equal Weight,combined,equal_weight,monthly,11,2021-11-01,2020-10-30,2021-10-29,2021-11-01,252,252,60,0.03517030755448466,3.517030755448466e-05,10.0,sample_ridge,,2619.1187078079533,19.338376758386744,2619.1166455316716,0.0040917703255054574,3.2230627608338288e-09,-0.03804484144889364,2.5476784819297986,True,0,closed-form feasible equal weight,0,1,0.049223240498942146,0.5936939028776061,0.2218631120735084,2.675946881520807,0.0,0.0,0.016666666666666666,0.016666666666666666,0.16666666666666666,0.01666666666666666,0.02335679966320371,2.3049560884469886,0.03841593480744981,,,,,,,,,
combined_equal_weight,Combined Equal Weight,combined,equal_weight,monthly,12,2021-12-01,2020-12-01,2021-11-30,2021-12-01,252,252,60,0.03591605717422465,3.591605717422465e-05,10.0,sample_ridge,,2669.719085657815,18.426989818738598,2669.717009456781,0.003947631431548849,3.0711649390781164e-09,-0.17349452421536093,1.9218005257051143,True,0,closed-form feasible equal weight,0,1,0.047228973678713884,0.3673439879529293,0.21732228067714063,1.690319035896115,0.0,0.0,0.016666666666666666,0.016666666666666666,0.16666666666666666,0.01666666666666666,0.024008259205302248,2.1948815634778254,0.03658135939129709,,,,,,,,,
combined_equal_weight,Combined Equal Weight,combined,equal_weight,monthly,13,2022-01-03,2021-01-04,2021-12-31,2022-01-03,252,252,60,0.039135077956303894,3.91350779563039e-05,10.0,sample_ridge,,2666.6247079653226,17.698271806197972,2666.622618322197,0.003762759745499404,2.949711938202543e-09,-0.12605950714046,1.882587306240429,True,0,closed-form feasible equal weight,0,1,0.04792618086046575,0.388924058332598,0.21892048981414633,1.7765539382027562,0.0,0.0,0.016666666666666666,0.016666666666666666,0.16666666666666666,0.01666666666666666,0.022901891848586937,2.205054582040379,0.03675090970067298,,,,,,,,,
combined_equal_weight,Combined Equal Weight,combined,equal_weight,monthly,14,2022-02-01,2021-02-02,2022-01-31,2022-02-01,252,252,60,0.05460812741029577,5.460812741029577e-05,10.0,sample_ridge,,2851.3428451164423,16.249425250724453,2851.3405090359306,0.0033044261135941736,2.7082375147050344e-09,-0.26246068625737806,1.7523508442205948,True,0,closed-form feasible equal weight,0,1,0.04532210707194371,0.30350661054706035,0.21288989424569618,1.4256506238703066,0.0,0.0,0.016666666666666666,0.016666666666666666,0.16666666666666666,0.01666666666666666,0.02269920924632607,2.0338016515310295,0.03389669419218382,,,,,,,,,
combined_equal_weight,Combined Equal Weight,combined,equal_weight,monthly,15,2022-03-01,2021-03-02,2022-02-28,2022-03-01,252,252,60,0.04159250723406858,4.159250723406858e-05,10.0,sample_ridge,,2501.83520665403,15.6446971387369,2501.8334143156535,0.0036381531451726568,2.6074494970483213e-09,-0.46865655744791945,1.8126264661629579,True,0,closed-form feasible equal weight,0,1,0.044540062437193245,0.22017829465067948,0.21104516681789529,1.0432757024029122,0.0,0.0,0.016666666666666666,0.016666666666666666,0.16666666666666666,0.01666666666666666,0.022248004665788055,1.9543636324469331,0.03257272720744889,,,,,,,,,
combined_equal_weight,Combined Equal Weight,combined,equal_weight,monthly,16,2022-04-01,2021-04-05,2022-03-31,2022-04-01,252,252,60,0.032976019303242364,3.2976019303242365e-05,10.0,sample_ridge,,2657.789451460922,15.508194418583997,2657.7874311998767,0.003399066256181919,2.5846990439170094e-09,-0.30439771676211014,1.885652709704718,True,0,closed-form feasible equal weight,0,1,0.04515093048811291,0.20099110430361436,0.2124874831328022,0.945896206874441,0.0,0.0,0.016666666666666666,0.016666666666666666,0.16666666666666666,0.01666666666666666,0.021768171336412803,1.9242809699990004,0.03207134949998334,,,,,,,,,
combined_equal_weight,Combined Equal Weight,combined,equal_weight,monthly,17,2022-05-02,2021-05-03,2022-04-29,2022-05-02,252,252,60,0.044807458371089945,4.4807458371089945e-05,10.0,sample_ridge,,2268.0720529882974,14.616939598090791,2268.0705823024423,0.003755351568541809,2.4361565753202328e-09,-0.8113680578388313,0.9388799704010586,True,0,closed-form feasible equal weight,0,1,0.046845032449419934,0.008420867834780056,0.21643713278783733,0.03890676117500881,0.0,0.0,0.016666666666666666,0.016666666666666666,0.16666666666666666,0.01666666666666666,0.019986716880743535,1.8776285610279984,0.03129380935046664,,,,,,,,,
combined_equal_weight,Combined Equal Weight,combined,equal_weight,monthly,18,2022-06-01,2021-06-02,2022-05-31,2022-06-01,252,252,60,0.0668727761648294,6.68727761648294e-05,10.0,sample_ridge,,1749.1178335346817,11.427291522924937,1749.1168499859352,0.0033850638542445763,1.9045485681086706e-09,-1.3313647804876834,1.0545687899640876,True,0,closed-form feasible equal weight,0,1,0.04376292745710959,-0.07878335583043075,0.20919590688421605,-0.37660084752057355,0.0,0.0,0.016666666666666666,0.016666666666666666,0.16666666666666666,0.01666666666666666,0.015293302989132692,1.8664093792941499,0.03110682298823583,,,,,,,,,
combined_equal_weight,Combined Equal Weight,combined,equal_weight,monthly,19,2022-07-01,2021-07-01,2022-06-30,2022-07-01,252,252,60,0.043922040067420676,4.392204006742068e-05,10.0,sample_ridge,,1728.2907180182563,11.39417321293967,1728.2897413627395,0.00335857919415917,1.8990288498329904e-09,-1.3731545680323536,0.8011361548468544,True,0,closed-form feasible equal weight,0,1,0.05058144072683346,-0.16304415857988583,0.22490318078416202,-0.7249526574564463,0.0,0.0,0.016666666666666666,0.016666666666666666,0.16666666666666666,0.01666666666666666,0.013474576411821282,1.6839902149736896,0.028066503582894826,,,,,,,,,
combined_equal_weight,Combined Equal Weight,combined,equal_weight,monthly,20,2022-08-01,2021-07-30,2022-07-29,2022-08-01,252,252,60,0.03801935484948641,3.8019354849486414e-05,10.0,sample_ridge,,1745.9284225597828,11.969160269844172,1745.9274188145564,0.003467899877531967,1.9948600250254287e-09,-1.124999905167706,1.0610827829850287,True,0,closed-form feasible equal weight,0,1,0.05206780093957186,-0.07652030720908783,0.22818369998659382,-0.3353451943043413,0.0,0.0,0.016666666666666666,0.016666666666666666,0.16666666666666666,0.01666666666666666,0.01358909241746253,1.7123878384233944,0.028539797307056573,,,,,,,,,
combined_equal_weight,Combined Equal Weight,combined,equal_weight,monthly,21,2022-09-01,2021-09-01,2022-08-31,2022-09-01,252,252,60,0.026334939747044633,2.6334939747044632e-05,10.0,sample_ridge,,1737.9831184875734,11.88356948842717,1737.9821098442574,0.0034107794427566457,1.9805948949319128e-09,-1.791651518649385,1.1828191271343909,True,0,closed-form feasible equal weight,0,1,0.05329899642818793,-0.1746957825037771,0.230865754126046,-0.7566985548163989,0.0,0.0,0.016666666666666666,0.016666666666666666,0.16666666666666666,0.01666666666666666,0.01301130099365458,1.6882245868769243,0.028137076447948738,,,,,,,,,
combined_equal_weight,Combined Equal Weight,combined,equal_weight,monthly,22,2022-10-03,2021-10-01,2022-09-30,2022-10-03,252,252,60,0.03977352362301022,3.977352362301022e-05,10.0,sample_ridge,,1698.881325240989,11.7416379889912,1698.8803108499346,0.0032755131851599957,1.9569396452624707e-09,-1.6131078797075316,0.8913308032260187,True,0,closed-form feasible equal weight,0,1,0.05451406967417595,-0.18968847566848182,0.2334824825852594,-0.8124312949225835,0.0,0.0,0.016666666666666666,0.016666666666666666,0.16666666666666666,0.01666666666666666,0.01166191419042095,1.6724757672890516,0.027874596121484192,,,,,,,,,
combined_equal_weight,Combined Equal Weight,combined,equal_weight,monthly,23,2022-11-01,2021-11-01,2022-10-31,2022-11-01,252,252,60,0.03886837796847359,3.886837796847359e-05,10.0,sample_ridge,,1529.693039460691,11.868531637254668,1529.6921907522328,0.003562931697367819,1.9780885864282257e-09,-1.7028483801535979,0.9320822595695339,True,0,closed-form feasible equal weight,0,1,0.05727614083387424,-0.17608928802976362,0.23932434233456953,-0.7357767551434243,0.0,0.0,0.016666666666666666,0.016666666666666666,0.16666666666666666,0.01666666666666666,0.010487691555047331,1.661555253797749,0.027692587563295814,,,,,,,,,
combined_equal_weight,Combined Equal Weight,combined,equal_weight,monthly,24,2022-12-01,2021-12-01,2022-11-30,2022-12-01,252,252,60,0.03433475283210965,3.433475283210965e-05,10.0,sample_ridge,,1741.480456821167,12.511759456409925,1741.479417358475,0.003491623258897,2.0852932218820557e-09,-1.4992075946870713,1.012398262304997,True,0,closed-form feasible equal weight,0,1,0.06434606938062577,-0.06307563411590826,0.25366527034780656,-0.24865695658465087,0.0,0.0,0.016666666666666666,0.016666666666666666,0.16666666666666666,0.01666666666666666,0.010634419845320651,1.5794925292146031,0.02632487548691005,,,,,,,,,
combined_equal_weight,Combined Equal Weight,combined,equal_weight,monthly,25,2023-01-03,2021-12-31,2022-12-30,2023-01-03,252,252,60,0.028707181493547004,2.8707181493547003e-05,10.0,sample_ridge,,1687.722226352582,12.204746130223773,1687.7212445509294,0.00349459862260238,2.034124334696052e-09,-1.6878110548244987,0.9359017507349877,True,0,closed-form feasible equal weight,0,1,0.06402786236060204,-0.14080768037826807,0.25303727464664577,-0.556470111270757,0.0,0.0,0.016666666666666666,0.016666666666666666,0.16666666666666666,0.01666666666666666,0.010297255774744678,1.5542736875771517,0.025904561459619193,,,,,,,,,
combined_equal_weight,Combined Equal Weight,combined,equal_weight,monthly,26,2023-02-01,2022-01-31,2023-01-31,2023-02-01,252,252,60,0.0365089925975199,3.65089925975199e-05,10.0,sample_ridge,,1534.2633133226127,12.050344039961132,1534.2625053683762,0.0038113442206849446,2.0083906532429493e-09,-0.9061169181647154,0.6931753816190576,True,0,closed-form feasible equal weight,0,1,0.06455188851345328,0.027961827409197434,0.2540706368580464,0.11005532852983789,0.0,0.0,0.016666666666666666,0.016666666666666666,0.16666666666666666,0.01666666666666666,0.010097545983509341,1.5351943966887922,0.02558657327814654,,,,,,,,,
combined_equal_weight,Combined Equal Weight,combined,equal_weight,monthly,27,2023-03-01,2022-02-28,2023-02-28,2023-03-01,252,252,60,0.021301805022005103,2.1301805022005103e-05,10.0,sample_ridge,,1718.4039056567437,11.707887040687611,1718.4028867774784,0.003289099358970045,1.9513144872681243e-09,-1.0331553358389942,0.560747599864184,True,0,closed-form feasible equal weight,0,1,0.0628561935734694,-0.04261142615761312,0.2507113750380493,-0.16996207751302142,0.0,0.0,0.016666666666666666,0.016666666666666666,0.16666666666666666,0.01666666666666666,0.009970872716136218,1.530523118620399,0.025508718643673316,,,,,,,,,
combined_equal_weight,Combined Equal Weight,combined,equal_weight,monthly,28,2023-04-03,2022-03-31,2023-03-31,2023-04-03,252,252,60,0.034689380461221817,3.468938046122182e-05,10.0,sample_ridge,,1617.68167209737,11.569485901906852,1617.680774762569,0.0034740239466297144,1.928247631035332e-09,-1.1728849366405165,0.4041887312530835,True,0,closed-form feasible equal weight,0,1,0.06345480602008674,-0.09517614948509551,0.25190237398660364,-0.37782950584720193,0.0,0.0,0.016666666666666666,0.016666666666666666,0.16666666666666666,0.01666666666666666,0.009712235045076366,1.511487739865012,0.025191462331083533,,,,,,,,,
combined_equal_weight,Combined Equal Weight,combined,equal_weight,monthly,29,2023-05-01,2022-04-28,2023-04-28,2023-05-01,252,252,60,0.02171490049579819,2.171490049579819e-05,10.0,sample_ridge,,1653.5205264697008,11.166942179208714,1653.5195744327805,0.0032305471431908575,1.8611570112565487e-09,-0.8606587353755566,0.5858993506629674,True,0,closed-form feasible equal weight,0,1,0.06111717819344212,-0.006742602797912415,0.24721888721018487,-0.027273817441706514,0.0,0.0,0.016666666666666666,0.016666666666666666,0.16666666666666666,0.01666666666666666,0.009457736765088145,1.5223594498912023,0.025372657498186704,,,,,,,,,
combined_equal_weight,Combined Equal Weight,combined,equal_weight,monthly,30,2023-06-01,2022-05-31,2023-05-31,2023-06-01,252,252,60,0.03112569102895793,3.112569102895793e-05,10.0,sample_ridge,,1381.8653047969065,9.835175172956511,1381.864585035373,0.003144803621440402,1.63919584576746e-09,-0.45545680673063427,0.9143758820515224,True,0,closed-form feasible equal weight,0,1,0.05120747309370734,-0.0010359782246258716,0.22629068273728667,-0.0045780860797905495,0.0,0.0,0.016666666666666666,0.016666666666666666,0.16666666666666666,0.01666666666666666,0.008910091340170262,1.5310806842118032,0.025518011403530053,,,,,,,,,
combined_equal_weight,Combined Equal Weight,combined,equal_weight,monthly,31,2023-07-03,2022-06-30,2023-06-30,2023-07-03,252,252,60,0.044146295743852065,4.414629574385206e-05,10.0,sample_ridge,,1200.8839779487605,9.43331720504861,1200.8833950209728,0.0032362173452965535,1.5722195184525737e-09,-0.4050686877913898,1.2823855441728425,True,0,closed-form feasible equal weight,0,1,0.043870778459518485,0.20214207096767456,0.2094535233876921,0.9650927217562998,0.0,0.0,0.016666666666666666,0.016666666666666666,0.16666666666666666,0.01666666666666666,0.009136622398739974,1.6993873452051995,0.02832312242008666,,,,,,,,,
combined_equal_weight,Combined Equal Weight,combined,equal_weight,monthly,32,2023-08-01,2022-07-29,2023-07-31,2023-08-01,252,252,60,0.030509156409318904,3.0509156409318906e-05,10.0,sample_ridge,,1224.496672314361,9.726061270141216,1224.4960377248765,0.00312532848267032,1.6210101954801005e-09,-0.4257137157133368,1.4045880045311487,True,0,closed-form feasible equal weight,0,1,0.04274621331432648,0.17566290110805977,0.20675157391015547,0.849632715175337,0.0,0.0,0.016666666666666666,0.016666666666666666,0.16666666666666666,0.01666666666666666,0.009159101748536527,1.766548964754225,0.02944248274590375,,,,,,,,,
combined_equal_weight,Combined Equal Weight,combined,equal_weight,monthly,33,2023-09-01,2022-08-31,2023-08-31,2023-09-01,252,252,60,0.032772796871600104,3.27727968716001e-05,10.0,sample_ridge,,1081.8206752221295,9.377587196601691,1081.8201815904176,0.0034220823032751913,1.562931183804303e-09,-0.43813560969970056,1.3175303418143658,True,0,closed-form feasible equal weight,0,1,0.04106212893824629,0.14249365754949828,0.20263792571541558,0.7031934276193498,0.0,0.0,0.016666666666666666,0.016666666666666666,0.16666666666666666,0.01666666666666666,0.009196075324297302,1.789606809852805,0.029826780164213418,,,,,,,,,
combined_equal_weight,Combined Equal Weight,combined,equal_weight,monthly,34,2023-10-02,2022-09-29,2023-09-29,2023-10-02,252,252,60,0.026668034707894375,2.6668034707894375e-05,10.0,sample_ridge,,972.0020640065264,8.745983435227723,972.001657314027,0.0034802575570385586,1.4576638912946484e-09,-0.43345810393913387,1.3764609828460026,True,0,closed-form feasible equal weight,0,1,0.036444358373593395,0.19122415507362667,0.19090405541421426,1.0016767567284932,0.0,0.0,0.016666666666666666,0.016666666666666666,0.16666666666666666,0.01666666666666666,0.009520441045114519,1.8378184492840144,0.030630307488066905,,,,,,,,,
combined_equal_weight,Combined Equal Weight,combined,equal_weight,monthly,35,2023-11-01,2022-10-31,2023-10-31,2023-11-01,252,252,60,0.023323841287453025,2.3323841287453025e-05,10.0,sample_ridge,,940.1629121255501,8.394732475838616,940.1625344027392,0.003478750874149747,1.3991220653152154e-09,-0.4631479082031792,1.221485025665576,True,0,closed-form feasible equal weight,0,1,0.032195379807810905,0.10536349912016445,0.1794307103252141,0.5872099537988535,0.0,0.0,0.016666666666666666,0.016666666666666666,0.16666666666666666,0.01666666666666666,0.010867964628053813,1.9196803159550682,0.03199467193258447,,,,,,,,,
combined_equal_weight,Combined Equal Weight,combined,equal_weight,monthly,36,2023-12-01,2022-11-30,2023-11-30,2023-12-01,252,252,60,0.03278607923840183,3.278607923840183e-05,10.0,sample_ridge,,718.9238616587598,7.481652148752392,718.9236053277319,0.0034923959148081317,1.2469420123226453e-09,-0.2766021355118453,1.2222043695132911,True,0,closed-form feasible equal weight,0,1,0.024820418096268237,0.13562861871764512,0.15754497166291356,0.8608882739072046,0.0,0.0,0.016666666666666666,0.016666666666666666,0.16666666666666666,0.01666666666666666,0.009756947970033765,2.1214562748040398,0.03535760458006733,,,,,,,,,
combined_hierarchical_risk_parity,Combined Hierarchical Risk Parity,combined,hierarchical_risk_parity,monthly,1,2021-01-04,2020-01-03,2020-12-31,2021-01-04,252,252,60,1.0,0.001,10.0,sample_ridge,,1033.4140189789068,21.157579991903326,1033.413620149154,0.009128114582134406,3.526263296721254e-09,-0.3492732395247833,1.982593873089236,True,0,standard single-linkage HRP; raw weights feasible,0,1,0.0934946459045655,0.3068681024357626,0.30576894202087546,1.0035947418584197,0.0,0.0,0.002625785491645976,0.06491725515357627,0.05248320522649656,0.026377484992605872,0.008703773033317977,1.8892407930725819,0.031487346551209695,60.0,0.20357057686236818,0.5526588311032098,False,0.0,0.06491725515357627,0.026377484992605872,0.05248320522649656,NEM|TRX-USD|XLM-USD|XRP-USD|ADA-USD|ETC-USD|BTC-USD|BCH-USD|EOS-USD|ETH-USD|LTC-USD|GILD|WMT|UPS|TMUS|EA|TTWO|INTC|AMGN|ABT|PSA|O|BA|GE|DIS|SHW|NKE|PLD|AMT|CCI|CMCSA|NEE|AEP|D|DUK|SO|MMM|DD|OXY|XOM|SLB|COP|CVX|CAT|DOW|SBUX|V|NUE|GS|MS|USB|WFC|KO|T|QCOM|AMD|ADBE|NVDA|ABBV|MRK
combined_hierarchical_risk_parity,Combined Hierarchical Risk Parity,combined,hierarchical_risk_parity,monthly,2,2021-02-01,2020-01-31,2021-01-29,2021-02-01,252,252,60,0.06990052787710806,6.990052787710806e-05,10.0,sample_ridge,,1091.1159806064534,22.44822153978953,1091.1155307785195,0.00906686119653018,3.741370219217885e-09,-0.23740683868214907,2.7597000301127537,True,0,standard single-linkage HRP; raw weights feasible,0,1,0.09592573369363142,0.2744106710438057,0.3097187977724817,0.8859994066145988,2.220446049250313e-16,0.0,0.002452237472976626,0.06647658601569925,0.05126731240165194,0.025977359760324246,0.00828806261545946,2.074332799497955,0.03457221332496592,60.0,0.20151596682824577,0.5571492583585446,False,0.0,0.06647658601569925,0.025977359760324246,0.05126731240165194,NEM|XLM-USD|TRX-USD|XRP-USD|ADA-USD|BTC-USD|ETC-USD|ETH-USD|LTC-USD|BCH-USD|EOS-USD|GILD|WMT|UPS|TMUS|EA|TTWO|INTC|AMGN|ABT|QCOM|ADBE|AMD|NVDA|PSA|O|CMCSA|DIS|BA|PLD|AMT|CCI|MMM|SHW|GE|NKE|NEE|AEP|D|DUK|SO|KO|SBUX|V|T|CAT|DOW|OXY|XOM|SLB|COP|CVX|GS|MS|USB|WFC|DD|NUE|ABBV|MRK
combined_hierarchical_risk_parity,Combined Hierarchical Risk Parity,combined,hierarchical_risk_parity,monthly,3,2021-03-01,2020-02-28,2021-02-26,2021-03-01,252,252,60,0.07889650039491784,7.889650039491784e-05,10.0,sample_ridge,,1144.0404576090773,23.014831526063983,1144.0399490852305,0.008621976286872026,3.835805215985945e-09,-0.09602128620994455,2.9761046427603395,True,0,standard single-linkage HRP; raw weights feasible,0,1,0.09210784133774047,0.34419670080627424,0.30349273687806844,1.1341184120151089,2.220446049250313e-16,0.0,0.0023619864925610587,0.062439685698324664,0.04690734972823439,0.02639552091662232,0.008489523704499066,2.263931998998815,0.037732199983313584,60.0,0.19993280980246766,0.5619880299300772,False,0.0,0.062439685698324664,0.02639552091662232,0.04690734972823439,NEM|XLM-USD|XRP-USD|ADA-USD|TRX-USD|BTC-USD|ETC-USD|ETH-USD|LTC-USD|BCH-USD|EOS-USD|GILD|WMT|UPS|INTC|EA|TTWO|AMGN|ABT|ABBV|MRK|PSA|MMM|CMCSA|DIS|O|NKE|SHW|BA|PLD|AMT|CCI|GE|NEE|AEP|D|DUK|SO|KO|DD|SBUX|V|T|CAT|DOW|NUE|GS|MS|USB|WFC|OXY|XOM|SLB|COP|CVX|TMUS|QCOM|AMD|ADBE|NVDA
combined_hierarchical_risk_parity,Combined Hierarchical Risk Parity,combined,hierarchical_risk_parity,monthly,4,2021-04-01,2020-04-01,2021-03-31,2021-04-01,252,252,60,0.1319999326949667,0.00013199993269496672,10.0,sample_ridge,,662.0121449886715,15.539452910196802,662.0119356502846,0.008177961042976675,2.5899087924670455e-09,-0.060127039234835644,2.867691654241286,True,0,standard single-linkage HRP; raw weights feasible,0,1,0.03270568895380929,0.4254636840016724,0.18084714250938358,2.3526149105706575,0.0,0.0,0.002112914938226974,0.07707820592103422,0.03177910759107952,0.02914964725177282,0.01081091225952755,4.989815593113474,0.0831635932185579,60.0,0.21882854393618092,0.5978440901039667,False,0.0,0.07707820592103422,0.02914964725177282,0.03177910759107952,XRP-USD|TRX-USD|BTC-USD|ETH-USD|ETC-USD|LTC-USD|BCH-USD|EOS-USD|ADA-USD|XLM-USD|NEM|WMT|UPS|TMUS|GILD|AMGN|ABBV|MRK|ABT|INTC|EA|TTWO|QCOM|AMD|ADBE|NVDA|NKE|DIS|PSA|SHW|PLD|AMT|CCI|MMM|OXY|SLB|COP|CVX|XOM|T|USB|WFC|GS|MS|NUE|DD|CAT|DOW|BA|GE|SBUX|O|NEE|D|DUK|AEP|SO|V|CMCSA|KO
combined_hierarchical_risk_parity,Combined Hierarchical Risk Parity,combined,hierarchical_risk_parity,monthly,5,2021-05-03,2020-05-01,2021-04-30,2021-05-03,252,252,60,0.14677503941557113,0.00014677503941557112,10.0,sample_ridge,,797.3613484584146,15.299208835217478,797.3610584587759,0.00700213425586742,2.5498681137042323e-09,-0.2081438801394524,2.7040908911882555,True,0,standard single-linkage HRP; raw weights feasible,0,1,0.020499355565747567,0.3201458938049661,0.14317596015304931,2.2360310590042007,1.1102230246251565e-16,0.0,0.0009069233263127438,0.09581110702378962,0.02984801137347679,0.03297275412539297,0.011884272019722588,6.519133339223808,0.1086522223203968,60.0,0.2135245158094587,0.6098134648006001,False,0.0,0.09581110702378962,0.03297275412539297,0.02984801137347679,TRX-USD|XRP-USD|ADA-USD|XLM-USD|ETH-USD|BTC-USD|ETC-USD|EOS-USD|BCH-USD|LTC-USD|WMT|NEM|GILD|ABBV|AMGN|MRK|UPS|INTC|ABT|TMUS|QCOM|AMD|ADBE|NVDA|EA|TTWO|NKE|SHW|PSA|PLD|AMT|CCI|NEE|D|AEP|DUK|SO|DIS|MMM|T|DD|NUE|CAT|DOW|OXY|SLB|COP|CVX|XOM|GS|MS|USB|WFC|BA|GE|SBUX|V|CMCSA|KO|O
combined_hierarchical_risk_parity,Combined Hierarchical Risk Parity,combined,hierarchical_risk_parity,monthly,6,2021-06-01,2020-06-01,2021-05-28,2021-06-01,252,252,60,0.061065758597714855,6.106575859771485e-05,10.0,sample_ridge,,1412.0342280329962,19.13689618527403,1412.0335165734627,0.0063256854156733084,3.1894826656508454e-09,-0.09446757920356907,2.5441974199957964,True,0,standard single-linkage HRP; raw weights feasible,0,1,0.018319691816694645,0.2775709510057023,0.13535025606438522,2.0507604424011108,1.1102230246251565e-16,0.0,0.0007403283210371406,0.09668331910313296,0.016486753093914546,0.03312818637358205,0.012778368030325471,6.335620157761666,0.10559366929602777,60.0,0.20550462474860828,0.6122481436396198,False,0.0,0.09668331910313296,0.03312818637358205,0.016486753093914546,XRP-USD|TRX-USD|ETC-USD|BTC-USD|ETH-USD|EOS-USD|BCH-USD|LTC-USD|ADA-USD|XLM-USD|WMT|NEM|GILD|AMGN|ABBV|MRK|UPS|INTC|ABT|TMUS|NKE|QCOM|AMD|ADBE|NVDA|EA|TTWO|SHW|PSA|PLD|AMT|CCI|DIS|NEE|D|DUK|AEP|SO|CMCSA|KO|O|SBUX|V|MMM|T|GS|MS|USB|WFC|OXY|SLB|COP|CVX|XOM|DD|NUE|CAT|DOW|BA|GE
combined_hierarchical_risk_parity,Combined Hierarchical Risk Parity,combined,hierarchical_risk_parity,monthly,7,2021-07-01,2020-07-01,2021-06-30,2021-07-01,252,252,60,0.14295634550470665,0.00014295634550470665,10.0,sample_ridge,,1689.7173417506071,19.25250895118555,1689.7163954840023,0.005726371633277819,3.2087514597767435e-09,-0.04517062980827402,2.4942228399591873,True,0,standard single-linkage HRP; raw weights feasible,0,1,0.014502856186376355,0.29274872762227916,0.12042780487236474,2.4309064499892576,0.0,0.0,0.00047657661133144113,0.05876829733562518,0.010264775217572715,0.029041466387034566,0.011983936161351912,6.943340920817911,0.11572234868029851,60.0,0.21690889301915448,0.6123478669929822,False,0.0,0.05876829733562518,0.029041466387034566,0.010264775217572715,XRP-USD|TRX-USD|ETC-USD|BTC-USD|ETH-USD|EOS-USD|BCH-USD|LTC-USD|ADA-USD|XLM-USD|NEM|WMT|NKE|ABT|GILD|AMGN|ABBV|MRK|UPS|INTC|TMUS|QCOM|EA|TTWO|AMD|ADBE|NVDA|DIS|T|MMM|GE|BA|GS|MS|USB|WFC|SLB|OXY|COP|CVX|XOM|DD|CAT|DOW|NUE|NEE|D|DUK|AEP|SO|O|CMCSA|KO|SBUX|V|SHW|PSA|PLD|AMT|CCI
combined_hierarchical_risk_parity,Combined Hierarchical Risk Parity,combined,hierarchical_risk_parity,monthly,8,2021-08-02,2020-07-31,2021-07-30,2021-08-02,252,252,60,0.10275255560282508,0.00010275255560282508,10.0,sample_ridge,,1995.455148305402,19.050136395589725,1995.4538598721672,0.004914837793726759,3.1750227008480616e-09,-0.03111480254552568,2.133926362043439,True,0,standard single-linkage HRP; raw weights feasible,0,1,0.014543129086580732,0.27223048095567515,0.12059489660255418,2.257396362740522,0.0,0.0,0.00047646257392991497,0.06272588753592087,0.01040285593164052,0.027726706715498227,0.011233436622085907,7.710163240697195,0.12850272067828658,60.0,0.21953383207970645,0.609021944130951,False,0.0,0.06272588753592087,0.027726706715498227,0.01040285593164052,XRP-USD|TRX-USD|ETC-USD|BTC-USD|ETH-USD|EOS-USD|BCH-USD|LTC-USD|ADA-USD|XLM-USD|NEM|NKE|UPS|ABT|WMT|GILD|AMGN|ABBV|MRK|TMUS|INTC|DIS|T|MMM|GE|BA|SLB|OXY|COP|CVX|XOM|GS|MS|USB|WFC|DD|CAT|DOW|NUE|NEE|SO|AEP|D|DUK|O|CMCSA|SBUX|KO|V|EA|QCOM|TTWO|ADBE|AMD|NVDA|SHW|PSA|PLD|AMT|CCI
combined_hierarchical_risk_parity,Combined Hierarchical Risk Parity,combined,hierarchical_risk_parity,monthly,9,2021-09-01,2020-09-01,2021-08-31,2021-09-01,252,252,60,0.13536454233016898,0.000135364542330169,10.0,sample_ridge,,2130.423351434478,19.19628066223325,2130.421906888042,0.004716244829139146,3.1993800783784072e-09,-0.07863987065770972,2.5355819840145335,True,0,standard single-linkage HRP; raw weights feasible,0,1,0.013930286033040664,0.2426839109439953,0.11802663272770542,2.056179231206924,2.220446049250313e-16,0.0,0.000505279024383026,0.06771937833824236,0.01118719512710645,0.03014066077595916,0.01334146904015297,8.927077706984006,0.14878462844973345,60.0,0.2066225584144518,0.6030595926604356,False,0.0,0.06771937833824236,0.03014066077595916,0.01118719512710645,XRP-USD|TRX-USD|ETC-USD|BTC-USD|ETH-USD|EOS-USD|BCH-USD|LTC-USD|ADA-USD|XLM-USD|NEM|NKE|UPS|ABBV|MRK|AMGN|GILD|WMT|ABT|INTC|SHW|PSA|PLD|AMT|CCI|EA|TTWO|QCOM|AMD|ADBE|NVDA|MMM|TMUS|DIS|CMCSA|KO|SBUX|V|NEE|O|SO|DUK|AEP|D|T|GE|BA|SLB|OXY|COP|CVX|XOM|GS|MS|USB|WFC|DD|CAT|DOW|NUE
combined_hierarchical_risk_parity,Combined Hierarchical Risk Parity,combined,hierarchical_risk_parity,monthly,10,2021-10-01,2020-10-01,2021-09-30,2021-10-01,252,252,60,0.10511279958010826,0.00010511279958010827,10.0,sample_ridge,,2463.798347830006,19.277343381734276,2463.7964940943734,0.004268516662541306,3.2128905314934743e-09,-0.12416434745014902,2.3815964347981127,True,0,standard single-linkage HRP; raw weights feasible,0,1,0.011866140024091726,0.1715046889560285,0.10893181364547148,1.5744224135862286,0.0,0.0,0.000428469265026444,0.05870158155366014,0.00955182309982685,0.029812124439231653,0.01328124070264005,9.181128642698292,0.1530188107116382,60.0,0.20033707097960968,0.6046450113606613,False,0.0,0.05870158155366014,0.029812124439231653,0.00955182309982685,XRP-USD|TRX-USD|ETC-USD|BTC-USD|ETH-USD|EOS-USD|BCH-USD|LTC-USD|ADA-USD|XLM-USD|NEM|UPS|AMGN|GILD|ABBV|MRK|NKE|WMT|ABT|TMUS|SHW|MMM|INTC|EA|TTWO|PSA|PLD|AMT|CCI|QCOM|ADBE|AMD|NVDA|CMCSA|NEE|O|SO|AEP|D|DUK|SBUX|KO|V|T|DIS|GE|BA|DD|SLB|OXY|COP|CVX|XOM|NUE|CAT|DOW|GS|MS|USB|WFC
combined_hierarchical_risk_parity,Combined Hierarchical Risk Parity,combined,hierarchical_risk_parity,monthly,11,2021-11-01,2020-10-30,2021-10-29,2021-11-01,252,252,60,0.081192384965857,8.1192384965857e-05,10.0,sample_ridge,,2619.1187078079533,19.338376758386744,2619.1166455316716,0.0040917703255054574,3.2230627608338288e-09,-0.03804484144889364,2.5476784819297986,True,0,standard single-linkage HRP; raw weights feasible,0,1,0.010732332187712053,0.2502529321487177,0.1035969699736052,2.4156394942098984,0.0,0.0,0.00038939735122986104,0.053762302965250974,0.008883076119680103,0.029291062292072744,0.01297090362367,9.461902384074248,0.15769837306790413,60.0,0.20243691756902119,0.6037876674136358,False,0.0,0.053762302965250974,0.029291062292072744,0.008883076119680103,XRP-USD|TRX-USD|ETC-USD|BTC-USD|ETH-USD|EOS-USD|BCH-USD|LTC-USD|ADA-USD|XLM-USD|NEM|NKE|ABBV|MRK|AMGN|GILD|UPS|WMT|ABT|TMUS|MMM|SHW|INTC|EA|TTWO|PSA|PLD|AMT|CCI|QCOM|ADBE|AMD|NVDA|KO|O|NEE|SO|AEP|D|DUK|T|DIS|GE|BA|GS|MS|USB|WFC|SLB|OXY|COP|CVX|XOM|DD|NUE|CAT|DOW|CMCSA|SBUX|V
combined_hierarchical_risk_parity,Combined Hierarchical Risk Parity,combined,hierarchical_risk_parity,monthly,12,2021-12-01,2020-12-01,2021-11-30,2021-12-01,252,252,60,0.14945837152790517,0.00014945837152790517,10.0,sample_ridge,,2669.719085657815,18.426989818738598,2669.717009456781,0.003947631431548849,3.0711649390781164e-09,-0.17349452421536093,1.9218005257051143,True,0,standard single-linkage HRP; raw weights feasible,0,1,0.01023705058731372,0.13729246553100236,0.1011783108542227,1.3569357342683135,0.0,0.0,0.0003206598535356015,0.08575156269804465,0.007304607772085923,0.031274492974482454,0.013421797588070467,8.831198694914367,0.14718664491523945,60.0,0.22504370318850903,0.6028560042731773,False,0.0,0.08575156269804465,0.031274492974482454,0.007304607772085923,XRP-USD|TRX-USD|ETC-USD|BTC-USD|ETH-USD|EOS-USD|BCH-USD|LTC-USD|ADA-USD|XLM-USD|WMT|UPS|MRK|NEM|ABBV|AMGN|GILD|NKE|ABT|MMM|T|BA|GE|DD|GS|MS|USB|WFC|SLB|OXY|COP|CVX|XOM|NUE|CAT|DOW|DIS|SHW|SBUX|V|CMCSA|TMUS|EA|TTWO|INTC|KO|QCOM|ADBE|AMD|NVDA|PSA|O|PLD|AMT|CCI|NEE|SO|AEP|D|DUK
combined_hierarchical_risk_parity,Combined Hierarchical Risk Parity,combined,hierarchical_risk_parity,monthly,13,2022-01-03,2021-01-04,2021-12-31,2022-01-03,252,252,60,0.08631444722585549,8.63144472258555e-05,10.0,sample_ridge,,2666.6247079653226,17.698271806197972,2666.622618322197,0.003762759745499404,2.949711938202543e-09,-0.12605950714046,1.882587306240429,True,0,standard single-linkage HRP; raw weights feasible,0,1,0.010870865652298507,0.18637676243222762,0.1042634435087318,1.7875561765482935,2.220446049250313e-16,0.0,0.0003872102947154493,0.08146131252076315,0.00836815161245956,0.0303863039537578,0.012770722121742276,8.748401477128326,0.1458066912854721,60.0,0.2181637880421818,0.60434433278534,False,0.0,0.08146131252076315,0.0303863039537578,0.00836815161245956,XRP-USD|ADA-USD|XLM-USD|TRX-USD|ETC-USD|BTC-USD|ETH-USD|EOS-USD|BCH-USD|LTC-USD|WMT|MRK|NEM|ABBV|AMGN|GILD|UPS|ABT|NKE|EA|TTWO|MMM|INTC|QCOM|ADBE|AMD|NVDA|SHW|KO|O|PSA|PLD|AMT|CCI|NEE|SO|AEP|D|DUK|T|CMCSA|TMUS|BA|GE|NUE|DD|GS|MS|USB|WFC|SLB|OXY|COP|CVX|XOM|CAT|DOW|SBUX|DIS|V
combined_hierarchical_risk_parity,Combined Hierarchical Risk Parity,combined,hierarchical_risk_parity,monthly,14,2022-02-01,2021-02-02,2022-01-31,2022-02-01,252,252,60,0.12070936448249846,0.00012070936448249846,10.0,sample_ridge,,2851.3428451164423,16.249425250724453,2851.3405090359306,0.0033044261135941736,2.7082375147050344e-09,-0.26246068625737806,1.7523508442205948,True,0,standard single-linkage HRP; raw weights feasible,0,1,0.011068516510926146,0.16708569567387535,0.1052070174034325,1.5881611302900027,0.0,0.0,0.0004285830905791193,0.05317946064613929,0.009329267971789129,0.027248107633300225,0.011616158187028314,7.354634961997849,0.12257724936663082,60.0,0.23494126132999024,0.5899974487910662,False,0.0,0.05317946064613929,0.027248107633300225,0.009329267971789129,EA|TTWO|TRX-USD|ADA-USD|ETC-USD|XLM-USD|XRP-USD|BTC-USD|ETH-USD|EOS-USD|BCH-USD|LTC-USD|NEM|MRK|UPS|NKE|ABBV|AMGN|GILD|WMT|ABT|TMUS|CMCSA|T|SBUX|INTC|ADBE|QCOM|AMD|NVDA|V|DIS|BA|GE|NUE|GS|MS|USB|WFC|SLB|OXY|COP|CVX|XOM|CAT|DD|DOW|SHW|MMM|O|PSA|PLD|AMT|CCI|NEE|KO|D|AEP|DUK|SO
combined_hierarchical_risk_parity,Combined Hierarchical Risk Parity,combined,hierarchical_risk_parity,monthly,15,2022-03-01,2021-03-02,2022-02-28,2022-03-01,252,252,60,0.09597264374945706,9.597264374945707e-05,10.0,sample_ridge,,2501.83520665403,15.6446971387369,2501.8334143156535,0.0036381531451726568,2.6074494970483213e-09,-0.46865655744791945,1.8126264661629579,True,0,standard single-linkage HRP; raw weights feasible,0,1,0.011427395408654067,0.13426208453424582,0.10689899629395061,1.2559714233897226,1.1102230246251565e-16,0.0,0.00044799238606738447,0.05304694472268512,0.010093334692585639,0.02711992444388279,0.010544720872450758,6.124274559997395,0.10207124266662325,60.0,0.2408104862596318,0.6019569297169421,False,0.0,0.05304694472268512,0.02711992444388279,0.010093334692585639,NEM|MRK|EA|TTWO|TRX-USD|ETC-USD|ADA-USD|XLM-USD|XRP-USD|BTC-USD|ETH-USD|EOS-USD|BCH-USD|LTC-USD|ABBV|AMGN|GILD|NKE|UPS|TMUS|CMCSA|T|ABT|V|DIS|BA|MMM|GE|NUE|SLB|OXY|COP|CVX|XOM|GS|MS|USB|WFC|CAT|DD|DOW|WMT|SBUX|INTC|ADBE|QCOM|AMD|NVDA|NEE|SHW|O|PSA|PLD|AMT|CCI|KO|AEP|D|DUK|SO
combined_hierarchical_risk_parity,Combined Hierarchical Risk Parity,combined,hierarchical_risk_parity,monthly,16,2022-04-01,2021-04-05,2022-03-31,2022-04-01,252,252,60,0.09991158981291266,9.991158981291266e-05,10.0,sample_ridge,,2657.789451460922,15.508194418583997,2657.7874311998767,0.003399066256181919,2.5846990439170094e-09,-0.30439771676211014,1.885652709704718,True,0,standard single-linkage HRP; raw weights feasible,0,1,0.011637230322242459,0.1269447811279682,0.10787599511588507,1.1767657947590529,0.0,0.0,0.00041978034302141143,0.057058505999069115,0.009343152975691464,0.027728836517872228,0.011513327329908871,6.021459711550617,0.10035766185917695,60.0,0.25854656892429995,0.6022917590041165,False,0.0,0.057058505999069115,0.027728836517872228,0.009343152975691464,NEM|EA|TTWO|ETC-USD|ADA-USD|TRX-USD|BTC-USD|EOS-USD|ETH-USD|BCH-USD|LTC-USD|XLM-USD|XRP-USD|MRK|TMUS|CMCSA|T|UPS|WMT|ABT|INTC|ADBE|QCOM|AMD|NVDA|SHW|O|AMT|CCI|PLD|PSA|KO|NEE|D|AEP|DUK|SO|NKE|SBUX|V|MMM|SLB|OXY|COP|CVX|XOM|NUE|DIS|GS|MS|USB|WFC|BA|GE|CAT|DD|DOW|ABBV|AMGN|GILD
combined_hierarchical_risk_parity,Combined Hierarchical Risk Parity,combined,hierarchical_risk_parity,monthly,17,2022-05-02,2021-05-03,2022-04-29,2022-05-02,252,252,60,0.14076931347509833,0.00014076931347509834,10.0,sample_ridge,,2268.0720529882974,14.616939598090791,2268.0705823024423,0.003755351568541809,2.4361565753202328e-09,-0.8113680578388313,0.9388799704010586,True,0,standard single-linkage HRP; raw weights feasible,0,1,0.01353646987996807,0.06376828320868612,0.116346335911227,0.5480901715490355,0.0,0.0,0.0004716884101057556,0.06035863416085811,0.013210447894384652,0.02874998982262189,0.011425838420824137,4.773426544361141,0.07955710907268568,60.0,0.2429178089802989,0.5848455302782051,False,0.0,0.06035863416085811,0.02874998982262189,0.013210447894384652,MRK|EA|TTWO|NEM|ETC-USD|ADA-USD|TRX-USD|BTC-USD|EOS-USD|ETH-USD|BCH-USD|LTC-USD|XLM-USD|XRP-USD|TMUS|UPS|ABBV|AMGN|GILD|WMT|SHW|ABT|NEE|KO|D|DUK|AEP|SO|O|AMT|CCI|PLD|PSA|INTC|ADBE|QCOM|AMD|NVDA|NKE|SBUX|SLB|OXY|COP|CVX|XOM|V|MMM|NUE|CAT|DD|DOW|DIS|GS|MS|USB|WFC|BA|GE|CMCSA|T
combined_hierarchical_risk_parity,Combined Hierarchical Risk Parity,combined,hierarchical_risk_parity,monthly,18,2022-06-01,2021-06-02,2022-05-31,2022-06-01,252,252,60,0.1289666267752224,0.00012896662677522238,10.0,sample_ridge,,1749.1178335346817,11.427291522924937,1749.1168499859352,0.0033850638542445763,1.9045485681086706e-09,-1.3313647804876834,1.0545687899640876,True,0,standard single-linkage HRP; raw weights feasible,0,1,0.015700961944222446,0.06539817092603804,0.1253034793779584,0.521918236035367,0.0,0.0,0.0007513369857915905,0.05841511179217015,0.015662962871814023,0.029173047810341687,0.010816089944218373,3.7375979941638766,0.062293299902731275,60.0,0.19997315908429508,0.5945679784864737,False,0.0,0.05841511179217015,0.029173047810341687,0.015662962871814023,MRK|NEM|EA|TTWO|TMUS|ABBV|TRX-USD|ADA-USD|ETC-USD|XRP-USD|XLM-USD|EOS-USD|BCH-USD|LTC-USD|BTC-USD|ETH-USD|AMGN|GILD|UPS|SHW|WMT|SLB|OXY|COP|CVX|XOM|NUE|V|MMM|CAT|DD|DOW|GS|MS|USB|WFC|DIS|BA|GE|NKE|SBUX|INTC|ADBE|QCOM|AMD|NVDA|ABT|O|AMT|CCI|PLD|PSA|KO|NEE|D|AEP|DUK|SO|CMCSA|T
combined_hierarchical_risk_parity,Combined Hierarchical Risk Parity,combined,hierarchical_risk_parity,monthly,19,2022-07-01,2021-07-01,2022-06-30,2022-07-01,252,252,60,0.1459363919493808,0.0001459363919493808,10.0,sample_ridge,,1728.2907180182563,11.39417321293967,1728.2897413627395,0.00335857919415917,1.8990288498329904e-09,-1.3731545680323536,0.8011361548468544,True,0,standard single-linkage HRP; raw weights feasible,0,1,0.02024252336590246,-0.016191020833556294,0.14227622206785806,-0.1137999069572852,2.220446049250313e-16,0.0,0.0012525483982648493,0.05877325239862422,0.020024729630773206,0.027060206520377016,0.009708632497045172,3.5487743753230685,0.05914623958871781,60.0,0.21944831426724778,0.5736922994748279,False,0.0,0.05877325239862422,0.027060206520377016,0.020024729630773206,MRK|NEM|EA|TTWO|TMUS|WMT|CMCSA|T|UPS|TRX-USD|ADA-USD|XRP-USD|XLM-USD|BTC-USD|ETH-USD|ETC-USD|EOS-USD|BCH-USD|LTC-USD|SHW|KO|NEE|D|SO|AEP|DUK|ABT|AMT|CCI|O|PLD|PSA|NUE|NKE|SBUX|INTC|ADBE|QCOM|AMD|NVDA|V|OXY|SLB|COP|CVX|XOM|MMM|GS|MS|USB|WFC|DIS|CAT|DD|DOW|BA|GE|ABBV|AMGN|GILD
combined_hierarchical_risk_parity,Combined Hierarchical Risk Parity,combined,hierarchical_risk_parity,monthly,20,2022-08-01,2021-07-30,2022-07-29,2022-08-01,252,252,60,0.10561371360573807,0.00010561371360573807,10.0,sample_ridge,,1745.9284225597828,11.969160269844172,1745.9274188145564,0.003467899877531967,1.9948600250254287e-09,-1.124999905167706,1.0610827829850287,True,0,standard single-linkage HRP; raw weights feasible,0,1,0.020186854588572507,0.01382526904984364,0.14208045111334813,0.09730592028324991,0.0,0.0,0.0010215229972420547,0.053882178842203164,0.017435794373108566,0.027721559319317784,0.010163915670554692,3.600822560825865,0.060013709347097745,60.0,0.23267551560304,0.6025831198794699,False,0.0,0.053882178842203164,0.027721559319317784,0.017435794373108566,NEM|MRK|WMT|T|TMUS|CMCSA|EA|TTWO|SHW|TRX-USD|ETC-USD|BTC-USD|ETH-USD|ADA-USD|XRP-USD|XLM-USD|EOS-USD|BCH-USD|LTC-USD|UPS|NUE|KO|MMM|SBUX|INTC|NKE|ADBE|QCOM|AMD|NVDA|V|OXY|SLB|CVX|COP|XOM|GS|MS|USB|WFC|DIS|BA|GE|CAT|DD|DOW|NEE|D|SO|AEP|DUK|ABT|O|AMT|CCI|PLD|PSA|ABBV|AMGN|GILD
combined_hierarchical_risk_parity,Combined Hierarchical Risk Parity,combined,hierarchical_risk_parity,monthly,21,2022-09-01,2021-09-01,2022-08-31,2022-09-01,252,252,60,0.10916573385825347,0.00010916573385825346,10.0,sample_ridge,,1737.9831184875734,11.88356948842717,1737.9821098442574,0.0034107794427566457,1.9805948949319128e-09,-1.791651518649385,1.1828191271343909,True,0,standard single-linkage HRP; raw weights feasible,0,1,0.021657285663443004,-0.02304940110671131,0.14716414530531208,-0.15662375545953933,1.1102230246251565e-16,0.0,0.001156523084392581,0.0564975535083926,0.019455220920558736,0.027669963658256334,0.009221024888460569,3.512570566436875,0.05854284277394792,60.0,0.23105434347080864,0.5975997910883134,False,0.0,0.0564975535083926,0.027669963658256334,0.019455220920558736,NEM|MRK|WMT|T|TMUS|CMCSA|ABBV|AMGN|GILD|EA|TTWO|SHW|TRX-USD|ETC-USD|BTC-USD|ETH-USD|ADA-USD|EOS-USD|BCH-USD|LTC-USD|XLM-USD|XRP-USD|NUE|UPS|KO|NEE|V|MMM|SBUX|NKE|INTC|ADBE|QCOM|AMD|NVDA|OXY|SLB|CVX|COP|XOM|GS|MS|USB|WFC|DIS|CAT|DD|DOW|BA|GE|D|SO|AEP|DUK|ABT|O|AMT|CCI|PLD|PSA
combined_hierarchical_risk_parity,Combined Hierarchical Risk Parity,combined,hierarchical_risk_parity,monthly,22,2022-10-03,2021-10-01,2022-09-30,2022-10-03,252,252,60,0.11941456294650418,0.00011941456294650418,10.0,sample_ridge,,1698.881325240989,11.7416379889912,1698.8803108499346,0.0032755131851599957,1.9569396452624707e-09,-1.6131078797075316,0.8913308032260187,True,0,standard single-linkage HRP; raw weights feasible,0,1,0.023954844085548266,-0.05789059265005269,0.15477352514415463,-0.37403420640664437,1.1102230246251565e-16,0.0,0.0014660963646658761,0.05505002096540633,0.026369796603320957,0.0293218177829164,0.010126422443498968,3.6429083752005584,0.06071513958667597,60.0,0.22734930163819983,0.5855648640025133,False,0.0,0.05505002096540633,0.0293218177829164,0.026369796603320957,NEM|MRK|WMT|T|TMUS|EA|TTWO|ABBV|TRX-USD|ETC-USD|EOS-USD|ADA-USD|XLM-USD|XRP-USD|BTC-USD|ETH-USD|BCH-USD|LTC-USD|AMGN|GILD|CMCSA|SHW|NUE|KO|NEE|D|SO|AEP|DUK|ABT|O|AMT|CCI|PLD|PSA|UPS|MMM|V|INTC|ADBE|QCOM|AMD|NVDA|OXY|SLB|CVX|COP|XOM|SBUX|NKE|USB|WFC|GS|MS|DIS|CAT|DD|DOW|BA|GE
combined_hierarchical_risk_parity,Combined Hierarchical Risk Parity,combined,hierarchical_risk_parity,monthly,23,2022-11-01,2021-11-01,2022-10-31,2022-11-01,252,252,60,0.09598725629337292,9.598725629337292e-05,10.0,sample_ridge,,1529.693039460691,11.868531637254668,1529.6921907522328,0.003562931697367819,1.9780885864282257e-09,-1.7028483801535979,0.9320822595695339,True,0,standard single-linkage HRP; raw weights feasible,0,1,0.028593421170027118,-0.012317710579910133,0.16909589341562117,-0.07284452822064937,0.0,0.0,0.0015296517561706297,0.053068743195970956,0.0331754049938697,0.027713486248763766,0.009865703178148017,3.2502809458823982,0.05417134909803997,60.0,0.21854148460665931,0.5906449835659575,False,0.0,0.053068743195970956,0.027713486248763766,0.0331754049938697,NEM|MRK|T|WMT|EA|TTWO|ABBV|AMGN|GILD|TMUS|TRX-USD|ETC-USD|EOS-USD|BTC-USD|ETH-USD|BCH-USD|LTC-USD|ADA-USD|XLM-USD|XRP-USD|CMCSA|SHW|NUE|KO|NEE|ABT|D|DUK|AEP|SO|O|AMT|CCI|PLD|PSA|UPS|MMM|OXY|SLB|CVX|COP|XOM|V|INTC|ADBE|QCOM|AMD|NVDA|DIS|NKE|SBUX|CAT|BA|GS|MS|USB|WFC|GE|DD|DOW
combined_hierarchical_risk_parity,Combined Hierarchical Risk Parity,combined,hierarchical_risk_parity,monthly,24,2022-12-01,2021-12-01,2022-11-30,2022-12-01,252,252,60,0.09848424412251554,9.848424412251554e-05,10.0,sample_ridge,,1741.480456821167,12.511759456409925,1741.479417358475,0.003491623258897,2.0852932218820557e-09,-1.4992075946870713,1.012398262304997,True,0,standard single-linkage HRP; raw weights feasible,0,1,0.031200814846226152,0.102908515967305,0.17663752389066756,0.582597138482318,0.0,0.0,0.00146619824551974,0.07595045180615052,0.030915549056695062,0.02922298494482307,0.01012065320283482,3.1595807783268004,0.05265967963878001,60.0,0.22153572868806098,0.570059202942865,False,0.0,0.07595045180615052,0.02922298494482307,0.030915549056695062,NEM|T|WMT|EA|TTWO|AMGN|GILD|TMUS|CMCSA|NUE|SHW|TRX-USD|EOS-USD|ADA-USD|XLM-USD|XRP-USD|ETC-USD|BTC-USD|ETH-USD|BCH-USD|LTC-USD|KO|NEE|D|AEP|DUK|SO|ABT|O|AMT|CCI|PLD|PSA|UPS|MMM|V|OXY|SLB|COP|CVX|XOM|CAT|BA|GE|DOW|DD|USB|WFC|GS|MS|DIS|ADBE|INTC|QCOM|AMD|NVDA|NKE|SBUX|ABBV|MRK
combined_hierarchical_risk_parity,Combined Hierarchical Risk Parity,combined,hierarchical_risk_parity,monthly,25,2023-01-03,2021-12-31,2022-12-30,2023-01-03,252,252,60,0.10000579258958166,0.00010000579258958166,10.0,sample_ridge,,1687.722226352582,12.204746130223773,1687.7212445509294,0.00349459862260238,2.034124334696052e-09,-1.6878110548244987,0.9359017507349877,True,0,standard single-linkage HRP; raw weights feasible,0,1,0.03223667165325334,-0.0035932803870504324,0.17954573693979298,-0.020013175741707342,1.1102230246251565e-16,0.0,0.0010259888312565693,0.050292652706326206,0.026968869936388848,0.026457963600781138,0.009073036195946401,2.9443829559740156,0.04907304926623359,60.0,0.22326760662178805,0.5656368869905063,False,0.0,0.050292652706326206,0.026457963600781138,0.026968869936388848,NEM|T|WMT|EA|TTWO|TMUS|TRX-USD|EOS-USD|ADA-USD|XLM-USD|XRP-USD|ETC-USD|BTC-USD|ETH-USD|BCH-USD|LTC-USD|SHW|CMCSA|KO|NUE|UPS|MMM|V|OXY|SLB|COP|CVX|XOM|ABT|O|AMT|CCI|PLD|PSA|NEE|D|AEP|DUK|SO|DIS|ADBE|INTC|QCOM|AMD|NVDA|NKE|SBUX|BA|CAT|GE|USB|WFC|GS|MS|DD|DOW|AMGN|GILD|ABBV|MRK
combined_hierarchical_risk_parity,Combined Hierarchical Risk Parity,combined,hierarchical_risk_parity,monthly,26,2023-02-01,2022-01-31,2023-01-31,2023-02-01,252,252,60,0.12342404042926934,0.00012342404042926935,10.0,sample_ridge,,1534.2633133226127,12.050344039961132,1534.2625053683762,0.0038113442206849446,2.0083906532429493e-09,-0.9061169181647154,0.6931753816190576,True,0,standard single-linkage HRP; raw weights feasible,0,1,0.032130898360708926,0.07900243183327013,0.17925093684750695,0.4407365072824104,1.1102230246251565e-16,0.0,0.0016321270306171789,0.06606943931700764,0.03251344769413275,0.028667723449024397,0.009796741600927273,3.0773695110868573,0.05128949185144762,60.0,0.2262575887503416,0.5707166107987359,False,0.0,0.06606943931700764,0.028667723449024397,0.03251344769413275,NEM|WMT|T|ABBV|MRK|AMGN|GILD|EA|TTWO|TMUS|SHW|TRX-USD|EOS-USD|ETC-USD|ADA-USD|XLM-USD|XRP-USD|LTC-USD|BCH-USD|BTC-USD|ETH-USD|CMCSA|KO|NUE|OXY|SLB|COP|CVX|XOM|MMM|UPS|BA|NKE|SBUX|DIS|V|ABT|CAT|ADBE|INTC|QCOM|AMD|NVDA|GE|DOW|DD|GS|MS|USB|WFC|NEE|D|AEP|DUK|SO|AMT|CCI|O|PLD|PSA
combined_hierarchical_risk_parity,Combined Hierarchical Risk Parity,combined,hierarchical_risk_parity,monthly,27,2023-03-01,2022-02-28,2023-02-28,2023-03-01,252,252,60,0.11050401901642917,0.00011050401901642918,10.0,sample_ridge,,1718.4039056567437,11.707887040687611,1718.4028867774784,0.003289099358970045,1.9513144872681243e-09,-1.0331553358389942,0.560747599864184,True,0,standard single-linkage HRP; raw weights feasible,0,1,0.030588872453518046,0.023925693312626187,0.1748967479786804,0.13679896046747927,0.0,0.0,0.0011601610020450254,0.06871921509066452,0.030994169261103818,0.031043692475597007,0.010105810879376282,3.2196889872998375,0.05366148312166396,60.0,0.2176985063514308,0.5644371194888889,False,0.0,0.06871921509066452,0.031043692475597007,0.030994169261103818,NEM|WMT|T|ABBV|MRK|EA|TTWO|TRX-USD|EOS-USD|ADA-USD|XLM-USD|XRP-USD|ETC-USD|LTC-USD|BCH-USD|BTC-USD|ETH-USD|AMGN|GILD|SHW|TMUS|NUE|CMCSA|KO|MMM|OXY|SLB|COP|CVX|XOM|BA|AMT|CCI|O|PLD|PSA|NEE|D|AEP|DUK|SO|NKE|SBUX|UPS|CAT|ADBE|INTC|QCOM|AMD|NVDA|ABT|DIS|V|GE|DOW|DD|GS|MS|USB|WFC
combined_hierarchical_risk_parity,Combined Hierarchical Risk Parity,combined,hierarchical_risk_parity,monthly,28,2023-04-03,2022-03-31,2023-03-31,2023-04-03,252,252,60,0.08110475285536124,8.110475285536124e-05,10.0,sample_ridge,,1617.68167209737,11.569485901906852,1617.680774762569,0.0034740239466297144,1.928247631035332e-09,-1.1728849366405165,0.4041887312530835,True,0,standard single-linkage HRP; raw weights feasible,0,1,0.0320534004673675,-0.009187638538108592,0.1790346348262467,-0.05131766011099028,2.220446049250313e-16,0.0,0.0011939415717016912,0.06216621448328013,0.030358340607525028,0.029316672124249012,0.009667319303299358,3.1093605926073495,0.05182267654345583,60.0,0.22134415220286963,0.556540040334091,False,0.0,0.06216621448328013,0.029316672124249012,0.030358340607525028,NEM|WMT|T|MRK|EA|TTWO|ABBV|TRX-USD|EOS-USD|LTC-USD|ADA-USD|XLM-USD|XRP-USD|ETC-USD|BCH-USD|BTC-USD|ETH-USD|SHW|TMUS|CMCSA|BA|MMM|NUE|OXY|SLB|COP|CVX|XOM|NKE|SBUX|KO|UPS|ADBE|INTC|QCOM|AMD|NVDA|V|GE|NEE|D|SO|AEP|DUK|AMT|CCI|O|PLD|PSA|ABT|DIS|CAT|DD|DOW|USB|WFC|GS|MS|AMGN|GILD
combined_hierarchical_risk_parity,Combined Hierarchical Risk Parity,combined,hierarchical_risk_parity,monthly,29,2023-05-01,2022-04-28,2023-04-28,2023-05-01,252,252,60,0.08348465630467126,8.348465630467127e-05,10.0,sample_ridge,,1653.5205264697008,11.166942179208714,1653.5195744327805,0.0032305471431908575,1.8611570112565487e-09,-0.8606587353755566,0.5858993506629674,True,0,standard single-linkage HRP; raw weights feasible,0,1,0.03187792863856892,0.04786869531097065,0.178543912353709,0.26810600641560456,1.1102230246251565e-16,0.0,0.0014856048441630903,0.06932188698238606,0.033117016812841946,0.028367626813897047,0.008830592907165985,3.054570742786109,0.050909512379768485,60.0,0.21527441693447308,0.5484489210202883,False,0.0,0.06932188698238606,0.028367626813897047,0.033117016812841946,NEM|MRK|WMT|ABBV|TRX-USD|EOS-USD|LTC-USD|ADA-USD|XLM-USD|XRP-USD|BCH-USD|ETC-USD|BTC-USD|ETH-USD|EA|TTWO|T|CMCSA|BA|SHW|NUE|MMM|UPS|KO|NKE|SBUX|OXY|SLB|COP|CVX|XOM|V|ADBE|INTC|QCOM|AMD|NVDA|GE|DIS|USB|WFC|GS|MS|CAT|DD|DOW|ABT|AMT|CCI|O|PLD|PSA|NEE|D|AEP|DUK|SO|TMUS|AMGN|GILD
combined_hierarchical_risk_parity,Combined Hierarchical Risk Parity,combined,hierarchical_risk_parity,monthly,30,2023-06-01,2022-05-31,2023-05-31,2023-06-01,252,252,60,0.09261389708853,9.261389708853001e-05,10.0,sample_ridge,,1381.8653047969065,9.835175172956511,1381.864585035373,0.003144803621440402,1.63919584576746e-09,-0.45545680673063427,0.9143758820515224,True,0,standard single-linkage HRP; raw weights feasible,0,1,0.02790900690673006,-0.012049630646166959,0.1670598901793308,-0.07212761024344179,0.0,0.0,0.0016703146895220432,0.06739731053583638,0.039622556341470244,0.028862143145985068,0.009337779725888989,2.989169703318692,0.04981949505531154,60.0,0.21749059801954093,0.5585766211572019,False,0.0,0.06739731053583638,0.028862143145985068,0.039622556341470244,NEM|WMT|TRX-USD|EOS-USD|LTC-USD|ADA-USD|XLM-USD|XRP-USD|BCH-USD|ETC-USD|BTC-USD|ETH-USD|MRK|ABBV|EA|TTWO|T|BA|CMCSA|SHW|NKE|SBUX|MMM|NUE|V|ADBE|INTC|QCOM|AMD|NVDA|UPS|DIS|GE|OXY|SLB|COP|CVX|XOM|GS|MS|USB|WFC|CAT|DD|DOW|ABT|KO|PSA|AMT|CCI|O|PLD|NEE|D|SO|AEP|DUK|TMUS|AMGN|GILD
combined_hierarchical_risk_parity,Combined Hierarchical Risk Parity,combined,hierarchical_risk_parity,monthly,31,2023-07-03,2022-06-30,2023-06-30,2023-07-03,252,252,60,0.09390520475720764,9.390520475720764e-05,10.0,sample_ridge,,1200.8839779487605,9.43331720504861,1200.8833950209728,0.0032362173452965535,1.5722195184525737e-09,-0.4050686877913898,1.2823855441728425,True,0,standard single-linkage HRP; raw weights feasible,0,1,0.024528994008151558,0.11726844544908463,0.15661734900116128,0.7487576963661613,1.1102230246251565e-16,0.0,0.0015853439610563718,0.07284057904929822,0.03407644506973092,0.02828447039791084,0.008839126782854255,3.1926576427276183,0.05321096071212697,60.0,0.2263617999931796,0.5511434710003337,False,0.0,0.07284057904929822,0.02828447039791084,0.03407644506973092,NEM|TRX-USD|BCH-USD|EOS-USD|LTC-USD|XLM-USD|XRP-USD|ETC-USD|ADA-USD|BTC-USD|ETH-USD|WMT|EA|TTWO|MRK|T|TMUS|BA|CMCSA|NKE|SBUX|V|ADBE|AMD|NVDA|INTC|QCOM|GE|OXY|SLB|COP|CVX|XOM|MMM|UPS|NUE|DIS|USB|WFC|GS|MS|CAT|DD|DOW|ABT|SHW|KO|NEE|D|SO|AEP|DUK|PSA|O|PLD|AMT|CCI|ABBV|AMGN|GILD
combined_hierarchical_risk_parity,Combined Hierarchical Risk Parity,combined,hierarchical_risk_parity,monthly,32,2023-08-01,2022-07-29,2023-07-31,2023-08-01,252,252,60,0.09994576494720937,9.994576494720937e-05,10.0,sample_ridge,,1224.496672314361,9.726061270141216,1224.4960377248765,0.00312532848267032,1.6210101954801005e-09,-0.4257137157133368,1.4045880045311487,True,0,standard single-linkage HRP; raw weights feasible,0,1,0.02369101489007783,0.09986291062183841,0.15391885813660988,0.6488023094168591,0.0,0.0,0.001095789637127729,0.06653849879479785,0.04238955664521293,0.027771057063367355,0.008955314222617977,3.4649674501014176,0.05774945750169029,60.0,0.21879249195111686,0.5414380116187211,False,0.0,0.06653849879479785,0.027771057063367355,0.04238955664521293,NEM|T|EA|TTWO|MRK|TMUS|TRX-USD|BCH-USD|EOS-USD|LTC-USD|XLM-USD|XRP-USD|ADA-USD|ETC-USD|BTC-USD|ETH-USD|ABBV|BA|WMT|ABT|SHW|AMT|CCI|PSA|O|PLD|KO|NEE|D|SO|AEP|DUK|NKE|SBUX|CMCSA|V|AMD|NVDA|INTC|ADBE|QCOM|GE|OXY|SLB|COP|CVX|XOM|DIS|UPS|MMM|USB|WFC|GS|MS|NUE|CAT|DD|DOW|AMGN|GILD
combined_hierarchical_risk_parity,Combined Hierarchical Risk Parity,combined,hierarchical_risk_parity,monthly,33,2023-09-01,2022-08-31,2023-08-31,2023-09-01,252,252,60,0.06358676574600715,6.358676574600715e-05,10.0,sample_ridge,,1081.8206752221295,9.377587196601691,1081.8201815904176,0.0034220823032751913,1.562931183804303e-09,-0.43813560969970056,1.3175303418143658,True,0,standard single-linkage HRP; raw weights feasible,0,1,0.02312525764129023,0.08986645522048954,0.15206991037444006,0.5909548772614671,2.220446049250313e-16,0.0,0.0009678989773307489,0.06300518627826529,0.03995183608619456,0.02740452075010368,0.00874926241956664,3.522804312042839,0.05871340520071398,60.0,0.21834026530434453,0.5465025845294021,False,0.0,0.06300518627826529,0.02740452075010368,0.03995183608619456,NEM|T|MRK|ABBV|EA|TTWO|TRX-USD|BCH-USD|LTC-USD|EOS-USD|XLM-USD|XRP-USD|ADA-USD|ETC-USD|BTC-USD|ETH-USD|TMUS|BA|SLB|OXY|COP|CVX|XOM|NKE|SBUX|CMCSA|GE|UPS|MMM|NUE|USB|WFC|GS|MS|CAT|DD|DOW|DIS|V|AMD|NVDA|INTC|ADBE|QCOM|WMT|ABT|SHW|AMT|CCI|PSA|O|PLD|KO|NEE|D|SO|AEP|DUK|AMGN|GILD
combined_hierarchical_risk_parity,Combined Hierarchical Risk Parity,combined,hierarchical_risk_parity,monthly,34,2023-10-02,2022-09-29,2023-09-29,2023-10-02,252,252,60,0.09940519588209357,9.940519588209357e-05,10.0,sample_ridge,,972.0020640065264,8.745983435227723,972.001657314027,0.0034802575570385586,1.4576638912946484e-09,-0.43345810393913387,1.3764609828460026,True,0,standard single-linkage HRP; raw weights feasible,0,1,0.019822758591400244,0.15099285097094992,0.14079331870298478,1.07244329746557,0.0,0.0,0.0008776654108343646,0.06457725242156695,0.04077017023564952,0.02864109227059024,0.009365972187089639,3.809575875391711,0.06349293125652851,60.0,0.2198920661192439,0.5422821958207596,False,0.0,0.06457725242156695,0.02864109227059024,0.04077017023564952,T|MRK|ABBV|NEM|TRX-USD|BCH-USD|LTC-USD|XLM-USD|XRP-USD|EOS-USD|ADA-USD|ETC-USD|BTC-USD|ETH-USD|TMUS|AMGN|GILD|BA|EA|TTWO|WMT|CMCSA|INTC|V|AMD|NVDA|ADBE|QCOM|SLB|OXY|COP|CVX|XOM|NKE|SBUX|GE|DIS|UPS|USB|WFC|GS|MS|CAT|MMM|NUE|DD|DOW|ABT|SHW|AMT|CCI|PSA|O|PLD|KO|NEE|D|SO|AEP|DUK
combined_hierarchical_risk_parity,Combined Hierarchical Risk Parity,combined,hierarchical_risk_parity,monthly,35,2023-11-01,2022-10-31,2023-10-31,2023-11-01,252,252,60,0.11262438843531358,0.00011262438843531359,10.0,sample_ridge,,940.1629121255501,8.394732475838616,940.1625344027392,0.003478750874149747,1.3991220653152154e-09,-0.4631479082031792,1.221485025665576,True,0,standard single-linkage HRP; raw weights feasible,0,1,0.015530390503118309,0.03704410569384995,0.12462098741030063,0.29725415007254263,0.0,0.0,0.0010207744999627157,0.07189085950036947,0.03750332418327146,0.030734456001874664,0.010057476370393332,4.750042417511033,0.07916737362518389,60.0,0.21832434494786487,0.5715856906128133,False,0.0,0.07189085950036947,0.030734456001874664,0.03750332418327146,T|TMUS|NEM|ABBV|MRK|AMGN|GILD|TRX-USD|BCH-USD|LTC-USD|XLM-USD|XRP-USD|EOS-USD|ADA-USD|ETC-USD|BTC-USD|ETH-USD|WMT|ABT|BA|EA|TTWO|DIS|INTC|V|QCOM|ADBE|AMD|NVDA|KO|NEE|D|SO|AEP|DUK|SHW|AMT|CCI|O|PLD|PSA|GE|SLB|OXY|COP|CVX|XOM|USB|WFC|GS|MS|CMCSA|SBUX|UPS|NKE|MMM|NUE|CAT|DD|DOW
combined_hierarchical_risk_parity,Combined Hierarchical Risk Parity,combined,hierarchical_risk_parity,monthly,36,2023-12-01,2022-11-30,2023-11-30,2023-12-01,252,252,60,0.10839345774881651,0.00010839345774881652,10.0,sample_ridge,,718.9238616587598,7.481652148752392,718.9236053277319,0.0034923959148081317,1.2469420123226453e-09,-0.2766021355118453,1.2222043695132911,True,0,standard single-linkage HRP; raw weights feasible,0,1,0.014028654538019809,0.07305052221719872,0.11844262128988792,0.6167587429394004,0.0,0.0,0.0008709632724262664,0.07740848128020726,0.03871573871613086,0.028929965598537506,0.00977864028067623,4.120367071341977,0.06867278452236628,60.0,0.2265425331604382,0.5781411891984969,False,0.0,0.07740848128020726,0.028929965598537506,0.03871573871613086,TRX-USD|BCH-USD|EOS-USD|LTC-USD|XLM-USD|XRP-USD|ADA-USD|ETC-USD|BTC-USD|ETH-USD|T|TMUS|NEM|WMT|ABT|BA|EA|TTWO|NKE|SBUX|CMCSA|GE|UPS|SHW|KO|NEE|D|AEP|DUK|SO|AMT|CCI|O|PLD|PSA|SLB|OXY|COP|CVX|XOM|GS|MS|USB|WFC|MMM|CAT|NUE|DD|DOW|DIS|INTC|V|QCOM|ADBE|AMD|NVDA|ABBV|MRK|AMGN|GILD
combined_maximum_sharpe,Combined Maximum Sharpe,combined,maximum_sharpe,monthly,1,2021-01-04,2020-01-03,2020-12-31,2021-01-04,252,252,60,1.0,0.001,10.0,sample_ridge,,1033.4140189789068,21.157579991903326,1033.413620149154,0.009128114582134406,3.526263296721254e-09,-0.3492732395247833,1.982593873089236,True,0,Optimization terminated successfully,9,3,-2.6739227265146654,0.9370765791237677,0.35045013449031254,2.6739227265146654,1.6291412663349547e-12,0.0,0.0,0.25,0.30000000000007515,0.12986222695413827,0.055188218351130816,3.105895910790991,0.05176493184651652,,,,,,,,,
combined_maximum_sharpe,Combined Maximum Sharpe,combined,maximum_sharpe,monthly,2,2021-02-01,2020-01-31,2021-01-29,2021-02-01,252,252,60,0.23680638791180264,0.00023680638791180264,10.0,sample_ridge,,1091.1159806064534,22.44822153978953,1091.1155307785195,0.00906686119653018,3.741370219217885e-09,-0.23740683868214907,2.7597000301127537,True,0,Optimization terminated successfully,8,3,-2.584605599282593,1.019113002404099,0.39430116637020884,2.584605599282593,4.0323300254385686e-13,0.0,0.0,0.17800829244459362,0.3000000000001962,0.11225703888528202,0.05160453613594386,2.7693500821786836,0.04615583470297806,,,,,,,,,
combined_maximum_sharpe,Combined Maximum Sharpe,combined,maximum_sharpe,monthly,3,2021-03-01,2020-02-28,2021-02-26,2021-03-01,252,252,60,0.3547474920733104,0.0003547474920733104,10.0,sample_ridge,,1144.0404576090773,23.014831526063983,1144.0399490852305,0.008621976286872026,3.835805215985945e-09,-0.09602128620994455,2.9761046427603395,True,0,Optimization terminated successfully,11,3,-2.9887572470648442,1.1416130757579388,0.38196915352662975,2.9887572470648442,5.484501741648273e-14,0.0,0.0,0.16615210098412567,0.3000000000000272,0.09491264956175442,0.04441256918053735,2.127974890089997,0.03546624816816661,,,,,,,,,
combined_maximum_sharpe,Combined Maximum Sharpe,combined,maximum_sharpe,monthly,4,2021-04-01,2020-04-01,2021-03-31,2021-04-01,252,252,60,0.431853734970337,0.00043185373497033703,10.0,sample_ridge,,662.0121449886715,15.539452910196802,662.0119356502846,0.008177961042976675,2.5899087924670455e-09,-0.060127039234835644,2.867691654241286,True,0,Optimization terminated successfully,17,3,-4.382009309300484,1.1326838872214302,0.2584850481301795,4.382009309300484,1.3062884107739592e-12,0.0,3.6598633251311945e-17,0.19444983306860972,0.3000000000003748,0.09705745987006395,0.05195391935428008,2.9326381877237577,0.048877303128729295,,,,,,,,,
combined_maximum_sharpe,Combined Maximum Sharpe,combined,maximum_sharpe,monthly,5,2021-05-03,2020-05-01,2021-04-30,2021-05-03,252,252,60,0.34560256983521676,0.00034560256983521675,10.0,sample_ridge,,797.3613484584146,15.299208835217478,797.3610584587759,0.00700213425586742,2.5498681137042323e-09,-0.2081438801394524,2.7040908911882555,True,0,Optimization terminated successfully,17,3,-4.5285621978122865,0.9482918064280444,0.2094024030157203,4.5285621978122865,2.524647157997606e-13,0.0,0.0,0.15063072097467525,0.22738716270363654,0.09181247827501123,0.047501593817857894,5.49586531293712,0.09159775521561866,,,,,,,,,
combined_maximum_sharpe,Combined Maximum Sharpe,combined,maximum_sharpe,monthly,6,2021-06-01,2020-06-01,2021-05-28,2021-06-01,252,252,60,0.3118028182885466,0.00031180281828854664,10.0,sample_ridge,,1412.0342280329962,19.13689618527403,1412.0335165734627,0.0063256854156733084,3.1894826656508454e-09,-0.09446757920356907,2.5441974199957964,True,0,Optimization terminated successfully,22,3,-4.0302795777451905,0.8167816596619963,0.20266129034129166,4.0302795777451905,5.695444116327053e-13,0.0,0.0,0.1,0.1088627854222956,0.08343122278602183,0.0337075515872149,5.313385832141995,0.0885564305356999,,,,,,,,,
combined_maximum_sharpe,Combined Maximum Sharpe,combined,maximum_sharpe,monthly,7,2021-07-01,2020-07-01,2021-06-30,2021-07-01,252,252,60,0.34149867330273587,0.00034149867330273586,10.0,sample_ridge,,1689.7173417506071,19.25250895118555,1689.7163954840023,0.005726371633277819,3.2087514597767435e-09,-0.04517062980827402,2.4942228399591873,True,0,Optimization terminated successfully,24,3,-4.312063563759439,0.6921761471163225,0.16052085895339954,4.31206356375944,1.092681500836079e-12,0.0,0.0,0.1,0.058749083947568545,0.0790972109645173,0.032215009315081825,8.295700059818277,0.13826166766363795,,,,,,,,,
combined_maximum_sharpe,Combined Maximum Sharpe,combined,maximum_sharpe,monthly,8,2021-08-02,2020-07-31,2021-07-30,2021-08-02,252,252,60,0.23222743296187967,0.00023222743296187967,10.0,sample_ridge,,1995.455148305402,19.050136395589725,1995.4538598721672,0.004914837793726759,3.1750227008480616e-09,-0.03111480254552568,2.133926362043439,True,0,Optimization terminated successfully,21,3,-4.117344722074653,0.6388984874902404,0.15517245472910304,4.117344722074653,1.311395436687235e-12,0.0,3.3632912661803876e-16,0.09999999999999754,0.057988790505040036,0.08031357617092144,0.03467216726071239,8.677794924665976,0.1446299154110996,,,,,,,,,
combined_maximum_sharpe,Combined Maximum Sharpe,combined,maximum_sharpe,monthly,9,2021-09-01,2020-09-01,2021-08-31,2021-09-01,252,252,60,0.18215603401092642,0.00018215603401092642,10.0,sample_ridge,,2130.423351434478,19.19628066223325,2130.421906888042,0.004716244829139146,3.1993800783784072e-09,-0.07863987065770972,2.5355819840145335,True,0,Optimization terminated successfully,22,3,-4.171762068187049,0.6548941507909528,0.156982622711164,4.171762068187049,2.062572335148616e-12,0.0,0.0,0.1,0.07022274437053184,0.08378475566666371,0.034789418412224105,7.466072688870017,0.12443454481450028,,,,,,,,,
combined_maximum_sharpe,Combined Maximum Sharpe,combined,maximum_sharpe,monthly,10,2021-10-01,2020-10-01,2021-09-30,2021-10-01,252,252,60,0.28777123485627026,0.00028777123485627026,10.0,sample_ridge,,2463.798347830006,19.277343381734276,2463.7964940943734,0.004268516662541306,3.2128905314934743e-09,-0.12416434745014902,2.3815964347981127,True,0,Optimization terminated successfully,21,3,-3.7892438227224443,0.6178950617439695,0.16306553250511935,3.7892438227224443,5.468958619303521e-13,0.0,4.735793947744824e-16,0.09999999999999866,0.06942792526975497,0.07362061411329687,0.034716820097937716,6.488271305947488,0.1081378550991248,,,,,,,,,
combined_maximum_sharpe,Combined Maximum Sharpe,combined,maximum_sharpe,monthly,11,2021-11-01,2020-10-30,2021-10-29,2021-11-01,252,252,60,0.2965975685869702,0.00029659756858697016,10.0,sample_ridge,,2619.1187078079533,19.338376758386744,2619.1166455316716,0.0040917703255054574,3.2230627608338288e-09,-0.03804484144889364,2.5476784819297986,True,0,Optimization terminated successfully,28,3,-4.71466084931588,0.6637124978535008,0.1407762973978942,4.71466084931588,5.506706202140776e-13,0.0,0.0,0.1,0.04082263778954559,0.07577980479078256,0.033970336271647805,9.635145258495236,0.16058575430825392,,,,,,,,,
combined_maximum_sharpe,Combined Maximum Sharpe,combined,maximum_sharpe,monthly,12,2021-12-01,2020-12-01,2021-11-30,2021-12-01,252,252,60,0.2846978552926899,0.00028469785529268996,10.0,sample_ridge,,2669.719085657815,18.426989818738598,2669.717009456781,0.003947631431548849,3.0711649390781164e-09,-0.17349452421536093,1.9218005257051143,True,0,Optimization terminated successfully,24,3,-3.884903350339649,0.5179905093508443,0.13333420747920474,3.884903350339649,1.3160583733906606e-12,0.0,0.0,0.1,0.02578102245321441,0.07873656258580759,0.034443192396955084,9.163040826610127,0.15271734711016877,,,,,,,,,
combined_maximum_sharpe,Combined Maximum Sharpe,combined,maximum_sharpe,monthly,13,2022-01-03,2021-01-04,2021-12-31,2022-01-03,252,252,60,0.26536442981866676,0.00026536442981866674,10.0,sample_ridge,,2666.6247079653226,17.698271806197972,2666.622618322197,0.003762759745499404,2.949711938202543e-09,-0.12605950714046,1.882587306240429,True,0,Optimization terminated successfully,17,3,-4.1051369356922915,0.5308615586541534,0.12931640697257976,4.1051369356922915,3.4297009676720336e-12,0.0,0.0,0.1,0.016695839612299045,0.08986050799182335,0.03844517013687089,14.165545569283797,0.23609242615472995,,,,,,,,,
combined_maximum_sharpe,Combined Maximum Sharpe,combined,maximum_sharpe,monthly,14,2022-02-01,2021-02-02,2022-01-31,2022-02-01,252,252,60,0.4147460375769367,0.0004147460375769367,10.0,sample_ridge,,2851.3428451164423,16.249425250724453,2851.3405090359306,0.0033044261135941736,2.7082375147050344e-09,-0.26246068625737806,1.7523508442205948,True,0,Optimization terminated successfully,16,3,-3.846534109094861,0.5038099931314106,0.1309776486682354,3.846534109094861,6.1879390500507725e-12,0.0,0.0,0.1,0.014865664806192842,0.08681198552151671,0.0366231921827341,8.015129186747082,0.1335854864457847,,,,,,,,,
combined_maximum_sharpe,Combined Maximum Sharpe,combined,maximum_sharpe,monthly,15,2022-03-01,2021-03-02,2022-02-28,2022-03-01,252,252,60,0.2382437503697168,0.0002382437503697168,10.0,sample_ridge,,2501.83520665403,15.6446971387369,2501.8334143156535,0.0036381531451726568,2.6074494970483213e-09,-0.46865655744791945,1.8126264661629579,True,0,Optimization terminated successfully,17,3,-3.516779706184371,0.47693053350632786,0.1356156976985593,3.516779706184371,3.86557452713987e-12,0.0,0.0,0.1,0.020020126680333043,0.08500516654179059,0.03803503677622263,8.37468614132407,0.13957810235540116,,,,,,,,,
combined_maximum_sharpe,Combined Maximum Sharpe,combined,maximum_sharpe,monthly,16,2022-04-01,2021-04-05,2022-03-31,2022-04-01,252,252,60,0.20870158105982498,0.00020870158105982498,10.0,sample_ridge,,2657.789451460922,15.508194418583997,2657.7874311998767,0.003399066256181919,2.5846990439170094e-09,-0.30439771676211014,1.885652709704718,True,0,Optimization terminated successfully,18,3,-3.7014023279778487,0.48865099388458466,0.1320178004403927,3.7014023279778487,2.779776409056467e-12,0.0,0.0,0.1,0.019239297921329467,0.08607404734691199,0.036497167609764285,7.424052795545348,0.12373421325908913,,,,,,,,,
combined_maximum_sharpe,Combined Maximum Sharpe,combined,maximum_sharpe,monthly,17,2022-05-02,2021-05-03,2022-04-29,2022-05-02,252,252,60,0.1935682009544434,0.0001935682009544434,10.0,sample_ridge,,2268.0720529882974,14.616939598090791,2268.0705823024423,0.003755351568541809,2.4361565753202328e-09,-0.8113680578388313,0.9388799704010586,True,0,Optimization terminated successfully,12,3,-2.8108504133992316,0.42530776742728765,0.15130928540339944,2.8108504133992316,2.6827429167042283e-12,0.0,0.0,0.1,9.307046835133331e-12,0.08883250362878682,0.039559933612447876,6.890575783522294,0.11484292972537156,,,,,,,,,
combined_maximum_sharpe,Combined Maximum Sharpe,combined,maximum_sharpe,monthly,18,2022-06-01,2021-06-02,2022-05-31,2022-06-01,252,252,60,0.35651698980687196,0.00035651698980687196,10.0,sample_ridge,,1749.1178335346817,11.427291522924937,1749.1168499859352,0.0033850638542445763,1.9045485681086706e-09,-1.3313647804876834,1.0545687899640876,True,0,Optimization terminated successfully,14,3,-2.5909097513789336,0.4118123630291953,0.15894508205468005,2.5909097513789336,4.823919041996305e-12,0.0,0.0,0.1,0.0,0.08816168210696133,0.04327136005484135,6.870210278449353,0.11450350464082254,,,,,,,,,
combined_maximum_sharpe,Combined Maximum Sharpe,combined,maximum_sharpe,monthly,19,2022-07-01,2021-07-01,2022-06-30,2022-07-01,252,252,60,0.1922710722054901,0.0001922710722054901,10.0,sample_ridge,,1728.2907180182563,11.39417321293967,1728.2897413627395,0.00335857919415917,1.8990288498329904e-09,-1.3731545680323536,0.8011361548468544,True,0,Optimization terminated successfully,11,3,-1.8857784229062045,0.3097889029987491,0.1642764066211598,1.8857784229062045,4.8749893011290624e-11,0.0,0.0,0.1,0.0,0.09084310458029458,0.042916176963369364,7.08983752509262,0.11816395875154367,,,,,,,,,
combined_maximum_sharpe,Combined Maximum Sharpe,combined,maximum_sharpe,monthly,20,2022-08-01,2021-07-30,2022-07-29,2022-08-01,252,252,60,0.1530563237635204,0.0001530563237635204,10.0,sample_ridge,,1745.9284225597828,11.969160269844172,1745.9274188145564,0.003467899877531967,1.9948600250254287e-09,-1.124999905167706,1.0610827829850287,True,0,Optimization terminated successfully,11,3,-2.16008846909337,0.39372780077992753,0.18227392369034892,2.16008846909337,5.400280223000209e-11,0.0,0.0,0.1,0.0,0.09118770962144715,0.042988377921203226,5.598087951525874,0.09330146585876456,,,,,,,,,
combined_maximum_sharpe,Combined Maximum Sharpe,combined,maximum_sharpe,monthly,21,2022-09-01,2021-09-01,2022-08-31,2022-09-01,252,252,60,0.1508257398027334,0.0001508257398027334,10.0,sample_ridge,,1737.9831184875734,11.88356948842717,1737.9821098442574,0.0034107794427566457,1.9805948949319128e-09,-1.791651518649385,1.1828191271343909,True,0,Optimization terminated successfully,3,3,-2.2422261628863214,0.4196343128711232,0.18715075214845678,2.2422261628863214,1.078692690725802e-12,0.0,0.0,0.1,0.0,0.099999999999896,0.04627345712266828,5.230340345959236,0.08717233909932061,,,,,,,,,
combined_maximum_sharpe,Combined Maximum Sharpe,combined,maximum_sharpe,monthly,22,2022-10-03,2021-10-01,2022-09-30,2022-10-03,252,252,60,0.026768982431284467,2.676898243128447e-05,10.0,sample_ridge,,1698.881325240989,11.7416379889912,1698.8803108499346,0.0032755131851599957,1.9569396452624707e-09,-1.6131078797075316,0.8913308032260187,True,0,Optimization terminated successfully,5,3,-1.7494295298413371,0.3358168954515758,0.1919579438458618,1.7494295298413371,3.663847003565479e-12,0.0,0.0,0.1,0.0,0.09792821221251247,0.04499096638858503,5.263893021017696,0.08773155035029494,,,,,,,,,
combined_maximum_sharpe,Combined Maximum Sharpe,combined,maximum_sharpe,monthly,23,2022-11-01,2021-11-01,2022-10-31,2022-11-01,252,252,60,0.21113634585609262,0.00021113634585609263,10.0,sample_ridge,,1529.693039460691,11.868531637254668,1529.6921907522328,0.003562931697367819,1.9780885864282257e-09,-1.7028483801535979,0.9320822595695339,True,0,Optimization terminated successfully,3,3,-2.179466253320881,0.431350601096922,0.19791570548048978,2.179466253320881,1.3873346915715956e-12,0.0,0.0,0.1,0.0,0.09999999999985129,0.044262384155744655,5.847909016840583,0.09746515028067639,,,,,,,,,
combined_maximum_sharpe,Combined Maximum Sharpe,combined,maximum_sharpe,monthly,24,2022-12-01,2021-12-01,2022-11-30,2022-12-01,252,252,60,0.11700780710772443,0.00011700780710772443,10.0,sample_ridge,,1741.480456821167,12.511759456409925,1741.479417358475,0.003491623258897,2.0852932218820557e-09,-1.4992075946870713,1.012398262304997,True,0,Optimization terminated successfully,10,3,-2.677277079035304,0.4843102401586244,0.1808965698586321,2.677277079035304,1.6409096303959814e-12,0.0,0.0,0.1,0.0,0.09516569827941146,0.041347266067957945,6.837456054764065,0.11395760091273441,,,,,,,,,
combined_maximum_sharpe,Combined Maximum Sharpe,combined,maximum_sharpe,monthly,25,2023-01-03,2021-12-31,2022-12-30,2023-01-03,252,252,60,0.103197021371208,0.000103197021371208,10.0,sample_ridge,,1687.722226352582,12.204746130223773,1687.7212445509294,0.00349459862260238,2.034124334696052e-09,-1.6878110548244987,0.9359017507349877,True,0,Optimization terminated successfully,9,3,-2.1428445053678713,0.43100175113306394,0.20113533672340447,2.1428445053678713,1.0980105713542798e-12,0.0,0.0,0.1,0.0,0.0989596221639221,0.04401646341137945,5.546642162044407,0.09244403603407345,,,,,,,,,
combined_maximum_sharpe,Combined Maximum Sharpe,combined,maximum_sharpe,monthly,26,2023-02-01,2022-01-31,2023-01-31,2023-02-01,252,252,60,0.2064610361609596,0.0002064610361609596,10.0,sample_ridge,,1534.2633133226127,12.050344039961132,1534.2625053683762,0.0038113442206849446,2.0083906532429493e-09,-0.9061169181647154,0.6931753816190576,True,0,Optimization terminated successfully,11,3,-1.888837553744665,0.3710336034204766,0.196434893347442,1.8888375537446656,1.5409895581797173e-13,0.0,0.0,0.09999999999998502,4.4286823224717173e-13,0.09335541466394102,0.0403959667476187,5.931516632723459,0.09885861054539098,,,,,,,,,
combined_maximum_sharpe,Combined Maximum Sharpe,combined,maximum_sharpe,monthly,27,2023-03-01,2022-02-28,2023-02-28,2023-03-01,252,252,60,0.2468615222246356,0.00024686152222463557,10.0,sample_ridge,,1718.4039056567437,11.707887040687611,1718.4028867774784,0.003289099358970045,1.9513144872681243e-09,-1.0331553358389942,0.560747599864184,True,0,Optimization terminated successfully,13,3,-1.5235774835518159,0.30637184281059104,0.2010871426744681,1.5235774835518159,8.43991543320044e-13,0.0,0.0,0.1,4.697750753232504e-15,0.08806947604482913,0.03997426481548648,5.325437528090542,0.08875729213484236,,,,,,,,,
combined_maximum_sharpe,Combined Maximum Sharpe,combined,maximum_sharpe,monthly,28,2023-04-03,2022-03-31,2023-03-31,2023-04-03,252,252,60,0.36474058534697285,0.00036474058534697283,10.0,sample_ridge,,1617.68167209737,11.569485901906852,1617.680774762569,0.0034740239466297144,1.928247631035332e-09,-1.1728849366405165,0.4041887312530835,True,0,Optimization terminated successfully,10,3,-1.2277503827912735,0.22508943126012854,0.18333484918032836,1.2277503827912735,2.7177926575916445e-11,0.0,0.0,0.1,0.0,0.09234834800767175,0.03865825395323866,6.075250449274582,0.10125417415457635,,,,,,,,,
combined_maximum_sharpe,Combined Maximum Sharpe,combined,maximum_sharpe,monthly,29,2023-05-01,2022-04-28,2023-04-28,2023-05-01,252,252,60,0.29554937476160914,0.00029554937476160915,10.0,sample_ridge,,1653.5205264697008,11.166942179208714,1653.5195744327805,0.0032305471431908575,1.8611570112565487e-09,-0.8606587353755566,0.5858993506629674,True,0,Optimization terminated successfully,10,3,-1.6403452836216392,0.3470130268371826,0.21154876982425877,1.6403452836216392,2.9753977059954195e-14,0.0,0.0,0.1,0.0,0.08854076324973043,0.04054441925563428,3.500734670428602,0.0583455778404767,,,,,,,,,
combined_maximum_sharpe,Combined Maximum Sharpe,combined,maximum_sharpe,monthly,30,2023-06-01,2022-05-31,2023-05-31,2023-06-01,252,252,60,0.32922692987712154,0.00032922692987712155,10.0,sample_ridge,,1381.8653047969065,9.835175172956511,1381.864585035373,0.003144803621440402,1.63919584576746e-09,-0.45545680673063427,0.9143758820515224,True,0,Optimization terminated successfully,9,3,-1.9296036016846307,0.48614675071200747,0.25194125378268334,1.9296036016846312,1.8895995879120164e-13,0.0,0.0,0.205157316293967,0.20515731629424114,0.1167141146663894,0.062416597348749235,2.81035268223903,0.0468392113706505,,,,,,,,,
combined_maximum_sharpe,Combined Maximum Sharpe,combined,maximum_sharpe,monthly,31,2023-07-03,2022-06-30,2023-06-30,2023-07-03,252,252,60,0.22969194743699603,0.00022969194743699604,10.0,sample_ridge,,1200.8839779487605,9.43331720504861,1200.8833950209728,0.0032362173452965535,1.5722195184525737e-09,-0.4050686877913898,1.2823855441728425,True,0,Optimization terminated successfully,12,3,-2.7260447693848477,0.6206836699733205,0.22768652846203344,2.7260447693848477,3.5427216715788745e-13,0.0,0.0,0.10081314093194553,0.1727527356221459,0.09362091395813207,0.043102507992782785,2.732150030887,0.045535833848116665,,,,,,,,,
combined_maximum_sharpe,Combined Maximum Sharpe,combined,maximum_sharpe,monthly,32,2023-08-01,2022-07-29,2023-07-31,2023-08-01,252,252,60,0.18463815101828895,0.00018463815101828896,10.0,sample_ridge,,1224.496672314361,9.726061270141216,1224.4960377248765,0.00312532848267032,1.6210101954801005e-09,-0.4257137157133368,1.4045880045311487,True,0,Optimization terminated successfully,13,3,-2.7010607001515856,0.5784674150992348,0.21416305641216088,2.7010607001515856,2.9598545836506673e-13,0.0,0.0,0.09999999999996186,0.14609431484347457,0.09061428304487001,0.04192983215882531,3.2876249971882707,0.05479374995313784,,,,,,,,,
combined_maximum_sharpe,Combined Maximum Sharpe,combined,maximum_sharpe,monthly,33,2023-09-01,2022-08-31,2023-08-31,2023-09-01,252,252,60,0.16761481479949855,0.00016761481479949855,10.0,sample_ridge,,1081.8206752221295,9.377587196601691,1081.8201815904176,0.0034220823032751913,1.562931183804303e-09,-0.43813560969970056,1.3175303418143658,True,0,Optimization terminated successfully,12,3,-2.818735098339489,0.5214602910910933,0.184997977070738,2.818735098339489,2.5623947408348613e-12,0.0,0.0,0.1,0.09761933101591137,0.08991913147874256,0.03840413567214832,4.055867355219964,0.06759778925366607,,,,,,,,,
combined_maximum_sharpe,Combined Maximum Sharpe,combined,maximum_sharpe,monthly,34,2023-10-02,2022-09-29,2023-09-29,2023-10-02,252,252,60,0.19607241316229557,0.00019607241316229557,10.0,sample_ridge,,972.0020640065264,8.745983435227723,972.001657314027,0.0034802575570385586,1.4576638912946484e-09,-0.43345810393913387,1.3764609828460026,True,0,Optimization terminated successfully,11,3,-3.2336015054967904,0.5822160728013479,0.180051893163595,3.23360150549679,8.482103908136196e-14,0.0,0.0,0.1,0.07482747222789067,0.09319750612583343,0.040705042385944724,4.2895940475727485,0.07149323412621247,,,,,,,,,
combined_maximum_sharpe,Combined Maximum Sharpe,combined,maximum_sharpe,monthly,35,2023-11-01,2022-10-31,2023-10-31,2023-11-01,252,252,60,0.34409047004750104,0.00034409047004750105,10.0,sample_ridge,,940.1629121255501,8.394732475838616,940.1625344027392,0.003478750874149747,1.3991220653152154e-09,-0.4631479082031792,1.221485025665576,True,0,Optimization terminated successfully,13,3,-2.5660066944756896,0.475721350554586,0.18539365138008332,2.5660066944756896,1.1166623181679824e-12,0.0,0.0,0.1,0.11832648971077511,0.09174866301514616,0.0457951855430955,3.991915120101906,0.0665319186683651,,,,,,,,,
combined_maximum_sharpe,Combined Maximum Sharpe,combined,maximum_sharpe,monthly,36,2023-12-01,2022-11-30,2023-11-30,2023-12-01,252,252,60,0.46100960970554866,0.00046100960970554865,10.0,sample_ridge,,718.9238616587598,7.481652148752392,718.9236053277319,0.0034923959148081317,1.2469420123226453e-09,-0.2766021355118453,1.2222043695132911,True,0,Optimization terminated successfully,15,3,-2.900958711250885,0.5243378893068976,0.18074641575329578,2.900958711250885,2.4291679778798425e-13,0.0,0.0,0.1185197509429478,0.16834039099943887,0.09160707857177523,0.04104922753992258,4.583316234067077,0.07638860390111794,,,,,,,,,
combined_minimum_variance,Combined Minimum Variance,combined,minimum_variance,monthly,1,2021-01-04,2020-01-03,2020-12-31,2021-01-04,252,252,60,1.0,0.001,10.0,sample_ridge,,1033.4140189789068,21.157579991903326,1033.413620149154,0.009128114582134406,3.526263296721254e-09,-0.3492732395247833,1.982593873089236,True,0,Optimization terminated successfully,18,1,0.0609390255510732,0.24257212550243182,0.2468583106785615,0.9826370634865488,6.661338147750939e-16,0.0,0.0,0.1,1.974015989536307e-16,0.09309194684052804,0.035534037903161585,4.2797806549499064,0.07132967758249845,,,,,,,,,
combined_minimum_variance,Combined Minimum Variance,combined,minimum_variance,monthly,2,2021-02-01,2020-01-31,2021-01-29,2021-02-01,252,252,60,0.02547180863121778,2.5471808631217783e-05,10.0,sample_ridge,,1091.1159806064534,22.44822153978953,1091.1155307785195,0.00906686119653018,3.741370219217885e-09,-0.23740683868214907,2.7597000301127537,True,0,Optimization terminated successfully,19,1,0.06157307848907078,0.2324661397620627,0.24813923206351465,0.9368375078333433,4.440892098500626e-16,0.0,0.0,0.1,9.411819005733606e-17,0.09212675008879484,0.03525630113134139,4.710980854084793,0.07851634756807989,,,,,,,,,
combined_minimum_variance,Combined Minimum Variance,combined,minimum_variance,monthly,3,2021-03-01,2020-02-28,2021-02-26,2021-03-01,252,252,60,0.03849657553350199,3.849657553350199e-05,10.0,sample_ridge,,1144.0404576090773,23.014831526063983,1144.0399490852305,0.008621976286872026,3.835805215985945e-09,-0.09602128620994455,2.9761046427603395,True,0,Optimization terminated successfully,17,1,0.05996512452411662,0.2497123595481381,0.24487777466343616,1.0197428488205869,4.440892098500626e-16,0.0,0.0,0.1,3.4176198037147817e-17,0.09239536756398316,0.03532398314378002,4.897504634383577,0.08162507723972628,,,,,,,,,
combined_minimum_variance,Combined Minimum Variance,combined,minimum_variance,monthly,4,2021-04-01,2020-04-01,2021-03-31,2021-04-01,252,252,60,0.26369299458212647,0.0002636929945821265,10.0,sample_ridge,,662.0121449886715,15.539452910196802,662.0119356502846,0.008177961042976675,2.5899087924670455e-09,-0.060127039234835644,2.867691654241286,True,0,Optimization terminated successfully,22,1,0.021914422802410443,0.29879377559615306,0.14803520798246086,2.0183967021652984,2.220446049250313e-16,0.0,0.0,0.1,0.016309003824992546,0.09134646271337216,0.035206609404378544,10.180351001885553,0.16967251669809255,,,,,,,,,
combined_minimum_variance,Combined Minimum Variance,combined,minimum_variance,monthly,5,2021-05-03,2020-05-01,2021-04-30,2021-05-03,252,252,60,0.14273600985508186,0.00014273600985508186,10.0,sample_ridge,,797.3613484584146,15.299208835217478,797.3610584587759,0.00700213425586742,2.5498681137042323e-09,-0.2081438801394524,2.7040908911882555,True,0,Optimization terminated successfully,30,1,0.0145128336691859,0.24346102199645295,0.1204692229126838,2.020939590296135,1.1102230246251565e-16,0.0,0.0,0.1,0.017329978939900858,0.08104007742400145,0.03255201260103226,12.20334435447721,0.20338907257462016,,,,,,,,,
combined_minimum_variance,Combined Minimum Variance,combined,minimum_variance,monthly,6,2021-06-01,2020-06-01,2021-05-28,2021-06-01,252,252,60,0.10330617501423346,0.00010330617501423347,10.0,sample_ridge,,1412.0342280329962,19.13689618527403,1412.0335165734627,0.0063256854156733084,3.1894826656508454e-09,-0.09446757920356907,2.5441974199957964,True,0,Optimization terminated successfully,30,1,0.013222940157518407,0.17754531379559996,0.1149910438143702,1.543992539820849,2.220446049250313e-16,0.0,0.0,0.1,0.005470513985822822,0.0822640035863027,0.03288284020428841,11.82592027934057,0.19709867132234285,,,,,,,,,
combined_minimum_variance,Combined Minimum Variance,combined,minimum_variance,monthly,7,2021-07-01,2020-07-01,2021-06-30,2021-07-01,252,252,60,0.14771702498027386,0.00014771702498027388,10.0,sample_ridge,,1689.7173417506071,19.25250895118555,1689.7163954840023,0.005726371633277819,3.2087514597767435e-09,-0.04517062980827402,2.4942228399591873,True,0,Optimization terminated successfully,29,1,0.010561426476984902,0.24794051380513993,0.10276880108761073,2.4126049071426827,1.1102230246251565e-16,0.0,0.0,0.1,0.007376456175679809,0.07485499227705089,0.03070486823958392,11.423806370969956,0.19039677284949927,,,,,,,,,
combined_minimum_variance,Combined Minimum Variance,combined,minimum_variance,monthly,8,2021-08-02,2020-07-31,2021-07-30,2021-08-02,252,252,60,0.06939377519846243,6.939377519846243e-05,10.0,sample_ridge,,1995.455148305402,19.050136395589725,1995.4538598721672,0.004914837793726759,3.1750227008480616e-09,-0.03111480254552568,2.133926362043439,True,0,Optimization terminated successfully,34,1,0.010377736577700244,0.23628233063993634,0.1018711763832157,2.319422814468119,2.220446049250313e-16,0.0,0.0,0.09999999999999999,0.0071745877086889474,0.07672875075336005,0.031267015471327424,13.813367242335667,0.23022278737226112,,,,,,,,,
combined_minimum_variance,Combined Minimum Variance,combined,minimum_variance,monthly,9,2021-09-01,2020-09-01,2021-08-31,2021-09-01,252,252,60,0.05393455334461687,5.3934553344616874e-05,10.0,sample_ridge,,2130.423351434478,19.19628066223325,2130.421906888042,0.004716244829139146,3.1993800783784072e-09,-0.07863987065770972,2.5355819840145335,True,0,Optimization terminated successfully,31,1,0.01019867800952964,0.2164055877984371,0.10098850434346297,2.1428734805541767,3.3306690738754696e-16,0.0,0.0,0.1,0.007776928338787827,0.07691714958811538,0.031292108239858736,14.844127788075703,0.24740212980126172,,,,,,,,,
combined_minimum_variance,Combined Minimum Variance,combined,minimum_variance,monthly,10,2021-10-01,2020-10-01,2021-09-30,2021-10-01,252,252,60,0.17153041729927274,0.00017153041729927275,10.0,sample_ridge,,2463.798347830006,19.277343381734276,2463.7964940943734,0.004268516662541306,3.2128905314934743e-09,-0.12416434745014902,2.3815964347981127,True,0,Optimization terminated successfully,36,1,0.008976445376245352,0.15298219600821183,0.09474410470443716,1.614688285729795,1.1102230246251565e-16,0.0,0.0,0.1,2.884570197308227e-17,0.07458741292519541,0.03069597485285161,13.916284255673453,0.2319380709278909,,,,,,,,,
combined_minimum_variance,Combined Minimum Variance,combined,minimum_variance,monthly,11,2021-11-01,2020-10-30,2021-10-29,2021-11-01,252,252,60,0.14730290784295508,0.0001473029078429551,10.0,sample_ridge,,2619.1187078079533,19.338376758386744,2619.1166455316716,0.0040917703255054574,3.2230627608338288e-09,-0.03804484144889364,2.5476784819297986,True,0,Optimization terminated successfully,33,1,0.008421415774295596,0.24438512131726717,0.09176827215489892,2.6630676984389643,2.220446049250313e-16,0.0,0.0,0.1,2.6592430772793625e-17,0.06813696490716246,0.029183364444193886,14.028607798590896,0.23381012997651493,,,,,,,,,
combined_minimum_variance,Combined Minimum Variance,combined,minimum_variance,monthly,12,2021-12-01,2020-12-01,2021-11-30,2021-12-01,252,252,60,0.1843652152292524,0.0001843652152292524,10.0,sample_ridge,,2669.719085657815,18.426989818738598,2669.717009456781,0.003947631431548849,3.0711649390781164e-09,-0.17349452421536093,1.9218005257051143,True,0,Optimization terminated successfully,40,1,0.008168148780959844,0.1410769947089162,0.09037781133087835,1.5609693643988036,1.1102230246251565e-16,0.0,0.0,0.1,3.5208601971174404e-17,0.06254804803110103,0.027440669371620915,13.769209032224945,0.22948681720374908,,,,,,,,,
combined_minimum_variance,Combined Minimum Variance,combined,minimum_variance,monthly,13,2022-01-03,2021-01-04,2021-12-31,2022-01-03,252,252,60,0.12608194281031518,0.00012608194281031517,10.0,sample_ridge,,2666.6247079653226,17.698271806197972,2666.622618322197,0.003762759745499404,2.949711938202543e-09,-0.12605950714046,1.882587306240429,True,0,Optimization terminated successfully,43,1,0.008860268559544077,0.1801009823816936,0.09412899956731761,1.913342149704799,2.220446049250313e-16,0.0,0.0,0.1,3.6244179980069994e-17,0.06299636230587344,0.027642228572996114,12.949687100792081,0.21582811834653468,,,,,,,,,
combined_minimum_variance,Combined Minimum Variance,combined,minimum_variance,monthly,14,2022-02-01,2021-02-02,2022-01-31,2022-02-01,252,252,60,0.2789607376801527,0.0002789607376801527,10.0,sample_ridge,,2851.3428451164423,16.249425250724453,2851.3405090359306,0.0033044261135941736,2.7082375147050344e-09,-0.26246068625737806,1.7523508442205948,True,0,Optimization terminated successfully,44,1,0.008831734400152837,0.18835265768485085,0.09397730790011403,2.00423551060907,2.220446049250313e-16,0.0,0.0,0.1,2.8796350155056544e-17,0.060794642433789854,0.027079675550538043,11.53166815941221,0.19219446932353682,,,,,,,,,
combined_minimum_variance,Combined Minimum Variance,combined,minimum_variance,monthly,15,2022-03-01,2021-03-02,2022-02-28,2022-03-01,252,252,60,0.244802520813082,0.00024480252081308197,10.0,sample_ridge,,2501.83520665403,15.6446971387369,2501.8334143156535,0.0036381531451726568,2.6074494970483213e-09,-0.46865655744791945,1.8126264661629579,True,0,Optimization terminated successfully,42,1,0.008857966420516191,0.14274843910002274,0.09411677013431875,1.5167162971731745,2.220446049250313e-16,0.0,0.0,0.1,3.006957366039896e-17,0.06819437611930645,0.02901497092396458,10.590551109065512,0.17650918515109187,,,,,,,,,
combined_minimum_variance,Combined Minimum Variance,combined,minimum_variance,monthly,16,2022-04-01,2021-04-05,2022-03-31,2022-04-01,252,252,60,0.1430785158897734,0.0001430785158897734,10.0,sample_ridge,,2657.789451460922,15.508194418583997,2657.7874311998767,0.003399066256181919,2.5846990439170094e-09,-0.30439771676211014,1.885652709704718,True,0,Optimization terminated successfully,43,1,0.008686708229768537,0.1554936590990379,0.09320251192842678,1.668341935016156,0.0,0.0,0.0,0.1,1.5568677548880562e-17,0.06785533130214833,0.028952201424448938,10.309461332989944,0.17182435554983239,,,,,,,,,
combined_minimum_variance,Combined Minimum Variance,combined,minimum_variance,monthly,17,2022-05-02,2021-05-03,2022-04-29,2022-05-02,252,252,60,0.22169463973166798,0.00022169463973166798,10.0,sample_ridge,,2268.0720529882974,14.616939598090791,2268.0705823024423,0.003755351568541809,2.4361565753202328e-09,-0.8113680578388313,0.9388799704010586,True,0,Optimization terminated successfully,45,1,0.010397625575815049,0.08063152972594007,0.10196874803494965,0.7907474719440873,4.440892098500626e-16,0.0,0.0,0.1,3.122282703136779e-17,0.07582767211654831,0.03127090697918457,8.586221272770088,0.14310368787950145,,,,,,,,,
combined_minimum_variance,Combined Minimum Variance,combined,minimum_variance,monthly,18,2022-06-01,2021-06-02,2022-05-31,2022-06-01,252,252,60,0.21668739573005,0.00021668739573005001,10.0,sample_ridge,,1749.1178335346817,11.427291522924937,1749.1168499859352,0.0033850638542445763,1.9045485681086706e-09,-1.3313647804876834,1.0545687899640876,True,0,Optimization terminated successfully,33,1,0.011731616930252882,0.0845316457991886,0.10831258897401022,0.780441559009102,2.220446049250313e-16,0.0,0.0,0.1,0.008418174877569124,0.07618309995319283,0.031313575235327844,7.705822993808884,0.12843038323014805,,,,,,,,,
combined_minimum_variance,Combined Minimum Variance,combined,minimum_variance,monthly,19,2022-07-01,2021-07-01,2022-06-30,2022-07-01,252,252,60,0.13759823163097967,0.00013759823163097968,10.0,sample_ridge,,1728.2907180182563,11.39417321293967,1728.2897413627395,0.00335857919415917,1.8990288498329904e-09,-1.3731545680323536,0.8011361548468544,True,0,Optimization terminated successfully,36,1,0.013940043821984785,0.024894626810359498,0.1180679627248001,0.2108499734884508,0.0,0.0,0.0,0.1,2.3314541790039445e-17,0.07364055326800345,0.030557472533471727,7.167366724718585,0.11945611207864308,,,,,,,,,
combined_minimum_variance,Combined Minimum Variance,combined,minimum_variance,monthly,20,2022-08-01,2021-07-30,2022-07-29,2022-08-01,252,252,60,0.08322113102173424,8.322113102173424e-05,10.0,sample_ridge,,1745.9284225597828,11.969160269844172,1745.9274188145564,0.003467899877531967,1.9948600250254287e-09,-1.124999905167706,1.0610827829850287,True,0,Optimization terminated successfully,31,1,0.014397417018620897,0.018183155393325937,0.11998923709491988,0.15153988668951857,2.220446049250313e-16,0.0,0.0,0.1,3.135450436725378e-17,0.07466243729992339,0.030847350377949476,7.2043654481739,0.120072757469565,,,,,,,,,
combined_minimum_variance,Combined Minimum Variance,combined,minimum_variance,monthly,21,2022-09-01,2021-09-01,2022-08-31,2022-09-01,252,252,60,0.10968578604569953,0.00010968578604569954,10.0,sample_ridge,,1737.9831184875734,11.88356948842717,1737.9821098442574,0.0034107794427566457,1.9805948949319128e-09,-1.791651518649385,1.1828191271343909,True,0,Optimization terminated successfully,41,1,0.015105433795798259,0.03947959902358355,0.12290416508726731,0.3212226289935033,2.220446049250313e-16,0.0,0.0,0.1,2.0758773302972958e-17,0.07733111770552226,0.031558404403283336,7.790173164616123,0.1298362194102687,,,,,,,,,
combined_minimum_variance,Combined Minimum Variance,combined,minimum_variance,monthly,22,2022-10-03,2021-10-01,2022-09-30,2022-10-03,252,252,60,0.140909820665495,0.00014090982066549502,10.0,sample_ridge,,1698.881325240989,11.7416379889912,1698.8803108499346,0.0032755131851599957,1.9569396452624707e-09,-1.6131078797075316,0.8913308032260187,True,0,Optimization terminated successfully,35,1,0.017403422762530957,0.04518591824457674,0.13192203289265578,0.3425198752155697,0.0,0.0,0.0,0.1,2.0303194107342452e-17,0.08352444958558006,0.03325349801283852,7.7569439796299005,0.12928239966049834,,,,,,,,,
combined_minimum_variance,Combined Minimum Variance,combined,minimum_variance,monthly,23,2022-11-01,2021-11-01,2022-10-31,2022-11-01,252,252,60,0.11790038356093173,0.00011790038356093173,10.0,sample_ridge,,1529.693039460691,11.868531637254668,1529.6921907522328,0.003562931697367819,1.9780885864282257e-09,-1.7028483801535979,0.9320822595695339,True,0,Optimization terminated successfully,33,1,0.02014912140432815,0.11744334318314698,0.1419476009107873,0.8273711033479105,0.0,0.0,0.0,0.1,0.00775539958806682,0.08570599547286548,0.03366196872115988,6.930687168586134,0.1155114528097689,,,,,,,,,
combined_minimum_variance,Combined Minimum Variance,combined,minimum_variance,monthly,24,2022-12-01,2021-12-01,2022-11-30,2022-12-01,252,252,60,0.09656329263448035,9.656329263448036e-05,10.0,sample_ridge,,1741.480456821167,12.511759456409925,1741.479417358475,0.003491623258897,2.0852932218820557e-09,-1.4992075946870713,1.012398262304997,True,0,Optimization terminated successfully,37,1,0.02082218151381728,0.25018188505912947,0.14429893109034894,1.7337750402494994,2.220446049250313e-16,0.0,0.0,0.1,2.7841202781357656e-17,0.0841844806414482,0.03309497758925888,6.5640257163966265,0.10940042860661044,,,,,,,,,
combined_minimum_variance,Combined Minimum Variance,combined,minimum_variance,monthly,25,2023-01-03,2021-12-31,2022-12-30,2023-01-03,252,252,60,0.06113446134159164,6.113446134159164e-05,10.0,sample_ridge,,1687.722226352582,12.204746130223773,1687.7212445509294,0.00349459862260238,2.034124334696052e-09,-1.6878110548244987,0.9359017507349877,True,0,Optimization terminated successfully,37,1,0.02098242285120777,0.13206110709962104,0.14485310784103933,0.9116898426821733,2.220446049250313e-16,0.0,0.0,0.1,0.0023329059184863847,0.0841476070903133,0.03307879587438601,6.340588087901128,0.10567646813168546,,,,,,,,,
combined_minimum_variance,Combined Minimum Variance,combined,minimum_variance,monthly,26,2023-02-01,2022-01-31,2023-01-31,2023-02-01,252,252,60,0.05271094583228731,5.271094583228731e-05,10.0,sample_ridge,,1534.2633133226127,12.050344039961132,1534.2625053683762,0.0038113442206849446,2.0083906532429493e-09,-0.9061169181647154,0.6931753816190576,True,0,Optimization terminated successfully,26,1,0.02143410623062133,0.12496143929268315,0.14640391466972913,0.8535389205581162,0.0,0.0,0.0,0.1,0.0036010971036516725,0.08414660989050497,0.03313911063783054,6.836397248632645,0.11393995414387742,,,,,,,,,
combined_minimum_variance,Combined Minimum Variance,combined,minimum_variance,monthly,27,2023-03-01,2022-02-28,2023-02-28,2023-03-01,252,252,60,0.087488979176322,8.7488979176322e-05,10.0,sample_ridge,,1718.4039056567437,11.707887040687611,1718.4028867774784,0.003289099358970045,1.9513144872681243e-09,-1.0331553358389942,0.560747599864184,True,0,Optimization terminated successfully,25,1,0.02127545513480628,0.07965919914830466,0.14586108163182623,0.5461305939673176,2.220446049250313e-16,0.0,0.0,0.1,4.7579603799906704e-17,0.09099564467210203,0.035056505899178754,6.826800783214757,0.11378001305357928,,,,,,,,,
combined_minimum_variance,Combined Minimum Variance,combined,minimum_variance,monthly,28,2023-04-03,2022-03-31,2023-03-31,2023-04-03,252,252,60,0.059289397367915504,5.92893973679155e-05,10.0,sample_ridge,,1617.68167209737,11.569485901906852,1617.680774762569,0.0034740239466297144,1.928247631035332e-09,-1.1728849366405165,0.4041887312530835,True,0,Optimization terminated successfully,25,1,0.021871362404015444,0.05067629786518914,0.147889696747324,0.3426628019379322,2.220446049250313e-16,0.0,0.0,0.1,3.728134618412658e-17,0.08662393344884749,0.03377788594109012,7.027239297844783,0.11712065496407972,,,,,,,,,
combined_minimum_variance,Combined Minimum Variance,combined,minimum_variance,monthly,29,2023-05-01,2022-04-28,2023-04-28,2023-05-01,252,252,60,0.06188459703034665,6.188459703034665e-05,10.0,sample_ridge,,1653.5205264697008,11.166942179208714,1653.5195744327805,0.0032305471431908575,1.8611570112565487e-09,-0.8606587353755566,0.5858993506629674,True,0,Optimization terminated successfully,29,1,0.021767246421300384,0.056511026846167975,0.14753727129542685,0.38302881942970857,2.220446049250313e-16,0.0,0.0,0.1,3.0114460746122685e-17,0.08457847590021889,0.03311530160504328,7.428100326504666,0.1238016721084111,,,,,,,,,
combined_minimum_variance,Combined Minimum Variance,combined,minimum_variance,monthly,30,2023-06-01,2022-05-31,2023-05-31,2023-06-01,252,252,60,0.12380189512272455,0.00012380189512272455,10.0,sample_ridge,,1381.8653047969065,9.835175172956511,1381.864585035373,0.003144803621440402,1.63919584576746e-09,-0.45545680673063427,0.9143758820515224,True,0,Optimization terminated successfully,31,1,0.0192739970467695,-0.011227369792601081,0.13883082167432959,-0.0808708733204672,2.220446049250313e-16,0.0,0.0,0.1,3.3007562593801707e-17,0.08590651984609224,0.03336746263252976,6.726840467005527,0.11211400778342545,,,,,,,,,
combined_minimum_variance,Combined Minimum Variance,combined,minimum_variance,monthly,31,2023-07-03,2022-06-30,2023-06-30,2023-07-03,252,252,60,0.11303565626613414,0.00011303565626613415,10.0,sample_ridge,,1200.8839779487605,9.43331720504861,1200.8833950209728,0.0032362173452965535,1.5722195184525737e-09,-0.4050686877913898,1.2823855441728425,True,0,Optimization terminated successfully,31,1,0.016653028172360737,0.059404350702339244,0.1290466124017238,0.46033250774079,2.220446049250313e-16,0.0,0.0,0.1,0.037168796639193924,0.08325181345540804,0.032746177827801794,8.829329721866571,0.14715549536444286,,,,,,,,,
combined_minimum_variance,Combined Minimum Variance,combined,minimum_variance,monthly,32,2023-08-01,2022-07-29,2023-07-31,2023-08-01,252,252,60,0.06988385476898434,6.988385476898435e-05,10.0,sample_ridge,,1224.496672314361,9.726061270141216,1224.4960377248765,0.00312532848267032,1.6210101954801005e-09,-0.4257137157133368,1.4045880045311487,True,0,Optimization terminated successfully,33,1,0.016296668753607368,0.062013811006922576,0.12765840651366195,0.4857792972708451,1.1102230246251565e-16,0.0,0.0,0.1,0.03282422615094198,0.0840450610312763,0.03299589826685733,8.671223707120623,0.14452039511867704,,,,,,,,,
combined_minimum_variance,Combined Minimum Variance,combined,minimum_variance,monthly,33,2023-09-01,2022-08-31,2023-08-31,2023-09-01,252,252,60,0.054768224714255985,5.476822471425599e-05,10.0,sample_ridge,,1081.8206752221295,9.377587196601691,1081.8201815904176,0.0034220823032751913,1.562931183804303e-09,-0.43813560969970056,1.3175303418143658,True,0,Optimization terminated successfully,33,1,0.0159511593511898,0.0862958823951549,0.1262978992350617,0.6832725082350237,0.0,0.0,0.0,0.1,0.031120444501862087,0.08296098378217048,0.03275353557249374,9.029712162827607,0.15049520271379346,,,,,,,,,
combined_minimum_variance,Combined Minimum Variance,combined,minimum_variance,monthly,34,2023-10-02,2022-09-29,2023-09-29,2023-10-02,252,252,60,0.07241939656481909,7.24193965648191e-05,10.0,sample_ridge,,972.0020640065264,8.745983435227723,972.001657314027,0.0034802575570385586,1.4576638912946484e-09,-0.43345810393913387,1.3764609828460026,True,0,Optimization terminated successfully,31,1,0.0140903282670679,0.1291388615137977,0.11870268854186876,1.0879185897145698,2.220446049250313e-16,0.0,0.0,0.1,0.03268800721773578,0.08510638622756062,0.03345295777850377,10.077479715782511,0.16795799526304184,,,,,,,,,
combined_minimum_variance,Combined Minimum Variance,combined,minimum_variance,monthly,35,2023-11-01,2022-10-31,2023-10-31,2023-11-01,252,252,60,0.1140026840819607,0.0001140026840819607,10.0,sample_ridge,,940.1629121255501,8.394732475838616,940.1625344027392,0.003478750874149747,1.3991220653152154e-09,-0.4631479082031792,1.221485025665576,True,0,Optimization terminated successfully,34,1,0.011543245263405976,0.023760425425954846,0.10743949582628344,0.22115168396147872,0.0,0.0,0.0,0.1,0.012011625881477608,0.07740144763025117,0.031319043718169584,11.335267763811977,0.18892112939686628,,,,,,,,,
combined_minimum_variance,Combined Minimum Variance,combined,minimum_variance,monthly,36,2023-12-01,2022-11-30,2023-11-30,2023-12-01,252,252,60,0.13539510971537366,0.00013539510971537365,10.0,sample_ridge,,718.9238616587598,7.481652148752392,718.9236053277319,0.0034923959148081317,1.2469420123226453e-09,-0.2766021355118453,1.2222043695132911,True,0,Optimization terminated successfully,36,1,0.010221804769779474,0.06148412254138706,0.10110294144969015,0.6081338649477591,0.0,0.0,0.0,0.1,0.03185194434424424,0.0748310032117441,0.03064496999475142,10.121940139266714,0.1686990023211119,,,,,,,,,
combined_risk_parity,Combined Risk Parity,combined,risk_parity,monthly,1,2021-01-04,2020-01-03,2020-12-31,2021-01-04,252,252,60,1.0,0.001,10.0,sample_ridge,,1033.4140189789068,21.157579991903326,1033.413620149154,0.009128114582134406,3.526263296721254e-09,-0.3492732395247833,1.982593873089236,True,0,Optimization terminated successfully,13,1,1.2075209553654918e-10,0.3645802082736537,0.3379384652804809,1.0788360773641463,2.220446049250313e-16,0.0,0.009050936694150746,0.035011673812902044,0.1182590890271011,0.01856236249340066,1.4186384055173202e-06,1.3861511375343896,0.02310251895890649,,,,,,,,,
combined_risk_parity,Combined Risk Parity,combined,risk_parity,monthly,2,2021-02-01,2020-01-31,2021-01-29,2021-02-01,252,252,60,0.04211244098902321,4.211244098902321e-05,10.0,sample_ridge,,1091.1159806064534,22.44822153978953,1091.1155307785195,0.00906686119653018,3.741370219217885e-09,-0.23740683868214907,2.7597000301127537,True,0,Optimization terminated successfully,13,1,9.920448720939535e-11,0.3085222322144494,0.3412462788127886,0.9041043122515867,0.0,0.0,0.009043776990805785,0.033918971414733025,0.11483258143348156,0.01859054491445315,1.2858491825080027e-06,1.4965327816465186,0.024942213027441977,,,,,,,,,
combined_risk_parity,Combined Risk Parity,combined,risk_parity,monthly,3,2021-03-01,2020-02-28,2021-02-26,2021-03-01,252,252,60,0.06265790310909865,6.265790310909865e-05,10.0,sample_ridge,,1144.0404576090773,23.014831526063983,1144.0399490852305,0.008621976286872026,3.835805215985945e-09,-0.09602128620994455,2.9761046427603395,True,0,Optimization terminated successfully,13,1,1.76338311709496e-10,0.4383230634443276,0.3370091689210663,1.3006265225590667,0.0,0.0,0.009007808281377394,0.03361393916122515,0.11173880242570844,0.01860365266358489,1.7143429825518198e-06,1.5847726278701786,0.026412877131169642,,,,,,,,,
combined_risk_parity,Combined Risk Parity,combined,risk_parity,monthly,4,2021-04-01,2020-04-01,2021-03-31,2021-04-01,252,252,60,0.07690878635761325,7.690878635761325e-05,10.0,sample_ridge,,662.0121449886715,15.539452910196802,662.0119356502846,0.008177961042976675,2.5899087924670455e-09,-0.060127039234835644,2.867691654241286,True,0,Optimization terminated successfully,18,1,2.375971817693802e-10,0.5386596880425214,0.20278031080247094,2.6563707586346084,0.0,0.0,0.006700983360795335,0.03973462326211976,0.09219156670763018,0.019624776338478457,1.9899630723933997e-06,3.2806252319759563,0.054677087199599274,,,,,,,,,
combined_risk_parity,Combined Risk Parity,combined,risk_parity,monthly,5,2021-05-03,2020-05-01,2021-04-30,2021-05-03,252,252,60,0.07741182536616069,7.741182536616069e-05,10.0,sample_ridge,,797.3613484584146,15.299208835217478,797.3610584587759,0.00700213425586742,2.5498681137042323e-09,-0.2081438801394524,2.7040908911882555,True,0,Optimization terminated successfully,20,1,4.426581357917503e-10,0.45893663095138343,0.16537740999412257,2.775086579041804,0.0,0.0,0.005391577099526557,0.03876313353900614,0.07673531278402768,0.020123707983274876,2.716180332107532e-06,4.366491717984804,0.0727748619664134,,,,,,,,,
combined_risk_parity,Combined Risk Parity,combined,risk_parity,monthly,6,2021-06-01,2020-06-01,2021-05-28,2021-06-01,252,252,60,0.049106449100736214,4.9106449100736214e-05,10.0,sample_ridge,,1412.0342280329962,19.13689618527403,1412.0335165734627,0.0063256854156733084,3.1894826656508454e-09,-0.09446757920356907,2.5441974199957964,True,0,Optimization terminated successfully,22,1,1.9234286084120872e-10,0.4060624971235446,0.15836233397063237,2.5641355929930105,2.220446049250313e-16,0.0,0.0043059911693492025,0.035173083155623154,0.05640297162561077,0.020501519407089386,1.790450878229704e-06,4.377136246425824,0.07295227077376373,,,,,,,,,
combined_risk_parity,Combined Risk Parity,combined,risk_parity,monthly,7,2021-07-01,2020-07-01,2021-06-30,2021-07-01,252,252,60,0.04792859444403984,4.7928594444039835e-05,10.0,sample_ridge,,1689.7173417506071,19.25250895118555,1689.7163954840023,0.005726371633277819,3.2087514597767435e-09,-0.04517062980827402,2.4942228399591873,True,0,Optimization terminated successfully,23,1,4.2032567406036245e-11,0.38814589031320806,0.13721532746234638,2.8287356630746676,0.0,0.0,0.003727827889445118,0.03706386236248816,0.049079096635706275,0.020493939711172277,8.369843428049104e-07,5.527127687303348,0.09211879478838912,,,,,,,,,
combined_risk_parity,Combined Risk Parity,combined,risk_parity,monthly,8,2021-08-02,2020-07-31,2021-07-30,2021-08-02,252,252,60,0.02055087158531252,2.055087158531252e-05,10.0,sample_ridge,,1995.455148305402,19.050136395589725,1995.4538598721672,0.004914837793726759,3.1750227008480616e-09,-0.03111480254552568,2.133926362043439,True,0,Optimization terminated successfully,22,1,2.2564522036933193e-10,0.350699380708464,0.13565538167791644,2.5852227635253113,0.0,0.0,0.003629654363840772,0.03661026183448917,0.04791732532155414,0.02056941299120545,1.939266271769529e-06,6.0695564318059585,0.10115927386343264,,,,,,,,,
combined_risk_parity,Combined Risk Parity,combined,risk_parity,monthly,9,2021-09-01,2020-09-01,2021-08-31,2021-09-01,252,252,60,0.025954173512181038,2.595417351218104e-05,10.0,sample_ridge,,2130.423351434478,19.19628066223325,2130.421906888042,0.004716244829139146,3.1993800783784072e-09,-0.07863987065770972,2.5355819840145335,True,0,Optimization terminated successfully,23,1,7.195875763227864e-11,0.3436658261131469,0.13409176429889885,2.562915238754667,0.0,0.0,0.003551455814243084,0.03829926204072782,0.04691730522013085,0.020735717987246483,1.095131328747876e-06,6.520302164802707,0.10867170274671177,,,,,,,,,
combined_risk_parity,Combined Risk Parity,combined,risk_parity,monthly,10,2021-10-01,2020-10-01,2021-09-30,2021-10-01,252,252,60,0.032048346693306314,3.2048346693306315e-05,10.0,sample_ridge,,2463.798347830006,19.277343381734276,2463.7964940943734,0.004268516662541306,3.2128905314934743e-09,-0.12416434745014902,2.3815964347981127,True,0,Optimization terminated successfully,25,1,2.0473359556955577e-10,0.28145461173169833,0.124848223559878,2.2543741809566953,0.0,0.0,0.0032234431555009492,0.038653011923593605,0.0411662954730592,0.021067913358604303,1.8472213166877788e-06,7.012592533030062,0.11687654221716769,,,,,,,,,
combined_risk_parity,Combined Risk Parity,combined,risk_parity,monthly,11,2021-11-01,2020-10-30,2021-10-29,2021-11-01,252,252,60,0.03758351191962621,3.758351191962621e-05,10.0,sample_ridge,,2619.1187078079533,19.338376758386744,2619.1166455316716,0.0040917703255054574,3.2230627608338288e-09,-0.03804484144889364,2.5476784819297986,True,0,Optimization terminated successfully,23,1,2.581566634228181e-10,0.35770757404751463,0.11950527903758214,2.993236591121823,0.0,0.0,0.002997650153963878,0.038791927991458156,0.037999596085789636,0.02102134338478685,2.074273621547167e-06,7.538672933287164,0.1256445488881194,,,,,,,,,
combined_risk_parity,Combined Risk Parity,combined,risk_parity,monthly,12,2021-12-01,2020-12-01,2021-11-30,2021-12-01,252,252,60,0.048728516741865124,4.872851674186512e-05,10.0,sample_ridge,,2669.719085657815,18.426989818738598,2669.717009456781,0.003947631431548849,3.0711649390781164e-09,-0.17349452421536093,1.9218005257051143,True,0,Optimization terminated successfully,22,1,1.1710397923625983e-10,0.21901329918825574,0.11647226448948583,1.880390152524479,0.0,0.0,0.0030833969049799043,0.035386681396494375,0.03665130152443648,0.02069539444027813,1.397044375555496e-06,6.969198135723532,0.11615330226205887,,,,,,,,,
combined_risk_parity,Combined Risk Parity,combined,risk_parity,monthly,13,2022-01-03,2021-01-04,2021-12-31,2022-01-03,252,252,60,0.028206191740213476,2.8206191740213476e-05,10.0,sample_ridge,,2666.6247079653226,17.698271806197972,2666.622618322197,0.003762759745499404,2.949711938202543e-09,-0.12605950714046,1.882587306240429,True,0,Optimization terminated successfully,22,1,3.236430515310684e-10,0.25259764941361296,0.12077588908092465,2.0914575859123876,0.0,0.0,0.003228235735710782,0.03420646712955441,0.03805365976395471,0.020761081703879324,2.3225096036077555e-06,7.052895245126038,0.11754825408543397,,,,,,,,,
combined_risk_parity,Combined Risk Parity,combined,risk_parity,monthly,14,2022-02-01,2021-02-02,2022-01-31,2022-02-01,252,252,60,0.040477641120474646,4.047764112047465e-05,10.0,sample_ridge,,2851.3428451164423,16.249425250724453,2851.3405090359306,0.0033044261135941736,2.7082375147050344e-09,-0.26246068625737806,1.7523508442205948,True,0,Optimization terminated successfully,21,1,1.8637605387471023e-10,0.21702019317557583,0.11906830052209774,1.8226529834050946,0.0,0.0,0.003206460113956017,0.0339880495111883,0.03891371008012871,0.020688662937328565,1.7624606561789574e-06,5.6644715585375796,0.09440785930895966,,,,,,,,,
combined_risk_parity,Combined Risk Parity,combined,risk_parity,monthly,15,2022-03-01,2021-03-02,2022-02-28,2022-03-01,252,252,60,0.037778463828747506,3.777846382874751e-05,10.0,sample_ridge,,2501.83520665403,15.6446971387369,2501.8334143156535,0.0036381531451726568,2.6074494970483213e-09,-0.46865655744791945,1.8126264661629579,True,0,Optimization terminated successfully,21,1,1.6663830946518105e-10,0.16619638879500923,0.12156458100688189,1.3671448329641402,1.1102230246251565e-16,0.0,0.003304385986726485,0.03220472474772704,0.041290388100768356,0.020595698640744318,1.6665248746278031e-06,4.540293024699172,0.07567155041165287,,,,,,,,,
combined_risk_parity,Combined Risk Parity,combined,risk_parity,monthly,16,2022-04-01,2021-04-05,2022-03-31,2022-04-01,252,252,60,0.02288644121536516,2.288644121536516e-05,10.0,sample_ridge,,2657.789451460922,15.508194418583997,2657.7874311998767,0.003399066256181919,2.5846990439170094e-09,-0.30439771676211014,1.885652709704718,True,0,Optimization terminated successfully,21,1,2.7803113946712765e-10,0.1628268226858253,0.12219829278831415,1.3324803397040295,0.0,0.0,0.0033552454787175697,0.03368319148177768,0.04207850152167679,0.021007097553701698,2.1526384565117164e-06,4.3909241322200145,0.07318206887033357,,,,,,,,,
combined_risk_parity,Combined Risk Parity,combined,risk_parity,monthly,17,2022-05-02,2021-05-03,2022-04-29,2022-05-02,252,252,60,0.04547729345274711,4.547729345274711e-05,10.0,sample_ridge,,2268.0720529882974,14.616939598090791,2268.0705823024423,0.003755351568541809,2.4361565753202328e-09,-0.8113680578388313,0.9388799704010586,True,0,Optimization terminated successfully,21,1,2.2837775341612412e-10,0.05576759281484145,0.13344020557957345,0.4179219641683327,0.0,0.0,0.00367916270551769,0.03273766901908986,0.04644655912455144,0.020651811661217535,1.950973062414856e-06,3.462673711605051,0.05771122852675085,,,,,,,,,
combined_risk_parity,Combined Risk Parity,combined,risk_parity,monthly,18,2022-06-01,2021-06-02,2022-05-31,2022-06-01,252,252,60,0.056431294578291206,5.6431294578291206e-05,10.0,sample_ridge,,1749.1178335346817,11.427291522924937,1749.1168499859352,0.0033850638542445763,1.9045485681086706e-09,-1.3313647804876834,1.0545687899640876,True,0,Optimization terminated successfully,20,1,9.957093946904444e-10,0.031839307453197185,0.14337419713551702,0.2220713914310727,0.0,0.0,0.004843766725976053,0.03496944385294866,0.057351881009081555,0.020943763776077852,4.073715328563493e-06,3.1146355558181256,0.05191059259696876,,,,,,,,,
combined_risk_parity,Combined Risk Parity,combined,risk_parity,monthly,19,2022-07-01,2021-07-01,2022-06-30,2022-07-01,252,252,60,0.044276748270555624,4.4276748270555626e-05,10.0,sample_ridge,,1728.2907180182563,11.39417321293967,1728.2897413627395,0.00335857919415917,1.8990288498329904e-09,-1.3731545680323536,0.8011361548468544,True,0,Optimization terminated successfully,21,1,5.889222132274791e-10,-0.04883819313137381,0.15966212720828657,-0.305884645189915,1.1102230246251565e-16,0.0,0.005218464094505449,0.037543282037958495,0.05926575210328218,0.020891633278209407,3.1329491250989596e-06,2.815942596198759,0.04693237660331265,,,,,,,,,
combined_risk_parity,Combined Risk Parity,combined,risk_parity,monthly,20,2022-08-01,2021-07-30,2022-07-29,2022-08-01,252,252,60,0.03975607881194894,3.975607881194894e-05,10.0,sample_ridge,,1745.9284225597828,11.969160269844172,1745.9274188145564,0.003467899877531967,1.9948600250254287e-09,-1.124999905167706,1.0610827829850287,True,0,Optimization terminated successfully,20,1,4.482117544179205e-10,-0.004126937396655258,0.1620134315318639,-0.025472810233289792,0.0,0.0,0.005070370819117446,0.03498039762789948,0.05965766635030391,0.0208616847653215,2.733165912813488e-06,2.879876277484262,0.04799793795807104,,,,,,,,,
combined_risk_parity,Combined Risk Parity,combined,risk_parity,monthly,21,2022-09-01,2021-09-01,2022-08-31,2022-09-01,252,252,60,0.021145748187259956,2.1145748187259958e-05,10.0,sample_ridge,,1737.9831184875734,11.88356948842717,1737.9821098442574,0.0034107794427566457,1.9805948949319128e-09,-1.791651518649385,1.1828191271343909,True,0,Optimization terminated successfully,19,1,5.518348259576426e-10,-0.05681213416002667,0.16681246084816764,-0.3405748819432438,0.0,0.0,0.0050868445475149345,0.03370778267068796,0.061772930363440316,0.020736278244322136,3.032696341425064e-06,2.8568373642010934,0.04761395607001822,,,,,,,,,
combined_risk_parity,Combined Risk Parity,combined,risk_parity,monthly,22,2022-10-03,2021-10-01,2022-09-30,2022-10-03,252,252,60,0.03373943150991208,3.373943150991208e-05,10.0,sample_ridge,,1698.881325240989,11.7416379889912,1698.8803108499346,0.0032755131851599957,1.9569396452624707e-09,-1.6131078797075316,0.8913308032260187,True,0,Optimization terminated successfully,18,1,3.6500409829280364e-10,-0.09364812854184759,0.17785143602640668,-0.5265525577648026,2.220446049250313e-16,0.0,0.005553368137470745,0.034201967912401036,0.06965643495008664,0.020224491547024995,2.466455277967516e-06,2.6931594406420003,0.04488599067736667,,,,,,,,,
combined_risk_parity,Combined Risk Parity,combined,risk_parity,monthly,23,2022-11-01,2021-11-01,2022-10-31,2022-11-01,252,252,60,0.03806810211730399,3.8068102117303995e-05,10.0,sample_ridge,,1529.693039460691,11.868531637254668,1529.6921907522328,0.003562931697367819,1.9780885864282257e-09,-1.7028483801535979,0.9320822595695339,True,0,Optimization terminated successfully,19,1,1.727908243526964e-10,-0.061718771650484124,0.1903362665758284,-0.32426175400417384,2.220446049250313e-16,0.0,0.006131907098828343,0.03862329093476414,0.07832419943594768,0.019875377219536115,1.6970112175658559e-06,2.5127894548850787,0.041879824248084646,,,,,,,,,
combined_risk_parity,Combined Risk Parity,combined,risk_parity,monthly,24,2022-12-01,2021-12-01,2022-11-30,2022-12-01,252,252,60,0.037782992852417076,3.7782992852417074e-05,10.0,sample_ridge,,1741.480456821167,12.511759456409925,1741.479417358475,0.003491623258897,2.0852932218820557e-09,-1.4992075946870713,1.012398262304997,True,0,Optimization terminated successfully,20,1,6.300041386394707e-10,0.05723285159781814,0.1988161917382314,0.28786816152867967,0.0,0.0,0.005857241921217945,0.04370637299625403,0.07566270710173044,0.02024990953944694,3.2403809926187356e-06,2.3908368069326627,0.03984728011554438,,,,,,,,,
combined_risk_parity,Combined Risk Parity,combined,risk_parity,monthly,25,2023-01-03,2021-12-31,2022-12-30,2023-01-03,252,252,60,0.026838192441777146,2.6838192441777147e-05,10.0,sample_ridge,,1687.722226352582,12.204746130223773,1687.7212445509294,0.00349459862260238,2.034124334696052e-09,-1.6878110548244987,0.9359017507349877,True,0,Optimization terminated successfully,19,1,8.07072207045609e-10,-0.03454090038456122,0.20046830899207393,-0.1723010512645512,1.1102230246251565e-16,0.0,0.005806450965966925,0.041380934169756696,0.07768075893692619,0.02009300015655896,3.6675882335343904e-06,2.31693314638184,0.03861555243969734,,,,,,,,,
combined_risk_parity,Combined Risk Parity,combined,risk_parity,monthly,26,2023-02-01,2022-01-31,2023-01-31,2023-02-01,252,252,60,0.03394779939836764,3.3947799398367636e-05,10.0,sample_ridge,,1534.2633133226127,12.050344039961132,1534.2625053683762,0.0038113442206849446,2.0083906532429493e-09,-0.9061169181647154,0.6931753816190576,True,0,Optimization terminated successfully,19,1,4.400034291709817e-10,0.0669662622011829,0.2027840060564112,0.3302344376338733,0.0,0.0,0.005621043713208505,0.04030442498783563,0.07923412271606492,0.019986593945327685,2.708023354068688e-06,2.2991239433336017,0.03831873238889336,,,,,,,,,
combined_risk_parity,Combined Risk Parity,combined,risk_parity,monthly,27,2023-03-01,2022-02-28,2023-02-28,2023-03-01,252,252,60,0.01787077080068333,1.787077080068333e-05,10.0,sample_ridge,,1718.4039056567437,11.707887040687611,1718.4028867774784,0.003289099358970045,1.9513144872681243e-09,-1.0331553358389942,0.560747599864184,True,0,Optimization terminated successfully,19,1,5.969315835891876e-10,0.005557818227987162,0.2010264332095514,0.027647201113067812,1.1102230246251565e-16,0.0,0.005602252527837079,0.04071517831920313,0.07954961935338434,0.01997596892270861,3.1541813084359375e-06,2.271879513687372,0.037864658561456196,,,,,,,,,
combined_risk_parity,Combined Risk Parity,combined,risk_parity,monthly,28,2023-04-03,2022-03-31,2023-03-31,2023-04-03,252,252,60,0.027744514674312097,2.7744514674312097e-05,10.0,sample_ridge,,1617.68167209737,11.569485901906852,1617.680774762569,0.0034740239466297144,1.928247631035332e-09,-1.1728849366405165,0.4041887312530835,True,0,Optimization terminated successfully,19,1,4.681113214194721e-10,-0.03834610255232791,0.20354925950380412,-0.18838733506476482,2.220446049250313e-16,0.0,0.005775064881568448,0.04117961709885586,0.07962416193667661,0.019955555050010922,2.7931801511881894e-06,2.20803643949555,0.036800607324925835,,,,,,,,,
combined_risk_parity,Combined Risk Parity,combined,risk_parity,monthly,29,2023-05-01,2022-04-28,2023-04-28,2023-05-01,252,252,60,0.022340515216538005,2.2340515216538005e-05,10.0,sample_ridge,,1653.5205264697008,11.166942179208714,1653.5195744327805,0.0032305471431908575,1.8611570112565487e-09,-0.8606587353755566,0.5858993506629674,True,0,Optimization terminated successfully,18,1,8.931257390827882e-10,0.024698326239091493,0.2015017846836579,0.12257125304307324,0.0,0.0,0.005846944228383648,0.04074740265047666,0.08118633375529283,0.019876460211899656,3.8581639395849765e-06,2.226876547908979,0.037114609131816315,,,,,,,,,
combined_risk_parity,Combined Risk Parity,combined,risk_parity,monthly,30,2023-06-01,2022-05-31,2023-05-31,2023-06-01,252,252,60,0.029005395856639755,2.9005395856639756e-05,10.0,sample_ridge,,1381.8653047969065,9.835175172956511,1381.864585035373,0.003144803621440402,1.63919584576746e-09,-0.45545680673063427,0.9143758820515224,True,0,Optimization terminated successfully,17,1,2.9928302021005986e-10,-0.015649155878830208,0.18872879028319678,-0.08291875264684251,0.0,0.0,0.006081641616420235,0.04079440900790314,0.0871283157611494,0.01951716495981223,2.2333943531839406e-06,2.1737806015011527,0.03622967669168588,,,,,,,,,
combined_risk_parity,Combined Risk Parity,combined,risk_parity,monthly,31,2023-07-03,2022-06-30,2023-06-30,2023-07-03,252,252,60,0.0397827869146372,3.97827869146372e-05,10.0,sample_ridge,,1200.8839779487605,9.43331720504861,1200.8833950209728,0.0032362173452965535,1.5722195184525737e-09,-0.4050686877913898,1.2823855441728425,True,0,Optimization terminated successfully,19,1,1.7023618676674804e-10,0.1435239206197763,0.1742950936447468,0.8234535902215976,0.0,0.0,0.005895914873779625,0.04465701788968237,0.0901890349617474,0.019672303107783104,1.6844197159396903e-06,2.4604775722842542,0.041007959538070904,,,,,,,,,
combined_risk_parity,Combined Risk Parity,combined,risk_parity,monthly,32,2023-08-01,2022-07-29,2023-07-31,2023-08-01,252,252,60,0.03200942749233486,3.2009427492334864e-05,10.0,sample_ridge,,1224.496672314361,9.726061270141216,1224.4960377248765,0.00312532848267032,1.6210101954801005e-09,-0.4257137157133368,1.4045880045311487,True,0,Optimization terminated successfully,19,1,2.7426190951373564e-10,0.1323855995035968,0.17221983958050155,0.7687012125087664,0.0,0.0,0.006518131008943968,0.04352359285554211,0.08852068724188165,0.01959720272166273,2.137997152764607e-06,2.5702668507206,0.04283778084534333,,,,,,,,,
combined_risk_parity,Combined Risk Parity,combined,risk_parity,monthly,33,2023-09-01,2022-08-31,2023-08-31,2023-09-01,252,252,60,0.02661277117714817,2.6612771177148174e-05,10.0,sample_ridge,,1081.8206752221295,9.377587196601691,1081.8201815904176,0.0034220823032751913,1.562931183804303e-09,-0.43813560969970056,1.3175303418143658,True,0,Optimization terminated successfully,18,1,5.262867412095746e-10,0.11196134382961553,0.1693169379896725,0.6612530628001589,0.0,0.0,0.0066678961181846266,0.04169292377180877,0.08845310791534815,0.019489831409471605,2.9616626558112137e-06,2.609946677581031,0.04349911129301719,,,,,,,,,
combined_risk_parity,Combined Risk Parity,combined,risk_parity,monthly,34,2023-10-02,2022-09-29,2023-09-29,2023-10-02,252,252,60,0.022650330134811703,2.2650330134811705e-05,10.0,sample_ridge,,972.0020640065264,8.745983435227723,972.001657314027,0.0034802575570385586,1.4576638912946484e-09,-0.43345810393913387,1.3764609828460026,True,0,Optimization terminated successfully,18,1,6.279717202104236e-10,0.1571848184097773,0.1581336799528831,0.9939996239675917,0.0,0.0,0.006672747107697801,0.04160284381655294,0.0877916941633229,0.019614895765630868,3.2351499713056657e-06,2.72810485180106,0.045468414196684334,,,,,,,,,
combined_risk_parity,Combined Risk Parity,combined,risk_parity,monthly,35,2023-11-01,2022-10-31,2023-10-31,2023-11-01,252,252,60,0.030793225511524896,3.0793225511524895e-05,10.0,sample_ridge,,940.1629121255501,8.394732475838616,940.1625344027392,0.003478750874149747,1.3991220653152154e-09,-0.4631479082031792,1.221485025665576,True,0,Optimization terminated successfully,20,1,1.7440703407038994e-10,0.06005875808360445,0.14248582324433207,0.4215069030454826,0.0,0.0,0.00595318871461233,0.043640995650779855,0.07865375403202177,0.02015109072416293,1.7049292950657146e-06,3.118381765206728,0.051973029420112137,,,,,,,,,
combined_risk_parity,Combined Risk Parity,combined,risk_parity,monthly,36,2023-12-01,2022-11-30,2023-11-30,2023-12-01,252,252,60,0.04836902628865884,4.836902628865884e-05,10.0,sample_ridge,,718.9238616587598,7.481652148752392,718.9236053277319,0.0034923959148081317,1.2469420123226453e-09,-0.2766021355118453,1.2222043695132911,True,0,Optimization terminated successfully,17,1,2.342080823794155e-10,0.09577772195883573,0.13105291302038605,0.7308324534834029,1.1102230246251565e-16,0.0,0.006823809301674695,0.03804569947885096,0.09089115313347534,0.01957822625021922,1.9757196257707745e-06,3.0387190681874245,0.05064531780312374,,,,,,,,,
crypto_equal_weight,Crypto Equal Weight,crypto,equal_weight,monthly,1,2021-01-01,2020-01-02,2020-12-31,2021-01-01,365,365,10,1.0,0.001,10.0,sample_ridge,,89.81395132717167,10.307079478607161,89.81394077727556,0.08676980717928766,1.0307079375536366e-08,0.5017098514163996,2.3211586001308238,True,0,closed-form feasible equal weight,0,1,0.769180052026059,1.3875003010037117,0.8770291055752135,1.582045900396541,0.0,0.0,0.1,0.1,1.0,0.10000000000000003,0.011273607600818747,1.0048956519482863,0.10048956519482863,,,,,,,,,
crypto_equal_weight,Crypto Equal Weight,crypto,equal_weight,monthly,2,2021-02-01,2020-02-02,2021-01-31,2021-02-01,365,365,10,0.1443455128724216,0.0001443455128724216,10.0,sample_ridge,,75.33558530462105,12.03711434463415,75.3355773967912,0.11315189522377671,1.2037114224263008e-08,0.06005577032354803,2.5484846761287328,True,0,closed-form feasible equal weight,0,1,0.8357381575040597,1.3820795028102077,0.9141871567157678,1.5118124255599377,0.0,0.0,0.1,0.1,1.0,0.10000000000000003,0.013612001983907234,1.0136006532047988,0.10136006532047988,,,,,,,,,
crypto_equal_weight,Crypto Equal Weight,crypto,equal_weight,monthly,3,2021-03-01,2020-03-01,2021-02-28,2021-03-01,365,365,10,0.15533662429037412,0.00015533662429037412,10.0,sample_ridge,,74.05437041564282,13.053596059205589,74.05436241566781,0.11920315186455638,1.3053595928669631e-08,0.5370845914100594,4.161129473065568,True,0,closed-form feasible equal weight,0,1,0.8671513364932124,1.870917239096691,0.9312096093217748,2.0091257868991823,0.0,0.0,0.1,0.1,1.0,0.10000000000000003,0.012865634789783269,1.0138032453019368,0.10138032453019367,,,,,,,,,
crypto_equal_weight,Crypto Equal Weight,crypto,equal_weight,monthly,4,2021-04-01,2020-04-01,2021-03-31,2021-04-01,365,365,10,0.07270729548497032,7.270729548497032e-05,10.0,sample_ridge,,51.29884461843315,11.004321151240948,51.2988402938384,0.12798994245661383,1.1004321041197737e-08,1.2105871238559645,4.389858023940388,True,0,closed-form feasible equal weight,0,1,0.634230211504928,2.375179736092518,0.7963857177931608,2.9824489352650665,0.0,0.0,0.1,0.1,1.0,0.10000000000000003,0.01758216333235484,1.0373691287280995,0.10373691287280995,,,,,,,,,
crypto_equal_weight,Crypto Equal Weight,crypto,equal_weight,monthly,5,2021-05-01,2020-05-01,2021-04-30,2021-05-01,365,365,10,0.144162226528111,0.000144162226528111,10.0,sample_ridge,,55.47690831977861,12.562471745666796,55.47690315110366,0.1324062012572471,1.2562471620042082e-08,1.3389530736193875,4.061644910746317,True,0,closed-form feasible equal weight,0,1,0.7013272879298719,2.5749511745540326,0.8374528571387597,3.074741643788293,0.0,0.0,0.1,0.1,1.0,0.10000000000000003,0.020280091568374223,1.0505021863031143,0.10505021863031143,,,,,,,,,
crypto_equal_weight,Crypto Equal Weight,crypto,equal_weight,monthly,6,2021-06-01,2020-06-01,2021-05-31,2021-06-01,365,365,10,0.16360572693964281,0.00016360572693964283,10.0,sample_ridge,,72.75683473955232,17.227374545736026,72.75682647962479,0.14966013414556043,1.722737437346228e-08,1.6344977660684372,4.027006627045755,True,0,closed-form feasible equal weight,0,1,1.04441762838813,2.5966031017068683,1.0219675280497564,2.540788264243605,0.0,0.0,0.1,0.1,1.0,0.10000000000000003,0.02000337415772954,1.0225434605115575,0.10225434605115576,,,,,,,,,
crypto_equal_weight,Crypto Equal Weight,crypto,equal_weight,monthly,7,2021-07-01,2020-07-01,2021-06-30,2021-07-01,365,365,10,0.04903731964210504,4.903731964210504e-05,10.0,sample_ridge,,70.2032786348063,18.176576460737515,70.20327110789776,0.16711757154437604,1.8176576278971752e-08,1.6099765563400221,3.707606194316678,True,0,closed-form feasible equal weight,0,1,1.1271834031371262,2.447687108854832,1.06168893897277,2.305465394810532,0.0,0.0,0.1,0.1,1.0,0.10000000000000003,0.01960944092657104,1.0213762113021874,0.10213762113021874,,,,,,,,,
crypto_equal_weight,Crypto Equal Weight,crypto,equal_weight,monthly,8,2021-08-01,2020-08-01,2021-07-31,2021-08-01,365,365,10,0.03183434363540121,3.1834343635401215e-05,10.0,sample_ridge,,70.76295866669705,18.24476651914211,70.76295106941735,0.1675348191952297,1.8244766336694446e-08,1.3485258758858145,3.110042374149922,True,0,closed-form feasible equal weight,0,1,1.140355721353874,2.1402592537826113,1.0678743939967257,2.004223779326966,0.0,0.0,0.1,0.1,1.0,0.10000000000000003,0.019305577081189445,1.0211875955459846,0.10211875955459845,,,,,,,,,
crypto_equal_weight,Crypto Equal Weight,crypto,equal_weight,monthly,9,2021-09-01,2020-09-01,2021-08-31,2021-09-01,365,365,10,0.07355296539279196,7.355296539279197e-05,10.0,sample_ridge,,73.26728127102426,18.505071238487623,73.26727316661785,0.1650103802827729,1.8505071053436915e-08,1.515952508322425,4.022120776322449,True,0,closed-form feasible equal weight,0,1,1.1617373059409835,2.3904414450243268,1.0778391837101597,2.2178090026342345,0.0,0.0,0.1,0.1,1.0,0.10000000000000003,0.019539426172143565,1.0220681613326856,0.10220681613326857,,,,,,,,,
crypto_equal_weight,Crypto Equal Weight,crypto,equal_weight,monthly,10,2021-10-01,2020-10-01,2021-09-30,2021-10-01,365,365,10,0.04128786692208691,4.128786692208691e-05,10.0,sample_ridge,,73.57058882514198,18.79433778168706,73.57058081973744,0.1703744187920559,1.879433759374368e-08,1.527302557636806,3.926079204576511,True,0,closed-form feasible equal weight,0,1,1.2049725143749999,2.4136825432050943,1.0977124005744856,2.1988296223508983,0.0,0.0,0.1,0.1,1.0,0.10000000000000003,0.01944359101136943,1.0216053571088624,0.10216053571088624,,,,,,,,,
crypto_equal_weight,Crypto Equal Weight,crypto,equal_weight,monthly,11,2021-11-01,2020-11-01,2021-10-31,2021-11-01,365,365,10,0.0451242597637699,4.5124259763769905e-05,10.0,sample_ridge,,71.81864563406981,19.04437463514134,71.81863804773873,0.1777798502964555,1.9044374444697596e-08,1.7333005404828021,3.935855325204024,True,0,closed-form feasible equal weight,0,1,1.2275516395135293,2.56493866547354,1.1079492946491412,2.3150325361105892,0.0,0.0,0.1,0.1,1.0,0.10000000000000003,0.01941432635077868,1.0215304046366998,0.10215304046366998,,,,,,,,,
crypto_equal_weight,Crypto Equal Weight,crypto,equal_weight,monthly,12,2021-12-01,2020-12-01,2021-11-30,2021-12-01,365,365,10,0.03570105123091287,3.570105123091287e-05,10.0,sample_ridge,,70.55614914789201,17.997252383018985,70.55614188438821,0.17234376114406022,1.7997252203046466e-08,1.3146231034194442,3.122853656507479,True,0,closed-form feasible equal weight,0,1,1.1744272299410055,1.968130729765714,1.0837099381019837,1.8161047163715325,0.0,0.0,0.1,0.1,1.0,0.10000000000000003,0.018295714381676497,1.0171554087910653,0.10171554087910653,,,,,,,,,
crypto_equal_weight,Crypto Equal Weight,crypto,equal_weight,monthly,13,2022-01-01,2021-01-01,2021-12-31,2022-01-01,365,365,10,0.024410949780759958,2.441094978075996e-05,10.0,sample_ridge,,72.39242900802797,17.27330101013917,72.3924214120708,0.16234726937548052,1.7273300837406165e-08,0.7900713622483729,2.9288592735790466,True,0,closed-form feasible equal weight,0,1,1.1382772048750216,1.7836385510206276,1.0669007474339034,1.6717942651278606,0.0,0.0,0.1,0.1,1.0,0.10000000000000003,0.017547564107551282,1.0157386387877538,0.10157386387877539,,,,,,,,,
crypto_equal_weight,Crypto Equal Weight,crypto,equal_weight,monthly,14,2022-02-01,2021-02-01,2022-01-31,2022-02-01,365,365,10,0.02102647982226581,2.102647982226581e-05,10.0,sample_ridge,,79.5844095795959,15.19484365491244,79.58440088892253,0.13739761556383473,1.5194843502964006e-08,0.228404468262425,2.3355318524584225,True,0,closed-form feasible equal weight,0,1,1.0548924050656658,1.0384065856081217,1.0270795514786895,1.0110283902674575,0.0,0.0,0.1,0.1,1.0,0.10000000000000003,0.018594524710004532,1.017646200625038,0.1017646200625038,,,,,,,,,
crypto_equal_weight,Crypto Equal Weight,crypto,equal_weight,monthly,15,2022-03-01,2021-03-01,2022-02-28,2022-03-01,365,365,10,0.04051822865186435,4.051822865186435e-05,10.0,sample_ridge,,87.02164130770612,14.128382893230137,87.02163127414079,0.12112809734858698,1.4128382751946311e-08,-0.11156085519844017,2.0724468445062976,True,0,closed-form feasible equal weight,0,1,1.0204310232255052,0.7484263494318396,1.0101638595918512,0.7408959866513493,0.0,0.0,0.1,0.1,1.0,0.10000000000000003,0.01773856065564847,1.014306184228926,0.10143061842289261,,,,,,,,,
crypto_equal_weight,Crypto Equal Weight,crypto,equal_weight,monthly,16,2022-04-01,2021-04-01,2022-03-31,2022-04-01,365,365,10,0.04004075397274752,4.004075397274752e-05,10.0,sample_ridge,,88.56970653339674,13.775940315329713,88.56969625858278,0.11740894105958108,1.3775940177570309e-08,0.013983181025180258,2.2375922244923276,True,0,closed-form feasible equal weight,0,1,1.005975592980342,0.6413256632879732,1.0029833463125606,0.6394180577831013,0.0,0.0,0.1,0.1,1.0,0.10000000000000003,0.01792275467534329,1.0140680162262516,0.10140680162262516,,,,,,,,,
crypto_equal_weight,Crypto Equal Weight,crypto,equal_weight,monthly,17,2022-05-01,2021-05-01,2022-04-30,2022-05-01,365,365,10,0.04440722090590187,4.440722090590187e-05,10.0,sample_ridge,,91.69323426918804,12.133849289500647,91.69322369832706,0.10410297044292824,1.2133849168162154e-08,-0.6263076640328578,0.5920204615802523,True,0,closed-form feasible equal weight,0,1,0.9256988818626842,-0.16680481126408062,0.9621324658604365,-0.17336990194474605,0.0,0.0,0.1,0.1,1.0,0.10000000000000003,0.017212585565422506,1.0136592861082634,0.10136592861082634,,,,,,,,,
crypto_equal_weight,Crypto Equal Weight,crypto,equal_weight,monthly,18,2022-06-01,2021-06-01,2022-05-31,2022-06-01,365,365,10,0.07635119632023685,7.635119632023684e-05,10.0,sample_ridge,,106.49156473650538,8.248953824074619,106.49155068112245,0.06191187007304286,8.248953741585081e-09,-1.0786584425585104,0.4837732700368159,True,0,closed-form feasible equal weight,0,1,0.6505089297107861,-0.4065366597494558,0.8065413378809458,-0.5040493780734956,0.0,0.0,0.1,0.1,1.0,0.10000000000000003,0.011453027455033047,1.0041926128924181,0.1004192612892418,,,,,,,,,
crypto_equal_weight,Crypto Equal Weight,crypto,equal_weight,monthly,19,2022-07-01,2021-07-01,2022-06-30,2022-07-01,365,365,10,0.06226090409213111,6.22609040921311e-05,10.0,sample_ridge,,108.6950897456328,7.9239962305765665,108.69507491751155,0.0575511531658567,7.923996151336606e-09,-1.2801539154201342,0.3150518664621398,True,0,closed-form feasible equal weight,0,1,0.6176673812651163,-0.5641155241110999,0.7859181772074726,-0.7177789501135058,0.0,0.0,0.1,0.1,1.0,0.10000000000000003,0.011106547712449193,1.0045105854219725,0.10045105854219724,,,,,,,,,
crypto_equal_weight,Crypto Equal Weight,crypto,equal_weight,monthly,20,2022-08-01,2021-08-01,2022-07-31,2022-08-01,365,365,10,0.10515057503004752,0.00010515057503004751,10.0,sample_ridge,,110.22335935631665,8.354955605408627,110.22334391358189,0.05909292134978183,8.354955521859072e-09,-0.9769138015002934,0.4333954992532194,True,0,closed-form feasible equal weight,0,1,0.6406424931658053,-0.2946536042787761,0.8004014574985514,-0.3681322685238981,0.0,0.0,0.1,0.1,1.0,0.10000000000000003,0.012661475107583718,1.0069256637647728,0.10069256637647728,,,,,,,,,
crypto_equal_weight,Crypto Equal Weight,crypto,equal_weight,monthly,21,2022-09-01,2021-09-01,2022-08-31,2022-09-01,365,365,10,0.021219935025505142,2.1219935025505144e-05,10.0,sample_ridge,,107.16128977438619,8.03168601066376,107.16127513535154,0.05824524355769105,8.031685930346902e-09,-1.361594014597837,0.006250885117470517,True,0,closed-form feasible equal weight,0,1,0.6127374614166525,-0.7083970559362116,0.7827754859579166,-0.9049811454804505,0.0,0.0,0.1,0.1,1.0,0.10000000000000003,0.013332585432453836,1.0082144026232582,0.10082144026232583,,,,,,,,,
crypto_equal_weight,Crypto Equal Weight,crypto,equal_weight,monthly,22,2022-10-01,2021-10-01,2022-09-30,2022-10-01,365,365,10,0.057718278624622116,5.771827862462212e-05,10.0,sample_ridge,,95.37972847495229,7.646601914636586,95.37971661041927,0.06082702120291618,7.646601838170566e-09,-1.14229358100699,0.08712502317146564,True,0,closed-form feasible equal weight,0,1,0.5658466673504948,-0.5555308328893388,0.7522278028300302,-0.7385140921398035,0.0,0.0,0.1,0.1,1.0,0.10000000000000003,0.015463601529408897,1.0127573902330826,0.10127573902330826,,,,,,,,,
crypto_equal_weight,Crypto Equal Weight,crypto,equal_weight,monthly,23,2022-11-01,2021-11-01,2022-10-31,2022-11-01,365,365,10,0.030994651938395228,3.099465193839523e-05,10.0,sample_ridge,,107.23172559809127,7.385692995669812,107.23171052418755,0.05204988184558712,7.385692921812883e-09,-1.2818155021959377,-0.19249057113465196,True,0,closed-form feasible equal weight,0,1,0.5426499357976923,-0.7613799886081869,0.736647769152729,-1.0335740098472086,0.0,0.0,0.1,0.1,1.0,0.10000000000000003,0.016407998574863872,1.0146045368470022,0.10146045368470022,,,,,,,,,
crypto_equal_weight,Crypto Equal Weight,crypto,equal_weight,monthly,24,2022-12-01,2021-12-01,2022-11-30,2022-12-01,365,365,10,0.06706297554845733,6.706297554845734e-05,10.0,sample_ridge,,124.10985848739648,7.813904553533118,124.1098386417749,0.04847258978209941,7.813904475394072e-09,-1.246741325256994,-0.2122122406342102,True,0,closed-form feasible equal weight,0,1,0.583601842671095,-0.7810919557453058,0.7639383762261817,-1.0224541403507728,0.0,0.0,0.1,0.1,1.0,0.10000000000000003,0.01710167950090528,1.0142922967490868,0.10142922967490868,,,,,,,,,
crypto_equal_weight,Crypto Equal Weight,crypto,equal_weight,monthly,25,2023-01-01,2022-01-01,2022-12-31,2023-01-01,365,365,10,0.03730462590512457,3.7304625905124564e-05,10.0,sample_ridge,,127.02537016969998,7.392484266815141,127.02534930632169,0.044654348149656645,7.392484192890299e-09,-1.248978605810294,-0.09350913596788747,True,0,closed-form feasible equal weight,0,1,0.5488420398316497,-0.6927400035042438,0.7408387407740296,-0.9350752942272806,0.0,0.0,0.1,0.1,1.0,0.10000000000000003,0.017776180732657854,1.0164318003988004,0.10164318003988004,,,,,,,,,
crypto_equal_weight,Crypto Equal Weight,crypto,equal_weight,monthly,26,2023-02-01,2022-02-01,2023-01-31,2023-02-01,365,365,10,0.0346019172245578,3.46019172245578e-05,10.0,sample_ridge,,127.82233875649337,7.245378438119071,127.82231751649053,0.04326156847867566,7.2453783656652874e-09,-0.5965295926929296,0.4946320666884034,True,0,closed-form feasible equal weight,0,1,0.5333623435617492,-0.1445016821363463,0.7303166050157625,-0.19786169606978538,0.0,0.0,0.1,0.1,1.0,0.10000000000000003,0.01856503352015893,1.0194569008454548,0.10194569008454549,,,,,,,,,
crypto_equal_weight,Crypto Equal Weight,crypto,equal_weight,monthly,27,2023-03-01,2022-03-01,2023-02-28,2023-03-01,365,365,10,0.02330339261562521,2.330339261562521e-05,10.0,sample_ridge,,133.50767542190056,6.866305764831696,133.5076521356724,0.03907194440676142,6.86630569616864e-09,-0.6185645624590409,0.32657470449165027,True,0,closed-form feasible equal weight,0,1,0.5015150402200025,-0.24175493396888975,0.7081772660993872,-0.34137629876269043,0.0,0.0,0.1,0.1,1.0,0.10000000000000003,0.01936216216644544,1.0216268857298347,0.10216268857298347,,,,,,,,,
crypto_equal_weight,Crypto Equal Weight,crypto,equal_weight,monthly,28,2023-04-01,2022-04-01,2023-03-31,2023-04-01,365,365,10,0.059650720856814575,5.9650720856814575e-05,10.0,sample_ridge,,131.4420895176278,6.963855687964636,131.44206686377055,0.04009824288934678,6.96385561832608e-09,-0.8037839719825717,0.11581888776947913,True,0,closed-form feasible equal weight,0,1,0.5095375532398688,-0.30104227148421064,0.7138189919299351,-0.4217347463259417,0.0,0.0,0.1,0.1,1.0,0.10000000000000003,0.017976066671920143,1.01775578996138,0.10177557899613801,,,,,,,,,
crypto_equal_weight,Crypto Equal Weight,crypto,equal_weight,monthly,29,2023-05-01,2022-05-01,2023-04-30,2023-05-01,365,365,10,0.031202949289222355,3.1202949289222354e-05,10.0,sample_ridge,,114.4844418335744,6.634363804324822,114.48442459971702,0.04368708907712679,6.634363737981185e-09,-0.5517931033643315,0.2857119958782919,True,0,closed-form feasible equal weight,0,1,0.4837862098710508,-0.05955041641061247,0.6955474174138315,-0.085616616379702,0.0,0.0,0.1,0.1,1.0,0.10000000000000003,0.01784830921839103,1.0170954149289084,0.10170954149289084,,,,,,,,,
crypto_equal_weight,Crypto Equal Weight,crypto,equal_weight,monthly,30,2023-06-01,2022-06-01,2023-05-31,2023-06-01,365,365,10,0.030471567941276326,3.0471567941276328e-05,10.0,sample_ridge,,99.4001359722176,5.526900040038822,99.4001226911665,0.04094914654577647,5.526899984769822e-09,-0.32595668828112256,0.5783871192737291,True,0,closed-form feasible equal weight,0,1,0.38933546405315356,0.061990173259493,0.6239675184279656,0.09934839783915692,0.0,0.0,0.1,0.1,1.0,0.10000000000000003,0.020636878208365215,1.023686853091905,0.1023686853091905,,,,,,,,,
crypto_equal_weight,Crypto Equal Weight,crypto,equal_weight,monthly,31,2023-07-01,2022-07-01,2023-06-30,2023-07-01,365,365,10,0.12587665668300396,0.00012587665668300395,10.0,sample_ridge,,96.26318964235213,5.451127536288891,96.26317654948589,0.03966219359692363,5.451127481777616e-09,-0.2370049478975843,1.4413092779143937,True,0,closed-form feasible equal weight,0,1,0.36099102709258146,0.5656793785623588,0.6008252883264664,0.9415039439135415,0.0,0.0,0.1,0.1,1.0,0.10000000000000003,0.02313853484105498,1.033215791268579,0.10332157912685791,,,,,,,,,
crypto_equal_weight,Crypto Equal Weight,crypto,equal_weight,monthly,32,2023-08-01,2022-08-01,2023-07-31,2023-08-01,365,365,10,0.07575423527195273,7.575423527195272e-05,10.0,sample_ridge,,109.185767974834,5.818749938626652,109.18574963293804,0.03432065693777525,5.818749880439153e-09,-0.3326159985864605,1.0469902024093432,True,0,closed-form feasible equal weight,0,1,0.35617704933758554,0.32617941124187105,0.596805704846716,0.5465420464196923,0.0,0.0,0.1,0.1,1.0,0.10000000000000003,0.021902247376288486,1.0356957617248421,0.10356957617248422,,,,,,,,,
crypto_equal_weight,Crypto Equal Weight,crypto,equal_weight,monthly,33,2023-09-01,2022-09-01,2023-08-31,2023-09-01,365,365,10,0.03875494386228864,3.875494386228864e-05,10.0,sample_ridge,,116.93933859068062,5.602586862120679,116.93931765756304,0.031030266290482788,5.602586806094812e-09,-0.5591571012424633,0.9088177671311785,True,0,closed-form feasible equal weight,0,1,0.34277237235948915,0.2286516054370702,0.5854676527012309,0.39054524085509645,0.0,0.0,0.1,0.1,1.0,0.10000000000000003,0.02302766146322445,1.0472175988077235,0.10472175988077234,,,,,,,,,
crypto_equal_weight,Crypto Equal Weight,crypto,equal_weight,monthly,34,2023-10-01,2022-10-01,2023-09-30,2023-10-01,365,365,10,0.021186353438421117,2.118635343842112e-05,10.0,sample_ridge,,138.340518056693,5.0728427798463915,138.34048869659242,0.023729715922736663,5.072842729117965e-09,-0.47628901162496573,0.9777661728635423,True,0,closed-form feasible equal weight,0,1,0.3102110556529224,0.24616341628693097,0.5569659376056335,0.44197212013570203,0.0,0.0,0.1,0.1,1.0,0.10000000000000003,0.022786321117976936,1.0527823657944009,0.10527823657944009,,,,,,,,,
crypto_equal_weight,Crypto Equal Weight,crypto,equal_weight,monthly,35,2023-11-01,2022-11-01,2023-10-31,2023-11-01,365,365,10,0.02419676475699758,2.419676475699758e-05,10.0,sample_ridge,,134.18717726695678,5.019951112948667,134.1871496741781,0.024230728062372024,5.0199510627491575e-09,-0.36438488301588806,1.069826945853484,True,0,closed-form feasible equal weight,0,1,0.30761107773056656,0.35097023971817987,0.5546269716940987,0.6328041325616517,0.0,0.0,0.1,0.1,1.0,0.10000000000000003,0.02248387445474258,1.0539078548248344,0.10539078548248344,,,,,,,,,
crypto_equal_weight,Crypto Equal Weight,crypto,equal_weight,monthly,36,2023-12-01,2022-12-01,2023-11-30,2023-12-01,365,365,10,0.03213161530738912,3.213161530738912e-05,10.0,sample_ridge,,107.9915874776335,4.332318149022272,107.99156825748497,0.024116441477778753,4.332318105699092e-09,-0.1409069994332398,0.9513519955667086,True,0,closed-form feasible equal weight,0,1,0.24366778224926455,0.4830624431235599,0.4936271692778514,0.97859776201187,0.0,0.0,0.1,0.1,1.0,0.10000000000000003,0.023952013264176793,1.0909471654455125,0.10909471654455125,,,,,,,,,
crypto_hierarchical_risk_parity,Crypto Hierarchical Risk Parity,crypto,hierarchical_risk_parity,monthly,1,2021-01-01,2020-01-02,2020-12-31,2021-01-01,365,365,10,1.0,0.001,10.0,sample_ridge,,89.81395132717167,10.307079478607161,89.81394077727556,0.08676980717928766,1.0307079375536366e-08,0.5017098514163996,2.3211586001308238,True,0,standard single-linkage HRP; raw weights feasible,0,1,0.7117857243961061,1.3492903416668653,0.8436739443624569,1.599303084660852,1.1102230246251565e-16,0.0,0.06018013418334024,0.2151542391176504,0.9999999999999999,0.11937730685412482,0.030377729699943175,1.0481539180496953,0.10481539180496953,10.0,0.2358376535477814,0.3416086181889304,False,0.0,0.2151542391176504,0.11937730685412482,0.9999999999999999,XLM-USD|XRP-USD|TRX-USD|ADA-USD|ETC-USD|BTC-USD|BCH-USD|EOS-USD|ETH-USD|LTC-USD
crypto_hierarchical_risk_parity,Crypto Hierarchical Risk Parity,crypto,hierarchical_risk_parity,monthly,2,2021-02-01,2020-02-02,2021-01-31,2021-02-01,365,365,10,0.2022000346582672,0.0002022000346582672,10.0,sample_ridge,,75.33558530462105,12.03711434463415,75.3355773967912,0.11315189522377671,1.2037114224263008e-08,0.06005577032354803,2.5484846761287328,True,0,standard single-linkage HRP; raw weights feasible,0,1,0.7763061773036448,1.3695137420809917,0.8810823896229255,1.5543537791818753,1.1102230246251565e-16,0.0,0.05185582486438762,0.16263964274243728,0.9999999999999999,0.11283463711036804,0.02677067763339891,1.0875250506804766,0.10875250506804765,10.0,0.26080873181927705,0.4001641648095005,False,0.0,0.16263964274243728,0.11283463711036804,0.9999999999999999,XRP-USD|XLM-USD|TRX-USD|ADA-USD|BTC-USD|ETH-USD|LTC-USD|ETC-USD|BCH-USD|EOS-USD
crypto_hierarchical_risk_parity,Crypto Hierarchical Risk Parity,crypto,hierarchical_risk_parity,monthly,3,2021-03-01,2020-03-01,2021-02-28,2021-03-01,365,365,10,0.12797091646358377,0.00012797091646358377,10.0,sample_ridge,,74.05437041564282,13.053596059205589,74.05436241566781,0.11920315186455638,1.3053595928669631e-08,0.5370845914100594,4.161129473065568,True,0,standard single-linkage HRP; raw weights feasible,0,1,0.8181568233481584,1.9710758200439784,0.9045202172136112,2.179139595260688,0.0,0.0,0.0527070667004451,0.1741046343610422,1.0,0.11048593216456651,0.023498389545302464,1.0704981931409205,0.10704981931409205,10.0,0.27509243550735296,0.4210704471122729,False,0.0,0.1741046343610422,0.11048593216456651,1.0,XRP-USD|XLM-USD|ADA-USD|TRX-USD|BTC-USD|ETC-USD|ETH-USD|LTC-USD|BCH-USD|EOS-USD
crypto_hierarchical_risk_parity,Crypto Hierarchical Risk Parity,crypto,hierarchical_risk_parity,monthly,4,2021-04-01,2020-04-01,2021-03-31,2021-04-01,365,365,10,0.09270653193091732,9.270653193091733e-05,10.0,sample_ridge,,51.29884461843315,11.004321151240948,51.2988402938384,0.12798994245661383,1.1004321041197737e-08,1.2105871238559645,4.389858023940388,True,0,standard single-linkage HRP; raw weights feasible,0,1,0.5610580257661058,2.4657909166816743,0.7490380669672976,3.291943394366002,0.0,0.0,0.05274876374619427,0.22476207564254713,1.0,0.12139120583895284,0.02773845758073453,1.1871851448391482,0.11871851448391482,10.0,0.31901741447664395,0.4511179130592129,False,0.0,0.22476207564254713,0.12139120583895284,1.0,XRP-USD|ADA-USD|XLM-USD|TRX-USD|BTC-USD|ETH-USD|ETC-USD|LTC-USD|BCH-USD|EOS-USD
crypto_hierarchical_risk_parity,Crypto Hierarchical Risk Parity,crypto,hierarchical_risk_parity,monthly,5,2021-05-01,2020-05-01,2021-04-30,2021-05-01,365,365,10,0.1881792361400965,0.0001881792361400965,10.0,sample_ridge,,55.47690831977861,12.562471745666796,55.47690315110366,0.1324062012572471,1.2562471620042082e-08,1.3389530736193875,4.061644910746317,True,0,standard single-linkage HRP; raw weights feasible,0,1,0.5847913579686882,2.596822382992528,0.7647165213127596,3.395797410698885,0.0,0.0,0.04824039730977026,0.2376956486173851,1.0,0.1294893474151743,0.03353374104624707,1.3151860183710156,0.13151860183710157,10.0,0.33082022896846164,0.45265683948392543,False,0.0,0.2376956486173851,0.1294893474151743,1.0,XRP-USD|ADA-USD|TRX-USD|XLM-USD|BTC-USD|ETH-USD|ETC-USD|LTC-USD|BCH-USD|EOS-USD
crypto_hierarchical_risk_parity,Crypto Hierarchical Risk Parity,crypto,hierarchical_risk_parity,monthly,6,2021-06-01,2020-06-01,2021-05-31,2021-06-01,365,365,10,0.2296807362252643,0.0002296807362252643,10.0,sample_ridge,,72.75683473955232,17.227374545736026,72.75682647962479,0.14966013414556043,1.722737437346228e-08,1.6344977660684372,4.027006627045755,True,0,standard single-linkage HRP; raw weights feasible,0,1,0.8760335107569499,2.4027819799136116,0.9359666183988348,2.567166320551121,0.0,0.0,0.039520010110140995,0.2386535273761998,1.0,0.12796940822899017,0.030382766761226386,1.2022512159586392,0.12022512159586392,10.0,0.30896363560309215,0.4353142211914929,False,0.0,0.2386535273761998,0.12796940822899017,1.0,XRP-USD|TRX-USD|ETC-USD|BTC-USD|ETH-USD|LTC-USD|BCH-USD|EOS-USD|ADA-USD|XLM-USD
crypto_hierarchical_risk_parity,Crypto Hierarchical Risk Parity,crypto,hierarchical_risk_parity,monthly,7,2021-07-01,2020-07-01,2021-06-30,2021-07-01,365,365,10,0.061117960599279375,6.111796059927938e-05,10.0,sample_ridge,,70.2032786348063,18.176576460737515,70.20327110789776,0.16711757154437604,1.8176576278971752e-08,1.6099765563400221,3.707606194316678,True,0,standard single-linkage HRP; raw weights feasible,0,1,0.9610070941317713,2.3007991435460635,0.9803096929704262,2.3470125410822327,0.0,0.0,0.04071662335489692,0.2288927174185608,1.0,0.12480927606906021,0.029089690573551208,1.181367212921674,0.11813672129216739,10.0,0.30281380155375864,0.42697981013613584,False,0.0,0.2288927174185608,0.12480927606906021,1.0,XRP-USD|TRX-USD|ETC-USD|BTC-USD|ETH-USD|LTC-USD|BCH-USD|EOS-USD|ADA-USD|XLM-USD
crypto_hierarchical_risk_parity,Crypto Hierarchical Risk Parity,crypto,hierarchical_risk_parity,monthly,8,2021-08-01,2020-08-01,2021-07-31,2021-08-01,365,365,10,0.04693355109851782,4.6933551098517826e-05,10.0,sample_ridge,,70.76295866669705,18.24476651914211,70.76295106941735,0.1675348191952297,1.8244766336694446e-08,1.3485258758858145,3.110042374149922,True,0,standard single-linkage HRP; raw weights feasible,0,1,0.9799512127731298,2.047791407199082,0.9899248520837982,2.0686331925988806,0.0,0.0,0.04130036183279692,0.2245031815849804,1.0,0.12330374549677568,0.02830229403984592,1.1703540954034664,0.11703540954034664,10.0,0.3072169058634119,0.4254364501000452,False,0.0,0.2245031815849804,0.12330374549677568,1.0,XRP-USD|TRX-USD|ETC-USD|BTC-USD|ETH-USD|LTC-USD|BCH-USD|EOS-USD|ADA-USD|XLM-USD
crypto_hierarchical_risk_parity,Crypto Hierarchical Risk Parity,crypto,hierarchical_risk_parity,monthly,9,2021-09-01,2020-09-01,2021-08-31,2021-09-01,365,365,10,0.06001642881768387,6.001642881768387e-05,10.0,sample_ridge,,73.26728127102426,18.505071238487623,73.26727316661785,0.1650103802827729,1.8505071053436915e-08,1.515952508322425,4.022120776322449,True,0,standard single-linkage HRP; raw weights feasible,0,1,0.9977663637544137,2.2318895165228967,0.9988825575383794,2.234386314666569,1.1102230246251565e-16,0.0,0.04106041966149273,0.22039407865102167,0.9999999999999999,0.12292706324913509,0.028703810975231184,1.1739802075385848,0.11739802075385848,10.0,0.3035118349797834,0.4193622618197027,False,0.0,0.22039407865102167,0.12292706324913509,0.9999999999999999,XRP-USD|TRX-USD|ETC-USD|BTC-USD|ETH-USD|LTC-USD|BCH-USD|EOS-USD|ADA-USD|XLM-USD
crypto_hierarchical_risk_parity,Crypto Hierarchical Risk Parity,crypto,hierarchical_risk_parity,monthly,10,2021-10-01,2020-10-01,2021-09-30,2021-10-01,365,365,10,0.048051284781537446,4.805128478153745e-05,10.0,sample_ridge,,73.57058882514198,18.79433778168706,73.57058081973744,0.1703744187920559,1.879433759374368e-08,1.527302557636806,3.926079204576511,True,0,standard single-linkage HRP; raw weights feasible,0,1,1.0465445712014745,2.2697403940272305,1.0230076105295964,2.218693556788124,1.1102230246251565e-16,0.0,0.042026904580557634,0.21411674695319136,0.9999999999999999,0.12105990594831549,0.028229877658630713,1.1621106260947105,0.11621106260947105,10.0,0.30230347210459296,0.4152647445176476,False,0.0,0.21411674695319136,0.12105990594831549,0.9999999999999999,XRP-USD|TRX-USD|ETC-USD|BTC-USD|ETH-USD|LTC-USD|BCH-USD|EOS-USD|ADA-USD|XLM-USD
crypto_hierarchical_risk_parity,Crypto Hierarchical Risk Parity,crypto,hierarchical_risk_parity,monthly,11,2021-11-01,2020-11-01,2021-10-31,2021-11-01,365,365,10,0.14862340538124175,0.00014862340538124175,10.0,sample_ridge,,71.81864563406981,19.04437463514134,71.81863804773873,0.1777798502964555,1.9044374444697596e-08,1.7333005404828021,3.935855325204024,True,0,standard single-linkage HRP; raw weights feasible,0,1,1.0225487806209996,2.5906551735096777,1.011211540984872,2.56193196824722,2.220446049250313e-16,0.0,0.03543501296576384,0.22194270836526486,1.0000000000000002,0.12707901577779798,0.03242915705521673,1.2040169155211076,0.12040169155211075,10.0,0.29852629371053535,0.4154146322135595,False,0.0,0.22194270836526486,0.12707901577779798,1.0000000000000002,XRP-USD|ADA-USD|XLM-USD|TRX-USD|BTC-USD|ETC-USD|ETH-USD|LTC-USD|BCH-USD|EOS-USD
crypto_hierarchical_risk_parity,Crypto Hierarchical Risk Parity,crypto,hierarchical_risk_parity,monthly,12,2021-12-01,2020-12-01,2021-11-30,2021-12-01,365,365,10,0.1721306981958516,0.0001721306981958516,10.0,sample_ridge,,70.55614914789201,17.997252383018985,70.55614188438821,0.17234376114406022,1.7997252203046466e-08,1.3146231034194442,3.122853656507479,True,0,standard single-linkage HRP; projected to approved constraints,0,1,1.0020603070302592,1.8193500707141346,1.0010296234529024,1.8174787519659588,0.0,0.0,0.04825515980903994,0.25,1.0,0.13111062450494512,0.034767368680749235,1.150177388544272,0.1150177388544272,10.0,0.30131610718465995,0.41935433839918085,True,0.046031283863418336,0.27301564193170913,0.13937108267499107,1.0,XRP-USD|TRX-USD|BTC-USD|ETC-USD|ETH-USD|LTC-USD|BCH-USD|EOS-USD|ADA-USD|XLM-USD
crypto_hierarchical_risk_parity,Crypto Hierarchical Risk Parity,crypto,hierarchical_risk_parity,monthly,13,2022-01-01,2021-01-01,2021-12-31,2022-01-01,365,365,10,0.08407212568438854,8.407212568438855e-05,10.0,sample_ridge,,72.39242900802797,17.27330101013917,72.3924214120708,0.16234726937548052,1.7273300837406165e-08,0.7900713622483729,2.9288592735790466,True,0,standard single-linkage HRP; raw weights feasible,0,1,1.0271190321834547,1.6375792016873159,1.013468811648121,1.6158160792577874,0.0,0.0,0.048953604622341405,0.19825575892739777,1.0,0.11670462006446848,0.027245596496588365,1.1024614594226918,0.11024614594226918,10.0,0.2868148524440322,0.43347114159036165,False,0.0,0.19825575892739777,0.11670462006446848,1.0,XRP-USD|TRX-USD|ETC-USD|BTC-USD|ETH-USD|EOS-USD|BCH-USD|LTC-USD|ADA-USD|XLM-USD
crypto_hierarchical_risk_parity,Crypto Hierarchical Risk Parity,crypto,hierarchical_risk_parity,monthly,14,2022-02-01,2021-02-01,2022-01-31,2022-02-01,365,365,10,0.18707810013667864,0.00018707810013667865,10.0,sample_ridge,,79.5844095795959,15.19484365491244,79.58440088892253,0.13739761556383473,1.5194843502964006e-08,0.228404468262425,2.3355318524584225,True,0,standard single-linkage HRP; projected to approved constraints,0,1,0.8694420157146969,0.9297454642445335,0.9324387463606909,0.9971115720719788,0.0,0.0,0.03987734800240451,0.25,1.0,0.13578977099609787,0.03891660677193816,1.204599585883956,0.1204599585883956,10.0,0.2806438952916846,0.39237448841175376,True,0.002599592346110076,0.25129979617305503,0.1362249354826836,1.0,ADA-USD|TRX-USD|XLM-USD|XRP-USD|ETC-USD|BTC-USD|ETH-USD|EOS-USD|BCH-USD|LTC-USD
crypto_hierarchical_risk_parity,Crypto Hierarchical Risk Parity,crypto,hierarchical_risk_parity,monthly,15,2022-03-01,2021-03-01,2022-02-28,2022-03-01,365,365,10,0.06690385881262416,6.690385881262416e-05,10.0,sample_ridge,,87.02164130770612,14.128382893230137,87.02163127414079,0.12112809734858698,1.4128382751946311e-08,-0.11156085519844017,2.0724468445062976,True,0,standard single-linkage HRP; raw weights feasible,0,1,0.8567175340096415,0.6740540400381383,0.925590370525559,0.7282422781207242,0.0,0.0,0.047849843071820344,0.24899847227747882,1.0,0.13293678257932565,0.03541834448236208,1.149130368782523,0.1149130368782523,10.0,0.2749413282250921,0.36858635960725356,False,0.0,0.24899847227747882,0.13293678257932565,1.0,TRX-USD|ADA-USD|ETC-USD|XLM-USD|XRP-USD|BTC-USD|ETH-USD|EOS-USD|BCH-USD|LTC-USD
crypto_hierarchical_risk_parity,Crypto Hierarchical Risk Parity,crypto,hierarchical_risk_parity,monthly,16,2022-04-01,2021-04-01,2022-03-31,2022-04-01,365,365,10,0.04186740608379176,4.186740608379176e-05,10.0,sample_ridge,,88.56970653339674,13.775940315329713,88.56969625858278,0.11740894105958108,1.3775940177570309e-08,0.013983181025180258,2.2375922244923276,True,0,standard single-linkage HRP; raw weights feasible,0,1,0.8393306598817198,0.5367649633776779,0.9161499112490924,0.5858920650287949,0.0,0.0,0.047701288749569956,0.24758870705609676,1.0,0.13344080208943962,0.036036096834809205,1.1432579359439317,0.11432579359439317,10.0,0.2707584419009196,0.3424892307572868,False,0.0,0.24758870705609676,0.13344080208943962,1.0,TRX-USD|ADA-USD|ETC-USD|XLM-USD|XRP-USD|BTC-USD|ETH-USD|EOS-USD|BCH-USD|LTC-USD
crypto_hierarchical_risk_parity,Crypto Hierarchical Risk Parity,crypto,hierarchical_risk_parity,monthly,17,2022-05-01,2021-05-01,2022-04-30,2022-05-01,365,365,10,0.061628963338006486,6.162896333800649e-05,10.0,sample_ridge,,91.69323426918804,12.133849289500647,91.69322369832706,0.10410297044292824,1.2133849168162154e-08,-0.6263076640328578,0.5920204615802523,True,0,standard single-linkage HRP; raw weights feasible,0,1,0.7962015370244028,-0.10514056458260654,0.8923012591184677,-0.11783079258061138,0.0,0.0,0.052143776245728995,0.23445067018166701,1.0,0.12911202720387366,0.035008342780122666,1.1200324653446647,0.11200324653446647,10.0,0.25995079088536943,0.33236996108995875,False,0.0,0.23445067018166701,0.12911202720387366,1.0,ETC-USD|ADA-USD|TRX-USD|XLM-USD|XRP-USD|BTC-USD|ETH-USD|EOS-USD|BCH-USD|LTC-USD
crypto_hierarchical_risk_parity,Crypto Hierarchical Risk Parity,crypto,hierarchical_risk_parity,monthly,18,2022-06-01,2021-06-01,2022-05-31,2022-06-01,365,365,10,0.1989882095609816,0.0001989882095609816,10.0,sample_ridge,,106.49156473650538,8.248953824074619,106.49155068112245,0.06191187007304286,8.248953741585081e-09,-1.0786584425585104,0.4837732700368159,True,0,standard single-linkage HRP; raw weights feasible,0,1,0.6378304924413464,-0.34480378858706084,0.7986429067119712,-0.43173712016879345,0.0,0.0,0.05891396764436991,0.13589200032080603,1.0,0.10493593204459016,0.02085745136404447,1.0194276984891215,0.10194276984891215,10.0,0.2222538439725112,0.36959721869919004,False,0.0,0.13589200032080603,0.10493593204459016,1.0,TRX-USD|ADA-USD|ETC-USD|BTC-USD|ETH-USD|XRP-USD|XLM-USD|EOS-USD|BCH-USD|LTC-USD
crypto_hierarchical_risk_parity,Crypto Hierarchical Risk Parity,crypto,hierarchical_risk_parity,monthly,19,2022-07-01,2021-07-01,2022-06-30,2022-07-01,365,365,10,0.1395448013288806,0.00013954480132888063,10.0,sample_ridge,,108.6950897456328,7.9239962305765665,108.69507491751155,0.0575511531658567,7.923996151336606e-09,-1.2801539154201342,0.3150518664621398,True,0,standard single-linkage HRP; raw weights feasible,0,1,0.5762983267847381,-0.4760615218830786,0.7591431530249997,-0.6271037550507963,0.0,0.0,0.053944570203146,0.18770555929490773,1.0,0.11666186890252507,0.031566023607831624,1.060938377988738,0.1060938377988738,10.0,0.24587825592987342,0.4036604351878593,False,0.0,0.18770555929490773,0.11666186890252507,1.0,TRX-USD|ADA-USD|XLM-USD|XRP-USD|ETC-USD|BTC-USD|ETH-USD|EOS-USD|BCH-USD|LTC-USD
crypto_hierarchical_risk_parity,Crypto Hierarchical Risk Parity,crypto,hierarchical_risk_parity,monthly,20,2022-08-01,2021-08-01,2022-07-31,2022-08-01,365,365,10,0.14018617823778967,0.00014018617823778967,10.0,sample_ridge,,110.22335935631665,8.354955605408627,110.22334391358189,0.05909292134978183,8.354955521859072e-09,-0.9769138015002934,0.4333954992532194,True,0,standard single-linkage HRP; raw weights feasible,0,1,0.615835505083261,-0.24176550035060365,0.7847518748517018,-0.3080789076117737,0.0,0.0,0.056283588880593614,0.15180530060678016,1.0,0.10774870562024737,0.022970864767890068,1.0437801739118429,0.10437801739118428,10.0,0.25273210426833287,0.4035343120802931,False,0.0,0.15180530060678016,0.10774870562024737,1.0,TRX-USD|ADA-USD|ETC-USD|BTC-USD|ETH-USD|XLM-USD|XRP-USD|EOS-USD|BCH-USD|LTC-USD
crypto_hierarchical_risk_parity,Crypto Hierarchical Risk Parity,crypto,hierarchical_risk_parity,monthly,21,2022-09-01,2021-09-01,2022-08-31,2022-09-01,365,365,10,0.10147697490034037,0.00010147697490034038,10.0,sample_ridge,,107.16128977438619,8.03168601066376,107.16127513535154,0.05824524355769105,8.031685930346902e-09,-1.361594014597837,0.006250885117470517,True,0,standard single-linkage HRP; raw weights feasible,0,1,0.571016079984216,-0.6501901790890657,0.7556560593181372,-0.8604313709543491,0.0,0.0,0.05653396132956009,0.18718306361212592,1.0,0.11472924434931588,0.027849672350436033,1.0637083756164176,0.10637083756164176,10.0,0.2475475619596376,0.4143932794442403,False,0.0,0.18718306361212592,0.11472924434931588,1.0,TRX-USD|ADA-USD|ETC-USD|XLM-USD|XRP-USD|BTC-USD|ETH-USD|EOS-USD|BCH-USD|LTC-USD
crypto_hierarchical_risk_parity,Crypto Hierarchical Risk Parity,crypto,hierarchical_risk_parity,monthly,22,2022-10-01,2021-10-01,2022-09-30,2022-10-01,365,365,10,0.08172612482411165,8.172612482411166e-05,10.0,sample_ridge,,95.37972847495229,7.646601914636586,95.37971661041927,0.06082702120291618,7.646601838170566e-09,-1.14229358100699,0.08712502317146564,True,0,standard single-linkage HRP; raw weights feasible,0,1,0.5099257484955514,-0.5092322315352863,0.7140908545105107,-0.7131196658222864,0.0,0.0,0.05371633789360963,0.18965308815670387,1.0,0.12248801341756158,0.033860547031838426,1.112212528693538,0.1112212528693538,10.0,0.26093517560232743,0.422925411886118,False,0.0,0.18965308815670387,0.12248801341756158,1.0,TRX-USD|ETC-USD|ADA-USD|XLM-USD|XRP-USD|EOS-USD|BTC-USD|ETH-USD|BCH-USD|LTC-USD
crypto_hierarchical_risk_parity,Crypto Hierarchical Risk Parity,crypto,hierarchical_risk_parity,monthly,23,2022-11-01,2021-11-01,2022-10-31,2022-11-01,365,365,10,0.13287370267400347,0.00013287370267400347,10.0,sample_ridge,,107.23172559809127,7.385692995669812,107.23171052418755,0.05204988184558712,7.385692921812883e-09,-1.2818155021959377,-0.19249057113465196,True,0,standard single-linkage HRP; raw weights feasible,0,1,0.5064423483589217,-0.7352843688566274,0.7116476293496112,-1.0332141055941102,1.1102230246251565e-16,0.0,0.06597603137583029,0.19233781512426093,0.9999999999999999,0.11231747089136951,0.024265479692188775,1.085770597612761,0.1085770597612761,10.0,0.2478616631363421,0.4293056117981964,False,0.0,0.19233781512426093,0.11231747089136951,0.9999999999999999,TRX-USD|ETC-USD|EOS-USD|BTC-USD|ETH-USD|BCH-USD|LTC-USD|ADA-USD|XLM-USD|XRP-USD
crypto_hierarchical_risk_parity,Crypto Hierarchical Risk Parity,crypto,hierarchical_risk_parity,monthly,24,2022-12-01,2021-12-01,2022-11-30,2022-12-01,365,365,10,0.15747278045935093,0.00015747278045935093,10.0,sample_ridge,,124.10985848739648,7.813904553533118,124.1098386417749,0.04847258978209941,7.813904475394072e-09,-1.246741325256994,-0.2122122406342102,True,0,standard single-linkage HRP; raw weights feasible,0,1,0.5166926729791143,-0.7680887456124604,0.7188133784085506,-1.0685509878975892,0.0,0.0,0.058785265849044616,0.196717708512387,1.0,0.12250646922020851,0.03147686751288362,1.117680955325206,0.11176809553252061,10.0,0.23334227691662268,0.4297715661981533,False,0.0,0.196717708512387,0.12250646922020851,1.0,TRX-USD|EOS-USD|ETC-USD|BCH-USD|LTC-USD|BTC-USD|ETH-USD|ADA-USD|XLM-USD|XRP-USD
crypto_hierarchical_risk_parity,Crypto Hierarchical Risk Parity,crypto,hierarchical_risk_parity,monthly,25,2023-01-01,2022-01-01,2022-12-31,2023-01-01,365,365,10,0.04259918071300083,4.2599180713000834e-05,10.0,sample_ridge,,127.02537016969998,7.392484266815141,127.02534930632169,0.044654348149656645,7.392484192890299e-09,-1.248978605810294,-0.09350913596788747,True,0,standard single-linkage HRP; raw weights feasible,0,1,0.48396897523959787,-0.6589765270565762,0.695678787400908,-0.9472425190921037,0.0,0.0,0.0578321325521402,0.19580925078043157,1.0,0.12249449875108044,0.031442194485176,1.1261030344419276,0.11261030344419276,10.0,0.22851209752679194,0.4355262734543734,False,0.0,0.19580925078043157,0.12249449875108044,1.0,TRX-USD|EOS-USD|ETC-USD|BCH-USD|LTC-USD|BTC-USD|ETH-USD|ADA-USD|XLM-USD|XRP-USD
crypto_hierarchical_risk_parity,Crypto Hierarchical Risk Parity,crypto,hierarchical_risk_parity,monthly,26,2023-02-01,2022-02-01,2023-01-31,2023-02-01,365,365,10,0.042761427326132306,4.276142732613231e-05,10.0,sample_ridge,,127.82233875649337,7.245378438119071,127.82231751649053,0.04326156847867566,7.2453783656652874e-09,-0.5965295926929296,0.4946320666884034,True,0,standard single-linkage HRP; raw weights feasible,0,1,0.4681142873464539,-0.13636115145705985,0.6841887804885826,-0.19930340184719733,0.0,0.0,0.05647278391480416,0.2008318281438821,1.0,0.12271123188383523,0.03137220016961978,1.1393628109341998,0.11393628109341998,10.0,0.23010018401898621,0.43868538418233577,False,0.0,0.2008318281438821,0.12271123188383523,1.0,TRX-USD|EOS-USD|ETC-USD|BCH-USD|LTC-USD|BTC-USD|ETH-USD|ADA-USD|XLM-USD|XRP-USD
crypto_hierarchical_risk_parity,Crypto Hierarchical Risk Parity,crypto,hierarchical_risk_parity,monthly,27,2023-03-01,2022-03-01,2023-02-28,2023-03-01,365,365,10,0.03627579641484302,3.6275796414843024e-05,10.0,sample_ridge,,133.50767542190056,6.866305764831696,133.5076521356724,0.03907194440676142,6.86630569616864e-09,-0.6185645624590409,0.32657470449165027,True,0,standard single-linkage HRP; raw weights feasible,0,1,0.43957281345148363,-0.20834794773622228,0.6630028758998588,-0.31424893512481766,0.0,0.0,0.05946715596514792,0.1956684409059588,1.0,0.1221892136002424,0.030627369260971007,1.1464463091313688,0.11464463091313688,10.0,0.22895285066109278,0.44149501379960177,False,0.0,0.1956684409059588,0.1221892136002424,1.0,TRX-USD|EOS-USD|ETC-USD|LTC-USD|BCH-USD|BTC-USD|ETH-USD|ADA-USD|XLM-USD|XRP-USD
crypto_hierarchical_risk_parity,Crypto Hierarchical Risk Parity,crypto,hierarchical_risk_parity,monthly,28,2023-04-01,2022-04-01,2023-03-31,2023-04-01,365,365,10,0.184829986843252,0.00018482998684325201,10.0,sample_ridge,,131.4420895176278,6.963855687964636,131.44206686377055,0.04009824288934678,6.96385561832608e-09,-0.8037839719825717,0.11581888776947913,True,0,standard single-linkage HRP; raw weights feasible,0,1,0.46510487350095037,-0.25424024219393726,0.6819859774958357,-0.37279394383954134,0.0,0.0,0.053183514424540244,0.18248685633455505,1.0,0.11331154494619833,0.025727521137206465,1.1022345289577202,0.11022345289577203,10.0,0.2319643645809235,0.43482923479707547,False,0.0,0.18248685633455505,0.11331154494619833,1.0,TRX-USD|EOS-USD|LTC-USD|ADA-USD|XLM-USD|XRP-USD|ETC-USD|BCH-USD|BTC-USD|ETH-USD
crypto_hierarchical_risk_parity,Crypto Hierarchical Risk Parity,crypto,hierarchical_risk_parity,monthly,29,2023-05-01,2022-05-01,2023-04-30,2023-05-01,365,365,10,0.02348791378472966,2.348791378472966e-05,10.0,sample_ridge,,114.4844418335744,6.634363804324822,114.48442459971702,0.04368708907712679,6.634363737981185e-09,-0.5517931033643315,0.2857119958782919,True,0,standard single-linkage HRP; raw weights feasible,0,1,0.43768483601464375,-0.032853848530042945,0.6615775359053871,-0.04965986108503752,0.0,0.0,0.05325053383710172,0.1906518811106383,1.0,0.11407966206361692,0.0243530076469084,1.105995243711633,0.1105995243711633,10.0,0.24107161334896435,0.4333624006022029,False,0.0,0.1906518811106383,0.11407966206361692,1.0,TRX-USD|EOS-USD|LTC-USD|ADA-USD|XLM-USD|XRP-USD|BCH-USD|ETC-USD|BTC-USD|ETH-USD
crypto_hierarchical_risk_parity,Crypto Hierarchical Risk Parity,crypto,hierarchical_risk_parity,monthly,30,2023-06-01,2022-06-01,2023-05-31,2023-06-01,365,365,10,0.10092208336883923,0.00010092208336883924,10.0,sample_ridge,,99.4001359722176,5.526900040038822,99.4001226911665,0.04094914654577647,5.526899984769822e-09,-0.32595668828112256,0.5783871192737291,True,0,standard single-linkage HRP; raw weights feasible,0,1,0.32952517087870437,0.05550772851935341,0.5740428301779444,0.09669614461023207,1.1102230246251565e-16,0.0,0.056510426335329815,0.24766868865934022,0.9999999999999999,0.12749843929538446,0.028784963851914966,1.1746461220218707,0.11746461220218707,10.0,0.24651969649262562,0.4033057543189394,False,0.0,0.24766868865934022,0.12749843929538446,0.9999999999999999,TRX-USD|EOS-USD|LTC-USD|BCH-USD|XLM-USD|XRP-USD|ADA-USD|ETC-USD|BTC-USD|ETH-USD
crypto_hierarchical_risk_parity,Crypto Hierarchical Risk Parity,crypto,hierarchical_risk_parity,monthly,31,2023-07-01,2022-07-01,2023-06-30,2023-07-01,365,365,10,0.12073392416229618,0.00012073392416229618,10.0,sample_ridge,,96.26318964235213,5.451127536288891,96.26317654948589,0.03966219359692363,5.451127481777616e-09,-0.2370049478975843,1.4413092779143937,True,0,standard single-linkage HRP; projected to approved constraints,0,1,0.29714207889240896,0.45694088416757406,0.545107401245304,0.8382584480116899,0.0,0.0,0.05520144179972269,0.24999999999999997,1.0,0.12926294980733583,0.028258395130369485,1.204675261332634,0.12046752613326339,10.0,0.2614718387373113,0.39919584205319414,True,0.06113797654533882,0.28056898827266935,0.1404909048360196,1.0,TRX-USD|EOS-USD|BCH-USD|LTC-USD|XLM-USD|XRP-USD|ETC-USD|ADA-USD|BTC-USD|ETH-USD
crypto_hierarchical_risk_parity,Crypto Hierarchical Risk Parity,crypto,hierarchical_risk_parity,monthly,32,2023-08-01,2022-08-01,2023-07-31,2023-08-01,365,365,10,0.1677792448136706,0.0001677792448136706,10.0,sample_ridge,,109.185767974834,5.818749938626652,109.18574963293804,0.03432065693777525,5.818749880439153e-09,-0.3326159985864605,1.0469902024093432,True,0,standard single-linkage HRP; projected to approved constraints,0,1,0.2904080290149785,0.25999085613981254,0.5388951929781695,0.4824516149475928,0.0,0.0,0.04755232382346742,0.24999999999999997,1.0,0.1309079093542965,0.02997211839194637,1.2667572208090765,0.12667572208090766,10.0,0.23555567431857904,0.40772020556508903,True,0.08649129254538852,0.2932456462726942,0.1474011091357979,1.0000000000000002,TRX-USD|BCH-USD|EOS-USD|LTC-USD|XLM-USD|XRP-USD|ADA-USD|ETC-USD|BTC-USD|ETH-USD
crypto_hierarchical_risk_parity,Crypto Hierarchical Risk Parity,crypto,hierarchical_risk_parity,monthly,33,2023-09-01,2022-09-01,2023-08-31,2023-09-01,365,365,10,0.06461287574686235,6.461287574686235e-05,10.0,sample_ridge,,116.93933859068062,5.602586862120679,116.93931765756304,0.031030266290482788,5.602586806094812e-09,-0.5591571012424633,0.9088177671311785,True,0,standard single-linkage HRP; projected to approved constraints,0,1,0.2789945255623659,0.2156468514042233,0.5281993237049494,0.40826794304015995,0.0,0.0,0.042607501485543105,0.25,1.0,0.13061706334891163,0.030489741926453557,1.3044154262011716,0.13044154262011715,10.0,0.23491841923667572,0.4118175198450549,True,0.08975492231850916,0.2948774611592545,0.14781397986877462,0.9999999999999999,TRX-USD|BCH-USD|LTC-USD|EOS-USD|XLM-USD|XRP-USD|ETC-USD|ADA-USD|BTC-USD|ETH-USD
crypto_hierarchical_risk_parity,Crypto Hierarchical Risk Parity,crypto,hierarchical_risk_parity,monthly,34,2023-10-01,2022-10-01,2023-09-30,2023-10-01,365,365,10,0.06104536167317782,6.104536167317783e-05,10.0,sample_ridge,,138.340518056693,5.0728427798463915,138.34048869659242,0.023729715922736663,5.072842729117965e-09,-0.47628901162496573,0.9777661728635423,True,0,standard single-linkage HRP; projected to approved constraints,0,1,0.2523734817678943,0.2553262629063804,0.502367874936181,0.5082456017690544,2.220446049250313e-16,0.0,0.03145990614794774,0.25,1.0000000000000002,0.1317439315144473,0.03478572760533927,1.3991686646878518,0.13991686646878518,10.0,0.23353244306050083,0.406120496695518,True,0.08800334634894415,0.29400167317447207,0.1485633364263718,1.0000000000000002,TRX-USD|BCH-USD|LTC-USD|XLM-USD|XRP-USD|EOS-USD|ADA-USD|ETC-USD|BTC-USD|ETH-USD
crypto_hierarchical_risk_parity,Crypto Hierarchical Risk Parity,crypto,hierarchical_risk_parity,monthly,35,2023-11-01,2022-11-01,2023-10-31,2023-11-01,365,365,10,0.027682643024999502,2.7682643024999502e-05,10.0,sample_ridge,,134.18717726695678,5.019951112948667,134.1871496741781,0.024230728062372024,5.0199510627491575e-09,-0.36438488301588806,1.069826945853484,True,0,standard single-linkage HRP; projected to approved constraints,0,1,0.25176149947880055,0.346859795266954,0.501758407481928,0.6912884569441857,1.1102230246251565e-16,0.0,0.0313948826964192,0.25,0.9999999999999999,0.13151555564118705,0.03521266428711754,1.396905299586332,0.1396905299586332,10.0,0.2359625940421109,0.4018498626421772,True,0.08797410020528439,0.2939870501026423,0.14832843354670988,1.0,TRX-USD|BCH-USD|LTC-USD|XLM-USD|XRP-USD|EOS-USD|ADA-USD|ETC-USD|BTC-USD|ETH-USD
crypto_hierarchical_risk_parity,Crypto Hierarchical Risk Parity,crypto,hierarchical_risk_parity,monthly,36,2023-12-01,2022-12-01,2023-11-30,2023-12-01,365,365,10,0.053324570236426776,5.3324570236426776e-05,10.0,sample_ridge,,107.9915874776335,4.332318149022272,107.99156825748497,0.024116441477778753,4.332318105699092e-09,-0.1409069994332398,0.9513519955667086,True,0,standard single-linkage HRP; projected to approved constraints,0,1,0.19953623285731759,0.5207444700516282,0.44669478713918026,1.165772435775875,0.0,0.0,0.031511095820484045,0.25,1.0,0.1307477981684933,0.03497711930129107,1.4971234381190166,0.14971234381190165,10.0,0.24619777552284203,0.44075105342976867,True,0.03240910129623742,0.2662045506481187,0.13644206891088723,1.0,TRX-USD|BCH-USD|XLM-USD|XRP-USD|EOS-USD|LTC-USD|ADA-USD|ETC-USD|BTC-USD|ETH-USD
crypto_maximum_sharpe,Crypto Maximum Sharpe,crypto,maximum_sharpe,monthly,1,2021-01-01,2020-01-02,2020-12-31,2021-01-01,365,365,10,1.0,0.001,10.0,sample_ridge,,89.81395132717167,10.307079478607161,89.81394077727556,0.08676980717928766,1.0307079375536366e-08,0.5017098514163996,2.3211586001308238,True,0,Optimization terminated successfully,4,3,-2.284285537236276,1.9627936922656923,0.8592593440137297,2.2842855372362756,1.1102230246251565e-16,0.0,0.0,0.25,0.9999999999999999,0.21909657351620854,0.11096629310015893,1.3636117667512044,0.13636117667512043,,,,,,,,,
crypto_maximum_sharpe,Crypto Maximum Sharpe,crypto,maximum_sharpe,monthly,2,2021-02-01,2020-02-02,2021-01-31,2021-02-01,365,365,10,0.12795076977894754,0.00012795076977894753,10.0,sample_ridge,,75.33558530462105,12.03711434463415,75.3355773967912,0.11315189522377671,1.2037114224263008e-08,0.06005577032354803,2.5484846761287328,True,0,Optimization terminated successfully,1,3,-2.374751384123711,2.2997900782105827,0.9684340405424001,2.374751384123711,0.0,0.0,0.0,0.25,1.0,0.25,0.12789485273071544,1.4144743771816253,0.14144743771816254,,,,,,,,,
crypto_maximum_sharpe,Crypto Maximum Sharpe,crypto,maximum_sharpe,monthly,3,2021-03-01,2020-03-01,2021-02-28,2021-03-01,365,365,10,0.251483214714071,0.000251483214714071,10.0,sample_ridge,,74.05437041564282,13.053596059205589,74.05436241566781,0.11920315186455638,1.3053595928669631e-08,0.5370845914100594,4.161129473065568,True,0,Optimization terminated successfully,4,3,-2.930319440308996,2.836657085376989,0.9680368107164008,2.930319440308996,6.661338147750939e-16,0.0,0.0,0.25,0.9999999999999993,0.2361032090157727,0.12148401478088845,1.4743587148828223,0.14743587148828224,,,,,,,,,
crypto_maximum_sharpe,Crypto Maximum Sharpe,crypto,maximum_sharpe,monthly,4,2021-04-01,2020-04-01,2021-03-31,2021-04-01,365,365,10,0.23750467397346947,0.00023750467397346946,10.0,sample_ridge,,51.29884461843315,11.004321151240948,51.2988402938384,0.12798994245661383,1.1004321041197737e-08,1.2105871238559645,4.389858023940388,True,0,Optimization terminated successfully,6,3,-4.0843891946706306,3.1264283803234547,0.7654579990572061,4.0843891946706306,0.0,0.0,1.2425953784291192e-15,0.24999999999999944,1.0,0.24301216717752952,0.12435560382336386,1.9266702537293796,0.19266702537293795,,,,,,,,,
crypto_maximum_sharpe,Crypto Maximum Sharpe,crypto,maximum_sharpe,monthly,5,2021-05-01,2020-05-01,2021-04-30,2021-05-01,365,365,10,0.16363552545801127,0.00016363552545801128,10.0,sample_ridge,,55.47690831977861,12.562471745666796,55.47690315110366,0.1324062012572471,1.2562471620042082e-08,1.3389530736193875,4.061644910746317,True,0,Optimization terminated successfully,5,3,-3.8901196584548114,3.000952669489079,0.7714293988275628,3.8901196584548114,2.6645352591003757e-15,0.0,0.0,0.25,1.0000000000000027,0.2189570752162993,0.11271151546180495,1.858357735620498,0.1858357735620498,,,,,,,,,
crypto_maximum_sharpe,Crypto Maximum Sharpe,crypto,maximum_sharpe,monthly,6,2021-06-01,2020-06-01,2021-05-31,2021-06-01,365,365,10,0.23250288069412117,0.00023250288069412116,10.0,sample_ridge,,72.75683473955232,17.227374545736026,72.75682647962479,0.14966013414556043,1.722737437346228e-08,1.6344977660684372,4.027006627045755,True,0,Optimization terminated successfully,6,3,-3.241361420266035,2.9667096652835796,0.915266544093095,3.2413614202660344,2.220446049250313e-16,0.0,0.0,0.25,1.0000000000000002,0.22573805332753735,0.11460056956109349,1.7395956732433897,0.17395956732433898,,,,,,,,,
crypto_maximum_sharpe,Crypto Maximum Sharpe,crypto,maximum_sharpe,monthly,7,2021-07-01,2020-07-01,2021-06-30,2021-07-01,365,365,10,0.04694785595105806,4.694785595105806e-05,10.0,sample_ridge,,70.2032786348063,18.176576460737515,70.20327110789776,0.16711757154437604,1.8176576278971752e-08,1.6099765563400221,3.707606194316678,True,0,Optimization terminated successfully,4,3,-3.0048906066870096,2.8804820222014094,0.9585979655270164,3.0048906066870096,2.220446049250313e-16,0.0,2.8038307028892827e-17,0.24999999999999958,1.0000000000000002,0.23456194738120434,0.11982483431278713,1.7675464109156993,0.17675464109156994,,,,,,,,,
crypto_maximum_sharpe,Crypto Maximum Sharpe,crypto,maximum_sharpe,monthly,8,2021-08-01,2020-08-01,2021-07-31,2021-08-01,365,365,10,0.05566832718553993,5.566832718553993e-05,10.0,sample_ridge,,70.76295866669705,18.24476651914211,70.76295106941735,0.1675348191952297,1.8244766336694446e-08,1.3485258758858145,3.110042374149922,True,0,Optimization terminated successfully,5,3,-2.6482956510707214,2.5602334508231754,0.9667475947362818,2.6482956510707214,3.3306690738754696e-16,0.0,0.0,0.25,0.9999999999999997,0.23584852659928024,0.1202482903889239,1.7610146801910047,0.17610146801910048,,,,,,,,,
crypto_maximum_sharpe,Crypto Maximum Sharpe,crypto,maximum_sharpe,monthly,9,2021-09-01,2020-09-01,2021-08-31,2021-09-01,365,365,10,0.10706517656665948,0.00010706517656665948,10.0,sample_ridge,,73.26728127102426,18.505071238487623,73.26727316661785,0.1650103802827729,1.8505071053436915e-08,1.515952508322425,4.022120776322449,True,0,Optimization terminated successfully,5,3,-2.985816998246318,2.919205147917614,0.9776905783683905,2.985816998246318,2.4424906541753444e-15,0.0,0.0,0.25,1.0000000000000024,0.23211905811505887,0.11772777139729913,1.7296605190474414,0.17296605190474415,,,,,,,,,
crypto_maximum_sharpe,Crypto Maximum Sharpe,crypto,maximum_sharpe,monthly,10,2021-10-01,2020-10-01,2021-09-30,2021-10-01,365,365,10,0.04430832683169761,4.430832683169761e-05,10.0,sample_ridge,,73.57058882514198,18.79433778168706,73.57058081973744,0.1703744187920559,1.879433759374368e-08,1.527302557636806,3.926079204576511,True,0,Optimization terminated successfully,5,3,-2.933184276916402,2.893932552006377,0.9866180501447084,2.933184276916402,0.0,0.0,9.14531308755101e-16,0.24999999999999717,1.0,0.23016248907807138,0.11590286386463505,1.6858468181137263,0.16858468181137262,,,,,,,,,
crypto_maximum_sharpe,Crypto Maximum Sharpe,crypto,maximum_sharpe,monthly,11,2021-11-01,2020-11-01,2021-10-31,2021-11-01,365,365,10,0.07531423544238751,7.531423544238751e-05,10.0,sample_ridge,,71.81864563406981,19.04437463514134,71.81863804773873,0.1777798502964555,1.9044374444697596e-08,1.7333005404828021,3.935855325204024,True,0,Optimization terminated successfully,5,3,-3.0618361426400917,3.0417050037057844,0.9934251416481912,3.0618361426400917,0.0,0.0,4.634422186289289e-16,0.24999999999999847,1.0,0.22956322387079464,0.11522748033465476,1.6703597662347964,0.16703597662347963,,,,,,,,,
crypto_maximum_sharpe,Crypto Maximum Sharpe,crypto,maximum_sharpe,monthly,12,2021-12-01,2020-12-01,2021-11-30,2021-12-01,365,365,10,0.09423675919657087,9.423675919657088e-05,10.0,sample_ridge,,70.55614914789201,17.997252383018985,70.55614188438821,0.17234376114406022,1.7997252203046466e-08,1.3146231034194442,3.122853656507479,True,0,Optimization terminated successfully,2,3,-2.555007768436238,2.541038339660206,0.9945325298229596,2.555007768436238,4.440892098500626e-16,0.0,0.0,0.25,1.0000000000000004,0.24999999999999944,0.12842261886075856,1.742489862318563,0.1742489862318563,,,,,,,,,
crypto_maximum_sharpe,Crypto Maximum Sharpe,crypto,maximum_sharpe,monthly,13,2022-01-01,2021-01-01,2021-12-31,2022-01-01,365,365,10,0.2764511509436992,0.0002764511509436992,10.0,sample_ridge,,72.39242900802797,17.27330101013917,72.3924214120708,0.16234726937548052,1.7273300837406165e-08,0.7900713622483729,2.9288592735790466,True,0,Optimization terminated successfully,1,3,-2.3490634307687883,2.5905188789388824,1.1027879643467404,2.3490634307687883,0.0,0.0,0.0,0.25,1.0,0.25,0.1243093432045209,1.4156349832977377,0.14156349832977377,,,,,,,,,
crypto_maximum_sharpe,Crypto Maximum Sharpe,crypto,maximum_sharpe,monthly,14,2022-02-01,2021-02-01,2022-01-31,2022-02-01,365,365,10,0.26065148215435097,0.000260651482154351,10.0,sample_ridge,,79.5844095795959,15.19484365491244,79.58440088892253,0.13739761556383473,1.5194843502964006e-08,0.228404468262425,2.3355318524584225,True,0,Optimization terminated successfully,1,3,-1.6201705411406016,1.6997480485153291,1.0491167474991274,1.6201705411406016,0.0,0.0,0.0,0.25,1.0,0.25,0.12499057063071306,1.4309910511898751,0.14309910511898752,,,,,,,,,
crypto_maximum_sharpe,Crypto Maximum Sharpe,crypto,maximum_sharpe,monthly,15,2022-03-01,2021-03-01,2022-02-28,2022-03-01,365,365,10,0.252191370592332,0.00025219137059233197,10.0,sample_ridge,,87.02164130770612,14.128382893230137,87.02163127414079,0.12112809734858698,1.4128382751946311e-08,-0.11156085519844017,2.0724468445062976,True,0,Optimization terminated successfully,1,3,-1.3589635663293134,1.4487101151146309,1.0660404377342736,1.3589635663293134,0.0,0.0,0.0,0.25,1.0,0.25,0.12437398867865745,1.2846127695110865,0.12846127695110865,,,,,,,,,
crypto_maximum_sharpe,Crypto Maximum Sharpe,crypto,maximum_sharpe,monthly,16,2022-04-01,2021-04-01,2022-03-31,2022-04-01,365,365,10,0.3108758781546739,0.0003108758781546739,10.0,sample_ridge,,88.56970653339674,13.775940315329713,88.56969625858278,0.11740894105958108,1.3775940177570309e-08,0.013983181025180258,2.2375922244923276,True,0,Optimization terminated successfully,1,3,-1.2014256366445473,1.2564106347316208,1.0457664597874246,1.2014256366445473,0.0,0.0,0.0,0.25,1.0,0.25,0.12479638072674483,1.3005270640293827,0.13005270640293826,,,,,,,,,
crypto_maximum_sharpe,Crypto Maximum Sharpe,crypto,maximum_sharpe,monthly,17,2022-05-01,2021-05-01,2022-04-30,2022-05-01,365,365,10,0.3118199517970902,0.0003118199517970902,10.0,sample_ridge,,91.69323426918804,12.133849289500647,91.69322369832706,0.10410297044292824,1.2133849168162154e-08,-0.6263076640328578,0.5920204615802523,True,0,Optimization terminated successfully,4,3,-0.24160783738989797,0.2223541696508536,0.9203102517408263,0.24160783738989797,0.0,0.0,0.0,0.25,1.0,0.25,0.1281208316702675,1.3599885623648855,0.13599885623648855,,,,,,,,,
crypto_maximum_sharpe,Crypto Maximum Sharpe,crypto,maximum_sharpe,monthly,18,2022-06-01,2021-06-01,2022-05-31,2022-06-01,365,365,10,0.5342286389249153,0.0005342286389249153,10.0,sample_ridge,,106.49156473650538,8.248953824074619,106.49155068112245,0.06191187007304286,8.248953741585081e-09,-1.0786584425585104,0.4837732700368159,True,0,Optimization terminated successfully,1,3,-0.04112422429608251,0.03086580592475882,0.750550471238897,0.04112422429608251,0.0,0.0,0.0,0.25,1.0,0.25,0.12404095717150139,1.3988193695968243,0.13988193695968243,,,,,,,,,
crypto_maximum_sharpe,Crypto Maximum Sharpe,crypto,maximum_sharpe,monthly,19,2022-07-01,2021-07-01,2022-06-30,2022-07-01,365,365,10,0.07023476630071858,7.023476630071858e-05,10.0,sample_ridge,,108.6950897456328,7.9239962305765665,108.69507491751155,0.0575511531658567,7.923996151336606e-09,-1.2801539154201342,0.3150518664621398,True,0,Optimization terminated successfully,4,3,0.2596047607655588,-0.18984033516052365,0.7312667710742128,-0.2596047607655588,0.0,0.0,0.0,0.25,1.0,0.25,0.1236627018337991,1.445771205629615,0.14457712056296151,,,,,,,,,
crypto_maximum_sharpe,Crypto Maximum Sharpe,crypto,maximum_sharpe,monthly,20,2022-08-01,2021-08-01,2022-07-31,2022-08-01,365,365,10,0.304603035238901,0.00030460303523890096,10.0,sample_ridge,,110.22335935631665,8.354955605408627,110.22334391358189,0.05909292134978183,8.354955521859072e-09,-0.9769138015002934,0.4333954992532194,True,0,Optimization terminated successfully,1,3,-0.12306769735010828,0.1010613242357401,0.8211848146328479,0.1230676973501083,0.0,0.0,0.0,0.25,1.0,0.25,0.12435598609497159,1.3144712098683848,0.13144712098683847,,,,,,,,,
crypto_maximum_sharpe,Crypto Maximum Sharpe,crypto,maximum_sharpe,monthly,21,2022-09-01,2021-09-01,2022-08-31,2022-09-01,365,365,10,0.25262162849460706,0.00025262162849460707,10.0,sample_ridge,,107.16128977438619,8.03168601066376,107.16127513535154,0.05824524355769105,8.031685930346902e-09,-1.361594014597837,0.006250885117470517,True,0,Optimization terminated successfully,7,3,0.35769696137005264,-0.2751335401340871,0.7691805350547828,-0.3576969613700527,0.0,0.0,0.0,0.25,1.0,0.25,0.12659566686649007,1.3848785853408352,0.13848785853408352,,,,,,,,,
crypto_maximum_sharpe,Crypto Maximum Sharpe,crypto,maximum_sharpe,monthly,22,2022-10-01,2021-10-01,2022-09-30,2022-10-01,365,365,10,0.28039814782289946,0.00028039814782289944,10.0,sample_ridge,,95.37972847495229,7.646601914636586,95.37971661041927,0.06082702120291618,7.646601838170566e-09,-1.14229358100699,0.08712502317146564,True,0,Optimization terminated successfully,1,3,0.26969432102032176,-0.20515682251770875,0.7607013071003819,-0.26969432102032176,0.0,0.0,0.0,0.25,1.0,0.25,0.1268043138009497,1.349532903537569,0.1349532903537569,,,,,,,,,
crypto_maximum_sharpe,Crypto Maximum Sharpe,crypto,maximum_sharpe,monthly,23,2022-11-01,2021-11-01,2022-10-31,2022-11-01,365,365,10,0.046105530963181277,4.610553096318128e-05,10.0,sample_ridge,,107.23172559809127,7.385692995669812,107.23171052418755,0.05204988184558712,7.385692921812883e-09,-1.2818155021959377,-0.19249057113465196,True,0,Optimization terminated successfully,1,3,0.5334157938580498,-0.3987900826260037,0.7476158134382648,-0.5334157938580498,0.0,0.0,0.0,0.25,1.0,0.25,0.12736989129585904,1.352302627757702,0.1352302627757702,,,,,,,,,
crypto_maximum_sharpe,Crypto Maximum Sharpe,crypto,maximum_sharpe,monthly,24,2022-12-01,2021-12-01,2022-11-30,2022-12-01,365,365,10,0.2541576506573019,0.0002541576506573019,10.0,sample_ridge,,124.10985848739648,7.813904553533118,124.1098386417749,0.04847258978209941,7.813904475394072e-09,-1.246741325256994,-0.2122122406342102,True,0,Optimization terminated successfully,2,3,0.520754731226036,-0.4056616163318024,0.7789878651255558,-0.520754731226036,0.0,0.0,0.0,0.25,1.0,0.25,0.12764643390120695,1.296091773967569,0.1296091773967569,,,,,,,,,
crypto_maximum_sharpe,Crypto Maximum Sharpe,crypto,maximum_sharpe,monthly,25,2023-01-01,2022-01-01,2022-12-31,2023-01-01,365,365,10,0.039495023689784886,3.949502368978489e-05,10.0,sample_ridge,,127.02537016969998,7.392484266815141,127.02534930632169,0.044654348149656645,7.392484192890299e-09,-1.248978605810294,-0.09350913596788747,True,0,Optimization terminated successfully,3,3,0.3686376285658026,-0.2803416331027422,0.7604802423274611,-0.3686376285658026,0.0,0.0,0.0,0.25,1.0,0.25,0.12820038490696525,1.2923861647119246,0.12923861647119245,,,,,,,,,
crypto_maximum_sharpe,Crypto Maximum Sharpe,crypto,maximum_sharpe,monthly,26,2023-02-01,2022-02-01,2023-01-31,2023-02-01,365,365,10,0.03880220924038724,3.880220924038724e-05,10.0,sample_ridge,,127.82233875649337,7.245378438119071,127.82231751649053,0.04326156847867566,7.2453783656652874e-09,-0.5965295926929296,0.4946320666884034,True,0,Optimization terminated successfully,1,3,-0.3021381748610515,0.2269988594225984,0.7513081044028664,0.3021381748610515,0.0,0.0,0.0,0.25,1.0,0.25,0.12903019082829664,1.3111498355336852,0.13111498355336854,,,,,,,,,
crypto_maximum_sharpe,Crypto Maximum Sharpe,crypto,maximum_sharpe,monthly,27,2023-03-01,2022-03-01,2023-02-28,2023-03-01,365,365,10,0.2609566420583745,0.00026095664205837447,10.0,sample_ridge,,133.50767542190056,6.866305764831696,133.5076521356724,0.03907194440676142,6.86630569616864e-09,-0.6185645624590409,0.32657470449165027,True,0,Optimization terminated successfully,6,3,-0.1623105022525803,0.12161380440481473,0.7492663919896249,0.1623105022525803,4.440892098500626e-16,0.0,0.0,0.24999999999999992,1.0000000000000004,0.2483947200997047,0.129177038464025,1.3365947012464285,0.13365947012464285,,,,,,,,,
crypto_maximum_sharpe,Crypto Maximum Sharpe,crypto,maximum_sharpe,monthly,28,2023-04-01,2022-04-01,2023-03-31,2023-04-01,365,365,10,0.28049017346390015,0.00028049017346390014,10.0,sample_ridge,,131.4420895176278,6.963855687964636,131.44206686377055,0.04009824288934678,6.96385561832608e-09,-0.8037839719825717,0.11581888776947913,True,0,Optimization terminated successfully,1,3,0.04778589245647849,-0.035164329807491734,0.7358726184619869,-0.04778589245647849,0.0,0.0,0.0,0.25,1.0,0.25,0.1279696666301355,1.2902801141899258,0.1290280114189926,,,,,,,,,
crypto_maximum_sharpe,Crypto Maximum Sharpe,crypto,maximum_sharpe,monthly,29,2023-05-01,2022-05-01,2023-04-30,2023-05-01,365,365,10,0.025772176496023147,2.577217649602315e-05,10.0,sample_ridge,,114.4844418335744,6.634363804324822,114.48442459971702,0.04368708907712679,6.634363737981185e-09,-0.5517931033643315,0.2857119958782919,True,0,Optimization terminated successfully,1,3,-0.3301982721733065,0.23680389693639067,0.7171566809777331,0.3301982721733065,0.0,0.0,0.0,0.25,1.0,0.25,0.12806377498219623,1.2960556115634494,0.12960556115634495,,,,,,,,,
crypto_maximum_sharpe,Crypto Maximum Sharpe,crypto,maximum_sharpe,monthly,30,2023-06-01,2022-06-01,2023-05-31,2023-06-01,365,365,10,0.25419389771314904,0.00025419389771314904,10.0,sample_ridge,,99.4001359722176,5.526900040038822,99.4001226911665,0.04094914654577647,5.526899984769822e-09,-0.32595668828112256,0.5783871192737291,True,0,Optimization terminated successfully,3,3,-0.5569245474211368,0.33512099989935035,0.6017350132098551,0.5569245474211368,0.0,0.0,0.0,0.25,1.0,0.25,0.12694487762208134,1.448132239787702,0.1448132239787702,,,,,,,,,
crypto_maximum_sharpe,Crypto Maximum Sharpe,crypto,maximum_sharpe,monthly,31,2023-07-01,2022-07-01,2023-06-30,2023-07-01,365,365,10,0.461423806664753,0.00046142380666475304,10.0,sample_ridge,,96.26318964235213,5.451127536288891,96.26317654948589,0.03966219359692363,5.451127481777616e-09,-0.2370049478975843,1.4413092779143937,True,0,Optimization terminated successfully,5,3,-1.5244735064438353,0.9657870259091282,0.6335216858979961,1.5244735064438355,4.440892098500626e-16,0.0,0.0,0.2499999999999992,1.0000000000000004,0.23309872758222241,0.121307614766427,1.4041632036575828,0.1404163203657583,,,,,,,,,
crypto_maximum_sharpe,Crypto Maximum Sharpe,crypto,maximum_sharpe,monthly,32,2023-08-01,2022-08-01,2023-07-31,2023-08-01,365,365,10,0.34161249037745917,0.00034161249037745916,10.0,sample_ridge,,109.185767974834,5.818749938626652,109.18574963293804,0.03432065693777525,5.818749880439153e-09,-0.3326159985864605,1.0469902024093432,True,0,Optimization terminated successfully,5,3,-1.2220472300157137,0.7372099846434976,0.6032581773734049,1.2220472300157137,4.440892098500626e-16,0.0,8.059678287531513e-18,0.25,0.9999999999999996,0.21916413704815563,0.12487825409020714,1.358189895103356,0.1358189895103356,,,,,,,,,
crypto_maximum_sharpe,Crypto Maximum Sharpe,crypto,maximum_sharpe,monthly,33,2023-09-01,2022-09-01,2023-08-31,2023-09-01,365,365,10,0.2293353929868912,0.0002293353929868912,10.0,sample_ridge,,116.93933859068062,5.602586862120679,116.93931765756304,0.031030266290482788,5.602586806094812e-09,-0.5591571012424633,0.9088177671311785,True,0,Optimization terminated successfully,3,3,-1.1352625289582703,0.6160748523776592,0.5426717051455724,1.1352625289582703,8.881784197001252e-16,0.0,0.0,0.25,1.0000000000000009,0.25,0.1350849654816304,1.51971609744836,0.15197160974483598,,,,,,,,,
crypto_maximum_sharpe,Crypto Maximum Sharpe,crypto,maximum_sharpe,monthly,34,2023-10-01,2022-10-01,2023-09-30,2023-10-01,365,365,10,0.19849748889826827,0.00019849748889826826,10.0,sample_ridge,,138.340518056693,5.0728427798463915,138.34048869659242,0.023729715922736663,5.072842729117965e-09,-0.47628901162496573,0.9777661728635423,True,0,Optimization terminated successfully,6,3,-1.1827789752512894,0.5774275184473424,0.4881956227913707,1.1827789752512894,6.661338147750939e-16,0.0,0.0,0.24999999999999975,1.0000000000000007,0.2124851673817457,0.11056576293928903,1.9117961843502107,0.19117961843502107,,,,,,,,,
crypto_maximum_sharpe,Crypto Maximum Sharpe,crypto,maximum_sharpe,monthly,35,2023-11-01,2022-11-01,2023-10-31,2023-11-01,365,365,10,0.1646527191033706,0.0001646527191033706,10.0,sample_ridge,,134.18717726695678,5.019951112948667,134.1871496741781,0.024230728062372024,5.0199510627491575e-09,-0.36438488301588806,1.069826945853484,True,0,Optimization terminated successfully,6,3,-1.3927587922581404,0.7087331223175379,0.508869968193443,1.3927587922581404,8.881784197001252e-16,0.0,0.0,0.25,1.0000000000000009,0.22288545675548982,0.1138115123810973,1.5718693732065812,0.1571869373206581,,,,,,,,,
crypto_maximum_sharpe,Crypto Maximum Sharpe,crypto,maximum_sharpe,monthly,36,2023-12-01,2022-12-01,2023-11-30,2023-12-01,365,365,10,0.20585196333053818,0.00020585196333053817,10.0,sample_ridge,,107.9915874776335,4.332318149022272,107.99156825748497,0.024116441477778753,4.332318105699092e-09,-0.1409069994332398,0.9513519955667086,True,0,Optimization terminated successfully,5,3,-1.8337139250456744,0.7844235893519181,0.42777860746865387,1.8337139250456744,4.440892098500626e-15,0.0,0.0,0.25,1.0000000000000044,0.22211618145147705,0.11360827585553804,2.1418889774380587,0.21418889774380587,,,,,,,,,
crypto_minimum_variance,Crypto Minimum Variance,crypto,minimum_variance,monthly,1,2021-01-01,2020-01-02,2020-12-31,2021-01-01,365,365,10,1.0,0.001,10.0,sample_ridge,,89.81395132717167,10.307079478607161,89.81394077727556,0.08676980717928766,1.0307079375536366e-08,0.5017098514163996,2.3211586001308238,True,0,Optimization terminated successfully,9,1,0.6698113639266745,1.443979442293418,0.8184200412542905,1.7643500519371575,0.0,0.0,0.0,0.25,1.0,0.1725998084490473,0.08055573931832818,1.2570671098591435,0.12570671098591435,,,,,,,,,
crypto_minimum_variance,Crypto Minimum Variance,crypto,minimum_variance,monthly,2,2021-02-01,2020-02-02,2021-01-31,2021-02-01,365,365,10,0.30623831783539956,0.00030623831783539956,10.0,sample_ridge,,75.33558530462105,12.03711434463415,75.3355773967912,0.11315189522377671,1.2037114224263008e-08,0.06005577032354803,2.5484846761287328,True,0,Optimization terminated successfully,9,1,0.6927823904628372,0.8456093636717427,0.832335503545798,1.0159477278926554,0.0,0.0,0.0,0.25,1.0,0.212274702763612,0.10497830102579112,1.4631254082542893,0.14631254082542894,,,,,,,,,
crypto_minimum_variance,Crypto Minimum Variance,crypto,minimum_variance,monthly,3,2021-03-01,2020-03-01,2021-02-28,2021-03-01,365,365,10,0.20214061723712795,0.00020214061723712796,10.0,sample_ridge,,74.05437041564282,13.053596059205589,74.05436241566781,0.11920315186455638,1.3053595928669631e-08,0.5370845914100594,4.161129473065568,True,0,Optimization terminated successfully,10,1,0.7478834574753117,1.6655175564968312,0.8648025540406965,1.9258934293323724,0.0,0.0,0.0,0.25,1.0,0.16596523103115232,0.07596132100301627,1.390009885017479,0.13900098850174789,,,,,,,,,
crypto_minimum_variance,Crypto Minimum Variance,crypto,minimum_variance,monthly,4,2021-04-01,2020-04-01,2021-03-31,2021-04-01,365,365,10,0.20217357267469116,0.00020217357267469116,10.0,sample_ridge,,51.29884461843315,11.004321151240948,51.2988402938384,0.12798994245661383,1.1004321041197737e-08,1.2105871238559645,4.389858023940388,True,0,Optimization terminated successfully,11,1,0.5238384176220644,2.4273670743805273,0.7237668254500648,3.3537970918618734,1.1102230246251565e-16,0.0,0.0,0.24999999999999983,0.9999999999999999,0.16634394262962424,0.0754448177953642,1.6022791782838612,0.16022791782838613,,,,,,,,,
crypto_minimum_variance,Crypto Minimum Variance,crypto,minimum_variance,monthly,5,2021-05-01,2020-05-01,2021-04-30,2021-05-01,365,365,10,0.22932789084350294,0.00022932789084350295,10.0,sample_ridge,,55.47690831977861,12.562471745666796,55.47690315110366,0.1324062012572471,1.2562471620042082e-08,1.3389530736193875,4.061644910746317,True,0,Optimization terminated successfully,8,1,0.5482802757964805,2.6177378403318756,0.7404595031441493,3.535288330038849,1.1102230246251565e-16,0.0,6.8575787409708155e-18,0.25,0.9999999999999999,0.1827564072036169,0.08595187111459436,1.8255154785765573,0.18255154785765573,,,,,,,,,
crypto_minimum_variance,Crypto Minimum Variance,crypto,minimum_variance,monthly,6,2021-06-01,2020-06-01,2021-05-31,2021-06-01,365,365,10,0.28475066502446517,0.0002847506650244652,10.0,sample_ridge,,72.75683473955232,17.227374545736026,72.75682647962479,0.14966013414556043,1.722737437346228e-08,1.6344977660684372,4.027006627045755,True,0,Optimization terminated successfully,8,1,0.7756497647180195,2.55331522348393,0.880709807324762,2.8991561150430045,0.0,0.0,0.0,0.24999999999999994,1.0,0.1975069970697901,0.09548042270429892,1.6837934082143793,0.16837934082143793,,,,,,,,,
crypto_minimum_variance,Crypto Minimum Variance,crypto,minimum_variance,monthly,7,2021-07-01,2020-07-01,2021-06-30,2021-07-01,365,365,10,0.053589357464781225,5.358935746478122e-05,10.0,sample_ridge,,70.2032786348063,18.176576460737515,70.20327110789776,0.16711757154437604,1.8176576278971752e-08,1.6099765563400221,3.707606194316678,True,0,Optimization terminated successfully,6,1,0.8374993162411051,2.4296605128485655,0.9151498873086884,2.654931772973075,1.1102230246251565e-16,0.0,0.0,0.25,0.9999999999999999,0.20600094900359214,0.10089395318838797,1.7207654558723462,0.17207654558723462,,,,,,,,,
crypto_minimum_variance,Crypto Minimum Variance,crypto,minimum_variance,monthly,8,2021-08-01,2020-08-01,2021-07-31,2021-08-01,365,365,10,0.045931551591709356,4.593155159170936e-05,10.0,sample_ridge,,70.76295866669705,18.24476651914211,70.76295106941735,0.1675348191952297,1.8244766336694446e-08,1.3485258758858145,3.110042374149922,True,0,Optimization terminated successfully,5,1,0.8520032509968357,2.164689447122008,0.9230402217654633,2.345173477902935,0.0,0.0,0.0,0.25,1.0,0.20612210704024378,0.10109507931431778,1.738165759547023,0.1738165759547023,,,,,,,,,
crypto_minimum_variance,Crypto Minimum Variance,crypto,minimum_variance,monthly,9,2021-09-01,2020-09-01,2021-08-31,2021-09-01,365,365,10,0.10992749324871937,0.00010992749324871937,10.0,sample_ridge,,73.26728127102426,18.505071238487623,73.26727316661785,0.1650103802827729,1.8505071053436915e-08,1.515952508322425,4.022120776322449,True,0,Optimization terminated successfully,5,1,0.8575516840402909,2.296196463359465,0.9260408652107589,2.479584378640645,2.220446049250313e-16,0.0,0.0,0.25,1.0000000000000002,0.21272140826402752,0.10500811855929969,1.78942077875616,0.178942077875616,,,,,,,,,
crypto_minimum_variance,Crypto Minimum Variance,crypto,minimum_variance,monthly,10,2021-10-01,2020-10-01,2021-09-30,2021-10-01,365,365,10,0.06382259829329107,6.382259829329106e-05,10.0,sample_ridge,,73.57058882514198,18.79433778168706,73.57058081973744,0.1703744187920559,1.879433759374368e-08,1.527302557636806,3.926079204576511,True,0,Optimization terminated successfully,5,1,0.8899117068615469,2.4227735445214553,0.9433513167752229,2.5682622173078937,1.1102230246251565e-16,0.0,0.0,0.25,0.9999999999999999,0.2092654599946251,0.10265973006886624,1.7395651975400015,0.17395651975400014,,,,,,,,,
crypto_minimum_variance,Crypto Minimum Variance,crypto,minimum_variance,monthly,11,2021-11-01,2020-11-01,2021-10-31,2021-11-01,365,365,10,0.0672839786160592,6.72839786160592e-05,10.0,sample_ridge,,71.81864563406981,19.04437463514134,71.81863804773873,0.1777798502964555,1.9044374444697596e-08,1.7333005404828021,3.935855325204024,True,0,Optimization terminated successfully,4,1,0.9044698812149704,2.576638223843378,0.9510362144602961,2.709295592182676,0.0,0.0,0.0,0.24999999999999997,1.0,0.2094775781051243,0.10276920340759285,1.736383948880675,0.17363839488806748,,,,,,,,,
crypto_minimum_variance,Crypto Minimum Variance,crypto,minimum_variance,monthly,12,2021-12-01,2020-12-01,2021-11-30,2021-12-01,365,365,10,0.08136529089016892,8.136529089016892e-05,10.0,sample_ridge,,70.55614914789201,17.997252383018985,70.55614188438821,0.17234376114406022,1.7997252203046466e-08,1.3146231034194442,3.122853656507479,True,0,Optimization terminated successfully,6,1,0.887242518056307,2.128384068710741,0.9419355169311258,2.2595857470637966,0.0,0.0,0.0,0.25,1.0,0.2043746032556854,0.09952455437030103,1.6604455095885524,0.16604455095885523,,,,,,,,,
crypto_minimum_variance,Crypto Minimum Variance,crypto,minimum_variance,monthly,13,2022-01-01,2021-01-01,2021-12-31,2022-01-01,365,365,10,0.039579250715758074,3.957925071575807e-05,10.0,sample_ridge,,72.39242900802797,17.27330101013917,72.3924214120708,0.16234726937548052,1.7273300837406165e-08,0.7900713622483729,2.9288592735790466,True,0,Optimization terminated successfully,6,1,0.8747643208442654,1.7471841614649322,0.9352883624018131,1.8680700324103008,2.220446049250313e-16,0.0,0.0,0.24999999999999986,1.0000000000000002,0.19687109348003667,0.09484305788199984,1.5670067512460764,0.15670067512460764,,,,,,,,,
crypto_minimum_variance,Crypto Minimum Variance,crypto,minimum_variance,monthly,14,2022-02-01,2021-02-01,2022-01-31,2022-02-01,365,365,10,0.1723515565774589,0.0001723515565774589,10.0,sample_ridge,,79.5844095795959,15.19484365491244,79.58440088892253,0.13739761556383473,1.5194843502964006e-08,0.228404468262425,2.3355318524584225,True,0,Optimization terminated successfully,7,1,0.7937773219035029,0.9315499790972744,0.8909418173503267,1.0455789154309951,0.0,0.0,0.0,0.24999999999999994,1.0,0.1941582034360303,0.09245476964927082,1.5689614008801944,0.15689614008801944,,,,,,,,,
crypto_minimum_variance,Crypto Minimum Variance,crypto,minimum_variance,monthly,15,2022-03-01,2021-03-01,2022-02-28,2022-03-01,365,365,10,0.08507106508594807,8.507106508594808e-05,10.0,sample_ridge,,87.02164130770612,14.128382893230137,87.02163127414079,0.12112809734858698,1.4128382751946311e-08,-0.11156085519844017,2.0724468445062976,True,0,Optimization terminated successfully,7,1,0.7711435604114282,0.5412706721551663,0.8781478010058604,0.6163776434162637,2.220446049250313e-16,0.0,0.0,0.25,0.9999999999999998,0.20185403212637695,0.09787385168245277,1.5273299623281276,0.15273299623281275,,,,,,,,,
crypto_minimum_variance,Crypto Minimum Variance,crypto,minimum_variance,monthly,16,2022-04-01,2021-04-01,2022-03-31,2022-04-01,365,365,10,0.10545547495142277,0.00010545547495142277,10.0,sample_ridge,,88.56970653339674,13.775940315329713,88.56969625858278,0.11740894105958108,1.3775940177570309e-08,0.013983181025180258,2.2375922244923276,True,0,Optimization terminated successfully,7,1,0.7499825654575267,0.45132014877890964,0.8660153378881501,0.5211456761025631,2.220446049250313e-16,0.0,0.0,0.25,1.0000000000000002,0.21953978443348268,0.10845143992840602,1.5415348185702658,0.15415348185702657,,,,,,,,,
crypto_minimum_variance,Crypto Minimum Variance,crypto,minimum_variance,monthly,17,2022-05-01,2021-05-01,2022-04-30,2022-05-01,365,365,10,0.09186566503180875,9.186566503180874e-05,10.0,sample_ridge,,91.69323426918804,12.133849289500647,91.69322369832706,0.10410297044292824,1.2133849168162154e-08,-0.6263076640328578,0.5920204615802523,True,0,Optimization terminated successfully,5,1,0.7014907355690919,-0.0832146852388827,0.8375504376269478,-0.09935483464692217,0.0,0.0,0.0,0.25,1.0,0.22048164836346423,0.10870512163900646,1.4489235442539932,0.14489235442539933,,,,,,,,,
crypto_minimum_variance,Crypto Minimum Variance,crypto,minimum_variance,monthly,18,2022-06-01,2021-06-01,2022-05-31,2022-06-01,365,365,10,0.33652522317824596,0.00033652522317824597,10.0,sample_ridge,,106.49156473650538,8.248953824074619,106.49155068112245,0.06191187007304286,8.248953741585081e-09,-1.0786584425585104,0.4837732700368159,True,0,Optimization terminated successfully,5,1,0.5319376825669317,-0.08049298540072293,0.7293405806390673,-0.11036405698170926,6.661338147750939e-16,0.0,0.0,0.25,1.0000000000000007,0.24999999999999992,0.12315256889865359,1.365967372077357,0.1365967372077357,,,,,,,,,
crypto_minimum_variance,Crypto Minimum Variance,crypto,minimum_variance,monthly,19,2022-07-01,2021-07-01,2022-06-30,2022-07-01,365,365,10,0.11082360093000958,0.00011082360093000958,10.0,sample_ridge,,108.6950897456328,7.9239962305765665,108.69507491751155,0.0575511531658567,7.923996151336606e-09,-1.2801539154201342,0.3150518664621398,True,0,Optimization terminated successfully,11,1,0.515906883365189,-0.42397670379945435,0.7182665823809353,-0.5902776409199513,1.1102230246251565e-16,0.0,0.0,0.25,0.9999999999999999,0.22020872317650728,0.10853283805299951,1.353671514043029,0.13536715140430292,,,,,,,,,
crypto_minimum_variance,Crypto Minimum Variance,crypto,minimum_variance,monthly,20,2022-08-01,2021-08-01,2022-07-31,2022-08-01,365,365,10,0.16913183501333015,0.00016913183501333015,10.0,sample_ridge,,110.22335935631665,8.354955605408627,110.22334391358189,0.05909292134978183,8.354955521859072e-09,-0.9769138015002934,0.4333954992532194,True,0,Optimization terminated successfully,9,1,0.5260571919192965,-0.21878675264941125,0.7252980021475975,-0.30165084144942717,0.0,0.0,0.0,0.25,1.0,0.19292574623624384,0.0923582385403022,1.3318987823953252,0.13318987823953252,,,,,,,,,
crypto_minimum_variance,Crypto Minimum Variance,crypto,minimum_variance,monthly,21,2022-09-01,2021-09-01,2022-08-31,2022-09-01,365,365,10,0.1892178357550725,0.0001892178357550725,10.0,sample_ridge,,107.16128977438619,8.03168601066376,107.16127513535154,0.05824524355769105,8.031685930346902e-09,-1.361594014597837,0.006250885117470517,True,0,Optimization terminated successfully,9,1,0.4956635631761514,-0.6284468614397367,0.7040337798544551,-0.892637369714924,0.0,0.0,0.0,0.24999999999999997,1.0,0.21133134927303282,0.10329192768477401,1.4107092384006863,0.14107092384006864,,,,,,,,,
crypto_minimum_variance,Crypto Minimum Variance,crypto,minimum_variance,monthly,22,2022-10-01,2021-10-01,2022-09-30,2022-10-01,365,365,10,0.14407531560181652,0.00014407531560181654,10.0,sample_ridge,,95.37972847495229,7.646601914636586,95.37971661041927,0.06082702120291618,7.646601838170566e-09,-1.14229358100699,0.08712502317146564,True,0,Optimization terminated successfully,9,1,0.4431084413393697,-0.44275120900641285,0.6656639101974582,-0.6651272544955578,0.0,0.0,1.0550642390999565e-17,0.24999999999999997,1.0,0.1985297612935346,0.09471287627181976,1.4266055736359835,0.14266055736359834,,,,,,,,,
crypto_minimum_variance,Crypto Minimum Variance,crypto,minimum_variance,monthly,23,2022-11-01,2021-11-01,2022-10-31,2022-11-01,365,365,10,0.09638813485503742,9.638813485503741e-05,10.0,sample_ridge,,107.23172559809127,7.385692995669812,107.23171052418755,0.05204988184558712,7.385692921812883e-09,-1.2818155021959377,-0.19249057113465196,True,0,Optimization terminated successfully,11,1,0.41600375541259754,-0.690354725777502,0.6449835311173437,-1.0703447335803429,2.220446049250313e-16,0.0,0.0,0.25,1.0000000000000002,0.21092209825685954,0.10238209928860847,1.503338799516897,0.1503338799516897,,,,,,,,,
crypto_minimum_variance,Crypto Minimum Variance,crypto,minimum_variance,monthly,24,2022-12-01,2021-12-01,2022-11-30,2022-12-01,365,365,10,0.1119418151498964,0.0001119418151498964,10.0,sample_ridge,,124.10985848739648,7.813904553533118,124.1098386417749,0.04847258978209941,7.813904475394072e-09,-1.246741325256994,-0.2122122406342102,True,0,Optimization terminated successfully,8,1,0.442574562438046,-0.8240739026621079,0.6652627769821832,-1.2387193920578814,2.220446049250313e-16,0.0,0.0,0.25,1.0000000000000002,0.2219226094637913,0.10875300507565137,1.4570904930948654,0.14570904930948653,,,,,,,,,
crypto_minimum_variance,Crypto Minimum Variance,crypto,minimum_variance,monthly,25,2023-01-01,2022-01-01,2022-12-31,2023-01-01,365,365,10,0.05468052382682121,5.468052382682121e-05,10.0,sample_ridge,,127.02537016969998,7.392484266815141,127.02534930632169,0.044654348149656645,7.392484192890299e-09,-1.248978605810294,-0.09350913596788747,True,0,Optimization terminated successfully,8,1,0.4127049328484547,-0.7038601853527615,0.6424211491291789,-1.0956366961250654,0.0,0.0,1.745565497701662e-17,0.24999999999999994,1.0,0.21597114533775136,0.10475195510512916,1.4606611766705373,0.14606611766705374,,,,,,,,,
crypto_minimum_variance,Crypto Minimum Variance,crypto,minimum_variance,monthly,26,2023-02-01,2022-02-01,2023-01-31,2023-02-01,365,365,10,0.04824201870900095,4.824201870900095e-05,10.0,sample_ridge,,127.82233875649337,7.245378438119071,127.82231751649053,0.04326156847867566,7.2453783656652874e-09,-0.5965295926929296,0.4946320666884034,True,0,Optimization terminated successfully,8,1,0.3976928712471047,-0.18648118402786026,0.630628948944706,-0.2957066660829918,2.220446049250313e-16,0.0,9.812029660993815e-18,0.25,1.0000000000000002,0.21248329370182117,0.10239605908001126,1.4700591894526138,0.14700591894526138,,,,,,,,,
crypto_minimum_variance,Crypto Minimum Variance,crypto,minimum_variance,monthly,27,2023-03-01,2022-03-01,2023-02-28,2023-03-01,365,365,10,0.08086390981876157,8.086390981876158e-05,10.0,sample_ridge,,133.50767542190056,6.866305764831696,133.5076521356724,0.03907194440676142,6.86630569616864e-09,-0.6185645624590409,0.32657470449165027,True,0,Optimization terminated successfully,9,1,0.36761626865054475,-0.26225382072145365,0.6063136718321176,-0.43253819418089784,0.0,0.0,0.0,0.25,1.0,0.21277240167110573,0.10292536075825415,1.5273886066123155,0.15273886066123155,,,,,,,,,
crypto_minimum_variance,Crypto Minimum Variance,crypto,minimum_variance,monthly,28,2023-04-01,2022-04-01,2023-03-31,2023-04-01,365,365,10,0.11656669772576742,0.00011656669772576742,10.0,sample_ridge,,131.4420895176278,6.963855687964636,131.44206686377055,0.04009824288934678,6.96385561832608e-09,-0.8037839719825717,0.11581888776947913,True,0,Optimization terminated successfully,8,1,0.38200468211156596,-0.24902919621165315,0.6180652733421981,-0.4029173081752736,2.220446049250313e-16,0.0,0.0,0.24999999999999997,1.0000000000000002,0.2105159144059569,0.10131025844297223,1.4844728177717668,0.14844728177717667,,,,,,,,,
crypto_minimum_variance,Crypto Minimum Variance,crypto,minimum_variance,monthly,29,2023-05-01,2022-05-01,2023-04-30,2023-05-01,365,365,10,0.06158470187848276,6.158470187848275e-05,10.0,sample_ridge,,114.4844418335744,6.634363804324822,114.48442459971702,0.04368708907712679,6.634363737981185e-09,-0.5517931033643315,0.2857119958782919,True,0,Optimization terminated successfully,9,1,0.3614251647337869,-0.09322376788695544,0.60118646419708,-0.15506631209912766,2.220446049250313e-16,0.0,0.0,0.25,1.0000000000000002,0.21542805507984336,0.10420509279826248,1.5133404904869836,0.15133404904869835,,,,,,,,,
crypto_minimum_variance,Crypto Minimum Variance,crypto,minimum_variance,monthly,30,2023-06-01,2022-06-01,2023-05-31,2023-06-01,365,365,10,0.09114484457163723,9.114484457163723e-05,10.0,sample_ridge,,99.4001359722176,5.526900040038822,99.4001226911665,0.04094914654577647,5.526899984769822e-09,-0.32595668828112256,0.5783871192737291,True,0,Optimization terminated successfully,8,1,0.28132119866924665,-0.058729622151514296,0.5303972083912646,-0.11072762303867652,1.1102230246251565e-16,0.0,0.0,0.25,0.9999999999999999,0.2050466803753167,0.09750131644039012,1.5312772070493827,0.15312772070493827,,,,,,,,,
crypto_minimum_variance,Crypto Minimum Variance,crypto,minimum_variance,monthly,31,2023-07-01,2022-07-01,2023-06-30,2023-07-01,365,365,10,0.20974670914451282,0.00020974670914451283,10.0,sample_ridge,,96.26318964235213,5.451127536288891,96.26317654948589,0.03966219359692363,5.451127481777616e-09,-0.2370049478975843,1.4413092779143937,True,0,Optimization terminated successfully,11,1,0.24811501149140577,0.35454674421717663,0.4981114448508544,0.711781967433685,2.220446049250313e-16,0.0,0.0,0.25,1.0000000000000002,0.20869447016036818,0.0992488143145137,1.7040736020617675,0.17040736020617675,,,,,,,,,
crypto_minimum_variance,Crypto Minimum Variance,crypto,minimum_variance,monthly,32,2023-08-01,2022-08-01,2023-07-31,2023-08-01,365,365,10,0.4034805137940495,0.00040348051379404947,10.0,sample_ridge,,109.185767974834,5.818749938626652,109.18574963293804,0.03432065693777525,5.818749880439153e-09,-0.3326159985864605,1.0469902024093432,True,0,Optimization terminated successfully,11,1,0.252634324261795,0.3566313533995881,0.5026274209210984,0.7095342167087448,1.1102230246251565e-16,0.0,0.0,0.25,0.9999999999999999,0.2045353861861116,0.09786468201839223,1.7258173240351546,0.17258173240351546,,,,,,,,,
crypto_minimum_variance,Crypto Minimum Variance,crypto,minimum_variance,monthly,33,2023-09-01,2022-09-01,2023-08-31,2023-09-01,365,365,10,0.09153941293568986,9.153941293568987e-05,10.0,sample_ridge,,116.93933859068062,5.602586862120679,116.93931765756304,0.031030266290482788,5.602586806094812e-09,-0.5591571012424633,0.9088177671311785,True,0,Optimization terminated successfully,10,1,0.23658330914000147,0.260845550790146,0.48639830297812664,0.5362797304041503,0.0,0.0,1.8251945733068997e-17,0.25,1.0,0.20765274390201652,0.09879230602765851,1.9128268154135482,0.1912826815413548,,,,,,,,,
crypto_minimum_variance,Crypto Minimum Variance,crypto,minimum_variance,monthly,34,2023-10-01,2022-10-01,2023-09-30,2023-10-01,365,365,10,0.12110635451843633,0.00012110635451843634,10.0,sample_ridge,,138.340518056693,5.0728427798463915,138.34048869659242,0.023729715922736663,5.072842729117965e-09,-0.47628901162496573,0.9777661728635423,True,0,Optimization terminated successfully,10,1,0.21542854418772897,0.31188037756295317,0.4641428058127466,0.6719491795565564,1.1102230246251565e-16,0.0,0.0,0.25,0.9999999999999999,0.2076333568055749,0.09834292499410408,1.8996003069025047,0.18996003069025047,,,,,,,,,
crypto_minimum_variance,Crypto Minimum Variance,crypto,minimum_variance,monthly,35,2023-11-01,2022-11-01,2023-10-31,2023-11-01,365,365,10,0.0689719656836374,6.897196568363741e-05,10.0,sample_ridge,,134.18717726695678,5.019951112948667,134.1871496741781,0.024230728062372024,5.0199510627491575e-09,-0.36438488301588806,1.069826945853484,True,0,Optimization terminated successfully,11,1,0.21508928891966778,0.3690460662004771,0.46377719749861335,0.7957399979794835,0.0,0.0,0.0,0.25,1.0,0.20934678432438106,0.09962500741080584,1.9594926297700122,0.19594926297700122,,,,,,,,,
crypto_minimum_variance,Crypto Minimum Variance,crypto,minimum_variance,monthly,36,2023-12-01,2022-12-01,2023-11-30,2023-12-01,365,365,10,0.08462924581009679,8.462924581009678e-05,10.0,sample_ridge,,107.9915874776335,4.332318149022272,107.99156825748497,0.024116441477778753,4.332318105699092e-09,-0.1409069994332398,0.9513519955667086,True,0,Optimization terminated successfully,13,1,0.16829202066770838,0.6186698992502028,0.410234104710601,1.5080898739188018,2.220446049250313e-16,0.0,0.0,0.25,1.0000000000000002,0.20204771113219097,0.09222897121313764,2.1591210484690575,0.21591210484690576,,,,,,,,,
crypto_risk_parity,Crypto Risk Parity,crypto,risk_parity,monthly,1,2021-01-01,2020-01-02,2020-12-31,2021-01-01,365,365,10,1.0,0.001,10.0,sample_ridge,,89.81395132717167,10.307079478607161,89.81394077727556,0.08676980717928766,1.0307079375536366e-08,0.5017098514163996,2.3211586001308238,True,0,Optimization terminated successfully,6,1,1.9077314178049415e-10,1.399637902281213,0.8636101117390935,1.6206826243183912,0.0,0.0,0.09038126214992817,0.13996183261013542,1.0,0.10194859952135395,4.3677584844009935e-06,1.0182917893013383,0.10182917893013384,,,,,,,,,
crypto_risk_parity,Crypto Risk Parity,crypto,risk_parity,monthly,2,2021-02-01,2020-02-02,2021-01-31,2021-02-01,365,365,10,0.1580960375491343,0.00015809603754913428,10.0,sample_ridge,,75.33558530462105,12.03711434463415,75.3355773967912,0.11315189522377671,1.2037114224263008e-08,0.06005577032354803,2.5484846761287328,True,0,Optimization terminated successfully,7,1,1.1854518553091218e-10,1.3482388870851487,0.8966020500582663,1.5037205045399265,0.0,0.0,0.08143294740998416,0.13904082040689544,1.0,0.10222594416897177,3.4430391448660726e-06,1.040565538345525,0.1040565538345525,,,,,,,,,
crypto_risk_parity,Crypto Risk Parity,crypto,risk_parity,monthly,3,2021-03-01,2020-03-01,2021-02-28,2021-03-01,365,365,10,0.1369395938895359,0.0001369395938895359,10.0,sample_ridge,,74.05437041564282,13.053596059205589,74.05436241566781,0.11920315186455638,1.3053595928669631e-08,0.5370845914100594,4.161129473065568,True,0,Optimization terminated successfully,7,1,1.6982933520497529e-10,1.8461763108416411,0.9152088016622043,2.0172187018837793,0.0,0.0,0.08167766596155335,0.13816556708780972,1.0,0.10200378708613396,4.121035491294308e-06,1.0412461362358374,0.10412461362358374,,,,,,,,,
crypto_risk_parity,Crypto Risk Parity,crypto,risk_parity,monthly,4,2021-04-01,2020-04-01,2021-03-31,2021-04-01,365,365,10,0.07877770171100218,7.877770171100218e-05,10.0,sample_ridge,,51.29884461843315,11.004321151240948,51.2988402938384,0.12798994245661383,1.1004321041197737e-08,1.2105871238559645,4.389858023940388,True,0,Optimization terminated successfully,9,1,3.1219199951137886e-11,2.36046468153871,0.7716100887704527,3.059141807360333,0.0,0.0,0.07515547078292031,0.1530209495971963,1.0,0.10378809024341787,1.7668955812712624e-06,1.1041815252614915,0.11041815252614914,,,,,,,,,
crypto_risk_parity,Crypto Risk Parity,crypto,risk_parity,monthly,5,2021-05-01,2020-05-01,2021-04-30,2021-05-01,365,365,10,0.15684875098913587,0.00015684875098913588,10.0,sample_ridge,,55.47690831977861,12.562471745666796,55.47690315110366,0.1324062012572471,1.2562471620042082e-08,1.3389530736193875,4.061644910746317,True,0,Optimization terminated successfully,10,1,6.133850883369975e-10,2.541840261094265,0.8029010218017574,3.165820184647698,0.0,0.0,0.07463966775807054,0.1607086985762222,1.0,0.10511189643234346,7.831890501896316e-06,1.1409764240885398,0.11409764240885398,,,,,,,,,
crypto_risk_parity,Crypto Risk Parity,crypto,risk_parity,monthly,6,2021-06-01,2020-06-01,2021-05-31,2021-06-01,365,365,10,0.17996991787407238,0.00017996991787407239,10.0,sample_ridge,,72.75683473955232,17.227374545736026,72.75682647962479,0.14966013414556043,1.722737437346228e-08,1.6344977660684372,4.027006627045755,True,0,Optimization terminated successfully,8,1,2.9645076243049173e-10,2.5379940670379786,0.9715292554192599,2.612370191510822,0.0,0.0,0.07915641823044432,0.17303743557970772,1.0,0.10697709565111353,5.444729216687623e-06,1.0853981202339629,0.10853981202339628,,,,,,,,,
crypto_risk_parity,Crypto Risk Parity,crypto,risk_parity,monthly,7,2021-07-01,2020-07-01,2021-06-30,2021-07-01,365,365,10,0.05408758125430635,5.408758125430635e-05,10.0,sample_ridge,,70.2032786348063,18.176576460737515,70.20327110789776,0.16711757154437604,1.8176576278971752e-08,1.6099765563400221,3.707606194316678,True,0,Optimization terminated successfully,8,1,3.276883339020273e-10,2.4049441153419213,1.0120718875943098,2.376258193534515,0.0,0.0,0.07961248497565536,0.16979901080946022,1.0,0.10647351601916051,5.724406815574038e-06,1.0809252567303078,0.10809252567303078,,,,,,,,,
crypto_risk_parity,Crypto Risk Parity,crypto,risk_parity,monthly,8,2021-08-01,2020-08-01,2021-07-31,2021-08-01,365,365,10,0.03909840851838934,3.909840851838934e-05,10.0,sample_ridge,,70.76295866669705,18.24476651914211,70.76295106941735,0.1675348191952297,1.8244766336694446e-08,1.3485258758858145,3.110042374149922,True,0,Optimization terminated successfully,8,1,2.4148484976871226e-10,2.1182079567422822,1.0201034736309718,2.0764638210697397,2.220446049250313e-16,0.0,0.07970810579551509,0.16765831470649864,1.0000000000000002,0.10611458718771528,4.914110802258242e-06,1.079310626685518,0.10793106266855179,,,,,,,,,
crypto_risk_parity,Crypto Risk Parity,crypto,risk_parity,monthly,9,2021-09-01,2020-09-01,2021-08-31,2021-09-01,365,365,10,0.07451950481515524,7.451950481515524e-05,10.0,sample_ridge,,73.26728127102426,18.505071238487623,73.26727316661785,0.1650103802827729,1.8505071053436915e-08,1.515952508322425,4.022120776322449,True,0,Optimization terminated successfully,9,1,4.900077153742872e-10,2.350321685306013,1.0292732016620298,2.2834770025206192,0.0,0.0,0.08007252821110995,0.16677207671791117,1.0,0.10607014591358052,7.0000551095982515e-06,1.0809778939296462,0.10809778939296462,,,,,,,,,
crypto_risk_parity,Crypto Risk Parity,crypto,risk_parity,monthly,10,2021-10-01,2020-10-01,2021-09-30,2021-10-01,365,365,10,0.0460136849933297,4.6013684993329706e-05,10.0,sample_ridge,,73.57058882514198,18.79433778168706,73.57058081973744,0.1703744187920559,1.879433759374368e-08,1.527302557636806,3.926079204576511,True,0,Optimization terminated successfully,9,1,2.749615698870348e-10,2.382358433064266,1.0491500155812021,2.2707509866875433,1.1102230246251565e-16,0.0,0.07977562736766876,0.16524340175244956,0.9999999999999999,0.10589211080307848,5.24367781129963e-06,1.0794211064406294,0.10794211064406294,,,,,,,,,
crypto_risk_parity,Crypto Risk Parity,crypto,risk_parity,monthly,11,2021-11-01,2020-11-01,2021-10-31,2021-11-01,365,365,10,0.0506010486846375,5.0601048684637504e-05,10.0,sample_ridge,,71.81864563406981,19.04437463514134,71.81863804773873,0.1777798502964555,1.9044374444697596e-08,1.7333005404828021,3.935855325204024,True,0,Optimization terminated successfully,9,1,2.2506093885761632e-10,2.5319677424081966,1.059601654711812,2.389546799166556,2.220446049250313e-16,0.0,0.07957599555912052,0.1639946851500248,1.0000000000000002,0.10574400228758046,4.744058798725067e-06,1.0791242657221194,0.10791242657221194,,,,,,,,,
crypto_risk_parity,Crypto Risk Parity,crypto,risk_parity,monthly,12,2021-12-01,2020-12-01,2021-11-30,2021-12-01,365,365,10,0.040879323526133535,4.0879323526133536e-05,10.0,sample_ridge,,70.55614914789201,17.997252383018985,70.55614188438821,0.17234376114406022,1.7997252203046466e-08,1.3146231034194442,3.122853656507479,True,0,Optimization terminated successfully,9,1,6.954728651456974e-11,1.9582215137539243,1.041484290549808,1.8802218444602397,2.220446049250313e-16,0.0,0.0789665969491289,0.16057406627577805,1.0000000000000002,0.10509863594048774,2.637181952662317e-06,1.0638873625199632,0.10638873625199632,,,,,,,,,
crypto_risk_parity,Crypto Risk Parity,crypto,risk_parity,monthly,13,2022-01-01,2021-01-01,2021-12-31,2022-01-01,365,365,10,0.02331018723487003,2.331018723487003e-05,10.0,sample_ridge,,72.39242900802797,17.27330101013917,72.3924214120708,0.16234726937548052,1.7273300837406165e-08,0.7900713622483729,2.9288592735790466,True,0,Optimization terminated successfully,8,1,3.136922131350467e-10,1.73619235188353,1.0297579468325124,1.6860198624579465,0.0,0.0,0.07804759461291985,0.15585844304334046,1.0,0.10441204047475922,5.600823271047775e-06,1.0566336257593594,0.10566336257593593,,,,,,,,,
crypto_risk_parity,Crypto Risk Parity,crypto,risk_parity,monthly,14,2022-02-01,2021-02-01,2022-01-31,2022-02-01,365,365,10,0.029172751550627186,2.9172751550627187e-05,10.0,sample_ridge,,79.5844095795959,15.19484365491244,79.58440088892253,0.13739761556383473,1.5194843502964006e-08,0.228404468262425,2.3355318524584225,True,0,Optimization terminated successfully,8,1,3.919431537256591e-10,1.0006715127377916,0.9883475949469902,1.0124692141244724,2.220446049250313e-16,0.0,0.07590403546080504,0.15578970257422228,1.0000000000000002,0.10464742356748123,6.260536348632546e-06,1.0607976707767603,0.10607976707767604,,,,,,,,,
crypto_risk_parity,Crypto Risk Parity,crypto,risk_parity,monthly,15,2022-03-01,2021-03-01,2022-02-28,2022-03-01,365,365,10,0.04270010701728895,4.270010701728895e-05,10.0,sample_ridge,,87.02164130770612,14.128382893230137,87.02163127414079,0.12112809734858698,1.4128382751946311e-08,-0.11156085519844017,2.0724468445062976,True,0,Optimization terminated successfully,8,1,3.166255721434894e-10,0.7025908237855063,0.9751994602255183,0.7204585855933818,0.0,0.0,0.07657940350238067,0.1535833382277612,1.0,0.10424769763187439,5.626949192445093e-06,1.0511039314006252,0.10511039314006251,,,,,,,,,
crypto_risk_parity,Crypto Risk Parity,crypto,risk_parity,monthly,16,2022-04-01,2021-04-01,2022-03-31,2022-04-01,365,365,10,0.03609264751150262,3.609264751150262e-05,10.0,sample_ridge,,88.56970653339674,13.775940315329713,88.56969625858278,0.11740894105958108,1.3775940177570309e-08,0.013983181025180258,2.2375922244923276,True,0,Optimization terminated successfully,7,1,2.975866570414814e-10,0.5870424914845369,0.967710698886116,0.6066301552315713,2.220446049250313e-16,0.0,0.07706951798492467,0.1533549815665676,1.0000000000000002,0.10429083752824383,5.455150383272649e-06,1.0491387883264722,0.10491387883264722,,,,,,,,,
crypto_risk_parity,Crypto Risk Parity,crypto,risk_parity,monthly,17,2022-05-01,2021-05-01,2022-04-30,2022-05-01,365,365,10,0.05102814297788474,5.102814297788474e-05,10.0,sample_ridge,,91.69323426918804,12.133849289500647,91.69322369832706,0.10410297044292824,1.2133849168162154e-08,-0.6263076640328578,0.5920204615802523,True,0,Optimization terminated successfully,9,1,8.742604645444695e-11,-0.16658868562043783,0.9322785086055957,-0.17868982721655108,2.220446049250313e-16,0.0,0.07692895683779033,0.1486850908455367,1.0000000000000002,0.10363466625612393,2.9567895842344334e-06,1.045464981155789,0.1045464981155789,,,,,,,,,
crypto_risk_parity,Crypto Risk Parity,crypto,risk_parity,monthly,18,2022-06-01,2021-06-01,2022-05-31,2022-06-01,365,365,10,0.09309291642816446,9.309291642816446e-05,10.0,sample_ridge,,106.49156473650538,8.248953824074619,106.49155068112245,0.06191187007304286,8.248953741585081e-09,-1.0786584425585104,0.4837732700368159,True,0,Optimization terminated successfully,7,1,1.0422096050427774e-10,-0.36833744150941433,0.7951222223480683,-0.46324631755565876,2.220446049250313e-16,0.0,0.087990065198565,0.13140308312295432,0.9999999999999998,0.10160654451405728,3.22832712878098e-06,1.0152307257145448,0.10152307257145447,,,,,,,,,
crypto_risk_parity,Crypto Risk Parity,crypto,risk_parity,monthly,19,2022-07-01,2021-07-01,2022-06-30,2022-07-01,365,365,10,0.05736083962930297,5.736083962930297e-05,10.0,sample_ridge,,108.6950897456328,7.9239962305765665,108.69507491751155,0.0575511531658567,7.923996151336606e-09,-1.2801539154201342,0.3150518664621398,True,0,Optimization terminated successfully,6,1,7.897363363033463e-11,-0.5375098240653804,0.7755775077323744,-0.6930446263674486,0.0,0.0,0.08924440859031559,0.12845370692809147,1.0,0.10147326424327008,2.8102247887023423e-06,1.016188315552614,0.10161883155526139,,,,,,,,,
crypto_risk_parity,Crypto Risk Parity,crypto,risk_parity,monthly,20,2022-08-01,2021-08-01,2022-07-31,2022-08-01,365,365,10,0.11248850074722677,0.00011248850074722678,10.0,sample_ridge,,110.22335935631665,8.354955605408627,110.22334391358189,0.05909292134978183,8.354955521859072e-09,-0.9769138015002934,0.4333954992532194,True,0,Optimization terminated successfully,6,1,5.648640533969671e-10,-0.2848726931789051,0.7871627394085048,-0.3618980916105939,1.1102230246251565e-16,0.0,0.08227090806284466,0.12951883166521003,0.9999999999999999,0.10181646877443783,7.515743831431505e-06,1.023777538288714,0.1023777538288714,,,,,,,,,
crypto_risk_parity,Crypto Risk Parity,crypto,risk_parity,monthly,21,2022-09-01,2021-09-01,2022-08-31,2022-09-01,365,365,10,0.026009838963873842,2.6009838963873844e-05,10.0,sample_ridge,,107.16128977438619,8.03168601066376,107.16127513535154,0.05824524355769105,8.031685930346902e-09,-1.361594014597837,0.006250885117470517,True,0,Optimization terminated successfully,6,1,9.139637191920241e-12,-0.6965704110501038,0.7689772192068106,-0.905840112882156,0.0,0.0,0.08066930590306928,0.12698451678646758,1.0,0.1018724136716059,9.560144973763581e-07,1.0269781699515141,0.10269781699515142,,,,,,,,,
crypto_risk_parity,Crypto Risk Parity,crypto,risk_parity,monthly,22,2022-10-01,2021-10-01,2022-09-30,2022-10-01,365,365,10,0.060653615595222456,6.065361559522246e-05,10.0,sample_ridge,,95.37972847495229,7.646601914636586,95.37971661041927,0.06082702120291618,7.646601838170566e-09,-1.14229358100699,0.08712502317146564,True,0,Optimization terminated successfully,6,1,1.0959820541784237e-10,-0.5437403089273237,0.7341752194512983,-0.740613813326061,0.0,0.0,0.07834967666953366,0.13376028480639512,1.0,0.10262399816610916,3.3105619676712345e-06,1.042985478755103,0.1042985478755103,,,,,,,,,
crypto_risk_parity,Crypto Risk Parity,crypto,risk_parity,monthly,23,2022-11-01,2021-11-01,2022-10-31,2022-11-01,365,365,10,0.02834173912411487,2.834173912411487e-05,10.0,sample_ridge,,107.23172559809127,7.385692995669812,107.23171052418755,0.05204988184558712,7.385692921812883e-09,-1.2818155021959377,-0.19249057113465196,True,0,Optimization terminated successfully,7,1,1.0934825683920229e-10,-0.7480967603552442,0.7168921959162893,-1.0435275549332366,0.0,0.0,0.07683154691073733,0.13587874739905176,1.0,0.10292706212899574,3.3067847955252865e-06,1.0490996222555427,0.10490996222555427,,,,,,,,,
crypto_risk_parity,Crypto Risk Parity,crypto,risk_parity,monthly,24,2022-12-01,2021-12-01,2022-11-30,2022-12-01,365,365,10,0.061669763443083954,6.166976344308396e-05,10.0,sample_ridge,,124.10985848739648,7.813904553533118,124.1098386417749,0.04847258978209941,7.813904475394072e-09,-1.246741325256994,-0.2122122406342102,True,0,Optimization terminated successfully,11,1,5.033135576347502e-10,-0.7732661324714734,0.7406017936177796,-1.044105130631849,0.0,0.0,0.07568288053512162,0.14378947504679612,1.0,0.10351827360090039,7.094459511722657e-06,1.0509509840896334,0.10509509840896333,,,,,,,,,
crypto_risk_parity,Crypto Risk Parity,crypto,risk_parity,monthly,25,2023-01-01,2022-01-01,2022-12-31,2023-01-01,365,365,10,0.037092066810556726,3.7092066810556724e-05,10.0,sample_ridge,,127.02537016969998,7.392484266815141,127.02534930632169,0.044654348149656645,7.392484192890299e-09,-1.248978605810294,-0.09350913596788747,True,0,Optimization terminated successfully,11,1,2.3971925839019164e-10,-0.6771159855479352,0.716860104582277,-0.9445580542419763,0.0,0.0,0.07389794286933529,0.14490874064633058,1.0,0.10369983414522313,4.89611334009123e-06,1.0568936671853422,0.10568936671853421,,,,,,,,,
crypto_risk_parity,Crypto Risk Parity,crypto,risk_parity,monthly,26,2023-02-01,2022-02-01,2023-01-31,2023-02-01,365,365,10,0.039391757490150656,3.939175749015066e-05,10.0,sample_ridge,,127.82233875649337,7.245378438119071,127.82231751649053,0.04326156847867566,7.2453783656652874e-09,-0.5965295926929296,0.4946320666884034,True,0,Optimization terminated successfully,7,1,2.6603801667270135e-11,-0.1406313646619706,0.7049281008313714,-0.19949745867147886,0.0,0.0,0.07242568733948315,0.1476760833366946,1.0,0.10397629028644093,1.631067186454324e-06,1.0657357376267296,0.10657357376267296,,,,,,,,,
crypto_risk_parity,Crypto Risk Parity,crypto,risk_parity,monthly,27,2023-03-01,2022-03-01,2023-02-28,2023-03-01,365,365,10,0.027889668402113613,2.7889668402113612e-05,10.0,sample_ridge,,133.50767542190056,6.866305764831696,133.5076521356724,0.03907194440676142,6.86630569616864e-09,-0.6185645624590409,0.32657470449165027,True,0,Optimization terminated successfully,7,1,5.357839200487193e-11,-0.2316837265902133,0.682240393072068,-0.3395925086566072,1.1102230246251565e-16,0.0,0.07121282931562481,0.14609460979530559,0.9999999999999999,0.10406596440973759,2.3147006718982687e-06,1.0716914374501894,0.10716914374501893,,,,,,,,,
crypto_risk_parity,Crypto Risk Parity,crypto,risk_parity,monthly,28,2023-04-01,2022-04-01,2023-03-31,2023-04-01,365,365,10,0.0608135941508369,6.08135941508369e-05,10.0,sample_ridge,,131.4420895176278,6.963855687964636,131.44206686377055,0.04009824288934678,6.96385561832608e-09,-0.8037839719825717,0.11581888776947913,True,0,Optimization terminated successfully,10,1,1.1465324639844801e-10,-0.2816636579887374,0.6914177505799685,-0.40737116996558875,2.220446049250313e-16,0.0,0.0728792951993232,0.14010338781886456,1.0000000000000002,0.10340509463366529,3.3860485288658965e-06,1.0590101971904815,0.10590101971904815,,,,,,,,,
crypto_risk_parity,Crypto Risk Parity,crypto,risk_parity,monthly,29,2023-05-01,2022-05-01,2023-04-30,2023-05-01,365,365,10,0.03404945368082012,3.4049453680820124e-05,10.0,sample_ridge,,114.4844418335744,6.634363804324822,114.48442459971702,0.04368708907712679,6.634363737981185e-09,-0.5517931033643315,0.2857119958782919,True,0,Optimization terminated successfully,10,1,1.8134684679791848e-10,-0.052118184471108095,0.6735238166785428,-0.0773813533842455,1.1102230246251565e-16,0.0,0.0734505210641244,0.1424959123072597,0.9999999999999999,0.10351266751186414,4.258483847542832e-06,1.0581478946515688,0.10581478946515688,,,,,,,,,
crypto_risk_parity,Crypto Risk Parity,crypto,risk_parity,monthly,30,2023-06-01,2022-06-01,2023-05-31,2023-06-01,365,365,10,0.023939925694127166,2.3939925694127165e-05,10.0,sample_ridge,,99.4001359722176,5.526900040038822,99.4001226911665,0.04094914654577647,5.526899984769822e-09,-0.32595668828112256,0.5783871192737291,True,0,Optimization terminated successfully,7,1,1.2353781762270417e-10,0.04863567485892383,0.5966121609826139,0.08151975108724131,0.0,0.0,0.06956647976594832,0.15902576050383374,1.0,0.10527572143789188,3.514794697033378e-06,1.0810058575839467,0.10810058575839468,,,,,,,,,
crypto_risk_parity,Crypto Risk Parity,crypto,risk_parity,monthly,31,2023-07-01,2022-07-01,2023-06-30,2023-07-01,365,365,10,0.13634773362004418,0.00013634773362004418,10.0,sample_ridge,,96.26318964235213,5.451127536288891,96.26317654948589,0.03966219359692363,5.451127481777616e-09,-0.2370049478975843,1.4413092779143937,True,0,Optimization terminated successfully,9,1,8.23080515708924e-11,0.5236394868994871,0.5676105064447456,0.9225331119737846,0.0,0.0,0.06737363904154091,0.16567101916114851,1.0,0.10678033238921927,2.8689379841848657e-06,1.110345571775553,0.11103455717755531,,,,,,,,,
crypto_risk_parity,Crypto Risk Parity,crypto,risk_parity,monthly,32,2023-08-01,2022-08-01,2023-07-31,2023-08-01,365,365,10,0.1245262608039944,0.0001245262608039944,10.0,sample_ridge,,109.185767974834,5.818749938626652,109.18574963293804,0.03432065693777525,5.818749880439153e-09,-0.3326159985864605,1.0469902024093432,True,0,Optimization terminated successfully,9,1,1.3692577719983657e-09,0.3192683357025412,0.5632543142738177,0.5668280341787736,0.0,0.0,0.07626064165535625,0.16947742299966442,1.0,0.10754413694209772,1.1701528840275479e-05,1.1181627706563027,0.11181627706563027,,,,,,,,,
crypto_risk_parity,Crypto Risk Parity,crypto,risk_parity,monthly,33,2023-09-01,2022-09-01,2023-08-31,2023-09-01,365,365,10,0.037124199629674816,3.7124199629674816e-05,10.0,sample_ridge,,116.93933859068062,5.602586862120679,116.93931765756304,0.031030266290482788,5.602586806094812e-09,-0.5591571012424633,0.9088177671311785,True,0,Optimization terminated successfully,12,1,8.338746547379131e-11,0.234255725213588,0.5504417575941175,0.42557767825878234,0.0,0.0,0.07329141813402734,0.17059392714923755,1.0,0.10790363846927392,2.8876887899111713e-06,1.1477188603542965,0.11477188603542965,,,,,,,,,
crypto_risk_parity,Crypto Risk Parity,crypto,risk_parity,monthly,34,2023-10-01,2022-10-01,2023-09-30,2023-10-01,365,365,10,0.030742436152775117,3.0742436152775115e-05,10.0,sample_ridge,,138.340518056693,5.0728427798463915,138.34048869659242,0.023729715922736663,5.072842729117965e-09,-0.47628901162496573,0.9777661728635423,True,0,Optimization terminated successfully,11,1,2.0896412582176924e-10,0.2701564090767449,0.5257564554666829,0.5138432562600549,0.0,0.0,0.07311170022615117,0.1648444355214179,1.0,0.10711443360834536,4.571259408762879e-06,1.1564316026691996,0.11564316026691997,,,,,,,,,
crypto_risk_parity,Crypto Risk Parity,crypto,risk_parity,monthly,35,2023-11-01,2022-11-01,2023-10-31,2023-11-01,365,365,10,0.02668207897434951,2.668207897434951e-05,10.0,sample_ridge,,134.18717726695678,5.019951112948667,134.1871496741781,0.024230728062372024,5.0199510627491575e-09,-0.36438488301588806,1.069826945853484,True,0,Optimization terminated successfully,11,1,1.6818883930242064e-11,0.3681863244380846,0.5249168736188556,0.7014183443937567,1.1102230246251565e-16,0.0,0.07333971403300983,0.1633358959756051,0.9999999999999999,0.10671021451715137,1.296876398515083e-06,1.1564588341678217,0.11564588341678217,,,,,,,,,
crypto_risk_parity,Crypto Risk Parity,crypto,risk_parity,monthly,36,2023-12-01,2022-12-01,2023-11-30,2023-12-01,365,365,10,0.032400230605041824,3.2400230605041825e-05,10.0,sample_ridge,,107.9915874776335,4.332318149022272,107.99156825748497,0.024116441477778753,4.332318105699092e-09,-0.1409069994332398,0.9513519955667086,True,0,Optimization terminated successfully,10,1,1.5598583201924836e-10,0.513929334827782,0.4667612631197937,1.1010539550619964,0.0,0.0,0.07289900292315007,0.155127582667753,1.0,0.10626805045221785,3.949504171653825e-06,1.2304821681524192,0.12304821681524192,,,,,,,,,
equity_equal_weight,Equity Equal Weight,equity,equal_weight,monthly,1,2021-01-04,2020-01-03,2020-12-31,2021-01-04,252,252,50,1.0,0.001,10.0,sample_ridge,,708.2402856669532,13.184233797269265,708.2401086386429,0.010534384267484587,2.6368467330853855e-09,-0.3492732395247833,0.9488143251997084,True,0,closed-form feasible equal weight,0,1,0.13168050012953178,0.20230009972487953,0.3628780788770959,0.5574877941122397,0.0,0.0,0.02,0.02,0.0,0.020000000000000004,0.006725898141198075,1.1166813568690888,0.022333627137381774,,,,,,,,,
equity_equal_weight,Equity Equal Weight,equity,equal_weight,monthly,2,2021-02-01,2020-01-31,2021-01-29,2021-02-01,252,252,50,0.025333838004933662,2.5333838004933664e-05,10.0,sample_ridge,,661.1468383883391,13.465257787911993,661.1466828998957,0.011433707958087692,2.693051530651883e-09,-0.23740683868214907,0.9237121823064337,True,0,closed-form feasible equal weight,0,1,0.1331295493531754,0.20003338921878674,0.3648692222607648,0.5482331120705677,0.0,0.0,0.02,0.02,0.0,0.020000000000000004,0.00676548408650843,1.1227264044271905,0.02245452808854381,,,,,,,,,
equity_equal_weight,Equity Equal Weight,equity,equal_weight,monthly,3,2021-03-01,2020-02-28,2021-02-26,2021-03-01,252,252,50,0.04808090956608878,4.808090956608878e-05,10.0,sample_ridge,,663.0317180134332,13.324354398206259,663.0315596849582,0.011142841022490756,2.664870852992543e-09,-0.09602128620994455,0.9459226944620321,True,0,closed-form feasible equal weight,0,1,0.1293435606822905,0.3365777649682562,0.35964365792029546,0.935864591397435,0.0,0.0,0.02,0.02,0.0,0.020000000000000004,0.0068861771552833125,1.1355503607226425,0.02271100721445285,,,,,,,,,
equity_equal_weight,Equity Equal Weight,equity,equal_weight,monthly,4,2021-04-01,2020-04-01,2021-03-31,2021-04-01,252,252,50,0.0233462923145153,2.3346292314515302e-05,10.0,sample_ridge,,384.10656775882444,7.651657660345755,384.1065013271364,0.008825307107527342,1.530331516765836e-09,-0.060127039234835644,1.226556819766659,True,0,closed-form feasible equal weight,0,1,0.05096753257899397,0.49925900555995684,0.2257599002900957,2.2114600729289027,0.0,0.0,0.02,0.02,0.0,0.020000000000000004,0.009611561138790659,1.445185909718037,0.02890371819436074,,,,,,,,,
equity_equal_weight,Equity Equal Weight,equity,equal_weight,monthly,5,2021-05-03,2020-05-01,2021-04-30,2021-05-03,252,252,50,0.02127422426883026,2.1274224268830262e-05,10.0,sample_ridge,,349.6342331587705,6.276780580370753,349.63417521830985,0.007553618062301135,1.2553561035205896e-09,-0.2081438801394524,0.8493961050735777,True,0,closed-form feasible equal weight,0,1,0.035468132163690755,0.41445879881119324,0.18832984936990407,2.2007068990807865,0.0,0.0,0.02,0.02,0.0,0.020000000000000004,0.011440313728948642,1.658596374126123,0.033171927482522456,,,,,,,,,
equity_equal_weight,Equity Equal Weight,equity,equal_weight,monthly,6,2021-06-01,2020-06-01,2021-05-28,2021-06-01,252,252,50,0.020924253875931585,2.0924253875931584e-05,10.0,sample_ridge,,338.3569609822227,5.719485651015339,338.35690348588344,0.00671176042847194,1.1438971187640966e-09,-0.09446757920356907,1.0236878148723123,True,0,closed-form feasible equal weight,0,1,0.030175975349940664,0.3960795467469648,0.17371233505407918,2.2800887836989783,0.0,0.0,0.02,0.02,0.0,0.020000000000000004,0.01125194185283506,1.7784983040512057,0.03556996608102411,,,,,,,,,
equity_equal_weight,Equity Equal Weight,equity,equal_weight,monthly,7,2021-07-01,2020-07-01,2021-06-30,2021-07-01,252,252,50,0.026674057733222907,2.667405773322291e-05,10.0,sample_ridge,,284.1973126090397,4.93436282698919,284.1972655923129,0.005944260101287084,9.868725555291125e-10,-0.04517062980827402,0.9353134194385742,True,0,closed-form feasible equal weight,0,1,0.02164452877178343,0.3816980834730397,0.14712079653054977,2.59445362229112,0.0,0.0,0.02,0.02,0.0,0.020000000000000004,0.01063193489384136,2.1359074744873627,0.042718149489747254,,,,,,,,,
equity_equal_weight,Equity Equal Weight,equity,equal_weight,monthly,8,2021-08-02,2020-07-31,2021-07-30,2021-08-02,252,252,50,0.022290182207067667,2.2290182207067666e-05,10.0,sample_ridge,,291.6771564436472,4.644660133462096,291.6771084447581,0.005625532674701469,9.289320174030991e-10,-0.03111480254552568,0.9864628459904821,True,0,closed-form feasible equal weight,0,1,0.021244915141181316,0.3533419843126212,0.14575635540579807,2.424196072472361,0.0,0.0,0.02,0.02,0.0,0.020000000000000004,0.010691814004449516,2.077370334092897,0.04154740668185794,,,,,,,,,
equity_equal_weight,Equity Equal Weight,equity,equal_weight,monthly,9,2021-09-01,2020-09-01,2021-08-31,2021-09-01,252,252,50,0.018564143772417677,1.8564143772417678e-05,10.0,sample_ridge,,314.3405463864097,4.51621493339901,314.3404924254211,0.005244949261080728,9.032429776473723e-10,-0.07863987065770972,1.0546679801982481,True,0,closed-form feasible equal weight,0,1,0.021060674251684702,0.32992714402702594,0.14512296252380152,2.273431704323944,0.0,0.0,0.02,0.02,0.0,0.020000000000000004,0.011011690686225544,2.062349723097925,0.041246994461958494,,,,,,,,,
equity_equal_weight,Equity Equal Weight,equity,equal_weight,monthly,10,2021-10-01,2020-10-01,2021-09-30,2021-10-01,252,252,50,0.024861097677564552,2.486109767756455e-05,10.0,sample_ridge,,344.88471341317165,4.295516232029762,344.8846496829951,0.004635676280579153,8.591032378149199e-10,-0.12416434745014902,1.315533795988761,True,0,closed-form feasible equal weight,0,1,0.018641443031580423,0.30103503987832536,0.1365336699557308,2.2048410474568794,0.0,0.0,0.02,0.02,0.0,0.020000000000000004,0.012365853855664516,2.1491776285790984,0.04298355257158197,,,,,,,,,
equity_equal_weight,Equity Equal Weight,equity,equal_weight,monthly,11,2021-11-01,2020-10-30,2021-10-29,2021-11-01,252,252,50,0.030892860165321355,3.089286016532136e-05,10.0,sample_ridge,,315.9019357927494,4.159227537977499,315.90188050678523,0.004738087880330207,8.318454992770447e-10,-0.03804484144889364,1.5250342431668675,True,0,closed-form feasible equal weight,0,1,0.016727433069990787,0.37624373572543407,0.12933457801373452,2.909073053035201,0.0,0.0,0.02,0.02,0.0,0.020000000000000004,0.012634911624324481,2.270650227836328,0.04541300455672656,,,,,,,,,
equity_equal_weight,Equity Equal Weight,equity,equal_weight,monthly,12,2021-12-01,2020-12-01,2021-11-30,2021-12-01,252,252,50,0.032735906168173845,3.273590616817385e-05,10.0,sample_ridge,,268.85633914211076,3.7330974299977373,268.85629255670045,0.004292905375881567,7.466194785333525e-10,-0.17349452421536093,0.9785778184849881,True,0,closed-form feasible equal weight,0,1,0.01471354040884248,0.23029449332630736,0.12129938338195491,1.8985627701102321,0.0,0.0,0.02,0.02,0.0,0.020000000000000004,0.010670669875192983,2.269576728074132,0.045391534561482635,,,,,,,,,
equity_equal_weight,Equity Equal Weight,equity,equal_weight,monthly,13,2022-01-03,2021-01-04,2021-12-31,2022-01-03,252,252,50,0.022483032262101868,2.248303226210187e-05,10.0,sample_ridge,,290.9337928824501,3.785003164708261,290.9337377595371,0.003981648493762912,7.570006253716459e-10,-0.12605950714046,0.914339693277029,True,0,closed-form feasible equal weight,0,1,0.015773531792442827,0.2483633678243283,0.1255927218928025,1.9775299402804136,0.0,0.0,0.02,0.02,0.0,0.020000000000000004,0.010112410706713178,2.103432985280349,0.042068659705606984,,,,,,,,,
equity_equal_weight,Equity Equal Weight,equity,equal_weight,monthly,14,2022-02-01,2021-02-02,2022-01-31,2022-02-01,252,252,50,0.04088312553808702,4.088312553808702e-05,10.0,sample_ridge,,318.9719391236067,3.7798292049481974,318.9718688197157,0.0034190984143493523,7.559658334299811e-10,-0.15047290084382414,0.8728852544158702,True,0,closed-form feasible equal weight,0,1,0.01522574949360256,0.2345318618704074,0.12339266385649741,1.9006953455771252,0.0,0.0,0.02,0.02,0.0,0.020000000000000004,0.009848541459579278,2.0734025247733023,0.04146805049546605,,,,,,,,,
equity_equal_weight,Equity Equal Weight,equity,equal_weight,monthly,15,2022-03-01,2021-03-02,2022-02-28,2022-03-01,252,252,50,0.028415889189891498,2.84158891898915e-05,10.0,sample_ridge,,276.3172326451961,3.8465221707918356,276.3171762647196,0.00375666859966663,7.693044264653227e-10,-0.2425927947907769,0.8761242453888961,True,0,closed-form feasible equal weight,0,1,0.015734783758343553,0.17478686742327754,0.12543836637306607,1.3934083524608742,0.0,0.0,0.02,0.02,0.0,0.020000000000000004,0.008912426868408997,1.8143491213037963,0.03628698242607593,,,,,,,,,
equity_equal_weight,Equity Equal Weight,equity,equal_weight,monthly,16,2022-04-01,2021-04-05,2022-03-31,2022-04-01,252,252,50,0.03348463276404173,3.348463276404173e-05,10.0,sample_ridge,,311.3353481532465,4.024441658350308,311.33527755599476,0.0035381730788798024,8.048883236211783e-10,-0.28945013253051877,0.8913328012218693,True,0,closed-form feasible equal weight,0,1,0.016735469389006847,0.16464848516060027,0.12936564222778338,1.2727373537920668,0.0,0.0,0.02,0.02,0.0,0.020000000000000004,0.009439303087306799,1.5134439031047375,0.030268878062094752,,,,,,,,,
equity_equal_weight,Equity Equal Weight,equity,equal_weight,monthly,17,2022-05-02,2021-05-03,2022-04-29,2022-05-02,252,252,50,0.036011266897346926,3.601126689734693e-05,10.0,sample_ridge,,314.1962107016673,4.284996708228052,314.19614183547003,0.003897542654991327,8.569993330756168e-10,-0.4753197972276958,0.9388799704010586,True,0,closed-form feasible equal weight,0,1,0.019404504357591983,0.07421929290299978,0.13930005153477862,0.5328016184148336,0.0,0.0,0.02,0.02,0.0,0.020000000000000004,0.00872270334751824,1.3788721973816136,0.02757744394763227,,,,,,,,,
equity_equal_weight,Equity Equal Weight,equity,equal_weight,monthly,18,2022-06-01,2021-06-02,2022-05-31,2022-06-01,252,252,50,0.02998287399249279,2.998287399249279e-05,10.0,sample_ridge,,429.501073557455,4.683380842181999,429.5009606662642,0.0035553415511947106,9.366761590696385e-10,-0.5815489189410324,1.0545687899640876,True,0,closed-form feasible equal weight,0,1,0.023915019630517936,0.07780396826258512,0.1546448176646018,0.5031139706946316,0.0,0.0,0.02,0.02,0.0,0.020000000000000004,0.009142934789947058,1.34926638023298,0.0269853276046596,,,,,,,,,
equity_equal_weight,Equity Equal Weight,equity,equal_weight,monthly,19,2022-07-01,2021-07-01,2022-06-30,2022-07-01,252,252,50,0.035731082777456694,3.57310827774567e-05,10.0,sample_ridge,,510.53631347218635,5.06933383844659,510.5361682089672,0.003556316091843376,1.0138667575506501e-09,-0.5782209800041562,0.8011361548468544,True,0,closed-form feasible equal weight,0,1,0.028962828748813077,-0.025269330662360208,0.1701846901128685,-0.14848180906050532,0.0,0.0,0.02,0.02,0.0,0.020000000000000004,0.008919074460573346,1.27754953660854,0.025550990732170802,,,,,,,,,
equity_equal_weight,Equity Equal Weight,equity,equal_weight,monthly,20,2022-08-01,2021-07-30,2022-07-29,2022-08-01,252,252,50,0.027947302729232255,2.7947302729232255e-05,10.0,sample_ridge,,519.2829925502888,5.264405780011374,519.2828415783691,0.0036145157759337326,1.0528811454734633e-09,-0.4743378757951733,1.0610827829850287,True,0,closed-form feasible equal weight,0,1,0.029867778332149965,0.031679828184621756,0.17282296818464254,0.1833079741506077,0.0,0.0,0.02,0.02,0.0,0.020000000000000004,0.00891899554386873,1.2984885585618922,0.025969771171237842,,,,,,,,,
equity_equal_weight,Equity Equal Weight,equity,equal_weight,monthly,21,2022-09-01,2021-09-01,2022-08-31,2022-09-01,252,252,50,0.021912206328306094,2.1912206328306094e-05,10.0,sample_ridge,,557.7048805106252,5.410058492317103,557.7047098850965,0.0035303110440088594,1.0820116876433034e-09,-0.489901311668022,1.1828191271343909,True,0,closed-form feasible equal weight,0,1,0.03150146471791509,-0.006687454546341658,0.17748651982028127,-0.03767866175478126,0.0,0.0,0.02,0.02,0.0,0.020000000000000004,0.008816057328637862,1.2988624692476016,0.025977249384952033,,,,,,,,,
equity_equal_weight,Equity Equal Weight,equity,equal_weight,monthly,22,2022-10-03,2021-10-01,2022-09-30,2022-10-03,252,252,50,0.028851780763759736,2.8851780763759738e-05,10.0,sample_ridge,,617.4379094289061,5.666887786649403,617.4377085828124,0.0034785684239596053,1.133377545996105e-09,-0.6348446139350687,0.8913308032260187,True,0,closed-form feasible equal weight,0,1,0.03525046713656459,-0.0795333839442823,0.1877510775909544,-0.42361079874896074,0.0,0.0,0.02,0.02,0.0,0.020000000000000004,0.008274648059727645,1.2641358477307465,0.02528271695461493,,,,,,,,,
equity_equal_weight,Equity Equal Weight,equity,equal_weight,monthly,23,2022-11-01,2021-11-01,2022-10-31,2022-11-01,252,252,50,0.03597641824833053,3.597641824833054e-05,10.0,sample_ridge,,648.5504889732105,6.021456174395363,648.5502777321982,0.003691704376822344,1.2042912228361604e-09,-0.6083168093436072,0.9320822595695339,True,0,closed-form feasible equal weight,0,1,0.04029458532209389,-0.024967515303282846,0.20073511232989083,-0.12438040865641328,0.0,0.0,0.02,0.02,0.0,0.020000000000000004,0.007756573207741525,1.217264447447283,0.024345288948945658,,,,,,,,,
equity_equal_weight,Equity Equal Weight,equity,equal_weight,monthly,24,2022-12-01,2021-12-01,2022-11-30,2022-12-01,252,252,50,0.028513568246996975,2.8513568246996976e-05,10.0,sample_ridge,,701.6204758532148,6.249555728017336,701.6202416455271,0.0037390460649631982,1.249911133104356e-09,-0.5492037107009324,1.012398262304997,True,0,closed-form feasible equal weight,0,1,0.04413351189878139,0.07136456293324085,0.2100797750826609,0.33970220553197356,0.0,0.0,0.02,0.02,0.0,0.020000000000000004,0.007903447657256979,1.1835185705925353,0.023670371411850705,,,,,,,,,
equity_equal_weight,Equity Equal Weight,equity,equal_weight,monthly,25,2023-01-03,2021-12-31,2022-12-30,2023-01-03,252,252,50,0.022242937945455434,2.2242937945455433e-05,10.0,sample_ridge,,713.826698175003,6.191813444196875,713.826459680812,0.003701297571772024,1.2383626764557482e-09,-0.6198019913959887,0.9359017507349877,True,0,closed-form feasible equal weight,0,1,0.04474959391760697,-0.023883407347038026,0.21154099819563812,-0.11290202632470367,0.0,0.0,0.02,0.02,0.0,0.020000000000000004,0.007809255351540649,1.1654396466706338,0.023308792933412675,,,,,,,,,
equity_equal_weight,Equity Equal Weight,equity,equal_weight,monthly,26,2023-02-01,2022-01-31,2023-01-31,2023-02-01,252,252,50,0.03226719250383654,3.226719250383654e-05,10.0,sample_ridge,,662.3867216688445,6.113900152339298,662.3865223016511,0.0040564871675980345,1.2227800182400594e-09,-0.4107847709334955,0.6931753816190576,True,0,closed-form feasible equal weight,0,1,0.0456277851670765,0.07693667419400367,0.21360661311644005,0.3601792710044252,0.0,0.0,0.02,0.02,0.0,0.020000000000000004,0.00774678994296127,1.1642508090304493,0.023285016180608985,,,,,,,,,
equity_equal_weight,Equity Equal Weight,equity,equal_weight,monthly,27,2023-03-01,2022-02-28,2023-02-28,2023-03-01,252,252,50,0.02025530215394364,2.0255302153943638e-05,10.0,sample_ridge,,719.7933267404047,5.967437912963498,719.7930902798075,0.0036279655641383046,1.193487570657824e-09,-0.5300802301245598,0.560747599864184,True,0,closed-form feasible equal weight,0,1,0.04459604053331415,0.017320642438171118,0.21117774630228953,0.08201925980106614,0.0,0.0,0.02,0.02,0.0,0.020000000000000004,0.007591894096973939,1.1577370275918453,0.023154740551836906,,,,,,,,,
equity_equal_weight,Equity Equal Weight,equity,equal_weight,monthly,28,2023-04-03,2022-03-31,2023-03-31,2023-04-03,252,252,50,0.028673054808548766,2.8673054808548767e-05,10.0,sample_ridge,,710.8831318567082,5.790126282013423,710.8829062608362,0.003643961078279024,1.1580252448224324e-09,-0.3738643148089632,0.4041887312530835,True,0,closed-form feasible equal weight,0,1,0.04508253231169689,-0.006665394301187426,0.21232647576714708,-0.0313921958017953,0.0,0.0,0.02,0.02,0.0,0.020000000000000004,0.007152357132370211,1.1195455575943083,0.022390911151886166,,,,,,,,,
equity_equal_weight,Equity Equal Weight,equity,equal_weight,monthly,29,2023-05-01,2022-04-28,2023-04-28,2023-05-01,252,252,50,0.01933527861559108,1.933527861559108e-05,10.0,sample_ridge,,714.6541261906061,5.642257477505018,714.6538978489344,0.003526837894209986,1.1284514842164888e-09,-0.3388991365636248,0.5858993506629674,True,0,closed-form feasible equal weight,0,1,0.04413110429739493,0.06404452407024254,0.21007404479705466,0.3048664299871684,0.0,0.0,0.02,0.02,0.0,0.020000000000000004,0.007001883832916558,1.112560042468107,0.022251200849362142,,,,,,,,,
equity_equal_weight,Equity Equal Weight,equity,equal_weight,monthly,30,2023-06-01,2022-05-31,2023-05-31,2023-06-01,252,252,50,0.031073954582808164,3.107395458280816e-05,10.0,sample_ridge,,609.9355530399164,5.250113564529966,609.9353742650943,0.003576544792009096,1.0500227024057662e-09,-0.45545680673063427,0.8770008312109273,True,0,closed-form feasible equal weight,0,1,0.038520017614238886,-0.013332667464902272,0.1962651716791313,-0.0679319073824239,0.0,0.0,0.02,0.02,0.0,0.020000000000000004,0.006678010713519446,1.126917688654274,0.02253835377308548,,,,,,,,,
equity_equal_weight,Equity Equal Weight,equity,equal_weight,monthly,31,2023-07-03,2022-06-30,2023-06-30,2023-07-03,252,252,50,0.019012056781482888,1.9012056781482887e-05,10.0,sample_ridge,,550.9166650782894,4.883298319330571,550.9165099528301,0.0034622390671748856,9.766596540995178e-10,-0.34636314378090993,1.1699565688763638,True,0,closed-form feasible equal weight,0,1,0.03370480533802156,0.1372417194761515,0.1835886852124105,0.7475499882651484,0.0,0.0,0.02,0.02,0.0,0.020000000000000004,0.006612581290103652,1.151968382819884,0.023039367656397677,,,,,,,,,
equity_equal_weight,Equity Equal Weight,equity,equal_weight,monthly,32,2023-08-01,2022-07-29,2023-07-31,2023-08-01,252,252,50,0.022089088936460343,2.2089088936460343e-05,10.0,sample_ridge,,534.1663366335997,4.728660289016061,534.166189472076,0.0034263881123364247,9.45732048345892e-10,-0.4257137157133368,1.1159951693564845,True,0,closed-form feasible equal weight,0,1,0.032513196040904704,0.12836402574822534,0.18031415929123454,0.7118909921039428,0.0,0.0,0.02,0.02,0.0,0.020000000000000004,0.006483075056116698,1.1439432088706714,0.022878864177413426,,,,,,,,,
equity_equal_weight,Equity Equal Weight,equity,equal_weight,monthly,33,2023-09-01,2022-08-31,2023-08-31,2023-09-01,252,252,50,0.021630116488075432,2.1630116488075433e-05,10.0,sample_ridge,,472.5729167969818,4.546920102129455,472.5728005934037,0.003690427440758401,9.093840113320509e-10,-0.43813560969970056,1.3175303418143658,True,0,closed-form feasible equal weight,0,1,0.031087187082205904,0.11047031264757365,0.1763155894474618,0.6265487526869619,0.0,0.0,0.02,0.02,0.0,0.020000000000000004,0.006353605687215167,1.1522505750846095,0.02304501150169219,,,,,,,,,
equity_equal_weight,Equity Equal Weight,equity,equal_weight,monthly,34,2023-10-02,2022-09-29,2023-09-29,2023-10-02,252,252,50,0.019764388141731093,1.9764388141731093e-05,10.0,sample_ridge,,412.37630849746233,4.283792021962718,412.3762148537553,0.0037637350854721166,8.567583958249595e-10,-0.43345810393913387,1.3764609828460026,True,0,closed-form feasible equal weight,0,1,0.027442221577238086,0.16308609950667202,0.16565693941769563,0.9844809404299003,0.0,0.0,0.02,0.02,0.0,0.020000000000000004,0.00652835795838964,1.178158470404957,0.02356316940809914,,,,,,,,,
equity_equal_weight,Equity Equal Weight,equity,equal_weight,monthly,35,2023-11-01,2022-10-31,2023-10-31,2023-11-01,252,252,50,0.022386155925351224,2.2386155925351226e-05,10.0,sample_ridge,,341.8132021752741,3.9744385443219157,341.81313105563646,0.0038091901796157373,7.948877009155061e-10,-0.4631479082031792,1.221485025665576,True,0,closed-form feasible equal weight,0,1,0.022497655028895072,0.05633531894471708,0.14999218322597704,0.3755883655606421,0.0,0.0,0.02,0.02,0.0,0.020000000000000004,0.0070340525959534704,1.2411446115554965,0.02482289223110993,,,,,,,,,
equity_equal_weight,Equity Equal Weight,equity,equal_weight,monthly,36,2023-12-01,2022-11-30,2023-11-30,2023-12-01,252,252,50,0.029474394557912047,2.9474394557912048e-05,10.0,sample_ridge,,285.308117152311,3.6801088767873025,285.3080632813413,0.003884410488093493,7.360217679972428e-10,-0.2766021355118453,1.2222043695132911,True,0,closed-form feasible equal weight,0,1,0.019521695517395646,0.09774603065647623,0.13972006125605457,0.6995847967554519,0.0,0.0,0.02,0.02,0.0,0.020000000000000004,0.006588772813891716,1.21924934601493,0.024384986920298602,,,,,,,,,
equity_hierarchical_risk_parity,Equity Hierarchical Risk Parity,equity,hierarchical_risk_parity,monthly,1,2021-01-04,2020-01-03,2020-12-31,2021-01-04,252,252,50,1.0,0.001,10.0,sample_ridge,,708.2402856669532,13.184233797269265,708.2401086386429,0.010534384267484587,2.6368467330853855e-09,-0.3492732395247833,0.9488143251997084,True,0,standard single-linkage HRP; raw weights feasible,0,1,0.09795329613029814,0.22268494237162229,0.3129749129407949,0.7115105178214312,0.0,0.0,0.004914429426066093,0.055717916681115746,0.0,0.026361917232108262,0.007292343594439671,1.4742490483750568,0.029484980967501136,50.0,0.20357057351654573,0.552658830283949,False,0.0,0.055717916681115746,0.026361917232108262,0.0,NEM|GILD|WMT|UPS|TMUS|EA|TTWO|INTC|AMGN|ABT|PSA|O|BA|GE|DIS|SHW|NKE|PLD|AMT|CCI|CMCSA|NEE|AEP|D|DUK|SO|MMM|DD|OXY|XOM|SLB|COP|CVX|CAT|DOW|SBUX|V|NUE|GS|MS|USB|WFC|KO|T|QCOM|AMD|ADBE|NVDA|ABBV|MRK
equity_hierarchical_risk_parity,Equity Hierarchical Risk Parity,equity,hierarchical_risk_parity,monthly,2,2021-02-01,2020-01-31,2021-01-29,2021-02-01,252,252,50,0.0958303601172747,9.58303601172747e-05,10.0,sample_ridge,,661.1468383883391,13.465257787911993,661.1466828998957,0.011433707958087692,2.693051530651883e-09,-0.23740683868214907,0.9237121823064337,True,0,standard single-linkage HRP; raw weights feasible,0,1,0.09817829167047154,0.2204671449032302,0.31333415337379283,0.703616706092755,2.220446049250313e-16,0.0,0.004739938515040346,0.05702271564129086,0.0,0.0264475228155228,0.007072175907724152,1.4882426264527133,0.029764852529054267,50.0,0.2015159628848452,0.5571492574698698,False,0.0,0.05702271564129086,0.0264475228155228,0.0,NEM|GILD|WMT|UPS|TMUS|EA|TTWO|INTC|AMGN|ABT|QCOM|ADBE|AMD|NVDA|PSA|O|CMCSA|DIS|BA|PLD|AMT|CCI|MMM|SHW|GE|NKE|NEE|AEP|D|DUK|SO|KO|SBUX|V|T|CAT|DOW|OXY|XOM|SLB|COP|CVX|GS|MS|USB|WFC|DD|NUE|ABBV|MRK
equity_hierarchical_risk_parity,Equity Hierarchical Risk Parity,equity,hierarchical_risk_parity,monthly,3,2021-03-01,2020-02-28,2021-02-26,2021-03-01,252,252,50,0.08825204841529893,8.825204841529893e-05,10.0,sample_ridge,,663.0317180134332,13.324354398206259,663.0315596849582,0.011142841022490756,2.664870852992543e-09,-0.09602128620994455,0.9459226944620321,True,0,standard single-linkage HRP; raw weights feasible,0,1,0.09515855331289133,0.2972364822126752,0.3084778003566729,0.9635587451317401,0.0,0.0,0.004992744758059145,0.05319187799173658,0.0,0.0266535415405574,0.007068573271069422,1.4999048571467237,0.029998097142934475,50.0,0.19993280531029048,0.561988028965284,False,0.0,0.05319187799173658,0.0266535415405574,0.0,NEM|GILD|WMT|UPS|INTC|EA|TTWO|AMGN|ABT|ABBV|MRK|PSA|MMM|CMCSA|DIS|O|NKE|SHW|BA|PLD|AMT|CCI|GE|NEE|AEP|D|DUK|SO|KO|DD|SBUX|V|T|CAT|DOW|NUE|GS|MS|USB|WFC|OXY|XOM|SLB|COP|CVX|TMUS|QCOM|AMD|ADBE|NVDA
equity_hierarchical_risk_parity,Equity Hierarchical Risk Parity,equity,hierarchical_risk_parity,monthly,4,2021-04-01,2020-04-01,2021-03-31,2021-04-01,252,252,50,0.1334842395748438,0.00013348423957484378,10.0,sample_ridge,,384.10656775882444,7.651657660345755,384.1065013271364,0.008825307107527342,1.530331516765836e-09,-0.060127039234835644,1.226556819766659,True,0,standard single-linkage HRP; raw weights feasible,0,1,0.0338813795667926,0.4022655560923633,0.1840689532941191,2.18540687548537,1.1102230246251565e-16,0.0,0.003259904443717717,0.06201366087054683,0.0,0.027318810158653097,0.008067917836750945,2.3302671062158846,0.04660534212431769,50.0,0.21882853809690198,0.5815975898678194,False,0.0,0.06201366087054683,0.027318810158653097,0.0,NEM|WMT|UPS|TMUS|GILD|AMGN|ABBV|MRK|ABT|INTC|EA|TTWO|QCOM|AMD|ADBE|NVDA|NKE|DIS|PSA|SHW|PLD|AMT|CCI|MMM|OXY|SLB|COP|CVX|XOM|T|USB|WFC|GS|MS|NUE|DD|CAT|DOW|BA|GE|SBUX|O|NEE|D|DUK|AEP|SO|V|CMCSA|KO
equity_hierarchical_risk_parity,Equity Hierarchical Risk Parity,equity,hierarchical_risk_parity,monthly,5,2021-05-03,2020-05-01,2021-04-30,2021-05-03,252,252,50,0.1306602263679058,0.0001306602263679058,10.0,sample_ridge,,349.6342331587705,6.276780580370753,349.63417521830985,0.007553618062301135,1.2553561035205896e-09,-0.2081438801394524,0.8493961050735777,True,0,standard single-linkage HRP; raw weights feasible,0,1,0.020724009793961305,0.3151385878959877,0.1439583613200751,2.1890954092990316,0.0,0.0,0.002416768151296785,0.07359426555505605,0.0,0.029641501776903736,0.009568442183142638,3.232900532451553,0.06465801064903105,50.0,0.21352450678844076,0.5794608630941773,False,0.0,0.07359426555505605,0.029641501776903736,0.0,WMT|NEM|GILD|ABBV|AMGN|MRK|UPS|INTC|ABT|TMUS|QCOM|AMD|ADBE|NVDA|EA|TTWO|NKE|SHW|PSA|PLD|AMT|CCI|NEE|D|AEP|DUK|SO|DIS|MMM|T|DD|NUE|CAT|DOW|OXY|SLB|COP|CVX|XOM|GS|MS|USB|WFC|BA|GE|SBUX|V|CMCSA|KO|O
equity_hierarchical_risk_parity,Equity Hierarchical Risk Parity,equity,hierarchical_risk_parity,monthly,6,2021-06-01,2020-06-01,2021-05-28,2021-06-01,252,252,50,0.11558848527205644,0.00011558848527205644,10.0,sample_ridge,,338.3569609822227,5.719485651015339,338.35690348588344,0.00671176042847194,1.1438971187640966e-09,-0.09446757920356907,1.0236878148723123,True,0,standard single-linkage HRP; raw weights feasible,0,1,0.018505249074501632,0.2759163173739849,0.13603399970044852,2.0282893834009292,1.1102230246251565e-16,0.0,0.0011646150659961633,0.06309431532522616,0.0,0.028481010983969608,0.010011364068437854,3.335898640189092,0.06671797280378185,50.0,0.2055046085763971,0.5818060887335442,False,0.0,0.06309431532522616,0.028481010983969608,0.0,WMT|NEM|GILD|AMGN|ABBV|MRK|UPS|INTC|ABT|TMUS|NKE|QCOM|AMD|ADBE|NVDA|EA|TTWO|SHW|PSA|PLD|AMT|CCI|DIS|NEE|D|DUK|AEP|SO|CMCSA|KO|O|SBUX|V|MMM|T|GS|MS|USB|WFC|OXY|SLB|COP|CVX|XOM|DD|NUE|CAT|DOW|BA|GE
equity_hierarchical_risk_parity,Equity Hierarchical Risk Parity,equity,hierarchical_risk_parity,monthly,7,2021-07-01,2020-07-01,2021-06-30,2021-07-01,252,252,50,0.13951321244656648,0.0001395132124465665,10.0,sample_ridge,,284.1973126090397,4.93436282698919,284.1972655923129,0.005944260101287084,9.868725555291125e-10,-0.04517062980827402,0.9353134194385742,True,0,standard single-linkage HRP; raw weights feasible,0,1,0.014771408420351649,0.29437130173162795,0.12153768312894421,2.422057868416972,2.220446049250313e-16,0.0,0.0012727998873551822,0.06089572449496757,0.0,0.0270607166083524,0.009005409327606288,3.4494549722365013,0.06898909944473003,50.0,0.2169088743049119,0.5835128660554234,False,0.0,0.06089572449496757,0.0270607166083524,0.0,NEM|WMT|NKE|ABT|GILD|AMGN|ABBV|MRK|UPS|INTC|TMUS|QCOM|EA|TTWO|AMD|ADBE|NVDA|DIS|T|MMM|GE|BA|GS|MS|USB|WFC|SLB|OXY|COP|CVX|XOM|DD|CAT|DOW|NUE|NEE|D|DUK|AEP|SO|O|CMCSA|KO|SBUX|V|SHW|PSA|PLD|AMT|CCI
equity_hierarchical_risk_parity,Equity Hierarchical Risk Parity,equity,hierarchical_risk_parity,monthly,8,2021-08-02,2020-07-31,2021-07-30,2021-08-02,252,252,50,0.13272435056824863,0.00013272435056824864,10.0,sample_ridge,,291.6771564436472,4.644660133462096,291.6771084447581,0.005625532674701469,9.289320174030991e-10,-0.03111480254552568,0.9864628459904821,True,0,standard single-linkage HRP; raw weights feasible,0,1,0.014529409767656355,0.2586390934011193,0.12053800134254905,2.1457058398215,1.1102230246251565e-16,0.0,0.001521508649321044,0.04799253899027815,0.0,0.027820608112818827,0.010770646314322636,3.560653153598398,0.07121306307196795,50.0,0.21953381225016952,0.5848269852488962,False,0.0,0.04799253899027815,0.027820608112818827,0.0,NEM|NKE|UPS|ABT|WMT|GILD|AMGN|ABBV|MRK|TMUS|INTC|DIS|T|MMM|GE|BA|SLB|OXY|COP|CVX|XOM|GS|MS|USB|WFC|DD|CAT|DOW|NUE|NEE|SO|AEP|D|DUK|O|CMCSA|SBUX|KO|V|EA|QCOM|TTWO|ADBE|AMD|NVDA|SHW|PSA|PLD|AMT|CCI
equity_hierarchical_risk_parity,Equity Hierarchical Risk Parity,equity,hierarchical_risk_parity,monthly,9,2021-09-01,2020-09-01,2021-08-31,2021-09-01,252,252,50,0.12254961318861901,0.000122549613188619,10.0,sample_ridge,,314.3405463864097,4.51621493339901,314.3404924254211,0.005244949261080728,9.032429776473723e-10,-0.07863987065770972,1.0546679801982481,True,0,standard single-linkage HRP; raw weights feasible,0,1,0.013507746771320219,0.23863389996371087,0.11622283240103994,2.0532445736675715,1.1102230246251565e-16,0.0,0.0011658331630652907,0.052056447320665375,0.0,0.028972389311410315,0.011091806698429768,3.869529494280827,0.07739058988561653,50.0,0.20662253647572715,0.5764796441914388,False,0.0,0.052056447320665375,0.028972389311410315,0.0,NEM|NKE|UPS|ABBV|MRK|AMGN|GILD|WMT|ABT|INTC|SHW|PSA|PLD|AMT|CCI|EA|TTWO|QCOM|AMD|ADBE|NVDA|MMM|TMUS|DIS|CMCSA|KO|SBUX|V|NEE|O|SO|DUK|AEP|D|T|GE|BA|SLB|OXY|COP|CVX|XOM|GS|MS|USB|WFC|DD|CAT|DOW|NUE
equity_hierarchical_risk_parity,Equity Hierarchical Risk Parity,equity,hierarchical_risk_parity,monthly,10,2021-10-01,2020-10-01,2021-09-30,2021-10-01,252,252,50,0.11350482258151626,0.00011350482258151626,10.0,sample_ridge,,344.88471341317165,4.295516232029762,344.8846496829951,0.004635676280579153,8.591032378149199e-10,-0.12416434745014902,1.315533795988761,True,0,standard single-linkage HRP; raw weights feasible,0,1,0.011640344053877504,0.16798198772572928,0.1078904261455923,1.5569684329455393,0.0,0.0,0.0012194181879905445,0.05733783267956942,0.0,0.029096568534417545,0.011827015217061511,3.9029814253563346,0.0780596285071267,50.0,0.20033704710537178,0.5779463069253099,False,0.0,0.05733783267956942,0.029096568534417545,0.0,NEM|UPS|AMGN|GILD|ABBV|MRK|NKE|WMT|ABT|TMUS|SHW|MMM|INTC|EA|TTWO|PSA|PLD|AMT|CCI|QCOM|ADBE|AMD|NVDA|CMCSA|NEE|O|SO|AEP|D|DUK|SBUX|KO|V|T|DIS|GE|BA|DD|SLB|OXY|COP|CVX|XOM|NUE|CAT|DOW|GS|MS|USB|WFC
equity_hierarchical_risk_parity,Equity Hierarchical Risk Parity,equity,hierarchical_risk_parity,monthly,11,2021-11-01,2020-10-30,2021-10-29,2021-11-01,252,252,50,0.0682888324955993,6.82888324955993e-05,10.0,sample_ridge,,315.9019357927494,4.159227537977499,315.90188050678523,0.004738087880330207,8.318454992770447e-10,-0.03804484144889364,1.5250342431668675,True,0,standard single-linkage HRP; raw weights feasible,0,1,0.010576343177636722,0.24544472671526915,0.10284134955180588,2.3866346346576037,0.0,0.0,0.0010854771989593263,0.05421348437226851,0.0,0.028209187601920562,0.011171983069330706,3.8597847289544,0.077195694579088,50.0,0.20243689210426008,0.5903666485597003,False,0.0,0.05421348437226851,0.028209187601920562,0.0,NEM|NKE|ABBV|MRK|AMGN|GILD|UPS|WMT|ABT|TMUS|MMM|SHW|INTC|EA|TTWO|PSA|PLD|AMT|CCI|QCOM|ADBE|AMD|NVDA|KO|O|NEE|SO|AEP|D|DUK|T|DIS|GE|BA|GS|MS|USB|WFC|SLB|OXY|COP|CVX|XOM|DD|NUE|CAT|DOW|CMCSA|SBUX|V
equity_hierarchical_risk_parity,Equity Hierarchical Risk Parity,equity,hierarchical_risk_parity,monthly,12,2021-12-01,2020-12-01,2021-11-30,2021-12-01,252,252,50,0.1300128038091337,0.0001300128038091337,10.0,sample_ridge,,268.85633914211076,3.7330974299977373,268.85629255670045,0.004292905375881567,7.466194785333525e-10,-0.17349452421536093,0.9785778184849881,True,0,standard single-linkage HRP; raw weights feasible,0,1,0.010068906102416368,0.13907087922775166,0.1003439390417596,1.3859419966548778,1.1102230246251565e-16,0.0,0.0011210973177734685,0.06493752708163635,0.0,0.02976040091384535,0.012324804185921094,4.0237577091625205,0.08047515418325041,50.0,0.22504367235885,0.5979291426586912,False,0.0,0.06493752708163635,0.02976040091384535,0.0,WMT|UPS|MRK|NEM|ABBV|AMGN|GILD|NKE|ABT|MMM|T|BA|GE|DD|GS|MS|USB|WFC|SLB|OXY|COP|CVX|XOM|NUE|CAT|DOW|DIS|SHW|SBUX|V|CMCSA|TMUS|EA|TTWO|INTC|KO|QCOM|ADBE|AMD|NVDA|PSA|O|PLD|AMT|CCI|NEE|SO|AEP|D|DUK
equity_hierarchical_risk_parity,Equity Hierarchical Risk Parity,equity,hierarchical_risk_parity,monthly,13,2022-01-03,2021-01-04,2021-12-31,2022-01-03,252,252,50,0.1547342593682591,0.00015473425936825912,10.0,sample_ridge,,290.9337928824501,3.785003164708261,290.9337377595371,0.003981648493762912,7.570006253716459e-10,-0.12605950714046,0.914339693277029,True,0,standard single-linkage HRP; raw weights feasible,0,1,0.010719051988044157,0.1848506365925746,0.10353285463100183,1.7854297290593881,0.0,0.0,0.0014059553838975973,0.05761888224816523,0.0,0.029573493158966672,0.01159615816926077,3.8091473554609045,0.0761829471092181,50.0,0.21816375601177782,0.5833911855927226,False,0.0,0.05761888224816523,0.029573493158966672,0.0,WMT|MRK|NEM|ABBV|AMGN|GILD|UPS|ABT|NKE|EA|TTWO|MMM|INTC|QCOM|ADBE|AMD|NVDA|SHW|KO|O|PSA|PLD|AMT|CCI|NEE|SO|AEP|D|DUK|T|CMCSA|TMUS|BA|GE|NUE|DD|GS|MS|USB|WFC|SLB|OXY|COP|CVX|XOM|CAT|DOW|SBUX|DIS|V
equity_hierarchical_risk_parity,Equity Hierarchical Risk Parity,equity,hierarchical_risk_parity,monthly,14,2022-02-01,2021-02-02,2022-01-31,2022-02-01,252,252,50,0.13543831532447065,0.00013543831532447065,10.0,sample_ridge,,318.9719391236067,3.7798292049481974,318.9718688197157,0.0034190984143493523,7.559658334299811e-10,-0.15047290084382414,0.8728852544158702,True,0,standard single-linkage HRP; raw weights feasible,0,1,0.010585436776220739,0.17844227677098293,0.10288555183416541,1.7343764366312826,0.0,0.0,0.0020854188704899166,0.05875350171928265,0.0,0.028202078659294104,0.010955863919284978,3.726545084518013,0.07453090169036025,50.0,0.23494123364986683,0.5899974470389472,False,0.0,0.05875350171928265,0.028202078659294104,0.0,EA|TTWO|NEM|MRK|UPS|NKE|ABBV|AMGN|GILD|WMT|ABT|TMUS|CMCSA|T|SBUX|INTC|ADBE|QCOM|AMD|NVDA|V|DIS|BA|GE|NUE|GS|MS|USB|WFC|SLB|OXY|COP|CVX|XOM|CAT|DD|DOW|SHW|MMM|O|PSA|PLD|AMT|CCI|NEE|KO|D|AEP|DUK|SO
equity_hierarchical_risk_parity,Equity Hierarchical Risk Parity,equity,hierarchical_risk_parity,monthly,15,2022-03-01,2021-03-02,2022-02-28,2022-03-01,252,252,50,0.12973545907227887,0.00012973545907227888,10.0,sample_ridge,,276.3172326451961,3.8465221707918356,276.3171762647196,0.00375666859966663,7.693044264653227e-10,-0.2425927947907769,0.8761242453888961,True,0,standard single-linkage HRP; raw weights feasible,0,1,0.011222362918988616,0.11614349353412043,0.10593565461632176,1.096358860053015,2.220446049250313e-16,0.0,0.00225047947149051,0.07306803034961569,0.0,0.02924716278042254,0.010827398024054722,3.544023666498078,0.07088047332996156,50.0,0.24081046039254378,0.6019569249032534,False,0.0,0.07306803034961569,0.02924716278042254,0.0,NEM|MRK|EA|TTWO|ABBV|AMGN|GILD|NKE|UPS|TMUS|CMCSA|T|ABT|V|DIS|BA|MMM|GE|NUE|SLB|OXY|COP|CVX|XOM|GS|MS|USB|WFC|CAT|DD|DOW|WMT|SBUX|INTC|ADBE|QCOM|AMD|NVDA|NEE|SHW|O|PSA|PLD|AMT|CCI|KO|AEP|D|DUK|SO
equity_hierarchical_risk_parity,Equity Hierarchical Risk Parity,equity,hierarchical_risk_parity,monthly,16,2022-04-01,2021-04-05,2022-03-31,2022-04-01,252,252,50,0.1525808087321845,0.0001525808087321845,10.0,sample_ridge,,311.3353481532465,4.024441658350308,311.33527755599476,0.0035381730788798024,8.048883236211783e-10,-0.28945013253051877,0.8913328012218693,True,0,standard single-linkage HRP; raw weights feasible,0,1,0.011478951936914032,0.11266931746783397,0.10713987090207842,1.051609606388356,0.0,0.0,0.001986623102879931,0.05879740195566923,0.0,0.029301444881463124,0.012010634809718607,3.084469065138842,0.06168938130277683,50.0,0.2586701933046551,0.6022917538297844,False,0.0,0.05879740195566923,0.029301444881463124,0.0,NEM|EA|TTWO|MRK|TMUS|CMCSA|T|UPS|WMT|ABT|INTC|ADBE|QCOM|AMD|NVDA|SHW|O|AMT|CCI|PLD|PSA|KO|NEE|D|AEP|DUK|SO|NKE|SBUX|V|MMM|SLB|OXY|COP|CVX|XOM|NUE|DIS|GS|MS|USB|WFC|BA|GE|CAT|DD|DOW|ABBV|AMGN|GILD
equity_hierarchical_risk_parity,Equity Hierarchical Risk Parity,equity,hierarchical_risk_parity,monthly,17,2022-05-02,2021-05-03,2022-04-29,2022-05-02,252,252,50,0.14518947690654602,0.00014518947690654601,10.0,sample_ridge,,314.1962107016673,4.284996708228052,314.19614183547003,0.003897542654991327,8.569993330756168e-10,-0.4753197972276958,0.9388799704010586,True,0,standard single-linkage HRP; raw weights feasible,0,1,0.01347938888956798,0.06827750466383974,0.11610077040902003,0.5880882997011978,0.0,0.0,0.002514859869108655,0.06616922028980837,0.0,0.028752673949846666,0.010579074673020094,2.565558875909328,0.05131117751818656,50.0,0.24291779018534707,0.5848455257427815,False,0.0,0.06616922028980837,0.028752673949846666,0.0,MRK|EA|TTWO|NEM|TMUS|UPS|ABBV|AMGN|GILD|WMT|SHW|ABT|NEE|KO|D|DUK|AEP|SO|O|AMT|CCI|PLD|PSA|INTC|ADBE|QCOM|AMD|NVDA|NKE|SBUX|SLB|OXY|COP|CVX|XOM|V|MMM|NUE|CAT|DD|DOW|DIS|GS|MS|USB|WFC|BA|GE|CMCSA|T
equity_hierarchical_risk_parity,Equity Hierarchical Risk Parity,equity,hierarchical_risk_parity,monthly,18,2022-06-01,2021-06-02,2022-05-31,2022-06-01,252,252,50,0.13108294789875352,0.00013108294789875352,10.0,sample_ridge,,429.501073557455,4.683380842181999,429.5009606662642,0.0035553415511947106,9.366761590696385e-10,-0.5815489189410324,1.0545687899640876,True,0,standard single-linkage HRP; raw weights feasible,0,1,0.01573901640012427,0.07790066769515856,0.12545523663890748,0.6209439301396145,0.0,0.0,0.003971573356048082,0.04745819110715144,0.0,0.02787419820185762,0.009123284432520093,2.4396648207993628,0.04879329641598726,50.0,0.2392921342656043,0.5945679759517232,False,0.0,0.04745819110715144,0.02787419820185762,0.0,MRK|NEM|EA|TTWO|TMUS|ABBV|AMGN|GILD|UPS|SHW|WMT|SLB|OXY|COP|CVX|XOM|NUE|V|MMM|CAT|DD|DOW|GS|MS|USB|WFC|DIS|BA|GE|NKE|SBUX|INTC|ADBE|QCOM|AMD|NVDA|ABT|O|AMT|CCI|PLD|PSA|KO|NEE|D|AEP|DUK|SO|CMCSA|T
equity_hierarchical_risk_parity,Equity Hierarchical Risk Parity,equity,hierarchical_risk_parity,monthly,19,2022-07-01,2021-07-01,2022-06-30,2022-07-01,252,252,50,0.1296996403172541,0.0001296996403172541,10.0,sample_ridge,,510.53631347218635,5.06933383844659,510.5361682089672,0.003556316091843376,1.0138667575506501e-09,-0.5782209800041562,0.8011361548468544,True,0,standard single-linkage HRP; raw weights feasible,0,1,0.01935755574628726,-0.005678710274639586,0.13913143335094072,-0.04081543715801294,0.0,0.0,0.004241220751147967,0.05063613834798616,0.0,0.027093622404028253,0.007769803476722245,2.092150193341357,0.041843003866827135,50.0,0.23266008424625761,0.5736922968581465,False,0.0,0.05063613834798616,0.027093622404028253,0.0,MRK|NEM|EA|TTWO|TMUS|WMT|CMCSA|T|UPS|SHW|KO|NEE|D|SO|AEP|DUK|ABT|AMT|CCI|O|PLD|PSA|NUE|NKE|SBUX|INTC|ADBE|QCOM|AMD|NVDA|V|OXY|SLB|COP|CVX|XOM|MMM|GS|MS|USB|WFC|DIS|CAT|DD|DOW|BA|GE|ABBV|AMGN|GILD
equity_hierarchical_risk_parity,Equity Hierarchical Risk Parity,equity,hierarchical_risk_parity,monthly,20,2022-08-01,2021-07-30,2022-07-29,2022-08-01,252,252,50,0.09791689481791183,9.791689481791183e-05,10.0,sample_ridge,,519.2829925502888,5.264405780011374,519.2828415783691,0.0036145157759337326,1.0528811454734633e-09,-0.4743378757951733,1.0610827829850287,True,0,standard single-linkage HRP; raw weights feasible,0,1,0.02001284137772538,0.023673438742588367,0.14146675007833245,0.1673427765144813,0.0,0.0,0.003503750022571945,0.05345760052082801,0.0,0.02767092006424968,0.008612170164561367,2.109697982442185,0.042193959648843704,50.0,0.23267550526179998,0.6025831177586105,False,0.0,0.05345760052082801,0.02767092006424968,0.0,NEM|MRK|WMT|T|TMUS|CMCSA|EA|TTWO|SHW|UPS|NUE|KO|MMM|SBUX|INTC|NKE|ADBE|QCOM|AMD|NVDA|V|OXY|SLB|CVX|COP|XOM|GS|MS|USB|WFC|DIS|BA|GE|CAT|DD|DOW|NEE|D|SO|AEP|DUK|ABT|O|AMT|CCI|PLD|PSA|ABBV|AMGN|GILD
equity_hierarchical_risk_parity,Equity Hierarchical Risk Parity,equity,hierarchical_risk_parity,monthly,21,2022-09-01,2021-09-01,2022-08-31,2022-09-01,252,252,50,0.11516919701713894,0.00011516919701713895,10.0,sample_ridge,,557.7048805106252,5.410058492317103,557.7047098850965,0.0035303110440088594,1.0820116876433034e-09,-0.489901311668022,1.1828191271343909,True,0,standard single-linkage HRP; raw weights feasible,0,1,0.020249329283426296,0.002863607698808956,0.1423001380302433,0.020123716943973365,0.0,0.0,0.0016883002536823228,0.0566154525712866,0.0,0.0293777993406641,0.009913553122001685,2.3102874579322625,0.046205749158645254,50.0,0.2310543335570363,0.5975997889884621,False,0.0,0.0566154525712866,0.0293777993406641,0.0,NEM|MRK|WMT|T|TMUS|CMCSA|ABBV|AMGN|GILD|EA|TTWO|SHW|NUE|UPS|KO|NEE|V|MMM|SBUX|NKE|INTC|ADBE|QCOM|AMD|NVDA|OXY|SLB|CVX|COP|XOM|GS|MS|USB|WFC|DIS|CAT|DD|DOW|BA|GE|D|SO|AEP|DUK|ABT|O|AMT|CCI|PLD|PSA
equity_hierarchical_risk_parity,Equity Hierarchical Risk Parity,equity,hierarchical_risk_parity,monthly,22,2022-10-03,2021-10-01,2022-09-30,2022-10-03,252,252,50,0.11825344143677935,0.00011825344143677935,10.0,sample_ridge,,617.4379094289061,5.666887786649403,617.4377085828124,0.0034785684239596053,1.133377545996105e-09,-0.6348446139350687,0.8913308032260187,True,0,standard single-linkage HRP; raw weights feasible,0,1,0.02354808499938741,-0.03900338664673076,0.15345385299622624,-0.25417013574556474,0.0,0.0,0.004242345711626601,0.05312320448410235,0.0,0.029210856505091806,0.009003781392410891,2.12882926092364,0.0425765852184728,50.0,0.22734929256521824,0.5855648620914021,False,0.0,0.05312320448410235,0.029210856505091806,0.0,NEM|MRK|WMT|T|TMUS|EA|TTWO|ABBV|AMGN|GILD|CMCSA|SHW|NUE|KO|NEE|D|SO|AEP|DUK|ABT|O|AMT|CCI|PLD|PSA|UPS|MMM|V|INTC|ADBE|QCOM|AMD|NVDA|OXY|SLB|CVX|COP|XOM|SBUX|NKE|USB|WFC|GS|MS|DIS|CAT|DD|DOW|BA|GE
equity_hierarchical_risk_parity,Equity Hierarchical Risk Parity,equity,hierarchical_risk_parity,monthly,23,2022-11-01,2021-11-01,2022-10-31,2022-11-01,252,252,50,0.11338595835915005,0.00011338595835915005,10.0,sample_ridge,,648.5504889732105,6.021456174395363,648.5502777321982,0.003691704376822344,1.2042912228361604e-09,-0.6083168093436072,0.9320822595695339,True,0,standard single-linkage HRP; raw weights feasible,0,1,0.027859647405036474,0.018834003303486665,0.16691209484347286,0.1128378582819229,0.0,0.0,0.0030590367789638776,0.057775624260286144,0.0,0.028925056172999064,0.009032936795482237,1.9240524535513248,0.038481049071026494,50.0,0.2185414763126741,0.5906449820833727,False,0.0,0.057775624260286144,0.028925056172999064,0.0,NEM|MRK|T|WMT|EA|TTWO|ABBV|AMGN|GILD|TMUS|CMCSA|SHW|NUE|KO|NEE|ABT|D|DUK|AEP|SO|O|AMT|CCI|PLD|PSA|UPS|MMM|OXY|SLB|CVX|COP|XOM|V|INTC|ADBE|QCOM|AMD|NVDA|DIS|NKE|SBUX|CAT|BA|GS|MS|USB|WFC|GE|DD|DOW
equity_hierarchical_risk_parity,Equity Hierarchical Risk Parity,equity,hierarchical_risk_parity,monthly,24,2022-12-01,2021-12-01,2022-11-30,2022-12-01,252,252,50,0.14870076644684663,0.00014870076644684662,10.0,sample_ridge,,701.6204758532148,6.249555728017336,701.6202416455271,0.0037390460649631982,1.249911133104356e-09,-0.5492037107009324,1.012398262304997,True,0,standard single-linkage HRP; raw weights feasible,0,1,0.029992728476755486,0.13551120783953838,0.17318408840524432,0.7824691580351608,0.0,0.0,0.002851637023909939,0.061566302984488716,0.0,0.029633083434961998,0.008792192994466881,1.797707242435343,0.03595414484870686,50.0,0.221535719897256,0.5700592017271631,False,0.0,0.061566302984488716,0.029633083434961998,0.0,NEM|T|WMT|EA|TTWO|AMGN|GILD|TMUS|CMCSA|NUE|SHW|KO|NEE|D|AEP|DUK|SO|ABT|O|AMT|CCI|PLD|PSA|UPS|MMM|V|OXY|SLB|COP|CVX|XOM|CAT|BA|GE|DOW|DD|USB|WFC|GS|MS|DIS|ADBE|INTC|QCOM|AMD|NVDA|NKE|SBUX|ABBV|MRK
equity_hierarchical_risk_parity,Equity Hierarchical Risk Parity,equity,hierarchical_risk_parity,monthly,25,2023-01-03,2021-12-31,2022-12-30,2023-01-03,252,252,50,0.13721504647768518,0.0001372150464776852,10.0,sample_ridge,,713.826698175003,6.191813444196875,713.826459680812,0.003701297571772024,1.2383626764557482e-09,-0.6198019913959887,0.9359017507349877,True,0,standard single-linkage HRP; raw weights feasible,0,1,0.032028810037105726,0.008306149448980895,0.17896594658511356,0.046411899065002364,0.0,0.0,0.0031548348829767447,0.05566067378731449,0.0,0.027493342601427738,0.008605267291673144,1.6511178323620548,0.0330223566472411,50.0,0.22326759815942235,0.5656368857875762,False,0.0,0.05566067378731449,0.027493342601427738,0.0,NEM|T|WMT|EA|TTWO|TMUS|SHW|CMCSA|KO|NUE|UPS|MMM|V|OXY|SLB|COP|CVX|XOM|ABT|O|AMT|CCI|PLD|PSA|NEE|D|AEP|DUK|SO|DIS|ADBE|INTC|QCOM|AMD|NVDA|NKE|SBUX|BA|CAT|GE|USB|WFC|GS|MS|DD|DOW|AMGN|GILD|ABBV|MRK
equity_hierarchical_risk_parity,Equity Hierarchical Risk Parity,equity,hierarchical_risk_parity,monthly,26,2023-02-01,2022-01-31,2023-01-31,2023-02-01,252,252,50,0.15556132508252107,0.00015556132508252107,10.0,sample_ridge,,662.3867216688445,6.113900152339298,662.3865223016511,0.0040564871675980345,1.2227800182400594e-09,-0.4107847709334955,0.6931753816190576,True,0,standard single-linkage HRP; raw weights feasible,0,1,0.030855691355177774,0.09603974722786059,0.17565788156293405,0.5467431712903348,2.220446049250313e-16,0.0,0.003341803710301608,0.0691286078924242,0.0,0.03024594889161937,0.009889322191320715,1.8096061927060172,0.036192123854120344,50.0,0.2380336024509337,0.5707166096819115,False,0.0,0.0691286078924242,0.03024594889161937,0.0,NEM|WMT|T|ABBV|MRK|AMGN|GILD|EA|TTWO|TMUS|SHW|CMCSA|KO|NUE|OXY|SLB|COP|CVX|XOM|MMM|UPS|BA|NKE|SBUX|DIS|V|ABT|CAT|ADBE|INTC|QCOM|AMD|NVDA|GE|DOW|DD|GS|MS|USB|WFC|NEE|D|AEP|DUK|SO|AMT|CCI|O|PLD|PSA
equity_hierarchical_risk_parity,Equity Hierarchical Risk Parity,equity,hierarchical_risk_parity,monthly,27,2023-03-01,2022-02-28,2023-02-28,2023-03-01,252,252,50,0.13886160635842626,0.00013886160635842625,10.0,sample_ridge,,719.7933267404047,5.967437912963498,719.7930902798075,0.0036279655641383046,1.193487570657824e-09,-0.5300802301245598,0.560747599864184,True,0,standard single-linkage HRP; raw weights feasible,0,1,0.03084021486823565,0.031976345635827574,0.17561382311263443,0.18208330682100535,0.0,0.0,0.002198495518046294,0.05441819505117996,0.0,0.028418902070546995,0.00863126272186087,1.7331833703744035,0.03466366740748807,50.0,0.23401092489296318,0.5644371183840952,False,0.0,0.05441819505117996,0.028418902070546995,0.0,NEM|WMT|T|ABBV|MRK|EA|TTWO|AMGN|GILD|SHW|TMUS|NUE|CMCSA|KO|MMM|OXY|SLB|COP|CVX|XOM|BA|AMT|CCI|O|PLD|PSA|NEE|D|AEP|DUK|SO|NKE|SBUX|UPS|CAT|ADBE|INTC|QCOM|AMD|NVDA|ABT|DIS|V|GE|DOW|DD|GS|MS|USB|WFC
equity_hierarchical_risk_parity,Equity Hierarchical Risk Parity,equity,hierarchical_risk_parity,monthly,28,2023-04-03,2022-03-31,2023-03-31,2023-04-03,252,252,50,0.13342807496711923,0.00013342807496711923,10.0,sample_ridge,,710.8831318567082,5.790126282013423,710.8829062608362,0.003643961078279024,1.1580252448224324e-09,-0.3738643148089632,0.4041887312530835,True,0,standard single-linkage HRP; raw weights feasible,0,1,0.032622640619297046,0.013772119159869225,0.18061738736704458,0.07625024013818774,0.0,0.0,0.004441080234961888,0.07286312413502785,0.0,0.028349404741790842,0.007598890801702151,1.6138662043823737,0.032277324087647476,50.0,0.22134414487141274,0.5565400392424787,False,0.0,0.07286312413502785,0.028349404741790842,0.0,NEM|WMT|T|MRK|EA|TTWO|ABBV|SHW|TMUS|CMCSA|BA|MMM|NUE|OXY|SLB|COP|CVX|XOM|NKE|SBUX|KO|UPS|ADBE|INTC|QCOM|AMD|NVDA|V|GE|NEE|D|SO|AEP|DUK|AMT|CCI|O|PLD|PSA|ABT|DIS|CAT|DD|DOW|USB|WFC|GS|MS|AMGN|GILD
equity_hierarchical_risk_parity,Equity Hierarchical Risk Parity,equity,hierarchical_risk_parity,monthly,29,2023-05-01,2022-04-28,2023-04-28,2023-05-01,252,252,50,0.07842340342647555,7.842340342647555e-05,10.0,sample_ridge,,714.6541261906061,5.642257477505018,714.6538978489344,0.003526837894209986,1.1284514842164888e-09,-0.3388991365636248,0.5858993506629674,True,0,standard single-linkage HRP; raw weights feasible,0,1,0.03192034765293067,0.053382283515401176,0.17866266440678275,0.2987881306519605,1.1102230246251565e-16,0.0,0.004512193596320648,0.062028178332384165,0.0,0.027734723633100457,0.00739623993139172,1.6334826558952127,0.032669653117904256,50.0,0.2152744096158391,0.5484489198886525,False,0.0,0.062028178332384165,0.027734723633100457,0.0,NEM|MRK|WMT|ABBV|EA|TTWO|T|CMCSA|BA|SHW|NUE|MMM|UPS|KO|NKE|SBUX|OXY|SLB|COP|CVX|XOM|V|ADBE|INTC|QCOM|AMD|NVDA|GE|DIS|USB|WFC|GS|MS|CAT|DD|DOW|ABT|AMT|CCI|O|PLD|PSA|NEE|D|AEP|DUK|SO|TMUS|AMGN|GILD
equity_hierarchical_risk_parity,Equity Hierarchical Risk Parity,equity,hierarchical_risk_parity,monthly,30,2023-06-01,2022-05-31,2023-05-31,2023-06-01,252,252,50,0.10367832648120064,0.00010367832648120064,10.0,sample_ridge,,609.9355530399164,5.250113564529966,609.9353742650943,0.003576544792009096,1.0500227024057662e-09,-0.45545680673063427,0.8770008312109273,True,0,standard single-linkage HRP; raw weights feasible,0,1,0.027597534605104026,-0.028497653595803897,0.16612505712596165,-0.17154337875830503,0.0,0.0,0.0038536452112760268,0.06250627860773139,0.0,0.029119191427399434,0.008600297644891583,1.6207300574105645,0.03241460114821129,50.0,0.21749058642683988,0.5585766202772992,False,0.0,0.06250627860773139,0.029119191427399434,0.0,NEM|WMT|MRK|ABBV|EA|TTWO|T|BA|CMCSA|SHW|NKE|SBUX|MMM|NUE|V|ADBE|INTC|QCOM|AMD|NVDA|UPS|DIS|GE|OXY|SLB|COP|CVX|XOM|GS|MS|USB|WFC|CAT|DD|DOW|ABT|KO|PSA|AMT|CCI|O|PLD|NEE|D|SO|AEP|DUK|TMUS|AMGN|GILD
equity_hierarchical_risk_parity,Equity Hierarchical Risk Parity,equity,hierarchical_risk_parity,monthly,31,2023-07-03,2022-06-30,2023-06-30,2023-07-03,252,252,50,0.12262479161738554,0.00012262479161738554,10.0,sample_ridge,,550.9166650782894,4.883298319330571,550.9165099528301,0.0034622390671748856,9.766596540995178e-10,-0.34636314378090993,1.1699565688763638,True,0,standard single-linkage HRP; raw weights feasible,0,1,0.024564459252318642,0.09737375569600536,0.15673053069621962,0.621281349992609,0.0,0.0,0.002926764498420881,0.06183816374296039,0.0,0.028457601274932662,0.008077087651548668,1.7077028882894967,0.03415405776578993,50.0,0.22636178806388166,0.5511434699959429,False,0.0,0.06183816374296039,0.028457601274932662,0.0,NEM|WMT|EA|TTWO|MRK|T|TMUS|BA|CMCSA|NKE|SBUX|V|ADBE|AMD|NVDA|INTC|QCOM|GE|OXY|SLB|COP|CVX|XOM|MMM|UPS|NUE|DIS|USB|WFC|GS|MS|CAT|DD|DOW|ABT|SHW|KO|NEE|D|SO|AEP|DUK|PSA|O|PLD|AMT|CCI|ABBV|AMGN|GILD
equity_hierarchical_risk_parity,Equity Hierarchical Risk Parity,equity,hierarchical_risk_parity,monthly,32,2023-08-01,2022-07-29,2023-07-31,2023-08-01,252,252,50,0.11302102697742464,0.00011302102697742464,10.0,sample_ridge,,534.1663366335997,4.728660289016061,534.166189472076,0.0034263881123364247,9.45732048345892e-10,-0.4257137157133368,1.1159951693564845,True,0,standard single-linkage HRP; raw weights feasible,0,1,0.023948166923744546,0.09695083547146151,0.1547519528915372,0.6264918384546175,0.0,0.0,0.0034639974277181095,0.0541063481714459,0.0,0.027898046881549725,0.008101713545575871,1.688320143488299,0.03376640286976598,50.0,0.22866435620164147,0.541438010203257,False,0.0,0.0541063481714459,0.027898046881549725,0.0,NEM|T|EA|TTWO|MRK|TMUS|ABBV|BA|WMT|ABT|SHW|AMT|CCI|PSA|O|PLD|KO|NEE|D|SO|AEP|DUK|NKE|SBUX|CMCSA|V|AMD|NVDA|INTC|ADBE|QCOM|GE|OXY|SLB|COP|CVX|XOM|DIS|UPS|MMM|USB|WFC|GS|MS|NUE|CAT|DD|DOW|AMGN|GILD
equity_hierarchical_risk_parity,Equity Hierarchical Risk Parity,equity,hierarchical_risk_parity,monthly,33,2023-09-01,2022-08-31,2023-08-31,2023-09-01,252,252,50,0.11549011202782014,0.00011549011202782015,10.0,sample_ridge,,472.5729167969818,4.546920102129455,472.5728005934037,0.003690427440758401,9.093840113320509e-10,-0.43813560969970056,1.3175303418143658,True,0,standard single-linkage HRP; raw weights feasible,0,1,0.02222597375309676,0.08729721772339685,0.1490837809860508,0.5855581146789195,2.220446049250313e-16,0.0,0.0031362075917025353,0.06908771679859396,0.0,0.030340553550711663,0.009287479018067729,1.8804039258376686,0.03760807851675337,50.0,0.23490898956713144,0.5465025833169492,False,0.0,0.06908771679859396,0.030340553550711663,0.0,NEM|T|MRK|ABBV|EA|TTWO|TMUS|BA|SLB|OXY|COP|CVX|XOM|NKE|SBUX|CMCSA|GE|UPS|MMM|NUE|USB|WFC|GS|MS|CAT|DD|DOW|DIS|V|AMD|NVDA|INTC|ADBE|QCOM|WMT|ABT|SHW|AMT|CCI|PSA|O|PLD|KO|NEE|D|SO|AEP|DUK|AMGN|GILD
equity_hierarchical_risk_parity,Equity Hierarchical Risk Parity,equity,hierarchical_risk_parity,monthly,34,2023-10-02,2022-09-29,2023-09-29,2023-10-02,252,252,50,0.12494395244095555,0.00012494395244095556,10.0,sample_ridge,,412.37630849746233,4.283792021962718,412.3762148537553,0.0037637350854721166,8.567583958249595e-10,-0.43345810393913387,1.3764609828460026,True,0,standard single-linkage HRP; raw weights feasible,0,1,0.020150314450844163,0.14250219720371132,0.14195180326732085,1.0038773296550096,2.220446049250313e-16,0.0,0.005237857631173496,0.06657653818339729,0.0,0.02850589424756286,0.00815086747271706,1.869078527178897,0.03738157054357794,50.0,0.24655131798557575,0.5422821943980151,False,0.0,0.06657653818339729,0.02850589424756286,0.0,T|MRK|ABBV|NEM|TMUS|AMGN|GILD|BA|EA|TTWO|WMT|CMCSA|INTC|V|AMD|NVDA|ADBE|QCOM|SLB|OXY|COP|CVX|XOM|NKE|SBUX|GE|DIS|UPS|USB|WFC|GS|MS|CAT|MMM|NUE|DD|DOW|ABT|SHW|AMT|CCI|PSA|O|PLD|KO|NEE|D|SO|AEP|DUK
equity_hierarchical_risk_parity,Equity Hierarchical Risk Parity,equity,hierarchical_risk_parity,monthly,35,2023-11-01,2022-10-31,2023-10-31,2023-11-01,252,252,50,0.11779019183291171,0.00011779019183291172,10.0,sample_ridge,,341.8132021752741,3.9744385443219157,341.81313105563646,0.0038091901796157373,7.948877009155061e-10,-0.4631479082031792,1.221485025665576,True,0,standard single-linkage HRP; raw weights feasible,0,1,0.015960492665077184,0.037054228275184564,0.12633484343235316,0.2933017310859731,0.0,0.0,0.0030387091083205657,0.08122945328556348,0.0,0.0314620128792797,0.00993266053961516,2.1649057304391435,0.04329811460878287,50.0,0.2700932413743727,0.5715856894167217,False,0.0,0.08122945328556348,0.0314620128792797,0.0,T|TMUS|NEM|WMT|ABT|BA|EA|TTWO|DIS|INTC|V|QCOM|ADBE|AMD|NVDA|KO|NEE|D|SO|AEP|DUK|SHW|AMT|CCI|O|PLD|PSA|GE|SLB|OXY|COP|CVX|XOM|USB|WFC|GS|MS|CMCSA|SBUX|UPS|NKE|MMM|NUE|CAT|DD|DOW|ABBV|MRK|AMGN|GILD
equity_hierarchical_risk_parity,Equity Hierarchical Risk Parity,equity,hierarchical_risk_parity,monthly,36,2023-12-01,2022-11-30,2023-11-30,2023-12-01,252,252,50,0.11714255079293699,0.000117142550792937,10.0,sample_ridge,,285.308117152311,3.6801088767873025,285.3080632813413,0.003884410488093493,7.360217679972428e-10,-0.2766021355118453,1.2222043695132911,True,0,standard single-linkage HRP; raw weights feasible,0,1,0.0139841365915064,0.06389062787782361,0.11825454152592364,0.5402805427461538,1.1102230246251565e-16,0.0,0.004303115575921558,0.0764515565864658,0.0,0.03040962799680955,0.009541635126899444,2.2400572650277,0.044801145300554,50.0,0.2803201954943139,0.5733690667082149,False,0.0,0.0764515565864658,0.03040962799680955,0.0,T|TMUS|NEM|WMT|ABT|BA|EA|TTWO|NKE|SBUX|CMCSA|GE|UPS|SHW|KO|NEE|D|AEP|DUK|SO|AMT|CCI|O|PLD|PSA|SLB|OXY|COP|CVX|XOM|GS|MS|USB|WFC|MMM|CAT|NUE|DD|DOW|DIS|INTC|V|QCOM|ADBE|AMD|NVDA|ABBV|MRK|AMGN|GILD
equity_maximum_sharpe,Equity Maximum Sharpe,equity,maximum_sharpe,monthly,1,2021-01-04,2020-01-03,2020-12-31,2021-01-04,252,252,50,1.0,0.001,10.0,sample_ridge,,708.2402856669532,13.184233797269265,708.2401086386429,0.010534384267484587,2.6368467330853855e-09,-0.3492732395247833,0.9488143251997084,True,0,Optimization terminated successfully,5,3,-1.7230109447571658,0.5643577560611813,0.3275415967486612,1.7230109447571658,5.617728504603292e-14,0.0,0.0,0.09999999999999355,0.0,0.09498125479346499,0.04225257663308338,3.066769571116273,0.061335391422325455,,,,,,,,,
equity_maximum_sharpe,Equity Maximum Sharpe,equity,maximum_sharpe,monthly,2,2021-02-01,2020-01-31,2021-01-29,2021-02-01,252,252,50,0.2043693525524426,0.0002043693525524426,10.0,sample_ridge,,661.1468383883391,13.465257787911993,661.1466828998957,0.011433707958087692,2.693051530651883e-09,-0.23740683868214907,0.9237121823064337,True,0,Optimization terminated successfully,7,3,-1.6628497479992608,0.5612999722638464,0.33755303083709276,1.6628497479992608,3.26405569239796e-14,0.0,0.0,0.1,0.0,0.09202640550045589,0.04050644726790724,2.693022287105903,0.05386044574211806,,,,,,,,,
equity_maximum_sharpe,Equity Maximum Sharpe,equity,maximum_sharpe,monthly,3,2021-03-01,2020-02-28,2021-02-26,2021-03-01,252,252,50,0.3316585936997633,0.0003316585936997633,10.0,sample_ridge,,663.0317180134332,13.324354398206259,663.0315596849582,0.011142841022490756,2.664870852992543e-09,-0.09602128620994455,0.9459226944620321,True,0,Optimization terminated successfully,7,3,-1.89610771073974,0.6506325210660933,0.3431411187143256,1.89610771073974,9.547918011776346e-15,0.0,0.0,0.1,0.0,0.09364927341324855,0.0407200819451965,2.5697318150974824,0.051394636301949646,,,,,,,,,
equity_maximum_sharpe,Equity Maximum Sharpe,equity,maximum_sharpe,monthly,4,2021-04-01,2020-04-01,2021-03-31,2021-04-01,252,252,50,0.5028069581750559,0.000502806958175056,10.0,sample_ridge,,384.10656775882444,7.651657660345755,384.1065013271364,0.008825307107527342,1.530331516765836e-09,-0.060127039234835644,1.226556819766659,True,0,Optimization terminated successfully,17,3,-3.213039103873829,0.6562191562865284,0.20423628068993993,3.213039103873829,8.193445921733655e-14,0.0,0.0,0.1,0.0,0.08551918371448233,0.0383343022011894,3.2032275999037925,0.06406455199807586,,,,,,,,,
equity_maximum_sharpe,Equity Maximum Sharpe,equity,maximum_sharpe,monthly,5,2021-05-03,2020-05-01,2021-04-30,2021-05-03,252,252,50,0.44298605222275045,0.00044298605222275046,10.0,sample_ridge,,349.6342331587705,6.276780580370753,349.63417521830985,0.007553618062301135,1.2553561035205896e-09,-0.2081438801394524,0.8493961050735777,True,0,Optimization terminated successfully,14,3,-3.533570343827032,0.6149830801533046,0.17404014079630503,3.533570343827032,4.3076653355456074e-14,0.0,0.0,0.1,0.0,0.08748709852350978,0.03897362243377087,3.7136196557895675,0.07427239311579135,,,,,,,,,
equity_maximum_sharpe,Equity Maximum Sharpe,equity,maximum_sharpe,monthly,6,2021-06-01,2020-06-01,2021-05-28,2021-06-01,252,252,50,0.15451751584740842,0.00015451751584740842,10.0,sample_ridge,,338.3569609822227,5.719485651015339,338.35690348588344,0.00671176042847194,1.1438971187640966e-09,-0.09446757920356907,1.0236878148723123,True,0,Optimization terminated successfully,15,3,-3.648978412607633,0.6437442092604765,0.17641765350988853,3.648978412607633,6.17284001691587e-14,0.0,0.0,0.0999999999999867,0.0,0.08886015355321952,0.04142916884538187,3.876622326363178,0.07753244652726356,,,,,,,,,
equity_maximum_sharpe,Equity Maximum Sharpe,equity,maximum_sharpe,monthly,7,2021-07-01,2020-07-01,2021-06-30,2021-07-01,252,252,50,0.3324501066054319,0.0003324501066054319,10.0,sample_ridge,,284.1973126090397,4.93436282698919,284.1972655923129,0.005944260101287084,9.868725555291125e-10,-0.04517062980827402,0.9353134194385742,True,0,Optimization terminated successfully,16,3,-4.096304777029615,0.621503753196537,0.15172302526942655,4.096304777029615,4.489741911584133e-13,0.0,0.0,0.1,0.0,0.08640603323142221,0.04038574898777122,4.8226425925050025,0.09645285185010005,,,,,,,,,
equity_maximum_sharpe,Equity Maximum Sharpe,equity,maximum_sharpe,monthly,8,2021-08-02,2020-07-31,2021-07-30,2021-08-02,252,252,50,0.23013639588495682,0.00023013639588495682,10.0,sample_ridge,,291.6771564436472,4.644660133462096,291.6771084447581,0.005625532674701469,9.289320174030991e-10,-0.03111480254552568,0.9864628459904821,True,0,Optimization terminated successfully,17,3,-3.943530225222119,0.5841381303333878,0.1481256886526047,3.9435302252221196,8.704148513061227e-14,0.0,1.166281611970721e-16,0.09999999999999445,0.0,0.08681745970891339,0.041145354720893396,4.612391604842291,0.09224783209684581,,,,,,,,,
equity_maximum_sharpe,Equity Maximum Sharpe,equity,maximum_sharpe,monthly,9,2021-09-01,2020-09-01,2021-08-31,2021-09-01,252,252,50,0.181139179486166,0.000181139179486166,10.0,sample_ridge,,314.3405463864097,4.51621493339901,314.3404924254211,0.005244949261080728,9.032429776473723e-10,-0.07863987065770972,1.0546679801982481,True,0,Optimization terminated successfully,13,3,-3.8799185495240733,0.5540977163053842,0.14281168772817462,3.8799185495240733,1.085798118083403e-12,0.0,0.0,0.1,0.0,0.08974896147351771,0.042684652195059264,4.671015816648885,0.0934203163329777,,,,,,,,,
equity_maximum_sharpe,Equity Maximum Sharpe,equity,maximum_sharpe,monthly,10,2021-10-01,2020-10-01,2021-09-30,2021-10-01,252,252,50,0.2681154740374617,0.0002681154740374617,10.0,sample_ridge,,344.88471341317165,4.295516232029762,344.8846496829951,0.004635676280579153,8.591032378149199e-10,-0.12416434745014902,1.315533795988761,True,0,Optimization terminated successfully,19,3,-3.504905477471628,0.5084224574092093,0.14506024789460958,3.504905477471628,1.199040866595169e-14,0.0,0.0,0.09999999999999498,0.0,0.08041355983263165,0.04246724073731145,3.918442147322306,0.07836884294644612,,,,,,,,,
equity_maximum_sharpe,Equity Maximum Sharpe,equity,maximum_sharpe,monthly,11,2021-11-01,2020-10-30,2021-10-29,2021-11-01,252,252,50,0.28878763782914374,0.00028878763782914376,10.0,sample_ridge,,315.9019357927494,4.159227537977499,315.90188050678523,0.004738087880330207,8.318454992770447e-10,-0.03804484144889364,1.5250342431668675,True,0,Optimization terminated successfully,21,3,-4.5185611263308685,0.5942778081093887,0.13151925834230113,4.5185611263308685,9.08162434143378e-14,0.0,1.2173675113393968e-16,0.09999999999999117,0.0,0.07703633339812292,0.03799694457017815,4.558436239291891,0.09116872478583782,,,,,,,,,
equity_maximum_sharpe,Equity Maximum Sharpe,equity,maximum_sharpe,monthly,12,2021-12-01,2020-12-01,2021-11-30,2021-12-01,252,252,50,0.26795452811965154,0.0002679545281196515,10.0,sample_ridge,,268.85633914211076,3.7330974299977373,268.85629255670045,0.004292905375881567,7.466194785333525e-10,-0.17349452421536093,0.9785778184849881,True,0,Optimization terminated successfully,18,3,-3.8048999891458846,0.4796027333359348,0.12604870948095404,3.8048999891458846,2.731148640577885e-14,0.0,0.0,0.1,0.0,0.08086390523352512,0.039108345895634666,4.386920137385856,0.08773840274771713,,,,,,,,,
equity_maximum_sharpe,Equity Maximum Sharpe,equity,maximum_sharpe,monthly,13,2022-01-03,2021-01-04,2021-12-31,2022-01-03,252,252,50,0.24236109429558392,0.00024236109429558392,10.0,sample_ridge,,290.9337928824501,3.785003164708261,290.9337377595371,0.003981648493762912,7.570006253716459e-10,-0.12605950714046,0.914339693277029,True,0,Optimization terminated successfully,13,3,-4.065678516285444,0.5074142992963507,0.1248043339540637,4.065678516285444,5.861977570020827e-14,0.0,0.0,0.1,0.0,0.09171423731421624,0.04398477678273597,5.871483679097817,0.11742967358195633,,,,,,,,,
equity_maximum_sharpe,Equity Maximum Sharpe,equity,maximum_sharpe,monthly,14,2022-02-01,2021-02-02,2022-01-31,2022-02-01,252,252,50,0.4216596108614634,0.0004216596108614634,10.0,sample_ridge,,318.9719391236067,3.7798292049481974,318.9718688197157,0.0034190984143493523,7.559658334299811e-10,-0.15047290084382414,0.8728852544158702,True,0,Optimization terminated successfully,14,3,-3.803084425785655,0.4863571544355019,0.12788492181186026,3.803084425785655,1.4432899320127035e-14,0.0,0.0,0.1,0.0,0.08831284409290006,0.04153641233544516,4.4552167576079365,0.08910433515215872,,,,,,,,,
equity_maximum_sharpe,Equity Maximum Sharpe,equity,maximum_sharpe,monthly,15,2022-03-01,2021-03-02,2022-02-28,2022-03-01,252,252,50,0.23843962176720732,0.0002384396217672073,10.0,sample_ridge,,276.3172326451961,3.8465221707918356,276.3171762647196,0.00375666859966663,7.693044264653227e-10,-0.2425927947907769,0.8761242453888961,True,0,Optimization terminated successfully,12,3,-3.451545862270674,0.4503968788166096,0.13049134990207148,3.4515458622706747,1.1102230246251565e-14,0.0,0.0,0.1,0.0,0.08713747032406938,0.04330778174648184,4.7358458203685,0.09471691640737,,,,,,,,,
equity_maximum_sharpe,Equity Maximum Sharpe,equity,maximum_sharpe,monthly,16,2022-04-01,2021-04-05,2022-03-31,2022-04-01,252,252,50,0.20038519307129413,0.00020038519307129414,10.0,sample_ridge,,311.3353481532465,4.024441658350308,311.33527755599476,0.0035381730788798024,8.048883236211783e-10,-0.28945013253051877,0.8913328012218693,True,0,Optimization terminated successfully,15,3,-3.6338730046084664,0.4625328711038728,0.1272837191936235,3.6338730046084655,7.156497616733759e-13,0.0,0.0,0.09999999999992165,0.0,0.08972137019899667,0.0421817215885212,4.599432189791699,0.09198864379583398,,,,,,,,,
equity_maximum_sharpe,Equity Maximum Sharpe,equity,maximum_sharpe,monthly,17,2022-05-02,2021-05-03,2022-04-29,2022-05-02,252,252,50,0.18601770347658364,0.00018601770347658364,10.0,sample_ridge,,314.1962107016673,4.284996708228052,314.19614183547003,0.003897542654991327,8.569993330756168e-10,-0.4753197972276958,0.9388799704010586,True,0,Optimization terminated successfully,12,3,-2.810850422074749,0.4253076219146965,0.15130923316821954,2.810850422074749,2.398081733190338e-14,0.0,0.0,0.1,0.0,0.08883251687819724,0.04255957607964141,5.1708228100615585,0.10341645620123117,,,,,,,,,
equity_maximum_sharpe,Equity Maximum Sharpe,equity,maximum_sharpe,monthly,18,2022-06-01,2021-06-02,2022-05-31,2022-06-01,252,252,50,0.3565168528397999,0.0003565168528397999,10.0,sample_ridge,,429.501073557455,4.683380842181999,429.5009606662642,0.0035553415511947106,9.366761590696385e-10,-0.5815489189410324,1.0545687899640876,True,0,Optimization terminated successfully,14,3,-2.5909097557570098,0.411812362388427,0.15894508153878328,2.5909097557570098,1.5165646516379638e-13,0.0,0.0,0.1,0.0,0.08816168229579126,0.04669289082180842,5.012388319074419,0.10024776638148838,,,,,,,,,
equity_maximum_sharpe,Equity Maximum Sharpe,equity,maximum_sharpe,monthly,19,2022-07-01,2021-07-01,2022-06-30,2022-07-01,252,252,50,0.19227120805196998,0.00019227120805196998,10.0,sample_ridge,,510.53631347218635,5.06933383844659,510.5361682089672,0.003556316091843376,1.0138667575506501e-09,-0.5782209800041562,0.8011361548468544,True,0,Optimization terminated successfully,10,3,-1.885778425737189,0.3097890631648893,0.16427649130824395,1.885778425737189,1.4588330543574557e-13,0.0,0.0,0.1,0.0,0.09084319376176218,0.04629789618297861,5.125472610681007,0.10250945221362015,,,,,,,,,
equity_maximum_sharpe,Equity Maximum Sharpe,equity,maximum_sharpe,monthly,20,2022-08-01,2021-07-30,2022-07-29,2022-08-01,252,252,50,0.1530573694059575,0.0001530573694059575,10.0,sample_ridge,,519.2829925502888,5.264405780011374,519.2828415783691,0.0036145157759337326,1.0528811454734633e-09,-0.4743378757951733,1.0610827829850287,True,0,Optimization terminated successfully,9,3,-2.1600884719029496,0.39372789186799445,0.18227396562194337,2.1600884719029496,1.8207657603852567e-13,0.0,0.0,0.1,0.0,0.09118769098925937,0.04637818267322068,4.137060230031075,0.0827412046006215,,,,,,,,,
equity_maximum_sharpe,Equity Maximum Sharpe,equity,maximum_sharpe,monthly,21,2022-09-01,2021-09-01,2022-08-31,2022-09-01,252,252,50,0.1508261052871891,0.0001508261052871891,10.0,sample_ridge,,557.7048805106252,5.410058492317103,557.7047098850965,0.0035303110440088594,1.0820116876433034e-09,-0.489901311668022,1.1828191271343909,True,0,Optimization terminated successfully,3,3,-2.242226165764539,0.41963431287155745,0.1871507519084157,2.242226165764539,1.687538997430238e-14,0.0,0.0,0.1,0.0,0.09999999999999802,0.050028119481670616,3.9701686166160917,0.07940337233232184,,,,,,,,,
equity_maximum_sharpe,Equity Maximum Sharpe,equity,maximum_sharpe,monthly,22,2022-10-03,2021-10-01,2022-09-30,2022-10-03,252,252,50,0.026768982048628903,2.6768982048628905e-05,10.0,sample_ridge,,617.4379094289061,5.666887786649403,617.4377085828124,0.0034785684239596053,1.133377545996105e-09,-0.6348446139350687,0.8913308032260187,True,0,Optimization terminated successfully,5,3,-1.749429531755649,0.33581689541776066,0.19195794361648275,1.749429531755649,3.013145288832675e-13,0.0,0.0,0.1,0.0,0.09792821227149462,0.04860409247400137,3.8391412848208843,0.07678282569641769,,,,,,,,,
equity_maximum_sharpe,Equity Maximum Sharpe,equity,maximum_sharpe,monthly,23,2022-11-01,2021-11-01,2022-10-31,2022-11-01,252,252,50,0.21113634584516158,0.0002111363458451616,10.0,sample_ridge,,648.5504889732105,6.021456174395363,648.5502777321982,0.003691704376822344,1.2042912228361604e-09,-0.6083168093436072,0.9320822595695339,True,0,Optimization terminated successfully,4,3,-2.1794662554752087,0.43135060109727924,0.1979157052850208,2.1794662554752087,9.814371537686384e-14,0.0,0.0,0.1,0.0,0.09999999999999322,0.0477945992495854,4.035283831219509,0.08070567662439018,,,,,,,,,
equity_maximum_sharpe,Equity Maximum Sharpe,equity,maximum_sharpe,monthly,24,2022-12-01,2021-12-01,2022-11-30,2022-12-01,252,252,50,0.11700780710647733,0.00011700780710647734,10.0,sample_ridge,,701.6204758532148,6.249555728017336,701.6202416455271,0.0037390460649631982,1.249911133104356e-09,-0.5492037107009324,1.012398262304997,True,0,Optimization terminated successfully,10,3,-2.6772770822882257,0.48431019331420877,0.18089655214180395,2.6772770822882257,2.540190280342358e-13,0.0,0.0,0.1,0.0,0.09516570399886665,0.04455164720224371,4.518286130527309,0.09036572261054618,,,,,,,,,
equity_maximum_sharpe,Equity Maximum Sharpe,equity,maximum_sharpe,monthly,25,2023-01-03,2021-12-31,2022-12-30,2023-01-03,252,252,50,0.10319709979568145,0.00010319709979568145,10.0,sample_ridge,,713.826698175003,6.191813444196875,713.826459680812,0.003701297571772024,1.2383626764557482e-09,-0.6198019913959887,0.9359017507349877,True,0,Optimization terminated successfully,9,3,-2.142844507451452,0.431001743330501,0.20113533288661434,2.142844507451452,3.170796958329447e-13,0.0,0.0,0.1,0.0,0.09895961379658841,0.047521274759148864,3.9110731164689647,0.0782214623293793,,,,,,,,,
equity_maximum_sharpe,Equity Maximum Sharpe,equity,maximum_sharpe,monthly,26,2023-02-01,2022-01-31,2023-01-31,2023-02-01,252,252,50,0.206460583574469,0.00020646058357446902,10.0,sample_ridge,,662.3867216688445,6.113900152339298,662.3865223016511,0.0040564871675980345,1.2227800182400594e-09,-0.4107847709334955,0.6931753816190576,True,0,Optimization terminated successfully,12,3,-1.8888375555390144,0.37103360162369325,0.1964348922095696,1.8888375555390144,5.573319583618286e-14,0.0,0.0,0.1,0.0,0.09335558272574257,0.04349183818973477,3.9911562131468727,0.07982312426293746,,,,,,,,,
equity_maximum_sharpe,Equity Maximum Sharpe,equity,maximum_sharpe,monthly,27,2023-03-01,2022-02-28,2023-02-28,2023-03-01,252,252,50,0.24686265649339031,0.00024686265649339034,10.0,sample_ridge,,719.7933267404047,5.967437912963498,719.7930902798075,0.0036279655641383046,1.193487570657824e-09,-0.5300802301245598,0.560747599864184,True,0,Optimization terminated successfully,13,3,-1.5235774848091912,0.3063718425420301,0.20108714233224528,1.5235774848091912,9.212630658339549e-13,0.0,0.0,0.1,0.0,0.08806947617852091,0.043021663748951965,3.504481396429563,0.07008962792859126,,,,,,,,,
equity_maximum_sharpe,Equity Maximum Sharpe,equity,maximum_sharpe,monthly,28,2023-04-03,2022-03-31,2023-03-31,2023-04-03,252,252,50,0.36474006111722024,0.00036474006111722023,10.0,sample_ridge,,710.8831318567082,5.790126282013423,710.8829062608362,0.003643961078279024,1.1580252448224324e-09,-0.3738643148089632,0.4041887312530835,True,0,Optimization terminated successfully,9,3,-1.2277503840732675,0.22508948959620284,0.18333489650349835,1.2277503840732675,2.5757174171303632e-14,0.0,0.0,0.1,0.0,0.0923483582453018,0.04155343262693048,3.703982422080133,0.07407964844160266,,,,,,,,,
equity_maximum_sharpe,Equity Maximum Sharpe,equity,maximum_sharpe,monthly,29,2023-05-01,2022-04-28,2023-04-28,2023-05-01,252,252,50,0.29555022894045696,0.000295550228940457,10.0,sample_ridge,,714.6541261906061,5.642257477505018,714.6538978489344,0.003526837894209986,1.1284514842164888e-09,-0.3388991365636248,0.5858993506629674,True,0,Optimization terminated successfully,11,3,-1.6403452848007742,0.34701112593647854,0.21154761083037726,1.6403452848007742,5.129230373768223e-14,0.0,0.0,0.1,0.0,0.08854018477637099,0.043656833056881054,1.8160650022392313,0.03632130004478463,,,,,,,,,
equity_maximum_sharpe,Equity Maximum Sharpe,equity,maximum_sharpe,monthly,30,2023-06-01,2022-05-31,2023-05-31,2023-06-01,252,252,50,0.2889307983132061,0.00028893079831320614,10.0,sample_ridge,,609.9355530399164,5.250113564529966,609.9353742650943,0.003576544792009096,1.0500227024057662e-09,-0.45545680673063427,0.8770008312109273,True,0,Optimization terminated successfully,7,3,-1.6194257277238653,0.3160787841386603,0.19517954959435851,1.6194257277238653,6.195044477408373e-14,0.0,0.0,0.09999999999999983,0.0,0.0939214092804255,0.0449916318241722,1.9889423536219752,0.039778847072439505,,,,,,,,,
equity_maximum_sharpe,Equity Maximum Sharpe,equity,maximum_sharpe,monthly,31,2023-07-03,2022-06-30,2023-06-30,2023-07-03,252,252,50,0.2369436113007875,0.0002369436113007875,10.0,sample_ridge,,550.9166650782894,4.883298319330571,550.9165099528301,0.0034622390671748856,9.766596540995178e-10,-0.34636314378090993,1.1699565688763638,True,0,Optimization terminated successfully,9,3,-2.3969808569982503,0.4786381970509828,0.19968377955691458,2.3969808569982503,8.215650382226158e-14,0.0,0.0,0.1,0.0,0.09158446781589905,0.043344429928011845,1.9291446522875888,0.03858289304575178,,,,,,,,,
equity_maximum_sharpe,Equity Maximum Sharpe,equity,maximum_sharpe,monthly,32,2023-08-01,2022-07-29,2023-07-31,2023-08-01,252,252,50,0.2703809682206574,0.00027038096822065737,10.0,sample_ridge,,534.1663366335997,4.728660289016061,534.166189472076,0.0034263881123364247,9.45732048345892e-10,-0.4257137157133368,1.1159951693564845,True,0,Optimization terminated successfully,11,3,-2.376440858557845,0.4412037027255521,0.1856573459998911,2.376440858557845,3.086420008457935e-14,0.0,0.0,0.1,0.0,0.09314414890032377,0.043775996746456235,2.253438033772474,0.04506876067544949,,,,,,,,,
equity_maximum_sharpe,Equity Maximum Sharpe,equity,maximum_sharpe,monthly,33,2023-09-01,2022-08-31,2023-08-31,2023-09-01,252,252,50,0.19567504984329254,0.00019567504984329255,10.0,sample_ridge,,472.5729167969818,4.546920102129455,472.5728005934037,0.003690427440758401,9.093840113320509e-10,-0.43813560969970056,1.3175303418143658,True,0,Optimization terminated successfully,6,3,-2.630799786855994,0.4515712081208307,0.17164788076119342,2.630799786855994,7.772671395400721e-13,0.0,0.0,0.1,0.0,0.09551331691299789,0.04386050596486711,2.394001445311076,0.04788002890622152,,,,,,,,,
equity_maximum_sharpe,Equity Maximum Sharpe,equity,maximum_sharpe,monthly,34,2023-10-02,2022-09-29,2023-09-29,2023-10-02,252,252,50,0.13945703891757708,0.0001394570389175771,10.0,sample_ridge,,412.37630849746233,4.283792021962718,412.3762148537553,0.0037637350854721166,8.567583958249595e-10,-0.43345810393913387,1.3764609828460026,True,0,Optimization terminated successfully,7,3,-3.0876970022357577,0.5319822897948375,0.17229096294410903,3.087697002235758,1.851185871259986e-12,0.0,0.0,0.1,0.0,0.09535777179171509,0.04507887226097092,2.316593435264123,0.04633186870528246,,,,,,,,,
equity_maximum_sharpe,Equity Maximum Sharpe,equity,maximum_sharpe,monthly,35,2023-11-01,2022-10-31,2023-10-31,2023-11-01,252,252,50,0.3467829506971252,0.00034678295069712526,10.0,sample_ridge,,341.8132021752741,3.9744385443219157,341.81313105563646,0.0038091901796157373,7.948877009155061e-10,-0.4631479082031792,1.221485025665576,True,0,Optimization terminated successfully,9,3,-2.308421724790255,0.36447782752973673,0.15789048578758003,2.308421724790255,1.8429702208777599e-13,0.0,0.0,0.1,0.0,0.09296306381743297,0.04754262549497272,2.418703799079297,0.04837407598158593,,,,,,,,,
equity_maximum_sharpe,Equity Maximum Sharpe,equity,maximum_sharpe,monthly,36,2023-12-01,2022-11-30,2023-11-30,2023-12-01,252,252,50,0.3555530778902252,0.00035555307789022524,10.0,sample_ridge,,285.308117152311,3.6801088767873025,285.3080632813413,0.003884410488093493,7.360217679972428e-10,-0.2766021355118453,1.2222043695132911,True,0,Optimization terminated successfully,10,3,-2.6548295319349284,0.42246541166193197,0.15913089958511387,2.6548295319349284,6.803446694902959e-13,0.0,0.0,0.1,0.0,0.09316534063466836,0.04714910425383817,2.9780215053396164,0.05956043010679233,,,,,,,,,
equity_minimum_variance,Equity Minimum Variance,equity,minimum_variance,monthly,1,2021-01-04,2020-01-03,2020-12-31,2021-01-04,252,252,50,1.0,0.001,10.0,sample_ridge,,708.2402856669532,13.184233797269265,708.2401086386429,0.010534384267484587,2.6368467330853855e-09,-0.3492732395247833,0.9488143251997084,True,0,Optimization terminated successfully,18,1,0.0609390254653739,0.24257203341581213,0.24685831050498155,0.9826366911431854,4.440892098500626e-16,0.0,0.0,0.1,0.0,0.0930935141551166,0.03806009132980799,3.338902639634757,0.06677805279269515,,,,,,,,,
equity_minimum_variance,Equity Minimum Variance,equity,minimum_variance,monthly,2,2021-02-01,2020-01-31,2021-01-29,2021-02-01,252,252,50,0.025462190364350094,2.5462190364350095e-05,10.0,sample_ridge,,661.1468383883391,13.465257787911993,661.1466828998957,0.011433707958087692,2.693051530651883e-09,-0.23740683868214907,0.9237121823064337,True,0,Optimization terminated successfully,18,1,0.061573078329652614,0.2324644418260244,0.2481392317422874,0.9368306663714404,2.220446049250313e-16,0.0,0.0,0.1,0.0,0.09212721404579717,0.03774852978728765,3.4431666349261154,0.06886333269852231,,,,,,,,,
equity_minimum_variance,Equity Minimum Variance,equity,minimum_variance,monthly,3,2021-03-01,2020-02-28,2021-02-26,2021-03-01,252,252,50,0.038455601208268325,3.8455601208268327e-05,10.0,sample_ridge,,663.0317180134332,13.324354398206259,663.0315596849582,0.011142841022490756,2.664870852992543e-09,-0.09602128620994455,0.9459226944620321,True,0,Optimization terminated successfully,16,1,0.059965124936355065,0.24970388898459916,0.24487777550515902,1.019708254330081,4.440892098500626e-16,0.0,0.0,0.1,0.0,0.09240020987306084,0.037825682402155676,3.462960893604818,0.06925921787209637,,,,,,,,,
equity_minimum_variance,Equity Minimum Variance,equity,minimum_variance,monthly,4,2021-04-01,2020-04-01,2021-03-31,2021-04-01,252,252,50,0.2540673208501055,0.0002540673208501055,10.0,sample_ridge,,384.10656775882444,7.651657660345755,384.1065013271364,0.008825307107527342,1.530331516765836e-09,-0.060127039234835644,1.226556819766659,True,0,Optimization terminated successfully,23,1,0.022106848070070323,0.2722787175091982,0.14868371824134047,1.8312611544139672,1.1102230246251565e-16,0.0,0.0,0.1,0.0,0.09192447811259816,0.03786134738741044,5.234562897069053,0.10469125794138107,,,,,,,,,
equity_minimum_variance,Equity Minimum Variance,equity,minimum_variance,monthly,5,2021-05-03,2020-05-01,2021-04-30,2021-05-03,252,252,50,0.13888942244485475,0.00013888942244485476,10.0,sample_ridge,,349.6342331587705,6.276780580370753,349.63417521830985,0.007553618062301135,1.2553561035205896e-09,-0.2081438801394524,0.8493961050735777,True,0,Optimization terminated successfully,30,1,0.014677708710174608,0.21636818072318953,0.12115159392337604,1.7859292949957761,0.0,0.0,0.0,0.1,0.0,0.08127555964401877,0.03479430241071534,7.069199349211055,0.1413839869842211,,,,,,,,,
equity_minimum_variance,Equity Minimum Variance,equity,minimum_variance,monthly,6,2021-06-01,2020-06-01,2021-05-28,2021-06-01,252,252,50,0.10275273400278959,0.00010275273400278959,10.0,sample_ridge,,338.3569609822227,5.719485651015339,338.35690348588344,0.00671176042847194,1.1438971187640966e-09,-0.09446757920356907,1.0236878148723123,True,0,Optimization terminated successfully,30,1,0.013259612716135483,0.17005150429874077,0.11515039173244476,1.476777471099363,1.1102230246251565e-16,0.0,0.0,0.1,0.0,0.08266029666124225,0.03520392600761363,7.301763093670451,0.146035261873409,,,,,,,,,
equity_minimum_variance,Equity Minimum Variance,equity,minimum_variance,monthly,7,2021-07-01,2020-07-01,2021-06-30,2021-07-01,252,252,50,0.15275980719040894,0.00015275980719040895,10.0,sample_ridge,,284.1973126090397,4.93436282698919,284.1972655923129,0.005944260101287084,9.868725555291125e-10,-0.04517062980827402,0.9353134194385742,True,0,Optimization terminated successfully,29,1,0.010633610137306414,0.23932778679744282,0.10311939748323985,2.3208803836963954,2.220446049250313e-16,0.0,0.0,0.1,0.0,0.07495164305730365,0.032656083737463426,6.86981625698259,0.1373963251396518,,,,,,,,,
equity_minimum_variance,Equity Minimum Variance,equity,minimum_variance,monthly,8,2021-08-02,2020-07-31,2021-07-30,2021-08-02,252,252,50,0.0675309465543587,6.753094655435871e-05,10.0,sample_ridge,,291.6771564436472,4.644660133462096,291.6771084447581,0.005625532674701469,9.289320174030991e-10,-0.03111480254552568,0.9864628459904821,True,0,Optimization terminated successfully,33,1,0.01044662358092599,0.2278147553695186,0.10220872556159767,2.228916896456384,2.220446049250313e-16,0.0,0.0,0.1,0.0,0.07659298893685706,0.03320806645830656,7.166586599428114,0.14333173198856228,,,,,,,,,
equity_minimum_variance,Equity Minimum Variance,equity,minimum_variance,monthly,9,2021-09-01,2020-09-01,2021-08-31,2021-09-01,252,252,50,0.05228604392871519,5.228604392871519e-05,10.0,sample_ridge,,314.3405463864097,4.51621493339901,314.3404924254211,0.005244949261080728,9.032429776473723e-10,-0.07863987065770972,1.0546679801982481,True,0,Optimization terminated successfully,35,1,0.010274834460679009,0.20817824442906258,0.10136485811502431,2.053751648256945,0.0,0.0,0.0,0.1,0.0,0.07617861416688494,0.033012475841810406,7.352852098280245,0.1470570419656049,,,,,,,,,
equity_minimum_variance,Equity Minimum Variance,equity,minimum_variance,monthly,10,2021-10-01,2020-10-01,2021-09-30,2021-10-01,252,252,50,0.15704538456016698,0.000157045384560167,10.0,sample_ridge,,344.88471341317165,4.295516232029762,344.8846496829951,0.004635676280579153,8.591032378149199e-10,-0.12416434745014902,1.315533795988761,True,0,Optimization terminated successfully,34,1,0.008976445506970342,0.15296294010638437,0.09474410539432172,1.6144850328129423,1.1102230246251565e-16,0.0,0.0,0.1,0.0,0.07459302128129183,0.03262139724000141,7.270330903848948,0.14540661807697897,,,,,,,,,
equity_minimum_variance,Equity Minimum Variance,equity,minimum_variance,monthly,11,2021-11-01,2020-10-30,2021-10-29,2021-11-01,252,252,50,0.14736423507044455,0.00014736423507044456,10.0,sample_ridge,,315.9019357927494,4.159227537977499,315.90188050678523,0.004738087880330207,8.318454992770447e-10,-0.03804484144889364,1.5250342431668675,True,0,Optimization terminated successfully,32,1,0.00842141579882794,0.24440606253836786,0.09176827228856355,2.6632958913058506,3.3306690738754696e-16,0.0,0.0,0.1,0.0,0.06813914994865242,0.030910464102028287,7.16246157496118,0.1432492314992236,,,,,,,,,
equity_minimum_variance,Equity Minimum Variance,equity,minimum_variance,monthly,12,2021-12-01,2020-12-01,2021-11-30,2021-12-01,252,252,50,0.1843576130951549,0.0001843576130951549,10.0,sample_ridge,,268.85633914211076,3.7330974299977373,268.85629255670045,0.004292905375881567,7.466194785333525e-10,-0.17349452421536093,0.9785778184849881,True,0,Optimization terminated successfully,39,1,0.008168148599877025,0.14109169476834119,0.09037781032906819,1.5611320329030134,2.220446049250313e-16,0.0,0.0,0.1,0.0,0.0625529314671742,0.028931178513494613,7.554014841697276,0.15108029683394553,,,,,,,,,
equity_minimum_variance,Equity Minimum Variance,equity,minimum_variance,monthly,13,2022-01-03,2021-01-04,2021-12-31,2022-01-03,252,252,50,0.12601406773727664,0.00012601406773727665,10.0,sample_ridge,,290.9337928824501,3.785003164708261,290.9337377595371,0.003981648493762912,7.570006253716459e-10,-0.12605950714046,0.914339693277029,True,0,Optimization terminated successfully,41,1,0.008860270649296488,0.180045145187303,0.09412901066778769,1.9127487254991098,0.0,0.0,0.0,0.1,0.0,0.06300287365402443,0.029160277439564567,6.880163573517136,0.1376032714703427,,,,,,,,,
equity_minimum_variance,Equity Minimum Variance,equity,minimum_variance,monthly,14,2022-02-01,2021-02-02,2022-01-31,2022-02-01,252,252,50,0.27915434857821014,0.0002791543485782101,10.0,sample_ridge,,318.9719391236067,3.7798292049481974,318.9718688197157,0.0034190984143493523,7.559658334299811e-10,-0.15047290084382414,0.8728852544158702,True,0,Optimization terminated successfully,43,1,0.008831734903371613,0.18837234965217992,0.09397731057745594,2.0044449931020716,0.0,0.0,0.0,0.1,0.0,0.060793533668044825,0.028518160375161448,6.628225326249378,0.13256450652498755,,,,,,,,,
equity_minimum_variance,Equity Minimum Variance,equity,minimum_variance,monthly,15,2022-03-01,2021-03-02,2022-02-28,2022-03-01,252,252,50,0.24476435320515344,0.00024476435320515346,10.0,sample_ridge,,276.3172326451961,3.8465221707918356,276.3171762647196,0.00375666859966663,7.693044264653227e-10,-0.2425927947907769,0.8761242453888961,True,0,Optimization terminated successfully,40,1,0.00885796653146215,0.14278417011828634,0.09411677072372464,1.5170959332786988,2.220446049250313e-16,0.0,0.0,0.1,0.0,0.06821370575899138,0.030724489129487383,6.711577611985522,0.13423155223971045,,,,,,,,,
equity_minimum_variance,Equity Minimum Variance,equity,minimum_variance,monthly,16,2022-04-01,2021-04-05,2022-03-31,2022-04-01,252,252,50,0.14332197951617645,0.00014332197951617647,10.0,sample_ridge,,311.3353481532465,4.024441658350308,311.33527755599476,0.0035381730788798024,8.048883236211783e-10,-0.28945013253051877,0.8913328012218693,True,0,Optimization terminated successfully,44,1,0.00868670889665064,0.15547914366235233,0.09320251550602399,1.6681861301512102,0.0,0.0,0.0,0.1,0.0,0.06785019846864737,0.03064411043824941,5.818939419123302,0.11637878838246603,,,,,,,,,
equity_minimum_variance,Equity Minimum Variance,equity,minimum_variance,monthly,17,2022-05-02,2021-05-03,2022-04-29,2022-05-02,252,252,50,0.22167364537306353,0.00022167364537306353,10.0,sample_ridge,,314.1962107016673,4.284996708228052,314.19614183547003,0.003897542654991327,8.569993330756168e-10,-0.4753197972276958,0.9388799704010586,True,0,Optimization terminated successfully,45,1,0.010397625359998365,0.08064064938085835,0.10196874697670048,0.7908369159354726,0.0,0.0,0.0,0.1,0.0,0.07584519735321785,0.033273612662304136,5.936120770074829,0.11872241540149657,,,,,,,,,
equity_minimum_variance,Equity Minimum Variance,equity,minimum_variance,monthly,18,2022-06-01,2021-06-02,2022-05-31,2022-06-01,252,252,50,0.20897641796949856,0.00020897641796949857,10.0,sample_ridge,,429.501073557455,4.683380842181999,429.5009606662642,0.0035553415511947106,9.366761590696385e-10,-0.5815489189410324,1.0545687899640876,True,0,Optimization terminated successfully,33,1,0.011753483383668132,0.08735013288961646,0.1084134834034408,0.805712814932429,2.220446049250313e-16,0.0,0.0,0.1,0.0,0.07590361187875787,0.0332347136022172,6.171615076212047,0.12343230152424095,,,,,,,,,
equity_minimum_variance,Equity Minimum Variance,equity,minimum_variance,monthly,19,2022-07-01,2021-07-01,2022-06-30,2022-07-01,252,252,50,0.14153388731399685,0.00014153388731399686,10.0,sample_ridge,,510.53631347218635,5.06933383844659,510.5361682089672,0.003556316091843376,1.0138667575506501e-09,-0.5782209800041562,0.8011361548468544,True,0,Optimization terminated successfully,37,1,0.013940043734702213,0.024920742181678484,0.11806796235517159,0.21107116346017732,0.0,0.0,0.0,0.1,0.0,0.07361962767299313,0.032455793419872064,5.4977764061375485,0.10995552812275097,,,,,,,,,
equity_minimum_variance,Equity Minimum Variance,equity,minimum_variance,monthly,20,2022-08-01,2021-07-30,2022-07-29,2022-08-01,252,252,50,0.0826361338621964,8.26361338621964e-05,10.0,sample_ridge,,519.2829925502888,5.264405780011374,519.2828415783691,0.0036145157759337326,1.0528811454734633e-09,-0.4743378757951733,1.0610827829850287,True,0,Optimization terminated successfully,37,1,0.014397410792877508,0.01811253324411323,0.11998921115199278,0.15095134862725046,1.1102230246251565e-16,0.0,0.0,0.1,0.0,0.07468723457089524,0.03279773510475883,5.487360505361485,0.1097472101072297,,,,,,,,,
equity_minimum_variance,Equity Minimum Variance,equity,minimum_variance,monthly,21,2022-09-01,2021-09-01,2022-08-31,2022-09-01,252,252,50,0.1091345382320558,0.0001091345382320558,10.0,sample_ridge,,557.7048805106252,5.410058492317103,557.7047098850965,0.0035303110440088594,1.0820116876433034e-09,-0.489901311668022,1.1828191271343909,True,0,Optimization terminated successfully,40,1,0.015105433700088464,0.03947242785148372,0.12290416469789973,0.3211642823374418,2.220446049250313e-16,0.0,0.0,0.1,0.0,0.07732892271012914,0.03359178368907767,5.598027924323705,0.1119605584864741,,,,,,,,,
equity_minimum_variance,Equity Minimum Variance,equity,minimum_variance,monthly,22,2022-10-03,2021-10-01,2022-09-30,2022-10-03,252,252,50,0.14087631152860292,0.00014087631152860292,10.0,sample_ridge,,617.4379094289061,5.666887786649403,617.4377085828124,0.0034785684239596053,1.133377545996105e-09,-0.6348446139350687,0.8913308032260187,True,0,Optimization terminated successfully,35,1,0.01740342302586939,0.045160302034275436,0.13192203389073937,0.3423256957338769,1.1102230246251565e-16,0.0,0.0,0.1,0.0,0.08351920199865473,0.03549875039085468,5.544792309693306,0.11089584619386611,,,,,,,,,
equity_minimum_variance,Equity Minimum Variance,equity,minimum_variance,monthly,23,2022-11-01,2021-11-01,2022-10-31,2022-11-01,252,252,50,0.116577413003037,0.00011657741300303701,10.0,sample_ridge,,648.5504889732105,6.021456174395363,648.5502777321982,0.003691704376822344,1.2042912228361604e-09,-0.6083168093436072,0.9320822595695339,True,0,Optimization terminated successfully,33,1,0.020174620618841916,0.1241153800071582,0.14203739162221304,0.8738218759837318,2.220446049250313e-16,0.0,0.0,0.1,0.0,0.08663137207600158,0.03623248780068806,4.6455688284389325,0.09291137656877865,,,,,,,,,
equity_minimum_variance,Equity Minimum Variance,equity,minimum_variance,monthly,24,2022-12-01,2021-12-01,2022-11-30,2022-12-01,252,252,50,0.09571929802648858,9.571929802648859e-05,10.0,sample_ridge,,701.6204758532148,6.249555728017336,701.6202416455271,0.0037390460649631982,1.249911133104356e-09,-0.5492037107009324,1.012398262304997,True,0,Optimization terminated successfully,38,1,0.020822181430459042,0.250218316745772,0.14429893080151024,1.7340275174315651,0.0,0.0,0.0,0.1,0.0,0.08417672448580704,0.035319613528712455,4.526615577631925,0.0905323115526385,,,,,,,,,
equity_minimum_variance,Equity Minimum Variance,equity,minimum_variance,monthly,25,2023-01-03,2021-12-31,2022-12-30,2023-01-03,252,252,50,0.05977576034787278,5.977576034787279e-05,10.0,sample_ridge,,713.826698175003,6.191813444196875,713.826459680812,0.003701297571772024,1.2383626764557482e-09,-0.6198019913959887,0.9359017507349877,True,0,Optimization terminated successfully,35,1,0.02098435361396072,0.13280300319232533,0.14485977224185023,0.9167693772885714,2.220446049250313e-16,0.0,0.0,0.1,0.0,0.08430585479118596,0.035354980314137106,4.273792801904064,0.08547585603808129,,,,,,,,,
equity_minimum_variance,Equity Minimum Variance,equity,minimum_variance,monthly,26,2023-02-01,2022-01-31,2023-01-31,2023-02-01,252,252,50,0.05187150142814769,5.187150142814769e-05,10.0,sample_ridge,,662.3867216688445,6.113900152339298,662.3865223016511,0.0040564871675980345,1.2227800182400594e-09,-0.4107847709334955,0.6931753816190576,True,0,Optimization terminated successfully,25,1,0.021438541037953986,0.12502730340274923,0.14641905968129282,0.8539004667486149,2.220446049250313e-16,0.0,0.0,0.1,0.0,0.08426640642906395,0.03540507874607686,4.367857007293261,0.08735714014586522,,,,,,,,,
equity_minimum_variance,Equity Minimum Variance,equity,minimum_variance,monthly,27,2023-03-01,2022-02-28,2023-02-28,2023-03-01,252,252,50,0.08667647507809816,8.667647507809815e-05,10.0,sample_ridge,,719.7933267404047,5.967437912963498,719.7930902798075,0.0036279655641383046,1.193487570657824e-09,-0.5300802301245598,0.560747599864184,True,0,Optimization terminated successfully,26,1,0.02127545471959997,0.07966871871357421,0.14586108020853256,0.5461958638978581,2.220446049250313e-16,0.0,0.0,0.1,0.0,0.0909971508837642,0.03752495894744543,4.515075502071514,0.09030151004143028,,,,,,,,,
equity_minimum_variance,Equity Minimum Variance,equity,minimum_variance,monthly,28,2023-04-03,2022-03-31,2023-03-31,2023-04-03,252,252,50,0.05917570624878936,5.917570624878936e-05,10.0,sample_ridge,,710.8831318567082,5.790126282013423,710.8829062608362,0.003643961078279024,1.1580252448224324e-09,-0.3738643148089632,0.4041887312530835,True,0,Optimization terminated successfully,26,1,0.02187136241340136,0.05068002913231429,0.14788969677905678,0.3426880319325348,0.0,0.0,0.0,0.1,0.0,0.08663513830818438,0.0360934126561425,4.084888836795426,0.08169777673590853,,,,,,,,,
equity_minimum_variance,Equity Minimum Variance,equity,minimum_variance,monthly,29,2023-05-01,2022-04-28,2023-04-28,2023-05-01,252,252,50,0.06190604404604636,6.190604404604636e-05,10.0,sample_ridge,,714.6541261906061,5.642257477505018,714.6538978489344,0.003526837894209986,1.1284514842164888e-09,-0.3388991365636248,0.5858993506629674,True,0,Optimization terminated successfully,29,1,0.021767246820130197,0.0564971072702122,0.14753727264705077,0.3829344697551013,0.0,0.0,0.0,0.1,0.0,0.08457416821695535,0.03534366675698994,4.240313502261468,0.08480627004522936,,,,,,,,,
equity_minimum_variance,Equity Minimum Variance,equity,minimum_variance,monthly,30,2023-06-01,2022-05-31,2023-05-31,2023-06-01,252,252,50,0.1237736618535592,0.00012377366185355922,10.0,sample_ridge,,609.9355530399164,5.250113564529966,609.9353742650943,0.003576544792009096,1.0500227024057662e-09,-0.45545680673063427,0.8770008312109273,True,0,Optimization terminated successfully,32,1,0.019273997523124475,-0.011220045889875144,0.13883082338992475,-0.08081811816646912,2.220446049250313e-16,0.0,0.0,0.1,0.0,0.08590281315954845,0.03562719655782675,4.2109687151881,0.084219374303762,,,,,,,,,
equity_minimum_variance,Equity Minimum Variance,equity,minimum_variance,monthly,31,2023-07-03,2022-06-30,2023-06-30,2023-07-03,252,252,50,0.10801525906177593,0.00010801525906177594,10.0,sample_ridge,,550.9166650782894,4.883298319330571,550.9165099528301,0.0034622390671748856,9.766596540995178e-10,-0.34636314378090993,1.1699565688763638,True,0,Optimization terminated successfully,31,1,0.016852527811014692,0.06412895312302903,0.12981728625654865,0.4939939431201447,0.0,0.0,0.0,0.1,0.0,0.08476302704317153,0.03539293700430949,5.357265090937998,0.10714530181875997,,,,,,,,,
equity_minimum_variance,Equity Minimum Variance,equity,minimum_variance,monthly,32,2023-08-01,2022-07-29,2023-07-31,2023-08-01,252,252,50,0.06698154471124544,6.698154471124544e-05,10.0,sample_ridge,,534.1663366335997,4.728660289016061,534.166189472076,0.0034263881123364247,9.45732048345892e-10,-0.4257137157133368,1.1159951693564845,True,0,Optimization terminated successfully,33,1,0.016445673328611042,0.06296385232854122,0.12824068515339054,0.49098187718842307,2.220446049250313e-16,0.0,0.0,0.1,0.0,0.08584879468368128,0.03578248672356998,5.229766009785781,0.10459532019571562,,,,,,,,,
equity_minimum_variance,Equity Minimum Variance,equity,minimum_variance,monthly,33,2023-09-01,2022-08-31,2023-08-31,2023-09-01,252,252,50,0.061925530261359114,6.192553026135911e-05,10.0,sample_ridge,,472.5729167969818,4.546920102129455,472.5728005934037,0.003690427440758401,9.093840113320509e-10,-0.43813560969970056,1.3175303418143658,True,0,Optimization terminated successfully,32,1,0.01607776800416784,0.08651502110268033,0.126798138804037,0.6823051341186237,0.0,0.0,0.0,0.1,0.0,0.08532646814495193,0.03569310201527093,5.538819846967638,0.11077639693935276,,,,,,,,,
equity_minimum_variance,Equity Minimum Variance,equity,minimum_variance,monthly,34,2023-10-02,2022-09-29,2023-09-29,2023-10-02,252,252,50,0.06977961167141351,6.977961167141351e-05,10.0,sample_ridge,,412.37630849746233,4.283792021962718,412.3762148537553,0.0037637350854721166,8.567583958249595e-10,-0.43345810393913387,1.3764609828460026,True,0,Optimization terminated successfully,29,1,0.014232115104311835,0.1227177928469326,0.11929842875877215,1.0286622726194876,0.0,0.0,0.0,0.1,0.0,0.08717218019863196,0.03636314604188787,6.407469702594793,0.12814939405189585,,,,,,,,,
equity_minimum_variance,Equity Minimum Variance,equity,minimum_variance,monthly,35,2023-11-01,2022-10-31,2023-10-31,2023-11-01,252,252,50,0.12300569445480086,0.00012300569445480085,10.0,sample_ridge,,341.8132021752741,3.9744385443219157,341.81313105563646,0.0038091901796157373,7.948877009155061e-10,-0.4631479082031792,1.221485025665576,True,0,Optimization terminated successfully,32,1,0.011561717001049078,0.021440564838126255,0.10752542490522453,0.19939995454121182,2.220446049250313e-16,0.0,0.0,0.1,0.0,0.07772394700901433,0.03341154702763861,6.303212405886455,0.1260642481177291,,,,,,,,,
equity_minimum_variance,Equity Minimum Variance,equity,minimum_variance,monthly,36,2023-12-01,2022-11-30,2023-11-30,2023-12-01,252,252,50,0.12121416275817526,0.00012121416275817526,10.0,sample_ridge,,285.308117152311,3.6801088767873025,285.3080632813413,0.003884410488093493,7.360217679972428e-10,-0.2766021355118453,1.2222043695132911,True,0,Optimization terminated successfully,34,1,0.010340599253849218,0.05100987984770559,0.10168873710421042,0.5016276266213313,2.220446049250313e-16,0.0,0.0,0.1,0.0,0.07578331920226404,0.03280430610056396,6.725407445276615,0.1345081489055323,,,,,,,,,
equity_risk_parity,Equity Risk Parity,equity,risk_parity,monthly,1,2021-01-04,2020-01-03,2020-12-31,2021-01-04,252,252,50,1.0,0.001,10.0,sample_ridge,,708.2402856669532,13.184233797269265,708.2401086386429,0.010534384267484587,2.6368467330853855e-09,-0.3492732395247833,0.9488143251997084,True,0,Optimization terminated successfully,12,1,1.036006148338283e-10,0.22403265965292954,0.32884222260837936,0.6812770509696126,0.0,0.0,0.009790222820556502,0.039273709083393865,0.0,0.02212816131177426,1.4394486085568433e-06,1.3100314875735686,0.02620062975147137,,,,,,,,,
equity_risk_parity,Equity Risk Parity,equity,risk_parity,monthly,2,2021-02-01,2020-01-31,2021-01-29,2021-02-01,252,252,50,0.024273729980260905,2.4273729980260907e-05,10.0,sample_ridge,,661.1468383883391,13.465257787911993,661.1466828998957,0.011433707958087692,2.693051530651883e-09,-0.23740683868214907,0.9237121823064337,True,0,Optimization terminated successfully,12,1,8.202896908277618e-11,0.21648609268787236,0.3306935377284223,0.6546426464059262,1.1102230246251565e-16,0.0,0.009777546008987215,0.038609011423265206,0.0,0.022100849320453038,1.2808510380426993e-06,1.3218777279220484,0.02643755455844097,,,,,,,,,
equity_risk_parity,Equity Risk Parity,equity,risk_parity,monthly,3,2021-03-01,2020-02-28,2021-02-26,2021-03-01,252,252,50,0.04312297315767111,4.312297315767111e-05,10.0,sample_ridge,,663.0317180134332,13.324354398206259,663.0315596849582,0.011142841022490756,2.664870852992543e-09,-0.09602128620994455,0.9459226944620321,True,0,Optimization terminated successfully,12,1,8.1196154536988e-11,0.31679865046446,0.3255910497009625,0.9729955745264564,0.0,0.0,0.009724189659397177,0.03835945751556153,0.0,0.022088546049697157,1.274332409828849e-06,1.347804672368269,0.02695609344736538,,,,,,,,,
equity_risk_parity,Equity Risk Parity,equity,risk_parity,monthly,4,2021-04-01,2020-04-01,2021-03-31,2021-04-01,252,252,50,0.05908397829372556,5.908397829372556e-05,10.0,sample_ridge,,384.10656775882444,7.651657660345755,384.1065013271364,0.008825307107527342,1.530331516765836e-09,-0.060127039234835644,1.226556819766659,True,0,Optimization terminated successfully,15,1,1.672437308458366e-10,0.4351333799149655,0.19430944394345798,2.239383588795534,0.0,0.0,0.007606943905338264,0.04557632691888447,0.0,0.022887276515060832,1.828899837857848e-06,1.9637150592351762,0.03927430118470352,,,,,,,,,
equity_risk_parity,Equity Risk Parity,equity,risk_parity,monthly,5,2021-05-03,2020-05-01,2021-04-30,2021-05-03,252,252,50,0.04486290199670018,4.4862901996700176e-05,10.0,sample_ridge,,349.6342331587705,6.276780580370753,349.63417521830985,0.007553618062301135,1.2553561035205896e-09,-0.2081438801394524,0.8493961050735777,True,0,Optimization terminated successfully,15,1,1.0927655635756416e-10,0.3515785527328603,0.15699057695027618,2.2394882518599584,0.0,0.0,0.0067047242676597125,0.04395311834037234,0.0,0.022956126846358095,1.4783541954321836e-06,2.452210325760311,0.049044206515206225,,,,,,,,,
equity_risk_parity,Equity Risk Parity,equity,risk_parity,monthly,6,2021-06-01,2020-06-01,2021-05-28,2021-06-01,252,252,50,0.037505277454345815,3.7505277454345815e-05,10.0,sample_ridge,,338.3569609822227,5.719485651015339,338.35690348588344,0.00671176042847194,1.1438971187640966e-09,-0.09446757920356907,1.0236878148723123,True,0,Optimization terminated successfully,14,1,9.098305424727858e-11,0.32589536714682205,0.14706397413688022,2.2160108827434106,1.1102230246251565e-16,0.0,0.0067879010686845145,0.039166180807015,0.0,0.022588854404096123,1.3489481401987316e-06,2.572223137256912,0.051444462745138246,,,,,,,,,
equity_risk_parity,Equity Risk Parity,equity,risk_parity,monthly,7,2021-07-01,2020-07-01,2021-06-30,2021-07-01,252,252,50,0.04551172610841657,4.551172610841657e-05,10.0,sample_ridge,,284.1973126090397,4.93436282698919,284.1972655923129,0.005944260101287084,9.868725555291125e-10,-0.04517062980827402,0.9353134194385742,True,0,Optimization terminated successfully,13,1,1.1945234903113716e-10,0.3317818714117713,0.12752606297859012,2.6016789326231526,0.0,0.0,0.008370631807772911,0.03727073759164131,0.0,0.022210525239675354,1.5456542241466928e-06,2.918754673976937,0.058375093479538745,,,,,,,,,
equity_risk_parity,Equity Risk Parity,equity,risk_parity,monthly,8,2021-08-02,2020-07-31,2021-07-30,2021-08-02,252,252,50,0.019725369772503634,1.9725369772503634e-05,10.0,sample_ridge,,291.6771564436472,4.644660133462096,291.6771084447581,0.005625532674701469,9.289320174030991e-10,-0.03111480254552568,0.9864628459904821,True,0,Optimization terminated successfully,13,1,1.0019638331647412e-10,0.30301421377294907,0.12591282895619335,2.40653963765973,1.1102230246251565e-16,0.0,0.008501951275450143,0.03659133251300867,0.0,0.022238935848188656,1.4156015210255175e-06,2.9079626537397147,0.0581592530747943,,,,,,,,,
equity_risk_parity,Equity Risk Parity,equity,risk_parity,monthly,9,2021-09-01,2020-09-01,2021-08-31,2021-09-01,252,252,50,0.019130063193130015,1.9130063193130014e-05,10.0,sample_ridge,,314.3405463864097,4.51621493339901,314.3404924254211,0.005244949261080728,9.032429776473723e-10,-0.07863987065770972,1.0546679801982481,True,0,Optimization terminated successfully,13,1,1.9632492954243105e-10,0.28142997421536486,0.12435268847441884,2.263159547799074,0.0,0.0,0.008433543862846933,0.038364809915583886,0.0,0.02237668857105129,1.981539449733123e-06,2.9510761953522033,0.059021523907044064,,,,,,,,,
equity_risk_parity,Equity Risk Parity,equity,risk_parity,monthly,10,2021-10-01,2020-10-01,2021-09-30,2021-10-01,252,252,50,0.0313358773750417,3.1335877375041696e-05,10.0,sample_ridge,,344.88471341317165,4.295516232029762,344.8846496829951,0.004635676280579153,8.591032378149199e-10,-0.12416434745014902,1.315533795988761,True,0,Optimization terminated successfully,14,1,2.2296867903443113e-10,0.22988022759719343,0.11433293882356094,2.0106211732381474,0.0,0.0,0.007985694750934939,0.0377979652361662,0.0,0.022604974756568023,2.1117228939157726e-06,3.1517950588417873,0.06303590117683575,,,,,,,,,
equity_risk_parity,Equity Risk Parity,equity,risk_parity,monthly,11,2021-11-01,2020-10-30,2021-10-29,2021-11-01,252,252,50,0.03421811881899089,3.421811881899089e-05,10.0,sample_ridge,,315.9019357927494,4.159227537977499,315.90188050678523,0.004738087880330207,8.318454992770447e-10,-0.03804484144889364,1.5250342431668675,True,0,Optimization terminated successfully,14,1,9.24871001914287e-11,0.30590340526976617,0.10869461099704832,2.8143382865418527,0.0,0.0,0.008273493367840593,0.03806938942813528,0.0,0.022442055503460526,1.3600522062879126e-06,3.2433625782060633,0.06486725156412126,,,,,,,,,
equity_risk_parity,Equity Risk Parity,equity,risk_parity,monthly,12,2021-12-01,2020-12-01,2021-11-30,2021-12-01,252,252,50,0.0490244240535132,4.90244240535132e-05,10.0,sample_ridge,,268.85633914211076,3.7330974299977373,268.85629255670045,0.004292905375881567,7.466194785333525e-10,-0.17349452421536093,0.9785778184849881,True,0,Optimization terminated successfully,12,1,2.1247339129563912e-10,0.18777347445842268,0.10559207721012014,1.778291320898706,0.0,0.0,0.009247213274035082,0.0351769181874447,0.0,0.02208997452239169,2.0614237375932203e-06,3.2862241264974257,0.06572448252994852,,,,,,,,,
equity_risk_parity,Equity Risk Parity,equity,risk_parity,monthly,13,2022-01-03,2021-01-04,2021-12-31,2022-01-03,252,252,50,0.027293425909377916,2.7293425909377917e-05,10.0,sample_ridge,,290.9337928824501,3.785003164708261,290.9337377595371,0.003981648493762912,7.570006253716459e-10,-0.12605950714046,0.914339693277029,True,0,Optimization terminated successfully,11,1,3.160970296204435e-10,0.2203584021266307,0.10966265780035339,2.009420586247369,0.0,0.0,0.009707962792048169,0.032990715160352214,0.0,0.022117992357204512,2.514346951478481e-06,3.1260677873550504,0.062521355747101,,,,,,,,,
equity_risk_parity,Equity Risk Parity,equity,risk_parity,monthly,14,2022-02-01,2021-02-02,2022-01-31,2022-02-01,252,252,50,0.03658388480778131,3.6583884807781315e-05,10.0,sample_ridge,,318.9719391236067,3.7798292049481974,318.9718688197157,0.0034190984143493523,7.559658334299811e-10,-0.15047290084382414,0.8728852544158702,True,0,Optimization terminated successfully,12,1,3.1099571366398006e-10,0.20040327345569273,0.10816721166449764,1.8527173842410192,0.0,0.0,0.009619780695921358,0.03682709774973114,0.0,0.022095174278106113,2.49397559596715e-06,3.0895352624155423,0.061790705248310845,,,,,,,,,
equity_risk_parity,Equity Risk Parity,equity,risk_parity,monthly,15,2022-03-01,2021-03-02,2022-02-28,2022-03-01,252,252,50,0.03446485987311645,3.446485987311645e-05,10.0,sample_ridge,,276.3172326451961,3.8465221707918356,276.3171762647196,0.00375666859966663,7.693044264653227e-10,-0.2425927947907769,0.8761242453888961,True,0,Optimization terminated successfully,12,1,1.0156198078371456e-10,0.15558906213150364,0.11102167653852404,1.4014295854874332,0.0,0.0,0.010444230922296618,0.03362410331107789,0.0,0.022045484520957715,1.4252156383067578e-06,2.70307276985175,0.054061455397035,,,,,,,,,
equity_risk_parity,Equity Risk Parity,equity,risk_parity,monthly,16,2022-04-01,2021-04-05,2022-03-31,2022-04-01,252,252,50,0.02382183872453695,2.382183872453695e-05,10.0,sample_ridge,,311.3353481532465,4.024441658350308,311.33527755599476,0.0035381730788798024,8.048883236211783e-10,-0.28945013253051877,0.8913328012218693,True,0,Optimization terminated successfully,12,1,3.2061027264319677e-10,0.15468385492762135,0.11191768707479871,1.3821216196528474,0.0,0.0,0.009877374350729723,0.035354714895918925,0.0,0.022479659080785936,2.532233293530466e-06,2.3094122392816083,0.04618824478563217,,,,,,,,,
equity_risk_parity,Equity Risk Parity,equity,risk_parity,monthly,17,2022-05-02,2021-05-03,2022-04-29,2022-05-02,252,252,50,0.04184318123195443,4.184318123195443e-05,10.0,sample_ridge,,314.1962107016673,4.284996708228052,314.19614183547003,0.003897542654991327,8.569993330756168e-10,-0.4753197972276958,0.9388799704010586,True,0,Optimization terminated successfully,12,1,1.4087380423185684e-10,0.07342666581264319,0.12274169515643345,0.5982210504674993,0.0,0.0,0.009741964602556118,0.03366024161522173,0.0,0.02217484371982584,1.6785339092902913e-06,1.9784185277229953,0.03956837055445991,,,,,,,,,
equity_risk_parity,Equity Risk Parity,equity,risk_parity,monthly,18,2022-06-01,2021-06-02,2022-05-31,2022-06-01,252,252,50,0.04508161066080949,4.5081610660809494e-05,10.0,sample_ridge,,429.501073557455,4.683380842181999,429.5009606662642,0.0035553415511947106,9.366761590696385e-10,-0.5815489189410324,1.0545687899640876,True,0,Optimization terminated successfully,13,1,9.955108031653693e-11,0.08235671977886437,0.13337678408377093,0.617474175469233,0.0,0.0,0.009287282519504898,0.03608621789009543,0.0,0.022702820764917236,1.4110356502691067e-06,1.954762206645119,0.03909524413290238,,,,,,,,,
equity_risk_parity,Equity Risk Parity,equity,risk_parity,monthly,19,2022-07-01,2021-07-01,2022-06-30,2022-07-01,252,252,50,0.03817803554810928,3.817803554810928e-05,10.0,sample_ridge,,510.53631347218635,5.06933383844659,510.5361682089672,0.003556316091843376,1.0138667575506501e-09,-0.5782209800041562,0.8011361548468544,True,0,Optimization terminated successfully,13,1,2.0384839567854167e-10,-0.0028456161017234045,0.1470826661420114,-0.019347052758588848,0.0,0.0,0.008825702754098247,0.03741330748610284,0.0,0.022734742716262128,2.0191502949434566e-06,1.774235775097082,0.03548471550194164,,,,,,,,,
equity_risk_parity,Equity Risk Parity,equity,risk_parity,monthly,20,2022-08-01,2021-07-30,2022-07-29,2022-08-01,252,252,50,0.0352234993408454,3.52234993408454e-05,10.0,sample_ridge,,519.2829925502888,5.264405780011374,519.2828415783691,0.0036145157759337326,1.0528811454734633e-09,-0.4743378757951733,1.0610827829850287,True,0,Optimization terminated successfully,13,1,8.706959782432624e-11,0.031447751854557386,0.14948220442507096,0.21037789732570342,0.0,0.0,0.008759160087975311,0.0368171969944015,0.0,0.022730977224490512,1.3196181100934534e-06,1.8069446563495108,0.036138893126990215,,,,,,,,,
equity_risk_parity,Equity Risk Parity,equity,risk_parity,monthly,21,2022-09-01,2021-09-01,2022-08-31,2022-09-01,252,252,50,0.01919109725462019,1.919109725462019e-05,10.0,sample_ridge,,557.7048805106252,5.410058492317103,557.7047098850965,0.0035303110440088594,1.0820116876433034e-09,-0.489901311668022,1.1828191271343909,True,0,Optimization terminated successfully,12,1,1.5828748108990555e-10,0.0031512009856474368,0.15399704929284347,0.020462736137593508,1.1102230246251565e-16,0.0,0.00847036817232324,0.03609618332050483,0.0,0.02268129827930413,1.77925535598385e-06,1.7990015974567584,0.03598003194913517,,,,,,,,,
equity_risk_parity,Equity Risk Parity,equity,risk_parity,monthly,22,2022-10-03,2021-10-01,2022-09-30,2022-10-03,252,252,50,0.03262523827037393,3.262523827037393e-05,10.0,sample_ridge,,617.4379094289061,5.666887786649403,617.4377085828124,0.0034785684239596053,1.133377545996105e-09,-0.6348446139350687,0.8913308032260187,True,0,Optimization terminated successfully,12,1,2.941809600048521e-10,-0.049414620251092806,0.16555797342144518,-0.2984732129167993,0.0,0.0,0.008841610154793638,0.03688983668366343,0.0,0.022395938294833672,2.425617282280228e-06,1.6921123646122223,0.03384224729224444,,,,,,,,,
equity_risk_parity,Equity Risk Parity,equity,risk_parity,monthly,23,2022-11-01,2021-11-01,2022-10-31,2022-11-01,252,252,50,0.03419248146596108,3.419248146596108e-05,10.0,sample_ridge,,648.5504889732105,6.021456174395363,648.5502777321982,0.003691704376822344,1.2042912228361604e-09,-0.6083168093436072,0.9320822595695339,True,0,Optimization terminated successfully,13,1,3.523227400797518e-11,0.006994821565600721,0.17925124531177633,0.03902244335002776,2.220446049250313e-16,0.0,0.00900221389689536,0.040258762375234784,0.0,0.02223534843216228,8.394316411475374e-07,1.5608798734141558,0.031217597468283117,,,,,,,,,
equity_risk_parity,Equity Risk Parity,equity,risk_parity,monthly,24,2022-12-01,2021-12-01,2022-11-30,2022-12-01,252,252,50,0.0363959144998344,3.63959144998344e-05,10.0,sample_ridge,,701.6204758532148,6.249555728017336,701.6202416455271,0.0037390460649631982,1.249911133104356e-09,-0.5492037107009324,1.012398262304997,True,0,Optimization terminated successfully,14,1,9.385837574202416e-11,0.11701749460720702,0.18609291453096433,0.6288121979396281,0.0,0.0,0.0084977482145958,0.0453836422288381,0.0,0.02252907821947902,1.3700976296746484e-06,1.4891635287564082,0.029783270575128164,,,,,,,,,
equity_risk_parity,Equity Risk Parity,equity,risk_parity,monthly,25,2023-01-03,2021-12-31,2022-12-30,2023-01-03,252,252,50,0.02294375010222846,2.2943750102228463e-05,10.0,sample_ridge,,713.826698175003,6.191813444196875,713.826459680812,0.003701297571772024,1.2383626764557482e-09,-0.6198019913959887,0.9359017507349877,True,0,Optimization terminated successfully,13,1,3.0187411979907433e-10,0.01839536423073164,0.18781685821146474,0.097943094171132,0.0,0.0,0.00850695154229828,0.042813286356624514,0.0,0.022427075903509727,2.457128892830067e-06,1.4473344752433017,0.028946689504866036,,,,,,,,,
equity_risk_parity,Equity Risk Parity,equity,risk_parity,monthly,26,2023-02-01,2022-01-31,2023-01-31,2023-02-01,252,252,50,0.031579002719926835,3.157900271992683e-05,10.0,sample_ridge,,662.3867216688445,6.113900152339298,662.3865223016511,0.0040564871675980345,1.2227800182400594e-09,-0.4107847709334955,0.6931753816190576,True,0,Optimization terminated successfully,13,1,3.021561662057799e-10,0.08988126174795529,0.19012295103255797,0.4727533486084139,0.0,0.0,0.008506520467415648,0.04196867392287925,0.0,0.022357527993741924,2.4582764946431944e-06,1.4453802360862105,0.028907604721724208,,,,,,,,,
equity_risk_parity,Equity Risk Parity,equity,risk_parity,monthly,27,2023-03-01,2022-02-28,2023-02-28,2023-03-01,252,252,50,0.017350523470016407,1.7350523470016406e-05,10.0,sample_ridge,,719.7933267404047,5.967437912963498,719.7930902798075,0.0036279655641383046,1.193487570657824e-09,-0.5300802301245598,0.560747599864184,True,0,Optimization terminated successfully,13,1,3.420504306938797e-10,0.03255741115487075,0.18838805001575107,0.17282099980412044,0.0,0.0,0.008744281914259322,0.0426212726338563,0.0,0.02237126569737112,2.6155321855940225e-06,1.431349218842055,0.028626984376841098,,,,,,,,,
equity_risk_parity,Equity Risk Parity,equity,risk_parity,monthly,28,2023-04-03,2022-03-31,2023-03-31,2023-04-03,252,252,50,0.02354418643441827,2.354418643441827e-05,10.0,sample_ridge,,710.8831318567082,5.790126282013423,710.8829062608362,0.003643961078279024,1.1580252448224324e-09,-0.3738643148089632,0.4041887312530835,True,0,Optimization terminated successfully,13,1,1.5521632052994963e-10,0.0021670456733995135,0.19056564167163204,0.011371649445253089,1.1102230246251565e-16,0.0,0.009202457780031606,0.0423620184127443,0.0,0.02234078816525508,1.7619098758443486e-06,1.347194976926599,0.02694389953853198,,,,,,,,,
equity_risk_parity,Equity Risk Parity,equity,risk_parity,monthly,29,2023-05-01,2022-04-28,2023-04-28,2023-05-01,252,252,50,0.021045635620218876,2.1045635620218876e-05,10.0,sample_ridge,,714.6541261906061,5.642257477505018,714.6538978489344,0.003526837894209986,1.1284514842164888e-09,-0.3388991365636248,0.5858993506629674,True,0,Optimization terminated successfully,13,1,1.3621893399781308e-10,0.058307321600264014,0.1889045344775776,0.3086602540352726,0.0,0.0,0.009366668930414615,0.04208591863908298,0.0,0.022339735074719785,1.6505691987785825e-06,1.3413501925557192,0.026827003851114382,,,,,,,,,
equity_risk_parity,Equity Risk Parity,equity,risk_parity,monthly,30,2023-06-01,2022-05-31,2023-05-31,2023-06-01,252,252,50,0.027017805844683135,2.7017805844683137e-05,10.0,sample_ridge,,609.9355530399164,5.250113564529966,609.9353742650943,0.003576544792009096,1.0500227024057662e-09,-0.45545680673063427,0.8770008312109273,True,0,Optimization terminated successfully,12,1,2.0097196715136517e-10,-0.021026189210367776,0.17806346538635287,-0.11808255649044143,0.0,0.0,0.009990751999211253,0.0424954583320821,0.0,0.022139519328432045,2.0048539455601126e-06,1.3561502178388367,0.027123004356776736,,,,,,,,,
equity_risk_parity,Equity Risk Parity,equity,risk_parity,monthly,31,2023-07-03,2022-06-30,2023-06-30,2023-07-03,252,252,50,0.02736855180111935,2.736855180111935e-05,10.0,sample_ridge,,550.9166650782894,4.883298319330571,550.9165099528301,0.0034622390671748856,9.766596540995178e-10,-0.34636314378090993,1.1699565688763638,True,0,Optimization terminated successfully,13,1,1.2680762082608692e-10,0.11217807416937238,0.16608609452427017,0.6754212295176812,2.220446049250313e-16,0.0,0.010598117749631184,0.046881018492896775,0.0,0.02235167743425208,1.5925301932843076e-06,1.442575723589922,0.02885151447179844,,,,,,,,,
equity_risk_parity,Equity Risk Parity,equity,risk_parity,monthly,32,2023-08-01,2022-07-29,2023-07-31,2023-08-01,252,252,50,0.02315070348936903,2.315070348936903e-05,10.0,sample_ridge,,534.1663366335997,4.728660289016061,534.166189472076,0.0034263881123364247,9.45732048345892e-10,-0.4257137157133368,1.1159951693564845,True,0,Optimization terminated successfully,13,1,9.944958765801726e-11,0.10849463829644028,0.1635722483160962,0.6632826742515585,0.0,0.0,0.010729854222670133,0.046033494600211965,0.0,0.022294065581744654,1.4103161890728e-06,1.4235845622291226,0.028471691244582452,,,,,,,,,
equity_risk_parity,Equity Risk Parity,equity,risk_parity,monthly,33,2023-09-01,2022-08-31,2023-08-31,2023-09-01,252,252,50,0.02064283780188291,2.0642837801882913e-05,10.0,sample_ridge,,472.5729167969818,4.546920102129455,472.5728005934037,0.003690427440758401,9.093840113320509e-10,-0.43813560969970056,1.3175303418143658,True,0,Optimization terminated successfully,13,1,7.381133172201573e-11,0.09538117201601276,0.1605181312960105,0.5942080888053757,1.1102230246251565e-16,0.0,0.01129106546134937,0.04486765254056218,0.0,0.0222160170547534,1.2150006726088665e-06,1.4487723116684037,0.028975446233368073,,,,,,,,,
equity_risk_parity,Equity Risk Parity,equity,risk_parity,monthly,34,2023-10-02,2022-09-29,2023-09-29,2023-10-02,252,252,50,0.017631893047495472,1.7631893047495472e-05,10.0,sample_ridge,,412.37630849746233,4.283792021962718,412.3762148537553,0.0037637350854721166,8.567583958249595e-10,-0.43345810393913387,1.3764609828460026,True,0,Optimization terminated successfully,13,1,7.569728422642096e-11,0.1416974489394809,0.15034743841066156,0.9424666654608779,0.0,0.0,0.011229370809788614,0.043816886686313665,0.0,0.022246736653925344,1.2304250015861335e-06,1.5190926510052511,0.030381853020105022,,,,,,,,,
equity_risk_parity,Equity Risk Parity,equity,risk_parity,monthly,35,2023-11-01,2022-10-31,2023-10-31,2023-11-01,252,252,50,0.027165828123842398,2.7165828123842397e-05,10.0,sample_ridge,,341.8132021752741,3.9744385443219157,341.81313105563646,0.0038091901796157373,7.948877009155061e-10,-0.4631479082031792,1.221485025665576,True,0,Optimization terminated successfully,13,1,1.311390979529444e-10,0.03799902614182623,0.13398173083492623,0.2836134889811461,0.0,0.0,0.011550337978862263,0.04646138895302885,0.0,0.02265721128547571,1.6195005276500353e-06,1.7010364353541298,0.034020728707082594,,,,,,,,,
equity_risk_parity,Equity Risk Parity,equity,risk_parity,monthly,36,2023-12-01,2022-11-30,2023-11-30,2023-12-01,252,252,50,0.041321252864987945,4.132125286498795e-05,10.0,sample_ridge,,285.308117152311,3.6801088767873025,285.3080632813413,0.003884410488093493,7.360217679972428e-10,-0.2766021355118453,1.2222043695132911,True,0,Optimization terminated successfully,12,1,2.3961463076034603e-10,0.07501850631468766,0.12614300935228173,0.5947099779836567,0.0,0.0,0.010279658889230266,0.04158322045003295,0.0,0.022440108834337894,2.189130561480178e-06,1.652961359825875,0.0330592271965175,,,,,,,,,
