variant,variant_label,kind,date,rebalanced,gross_return,turnover,transaction_cost,net_return,view_scale_annual,is_primary,growth_of_1_gross,growth_of_1_net,drawdown_net
black_litterman_100bp,Black-Litterman sentiment (1% annual view scale),black_litterman,2021-01-04,True,-0.013546336668458772,1.0,0.001,-0.014546336668458771,0.01,False,0.9864536633315413,0.9854536633315413,0.0
black_litterman_100bp,Black-Litterman sentiment (1% annual view scale),black_litterman,2021-01-05,False,0.007686885491982678,0.0,0.0,0.007686885491982678,0.01,False,0.9940364196847177,0.9930287327992258,0.0
black_litterman_100bp,Black-Litterman sentiment (1% annual view scale),black_litterman,2021-01-06,False,0.009458024557263146,0.0,0.0,0.009458024557263146,0.01,False,1.0034380405529095,1.0024208229401086,0.0
black_litterman_100bp,Black-Litterman sentiment (1% annual view scale),black_litterman,2021-01-07,False,0.008145298116842559,0.0,0.0,0.008145298116842559,0.01,False,1.0116113425349933,1.0105858393814864,0.0
black_litterman_100bp,Black-Litterman sentiment (1% annual view scale),black_litterman,2021-01-08,False,0.004206049637052011,0.0,0.0,0.004206049637052011,0.01,False,1.0158662300551002,1.0148364135844268,0.0
black_litterman_100bp,Black-Litterman sentiment (1% annual view scale),black_litterman,2021-01-11,False,-0.0014672759718489742,0.0,0.0,-0.0014672759718489742,0.01,False,1.0143756739451277,1.013347368499417,-0.0014672759718489248
black_litterman_100bp,Black-Litterman sentiment (1% annual view scale),black_litterman,2021-01-12,False,-0.001614291652006293,0.0,0.0,-0.001614291652006293,0.01,False,1.0127381757626799,1.0117115303018658,-0.0030791990125027535
black_litterman_100bp,Black-Litterman sentiment (1% annual view scale),black_litterman,2021-01-13,False,0.00013445924854822234,0.0,0.0,0.00013445924854822234,0.01,False,1.012874347776769,1.0118475642739777,-0.002945153790739896
black_litterman_100bp,Black-Litterman sentiment (1% annual view scale),black_litterman,2021-01-14,False,-0.0007057509665348265,0.0,0.0,-0.0007057509665348265,0.01,False,1.0121595107268473,1.0111334518775055,-0.0036488262121402437
black_litterman_100bp,Black-Litterman sentiment (1% annual view scale),black_litterman,2021-01-15,False,-0.008055682711831331,0.0,0.0,-0.008055682711831331,0.01,False,1.0040058748546694,1.0029880816098615,-0.011675115137736003
black_litterman_100bp,Black-Litterman sentiment (1% annual view scale),black_litterman,2021-01-19,False,0.005103623909097369,0.0,0.0,0.005103623909097369,0.01,False,1.0091299432424519,1.0081069555637052,-0.006631076625397192
black_litterman_100bp,Black-Litterman sentiment (1% annual view scale),black_litterman,2021-01-20,False,0.009996093953517787,0.0,0.0,0.009996093953517787,0.01,False,1.0192173009664114,1.0181840874067147,0.0
black_litterman_100bp,Black-Litterman sentiment (1% annual view scale),black_litterman,2021-01-21,False,-0.005823792658402478,0.0,0.0,-0.005823792658402478,0.01,False,1.0132815907317263,1.0122543943935733,-0.0058237926584023825
black_litterman_100bp,Black-Litterman sentiment (1% annual view scale),black_litterman,2021-01-22,False,-0.002577209728601883,0.0,0.0,-0.002577209728601883,0.01,False,1.0106701515582792,1.0096456025205223,-0.008385993251907697
black_litterman_100bp,Black-Litterman sentiment (1% annual view scale),black_litterman,2021-01-25,False,0.0028615852978486657,0.0,0.0,0.0028615852978486657,0.01,False,1.013562270404953,1.0125347895327326,-0.005548405189056527
black_litterman_100bp,Black-Litterman sentiment (1% annual view scale),black_litterman,2021-01-26,False,-0.004607345402861175,0.0,0.0,-0.004607345402861175,0.01,False,1.008892438937889,1.007869692024942,-0.010130187172776695
black_litterman_100bp,Black-Litterman sentiment (1% annual view scale),black_litterman,2021-01-27,False,-0.027831648131325316,0.0,0.0,-0.027831648131325316,0.01,False,0.9808132995750151,0.9798190173942765,-0.03767989549920481
black_litterman_100bp,Black-Litterman sentiment (1% annual view scale),black_litterman,2021-01-28,False,0.01137081450444697,0.0,0.0,0.01137081450444697,0.01,False,0.991965945667977,0.9909603576889962,-0.02673753209702645
black_litterman_100bp,Black-Litterman sentiment (1% annual view scale),black_litterman,2021-01-29,False,-0.012626572946525624,0.0,0.0,-0.012626572946525624,0.01,False,0.9794408152945311,0.978447924445521,-0.039026501644118805
black_litterman_100bp,Black-Litterman sentiment (1% annual view scale),black_litterman,2021-02-01,True,0.008226206227526157,0.1897021821213592,0.0001897021821213592,0.008036504045404798,0.01,False,0.9874978974288003,0.9863112251485454,-0.031303634237054845
black_litterman_100bp,Black-Litterman sentiment (1% annual view scale),black_litterman,2021-02-02,False,0.016831317869613133,0.0,0.0,0.016831317869613133,0.01,False,1.004118788435999,1.0029121428973882,-0.014999197785759755
black_litterman_100bp,Black-Litterman sentiment (1% annual view scale),black_litterman,2021-02-03,False,-0.0023649088249767594,0.0,0.0,-0.0023649088249767594,0.01,False,1.0017441390519017,1.0005403471199739,-0.017328634875525273
black_litterman_100bp,Black-Litterman sentiment (1% annual view scale),black_litterman,2021-02-04,False,0.007822408587912985,0.0,0.0,0.007822408587912985,0.01,False,1.0095801910081128,1.0083669825238386,-0.009641777949879415
black_litterman_100bp,Black-Litterman sentiment (1% annual view scale),black_litterman,2021-02-05,False,0.007544000568684117,0.0,0.0,0.007544000568684117,0.01,False,1.0171964645432103,1.0159741036134409,-0.0021705149595321327
black_litterman_100bp,Black-Litterman sentiment (1% annual view scale),black_litterman,2021-02-08,False,0.010440490231104639,0.0,0.0,0.010440490231104639,0.01,False,1.027816494294388,1.0265813713172722,0.0
black_litterman_100bp,Black-Litterman sentiment (1% annual view scale),black_litterman,2021-02-09,False,-0.0026954261975965306,0.0,0.0,-0.0026954261975965306,0.01,False,1.025046090789345,1.023814296995059,-0.002695426197596662
black_litterman_100bp,Black-Litterman sentiment (1% annual view scale),black_litterman,2021-02-10,False,6.811317309716417e-05,0.0,0.0,6.811317309716417e-05,0.01,False,1.0251159099311595,1.0238840322354894,-0.002627496618530789
black_litterman_100bp,Black-Litterman sentiment (1% annual view scale),black_litterman,2021-02-11,False,-0.0009546781533831877,0.0,0.0,-0.0009546781533831877,0.01,False,1.0241372541672626,1.0229065525183163,-0.003579666358294209
black_litterman_100bp,Black-Litterman sentiment (1% annual view scale),black_litterman,2021-02-12,False,0.003542019465473608,0.0,0.0,0.003542019465473608,0.01,False,1.0277647682568398,1.0265297074386968,-5.0326140741407954e-05
black_litterman_100bp,Black-Litterman sentiment (1% annual view scale),black_litterman,2021-02-16,False,-0.0018174164866784955,0.0,0.0,-0.0018174164866784955,0.01,False,1.0258968916225826,1.0246640754243324,-0.0018676511638621163
black_litterman_100bp,Black-Litterman sentiment (1% annual view scale),black_litterman,2021-02-17,False,0.0019189933352135296,0.0,0.0,0.0019189933352135296,0.01,False,1.0278655809202226,1.0266303989559042,0.0
black_litterman_100bp,Black-Litterman sentiment (1% annual view scale),black_litterman,2021-02-18,False,-0.004714317680485218,0.0,0.0,-0.004714317680485218,0.01,False,1.023019896038928,1.0217905371147828,-0.004714317680485247
black_litterman_100bp,Black-Litterman sentiment (1% annual view scale),black_litterman,2021-02-19,False,-0.0009187695735181573,0.0,0.0,-0.0009187695735181573,0.01,False,1.0220799764853439,1.020851747058773,-0.005628755882358671
black_litterman_100bp,Black-Litterman sentiment (1% annual view scale),black_litterman,2021-02-22,False,-2.298489269950295e-05,0.0,0.0,-2.298489269950295e-05,0.01,False,1.022056484086754,1.0208282828909048,-0.005651611398708178
black_litterman_100bp,Black-Litterman sentiment (1% annual view scale),black_litterman,2021-02-23,False,-0.0001187660402382322,0.0,0.0,-0.0001187660402382322,0.01,False,1.0219350984852393,1.0207070431579826,-0.005769706219439619
black_litterman_100bp,Black-Litterman sentiment (1% annual view scale),black_litterman,2021-02-24,False,0.010734075643230374,0.0,0.0,0.010734075643230374,0.01,False,1.0329046271348519,1.0316633897688183,0.0
black_litterman_100bp,Black-Litterman sentiment (1% annual view scale),black_litterman,2021-02-25,False,-0.017171189191231857,0.0,0.0,-0.017171189191231857,0.01,False,1.0151684263658205,1.0139485025214303,-0.01717118919123195
black_litterman_100bp,Black-Litterman sentiment (1% annual view scale),black_litterman,2021-02-26,False,-0.013088398248062679,0.0,0.0,-0.013088398248062679,0.01,False,1.0018814977126855,1.0006775407174031,-0.03003484407676682
black_litterman_100bp,Black-Litterman sentiment (1% annual view scale),black_litterman,2021-03-01,True,0.017637464946034097,0.16229706780742834,0.00016229706780742834,0.017475167878226668,0.01,False,1.019552147508673,1.0181645487334106,-0.013084540140978262
black_litterman_100bp,Black-Litterman sentiment (1% annual view scale),black_litterman,2021-03-02,False,-0.002306855862024046,0.0,0.0,-0.002306855862024046,0.01,False,1.0172001876605534,1.01581578987566,-0.015361211854876045
black_litterman_100bp,Black-Litterman sentiment (1% annual view scale),black_litterman,2021-03-03,False,-0.011243407212593018,0.0,0.0,-0.011243407212593018,0.01,False,1.00576339173396,1.004394559297106,-0.026431906707305886
black_litterman_100bp,Black-Litterman sentiment (1% annual view scale),black_litterman,2021-03-04,False,-0.009315115295926319,0.0,0.0,-0.009315115295926319,0.01,False,0.9963945897795361,0.9950385081746523,-0.03550080574476244
black_litterman_100bp,Black-Litterman sentiment (1% annual view scale),black_litterman,2021-03-05,False,0.01618918499056575,0.0,0.0,0.01618918499056575,0.01,False,1.0125254061170759,1.0111473706562284,-0.019886349865712805
black_litterman_100bp,Black-Litterman sentiment (1% annual view scale),black_litterman,2021-03-08,False,0.002246030247524622,0.0,0.0,0.002246030247524622,0.01,False,1.014799568805602,1.0134184382354274,-0.017684984961499284
black_litterman_100bp,Black-Litterman sentiment (1% annual view scale),black_litterman,2021-03-09,False,0.006950370263675541,0.0,0.0,0.006950370263675541,0.01,False,1.0218528015522192,1.0204620716131994,-0.010857531891413807
black_litterman_100bp,Black-Litterman sentiment (1% annual view scale),black_litterman,2021-03-10,False,0.009067079035418412,0.0,0.0,0.009067079035418412,0.01,False,1.0311180216664568,1.029714681869163,-0.0018888989557844793
black_litterman_100bp,Black-Litterman sentiment (1% annual view scale),black_litterman,2021-03-11,False,0.005704119854888116,0.0,0.0,0.005704119854888116,0.01,False,1.0369996424465775,1.0355882978308826,0.0
black_litterman_100bp,Black-Litterman sentiment (1% annual view scale),black_litterman,2021-03-12,False,0.005719853459026378,0.0,0.0,0.005719853459026378,0.01,False,1.0429311284384346,1.0415117111383578,0.0
black_litterman_100bp,Black-Litterman sentiment (1% annual view scale),black_litterman,2021-03-15,False,0.0076138620832689324,0.0,0.0,0.0076138620832689324,0.01,False,1.050871862212713,1.0494416376650746,0.0
black_litterman_100bp,Black-Litterman sentiment (1% annual view scale),black_litterman,2021-03-16,False,0.0021616781988430824,0.0,0.0,0.0021616781988430824,0.01,False,1.0531435090070358,1.0517101927741734,0.0
black_litterman_100bp,Black-Litterman sentiment (1% annual view scale),black_litterman,2021-03-17,False,0.0008629750662122782,0.0,0.0,0.0008629750662122782,0.01,False,1.0540523455964523,1.052617792447419,0.0
black_litterman_100bp,Black-Litterman sentiment (1% annual view scale),black_litterman,2021-03-18,False,-0.013305044676567566,0.0,0.0,-0.013305044676567566,0.01,False,1.0400281320468507,1.0386126656915562,-0.013305044676567457
black_litterman_100bp,Black-Litterman sentiment (1% annual view scale),black_litterman,2021-03-19,False,-0.004397075919917375,0.0,0.0,-0.004397075919917375,0.01,False,1.035455049391391,1.0340458069491227,-0.01764361730492403
black_litterman_100bp,Black-Litterman sentiment (1% annual view scale),black_litterman,2021-03-22,False,0.0071531689802089155,0.0,0.0,0.0071531689802089155,0.01,False,1.0428618343310982,1.0414425113395063,-0.01061665610071938
black_litterman_100bp,Black-Litterman sentiment (1% annual view scale),black_litterman,2021-03-23,False,-0.0055842553942614444,0.0,0.0,-0.0055842553942614444,0.01,False,1.0370382275072654,1.0356268303777454,-0.016141625375881374
black_litterman_100bp,Black-Litterman sentiment (1% annual view scale),black_litterman,2021-03-24,False,-0.0061422385615732536,0.0,0.0,-0.0061422385615732536,0.01,False,1.0306684913164448,1.0292657633247992,-0.022184718223624555
black_litterman_100bp,Black-Litterman sentiment (1% annual view scale),black_litterman,2021-03-25,False,0.005997120960433946,0.0,0.0,0.005997120960433946,0.01,False,1.0368495349289775,1.0354383946078913,-0.01632064170185088
black_litterman_100bp,Black-Litterman sentiment (1% annual view scale),black_litterman,2021-03-26,False,0.019629765159166243,0.0,0.0,0.019629765159166243,0.01,False,1.0572026478050238,1.0557638071308282,0.0
black_litterman_100bp,Black-Litterman sentiment (1% annual view scale),black_litterman,2021-03-29,False,0.003330885894930523,0.0,0.0,0.003330885894930523,0.01,False,1.060724069192681,1.0592804359043784,0.0
black_litterman_100bp,Black-Litterman sentiment (1% annual view scale),black_litterman,2021-03-30,False,-0.004736187480895946,0.0,0.0,-0.004736187480895946,0.01,False,1.0557002811354854,1.05426348516509,-0.0047361874808959925
black_litterman_100bp,Black-Litterman sentiment (1% annual view scale),black_litterman,2021-03-31,False,-0.0006246910354735877,0.0,0.0,-0.0006246910354735877,0.01,False,1.0550407946337133,1.0536048962168802,-0.005357919862507887
black_litterman_100bp,Black-Litterman sentiment (1% annual view scale),black_litterman,2021-04-01,True,0.009361621591411188,0.20130950073103462,0.00020130950073103462,0.009160312090680153,0.01,False,1.0649176873165758,1.0632562458864956,0.0
black_litterman_100bp,Black-Litterman sentiment (1% annual view scale),black_litterman,2021-04-05,False,0.008984371990493983,0.0,0.0,0.008984371990493983,0.01,False,1.0744853039586846,1.0728089355207562,0.0
black_litterman_100bp,Black-Litterman sentiment (1% annual view scale),black_litterman,2021-04-06,False,0.0033727655856227866,0.0,0.0,0.0033727655856227866,0.01,False,1.0781092910141339,1.0764272685784293,0.0
black_litterman_100bp,Black-Litterman sentiment (1% annual view scale),black_litterman,2021-04-07,False,-0.00179699705244367,0.0,0.0,-0.00179699705244367,0.01,False,1.0761719317959695,1.074492931949624,-0.0017969970524436274
black_litterman_100bp,Black-Litterman sentiment (1% annual view scale),black_litterman,2021-04-08,False,-0.0029131408814652387,0.0,0.0,-0.0029131408814652387,0.01,False,1.0730368913459694,1.0713627826627161,-0.004704903028331375
black_litterman_100bp,Black-Litterman sentiment (1% annual view scale),black_litterman,2021-04-09,False,0.0030053612336897947,0.0,0.0,0.0030053612336897947,0.01,False,1.0762617548215396,1.0745826148369486,-0.0017136817278112781
black_litterman_100bp,Black-Litterman sentiment (1% annual view scale),black_litterman,2021-04-12,False,0.0005188697074432111,0.0,0.0,0.0005188697074432111,0.01,False,1.0768201944433962,1.0751401832039327,-0.0011957011979047971
black_litterman_100bp,Black-Litterman sentiment (1% annual view scale),black_litterman,2021-04-13,False,0.002006325323771077,0.0,0.0,0.002006325323771077,0.01,False,1.078980646068656,1.0772972641800984,0.0
black_litterman_100bp,Black-Litterman sentiment (1% annual view scale),black_litterman,2021-04-14,False,-0.0003727638707037216,0.0,0.0,-0.0003727638707037216,0.01,False,1.078578441066613,1.076895686682004,-0.0003727638707037295
black_litterman_100bp,Black-Litterman sentiment (1% annual view scale),black_litterman,2021-04-15,False,0.010419098519385373,0.0,0.0,0.010419098519385373,0.01,False,1.0898162561049711,1.0881159689366449,0.0
black_litterman_100bp,Black-Litterman sentiment (1% annual view scale),black_litterman,2021-04-16,False,0.0038070251625292994,0.0,0.0,0.0038070251625292994,0.01,False,1.0939652140144962,1.0922584538101365,0.0
black_litterman_100bp,Black-Litterman sentiment (1% annual view scale),black_litterman,2021-04-19,False,-0.004132079324609388,0.0,0.0,-0.004132079324609388,0.01,False,1.089444862971825,1.0877451552360178,-0.004132079324609461
black_litterman_100bp,Black-Litterman sentiment (1% annual view scale),black_litterman,2021-04-20,False,-0.006122018615939386,0.0,0.0,-0.006122018615939386,0.01,False,1.082775261239672,1.081085959146265,-0.010228801274001054
black_litterman_100bp,Black-Litterman sentiment (1% annual view scale),black_litterman,2021-04-21,False,0.007963167261014672,0.0,0.0,0.007963167261014672,0.01,False,1.0913975817510124,1.0896948274624811,-0.002347087668410963
black_litterman_100bp,Black-Litterman sentiment (1% annual view scale),black_litterman,2021-04-22,False,-0.00879415937281048,0.0,0.0,-0.00879415937281048,0.01,False,1.081799657477994,1.0801118774820488,-0.011120606378203446
black_litterman_100bp,Black-Litterman sentiment (1% annual view scale),black_litterman,2021-04-23,False,0.006190231185598466,0.0,0.0,0.006190231185598466,0.01,False,1.0884962474542839,1.0867980197099734,-0.0049992143170103365
black_litterman_100bp,Black-Litterman sentiment (1% annual view scale),black_litterman,2021-04-26,False,-0.0022078988243760048,0.0,0.0,-0.0022078988243760048,0.01,False,1.0860929578691918,1.0843984796399215,-0.007196075381972977
black_litterman_100bp,Black-Litterman sentiment (1% annual view scale),black_litterman,2021-04-27,False,0.0006068709590874998,0.0,0.0,0.0006068709590874998,0.01,False,1.086752076144192,1.0850565695852936,-0.006593571512054197
black_litterman_100bp,Black-Litterman sentiment (1% annual view scale),black_litterman,2021-04-28,False,-0.0036907707011620307,0.0,0.0,-0.0036907707011620307,0.01,False,1.082741123422132,1.0810518745891649,-0.010260006852663484
black_litterman_100bp,Black-Litterman sentiment (1% annual view scale),black_litterman,2021-04-29,False,0.009828974326254538,0.0,0.0,0.009828974326254538,0.01,False,1.0933833581262282,1.0916775057098511,-0.0005318778703510274
black_litterman_100bp,Black-Litterman sentiment (1% annual view scale),black_litterman,2021-04-30,False,-0.003470840618317625,0.0,0.0,-0.003470840618317625,0.01,False,1.0895883987554513,1.0878884670809297,-0.004000872425352298
black_litterman_100bp,Black-Litterman sentiment (1% annual view scale),black_litterman,2021-05-03,True,0.007837064229888453,0.4199301570253477,0.0004199301570253477,0.007417134072863106,0.01,False,1.098127573020639,1.0959574816975903,0.0
black_litterman_100bp,Black-Litterman sentiment (1% annual view scale),black_litterman,2021-05-04,False,-0.002806528880674293,0.0,0.0,-0.002806528880674293,0.01,False,1.0950456462722917,1.0928816453732149,-0.0028065288806744526
black_litterman_100bp,Black-Litterman sentiment (1% annual view scale),black_litterman,2021-05-05,False,0.003388503107748551,0.0,0.0,0.003388503107748551,0.01,False,1.0987562118478118,1.0965848782249634,0.0
black_litterman_100bp,Black-Litterman sentiment (1% annual view scale),black_litterman,2021-05-06,False,0.007436111526692026,0.0,0.0,0.007436111526692026,0.01,False,1.106926685579758,1.1047392056779284,0.0
black_litterman_100bp,Black-Litterman sentiment (1% annual view scale),black_litterman,2021-05-07,False,0.008067399605418489,0.0,0.0,0.008067399605418489,0.01,False,1.1158567054862314,1.113651578309905,0.0
black_litterman_100bp,Black-Litterman sentiment (1% annual view scale),black_litterman,2021-05-10,False,-0.0007019532911142618,0.0,0.0,-0.0007019532911142618,0.01,False,1.1150734261994035,1.1128698469193559,-0.0007019532911142212
black_litterman_100bp,Black-Litterman sentiment (1% annual view scale),black_litterman,2021-05-11,False,-0.008154528717062006,0.0,0.0,-0.008154528717062006,0.01,False,1.1059805279238277,1.1037949177942996,-0.008850757909905749
black_litterman_100bp,Black-Litterman sentiment (1% annual view scale),black_litterman,2021-05-12,False,-0.015373810152712329,0.0,0.0,-0.015373810152712329,0.01,False,1.0889773932549303,1.0868253842806013,-0.02408849819080361
black_litterman_100bp,Black-Litterman sentiment (1% annual view scale),black_litterman,2021-05-13,False,0.010980009824356247,0.0,0.0,0.010980009824356247,0.01,False,1.1009343757313712,1.098758737677362,-0.013372980313236416
black_litterman_100bp,Black-Litterman sentiment (1% annual view scale),black_litterman,2021-05-14,False,0.010486643997608337,0.0,0.0,0.010486643997608337,0.01,False,1.1124794825943953,1.110281029398646,-0.003026573999360016
black_litterman_100bp,Black-Litterman sentiment (1% annual view scale),black_litterman,2021-05-17,False,0.002505184060138641,0.0,0.0,0.002505184060138641,0.01,False,1.115266448461422,1.1130624877357698,-0.0005289720641614704
black_litterman_100bp,Black-Litterman sentiment (1% annual view scale),black_litterman,2021-05-18,False,-0.0062983319974158,0.0,0.0,-0.0062983319974158,0.01,False,1.1082421301034333,1.1060520506541403,-0.006823972419899849
black_litterman_100bp,Black-Litterman sentiment (1% annual view scale),black_litterman,2021-05-19,False,-0.004459853810496277,0.0,0.0,-0.004459853810496277,0.01,False,1.103299532216539,1.101119220201423,-0.011253392310996646
black_litterman_100bp,Black-Litterman sentiment (1% annual view scale),black_litterman,2021-05-20,False,0.009163532680388161,0.0,0.0,0.009163532680388161,0.01,False,1.113409653536262,1.1112093621607422,-0.002192980458815663
black_litterman_100bp,Black-Litterman sentiment (1% annual view scale),black_litterman,2021-05-21,False,0.0013254629011673381,0.0,0.0,0.0013254629011673381,0.01,False,1.114885436725826,1.1126822289457161,-0.0008704242718894362
black_litterman_100bp,Black-Litterman sentiment (1% annual view scale),black_litterman,2021-05-24,False,0.002592794652326988,0.0,0.0,0.002592794652326988,0.01,False,1.117776105724126,1.1155671854786657,0.0
black_litterman_100bp,Black-Litterman sentiment (1% annual view scale),black_litterman,2021-05-25,False,-0.007433696319423736,0.0,0.0,-0.007433696319423736,0.01,False,1.1094668976010649,1.1072743977979032,-0.007433696319423699
black_litterman_100bp,Black-Litterman sentiment (1% annual view scale),black_litterman,2021-05-26,False,0.001428464987804135,0.0,0.0,0.001428464987804135,0.01,False,1.1110517322194158,1.1088561005070494,-0.006015850106541709
black_litterman_100bp,Black-Litterman sentiment (1% annual view scale),black_litterman,2021-05-27,False,-0.0016526940299724305,0.0,0.0,-0.0016526940299724305,0.01,False,1.109215503654586,1.107023500649643,-0.007658601776957874
black_litterman_100bp,Black-Litterman sentiment (1% annual view scale),black_litterman,2021-05-28,False,0.003919747136607205,0.0,0.0,0.003919747136607205,0.01,False,1.1135633479489164,1.1113627528464713,-0.0037688744227362125
black_litterman_100bp,Black-Litterman sentiment (1% annual view scale),black_litterman,2021-06-01,True,0.0003634855451433725,0.5691156360228096,0.0005691156360228095,-0.00020563009087943705,0.01,False,1.1139681121294973,1.1111342232226034,-0.003973729519625713
black_litterman_100bp,Black-Litterman sentiment (1% annual view scale),black_litterman,2021-06-02,False,-0.0024733169291950526,0.0,0.0,-0.0024733169291950526,0.01,False,1.111212915939184,1.108386036137699,-0.006437218156327806
black_litterman_100bp,Black-Litterman sentiment (1% annual view scale),black_litterman,2021-06-03,False,0.0005652195850807572,0.0,0.0,0.0005652195850807572,0.01,False,1.1118409952424675,1.109012517633154,-0.005875637013022406
black_litterman_100bp,Black-Litterman sentiment (1% annual view scale),black_litterman,2021-06-04,False,0.009485593856096321,0.0,0.0,0.009485593856096321,0.01,False,1.1223874673558953,1.119532159956749,0.0
black_litterman_100bp,Black-Litterman sentiment (1% annual view scale),black_litterman,2021-06-07,False,-0.0012595270370463468,0.0,0.0,-0.0012595270370463468,0.01,False,1.1209737899947185,1.1181220789324404,-0.0012595270370464595
black_litterman_100bp,Black-Litterman sentiment (1% annual view scale),black_litterman,2021-06-08,False,-0.0018461846238950008,0.0,0.0,-0.0018461846238950008,0.01,False,1.1189042654198411,1.116057819142678,-0.003103386341492098
black_litterman_100bp,Black-Litterman sentiment (1% annual view scale),black_litterman,2021-06-09,False,-0.0008815521533809186,0.0,0.0,-0.0008815521533809186,0.01,False,1.1179178929552331,1.1150739559689151,-0.0039822026979609015
black_litterman_100bp,Black-Litterman sentiment (1% annual view scale),black_litterman,2021-06-10,False,0.0037922934375573996,0.0,0.0,0.0037922934375573996,0.01,False,1.1221573656444153,1.1193026436145272,-0.0002050109415620005
black_litterman_100bp,Black-Litterman sentiment (1% annual view scale),black_litterman,2021-06-11,False,0.0010978796922824921,0.0,0.0,0.0010978796922824921,0.01,False,1.1233893594277016,1.1205315032564698,0.0
black_litterman_100bp,Black-Litterman sentiment (1% annual view scale),black_litterman,2021-06-14,False,2.6654170526531568e-05,0.0,0.0,2.6654170526531568e-05,0.01,False,1.1234193024392554,1.1205613700942378,0.0
black_litterman_100bp,Black-Litterman sentiment (1% annual view scale),black_litterman,2021-06-15,False,-0.006382020115017587,0.0,0.0,-0.006382020115017587,0.01,False,1.116249617853489,1.1134099248901848,-0.006382020115017539
black_litterman_100bp,Black-Litterman sentiment (1% annual view scale),black_litterman,2021-06-16,False,-0.010504458483719763,0.0,0.0,-0.010504458483719763,0.01,False,1.104524020085279,1.1017141565588142,-0.01681943893339688
black_litterman_100bp,Black-Litterman sentiment (1% annual view scale),black_litterman,2021-06-17,False,-0.002633207171872689,0.0,0.0,-0.002633207171872689,0.01,False,1.101615579514085,1.09881311494041,-0.019408357038043333
black_litterman_100bp,Black-Litterman sentiment (1% annual view scale),black_litterman,2021-06-18,False,-0.013288291172222213,0.0,0.0,-0.013288291172222213,0.01,False,1.0869769909336455,1.0842117663252253,-0.03243874431076954
black_litterman_100bp,Black-Litterman sentiment (1% annual view scale),black_litterman,2021-06-21,False,0.013009621676455387,0.0,0.0,0.013009621676455387,0.01,False,1.1011181503567042,1.0983169512222781,-0.019851138425456383
black_litterman_100bp,Black-Litterman sentiment (1% annual view scale),black_litterman,2021-06-22,False,0.001560146185807013,0.0,0.0,0.001560146185807013,0.01,False,1.1028360556391061,1.1000304862245347,-0.01832196291754773
black_litterman_100bp,Black-Litterman sentiment (1% annual view scale),black_litterman,2021-06-23,False,-0.007955321540724047,0.0,0.0,-0.007955321540724047,0.01,False,1.0940626402097933,1.0912793900020195,-0.026131527352005524
black_litterman_100bp,Black-Litterman sentiment (1% annual view scale),black_litterman,2021-06-24,False,0.006173098836760173,0.0,0.0,0.006173098836760173,0.01,False,1.100816397021415,1.0980159655350212,-0.02011974101634484
black_litterman_100bp,Black-Litterman sentiment (1% annual view scale),black_litterman,2021-06-25,False,0.011462305759689748,0.0,0.0,0.011462305759689748,0.01,False,1.1134342911493544,1.1106017602610045,-0.008888053879990254
black_litterman_100bp,Black-Litterman sentiment (1% annual view scale),black_litterman,2021-06-28,False,0.0003644681912683862,0.0,0.0,0.0003644681912683862,0.01,False,1.1138401025315459,1.1110065392757864,-0.008526825101643376
black_litterman_100bp,Black-Litterman sentiment (1% annual view scale),black_litterman,2021-06-29,False,-0.0009378965242292507,0.0,0.0,-0.0009378965242292507,0.01,False,1.1127954357708343,1.1099645301042036,-0.009456724346247114
black_litterman_100bp,Black-Litterman sentiment (1% annual view scale),black_litterman,2021-06-30,False,0.0011190393223201383,0.0,0.0,0.0011190393223201383,0.01,False,1.1140406976211603,1.1112066240597709,-0.008348267470330684
black_litterman_100bp,Black-Litterman sentiment (1% annual view scale),black_litterman,2021-07-01,True,0.0043872604153632035,0.6495769637671307,0.0006495769637671307,0.003737683451596073,0.01,False,1.1189282842749373,1.115359962669823,-0.004641787199908043
black_litterman_100bp,Black-Litterman sentiment (1% annual view scale),black_litterman,2021-07-02,False,0.003878647971510706,0.0,0.0,0.003878647971510706,0.01,False,1.1232682131950062,1.1196860513265365,-0.0007811430869044678
black_litterman_100bp,Black-Litterman sentiment (1% annual view scale),black_litterman,2021-07-06,False,-0.006433859979849734,0.0,0.0,-0.006433859979849734,0.01,False,1.1160412627914937,1.1124821480509108,-0.007209977301508741
black_litterman_100bp,Black-Litterman sentiment (1% annual view scale),black_litterman,2021-07-07,False,-8.30426782715042e-05,0.0,0.0,-8.30426782715042e-05,0.01,False,1.11594858373597,1.1123897645538074,-0.007292421243954905
black_litterman_100bp,Black-Litterman sentiment (1% annual view scale),black_litterman,2021-07-08,False,-0.008498168204600233,0.0,0.0,-0.008498168204600233,0.01,False,1.1064650649636962,1.1029364892255535,-0.01572861722620522
black_litterman_100bp,Black-Litterman sentiment (1% annual view scale),black_litterman,2021-07-09,False,0.011450149192710597,0.0,0.0,0.011450149192710597,0.01,False,1.1191342550340528,1.1155652765772706,-0.004458563047329722
black_litterman_100bp,Black-Litterman sentiment (1% annual view scale),black_litterman,2021-07-12,False,0.005445022725848813,0.0,0.0,0.005445022725848813,0.01,False,1.1252279664859892,1.1216395548604017,0.0
black_litterman_100bp,Black-Litterman sentiment (1% annual view scale),black_litterman,2021-07-13,False,-0.0039333267237021624,0.0,0.0,-0.0039333267237021624,0.01,False,1.1208020772551528,1.1172277800249077,-0.0039333267237022795
black_litterman_100bp,Black-Litterman sentiment (1% annual view scale),black_litterman,2021-07-14,False,0.0010680807899567434,0.0,0.0,0.0010680807899567434,0.01,False,1.1219991844232127,1.1184210695547585,-0.002869447044459572
black_litterman_100bp,Black-Litterman sentiment (1% annual view scale),black_litterman,2021-07-15,False,-0.0005832125333789591,0.0,0.0,-0.0005832125333789591,0.01,False,1.121344820436416,1.117768792369399,-0.0034509860803583203
black_litterman_100bp,Black-Litterman sentiment (1% annual view scale),black_litterman,2021-07-16,False,-0.00602909536288375,0.0,0.0,-0.00602909536288375,0.01,False,1.1145841255793292,1.1110296577265486,-0.009459275119067634
black_litterman_100bp,Black-Litterman sentiment (1% annual view scale),black_litterman,2021-07-19,False,-0.015971921007804465,0.0,0.0,-0.015971921007804465,0.01,False,1.0967820759690234,1.0932843797960121,-0.025280113331879295
black_litterman_100bp,Black-Litterman sentiment (1% annual view scale),black_litterman,2021-07-20,False,0.008949867476573063,0.0,0.0,0.008949867476573063,0.01,False,1.106598130199627,1.1030691301093938,-0.016556499519419288
black_litterman_100bp,Black-Litterman sentiment (1% annual view scale),black_litterman,2021-07-21,False,0.006281372206324656,0.0,0.0,0.006281372206324656,0.01,False,1.113549084938234,1.1099979178849175,-0.010379124849010046
black_litterman_100bp,Black-Litterman sentiment (1% annual view scale),black_litterman,2021-07-22,False,-0.002478990341531917,0.0,0.0,-0.002478990341531917,0.01,False,1.1107886075118503,1.1072462437673602,-0.012832385440287752
black_litterman_100bp,Black-Litterman sentiment (1% annual view scale),black_litterman,2021-07-23,False,0.004984581833571168,0.0,0.0,0.004984581833571168,0.01,False,1.1163254242257916,1.112765403279333,-0.007911767682063475
black_litterman_100bp,Black-Litterman sentiment (1% annual view scale),black_litterman,2021-07-26,False,0.003448527829124353,0.0,0.0,0.003448527829124353,0.01,False,1.1201751035175933,1.1166028057398285,-0.004490523803968416
black_litterman_100bp,Black-Litterman sentiment (1% annual view scale),black_litterman,2021-07-27,False,-0.001009422558465809,0.0,0.0,-0.001009422558465809,0.01,False,1.1190443734986708,1.1154756816788685,-0.005495413526407256
black_litterman_100bp,Black-Litterman sentiment (1% annual view scale),black_litterman,2021-07-28,False,0.0031465383152473343,0.0,0.0,0.0031465383152473343,0.01,False,1.1225654894963464,1.1189855686509977,-0.0023661667403788167
black_litterman_100bp,Black-Litterman sentiment (1% annual view scale),black_litterman,2021-07-29,False,0.005697232488533072,0.0,0.0,0.005697232488533072,0.01,False,1.128961006073611,1.125360689586916,0.0
black_litterman_100bp,Black-Litterman sentiment (1% annual view scale),black_litterman,2021-07-30,False,-0.004178013209942039,0.0,0.0,-0.004178013209942039,0.01,False,1.124244192076726,1.1206589177598723,-0.004178013209942044
black_litterman_100bp,Black-Litterman sentiment (1% annual view scale),black_litterman,2021-08-02,True,-0.0022024424704653383,0.3469591690328735,0.0003469591690328735,-0.002549401639498212,0.01,False,1.1217681089209224,1.117801908077617,-0.006716763415713034
black_litterman_100bp,Black-Litterman sentiment (1% annual view scale),black_litterman,2021-08-03,False,0.007792949283057294,0.0,0.0,0.007792949283057294,0.01,False,1.1305099909010943,1.1265128816557706,0.0
black_litterman_100bp,Black-Litterman sentiment (1% annual view scale),black_litterman,2021-08-04,False,-0.008388615131333762,0.0,0.0,-0.008388615131333762,0.01,False,1.1210265776852975,1.1170629986510707,-0.008388615131333599
black_litterman_100bp,Black-Litterman sentiment (1% annual view scale),black_litterman,2021-08-05,False,0.003939306426547221,0.0,0.0,0.003939306426547221,0.01,False,1.1254426448871033,1.121463452100515,-0.004482354030283187
black_litterman_100bp,Black-Litterman sentiment (1% annual view scale),black_litterman,2021-08-06,False,0.0010251150904349849,0.0,0.0,0.0010251150904349849,0.01,False,1.126596353125796,1.1226130812086346,-0.003461833868605213
black_litterman_100bp,Black-Litterman sentiment (1% annual view scale),black_litterman,2021-08-09,False,-0.001860433852374425,0.0,0.0,-0.001860433852374425,0.01,False,1.1245003951324792,1.1205245338292356,-0.005315827208059232
black_litterman_100bp,Black-Litterman sentiment (1% annual view scale),black_litterman,2021-08-10,False,0.0047495386773818565,0.0,0.0,0.0047495386773818565,0.01,False,1.1298412532518922,1.125846508441613,-0.0005915362576042194
black_litterman_100bp,Black-Litterman sentiment (1% annual view scale),black_litterman,2021-08-11,False,0.006963740613759742,0.0,0.0,0.006963740613759742,0.01,False,1.1377091746742636,1.1336866114973074,0.0
black_litterman_100bp,Black-Litterman sentiment (1% annual view scale),black_litterman,2021-08-12,False,0.0035918282463341814,0.0,0.0,0.0035918282463341814,0.01,False,1.141795630623972,1.1377586190909743,0.0
black_litterman_100bp,Black-Litterman sentiment (1% annual view scale),black_litterman,2021-08-13,False,0.002192846799801244,0.0,0.0,0.002192846799801244,0.01,False,1.1442994135186126,1.1402535494377941,0.0
black_litterman_100bp,Black-Litterman sentiment (1% annual view scale),black_litterman,2021-08-16,False,0.0027406029315671246,0.0,0.0,0.0027406029315671246,0.01,False,1.1474354838458922,1.143378531658113,0.0
black_litterman_100bp,Black-Litterman sentiment (1% annual view scale),black_litterman,2021-08-17,False,-0.001678206980180488,0.0,0.0,-0.001678206980180488,0.01,False,1.1455098496075953,1.141459705825296,-0.0016782069801803967
black_litterman_100bp,Black-Litterman sentiment (1% annual view scale),black_litterman,2021-08-18,False,-0.01362227878612567,0.0,0.0,-0.01362227878612567,0.01,False,1.1299053950839877,1.1259104234894148,-0.01527762476296124
black_litterman_100bp,Black-Litterman sentiment (1% annual view scale),black_litterman,2021-08-19,False,-0.0012948125461551443,0.0,0.0,-0.0012948125461551443,0.01,False,1.1284423794024645,1.1244525805472338,-0.01655265564889785
black_litterman_100bp,Black-Litterman sentiment (1% annual view scale),black_litterman,2021-08-20,False,0.005409920794244288,0.0,0.0,0.005409920794244288,0.01,False,1.1345471632959003,1.1305357799448779,-0.011232283410648636
black_litterman_100bp,Black-Litterman sentiment (1% annual view scale),black_litterman,2021-08-23,False,0.006476677951883799,0.0,0.0,0.006476677951883799,0.01,False,1.1418952598937913,1.1378578961046628,-0.004828353341079672
black_litterman_100bp,Black-Litterman sentiment (1% annual view scale),black_litterman,2021-08-24,False,3.170723271329976e-05,0.0,0.0,3.170723271329976e-05,0.01,False,1.141931466232531,1.1378939744297694,-0.004796799202089308
black_litterman_100bp,Black-Litterman sentiment (1% annual view scale),black_litterman,2021-08-25,False,-0.0007723579394884837,0.0,0.0,-0.0007723579394884837,0.01,False,1.1410494863982346,1.1370151129843225,-0.005565452295629991
black_litterman_100bp,Black-Litterman sentiment (1% annual view scale),black_litterman,2021-08-26,False,-0.004901325068173019,0.0,0.0,-0.004901325068173019,0.01,False,1.135456831946525,1.1314422323081608,-0.010439499272950736
black_litterman_100bp,Black-Litterman sentiment (1% annual view scale),black_litterman,2021-08-27,False,0.007307690622561002,0.0,0.0,0.007307690622561002,0.01,False,1.1437543991896635,1.1397104620991687,-0.0032080972813307573
black_litterman_100bp,Black-Litterman sentiment (1% annual view scale),black_litterman,2021-08-30,False,0.0011615154977400056,0.0,0.0,0.0011615154977400056,0.01,False,1.1450828876499306,1.1410342534638334,-0.0020503080383013073
black_litterman_100bp,Black-Litterman sentiment (1% annual view scale),black_litterman,2021-08-31,False,0.00031532521579999884,0.0,0.0,0.00031532521579999884,0.01,False,1.1454439611585876,1.141394050336042,-0.0017356293363258724
black_litterman_100bp,Black-Litterman sentiment (1% annual view scale),black_litterman,2021-09-01,True,0.0007224037844635727,0.37338282545143875,0.00037338282545143877,0.00034902095901213394,0.01,False,1.1462714342110194,1.141792420782101,-0.0013872141483292078
black_litterman_100bp,Black-Litterman sentiment (1% annual view scale),black_litterman,2021-09-02,False,0.0036353539926154864,0.0,0.0,0.0036353539926154864,0.01,False,1.1504385366459995,1.1459432404177294,0.0
black_litterman_100bp,Black-Litterman sentiment (1% annual view scale),black_litterman,2021-09-03,False,-0.0026617994551841346,0.0,0.0,-0.0026617994551841346,0.01,False,1.1473762999759323,1.1428929693247136,-0.0026617994551840773
black_litterman_100bp,Black-Litterman sentiment (1% annual view scale),black_litterman,2021-09-07,False,-0.009648194334194182,0.0,0.0,-0.009648194334194182,0.01,False,1.136306190459316,1.1318661158534846,-0.01228431223095594
black_litterman_100bp,Black-Litterman sentiment (1% annual view scale),black_litterman,2021-09-08,False,0.0007704681381416046,0.0,0.0,0.0007704681381416046,0.01,False,1.1371816781742379,1.1327381826323917,-0.011523308763987439
black_litterman_100bp,Black-Litterman sentiment (1% annual view scale),black_litterman,2021-09-09,False,-0.005079989010940903,0.0,0.0,-0.005079989010940903,0.01,False,1.1314048077456695,1.126983885112346,-0.016544759493037575
black_litterman_100bp,Black-Litterman sentiment (1% annual view scale),black_litterman,2021-09-10,False,-0.004684238380828906,0.0,0.0,-0.004684238380828906,0.01,False,1.126105037920973,1.121704823943127,-0.021151498276447578
black_litterman_100bp,Black-Litterman sentiment (1% annual view scale),black_litterman,2021-09-13,False,0.0025947763079734267,0.0,0.0,0.0025947763079734267,0.01,False,1.1290270285936599,1.1246153970448343,-0.018611605375079998
black_litterman_100bp,Black-Litterman sentiment (1% annual view scale),black_litterman,2021-09-14,False,-0.008469140742446538,0.0,0.0,-0.008469140742446538,0.01,False,1.1194651397864739,1.1150908709661391,-0.026923121812162165
black_litterman_100bp,Black-Litterman sentiment (1% annual view scale),black_litterman,2021-09-15,False,0.0030625432319752273,0.0,0.0,0.0030625432319752273,0.01,False,1.1228935501737591,1.1185058849660539,-0.023943031804676385
black_litterman_100bp,Black-Litterman sentiment (1% annual view scale),black_litterman,2021-09-16,False,-0.004410354299621017,0.0,0.0,-0.004410354299621017,0.01,False,1.1179411917767337,1.1135728777271425,-0.02824778885103152
black_litterman_100bp,Black-Litterman sentiment (1% annual view scale),black_litterman,2021-09-17,False,-0.010551687469056607,0.0,0.0,-0.010551687469056607,0.01,False,1.1061450257123209,1.1018228047473477,-0.0385014144804402
black_litterman_100bp,Black-Litterman sentiment (1% annual view scale),black_litterman,2021-09-20,False,-0.015282030839274048,0.0,0.0,-0.015282030839274048,0.01,False,1.0892408833166756,1.0849847146657834,-0.0531950655162684
black_litterman_100bp,Black-Litterman sentiment (1% annual view scale),black_litterman,2021-09-21,False,-0.003964740561457765,0.0,0.0,-0.003964740561457765,0.01,False,1.084922325805392,1.0806830317589862,-0.05694890144380449
black_litterman_100bp,Black-Litterman sentiment (1% annual view scale),black_litterman,2021-09-22,False,0.00686223751298122,0.0,0.0,0.00686223751298122,0.01,False,1.0923673204882045,1.088098935399165,-0.05047746081863402
black_litterman_100bp,Black-Litterman sentiment (1% annual view scale),black_litterman,2021-09-23,False,0.008582287813834577,0.0,0.0,0.008582287813834577,0.01,False,1.1017423312310617,1.0974373136326878,-0.042328385101656374
black_litterman_100bp,Black-Litterman sentiment (1% annual view scale),black_litterman,2021-09-24,False,-0.00448455558932432,0.0,0.0,-0.00448455558932432,0.01,False,1.0968015065015442,1.0925157949939033,-0.04662311669498598
black_litterman_100bp,Black-Litterman sentiment (1% annual view scale),black_litterman,2021-09-27,False,0.00041240278654069724,0.0,0.0,0.00041240278654069724,0.01,False,1.0972538304991073,1.0929663515520984,-0.04622994141168757
black_litterman_100bp,Black-Litterman sentiment (1% annual view scale),black_litterman,2021-09-28,False,-0.013132110537932474,0.0,0.0,-0.013132110537932474,0.01,False,1.082844571908823,1.0786133966092755,-0.05875495524883967
black_litterman_100bp,Black-Litterman sentiment (1% annual view scale),black_litterman,2021-09-29,False,0.003264282762723516,0.0,0.0,0.003264282762723516,0.01,False,1.086379282779614,1.08213429572747,-0.05568246527375931
black_litterman_100bp,Black-Litterman sentiment (1% annual view scale),black_litterman,2021-09-30,False,-0.011075587895349669,0.0,0.0,-0.011075587895349669,0.01,False,1.0743469935455014,1.070149022220568,-0.06614133713073977
black_litterman_100bp,Black-Litterman sentiment (1% annual view scale),black_litterman,2021-10-01,True,0.009566136086054054,0.30947428959397805,0.00030947428959397804,0.009256661796460076,0.01,False,1.0846243430894007,1.0800550297910763,-0.0574969233228646
black_litterman_100bp,Black-Litterman sentiment (1% annual view scale),black_litterman,2021-10-04,False,-0.005971695345946611,0.0,0.0,-0.005971695345946611,0.01,False,1.0781472969476733,1.0736052701963066,-0.06312526455939782
black_litterman_100bp,Black-Litterman sentiment (1% annual view scale),black_litterman,2021-10-05,False,0.006180596704631622,0.0,0.0,0.006180596704631622,0.01,False,1.0848108905782956,1.080240791391357,-0.05733481965688114
black_litterman_100bp,Black-Litterman sentiment (1% annual view scale),black_litterman,2021-10-06,False,0.0010267324703108894,0.0,0.0,0.0010267324703108894,0.01,False,1.0859247011437991,1.0813499096876327,-0.056366954707591455
black_litterman_100bp,Black-Litterman sentiment (1% annual view scale),black_litterman,2021-10-07,False,0.009330574963463564,0.0,0.0,0.009330574963463564,0.01,False,1.096057002972498,1.0914395260817076,-0.04756231584048931
black_litterman_100bp,Black-Litterman sentiment (1% annual view scale),black_litterman,2021-10-08,False,-0.0031063139108500684,0.0,0.0,-0.0031063139108500684,0.01,False,1.09265230585708,1.0880491722989885,-0.050520886268011767
black_litterman_100bp,Black-Litterman sentiment (1% annual view scale),black_litterman,2021-10-11,False,-0.008014383422494695,0.0,0.0,-0.008014383422494695,0.01,False,1.0838953713304684,1.0793291290496563,-0.05813037593711046
black_litterman_100bp,Black-Litterman sentiment (1% annual view scale),black_litterman,2021-10-12,False,-1.2297852957633216e-05,0.0,0.0,-1.2297852957633216e-05,0.01,False,1.0838820417445703,1.0793158556187343,-0.0581419589112524
black_litterman_100bp,Black-Litterman sentiment (1% annual view scale),black_litterman,2021-10-13,False,0.0038273760143192176,0.0,0.0,0.0038273760143192176,0.01,False,1.0880304658734947,1.083446803236404,-0.05453711403589567
black_litterman_100bp,Black-Litterman sentiment (1% annual view scale),black_litterman,2021-10-14,False,0.015327411684278092,0.0,0.0,0.015327411684278092,0.01,False,1.1047071567489746,1.1000532384276234,-0.04004561515051808
black_litterman_100bp,Black-Litterman sentiment (1% annual view scale),black_litterman,2021-10-15,False,0.002797063248986096,0.0,0.0,0.002797063248986096,0.01,False,1.107797092538009,1.1031301569127574,-0.03736056201995264
black_litterman_100bp,Black-Litterman sentiment (1% annual view scale),black_litterman,2021-10-18,False,0.00256590582714331,0.0,0.0,0.00256590582714331,0.01,False,1.1106395955530446,1.1059606850104773,-0.034890519876601744
black_litterman_100bp,Black-Litterman sentiment (1% annual view scale),black_litterman,2021-10-19,False,0.007665533502464073,0.0,0.0,0.007665533502464073,0.01,False,1.1191532405819196,1.1144384636938331,-0.02749244082317015
black_litterman_100bp,Black-Litterman sentiment (1% annual view scale),black_litterman,2021-10-20,False,0.007929377210800462,0.0,0.0,0.007929377210800462,0.01,False,1.1280274287831833,1.1232752666506864,-0.019781061546102263
black_litterman_100bp,Black-Litterman sentiment (1% annual view scale),black_litterman,2021-10-21,False,0.003739977482983406,0.0,0.0,0.003739977482983406,0.01,False,1.13224622596702,1.127476290855152,-0.01611506478789093
black_litterman_100bp,Black-Litterman sentiment (1% annual view scale),black_litterman,2021-10-22,False,-6.99461506536742e-05,0.0,0.0,-6.99461506536742e-05,0.01,False,1.1321670297019215,1.1273974282286534,-0.016183883751795247
black_litterman_100bp,Black-Litterman sentiment (1% annual view scale),black_litterman,2021-10-25,False,0.00744335556774398,0.0,0.0,0.00744335556774398,0.01,False,1.1405941514660696,1.1357890481531194,-0.00886099058528289
black_litterman_100bp,Black-Litterman sentiment (1% annual view scale),black_litterman,2021-10-26,False,0.005292745294405965,0.0,0.0,0.005292745294405965,0.01,False,1.1466310257940686,1.1418004902931698,-0.003615144257100855
black_litterman_100bp,Black-Litterman sentiment (1% annual view scale),black_litterman,2021-10-27,False,-0.014284275407077295,0.0,0.0,-0.014284275407077295,0.01,False,1.1302522324313264,1.1254906976298862,-0.017847779947973486
black_litterman_100bp,Black-Litterman sentiment (1% annual view scale),black_litterman,2021-10-28,False,0.00870356527787999,0.0,0.0,0.00870356527787999,0.01,False,1.140089456516762,1.1352864793863546,-0.009299553987935805
black_litterman_100bp,Black-Litterman sentiment (1% annual view scale),black_litterman,2021-10-29,False,-0.0033925647811813755,0.0,0.0,-0.0033925647811813755,0.01,False,1.1362216291791871,1.1314349464598372,-0.012660569429776891
black_litterman_100bp,Black-Litterman sentiment (1% annual view scale),black_litterman,2021-11-01,True,0.007069616369665527,0.4121699927817146,0.00041216999278171463,0.006657446376883812,0.01,False,1.1442542802084004,1.138967413944826,-0.006087410114972602
black_litterman_100bp,Black-Litterman sentiment (1% annual view scale),black_litterman,2021-11-02,False,0.00267538325007135,0.0,0.0,0.00267538325007135,0.01,False,1.1473155989434924,1.1420145882864712,-0.0034283130199591616
black_litterman_100bp,Black-Litterman sentiment (1% annual view scale),black_litterman,2021-11-03,False,0.0032814958083693525,0.0,0.0,0.0032814958083693525,0.01,False,1.1510805102723023,1.1457621043710298,-0.0001580672063946631
black_litterman_100bp,Black-Litterman sentiment (1% annual view scale),black_litterman,2021-11-04,False,0.004412022985899449,0.0,0.0,0.004412022985899449,0.01,False,1.1561591039422445,1.1508172331118873,0.0
black_litterman_100bp,Black-Litterman sentiment (1% annual view scale),black_litterman,2021-11-05,False,0.0008050611486483592,0.0,0.0,0.0008050611486483592,0.01,False,1.1570898827184846,1.1517437113554607,0.0
black_litterman_100bp,Black-Litterman sentiment (1% annual view scale),black_litterman,2021-11-08,False,0.0016188420998765997,0.0,0.0,0.0016188420998765997,0.01,False,1.1589630285339705,1.1536082025636711,0.0
black_litterman_100bp,Black-Litterman sentiment (1% annual view scale),black_litterman,2021-11-09,False,0.0003928780680854334,0.0,0.0,0.0003928780680854334,0.01,False,1.1594183596896035,1.154061429925622,0.0
black_litterman_100bp,Black-Litterman sentiment (1% annual view scale),black_litterman,2021-11-10,False,-0.006686681971961357,0.0,0.0,-0.006686681971961357,0.01,False,1.1516656978459061,1.1463445881676024,-0.006686681971961317
black_litterman_100bp,Black-Litterman sentiment (1% annual view scale),black_litterman,2021-11-11,False,0.0037420937717029044,0.0,0.0,0.0037420937717029044,0.01,False,1.1559753388808993,1.15063431711121,-0.002969610391218902
black_litterman_100bp,Black-Litterman sentiment (1% annual view scale),black_litterman,2021-11-12,False,0.0023633426765474162,0.0,0.0,0.0023633426765474162,0.01,False,1.1587073047323129,1.1533536602979388,-0.0006132859216417819
black_litterman_100bp,Black-Litterman sentiment (1% annual view scale),black_litterman,2021-11-15,False,-0.004591039687042714,0.0,0.0,-0.004591039687042714,0.01,False,1.1533876335106206,1.148058567870315,-0.005201509988678743
black_litterman_100bp,Black-Litterman sentiment (1% annual view scale),black_litterman,2021-11-16,False,-0.00033180889774017,0.0,0.0,-0.00033180889774017,0.01,False,1.1530049292312783,1.1476776318223687,-0.00553159297912309
black_litterman_100bp,Black-Litterman sentiment (1% annual view scale),black_litterman,2021-11-17,False,-0.005487438209108215,0.0,0.0,-0.005487438209108215,0.01,False,1.1466778859273243,1.1413798217337678,-0.010988676913560425
black_litterman_100bp,Black-Litterman sentiment (1% annual view scale),black_litterman,2021-11-18,False,-0.0028876887711254758,0.0,0.0,-0.0028876887711254758,0.01,False,1.1433666370720341,1.138083872038958,-0.01384463380575296
black_litterman_100bp,Black-Litterman sentiment (1% annual view scale),black_litterman,2021-11-19,False,-0.010177795622545508,0.0,0.0,-0.010177795622545508,0.01,False,1.1317296851182779,1.1265006869880303,-0.0238815215749546
black_litterman_100bp,Black-Litterman sentiment (1% annual view scale),black_litterman,2021-11-22,False,-0.0019840226069209196,0.0,0.0,-0.0019840226069209196,0.01,False,1.1294843078380798,1.124265684158334,-0.025818162703183156
black_litterman_100bp,Black-Litterman sentiment (1% annual view scale),black_litterman,2021-11-23,False,0.008226142743880525,0.0,0.0,0.008226142743880525,0.01,False,1.138775606981329,1.1335140541582671,-0.017804403851083728
black_litterman_100bp,Black-Litterman sentiment (1% annual view scale),black_litterman,2021-11-24,False,0.0015312191107583583,0.0,0.0,0.0015312191107583583,0.01,False,1.1405193219536043,1.1352497125403074,-0.016300447183757782
black_litterman_100bp,Black-Litterman sentiment (1% annual view scale),black_litterman,2021-11-26,False,-0.016923753161069484,0.0,0.0,-0.016923753161069484,0.01,False,1.121217454473431,1.1160370266291,-0.032948335600274437
black_litterman_100bp,Black-Litterman sentiment (1% annual view scale),black_litterman,2021-11-29,False,0.007737569214634867,0.0,0.0,0.007737569214634867,0.01,False,1.129892952132076,1.124672440368738,-0.025465706412853617
black_litterman_100bp,Black-Litterman sentiment (1% annual view scale),black_litterman,2021-11-30,False,-0.024344310344266748,0.0,0.0,-0.024344310344266748,0.01,False,1.102386487449573,1.0972930654447577,-0.049190071697069904
black_litterman_100bp,Black-Litterman sentiment (1% annual view scale),black_litterman,2021-12-01,True,-0.012005023388526874,0.5899626669060477,0.0005899626669060477,-0.012594986055432921,0.01,False,1.089152311884545,1.0834726745867578,-0.06116550948541244
black_litterman_100bp,Black-Litterman sentiment (1% annual view scale),black_litterman,2021-12-02,False,0.019654494980008323,0.0,0.0,0.019654494980008323,0.01,False,1.1105590505309444,1.1047677828303994,-0.04271319170453469
black_litterman_100bp,Black-Litterman sentiment (1% annual view scale),black_litterman,2021-12-03,False,0.003877302980443603,0.0,0.0,0.003877302980443603,0.01,False,1.1148650244475267,1.1090513022474657,-0.03900150070959141
black_litterman_100bp,Black-Litterman sentiment (1% annual view scale),black_litterman,2021-12-06,False,0.014032812605419184,0.0,0.0,0.014032812605419184,0.01,False,1.130509716415935,1.1246144113417005,-0.025515988854960092
black_litterman_100bp,Black-Litterman sentiment (1% annual view scale),black_litterman,2021-12-07,False,0.010192699427669165,0.0,0.0,0.010192699427669165,0.01,False,1.142032662155422,1.1360772680085314,-0.015583366232289508
black_litterman_100bp,Black-Litterman sentiment (1% annual view scale),black_litterman,2021-12-08,False,-0.0013731692185325447,0.0,0.0,-0.0013731692185325447,0.01,False,1.1404644580571914,1.1345172416742275,-0.016935136851990662
black_litterman_100bp,Black-Litterman sentiment (1% annual view scale),black_litterman,2021-12-09,False,-0.001893670608463845,0.0,0.0,-0.001893670608463845,0.01,False,1.138304794032971,1.1323688397188736,-0.01879673788954761
black_litterman_100bp,Black-Litterman sentiment (1% annual view scale),black_litterman,2021-12-10,False,0.006250415890742905,0.0,0.0,0.006250415890742905,0.01,False,1.1454196724061034,1.1394466159088343,-0.012663809428003825
black_litterman_100bp,Black-Litterman sentiment (1% annual view scale),black_litterman,2021-12-13,False,-0.0021980074338101034,0.0,0.0,-0.0021980074338101034,0.01,False,1.1429020314513225,1.136942103776637,-0.014833981714550859
black_litterman_100bp,Black-Litterman sentiment (1% annual view scale),black_litterman,2021-12-14,False,0.00010613123795189926,0.0,0.0,0.00010613123795189926,0.01,False,1.1430233290587783,1.1370627688495905,-0.014729424825442039
black_litterman_100bp,Black-Litterman sentiment (1% annual view scale),black_litterman,2021-12-15,False,0.005869985120324394,0.0,0.0,0.005869985120324394,0.01,False,1.1497328589925369,1.1437373103836124,-0.008945901209673868
black_litterman_100bp,Black-Litterman sentiment (1% annual view scale),black_litterman,2021-12-16,False,0.005663093458553929,0.0,0.0,0.005663093458553929,0.01,False,1.156243903625382,1.1502144016643499,-0.0033334692257414034
black_litterman_100bp,Black-Litterman sentiment (1% annual view scale),black_litterman,2021-12-17,False,-0.015983571865306426,0.0,0.0,-0.015983571865306426,0.01,False,1.1377629960979632,1.1318298671148372,-0.01926376034611743
black_litterman_100bp,Black-Litterman sentiment (1% annual view scale),black_litterman,2021-12-20,False,-0.007594833839685447,0.0,0.0,-0.007594833839685447,0.01,False,1.1291218751936565,1.1232338073393069,-0.026712289126846533
black_litterman_100bp,Black-Litterman sentiment (1% annual view scale),black_litterman,2021-12-21,False,0.014614958349877756,0.0,0.0,0.014614958349877756,0.01,False,1.1456239443715477,1.1396498226507454,-0.012487729769987577
black_litterman_100bp,Black-Litterman sentiment (1% annual view scale),black_litterman,2021-12-22,False,0.004958366417537562,0.0,0.0,0.004958366417537562,0.01,False,1.1513043676644465,1.1453006240591297,-0.0075912820923725866
black_litterman_100bp,Black-Litterman sentiment (1% annual view scale),black_litterman,2021-12-23,False,0.004374845592238551,0.0,0.0,0.004374845592238551,0.01,False,1.1563411465026483,1.1503111374460828,-0.003249647187135385
black_litterman_100bp,Black-Litterman sentiment (1% annual view scale),black_litterman,2021-12-27,False,0.008307151496579351,0.0,0.0,0.008307151496579351,0.01,False,1.165947047588374,1.15986694633305,0.0
black_litterman_100bp,Black-Litterman sentiment (1% annual view scale),black_litterman,2021-12-28,False,0.003827492694983739,0.0,0.0,0.003827492694983739,0.01,False,1.1704097013957564,1.1643063285972928,0.0
black_litterman_100bp,Black-Litterman sentiment (1% annual view scale),black_litterman,2021-12-29,False,0.0022459214739373877,0.0,0.0,0.0022459214739373877,0.01,False,1.173038349677426,1.1669212691829307,0.0
black_litterman_100bp,Black-Litterman sentiment (1% annual view scale),black_litterman,2021-12-30,False,-0.0002898834707266751,0.0,0.0,-0.0002898834707266751,0.01,False,1.172698305249326,1.1665829979953553,-0.00028988347072667064
black_litterman_100bp,Black-Litterman sentiment (1% annual view scale),black_litterman,2021-12-31,False,-0.0008326285304244745,0.0,0.0,-0.0008326285304244745,0.01,False,1.1717218831827951,1.1656116677081163,-0.0011222706359027557
black_litterman_100bp,Black-Litterman sentiment (1% annual view scale),black_litterman,2022-01-03,True,0.008667474548676212,0.5329867684996158,0.0005329867684996158,0.008134487780176596,0.01,False,1.1818777527834088,1.1750933215755193,0.0
black_litterman_100bp,Black-Litterman sentiment (1% annual view scale),black_litterman,2022-01-04,False,0.004781534505558412,0.0,0.0,0.004781534505558412,0.01,False,1.1875289420396944,1.180712070839884,0.0
black_litterman_100bp,Black-Litterman sentiment (1% annual view scale),black_litterman,2022-01-05,False,-0.011185841334534178,0.0,0.0,-0.011185841334534178,0.01,False,1.174245431713871,1.1675048129536998,-0.011185841334534152
black_litterman_100bp,Black-Litterman sentiment (1% annual view scale),black_litterman,2022-01-06,False,0.0022997616130398008,0.0,0.0,0.0022997616130398008,0.01,False,1.176945916282014,1.17018979570557,-0.008911804490004949
black_litterman_100bp,Black-Litterman sentiment (1% annual view scale),black_litterman,2022-01-07,False,0.001321731245382088,0.0,0.0,0.001321731245382088,0.01,False,1.1785015224736888,1.1717364721215815,-0.00760185225506993
black_litterman_100bp,Black-Litterman sentiment (1% annual view scale),black_litterman,2022-01-10,False,0.0024337132850469827,0.0,0.0,0.0024337132850469827,0.01,False,1.1813696572853811,1.1745881427403577,-0.00518663969884714
black_litterman_100bp,Black-Litterman sentiment (1% annual view scale),black_litterman,2022-01-11,False,0.008507730219991261,0.0,0.0,0.008507730219991261,0.01,False,1.1914204316196486,1.184581221778393,0.0
black_litterman_100bp,Black-Litterman sentiment (1% annual view scale),black_litterman,2022-01-12,False,-0.000621297029620715,0.0,0.0,-0.000621297029620715,0.01,False,1.1906802056444539,1.1838452449839578,-0.0006212970296206599
black_litterman_100bp,Black-Litterman sentiment (1% annual view scale),black_litterman,2022-01-13,False,-0.007462350255790465,0.0,0.0,-0.007462350255790465,0.01,False,1.1817949329072983,1.1750109771172355,-0.008079010949363141
black_litterman_100bp,Black-Litterman sentiment (1% annual view scale),black_litterman,2022-01-14,False,0.0029057083877068314,0.0,0.0,0.0029057083877068314,0.01,False,1.1852288843563965,1.1784252163690927,-0.005196777811536157
black_litterman_100bp,Black-Litterman sentiment (1% annual view scale),black_litterman,2022-01-18,False,-0.015538707029827814,0.0,0.0,-0.015538707029827814,0.01,False,1.1668119599590927,1.160114012175372,-0.020654733633451494
black_litterman_100bp,Black-Litterman sentiment (1% annual view scale),black_litterman,2022-01-19,False,-0.009562741194315291,0.0,0.0,-0.009562741194315291,0.01,False,1.1556540391635721,1.14902014212104,-0.03001995895559262
black_litterman_100bp,Black-Litterman sentiment (1% annual view scale),black_litterman,2022-01-20,False,-0.010409355368068514,0.0,0.0,-0.010409355368068514,0.01,False,1.1436244255873746,1.1370595831366335,-0.04011682590275756
black_litterman_100bp,Black-Litterman sentiment (1% annual view scale),black_litterman,2022-01-21,False,-0.011379619648162392,0.0,0.0,-0.011379619648162392,0.01,False,1.1306104146038423,1.1241202775632406,-0.051039931330654875
black_litterman_100bp,Black-Litterman sentiment (1% annual view scale),black_litterman,2022-01-24,False,-0.00024692444535071804,0.0,0.0,-0.00024692444535071804,0.01,False,1.1303312392543086,1.123842704787196,-0.051274252769271
black_litterman_100bp,Black-Litterman sentiment (1% annual view scale),black_litterman,2022-01-25,False,-0.001992130517764128,0.0,0.0,-0.001992130517764128,0.01,False,1.1280794718974079,1.1216038634378227,-0.053164238283317955
black_litterman_100bp,Black-Litterman sentiment (1% annual view scale),black_litterman,2022-01-26,False,-0.0032113107823127803,0.0,0.0,-0.0032113107823127803,0.01,False,1.1244568581259982,1.1180020448576813,-0.056204822173997915
black_litterman_100bp,Black-Litterman sentiment (1% annual view scale),black_litterman,2022-01-27,False,-0.00475294775751364,0.0,0.0,-0.00475294775751364,0.01,False,1.1191123734237474,1.1126882395456792,-0.06069063134799835
black_litterman_100bp,Black-Litterman sentiment (1% annual view scale),black_litterman,2022-01-28,False,0.02059673460018847,0.0,0.0,0.02059673460018847,0.01,False,1.1421624339669434,1.1356059839083525,-0.04134392557440236
black_litterman_100bp,Black-Litterman sentiment (1% annual view scale),black_litterman,2022-01-31,False,0.011790331048805183,0.0,0.0,0.011790331048805183,0.01,False,1.1556289071749228,1.1489951543996362,-0.03004105309497651
black_litterman_100bp,Black-Litterman sentiment (1% annual view scale),black_litterman,2022-02-01,True,0.0057650680207478044,0.48257047015514754,0.00048257047015514754,0.005282497550592657,0.01,False,1.1622911864315286,1.155064718488395,-0.024917247333775316
black_litterman_100bp,Black-Litterman sentiment (1% annual view scale),black_litterman,2022-02-02,False,0.012138132811024641,0.0,0.0,0.012138132811024641,0.01,False,1.1763992312175178,1.169085047446736,-0.013081563380173189
black_litterman_100bp,Black-Litterman sentiment (1% annual view scale),black_litterman,2022-02-03,False,-0.010774835479036507,0.0,0.0,-0.010774835479036507,0.01,False,1.163723723043484,1.1564883483994959,-0.02371544716597973
black_litterman_100bp,Black-Litterman sentiment (1% annual view scale),black_litterman,2022-02-04,False,-0.006157637875087538,0.0,0.0,-0.006157637875087538,0.01,False,1.1565579337703336,1.1493671119432938,-0.029727053905373335
black_litterman_100bp,Black-Litterman sentiment (1% annual view scale),black_litterman,2022-02-07,False,0.0012814159375069078,0.0,0.0,0.0012814159375069078,0.01,False,1.158039965539317,1.1508399292785843,-0.02848373068851584
black_litterman_100bp,Black-Litterman sentiment (1% annual view scale),black_litterman,2022-02-08,False,-0.0008669805340807987,0.0,0.0,-0.0008669805340807987,0.01,False,1.1570359674315067,1.1498421734620567,-0.029326016382551723
black_litterman_100bp,Black-Litterman sentiment (1% annual view scale),black_litterman,2022-02-09,False,0.011929260435407544,0.0,0.0,0.011929260435407544,0.01,False,1.1708385508201309,1.1635589402089006,-0.0177465936341048
black_litterman_100bp,Black-Litterman sentiment (1% annual view scale),black_litterman,2022-02-10,False,-0.021797234227832196,0.0,0.0,-0.021797234227832196,0.01,False,1.145317508684929,1.138196573451279,-0.03915700120374832
black_litterman_100bp,Black-Litterman sentiment (1% annual view scale),black_litterman,2022-02-11,False,-0.008323207514344146,0.0,0.0,-0.008323207514344146,0.01,False,1.1357847933903327,1.1287231271783285,-0.04715429687143424
black_litterman_100bp,Black-Litterman sentiment (1% annual view scale),black_litterman,2022-02-14,False,-0.009154788337292639,0.0,0.0,-0.009154788337292639,0.01,False,1.1253869240101284,1.118389905857604,-0.05587739760167498
black_litterman_100bp,Black-Litterman sentiment (1% annual view scale),black_litterman,2022-02-15,False,0.001792960202162163,0.0,0.0,0.001792960202162163,0.01,False,1.1274046979769123,1.1203951344493066,-0.05418462334961294
black_litterman_100bp,Black-Litterman sentiment (1% annual view scale),black_litterman,2022-02-16,False,-0.0015736427324339825,0.0,0.0,-0.0015736427324339825,0.01,False,1.125630565767429,1.118632032788526,-0.05567299884330312
black_litterman_100bp,Black-Litterman sentiment (1% annual view scale),black_litterman,2022-02-17,False,-0.014701611189921415,0.0,0.0,-0.014701611189921415,0.01,False,1.109081982846025,1.1021863395778777,-0.06955612725045335
black_litterman_100bp,Black-Litterman sentiment (1% annual view scale),black_litterman,2022-02-18,False,-0.007894220466983317,0.0,0.0,-0.007894220466983317,0.01,False,1.1003266451574796,1.0934854376175527,-0.07690125631409195
black_litterman_100bp,Black-Litterman sentiment (1% annual view scale),black_litterman,2022-02-22,False,-0.0032956280693387865,0.0,0.0,-0.0032956280693387865,0.01,False,1.096700377780257,1.0898817163159271,-0.07994344644455453
black_litterman_100bp,Black-Litterman sentiment (1% annual view scale),black_litterman,2022-02-23,False,-0.00612055491142374,0.0,0.0,-0.00612055491142374,0.01,False,1.089987962896674,1.0832110354242588,-0.08557470310220594
black_litterman_100bp,Black-Litterman sentiment (1% annual view scale),black_litterman,2022-02-24,False,0.002843939736317618,0.0,0.0,0.002843939736317618,0.01,False,1.0930878229764638,1.0862916223307195,-0.0829741326644643
black_litterman_100bp,Black-Litterman sentiment (1% annual view scale),black_litterman,2022-02-25,False,0.024975264802204203,0.0,0.0,0.024975264802204203,0.01,False,1.1203879808073658,1.1134220432508453,-0.060071168797288244
black_litterman_100bp,Black-Litterman sentiment (1% annual view scale),black_litterman,2022-02-28,False,-0.010060149462782933,0.0,0.0,-0.010060149462782933,0.01,False,1.1091167102641382,1.1022208510805847,-0.06952699332356638
black_litterman_100bp,Black-Litterman sentiment (1% annual view scale),black_litterman,2022-03-01,True,-0.011433850383381503,0.7598415624027527,0.0007598415624027527,-0.012193691945784256,0.01,False,1.0964352357412697,1.0887807095662878,-0.08087289453084656
black_litterman_100bp,Black-Litterman sentiment (1% annual view scale),black_litterman,2022-03-02,False,0.014999458628077654,0.0,0.0,0.014999458628077654,0.01,False,1.1128811706981374,1.1051118307744765,-0.06708648553841712
black_litterman_100bp,Black-Litterman sentiment (1% annual view scale),black_litterman,2022-03-03,False,-0.002330455193471091,0.0,0.0,-0.002330455193471091,0.01,False,1.1102876509941677,1.1025364171690817,-0.06926059868325352
black_litterman_100bp,Black-Litterman sentiment (1% annual view scale),black_litterman,2022-03-04,False,0.0002806022003310621,0.0,0.0,0.0002806022003310621,0.01,False,1.110599200152037,1.1028457913136844,-0.06899943115930929
black_litterman_100bp,Black-Litterman sentiment (1% annual view scale),black_litterman,2022-03-07,False,-0.021409719587458017,0.0,0.0,-0.021409719587458017,0.01,False,1.0868215827027268,1.0792341721734502,-0.08893189227395237
black_litterman_100bp,Black-Litterman sentiment (1% annual view scale),black_litterman,2022-03-08,False,-0.014466109650579182,0.0,0.0,-0.014466109650579182,0.01,False,1.0710995025167331,1.063621852300137,-0.10211150341946296
black_litterman_100bp,Black-Litterman sentiment (1% annual view scale),black_litterman,2022-03-09,False,0.014238396859495845,0.0,0.0,0.014238396859495845,0.01,False,1.086350242309575,1.0787661223416185,-0.08932701066957316
black_litterman_100bp,Black-Litterman sentiment (1% annual view scale),black_litterman,2022-03-10,False,-0.0006882813055448864,0.0,0.0,-0.0006882813055448864,0.01,False,1.085602527746519,1.0780236277865556,-0.08995380986359403
black_litterman_100bp,Black-Litterman sentiment (1% annual view scale),black_litterman,2022-03-11,False,-0.013810765666840667,0.0,0.0,-0.013810765666840667,0.01,False,1.070609525628482,1.063135296079878,-0.10252224454156922
black_litterman_100bp,Black-Litterman sentiment (1% annual view scale),black_litterman,2022-03-14,False,-0.014352008291212333,0.0,0.0,-0.014352008291212333,0.01,False,1.0552441288400112,1.047877169495859,-0.11540285272908712
black_litterman_100bp,Black-Litterman sentiment (1% annual view scale),black_litterman,2022-03-15,False,0.016170433171249332,0.0,0.0,0.016170433171249332,0.01,False,1.0723078835047717,1.0648217972368699,-0.10109853367566501
black_litterman_100bp,Black-Litterman sentiment (1% annual view scale),black_litterman,2022-03-16,False,0.017734817560659515,0.0,0.0,0.017734817560659515,0.01,False,1.0913250681875857,1.0837062175454792,-0.08515668016539368
black_litterman_100bp,Black-Litterman sentiment (1% annual view scale),black_litterman,2022-03-17,False,0.012087634675781497,0.0,0.0,0.012087634675781497,0.01,False,1.1045166069243595,1.0968056623990419,-0.07409838832965387
black_litterman_100bp,Black-Litterman sentiment (1% annual view scale),black_litterman,2022-03-18,False,0.007312720712068793,0.0,0.0,0.007312720712068793,0.01,False,1.1125936283926394,1.1048262958835817,-0.06732752843665424
black_litterman_100bp,Black-Litterman sentiment (1% annual view scale),black_litterman,2022-03-21,False,-0.0020113917550947883,0.0,0.0,-0.0020113917550947883,0.01,False,1.1103557667417194,1.1026040573812295,-0.06920349815616067
black_litterman_100bp,Black-Litterman sentiment (1% annual view scale),black_litterman,2022-03-22,False,0.006396846568933112,0.0,0.0,0.006396846568933112,0.01,False,1.1174585422184962,1.1096572463625802,-0.06324933574696612
black_litterman_100bp,Black-Litterman sentiment (1% annual view scale),black_litterman,2022-03-23,False,-0.010524321570389523,0.0,0.0,-0.010524321570389523,0.01,False,1.10569804917861,1.0979788566689475,-0.07310800096884096
black_litterman_100bp,Black-Litterman sentiment (1% annual view scale),black_litterman,2022-03-24,False,0.008891796109113958,0.0,0.0,0.008891796109113958,0.01,False,1.115529690790151,1.1077418607945657,-0.06486626629828696
black_litterman_100bp,Black-Litterman sentiment (1% annual view scale),black_litterman,2022-03-25,False,0.008321352089554335,0.0,0.0,0.008321352089554335,0.01,False,1.1248124061135676,1.1169597708425756,-0.057084689249335296
black_litterman_100bp,Black-Litterman sentiment (1% annual view scale),black_litterman,2022-03-28,False,0.0036993360114634024,0.0,0.0,0.0036993360114634024,0.01,False,1.1289734651536443,1.1210917803462095,-0.05359652868451514
black_litterman_100bp,Black-Litterman sentiment (1% annual view scale),black_litterman,2022-03-29,False,0.013617835254721855,0.0,0.0,0.013617835254721855,0.01,False,1.144347639809059,1.136358623516387,-0.040708562127643955
black_litterman_100bp,Black-Litterman sentiment (1% annual view scale),black_litterman,2022-03-30,False,-0.00031171866598287735,0.0,0.0,-0.00031171866598287735,0.01,False,1.1439909252893572,1.1360043993221862,-0.041007591174946456
black_litterman_100bp,Black-Litterman sentiment (1% annual view scale),black_litterman,2022-03-31,False,-0.01282951374039239,0.0,0.0,-0.01282951374039239,0.01,False,1.129314077994473,1.121430015271936,-0.0533109974608994
black_litterman_100bp,Black-Litterman sentiment (1% annual view scale),black_litterman,2022-04-01,True,0.0037277693397045537,0.6797791976092316,0.0006797791976092315,0.003047990142095322,0.01,False,1.1335239003893176,1.1248481229035348,-0.05042549871353019
black_litterman_100bp,Black-Litterman sentiment (1% annual view scale),black_litterman,2022-04-04,False,-4.5622249275920155e-05,0.0,0.0,-4.5622249275920155e-05,0.01,False,1.1334721864793738,1.124796804802074,-0.05046882043813394
black_litterman_100bp,Black-Litterman sentiment (1% annual view scale),black_litterman,2022-04-05,False,-0.008097091003729608,0.0,0.0,-0.008097091003729608,0.01,False,1.1242943590352539,1.1156892227128874,-0.058157260809925115
black_litterman_100bp,Black-Litterman sentiment (1% annual view scale),black_litterman,2022-04-06,False,0.003607968889084313,0.0,0.0,0.003607968889084313,0.01,False,1.1283507781048259,1.119714594718322,-0.05475912150851747
black_litterman_100bp,Black-Litterman sentiment (1% annual view scale),black_litterman,2022-04-07,False,4.441787163062902e-05,0.0,0.0,4.441787163062902e-05,0.01,False,1.128400897044842,1.1197643300574531,-0.054717135920516635
black_litterman_100bp,Black-Litterman sentiment (1% annual view scale),black_litterman,2022-04-08,False,2.4342201766027773e-05,0.0,0.0,2.4342201766027773e-05,0.01,False,1.128428364807151,1.1197915875867057,-0.05469412565431331
black_litterman_100bp,Black-Litterman sentiment (1% annual view scale),black_litterman,2022-04-11,False,-0.009367248107042304,0.0,0.0,-0.009367248107042304,0.01,False,1.1178580963429783,1.1093022219576023,-0.06354904031635378
black_litterman_100bp,Black-Litterman sentiment (1% annual view scale),black_litterman,2022-04-12,False,0.00020645795883657888,0.0,0.0,0.00020645795883657888,0.01,False,1.1180888870438181,1.1095312462300806,-0.06335570256266698
black_litterman_100bp,Black-Litterman sentiment (1% annual view scale),black_litterman,2022-04-13,False,0.005863708753300364,0.0,0.0,0.005863708753300364,0.01,False,1.124645034637745,1.1160372143106603,-0.05786349319705475
black_litterman_100bp,Black-Litterman sentiment (1% annual view scale),black_litterman,2022-04-14,False,0.001111549662798533,0.0,0.0,0.001111549662798533,0.01,False,1.1258951334467646,1.1172777450998979,-0.056816261680607716
black_litterman_100bp,Black-Litterman sentiment (1% annual view scale),black_litterman,2022-04-18,False,-0.002357538140674574,0.0,0.0,-0.002357538140674574,0.01,False,1.123240792727264,1.114643720202098,-0.059039853317359725
black_litterman_100bp,Black-Litterman sentiment (1% annual view scale),black_litterman,2022-04-19,False,0.009532150000038122,0.0,0.0,0.009532150000038122,0.01,False,1.133947692449702,1.125268671339665,-0.050070480055122935
black_litterman_100bp,Black-Litterman sentiment (1% annual view scale),black_litterman,2022-04-20,False,-0.0005216128796893143,0.0,0.0,-0.0005216128796893143,0.01,False,1.1333562107284263,1.1246817167075833,-0.05056597552752318
black_litterman_100bp,Black-Litterman sentiment (1% annual view scale),black_litterman,2022-04-21,False,-0.012100776205419054,0.0,0.0,-0.012100776205419054,0.01,False,1.1196417208613798,1.1110721949513784,-0.06205486417947492
black_litterman_100bp,Black-Litterman sentiment (1% annual view scale),black_litterman,2022-04-22,False,-0.02377769235773279,0.0,0.0,-0.02377769235773279,0.01,False,1.0930192244718555,1.0846534621125936,-0.0843570350674473
black_litterman_100bp,Black-Litterman sentiment (1% annual view scale),black_litterman,2022-04-25,False,2.0114053000846934e-05,0.0,0.0,2.0114053000846934e-05,0.01,False,1.0930412095184676,1.0846752788898182,-0.08433861777632068
black_litterman_100bp,Black-Litterman sentiment (1% annual view scale),black_litterman,2022-04-26,False,-0.02536512895380058,0.0,0.0,-0.02536512895380058,0.01,False,1.0653160782872135,1.0571623505677783,-0.10756448681443964
black_litterman_100bp,Black-Litterman sentiment (1% annual view scale),black_litterman,2022-04-27,False,-0.0022460886291677954,0.0,0.0,-0.0022460886291677954,0.01,False,1.062923283957303,1.0547878702329838,-0.1095689760728712
black_litterman_100bp,Black-Litterman sentiment (1% annual view scale),black_litterman,2022-04-28,False,0.009645247699790247,0.0,0.0,0.009645247699790247,0.01,False,1.0731754423169457,1.064961560512115,-0.10098054828751635
black_litterman_100bp,Black-Litterman sentiment (1% annual view scale),black_litterman,2022-04-29,False,-0.03184829003605055,0.0,0.0,-0.03184829003605055,0.01,False,1.0389966395704688,1.03104435585568,-0.12961278053370673
black_litterman_100bp,Black-Litterman sentiment (1% annual view scale),black_litterman,2022-05-02,True,-0.0028895658137558502,0.37389669587000696,0.000373896695870007,-0.003263462509625857,0.01,False,1.0359943904001587,1.0276795812545838,-0.13245325659329232
black_litterman_100bp,Black-Litterman sentiment (1% annual view scale),black_litterman,2022-05-03,False,0.008102292897543342,0.0,0.0,0.008102292897543342,0.01,False,1.0443883203913926,1.0360061422267333,-0.1254241387759012
black_litterman_100bp,Black-Litterman sentiment (1% annual view scale),black_litterman,2022-05-04,False,0.02551531436249526,0.0,0.0,0.02551531436249526,0.01,False,1.0710362167026974,1.0624401646271244,-0.10310906074291826
black_litterman_100bp,Black-Litterman sentiment (1% annual view scale),black_litterman,2022-05-05,False,-0.02113994379910889,0.0,0.0,-0.02113994379910889,0.01,False,1.0483945712747922,1.039980239256991,-0.12206928479274293
black_litterman_100bp,Black-Litterman sentiment (1% annual view scale),black_litterman,2022-05-06,False,-0.0033472079918897284,0.0,0.0,-0.0033472079918897284,0.01,False,1.0448853765871675,1.0364992090887426,-0.1250079014990102
black_litterman_100bp,Black-Litterman sentiment (1% annual view scale),black_litterman,2022-05-09,False,-0.02463720605131592,0.0,0.0,-0.02463720605131592,0.01,False,1.0191423202641827,1.0109627645023973,-0.14656526212305232
black_litterman_100bp,Black-Litterman sentiment (1% annual view scale),black_litterman,2022-05-10,False,-0.009731290660964117,0.0,0.0,-0.009731290660964117,0.01,False,1.0092247501208025,1.0011247919936126,-0.15487028361749666
black_litterman_100bp,Black-Litterman sentiment (1% annual view scale),black_litterman,2022-05-11,False,-0.0031108155297587215,0.0,0.0,-0.0031108155297587215,0.01,False,1.00608523809511,0.9980104774434524,-0.15749932626387997
black_litterman_100bp,Black-Litterman sentiment (1% annual view scale),black_litterman,2022-05-12,False,0.0037470415937138463,0.0,0.0,0.0037470415937138463,0.01,False,1.0098550813290736,1.0017500642133952,-0.15434244119665885
black_litterman_100bp,Black-Litterman sentiment (1% annual view scale),black_litterman,2022-05-13,False,0.01092333960447805,0.0,0.0,0.01092333960447805,0.01,False,1.0208860713337389,1.012692520363606,-0.14510503649275597
black_litterman_100bp,Black-Litterman sentiment (1% annual view scale),black_litterman,2022-05-16,False,0.002600175912748249,0.0,0.0,0.002600175912748249,0.01,False,1.0235405547060812,1.0153256990620758,-0.14288215920071456
black_litterman_100bp,Black-Litterman sentiment (1% annual view scale),black_litterman,2022-05-17,False,0.017535548134512885,0.0,0.0,0.017535548134512885,0.01,False,1.0414888993707558,1.0331299917301868,-0.12785212804642887
black_litterman_100bp,Black-Litterman sentiment (1% annual view scale),black_litterman,2022-05-18,False,-0.021525157830449018,0.0,0.0,-0.021525157830449018,0.01,False,1.0190706864331396,1.010891705598824,-0.14662524864171977
black_litterman_100bp,Black-Litterman sentiment (1% annual view scale),black_litterman,2022-05-19,False,-0.0009969313941931254,0.0,0.0,-0.0009969313941931254,0.01,False,1.0180547428729325,1.009883915921383,-0.14747600472236067
black_litterman_100bp,Black-Litterman sentiment (1% annual view scale),black_litterman,2022-05-20,False,-0.0016777814216691156,0.0,0.0,-0.0016777814216691156,0.01,False,1.0163466695390981,1.0081895514492076,-0.14890635364316462
black_litterman_100bp,Black-Litterman sentiment (1% annual view scale),black_litterman,2022-05-23,False,0.013918308453531097,0.0,0.0,0.013918308453531097,0.01,False,1.0304924959814623,1.0222218446059048,-0.13706056975032976
black_litterman_100bp,Black-Litterman sentiment (1% annual view scale),black_litterman,2022-05-24,False,0.006866352463172892,0.0,0.0,0.006866352463172892,0.01,False,1.0375682206695258,1.0292407800865238,-0.13113532346786583
black_litterman_100bp,Black-Litterman sentiment (1% annual view scale),black_litterman,2022-05-25,False,0.004398399691793148,0.0,0.0,0.004398399691793148,0.01,False,1.042131860411533,1.0337677924164372,-0.12731370934239694
black_litterman_100bp,Black-Litterman sentiment (1% annual view scale),black_litterman,2022-05-26,False,0.009859227438655187,0.0,0.0,0.009859227438655187,0.01,False,1.0524064754443991,1.0439599442006273,-0.11870969672020737
black_litterman_100bp,Black-Litterman sentiment (1% annual view scale),black_litterman,2022-05-27,False,0.01659660270240597,0.0,0.0,0.01659660270240597,0.01,False,1.0698728475987893,1.061286132631751,-0.1040832716911898
black_litterman_100bp,Black-Litterman sentiment (1% annual view scale),black_litterman,2022-05-31,False,-0.0068533702567278015,0.0,0.0,-0.0068533702567278015,0.01,False,1.062540612846575,1.054012745816495,-0.11022332074948626
black_litterman_100bp,Black-Litterman sentiment (1% annual view scale),black_litterman,2022-06-01,True,-0.006620159959463006,0.5529492115747036,0.0005529492115747036,-0.00717310917103771,0.01,False,1.055506424026105,1.046452197323088,-0.11660578600759364
black_litterman_100bp,Black-Litterman sentiment (1% annual view scale),black_litterman,2022-06-02,False,0.006512469176840576,0.0,0.0,0.006512469176840576,0.01,False,1.062380377078532,1.0532671850031916,-0.11085270841796879
black_litterman_100bp,Black-Litterman sentiment (1% annual view scale),black_litterman,2022-06-03,False,-0.004526392750617501,0.0,0.0,-0.004526392750617501,0.01,False,1.0575716262413255,1.0484996840525298,-0.11487733827281699
black_litterman_100bp,Black-Litterman sentiment (1% annual view scale),black_litterman,2022-06-06,False,-0.0045544140192585935,0.0,0.0,-0.0045544140192585935,0.01,False,1.052755007200402,1.0437243823922928,-0.11890855333215067
black_litterman_100bp,Black-Litterman sentiment (1% annual view scale),black_litterman,2022-06-07,False,0.009494234910863045,0.0,0.0,0.009494234910863045,0.01,False,1.06275011054235,1.0536337468609207,-0.11054326415953397
black_litterman_100bp,Black-Litterman sentiment (1% annual view scale),black_litterman,2022-06-08,False,-0.011397443872003924,0.0,0.0,-0.011397443872003924,0.01,False,1.0506374758074777,1.0416250153694242,-0.12068079738285142
black_litterman_100bp,Black-Litterman sentiment (1% annual view scale),black_litterman,2022-06-09,False,-0.021232711257447686,0.0,0.0,-0.021232711257447686,0.01,False,1.028329593647404,1.0195084921795508,-0.1393511281151505
black_litterman_100bp,Black-Litterman sentiment (1% annual view scale),black_litterman,2022-06-10,False,-0.019180156857219834,0.0,0.0,-0.019180156857219834,0.01,False,1.0086060707403255,0.9999541593822793,-0.1558585084768912
black_litterman_100bp,Black-Litterman sentiment (1% annual view scale),black_litterman,2022-06-13,False,-0.03342258892808418,0.0,0.0,-0.03342258892808418,0.01,False,0.9748958446476015,0.9665331025663174,-0.1840719025452079
black_litterman_100bp,Black-Litterman sentiment (1% annual view scale),black_litterman,2022-06-14,False,-0.006439953059167745,0.0,0.0,-0.006439953059167745,0.01,False,0.9686175611704932,0.9603086747556585,-0.18932644119247288
black_litterman_100bp,Black-Litterman sentiment (1% annual view scale),black_litterman,2022-06-15,False,0.007346137529728997,0.0,0.0,0.007346137529728997,0.01,False,0.9757331589885624,0.9673632343514054,-0.18337112173775794
black_litterman_100bp,Black-Litterman sentiment (1% annual view scale),black_litterman,2022-06-16,False,-0.022184236476182895,0.0,0.0,-0.022184236476182895,0.01,False,0.9540872638519072,0.9459030196021887,-0.20148740988640745
black_litterman_100bp,Black-Litterman sentiment (1% annual view scale),black_litterman,2022-06-17,False,-0.002957663367937294,0.0,0.0,-0.002957663367937294,0.01,False,0.9512653949017968,0.94310535689149,-0.20384914132302312
black_litterman_100bp,Black-Litterman sentiment (1% annual view scale),black_litterman,2022-06-21,False,0.026291072618050387,0.0,0.0,0.026291072618050387,0.01,False,0.9762751824781983,0.9679006083159964,-0.18291748128262364
black_litterman_100bp,Black-Litterman sentiment (1% annual view scale),black_litterman,2022-06-22,False,0.005308484511564029,0.0,0.0,0.005308484511564029,0.01,False,0.9814577241634083,0.9730386937039753,-0.1785800113873427
black_litterman_100bp,Black-Litterman sentiment (1% annual view scale),black_litterman,2022-06-23,False,0.006824965674618147,0.0,0.0,0.006824965674618147,0.01,False,0.9881561394419124,0.9796796493885803,-0.172973848160616
black_litterman_100bp,Black-Litterman sentiment (1% annual view scale),black_litterman,2022-06-24,False,0.021117370023617923,0.0,0.0,0.021117370023617923,0.01,False,1.009023398279617,1.0003679070493274,-0.15550923089301472
black_litterman_100bp,Black-Litterman sentiment (1% annual view scale),black_litterman,2022-06-27,False,0.0012305628776281645,0.0,0.0,0.0012305628776281645,0.01,False,1.0102650650161982,1.0015989226597128,-0.1544700319020521
black_litterman_100bp,Black-Litterman sentiment (1% annual view scale),black_litterman,2022-06-28,False,-0.010426630529151543,0.0,0.0,-0.010426630529151543,0.01,False,0.9997314044467651,0.9911556207547438,-0.16328606048073468
black_litterman_100bp,Black-Litterman sentiment (1% annual view scale),black_litterman,2022-06-29,False,-0.0006817179308797655,0.0,0.0,-0.0006817179308797655,0.01,False,0.9990498696222901,0.990479932195783,-0.1638564633763221
black_litterman_100bp,Black-Litterman sentiment (1% annual view scale),black_litterman,2022-06-30,False,-0.0069330061409232585,0.0,0.0,-0.0069330061409232585,0.01,False,0.9921234507411102,0.9836129287434083,-0.16965345165042733
black_litterman_100bp,Black-Litterman sentiment (1% annual view scale),black_litterman,2022-07-01,True,0.014781423897192843,0.6711885934389475,0.0006711885934389476,0.014110235303753896,0.01,False,1.0067884480248603,0.9974919386157923,-0.15793706646955497
black_litterman_100bp,Black-Litterman sentiment (1% annual view scale),black_litterman,2022-07-05,False,-0.004738036778199919,0.0,0.0,-0.004738036778199919,0.01,False,1.0020182473302517,0.9927657851246727,-0.16192679161818124
black_litterman_100bp,Black-Litterman sentiment (1% annual view scale),black_litterman,2022-07-06,False,-0.0001614050604127063,0.0,0.0,-0.0001614050604127063,0.01,False,1.0018565165145066,0.992605547703149,-0.1620620608750103
black_litterman_100bp,Black-Litterman sentiment (1% annual view scale),black_litterman,2022-07-07,False,0.007586246674403215,0.0,0.0,0.007586246674403215,0.01,False,1.009456847181144,1.0001356982384062,-0.15570525697096715
black_litterman_100bp,Black-Litterman sentiment (1% annual view scale),black_litterman,2022-07-08,False,-0.003599576603159024,0.0,0.0,-0.003599576603159024,0.01,False,1.0058232299321321,0.9965356331790431,-0.15874436057414454
black_litterman_100bp,Black-Litterman sentiment (1% annual view scale),black_litterman,2022-07-11,False,-0.006149259337375599,0.0,0.0,-0.006149259337375599,0.01,False,0.9996381620437227,0.9904076771316893,-0.16391745967000393
black_litterman_100bp,Black-Litterman sentiment (1% annual view scale),black_litterman,2022-07-12,False,-0.0008182692632380311,0.0,0.0,-0.0008182692632380311,0.01,False,0.9988201888613626,0.9895972569714174,-0.16460160031428606
black_litterman_100bp,Black-Litterman sentiment (1% annual view scale),black_litterman,2022-07-13,False,-0.004696581663246444,0.0,0.0,-0.004696581663246444,0.01,False,0.9941291482774759,0.9849495326403265,-0.16852511711975537
black_litterman_100bp,Black-Litterman sentiment (1% annual view scale),black_litterman,2022-07-14,False,-0.0029309445700604975,0.0,0.0,-0.0029309445700604975,0.01,False,0.9912154108483932,0.9820627001558507,-0.1709621239128749
black_litterman_100bp,Black-Litterman sentiment (1% annual view scale),black_litterman,2022-07-15,False,0.015654661892028826,0.0,0.0,0.015654661892028826,0.01,False,1.0067325529673932,0.9974365596835635,-0.15798381626704527
black_litterman_100bp,Black-Litterman sentiment (1% annual view scale),black_litterman,2022-07-18,False,-0.0063774323430972595,0.0,0.0,-0.0063774323430972595,0.01,False,1.00031218422325,0.9910754755076499,-0.16335371751059513
black_litterman_100bp,Black-Litterman sentiment (1% annual view scale),black_litterman,2022-07-19,False,0.023677016273563035,0.0,0.0,0.023677016273563035,0.01,False,1.0239965920877474,1.0145411856695739,-0.14354442986487737
black_litterman_100bp,Black-Litterman sentiment (1% annual view scale),black_litterman,2022-07-20,False,0.00026093993356635044,0.0,0.0,0.00026093993356635044,0.01,False,1.0242637936904588,1.0148059199791626,-0.1433209464053039
black_litterman_100bp,Black-Litterman sentiment (1% annual view scale),black_litterman,2022-07-21,False,0.003756445028727276,0.0,0.0,0.003756445028727276,0.01,False,1.0281113843263727,1.0186179826323913,-0.14010287863321336
black_litterman_100bp,Black-Litterman sentiment (1% annual view scale),black_litterman,2022-07-22,False,-0.00229057303071006,0.0,0.0,-0.00229057303071006,0.01,False,1.0257564201168687,1.0162847637527774,-0.14207253578860113
black_litterman_100bp,Black-Litterman sentiment (1% annual view scale),black_litterman,2022-07-25,False,0.0008998146506492305,0.0,0.0,0.0008998146506492305,0.01,False,1.0266794107716872,1.0171992316724336,-0.14130056008710956
black_litterman_100bp,Black-Litterman sentiment (1% annual view scale),black_litterman,2022-07-26,False,-0.0028163211978782755,0.0,0.0,-0.0028163211978782755,0.01,False,1.0237879517837059,1.0143344719138092,-0.14371893352234233
black_litterman_100bp,Black-Litterman sentiment (1% annual view scale),black_litterman,2022-07-27,False,0.009049252878147188,0.0,0.0,0.009049252878147188,0.01,False,1.0330524678529969,1.0235134410531792,-0.13597022961701632
black_litterman_100bp,Black-Litterman sentiment (1% annual view scale),black_litterman,2022-07-28,False,0.012609607127660497,0.0,0.0,0.012609607127660497,0.01,False,1.0460788536148833,1.0364195434347396,-0.1250751536658843
black_litterman_100bp,Black-Litterman sentiment (1% annual view scale),black_litterman,2022-07-29,False,0.00836188748408822,0.0,0.0,0.00836188748408822,0.01,False,1.054826047288295,1.045085967043251,-0.11775913054380516
black_litterman_100bp,Black-Litterman sentiment (1% annual view scale),black_litterman,2022-08-01,True,-0.001592037613807536,0.5659607773654172,0.0005659607773654172,-0.002157998391172953,0.01,False,1.0531467245449881,1.0428306732077344,-0.11966300492071857
black_litterman_100bp,Black-Litterman sentiment (1% annual view scale),black_litterman,2022-08-02,False,-0.006065123123960948,0.0,0.0,-0.006065123123960948,0.01,False,1.0467592599930267,1.0365057767772865,-0.12500235718645214
black_litterman_100bp,Black-Litterman sentiment (1% annual view scale),black_litterman,2022-08-03,False,0.004122440610299179,0.0,0.0,0.004122440610299179,0.01,False,1.0510744628756286,1.0407787102842827,-0.12139523136980168
black_litterman_100bp,Black-Litterman sentiment (1% annual view scale),black_litterman,2022-08-04,False,0.00026484570263259543,0.0,0.0,0.00026484570263259543,0.01,False,1.0513528354302681,1.041054356053093,-0.12116253667251753
black_litterman_100bp,Black-Litterman sentiment (1% annual view scale),black_litterman,2022-08-05,False,-0.00019903654463264853,0.0,0.0,-0.00019903654463264853,0.01,False,1.0511435777947145,1.0408471481912893,-0.12133745744451196
black_litterman_100bp,Black-Litterman sentiment (1% annual view scale),black_litterman,2022-08-08,False,-0.00044472742345879127,0.0,0.0,-0.00044472742345879127,0.01,False,1.0506761054196765,1.0403842549208597,-0.12172822277315243
black_litterman_100bp,Black-Litterman sentiment (1% annual view scale),black_litterman,2022-08-09,False,0.004662112386381296,0.0,0.0,0.004662112386381296,0.01,False,1.0555744755048284,1.0452346432423223,-0.11763362104193409
black_litterman_100bp,Black-Litterman sentiment (1% annual view scale),black_litterman,2022-08-10,False,0.011127721744082221,0.0,0.0,0.011127721744082221,0.01,False,1.0673206145484015,1.056865723509598,-0.10781489350055529
black_litterman_100bp,Black-Litterman sentiment (1% annual view scale),black_litterman,2022-08-11,False,0.002402533400081637,0.0,0.0,0.002402533400081637,0.01,False,1.0698848879734497,1.0594048787097312,-0.105671388983135
black_litterman_100bp,Black-Litterman sentiment (1% annual view scale),black_litterman,2022-08-12,False,0.015325489529910745,0.0,0.0,0.015325489529910745,0.01,False,1.0862813976222965,1.0756407770863334,-0.09196536521869647
black_litterman_100bp,Black-Litterman sentiment (1% annual view scale),black_litterman,2022-08-15,False,0.0035220124722128345,0.0,0.0,0.0035220124722128345,0.01,False,1.090107294253055,1.0794291973188521,-0.08876725590979562
black_litterman_100bp,Black-Litterman sentiment (1% annual view scale),black_litterman,2022-08-16,False,-0.00015282685538982983,0.0,0.0,-0.00015282685538982983,0.01,False,1.0899406965832368,1.07926423154901,-0.08890651674460315
black_litterman_100bp,Black-Litterman sentiment (1% annual view scale),black_litterman,2022-08-17,False,-0.005149771083230727,0.0,0.0,-0.005149771083230727,0.01,False,1.084327751501536,1.0737062678182137,-0.09359843961879166
black_litterman_100bp,Black-Litterman sentiment (1% annual view scale),black_litterman,2022-08-18,False,0.0050508498202678585,0.0,0.0,0.0050508498202678585,0.01,False,1.089804528130319,1.0791293969280438,-0.08902034146044979
black_litterman_100bp,Black-Litterman sentiment (1% annual view scale),black_litterman,2022-08-19,False,-0.0039685838483459225,0.0,0.0,-0.0039685838483459225,0.01,False,1.0854795474821268,1.0748467814331197,-0.09263564061950158
black_litterman_100bp,Black-Litterman sentiment (1% annual view scale),black_litterman,2022-08-22,False,-0.016409989304509216,0.0,0.0,-0.016409989304509216,0.01,False,1.0676668397176816,1.057208557245816,-0.1075254800522284
black_litterman_100bp,Black-Litterman sentiment (1% annual view scale),black_litterman,2022-08-23,False,0.0012962140447736292,0.0,0.0,0.0012962140447736292,0.01,False,1.0690507644704628,1.058578925825973,-0.10636864204486951
black_litterman_100bp,Black-Litterman sentiment (1% annual view scale),black_litterman,2022-08-24,False,0.0027194088572887495,0.0,0.0,0.0027194088572887495,0.01,False,1.071957950588255,1.0614576347330034,-0.10393849301489533
black_litterman_100bp,Black-Litterman sentiment (1% annual view scale),black_litterman,2022-08-25,False,0.010513856925943574,0.0,0.0,0.010513856925943574,0.01,False,1.0832283631113675,1.0726176484375365,-0.09451743053360873
black_litterman_100bp,Black-Litterman sentiment (1% annual view scale),black_litterman,2022-08-26,False,-0.024292140028259655,0.0,0.0,-0.024292140028259655,0.01,False,1.0569144280320837,1.0465614703249093,-0.11651353990423463
black_litterman_100bp,Black-Litterman sentiment (1% annual view scale),black_litterman,2022-08-29,False,-0.0009652647246262847,0.0,0.0,-0.0009652647246262847,0.01,False,1.0558942258177557,1.0455512614554516,-0.11736633821885001
black_litterman_100bp,Black-Litterman sentiment (1% annual view scale),black_litterman,2022-08-30,False,-0.016751070348203594,0.0,0.0,-0.016751070348203594,0.01,False,1.0382068673608205,1.0280371587221584,-0.13215139677903853
black_litterman_100bp,Black-Litterman sentiment (1% annual view scale),black_litterman,2022-08-31,False,-0.008299105719098848,0.0,0.0,-0.008299105719098848,0.01,False,1.0295906788102986,1.0195053696587613,-0.1393537640853415
black_litterman_100bp,Black-Litterman sentiment (1% annual view scale),black_litterman,2022-09-01,True,-0.0013269761889195656,0.49237291946588624,0.0004923729194658863,-0.001819349108385452,0.01,False,1.0282244364951838,1.0176505334734784,-0.1409195800472881
black_litterman_100bp,Black-Litterman sentiment (1% annual view scale),black_litterman,2022-09-02,False,-0.009686790296799225,0.0,0.0,-0.009686790296799225,0.01,False,1.0182642420008103,1.007792766160295,-0.14924131192345624
black_litterman_100bp,Black-Litterman sentiment (1% annual view scale),black_litterman,2022-09-06,False,0.0006042566930314673,0.0,0.0,0.0006042566930314673,0.01,False,1.018879534984314,1.008401731684436,-0.14872723529203136
black_litterman_100bp,Black-Litterman sentiment (1% annual view scale),black_litterman,2022-09-07,False,0.014532926344202425,0.0,0.0,0.014532926344202425,0.01,False,1.0336868362198564,1.0230567597763722,-0.13635575090370478
black_litterman_100bp,Black-Litterman sentiment (1% annual view scale),black_litterman,2022-09-08,False,0.002016343062793271,0.0,0.0,0.002016343062793271,0.01,False,1.035771103501169,1.0251195931767911,-0.13461434781331816
black_litterman_100bp,Black-Litterman sentiment (1% annual view scale),black_litterman,2022-09-09,False,0.013579543057643285,0.0,0.0,0.013579543057643285,0.01,False,1.0498364017990258,1.039040248831569,-0.12286280608798239
black_litterman_100bp,Black-Litterman sentiment (1% annual view scale),black_litterman,2022-09-12,False,0.010077694180320871,0.0,0.0,0.010077694180320871,0.01,False,1.060416331995725,1.049511378700338,-0.11402328569355236
black_litterman_100bp,Black-Litterman sentiment (1% annual view scale),black_litterman,2022-09-13,False,-0.034567219370260194,0.0,0.0,-0.034567219370260194,0.01,False,1.0237606880238221,1.0132326886412193,-0.14464903713392563
black_litterman_100bp,Black-Litterman sentiment (1% annual view scale),black_litterman,2022-09-14,False,0.0033062377545269375,0.0,0.0,0.0033062377545269375,0.01,False,1.027145484262167,1.0165826768105257,-0.14182104348712687
black_litterman_100bp,Black-Litterman sentiment (1% annual view scale),black_litterman,2022-09-15,False,-0.018624116738837522,0.0,0.0,-0.018624116738837522,0.01,False,1.0080158068554985,0.9976497223629265,-0.15780386855603645
black_litterman_100bp,Black-Litterman sentiment (1% annual view scale),black_litterman,2022-09-16,False,-0.008582679773482562,0.0,0.0,-0.008582679773482562,0.01,False,0.9993643299786491,0.9890872142697816,-0.16503216825868583
black_litterman_100bp,Black-Litterman sentiment (1% annual view scale),black_litterman,2022-09-19,False,0.005520446407525156,0.0,0.0,0.005520446407525156,0.01,False,1.0048812672038885,0.9945474172285262,-0.1604227730915505
black_litterman_100bp,Black-Litterman sentiment (1% annual view scale),black_litterman,2022-09-20,False,-0.015318516336284692,0.0,0.0,-0.015318516336284692,0.01,False,0.9894879770961993,0.9793124263705013,-0.17328385055752027
black_litterman_100bp,Black-Litterman sentiment (1% annual view scale),black_litterman,2022-09-21,False,-0.015862758268762978,0.0,0.0,-0.015862758268762978,0.01,False,0.9737919685056751,0.9637778300813904,-0.1863978489930087
black_litterman_100bp,Black-Litterman sentiment (1% annual view scale),black_litterman,2022-09-22,False,-0.008396775325246054,0.0,0.0,-0.008396775325246054,0.01,False,0.9656152561326038,0.9556852041787438,-0.19322948345915136
black_litterman_100bp,Black-Litterman sentiment (1% annual view scale),black_litterman,2022-09-23,False,-0.026416983129281146,0.0,0.0,-0.026416983129281146,0.01,False,0.9401066142019724,0.9304388842630503,-0.21454192658381233
black_litterman_100bp,Black-Litterman sentiment (1% annual view scale),black_litterman,2022-09-26,False,-0.019295972168540714,0.0,0.0,-0.019295972168540714,0.01,False,0.92196634313887,0.9124851614477825,-0.2296981037080067
black_litterman_100bp,Black-Litterman sentiment (1% annual view scale),black_litterman,2022-09-27,False,-0.007484587169595695,0.0,0.0,-0.007484587169595695,0.01,False,0.9150658056762139,0.905655586715964,-0.23546349539770894
black_litterman_100bp,Black-Litterman sentiment (1% annual view scale),black_litterman,2022-09-28,False,0.02199708279321565,0.0,0.0,0.02199708279321565,0.01,False,0.9351945839649142,0.9255773676390934,-0.21864592260753668
black_litterman_100bp,Black-Litterman sentiment (1% annual view scale),black_litterman,2022-09-29,False,-0.026165734496231562,0.0,0.0,-0.026165734496231562,0.01,False,0.9107245307785744,0.9013589559817279,-0.23909062594413588
black_litterman_100bp,Black-Litterman sentiment (1% annual view scale),black_litterman,2022-09-30,False,-0.007000583999484597,0.0,0.0,-0.007000583999484597,0.01,False,0.9043489272004679,0.8950489168966901,-0.2444174359332092
black_litterman_100bp,Black-Litterman sentiment (1% annual view scale),black_litterman,2022-10-03,True,0.027661087331729624,0.5440444541716994,0.0005440444541716994,0.027117042877557923,0.01,False,0.929364201854116,0.9193199967536895,-0.22392827114587477
black_litterman_100bp,Black-Litterman sentiment (1% annual view scale),black_litterman,2022-10-04,False,0.025715065206250054,0.0,0.0,0.025715065206250054,0.01,False,0.9532628629051492,0.9429603704156202,-0.2039715360336637
black_litterman_100bp,Black-Litterman sentiment (1% annual view scale),black_litterman,2022-10-05,False,-0.004905982917776085,0.0,0.0,-0.004905982917776085,0.01,False,0.9485861715835862,0.9383342229462214,-0.20787683807994606
black_litterman_100bp,Black-Litterman sentiment (1% annual view scale),black_litterman,2022-10-06,False,-0.014716580368434914,0.0,0.0,-0.014716580368434914,0.01,False,0.9346262269530903,0.9245251519417804,-0.2195341822540413
black_litterman_100bp,Black-Litterman sentiment (1% annual view scale),black_litterman,2022-10-07,False,-0.019025747251445378,0.0,0.0,-0.019025747251445378,0.01,False,0.9168442645845087,0.906935370073332,-0.23438312764086855
black_litterman_100bp,Black-Litterman sentiment (1% annual view scale),black_litterman,2022-10-10,False,-0.0035668735824124667,0.0,0.0,-0.0035668735824124667,0.01,False,0.9135739969979758,0.903700446260862,-0.23711398623713553
black_litterman_100bp,Black-Litterman sentiment (1% annual view scale),black_litterman,2022-10-11,False,-0.0010120241749371848,0.0,0.0,-0.0010120241749371848,0.01,False,0.9126494380274198,0.9027858795623445,-0.23788604532578506
black_litterman_100bp,Black-Litterman sentiment (1% annual view scale),black_litterman,2022-10-12,False,-0.005878339699504838,0.0,0.0,-0.005878339699504838,0.01,False,0.9072845746041325,0.8974789974863607,-0.24236601004109315
black_litterman_100bp,Black-Litterman sentiment (1% annual view scale),black_litterman,2022-10-13,False,0.027926191033240393,0.0,0.0,0.027926191033240393,0.01,False,0.9326215769560398,0.9225421674184859,-0.22120817850422447
black_litterman_100bp,Black-Litterman sentiment (1% annual view scale),black_litterman,2022-10-14,False,-0.01563998217960851,0.0,0.0,-0.01563998217960851,0.01,False,0.9180353921121289,0.9081136243601234,-0.23338846871404328
black_litterman_100bp,Black-Litterman sentiment (1% annual view scale),black_litterman,2022-10-17,False,0.01840689854913536,0.0,0.0,0.01840689854913536,0.01,False,0.9349335764392527,0.9248291797148079,-0.21927752803106526
black_litterman_100bp,Black-Litterman sentiment (1% annual view scale),black_litterman,2022-10-18,False,0.01226773444750016,0.0,0.0,0.01226773444750016,0.01,False,0.9464030932810611,0.9361747385008486,-0.20969983206775444
black_litterman_100bp,Black-Litterman sentiment (1% annual view scale),black_litterman,2022-10-19,False,-0.009412799147671841,0.0,0.0,-0.009412799147671841,0.01,False,0.9374947910512712,0.927362713720216,-0.21713876881487204
black_litterman_100bp,Black-Litterman sentiment (1% annual view scale),black_litterman,2022-10-20,False,-0.005810622436561979,0.0,0.0,-0.005810622436561979,0.01,False,0.9320473627842287,0.9219741591290423,-0.22168767984951077
black_litterman_100bp,Black-Litterman sentiment (1% annual view scale),black_litterman,2022-10-21,False,0.022744617132525513,0.0,0.0,0.022744617132525513,0.01,False,0.953246423200136,0.9429441083845145,-0.20398526411816031
black_litterman_100bp,Black-Litterman sentiment (1% annual view scale),black_litterman,2022-10-24,False,0.0075116213440150625,0.0,0.0,0.0075116213440150625,0.01,False,0.960406849378752,0.9500271474752687,-0.19800590283795994
black_litterman_100bp,Black-Litterman sentiment (1% annual view scale),black_litterman,2022-10-25,False,0.015143219982624538,0.0,0.0,0.015143219982624538,0.01,False,0.9749505015717137,0.9644136175589519,-0.1858611297998688
black_litterman_100bp,Black-Litterman sentiment (1% annual view scale),black_litterman,2022-10-26,False,0.009067178850337518,0.0,0.0,0.009067178850337518,0.01,False,0.9837905521396908,0.97315812831506,-0.17847918705475252
black_litterman_100bp,Black-Litterman sentiment (1% annual view scale),black_litterman,2022-10-27,False,0.0008157221909912537,0.0,0.0,0.0008157221909912537,0.01,False,0.9845930519243586,0.9739519549956701,-0.1778090542972719
black_litterman_100bp,Black-Litterman sentiment (1% annual view scale),black_litterman,2022-10-28,False,0.021227312090262622,0.0,0.0,0.021227312090262622,0.01,False,1.0054933159194612,0.9946263371052846,-0.16035615049505192
black_litterman_100bp,Black-Litterman sentiment (1% annual view scale),black_litterman,2022-10-31,False,-0.005105609929930669,0.0,0.0,-0.005105609929930669,0.01,False,1.0003596592612238,0.9895481630019892,-0.16464304447068967
black_litterman_100bp,Black-Litterman sentiment (1% annual view scale),black_litterman,2022-11-01,True,0.003186977075407512,0.509412082604107,0.000509412082604107,0.002677564992803405,0.01,False,1.003547782562452,0.9921977425219364,-0.16240632193006943
black_litterman_100bp,Black-Litterman sentiment (1% annual view scale),black_litterman,2022-11-02,False,-0.011380842468579924,0.0,0.0,-0.011380842468579924,0.01,False,0.992126563339416,0.9809056963166136,-0.17193884363286172
black_litterman_100bp,Black-Litterman sentiment (1% annual view scale),black_litterman,2022-11-03,False,-0.0025226579521522336,0.0,0.0,-0.0025226579521522336,0.01,False,0.9896237673748663,0.9784312067614891,-0.17402775869383968
black_litterman_100bp,Black-Litterman sentiment (1% annual view scale),black_litterman,2022-11-04,False,0.011521448614874866,0.0,0.0,0.011521448614874866,0.01,False,1.0010256667587347,0.9897041516333817,-0.16451136195831773
black_litterman_100bp,Black-Litterman sentiment (1% annual view scale),black_litterman,2022-11-07,False,-0.005176839034311064,0.0,0.0,-0.005176839034311064,0.01,False,0.9958435180127108,0.9845806125487863,-0.1688365521524553
black_litterman_100bp,Black-Litterman sentiment (1% annual view scale),black_litterman,2022-11-08,False,0.0049456997578100435,0.0,0.0,0.0049456997578100435,0.01,False,1.000768661058563,0.9894500526458133,-0.16472586728973504
black_litterman_100bp,Black-Litterman sentiment (1% annual view scale),black_litterman,2022-11-09,False,-0.016840641591266643,0.0,0.0,-0.016840641591266643,0.01,False,0.9839150747219041,0.9727870789367453,-0.1787924195891647
black_litterman_100bp,Black-Litterman sentiment (1% annual view scale),black_litterman,2022-11-10,False,0.046131354463877346,0.0,0.0,0.046131354463877346,0.01,False,1.0293044097962525,1.017663064493056,-0.14090900160880948
black_litterman_100bp,Black-Litterman sentiment (1% annual view scale),black_litterman,2022-11-11,False,0.0035243740029270035,0.0,0.0,0.0035243740029270035,0.01,False,1.0329320634992365,1.0212496897412944,-0.13788124362793097
black_litterman_100bp,Black-Litterman sentiment (1% annual view scale),black_litterman,2022-11-14,False,-0.01175099677564632,0.0,0.0,-0.01175099677564632,0.01,False,1.0207940821515953,1.0092489879300146,-0.14801199835428336
black_litterman_100bp,Black-Litterman sentiment (1% annual view scale),black_litterman,2022-11-15,False,0.009528188790313325,0.0,0.0,0.009528188790313325,0.01,False,1.0305204008823703,1.0188653028234445,-0.13989409582752121
black_litterman_100bp,Black-Litterman sentiment (1% annual view scale),black_litterman,2022-11-16,False,-0.004378657893966579,0.0,0.0,-0.004378657893966579,0.01,False,1.0260081045941531,1.014404040222348,-0.1436602053344732
black_litterman_100bp,Black-Litterman sentiment (1% annual view scale),black_litterman,2022-11-17,False,-0.006929304554231855,0.0,0.0,-0.006929304554231855,0.01,False,1.01889858196231,1.007374925686604,-0.14959404457361902
black_litterman_100bp,Black-Litterman sentiment (1% annual view scale),black_litterman,2022-11-18,False,0.00868044908294378,0.0,0.0,0.00868044908294378,0.01,False,1.0277430792237174,1.0161193924364609,-0.14221213897770824
black_litterman_100bp,Black-Litterman sentiment (1% annual view scale),black_litterman,2022-11-21,False,0.0008140033434513145,0.0,0.0,0.0008140033434513145,0.01,False,1.0285796655264146,1.01694651701925,-0.141513896790864
black_litterman_100bp,Black-Litterman sentiment (1% annual view scale),black_litterman,2022-11-22,False,0.013586459716675985,0.0,0.0,0.013586459716675985,0.01,False,1.0425544217174811,1.030763219906746,-0.12985010993228685
black_litterman_100bp,Black-Litterman sentiment (1% annual view scale),black_litterman,2022-11-23,False,0.006779879620974379,0.0,0.0,0.006779879620974379,0.01,False,1.0496228151950402,1.0377516704554417,-0.12395059842542366
black_litterman_100bp,Black-Litterman sentiment (1% annual view scale),black_litterman,2022-11-25,False,0.0024964610913350816,0.0,0.0,0.0024964610913350816,0.01,False,1.0522431577137523,1.0403423771232019,-0.12176357518030523
black_litterman_100bp,Black-Litterman sentiment (1% annual view scale),black_litterman,2022-11-28,False,-0.014764279127541594,0.0,0.0,-0.014764279127541594,0.01,False,1.0367075460232207,1.0249824718791447,-0.13473010289631748
black_litterman_100bp,Black-Litterman sentiment (1% annual view scale),black_litterman,2022-11-29,False,-0.00031107214017000984,0.0,0.0,-0.00031107214017000984,0.01,False,1.0363850551881488,1.0246636283879804,-0.13499926425503428
black_litterman_100bp,Black-Litterman sentiment (1% annual view scale),black_litterman,2022-11-30,False,0.02368869331326636,0.0,0.0,0.02368869331326636,0.01,False,1.0609356629149533,1.048936570830122,-0.11450852711022208
black_litterman_100bp,Black-Litterman sentiment (1% annual view scale),black_litterman,2022-12-01,True,0.0012147824652301064,0.6441283917508178,0.0006441283917508179,0.0005706540734792885,0.01,False,1.0622244689549998,1.0495351507570876,-0.11400321779418632
black_litterman_100bp,Black-Litterman sentiment (1% annual view scale),black_litterman,2022-12-02,False,0.004909968102628991,0.0,0.0,0.004909968102628991,0.01,False,1.067439957215401,1.0546883348698928,-0.10965300185452387
black_litterman_100bp,Black-Litterman sentiment (1% annual view scale),black_litterman,2022-12-05,False,-0.01442880389232578,0.0,0.0,-0.01442880389232578,0.01,False,1.0520380754059073,1.0394704437185314,-0.12249964408688596
black_litterman_100bp,Black-Litterman sentiment (1% annual view scale),black_litterman,2022-12-06,False,-0.007272556601042248,0.0,0.0,-0.007272556601042248,0.01,False,1.0443870689560664,1.031910836081478,-0.12888131509269873
black_litterman_100bp,Black-Litterman sentiment (1% annual view scale),black_litterman,2022-12-07,False,0.0007810295927330747,0.0,0.0,0.0007810295927330747,0.01,False,1.0452027661631889,1.0327167889815194,-0.12820094562100348
black_litterman_100bp,Black-Litterman sentiment (1% annual view scale),black_litterman,2022-12-08,False,0.0071897715141460055,0.0,0.0,0.0071897715141460055,0.01,False,1.0527175352378555,1.040141786733119,-0.12193290961377001
black_litterman_100bp,Black-Litterman sentiment (1% annual view scale),black_litterman,2022-12-09,False,-0.014022794127712537,0.0,0.0,-0.014022794127712537,0.01,False,1.037955493966582,1.0255560925941294,-0.13424586365257574
black_litterman_100bp,Black-Litterman sentiment (1% annual view scale),black_litterman,2022-12-12,False,0.013564553246836121,0.0,0.0,0.013564553246836121,0.01,False,1.0520348965323378,1.0394673028197396,-0.12250229557142245
black_litterman_100bp,Black-Litterman sentiment (1% annual view scale),black_litterman,2022-12-13,False,0.008786976422504934,0.0,0.0,0.008786976422504934,0.01,False,1.06127910236382,1.0486010775015815,-0.11479174393180636
black_litterman_100bp,Black-Litterman sentiment (1% annual view scale),black_litterman,2022-12-14,False,-0.006229484769833352,0.0,0.0,-0.006229484769833352,0.01,False,1.054667880359102,1.0420688330596546,-0.12030613528111389
black_litterman_100bp,Black-Litterman sentiment (1% annual view scale),black_litterman,2022-12-15,False,-0.023608094309226932,0.0,0.0,-0.023608094309226932,0.01,False,1.029769181574672,1.0174675737720762,-0.1410740310026457
black_litterman_100bp,Black-Litterman sentiment (1% annual view scale),black_litterman,2022-12-16,False,-0.007993471549952166,0.0,0.0,-0.007993471549952166,0.01,False,1.0215377509187373,1.0093344756681304,-0.14793983129934096
black_litterman_100bp,Black-Litterman sentiment (1% annual view scale),black_litterman,2022-12-19,False,-0.0052891691646348785,0.0,0.0,-0.0052891691646348785,0.01,False,1.0161346649460674,1.0039959348826237,-0.15244652167004602
black_litterman_100bp,Black-Litterman sentiment (1% annual view scale),black_litterman,2022-12-20,False,0.003963713429340032,0.0,0.0,0.003963713429340032,0.01,False,1.020162331563532,1.0079754870527207,-0.14908706256590576
black_litterman_100bp,Black-Litterman sentiment (1% annual view scale),black_litterman,2022-12-21,False,0.016470057564731085,0.0,0.0,0.016470057564731085,0.01,False,1.0369644638897537,1.024576901348317,-0.1350724775037917
black_litterman_100bp,Black-Litterman sentiment (1% annual view scale),black_litterman,2022-12-22,False,-0.007300945974689886,0.0,0.0,-0.007300945974689886,0.01,False,1.0293936423612213,1.0170965207446578,-0.14138726661755885
black_litterman_100bp,Black-Litterman sentiment (1% annual view scale),black_litterman,2022-12-23,False,0.0063248229428358015,0.0,0.0,0.0063248229428358015,0.01,False,1.0359043748876369,1.0235294761541422,-0.1359566931024505
black_litterman_100bp,Black-Litterman sentiment (1% annual view scale),black_litterman,2022-12-27,False,0.00226076112085669,0.0,0.0,0.00226076112085669,0.01,False,1.0382463072233081,1.0258434317998824,-0.13400329758748009
black_litterman_100bp,Black-Litterman sentiment (1% annual view scale),black_litterman,2022-12-28,False,-0.013263759134584743,0.0,0.0,-0.013263759134584743,0.01,False,1.024475258281926,1.012236891610693,-0.14548966925962437
black_litterman_100bp,Black-Litterman sentiment (1% annual view scale),black_litterman,2022-12-29,False,0.010707292759401502,0.0,0.0,0.010707292759401502,0.01,False,1.0354446147971141,1.023075208351035,-0.13634017698245426
black_litterman_100bp,Black-Litterman sentiment (1% annual view scale),black_litterman,2022-12-30,False,-0.002682393158772537,0.0,0.0,-0.002682393158772537,0.01,False,1.0326671452460945,1.0203309184112446,-0.1386568521832231
black_litterman_100bp,Black-Litterman sentiment (1% annual view scale),black_litterman,2023-01-03,True,0.0022939482519658333,0.3906115633119548,0.00039061156331195477,0.0019033366886538785,0.01,False,1.0350360302387944,1.0222729516828246,-0.1370174261684628
black_litterman_100bp,Black-Litterman sentiment (1% annual view scale),black_litterman,2023-01-04,False,0.015893021131930692,0.0,0.0,0.015893021131930692,0.01,False,1.051485879739689,1.0385199573065207,-0.12330202588607042
black_litterman_100bp,Black-Litterman sentiment (1% annual view scale),black_litterman,2023-01-05,False,-0.004423373413091899,0.0,0.0,-0.004423373413091899,0.01,False,1.0468347650550072,1.0339261957384058,-0.12717998839607747
black_litterman_100bp,Black-Litterman sentiment (1% annual view scale),black_litterman,2023-01-06,False,0.022571733048318457,0.0,0.0,0.022571733048318457,0.01,False,1.0704636399175278,1.0572637018202764,-0.10747892809492365
black_litterman_100bp,Black-Litterman sentiment (1% annual view scale),black_litterman,2023-01-09,False,-0.003957406355298925,0.0,0.0,-0.003957406355298925,0.01,False,1.0662273803058018,1.053079679727466,-0.111010996657119
black_litterman_100bp,Black-Litterman sentiment (1% annual view scale),black_litterman,2023-01-10,False,0.00671579078460487,0.0,0.0,0.00671579078460487,0.01,False,1.073387940320753,1.0601519425360344,-0.10504073250085377
black_litterman_100bp,Black-Litterman sentiment (1% annual view scale),black_litterman,2023-01-11,False,0.00869946212002742,0.0,0.0,0.00869946212002742,0.01,False,1.0827258380476674,1.0693746942016,-0.09725506825427754
black_litterman_100bp,Black-Litterman sentiment (1% annual view scale),black_litterman,2023-01-12,False,0.005467370345517119,0.0,0.0,0.005467370345517119,0.01,False,1.0886455011869343,1.0752213616929243,-0.09231942738488508
black_litterman_100bp,Black-Litterman sentiment (1% annual view scale),black_litterman,2023-01-13,False,0.0035644609345162432,0.0,0.0,0.0035644609345162432,0.01,False,1.092525935547452,1.079053946232636,-0.08908403544277921
black_litterman_100bp,Black-Litterman sentiment (1% annual view scale),black_litterman,2023-01-17,False,-0.005079673828096229,0.0,0.0,-0.005079673828096229,0.01,False,1.0869762601461352,1.0735727041428542,-0.09371119142753548
black_litterman_100bp,Black-Litterman sentiment (1% annual view scale),black_litterman,2023-01-18,False,-0.01727039045782346,0.0,0.0,-0.01727039045782346,0.01,False,1.0682037557150268,1.0550316843574459,-0.10936315301913746
black_litterman_100bp,Black-Litterman sentiment (1% annual view scale),black_litterman,2023-01-19,False,-0.005714474508243214,0.0,0.0,-0.005714474508243214,0.01,False,1.0620995325833835,1.0490027326917963,-0.11445267457731167
black_litterman_100bp,Black-Litterman sentiment (1% annual view scale),black_litterman,2023-01-20,False,0.01231945513665604,0.0,0.0,0.01231945513665604,0.01,False,1.075184020125708,1.0619258747954226,-0.10354321403038114
black_litterman_100bp,Black-Litterman sentiment (1% annual view scale),black_litterman,2023-01-23,False,0.0061599200432217675,0.0,0.0,0.0061599200432217675,0.01,False,1.0818070677214322,1.0684672532759907,-0.09802111190660467
black_litterman_100bp,Black-Litterman sentiment (1% annual view scale),black_litterman,2023-01-24,False,-0.0027852612870548255,0.0,0.0,-0.0027852612870548255,0.01,False,1.0787939523756453,1.0654912927989553,-0.10053335878535197
black_litterman_100bp,Black-Litterman sentiment (1% annual view scale),black_litterman,2023-01-25,False,0.001745764137658507,0.0,0.0,0.001745764137658507,0.01,False,1.0806772721696256,1.067351389286911,-0.0989631021800993
black_litterman_100bp,Black-Litterman sentiment (1% annual view scale),black_litterman,2023-01-26,False,0.007928915216805232,0.0,0.0,0.007928915216805232,0.01,False,1.0892458706373869,1.0758143279591061,-0.0918188570100722
black_litterman_100bp,Black-Litterman sentiment (1% annual view scale),black_litterman,2023-01-27,False,-0.001538610227817535,0.0,0.0,-0.001538610227817535,0.01,False,1.0875699458002162,1.0741590690308755,-0.09321619380538759
black_litterman_100bp,Black-Litterman sentiment (1% annual view scale),black_litterman,2023-01-30,False,-0.009556560782456543,0.0,0.0,-0.009556560782456543,0.01,False,1.0771765175080035,1.063893802597655,-0.10188192836583376
black_litterman_100bp,Black-Litterman sentiment (1% annual view scale),black_litterman,2023-01-31,False,0.010846764872528971,0.0,0.0,0.010846764872528971,0.01,False,1.0888603979196223,1.0754336085237726,-0.09214025281504878
black_litterman_100bp,Black-Litterman sentiment (1% annual view scale),black_litterman,2023-02-01,True,0.002298939122819653,0.22139636728538617,0.00022139636728538617,0.002077542755534267,0.01,False,1.0913636216876887,1.077667867826219,-0.09025413537424365
black_litterman_100bp,Black-Litterman sentiment (1% annual view scale),black_litterman,2023-02-02,False,-0.0027389557133726426,0.0,0.0,-0.0027389557133726426,0.01,False,1.0883744250607001,1.0747161832625183,-0.0927458890078775
black_litterman_100bp,Black-Litterman sentiment (1% annual view scale),black_litterman,2023-02-03,False,-0.013715457397280941,0.0,0.0,-0.013715457397280941,0.01,False,1.07344687200149,1.0599759592368128,-0.105189294115698
black_litterman_100bp,Black-Litterman sentiment (1% annual view scale),black_litterman,2023-02-06,False,0.0009236734028847534,0.0,0.0,0.0009236734028847534,0.01,False,1.0744383863265676,1.060955030838057,-0.10436278126605614
black_litterman_100bp,Black-Litterman sentiment (1% annual view scale),black_litterman,2023-02-07,False,0.007019365610615479,0.0,0.0,0.007019365610615479,0.01,False,1.0819802621862735,1.0684022620959313,-0.09807597617328778
black_litterman_100bp,Black-Litterman sentiment (1% annual view scale),black_litterman,2023-02-08,False,-0.010003704115042965,0.0,0.0,-0.010003704115042965,0.01,False,1.0711564517850454,1.057714281990081,-0.1070985572418991
black_litterman_100bp,Black-Litterman sentiment (1% annual view scale),black_litterman,2023-02-09,False,-0.009779714648021461,0.0,0.0,-0.009779714648021461,0.01,False,1.0606808473432006,1.0473701381330813,-0.11583087856087992
black_litterman_100bp,Black-Litterman sentiment (1% annual view scale),black_litterman,2023-02-10,False,0.012515364803248101,0.0,0.0,0.012515364803248101,0.01,False,1.0739556550875191,1.0604783574958452,-0.10476517945830188
black_litterman_100bp,Black-Litterman sentiment (1% annual view scale),black_litterman,2023-02-13,False,0.007146068307657714,0.0,0.0,0.007146068307657714,0.01,False,1.0816302155581696,1.068056608277303,-0.09836777027931731
black_litterman_100bp,Black-Litterman sentiment (1% annual view scale),black_litterman,2023-02-14,False,-0.002775108313769771,0.0,0.0,-0.002775108313769771,0.01,False,1.0786285745545494,1.065092635504096,-0.10086989737597796
black_litterman_100bp,Black-Litterman sentiment (1% annual view scale),black_litterman,2023-02-15,False,0.0003813628728134924,0.0,0.0,0.0003813628728134924,0.01,False,1.0790399234464403,1.0654988222913844,-0.10052700253700808
black_litterman_100bp,Black-Litterman sentiment (1% annual view scale),black_litterman,2023-02-16,False,-0.011695961283182985,0.0,0.0,-0.011695961283182985,0.01,False,1.066419514278802,1.0530367893185872,-0.11104720389060385
black_litterman_100bp,Black-Litterman sentiment (1% annual view scale),black_litterman,2023-02-17,False,0.0017946566501556127,0.0,0.0,0.0017946566501556127,0.01,False,1.0683333711519583,1.0549266287953964,-0.1094518388433916
black_litterman_100bp,Black-Litterman sentiment (1% annual view scale),black_litterman,2023-02-21,False,-0.01573493097629845,0.0,0.0,-0.01573493097629845,0.01,False,1.051523219297206,1.0383274311062418,-0.12346455269026024
black_litterman_100bp,Black-Litterman sentiment (1% annual view scale),black_litterman,2023-02-22,False,-0.00634419637572688,0.0,0.0,-0.00634419637572688,0.01,False,1.044852149500348,1.0317400779809998,-0.12902546569827889
black_litterman_100bp,Black-Litterman sentiment (1% annual view scale),black_litterman,2023-02-23,False,0.0026191017446404526,0.0,0.0,0.0026191017446404526,0.01,False,1.0475887235879957,1.0344423102192553,-0.12674429477595184
black_litterman_100bp,Black-Litterman sentiment (1% annual view scale),black_litterman,2023-02-24,False,-0.005424323972404749,0.0,0.0,-0.005424323972404749,0.01,False,1.0419062629614164,1.0288311599978632,-0.1314811166318378
black_litterman_100bp,Black-Litterman sentiment (1% annual view scale),black_litterman,2023-02-27,False,0.00010040291289654967,0.0,0.0,0.00010040291289654967,0.01,False,1.042010873385183,1.0289344576432058,-0.131393914806042
black_litterman_100bp,Black-Litterman sentiment (1% annual view scale),black_litterman,2023-02-28,False,-0.00752026193351338,0.0,0.0,-0.00752026193351338,0.01,False,1.0341746786797572,1.0211966010093114,-0.13792606008374408
black_litterman_100bp,Black-Litterman sentiment (1% annual view scale),black_litterman,2023-03-01,True,-0.0034666271902755764,0.24910970242800382,0.0002491097024280038,-0.00371573689270358,0.01,False,1.0305895806191514,1.0174021031242377,-0.14112930002652924
black_litterman_100bp,Black-Litterman sentiment (1% annual view scale),black_litterman,2023-03-02,False,0.012421625946516645,0.0,0.0,0.012421625946516645,0.01,False,1.04339117889398,1.0300398914864464,-0.13046072945503584
black_litterman_100bp,Black-Litterman sentiment (1% annual view scale),black_litterman,2023-03-03,False,0.012714760925743208,0.0,0.0,0.012714760925743208,0.01,False,1.0566576482856462,1.043136602450675,-0.11940474551451152
black_litterman_100bp,Black-Litterman sentiment (1% annual view scale),black_litterman,2023-03-06,False,0.00038834150287096205,0.0,0.0,0.00038834150287096205,0.01,False,1.0570679923048016,1.0435416956865704,-0.11906277382996355
black_litterman_100bp,Black-Litterman sentiment (1% annual view scale),black_litterman,2023-03-07,False,-0.016620397500082606,0.0,0.0,-0.016620397500082606,0.01,False,1.0394991020880815,1.0261976178963494,-0.1337043007015296
black_litterman_100bp,Black-Litterman sentiment (1% annual view scale),black_litterman,2023-03-08,False,0.003574973085746856,0.0,0.0,0.003574973085746856,0.01,False,1.0432152834007045,1.0298662467609865,-0.13060731689223937
black_litterman_100bp,Black-Litterman sentiment (1% annual view scale),black_litterman,2023-03-09,False,-0.014707205022002887,0.0,0.0,-0.014707205022002887,0.01,False,1.0278725023456434,1.014719792724632,-0.14339365332733434
black_litterman_100bp,Black-Litterman sentiment (1% annual view scale),black_litterman,2023-03-10,False,-0.013406872374147342,0.0,0.0,-0.013406872374147342,0.01,False,1.0140919468897998,1.0011155739680517,-0.15487806529205927
black_litterman_100bp,Black-Litterman sentiment (1% annual view scale),black_litterman,2023-03-13,False,-0.0002566073373688456,0.0,0.0,-0.0002566073373688456,0.01,False,1.0138317234554612,1.0008586803662172,-0.15509492978147688
black_litterman_100bp,Black-Litterman sentiment (1% annual view scale),black_litterman,2023-03-14,False,0.013563687855113882,0.0,0.0,0.013563687855113882,0.01,False,1.0275830204900234,1.0144340150937858,-0.14363490114182964
black_litterman_100bp,Black-Litterman sentiment (1% annual view scale),black_litterman,2023-03-15,False,-0.0037845893678469756,0.0,0.0,-0.0037845893678469756,0.01,False,1.0236940407160968,1.0105947989058797,-0.14687589138996338
black_litterman_100bp,Black-Litterman sentiment (1% annual view scale),black_litterman,2023-03-16,False,0.011870675446457282,0.0,0.0,0.011870675446457282,0.01,False,1.03584598042991,1.022591241771569,-0.1367487319811056
black_litterman_100bp,Black-Litterman sentiment (1% annual view scale),black_litterman,2023-03-17,False,-0.009325469831940325,0.0,0.0,-0.009325469831940325,0.01,False,1.0261862299888744,1.013055097996022,-0.14479895563839984
black_litterman_100bp,Black-Litterman sentiment (1% annual view scale),black_litterman,2023-03-20,False,0.009593208671614506,0.0,0.0,0.009593208671614506,0.01,False,1.0360306486290949,1.0227735469469406,-0.13659483356365654
black_litterman_100bp,Black-Litterman sentiment (1% annual view scale),black_litterman,2023-03-21,False,0.0019402264713194851,0.0,0.0,0.0019402264713194851,0.01,False,1.0380407827186633,1.0247579592568923,-0.13491963200426282
black_litterman_100bp,Black-Litterman sentiment (1% annual view scale),black_litterman,2023-03-22,False,-0.01746737994747273,0.0,0.0,-0.01746737994747273,0.01,False,1.0199089299659445,1.0068581226283553,-0.15003031947714396
black_litterman_100bp,Black-Litterman sentiment (1% annual view scale),black_litterman,2023-03-23,False,0.0004388481950175463,0.0,0.0,0.0004388481950175463,0.01,False,1.0203565151589422,1.0072999804981095,-0.1496573118170268
black_litterman_100bp,Black-Litterman sentiment (1% annual view scale),black_litterman,2023-03-24,False,0.01171045089482866,0.0,0.0,0.01171045089482866,0.01,False,1.0323053500249295,1.0190959174560945,-0.13969941552328347
black_litterman_100bp,Black-Litterman sentiment (1% annual view scale),black_litterman,2023-03-27,False,0.003872930506979352,0.0,0.0,0.003872930506979352,0.01,False,1.036303396907559,1.0230428051243483,-0.13636753114449152
black_litterman_100bp,Black-Litterman sentiment (1% annual view scale),black_litterman,2023-03-28,False,0.0015939441381594187,0.0,0.0,0.0015939441381594187,0.01,False,1.0379552066324145,1.0246734782066624,-0.13499094923323507
black_litterman_100bp,Black-Litterman sentiment (1% annual view scale),black_litterman,2023-03-29,False,0.014626837697608693,0.0,0.0,0.014626837697608693,0.01,False,1.0531372089772146,1.0396612108654355,-0.12233860224070703
black_litterman_100bp,Black-Litterman sentiment (1% annual view scale),black_litterman,2023-03-30,False,0.004569134270518978,0.0,0.0,0.004569134270518978,0.01,False,1.0579491342903111,1.04441156253373,-0.11832844947029342
black_litterman_100bp,Black-Litterman sentiment (1% annual view scale),black_litterman,2023-03-31,False,0.010212963429861683,0.0,0.0,0.010212963429861683,0.01,False,1.068753930109472,1.055078099627612,-0.109323970167584
black_litterman_100bp,Black-Litterman sentiment (1% annual view scale),black_litterman,2023-04-03,True,0.007241753743583873,0.37284283224153447,0.0003728428322415345,0.006868910911342339,0.01,False,1.0764935828838123,1.0623253370984622,-0.1032059958677971
black_litterman_100bp,Black-Litterman sentiment (1% annual view scale),black_litterman,2023-04-04,False,-0.0009842012482996901,0.0,0.0,-0.0009842012482996901,0.01,False,1.0754340965557514,1.0612797951755895,-0.10408862164613175
black_litterman_100bp,Black-Litterman sentiment (1% annual view scale),black_litterman,2023-04-05,False,0.006697803611481737,0.0,0.0,0.006697803611481737,0.01,False,1.082637142931573,1.0683880388205091,-0.09808798318062562
black_litterman_100bp,Black-Litterman sentiment (1% annual view scale),black_litterman,2023-04-06,False,0.0010140305993210574,0.0,0.0,0.0010140305993210574,0.01,False,1.0837349701224672,1.0694714169838218,-0.09717341679767544
black_litterman_100bp,Black-Litterman sentiment (1% annual view scale),black_litterman,2023-04-10,False,0.001986518285897169,0.0,0.0,0.001986518285897169,0.01,False,1.0858878294576817,1.0715959415099043,-0.09537993528115007
black_litterman_100bp,Black-Litterman sentiment (1% annual view scale),black_litterman,2023-04-11,False,0.0018636929508066905,0.0,0.0,0.0018636929508066905,0.01,False,1.0879115909508088,1.0735930673122094,-0.09369400124337524
black_litterman_100bp,Black-Litterman sentiment (1% annual view scale),black_litterman,2023-04-12,False,-0.001390063720329765,0.0,0.0,-0.001390063720329765,0.01,False,1.0863993245173018,1.072100704538941,-0.09495382433176414
black_litterman_100bp,Black-Litterman sentiment (1% annual view scale),black_litterman,2023-04-13,False,0.006720222949707318,0.0,0.0,0.006720222949707318,0.01,False,1.0937001701904696,1.079305460297981,-0.0888717122514936
black_litterman_100bp,Black-Litterman sentiment (1% annual view scale),black_litterman,2023-04-14,False,-0.004967297845623216,0.0,0.0,-0.004967297845623216,0.01,False,1.0882674356913247,1.0739442286102734,-0.09339755783231318
black_litterman_100bp,Black-Litterman sentiment (1% annual view scale),black_litterman,2023-04-17,False,0.004961979147504821,0.0,0.0,0.004961979147504821,0.01,False,1.0936673960141337,1.0792731174782206,-0.08889901541920031
black_litterman_100bp,Black-Litterman sentiment (1% annual view scale),black_litterman,2023-04-18,False,-0.0014899386899406863,0.0,0.0,-0.0014899386899406863,0.01,False,1.0920378986468855,1.0776650667034768,-0.09025650002657037
black_litterman_100bp,Black-Litterman sentiment (1% annual view scale),black_litterman,2023-04-19,False,0.00288048491426841,0.0,0.0,0.00288048491426841,0.01,False,1.0951834973397474,1.0807692646707503,-0.08763599759904306
black_litterman_100bp,Black-Litterman sentiment (1% annual view scale),black_litterman,2023-04-20,False,-0.009750742243913474,0.0,0.0,-0.009750742243913474,0.01,False,1.0845046453473999,1.070230962145802,-0.09653222381908011
black_litterman_100bp,Black-Litterman sentiment (1% annual view scale),black_litterman,2023-04-21,False,-0.00020117259681706913,0.0,0.0,-0.00020117259681706913,0.01,False,1.0842864727316353,1.070015661003953,-0.09671397677775484
black_litterman_100bp,Black-Litterman sentiment (1% annual view scale),black_litterman,2023-04-24,False,-0.0005628395601568624,0.0,0.0,-0.0005628395601568624,0.01,False,1.0836761934102388,1.0694134138599527,-0.09722238188576104
black_litterman_100bp,Black-Litterman sentiment (1% annual view scale),black_litterman,2023-04-25,False,-0.00991672828677494,0.0,0.0,-0.00991672828677494,0.01,False,1.072929671049343,1.058808331608471,-0.10617498222798194
black_litterman_100bp,Black-Litterman sentiment (1% annual view scale),black_litterman,2023-04-26,False,-0.014442423853720732,0.0,0.0,-0.014442423853720732,0.01,False,1.0574339659748153,1.0435165729035307,-0.1190839819857048
black_litterman_100bp,Black-Litterman sentiment (1% annual view scale),black_litterman,2023-04-27,False,0.013642405118698431,0.0,0.0,0.013642405118698431,0.01,False,1.0718599085249159,1.0577526487391566,-0.10706616879240305
black_litterman_100bp,Black-Litterman sentiment (1% annual view scale),black_litterman,2023-04-28,False,0.008013011248608617,0.0,0.0,0.008013011248608617,0.01,False,1.0804487340288584,1.066228432611749,-0.09991107995867343
black_litterman_100bp,Black-Litterman sentiment (1% annual view scale),black_litterman,2023-05-01,True,-0.003051042166322046,0.5309127460450396,0.0005309127460450396,-0.0035819549123670856,0.01,False,1.0771522393827873,1.06240925043985,-0.10313515788738259
black_litterman_100bp,Black-Litterman sentiment (1% annual view scale),black_litterman,2023-05-02,False,-0.012916883948037246,0.0,0.0,-0.012916883948037246,0.01,False,1.0632387889123114,1.0486862334465972,-0.11471985697002596
black_litterman_100bp,Black-Litterman sentiment (1% annual view scale),black_litterman,2023-05-03,False,-0.014250030782289062,0.0,0.0,-0.014250030782289062,0.01,False,1.0480876034413873,1.0337424223390204,-0.12733512625915244
black_litterman_100bp,Black-Litterman sentiment (1% annual view scale),black_litterman,2023-05-04,False,0.0006723097241461064,0.0,0.0,0.0006723097241461064,0.01,False,1.048792242928938,1.0344374174218212,-0.12674842517861584
black_litterman_100bp,Black-Litterman sentiment (1% annual view scale),black_litterman,2023-05-05,False,0.015169381426257133,0.0,0.0,0.015169381426257133,0.01,False,1.064701772498827,1.0501291931682852,-0.11350173895907045
black_litterman_100bp,Black-Litterman sentiment (1% annual view scale),black_litterman,2023-05-08,False,0.0005165179380184398,0.0,0.0,0.0005165179380184398,0.01,False,1.0652517100629626,1.0506716037337935,-0.11304384670522061
black_litterman_100bp,Black-Litterman sentiment (1% annual view scale),black_litterman,2023-05-09,False,-0.003790811695840054,0.0,0.0,-0.003790811695840054,0.01,False,1.0612135414214423,1.0466887055298724,-0.11640613046482784
black_litterman_100bp,Black-Litterman sentiment (1% annual view scale),black_litterman,2023-05-10,False,-0.001549844845565372,0.0,0.0,-0.001549844845565372,0.01,False,1.0595688250842261,1.0450665004346953,-0.11777556386910015
black_litterman_100bp,Black-Litterman sentiment (1% annual view scale),black_litterman,2023-05-11,False,-0.011507843434022245,0.0,0.0,-0.011507843434022245,0.01,False,1.047375472937586,1.0330400387695513,-0.12792806455376304
black_litterman_100bp,Black-Litterman sentiment (1% annual view scale),black_litterman,2023-05-12,False,0.0004675532633876246,0.0,0.0,0.0004675532633876246,0.01,False,1.0478651767579499,1.033523040010888,-0.1275203244744365
black_litterman_100bp,Black-Litterman sentiment (1% annual view scale),black_litterman,2023-05-15,False,-0.0005023260664858381,0.0,0.0,-0.0005023260664858381,0.01,False,1.0473388067655016,1.0330038744475767,-0.12795859375793217
black_litterman_100bp,Black-Litterman sentiment (1% annual view scale),black_litterman,2023-05-16,False,-0.018814467471349405,0.0,0.0,-0.018814467471349405,0.01,False,1.02763368485413,1.0135684566540049,-0.14436558842934333
black_litterman_100bp,Black-Litterman sentiment (1% annual view scale),black_litterman,2023-05-17,False,0.006613013416249886,0.0,0.0,0.006613013416249886,0.01,False,1.0344294401990608,1.0202711984561454,-0.13870726658622157
black_litterman_100bp,Black-Litterman sentiment (1% annual view scale),black_litterman,2023-05-18,False,0.00317185163312351,0.0,0.0,0.00317185163312351,0.01,False,1.0377104969083073,1.0235073473231975,-0.13597537382314562
black_litterman_100bp,Black-Litterman sentiment (1% annual view scale),black_litterman,2023-05-19,False,-0.005104194966830879,0.0,0.0,-0.005104194966830879,0.01,False,1.0324138202129602,1.018283166272476,-0.14038552397129545
black_litterman_100bp,Black-Litterman sentiment (1% annual view scale),black_litterman,2023-05-22,False,-0.0053753548991574435,0.0,0.0,-0.0053753548991574435,0.01,False,1.0268642295265207,1.0128095328659237,-0.145006256856403
black_litterman_100bp,Black-Litterman sentiment (1% annual view scale),black_litterman,2023-05-23,False,-0.005397644282972878,0.0,0.0,-0.005397644282972878,0.01,False,1.0213215816886276,1.0073427472811096,-0.14962120894605957
black_litterman_100bp,Black-Litterman sentiment (1% annual view scale),black_litterman,2023-05-24,False,-0.008345825628981908,0.0,0.0,-0.008345825628981908,0.01,False,1.0127978098567383,0.9989356403636819,-0.1567183220547802
black_litterman_100bp,Black-Litterman sentiment (1% annual view scale),black_litterman,2023-05-25,False,-0.0077075420556554156,0.0,0.0,-0.0077075420556554156,0.01,False,1.0049916281433917,0.9912363019046858,-0.16321795105230652
black_litterman_100bp,Black-Litterman sentiment (1% annual view scale),black_litterman,2023-05-26,False,0.004134679061167953,0.0,0.0,0.004134679061167953,0.01,False,1.0091469459849254,0.9953347458868408,-0.1597581258357612
black_litterman_100bp,Black-Litterman sentiment (1% annual view scale),black_litterman,2023-05-30,False,-0.003130367734258123,0.0,0.0,-0.003130367734258123,0.01,False,1.0059879449460891,0.9922189821135307,-0.16238839188761744
black_litterman_100bp,Black-Litterman sentiment (1% annual view scale),black_litterman,2023-05-31,False,-0.002008603050698772,0.0,0.0,-0.002008603050698772,0.01,False,1.0039673144909043,0.9902260080390962,-0.16407082111897275
black_litterman_100bp,Black-Litterman sentiment (1% annual view scale),black_litterman,2023-06-01,True,-0.00020911941362734707,0.5146217478581387,0.0005146217478581387,-0.0007237411614854858,0.01,False,1.0037573654347969,0.9895093407179049,-0.16467581747381566
black_litterman_100bp,Black-Litterman sentiment (1% annual view scale),black_litterman,2023-06-02,False,0.01742683673149625,0.0,0.0,0.01742683673149625,0.01,False,1.0212496811602658,1.0067533584428863,-0.1501187593270613
black_litterman_100bp,Black-Litterman sentiment (1% annual view scale),black_litterman,2023-06-05,False,-0.003022936057380009,0.0,0.0,-0.003022936057380009,0.01,False,1.0181625086754986,1.003710007414761,-0.15268789597398236
black_litterman_100bp,Black-Litterman sentiment (1% annual view scale),black_litterman,2023-06-06,False,-0.0014889678233849896,0.0,0.0,-0.0014889678233849896,0.01,False,1.0166464974611038,1.0022155155097108,-0.15394951643324173
black_litterman_100bp,Black-Litterman sentiment (1% annual view scale),black_litterman,2023-06-07,False,0.008433537905475564,0.0,0.0,0.008433537905475564,0.01,False,1.0252204242339111,1.0106677380492177,-0.14681431761013553
black_litterman_100bp,Black-Litterman sentiment (1% annual view scale),black_litterman,2023-06-08,False,0.0033185759041661628,0.0,0.0,0.0033185759041661628,0.01,False,1.0286226960302327,1.0140217156518259,-0.143982956162777
black_litterman_100bp,Black-Litterman sentiment (1% annual view scale),black_litterman,2023-06-09,False,-0.004608044998726167,0.0,0.0,-0.004608044998726167,0.01,False,1.0238827563602144,1.0093490579564168,-0.14792752122045538
black_litterman_100bp,Black-Litterman sentiment (1% annual view scale),black_litterman,2023-06-12,False,0.001406264552077661,0.0,0.0,0.001406264552077661,0.01,False,1.0253226063859673,1.0107684697572938,-0.14672928189774692
black_litterman_100bp,Black-Litterman sentiment (1% annual view scale),black_litterman,2023-06-13,False,0.0066392983344361,0.0,0.0,0.0066392983344361,0.01,False,1.0321300290588054,1.017479263175054,-0.1410641630402275
black_litterman_100bp,Black-Litterman sentiment (1% annual view scale),black_litterman,2023-06-14,False,0.0011494738107715977,0.0,0.0,0.0011494738107715977,0.01,False,1.0333164354965194,1.018648828941077,-0.14007683879050903
black_litterman_100bp,Black-Litterman sentiment (1% annual view scale),black_litterman,2023-06-15,False,0.01039653573141519,0.0,0.0,0.01039653573141519,0.01,False,1.0440593467400177,1.0292392478889272,-0.13113661691872291
black_litterman_100bp,Black-Litterman sentiment (1% annual view scale),black_litterman,2023-06-16,False,0.00180908748629142,0.0,0.0,0.00180908748629142,0.01,False,1.0459481414391507,1.031101231732683,-0.12956476704509368
black_litterman_100bp,Black-Litterman sentiment (1% annual view scale),black_litterman,2023-06-20,False,-0.011179749690836195,0.0,0.0,-0.011179749690836195,0.01,False,1.0342547030282656,1.0195737780559988,-0.13929601507161427
black_litterman_100bp,Black-Litterman sentiment (1% annual view scale),black_litterman,2023-06-21,False,-0.0010025766399366998,0.0,0.0,-0.0010025766399366998,0.01,False,1.0332177834232648,1.0185515772034277,-0.14015893678080404
black_litterman_100bp,Black-Litterman sentiment (1% annual view scale),black_litterman,2023-06-22,False,-0.003453624996138103,0.0,0.0,-0.003453624996138103,0.01,False,1.0296494366599798,1.015033882016542,-0.14312850536944377
black_litterman_100bp,Black-Litterman sentiment (1% annual view scale),black_litterman,2023-06-23,False,-0.00698957429011019,0.0,0.0,-0.00698957429011019,0.01,False,1.0224526254296749,1.0079392272912087,-0.1491176723382417
black_litterman_100bp,Black-Litterman sentiment (1% annual view scale),black_litterman,2023-06-26,False,0.006316510536967914,0.0,0.0,0.006316510536967914,0.01,False,1.028910958211752,1.014305886041017,-0.14374306514984625
black_litterman_100bp,Black-Litterman sentiment (1% annual view scale),black_litterman,2023-06-27,False,0.0020316479023405162,0.0,0.0,0.0020316479023405162,0.01,False,1.031001343001698,1.0163665984667238,-0.14200345254429347
black_litterman_100bp,Black-Litterman sentiment (1% annual view scale),black_litterman,2023-06-28,False,-0.0014696406419528862,0.0,0.0,-0.0014696406419528862,0.01,False,1.0294861415261147,1.0148729048064937,-0.14326439914108968
black_litterman_100bp,Black-Litterman sentiment (1% annual view scale),black_litterman,2023-06-29,False,0.0043740079916847144,0.0,0.0,0.0043740079916847144,0.01,False,1.0339891221364788,1.0193119670026616,-0.13951703077617206
black_litterman_100bp,Black-Litterman sentiment (1% annual view scale),black_litterman,2023-06-30,False,0.009365168051732674,0.0,0.0,0.009365168051732674,0.01,False,1.0436726040289503,1.0288579948707837,-0.131458463163737
black_litterman_100bp,Black-Litterman sentiment (1% annual view scale),black_litterman,2023-07-03,True,0.006636315003623836,0.5833047964364309,0.0005833047964364309,0.006053010207187405,0.01,False,1.050598744189939,1.0350856828154829,-0.1262011723759009
black_litterman_100bp,Black-Litterman sentiment (1% annual view scale),black_litterman,2023-07-05,False,-0.00014146737260513007,0.0,0.0,-0.00014146737260513007,0.01,False,1.050450118745936,1.0349392519635137,-0.12632478640023037
black_litterman_100bp,Black-Litterman sentiment (1% annual view scale),black_litterman,2023-07-06,False,-0.012834846471870977,0.0,0.0,-0.012834846471870977,0.01,False,1.0369677527454735,1.021655965556849,-0.1375382736330626
black_litterman_100bp,Black-Litterman sentiment (1% annual view scale),black_litterman,2023-07-07,False,-0.0012010141301362662,0.0,0.0,-0.0012010141301362662,0.01,False,1.0357223398219304,1.020428942306077,-0.13857410235313106
black_litterman_100bp,Black-Litterman sentiment (1% annual view scale),black_litterman,2023-07-10,False,0.0019182731842901904,0.0,0.0,0.0019182731842901904,0.01,False,1.037709138212781,1.0223864037825763,-0.136921652153422
black_litterman_100bp,Black-Litterman sentiment (1% annual view scale),black_litterman,2023-07-11,False,0.014327963119548303,0.0,0.0,0.014327963119548303,0.01,False,1.052577396473912,1.0370351184699007,-0.12455549741619554
black_litterman_100bp,Black-Litterman sentiment (1% annual view scale),black_litterman,2023-07-12,False,0.009889797741694748,0.0,0.0,0.009889797741694748,0.01,False,1.0629871740325187,1.0472911860426024,-0.1158975283515632
black_litterman_100bp,Black-Litterman sentiment (1% annual view scale),black_litterman,2023-07-13,False,0.004205098370269112,0.0,0.0,0.004205098370269112,0.01,False,1.0674571396656598,1.0516951485022272,-0.1121797904888836
black_litterman_100bp,Black-Litterman sentiment (1% annual view scale),black_litterman,2023-07-14,False,-0.006098820571696015,0.0,0.0,-0.006098820571696015,0.01,False,1.0609469101028632,1.045281048495389,-0.11759444664661745
black_litterman_100bp,Black-Litterman sentiment (1% annual view scale),black_litterman,2023-07-17,False,-0.008299102306171872,0.0,0.0,-0.008299102306171872,0.01,False,1.0521420031545026,1.036606154135223,-0.12491762060943146
black_litterman_100bp,Black-Litterman sentiment (1% annual view scale),black_litterman,2023-07-18,False,-0.0010092420487212285,0.0,0.0,-0.0010092420487212285,0.01,False,1.0510801372036933,1.0355599676165066,-0.12580079054280735
black_litterman_100bp,Black-Litterman sentiment (1% annual view scale),black_litterman,2023-07-19,False,0.005920701885184818,0.0,0.0,0.005920701885184818,0.01,False,1.0573032693535156,1.0416912094689956,-0.1206249176353471
black_litterman_100bp,Black-Litterman sentiment (1% annual view scale),black_litterman,2023-07-20,False,0.005817893871886927,0.0,0.0,0.005817893871886927,0.01,False,1.0634545475650135,1.0477516583729638,-0.11550880673256769
black_litterman_100bp,Black-Litterman sentiment (1% annual view scale),black_litterman,2023-07-21,False,0.009324216704379093,0.0,0.0,0.009324216704379093,0.01,False,1.0733704282217669,1.0575211218880058,-0.10726161917342736
black_litterman_100bp,Black-Litterman sentiment (1% annual view scale),black_litterman,2023-07-24,False,0.0030109662923217912,0.0,0.0,0.0030109662923217912,0.01,False,1.0766023104003177,1.060705282339429,-0.1045736140008966
black_litterman_100bp,Black-Litterman sentiment (1% annual view scale),black_litterman,2023-07-25,False,0.005059321342872574,0.0,0.0,0.005059321342872574,0.01,False,1.082049187447112,1.0660717312128667,-0.10004336417523985
black_litterman_100bp,Black-Litterman sentiment (1% annual view scale),black_litterman,2023-07-26,False,0.002361667667192814,0.0,0.0,0.002361667667192814,0.01,False,1.0846046280274184,1.0685894383513805,-0.09791796568653677
black_litterman_100bp,Black-Litterman sentiment (1% annual view scale),black_litterman,2023-07-27,False,-0.009017130631290301,0.0,0.0,-0.009017130631290301,0.01,False,1.0748246064131932,1.058953827794549,-0.10605215723008143
black_litterman_100bp,Black-Litterman sentiment (1% annual view scale),black_litterman,2023-07-28,False,0.0020509612289996114,0.0,0.0,0.0020509612289996114,0.01,False,1.0770290300089214,1.0611257010386563,-0.10421870486381246
black_litterman_100bp,Black-Litterman sentiment (1% annual view scale),black_litterman,2023-07-31,False,0.004100807475827044,0.0,0.0,0.004100807475827044,0.01,False,1.0814457187068647,1.065477173246268,-0.10054527823201187
black_litterman_100bp,Black-Litterman sentiment (1% annual view scale),black_litterman,2023-08-01,True,-0.008037464374201586,0.42875109430356345,0.00042875109430356344,-0.008466215468505149,0.01,False,1.0727536372701254,1.0564566139207914,-0.1081602557106639
black_litterman_100bp,Black-Litterman sentiment (1% annual view scale),black_litterman,2023-08-02,False,-0.011794822314963928,0.0,0.0,-0.011794822314963928,0.01,False,1.060100698730793,1.043995895876127,-0.11867934702797966
black_litterman_100bp,Black-Litterman sentiment (1% annual view scale),black_litterman,2023-08-03,False,-0.009135294026831223,0.0,0.0,-0.009135294026831223,0.01,False,1.050416367149838,1.0344586864044936,-0.1267304703247979
black_litterman_100bp,Black-Litterman sentiment (1% annual view scale),black_litterman,2023-08-04,False,0.000572756788893562,0.0,0.0,0.000572756788893562,0.01,False,1.051018000255288,1.0350511796399617,-0.12623029927314255
black_litterman_100bp,Black-Litterman sentiment (1% annual view scale),black_litterman,2023-08-07,False,0.0063212882866342645,0.0,0.0,0.0063212882866342645,0.01,False,1.0576617880293437,1.0415940365378868,-0.12070694909872182
black_litterman_100bp,Black-Litterman sentiment (1% annual view scale),black_litterman,2023-08-08,False,0.0007603236048224918,0.0,0.0,0.0007603236048224918,0.01,False,1.0584659532527012,1.042385985070509,-0.12003840183656511
black_litterman_100bp,Black-Litterman sentiment (1% annual view scale),black_litterman,2023-08-09,False,0.0005476231011697205,0.0,0.0,0.0005476231011697205,0.01,False,1.0590455936605039,1.042956819716269,-0.11955651453726879
black_litterman_100bp,Black-Litterman sentiment (1% annual view scale),black_litterman,2023-08-10,False,0.0002142390962293066,0.0,0.0,0.0002142390962293066,0.01,False,1.0592724826313553,1.0431802618427313,-0.11936788912066221
black_litterman_100bp,Black-Litterman sentiment (1% annual view scale),black_litterman,2023-08-11,False,0.005304088721274271,0.0,0.0,0.005304088721274271,0.01,False,1.0648909578592365,1.0487133825038273,-0.11469693827375516
black_litterman_100bp,Black-Litterman sentiment (1% annual view scale),black_litterman,2023-08-14,False,0.0013411760614313864,0.0,0.0,0.0013411760614313864,0.01,False,1.066319164119952,1.0501198917877443,-0.11350959100025582
black_litterman_100bp,Black-Litterman sentiment (1% annual view scale),black_litterman,2023-08-15,False,-0.012464489197573973,0.0,0.0,-0.012464489197573973,0.01,False,1.0530280404176129,1.0370306837403984,-0.12455924112698613
black_litterman_100bp,Black-Litterman sentiment (1% annual view scale),black_litterman,2023-08-16,False,-0.006326224419752674,0.0,0.0,-0.006326224419752674,0.01,False,1.0463663487136385,1.0304701949048871,-0.13009747583381537
black_litterman_100bp,Black-Litterman sentiment (1% annual view scale),black_litterman,2023-08-17,False,-0.0011233448174619112,0.0,0.0,-0.0011233448174619112,0.01,False,1.0451909184986445,1.0293126215518917,-0.13107467632603453
black_litterman_100bp,Black-Litterman sentiment (1% annual view scale),black_litterman,2023-08-18,False,0.0026102834159007736,0.0,0.0,0.0026102834159007736,0.01,False,1.0479191630196516,1.031999419217706,-0.12880653496399208
black_litterman_100bp,Black-Litterman sentiment (1% annual view scale),black_litterman,2023-08-21,False,9.839178164066872e-05,0.0,0.0,9.839178164066872e-05,0.01,False,1.0480222696531165,1.032100959479215,-0.12872081668681346
black_litterman_100bp,Black-Litterman sentiment (1% annual view scale),black_litterman,2023-08-22,False,-0.005484598457672666,0.0,0.0,-0.005484598457672666,0.01,False,1.0422742883293703,1.0264403001486928,-0.13349943315181534
black_litterman_100bp,Black-Litterman sentiment (1% annual view scale),black_litterman,2023-08-23,False,0.008441848932071939,0.0,0.0,0.008441848932071939,0.01,False,1.0510730104172297,1.0351053541003385,-0.1261845662669283
black_litterman_100bp,Black-Litterman sentiment (1% annual view scale),black_litterman,2023-08-24,False,-0.012047258214133483,0.0,0.0,-0.012047258214133483,0.01,False,1.0384104624588268,1.0226351726206597,-0.13671164642860567
black_litterman_100bp,Black-Litterman sentiment (1% annual view scale),black_litterman,2023-08-25,False,0.006021313349865842,0.0,0.0,0.006021313349865842,0.01,False,1.0446630572390705,1.0287927794376028,-0.13151351674046252
black_litterman_100bp,Black-Litterman sentiment (1% annual view scale),black_litterman,2023-08-28,False,0.004745701814522859,0.0,0.0,0.004745701814522859,0.01,False,1.049620716605375,1.033675123197748,-0.1273919388609691
black_litterman_100bp,Black-Litterman sentiment (1% annual view scale),black_litterman,2023-08-29,False,0.009344089524068582,0.0,0.0,0.009344089524068582,0.01,False,1.0594284665476528,1.0433338760877102,-0.11923821101826215
black_litterman_100bp,Black-Litterman sentiment (1% annual view scale),black_litterman,2023-08-30,False,0.0019326436365339865,0.0,0.0,0.0019326436365339865,0.01,False,1.061475964231889,1.0453502686641114,-0.11753601235148436
black_litterman_100bp,Black-Litterman sentiment (1% annual view scale),black_litterman,2023-08-31,False,-0.0035549347677797526,0.0,0.0,-0.0035549347677797526,0.01,False,1.0577024864214783,1.0416341166495293,-0.12067311426248972
black_litterman_100bp,Black-Litterman sentiment (1% annual view scale),black_litterman,2023-09-01,True,0.0001770443854235903,0.7432919305941291,0.0007432919305941292,-0.0005662475451705389,0.01,False,1.0578897467081478,1.0410442938880107,-0.12117103095294102
black_litterman_100bp,Black-Litterman sentiment (1% annual view scale),black_litterman,2023-09-05,False,-0.010398245947425881,0.0,0.0,-0.010398245947425881,0.01,False,1.0468895489366163,1.0302192592779988,-0.13030931071881513
black_litterman_100bp,Black-Litterman sentiment (1% annual view scale),black_litterman,2023-09-06,False,-0.0028356770673513922,0.0,0.0,-0.0028356770673513922,0.01,False,1.0439209082506469,1.0272978901501204,-0.13277547266209888
black_litterman_100bp,Black-Litterman sentiment (1% annual view scale),black_litterman,2023-09-07,False,-8.634231432799039e-05,0.0,0.0,-8.634231432799039e-05,0.01,False,1.0438307737034531,1.0272091908727805,-0.1328503508348312
black_litterman_100bp,Black-Litterman sentiment (1% annual view scale),black_litterman,2023-09-08,False,0.0021867706440236077,0.0,0.0,0.0021867706440236077,0.01,False,1.046113392196716,1.0294554617766523,-0.13095409343806153
black_litterman_100bp,Black-Litterman sentiment (1% annual view scale),black_litterman,2023-09-11,False,0.0017189383720679677,0.0,0.0,0.0017189383720679677,0.01,False,1.0479115966480972,1.0312250322722352,-0.12946025708218356
black_litterman_100bp,Black-Litterman sentiment (1% annual view scale),black_litterman,2023-09-12,False,0.0011839268248611118,0.0,0.0,0.0011839268248611118,0.01,False,1.0491522472974517,1.0324459272504105,-0.12842960172843554
black_litterman_100bp,Black-Litterman sentiment (1% annual view scale),black_litterman,2023-09-13,False,-0.0009800527953007024,0.0,0.0,-0.0009800527953007024,0.01,False,1.0481240227047919,1.031434075733412,-0.1292837867335629
black_litterman_100bp,Black-Litterman sentiment (1% annual view scale),black_litterman,2023-09-14,False,0.010912680522487164,0.0,0.0,0.010912680522487164,0.01,False,1.0595618653125132,1.0426897862818973,-0.1197819388724366
black_litterman_100bp,Black-Litterman sentiment (1% annual view scale),black_litterman,2023-09-15,False,-0.006798952639566301,0.0,0.0,-0.006798952639566301,0.01,False,1.0523579543715629,1.0356005878072072,-0.12576649978253374
black_litterman_100bp,Black-Litterman sentiment (1% annual view scale),black_litterman,2023-09-18,False,-0.0017648017651857003,0.0,0.0,-0.0017648017651857003,0.01,False,1.0505007511960807,1.0337729580618178,-0.12730934860690202
black_litterman_100bp,Black-Litterman sentiment (1% annual view scale),black_litterman,2023-09-19,False,-0.007301279879926898,0.0,0.0,-0.007301279879926898,0.01,False,1.0428307511975246,1.0262250923627085,-0.13368110730131866
black_litterman_100bp,Black-Litterman sentiment (1% annual view scale),black_litterman,2023-09-20,False,-2.0185476969747807e-05,0.0,0.0,-2.0185476969747807e-05,0.01,False,1.0428097011614128,1.026204377519741,-0.13369859436137566
black_litterman_100bp,Black-Litterman sentiment (1% annual view scale),black_litterman,2023-09-21,False,-0.01916015474778121,0.0,0.0,-0.01916015474778121,0.01,False,1.0228293059146727,1.006542142843612,-0.15029706335163218
black_litterman_100bp,Black-Litterman sentiment (1% annual view scale),black_litterman,2023-09-22,False,-0.003113004406564898,0.0,0.0,-0.003113004406564898,0.01,False,1.0196452337781965,1.0034087727175467,-0.1529421923376897
black_litterman_100bp,Black-Litterman sentiment (1% annual view scale),black_litterman,2023-09-25,False,-0.0010700242241660314,0.0,0.0,-0.0010700242241660314,0.01,False,1.0185541886779983,1.0023351010239983,-0.15384856471115727
black_litterman_100bp,Black-Litterman sentiment (1% annual view scale),black_litterman,2023-09-26,False,-0.008320322403956908,0.0,0.0,-0.008320322403956908,0.01,False,1.0100794894422966,0.9939953498266759,-0.16088881745533123
black_litterman_100bp,Black-Litterman sentiment (1% annual view scale),black_litterman,2023-09-27,False,-0.004681111443983526,0.0,0.0,-0.004681111443983526,0.01,False,1.0053511947849352,0.9893423468193359,-0.16481679041471564
black_litterman_100bp,Black-Litterman sentiment (1% annual view scale),black_litterman,2023-09-28,False,0.0034592297024202594,0.0,0.0,0.0034592297024202594,0.01,False,1.008828935499299,0.9927647092513155,-0.16192769984915545
black_litterman_100bp,Black-Litterman sentiment (1% annual view scale),black_litterman,2023-09-29,False,0.0042362708002305505,0.0,0.0,0.0042362708002305505,0.01,False,1.0131026080611825,0.9969703294006164,-0.15837739863554434
black_litterman_100bp,Black-Litterman sentiment (1% annual view scale),black_litterman,2023-10-02,True,-0.02650758183746648,0.8129149366928298,0.0008129149366928298,-0.02732049677415931,0.01,False,0.9862477077682499,0.9697326047322943,-0.18137094620118155
black_litterman_100bp,Black-Litterman sentiment (1% annual view scale),black_litterman,2023-10-03,False,-0.0023654523212512987,0.0,0.0,-0.0023654523212512987,0.01,False,0.9839147858385807,0.9674387484914372,-0.1833073741967337
black_litterman_100bp,Black-Litterman sentiment (1% annual view scale),black_litterman,2023-10-04,False,-0.0028780379668219575,0.0,0.0,-0.0028780379668219575,0.01,False,0.9810830417288198,0.9646544230427041,-0.18565784658101903
black_litterman_100bp,Black-Litterman sentiment (1% annual view scale),black_litterman,2023-10-05,False,-0.00577117899946831,0.0,0.0,-0.00577117899946831,0.01,False,0.9754210358816598,0.9590872296946958,-0.1903575609152125
black_litterman_100bp,Black-Litterman sentiment (1% annual view scale),black_litterman,2023-10-06,False,0.011046255486930789,0.0,0.0,0.011046255486930789,0.01,False,0.9861957858513354,0.9696815522681562,-0.18141404368002
black_litterman_100bp,Black-Litterman sentiment (1% annual view scale),black_litterman,2023-10-09,False,0.011324061854771562,0.0,0.0,0.011324061854771562,0.01,False,0.9973635279312311,0.9806622861454718,-0.17214432567720517
black_litterman_100bp,Black-Litterman sentiment (1% annual view scale),black_litterman,2023-10-10,False,0.01156252362259739,0.0,0.0,0.01156252362259739,0.01,False,1.008895567283253,0.9920012169948191,-0.1625722248867466
black_litterman_100bp,Black-Litterman sentiment (1% annual view scale),black_litterman,2023-10-11,False,0.004725705367597197,0.0,0.0,0.004725705367597197,0.01,False,1.0136633104809083,0.9966891224706343,-0.158614787954919
black_litterman_100bp,Black-Litterman sentiment (1% annual view scale),black_litterman,2023-10-12,False,-0.0129783467130947,0.0,0.0,-0.0129783467130947,0.01,False,1.0005076365871437,0.9837537454740404,-0.16953457695611074
black_litterman_100bp,Black-Litterman sentiment (1% annual view scale),black_litterman,2023-10-13,False,0.006913689015795643,0.0,0.0,0.006913689015795643,0.01,False,1.007424835244436,0.9905551129383722,-0.16379299728281405
black_litterman_100bp,Black-Litterman sentiment (1% annual view scale),black_litterman,2023-10-16,False,0.009634169929063382,0.0,0.0,0.009634169929063382,0.01,False,1.0171305372979396,1.000098289220523,-0.15573683692276397
black_litterman_100bp,Black-Litterman sentiment (1% annual view scale),black_litterman,2023-10-17,False,0.0017566081260417903,0.0,0.0,0.0017566081260417903,0.01,False,1.0189172370650024,1.0018550700022084,-0.15425379738998457
black_litterman_100bp,Black-Litterman sentiment (1% annual view scale),black_litterman,2023-10-18,False,-0.014482865205061264,0.0,0.0,-0.014482865205061264,0.01,False,1.0041603960654766,0.9873453380683592,-0.1665026256400779
black_litterman_100bp,Black-Litterman sentiment (1% annual view scale),black_litterman,2023-10-19,False,-0.006840402356922725,0.0,0.0,-0.006840402356922725,0.01,False,0.9972915349255018,0.9805914986907397,-0.17220408304413848
black_litterman_100bp,Black-Litterman sentiment (1% annual view scale),black_litterman,2023-10-20,False,-0.01085994701233527,0.0,0.0,-0.01085994701233527,0.01,False,0.9864610017003603,0.9699423269742118,-0.1811939028393066
black_litterman_100bp,Black-Litterman sentiment (1% annual view scale),black_litterman,2023-10-23,False,-0.007295745486366073,0.0,0.0,-0.007295745486366073,0.01,False,0.9792640332997288,0.9628658746201543,-0.18716770372687574
black_litterman_100bp,Black-Litterman sentiment (1% annual view scale),black_litterman,2023-10-24,False,0.014881464607398458,0.0,0.0,0.014881464607398458,0.01,False,0.993836916352577,0.9771947290549858,-0.1750715686781369
black_litterman_100bp,Black-Litterman sentiment (1% annual view scale),black_litterman,2023-10-25,False,-0.005186946200131934,0.0,0.0,-0.005186946200131934,0.01,False,0.9886819377357512,0.9721260725683252,-0.1793504280703626
black_litterman_100bp,Black-Litterman sentiment (1% annual view scale),black_litterman,2023-10-26,False,-0.0009403231319937179,0.0,0.0,-0.0009403231319937179,0.01,False,0.9877522572395139,0.9712119599350749,-0.18012210384610883
black_litterman_100bp,Black-Litterman sentiment (1% annual view scale),black_litterman,2023-10-27,False,-0.011900020275154206,0.0,0.0,-0.011900020275154206,0.01,False,0.9759979853515343,0.9596545179203753,-0.1898786674334909
black_litterman_100bp,Black-Litterman sentiment (1% annual view scale),black_litterman,2023-10-30,False,0.008647781650103067,0.0,0.0,0.008647781650103067,0.01,False,0.9844382028197949,0.9679534006508856,-0.1828729150393652
black_litterman_100bp,Black-Litterman sentiment (1% annual view scale),black_litterman,2023-10-31,False,0.007503271328391523,0.0,0.0,0.007503271328391523,0.01,False,0.991824709761586,0.9752162176492085,-0.1767417888111279
black_litterman_100bp,Black-Litterman sentiment (1% annual view scale),black_litterman,2023-11-01,True,0.003890003151045302,0.60377595769614,0.00060377595769614,0.0032862271933491623,0.01,False,0.9956829110078432,0.9784209997030424,-0.17403637529037108
black_litterman_100bp,Black-Litterman sentiment (1% annual view scale),black_litterman,2023-11-02,False,0.025289831115113088,0.0,0.0,0.025289831115113088,0.01,False,1.0208635636714358,1.0031651015450125,-0.15314789471423784
black_litterman_100bp,Black-Litterman sentiment (1% annual view scale),black_litterman,2023-11-03,False,0.0067643829202139304,0.0,0.0,0.0067643829202139304,0.01,False,1.0277690757254037,1.0099508944240583,-0.14741946279729568
black_litterman_100bp,Black-Litterman sentiment (1% annual view scale),black_litterman,2023-11-06,False,-0.00739451022930792,0.0,0.0,-0.00739451022930792,0.01,False,1.0201692267815858,1.002482802204141,-0.1537238783009498
black_litterman_100bp,Black-Litterman sentiment (1% annual view scale),black_litterman,2023-11-07,False,-0.002856878511506229,0.0,0.0,-0.002856878511506229,0.01,False,1.0172547272394936,0.9996188306283694,-0.1561415863678326
black_litterman_100bp,Black-Litterman sentiment (1% annual view scale),black_litterman,2023-11-08,False,0.0007596442921026787,0.0,0.0,0.0007596442921026787,0.01,False,1.0180274789866557,1.0003781853673346,-0.15550055414057418
black_litterman_100bp,Black-Litterman sentiment (1% annual view scale),black_litterman,2023-11-09,False,-0.005279154230683205,0.0,0.0,-0.005279154230683205,0.01,False,1.0126531549140114,0.9950970346377693,-0.15995879696299264
black_litterman_100bp,Black-Litterman sentiment (1% annual view scale),black_litterman,2023-11-10,False,0.008685278424497076,0.0,0.0,0.008685278424497076,0.01,False,1.021448329511885,1.0037397294429897,-0.15266280522656683
black_litterman_100bp,Black-Litterman sentiment (1% annual view scale),black_litterman,2023-11-13,False,0.00021800102624710454,0.0,0.0,0.00021800102624710454,0.01,False,1.021671006295977,1.0039585457340934,-0.15247808484852876
black_litterman_100bp,Black-Litterman sentiment (1% annual view scale),black_litterman,2023-11-14,False,0.012231828212527263,0.0,0.0,0.012231828212527263,0.01,False,1.0341679105347095,1.0162387941980116,-0.14211134237604384
black_litterman_100bp,Black-Litterman sentiment (1% annual view scale),black_litterman,2023-11-15,False,0.005233318499371984,0.0,0.0,0.005233318499371984,0.01,False,1.0395800405923676,1.0215570954794675,-0.13762173779369902
black_litterman_100bp,Black-Litterman sentiment (1% annual view scale),black_litterman,2023-11-16,False,-0.0019732882612533745,0.0,0.0,-0.0019732882612533745,0.01,False,1.0375286495016334,1.0195412688547578,-0.13932345869527074
black_litterman_100bp,Black-Litterman sentiment (1% annual view scale),black_litterman,2023-11-17,False,0.001822094651284097,0.0,0.0,0.001822094651284097,0.01,False,1.0394191249044444,1.0213989695475014,-0.1377552245728737
black_litterman_100bp,Black-Litterman sentiment (1% annual view scale),black_litterman,2023-11-20,False,0.007093952149124375,0.0,0.0,0.007093952149124375,0.01,False,1.0467927144394014,1.0286447249626365,-0.1316385013951611
black_litterman_100bp,Black-Litterman sentiment (1% annual view scale),black_litterman,2023-11-21,False,-0.002338602641264683,0.0,0.0,-0.002338602641264683,0.01,False,1.0443446822325566,1.0262391336919159,-0.1336692538893709
black_litterman_100bp,Black-Litterman sentiment (1% annual view scale),black_litterman,2023-11-22,False,0.0014326815109159247,0.0,0.0,0.0014326815109159247,0.01,False,1.0458408955498146,1.0277094075245348,-0.1324280778470801
black_litterman_100bp,Black-Litterman sentiment (1% annual view scale),black_litterman,2023-11-24,False,0.002128236180045836,0.0,0.0,0.002128236180045836,0.01,False,1.0480666919822954,1.029896615868202,-0.1305816798935624
black_litterman_100bp,Black-Litterman sentiment (1% annual view scale),black_litterman,2023-11-27,False,-0.0017898230774031694,0.0,0.0,-0.0017898230774031694,0.01,False,1.046190838030328,1.0280532831377815,-0.13213778486680605
black_litterman_100bp,Black-Litterman sentiment (1% annual view scale),black_litterman,2023-11-28,False,-0.001643897374270098,0.0,0.0,-0.001643897374270098,0.01,False,1.0444710076587045,1.0263632690450217,-0.13356446128349164
black_litterman_100bp,Black-Litterman sentiment (1% annual view scale),black_litterman,2023-11-29,False,0.003511609210995444,0.0,0.0,0.003511609210995444,0.01,False,1.0481387816698164,1.0299674557544276,-0.13052187826500095
black_litterman_100bp,Black-Litterman sentiment (1% annual view scale),black_litterman,2023-11-30,False,0.007694526282696809,0.0,0.0,0.007694526282696809,0.01,False,1.0562037130732886,1.0378925674130524,-0.12383165600508117
black_litterman_100bp,Black-Litterman sentiment (1% annual view scale),black_litterman,2023-12-01,True,0.009626661881330418,0.5598216688923241,0.0005598216688923241,0.009066840212438095,0.01,False,1.066371429096851,1.0473029734794637,-0.11588757763088275
black_litterman_100bp,Black-Litterman sentiment (1% annual view scale),black_litterman,2023-12-04,False,-0.00012130086660592479,0.0,0.0,-0.00012130086660592479,0.01,False,1.0662420773183776,1.0471759347211818,-0.11599482123389304
black_litterman_100bp,Black-Litterman sentiment (1% annual view scale),black_litterman,2023-12-05,False,-0.004347375843745203,0.0,0.0,-0.004347375843745203,0.01,False,1.061606722267859,1.0426234673584236,-0.11983792399380644
black_litterman_100bp,Black-Litterman sentiment (1% annual view scale),black_litterman,2023-12-06,False,0.001124258190899036,0.0,0.0,0.001124258190899036,0.01,False,1.062800242320882,1.0437956453316248,-0.11884839457053786
black_litterman_100bp,Black-Litterman sentiment (1% annual view scale),black_litterman,2023-12-07,False,0.004812606939416771,0.0,0.0,0.004812606939416771,0.01,False,1.0679150821422894,1.0488190234976809,-0.1146077582395697
black_litterman_100bp,Black-Litterman sentiment (1% annual view scale),black_litterman,2023-12-08,False,0.00538379510176415,0.0,0.0,0.00538379510176415,0.01,False,1.073664518130627,1.0544656502190246,-0.1098409878252401
black_litterman_100bp,Black-Litterman sentiment (1% annual view scale),black_litterman,2023-12-11,False,0.0035267034952050935,0.0,0.0,0.0035267034952050935,0.01,False,1.077451014539396,1.0581844379132257,-0.10670166092571509
black_litterman_100bp,Black-Litterman sentiment (1% annual view scale),black_litterman,2023-12-12,False,0.0035191425130394857,0.0,0.0,0.0035191425130394857,0.01,False,1.0812427182103792,1.0619083397553228,-0.10355801676385123
black_litterman_100bp,Black-Litterman sentiment (1% annual view scale),black_litterman,2023-12-13,False,0.02311930784758799,0.0,0.0,0.02311930784758799,0.01,False,1.106240301470648,1.0864589255680472,-0.08283289858591236
black_litterman_100bp,Black-Litterman sentiment (1% annual view scale),black_litterman,2023-12-14,False,0.02001635991009618,0.0,0.0,0.02001635991009618,0.01,False,1.1283832054919376,1.1082058784497537,-0.06447455178630834
black_litterman_100bp,Black-Litterman sentiment (1% annual view scale),black_litterman,2023-12-15,False,-0.007958571676517258,0.0,0.0,-0.007958571676517258,0.01,False,1.1194028868724517,1.0993861425337736,-0.07191999812112282
black_litterman_100bp,Black-Litterman sentiment (1% annual view scale),black_litterman,2023-12-18,False,-0.004752245740365692,0.0,0.0,-0.004752245740365692,0.01,False,1.1140832092715591,1.0941615894209005,-0.07633046235677032
black_litterman_100bp,Black-Litterman sentiment (1% annual view scale),black_litterman,2023-12-19,False,0.006333028398498965,0.0,0.0,0.006333028398498965,0.01,False,1.1211387298741669,1.10109094583925,-0.07048083694404716
black_litterman_100bp,Black-Litterman sentiment (1% annual view scale),black_litterman,2023-12-20,False,-0.01441683157877881,0.0,0.0,-0.01441683157877881,0.01,False,1.104975461629125,1.0852167031201672,-0.08388155816707232
black_litterman_100bp,Black-Litterman sentiment (1% annual view scale),black_litterman,2023-12-21,False,0.006369771540366671,0.0,0.0,0.006369771540366671,0.01,False,1.1120139028774139,1.0921292855908327,-0.07804609298867982
black_litterman_100bp,Black-Litterman sentiment (1% annual view scale),black_litterman,2023-12-22,False,0.0021321748050623346,0.0,0.0,0.0021321748050623346,0.01,False,1.114384910904008,1.09445789613744,-0.07608032609672155
black_litterman_100bp,Black-Litterman sentiment (1% annual view scale),black_litterman,2023-12-26,False,0.005078724346964462,0.0,0.0,0.005078724346964462,0.01,False,1.1200445646829063,1.1000163461012809,-0.07138799275422947
black_litterman_100bp,Black-Litterman sentiment (1% annual view scale),black_litterman,2023-12-27,False,0.0004086402286641775,0.0,0.0,0.0004086402286641775,0.01,False,1.1205022599499324,1.1004658570324861,-0.07100852453124817
black_litterman_100bp,Black-Litterman sentiment (1% annual view scale),black_litterman,2023-12-28,False,0.0037422873639404225,0.0,0.0,0.0037422873639404225,0.01,False,1.1246955013986095,1.1045841165037065,-0.06753197147139323
black_litterman_100bp,Black-Litterman sentiment (1% annual view scale),black_litterman,2023-12-29,False,-0.0018515187963369152,0.0,0.0,-0.0018515187963369152,0.01,False,1.1226131065376144,1.1025389582498646,-0.06925845355319726
black_litterman_200bp,Black-Litterman sentiment (2% annual view scale),black_litterman,2021-01-04,True,-0.015282726362362168,1.0,0.001,-0.01628272636236217,0.02,True,0.9847172736376378,0.9837172736376378,0.0
black_litterman_200bp,Black-Litterman sentiment (2% annual view scale),black_litterman,2021-01-05,False,0.0062517632530993215,0.0,0.0,0.0062517632530993215,0.02,True,0.9908734929036579,0.9898672411404047,0.0
black_litterman_200bp,Black-Litterman sentiment (2% annual view scale),black_litterman,2021-01-06,False,0.008397198902799989,0.0,0.0,0.008397198902799989,0.02,True,0.9991940547110821,0.9981793532516265,0.0
black_litterman_200bp,Black-Litterman sentiment (2% annual view scale),black_litterman,2021-01-07,False,0.007018021267319461,0.0,0.0,0.007018021267319461,0.02,True,1.0062064198372236,1.0051845971813456,0.0
black_litterman_200bp,Black-Litterman sentiment (2% annual view scale),black_litterman,2021-01-08,False,0.005848240859738744,0.0,0.0,0.005848240859738744,0.02,True,1.012090957335047,1.0110631588141614,0.0
black_litterman_200bp,Black-Litterman sentiment (2% annual view scale),black_litterman,2021-01-11,False,-0.0020724683779246755,0.0,0.0,-0.0020724683779246755,0.02,True,1.0099934308303866,1.0089677623894344,-0.002072468377924741
black_litterman_200bp,Black-Litterman sentiment (2% annual view scale),black_litterman,2021-01-12,False,-0.003270855237079977,0.0,0.0,-0.003270855237079977,0.02,True,1.0066898885277387,1.005667574899778,-0.005336544870957027
black_litterman_200bp,Black-Litterman sentiment (2% annual view scale),black_litterman,2021-01-13,False,0.0005493264197675549,0.0,0.0,0.0005493264197675549,0.02,True,1.0072428898800199,1.0062200146681741,-0.004790149956277356
black_litterman_200bp,Black-Litterman sentiment (2% annual view scale),black_litterman,2021-01-14,False,-0.0038610468551130046,0.0,0.0,-0.0038610468551130046,0.02,True,1.0033538778877136,1.0023349520449878,-0.00863270181796616
black_litterman_200bp,Black-Litterman sentiment (2% annual view scale),black_litterman,2021-01-15,False,-0.0079142342531969,0.0,0.0,-0.0079142342531969,0.02,True,0.9954131002592567,0.9944022384343368,-0.016478614846737738
black_litterman_200bp,Black-Litterman sentiment (2% annual view scale),black_litterman,2021-01-19,False,0.0027540815412820238,0.0,0.0,0.0027540815412820238,0.02,True,0.9981545491046311,0.9971409032838184,-0.013769916754430955
black_litterman_200bp,Black-Litterman sentiment (2% annual view scale),black_litterman,2021-01-20,False,0.010281401688027911,0.0,0.0,0.010281401688027911,0.02,True,1.008416976970708,1.0073929094500425,-0.0036300891117659884
black_litterman_200bp,Black-Litterman sentiment (2% annual view scale),black_litterman,2021-01-21,False,-0.004612119396220864,0.0,0.0,-0.004612119396220864,0.02,True,1.003766037471743,1.0027466930727524,-0.008225466103584544
black_litterman_200bp,Black-Litterman sentiment (2% annual view scale),black_litterman,2021-01-22,False,-0.0024062215902015986,0.0,0.0,-0.0024062215902015986,0.02,True,1.0013507539608673,1.0003338623303775,-0.010611895399658233
black_litterman_200bp,Black-Litterman sentiment (2% annual view scale),black_litterman,2021-01-25,False,0.0026213981687395463,0.0,0.0,0.0026213981687395463,0.02,True,1.0039756929935661,1.0029561356852184,-0.00801831523408636
black_litterman_200bp,Black-Litterman sentiment (2% annual view scale),black_litterman,2021-01-26,False,-0.00441096232357094,0.0,0.0,-0.00441096232357094,0.02,True,0.9995471940379905,0.9985321339585165,-0.012393909071261255
black_litterman_200bp,Black-Litterman sentiment (2% annual view scale),black_litterman,2021-01-27,False,-0.02994456622100482,0.0,0.0,-0.02994456622100482,0.02,True,0.9696161868951003,0.9686315223493944,-0.041967345061344585
black_litterman_200bp,Black-Litterman sentiment (2% annual view scale),black_litterman,2021-01-28,False,0.013351878486130429,0.0,0.0,0.013351878486130429,0.02,True,0.9825623844007088,0.9815645727336391,-0.029175809466858826
black_litterman_200bp,Black-Litterman sentiment (2% annual view scale),black_litterman,2021-01-29,False,-0.013067827926236644,0.0,0.0,-0.013067827926236644,0.02,True,0.9697224282345676,0.9687376557986659,-0.04186237293537387
black_litterman_200bp,Black-Litterman sentiment (2% annual view scale),black_litterman,2021-02-01,True,0.00873050274409667,0.3553407456082101,0.0003553407456082101,0.008375161998488461,0.02,True,0.9781885925552816,0.9768509906000157,-0.033837815091860235
black_litterman_200bp,Black-Litterman sentiment (2% annual view scale),black_litterman,2021-02-02,False,0.018155410493879743,0.0,0.0,0.018155410493879743,0.02,True,0.9959480079935531,0.994586121325712,-0.016296744021189302
black_litterman_200bp,Black-Litterman sentiment (2% annual view scale),black_litterman,2021-02-03,False,-0.0029724521521076906,0.0,0.0,-0.0029724521521076906,0.02,True,0.9929876001938053,0.9916297616689209,-0.019220754881458912
black_litterman_200bp,Black-Litterman sentiment (2% annual view scale),black_litterman,2021-02-04,False,0.008248771428150992,0.0,0.0,0.008248771428150992,0.02,True,1.0011785279387921,0.9998094889142797,-0.01113053106700157
black_litterman_200bp,Black-Litterman sentiment (2% annual view scale),black_litterman,2021-02-05,False,0.007308829338856081,0.0,0.0,0.007308829338856081,0.02,True,1.0084959709372239,1.0071169258401231,-0.0039030528801649034
black_litterman_200bp,Black-Litterman sentiment (2% annual view scale),black_litterman,2021-02-08,False,0.010630906290623812,0.0,0.0,0.010630906290623812,0.02,True,1.0192171970987292,1.0178234915024307,0.0
black_litterman_200bp,Black-Litterman sentiment (2% annual view scale),black_litterman,2021-02-09,False,-0.0024924410015614877,0.0,0.0,-0.0024924410015614877,0.02,True,1.0166768583671837,1.0152866264998575,-0.0024924410015615406
black_litterman_200bp,Black-Litterman sentiment (2% annual view scale),black_litterman,2021-02-10,False,-0.00014684397758037311,0.0,0.0,-0.00014684397758037311,0.02,True,1.0165275654933872,1.0151375377732381,-0.0026389189791913292
black_litterman_200bp,Black-Litterman sentiment (2% annual view scale),black_litterman,2021-02-11,False,-0.0005952480381280849,0.0,0.0,-0.0005952480381280849,0.02,True,1.0159224794543242,1.0145332791454484,-0.0032325962059742697
black_litterman_200bp,Black-Litterman sentiment (2% annual view scale),black_litterman,2021-02-12,False,0.0031000434720944306,0.0,0.0,0.0031000434720944306,0.02,True,1.0190718833049106,1.017678376414686,-0.00014257392264593882
black_litterman_200bp,Black-Litterman sentiment (2% annual view scale),black_litterman,2021-02-16,False,-0.0013576816347002814,0.0,0.0,-0.0013576816347002814,0.02,True,1.017688308124508,1.0162966931729962,-0.0015000619873498655
black_litterman_200bp,Black-Litterman sentiment (2% annual view scale),black_litterman,2021-02-17,False,0.0012241882723270244,0.0,0.0,0.0012241882723270244,0.02,True,1.0189341502161984,1.0175408316659833,-0.0002777100733154514
black_litterman_200bp,Black-Litterman sentiment (2% annual view scale),black_litterman,2021-02-18,False,-0.004458527566775092,0.0,0.0,-0.004458527566775092,0.02,True,1.0143912042187309,1.0130040978176813,-0.0047349994620731195
black_litterman_200bp,Black-Litterman sentiment (2% annual view scale),black_litterman,2021-02-19,False,-0.00046545121321270734,0.0,0.0,-0.00046545121321270734,0.02,True,1.013919054602055,1.0125325938313625,-0.005198246764041681
black_litterman_200bp,Black-Litterman sentiment (2% annual view scale),black_litterman,2021-02-22,False,-0.0009973231787326368,0.0,0.0,-0.0009973231787326368,0.02,True,1.0129078496275414,1.0115227716063122,-0.006190385610787774
black_litterman_200bp,Black-Litterman sentiment (2% annual view scale),black_litterman,2021-02-23,False,0.000155114137997807,0.0,0.0,0.000155114137997807,0.02,True,1.0130649659555078,1.0116796730890951,-0.006036231689117821
black_litterman_200bp,Black-Litterman sentiment (2% annual view scale),black_litterman,2021-02-24,False,0.010600507255538266,0.0,0.0,0.010600507255538266,0.02,True,1.0238039684774507,1.0224039908039566,0.0
black_litterman_200bp,Black-Litterman sentiment (2% annual view scale),black_litterman,2021-02-25,False,-0.017565456946703008,0.0,0.0,-0.017565456946703008,0.02,True,1.0058203839472963,1.0044449975213523,-0.017565456946703084
black_litterman_200bp,Black-Litterman sentiment (2% annual view scale),black_litterman,2021-02-26,False,-0.012519736100589509,0.0,0.0,-0.012519736100589509,0.02,True,0.9932277781756825,0.9918696112248276,-0.029865278161833597
black_litterman_200bp,Black-Litterman sentiment (2% annual view scale),black_litterman,2021-03-01,True,0.01707985870623214,0.30345043501681096,0.00030345043501681096,0.016776408271215328,0.02,True,1.0101919682900282,1.008509620774547,-0.013589901990194608
black_litterman_200bp,Black-Litterman sentiment (2% annual view scale),black_litterman,2021-03-02,False,-0.002977888383072542,0.0,0.0,-0.002977888383072542,0.02,True,1.0071837293629842,1.0055063916906255,-0.016527321162003505
black_litterman_200bp,Black-Litterman sentiment (2% annual view scale),black_litterman,2021-03-03,False,-0.012888302803778028,0.0,0.0,-0.012888302803778028,0.02,True,0.9942028404799156,0.9925471208433825,-0.02920261484611042
black_litterman_200bp,Black-Litterman sentiment (2% annual view scale),black_litterman,2021-03-04,False,-0.010699918751880911,0.0,0.0,-0.010699918751880911,0.02,True,0.9835649508638913,0.9819269472929449,-0.03959006799179543
black_litterman_200bp,Black-Litterman sentiment (2% annual view scale),black_litterman,2021-03-05,False,0.014890489791663675,0.0,0.0,0.014890489791663675,0.02,True,0.9982107147241683,0.9965483204777701,-0.02528909370341481
black_litterman_200bp,Black-Litterman sentiment (2% annual view scale),black_litterman,2021-03-08,False,0.003625427205617902,0.0,0.0,0.003625427205617902,0.02,True,1.0018296550062686,1.000161233870543,-0.021755350266114748
black_litterman_200bp,Black-Litterman sentiment (2% annual view scale),black_litterman,2021-03-09,False,0.00644217105450568,0.0,0.0,0.00644217105450568,0.02,True,1.0082836130112955,1.0066044436212225,-0.015453330899374063
black_litterman_200bp,Black-Litterman sentiment (2% annual view scale),black_litterman,2021-03-10,False,0.009721638287342467,0.0,0.0,0.009721638287342467,0.02,True,1.0180857815880462,1.0163902879205395,-0.005881924305370045
black_litterman_200bp,Black-Litterman sentiment (2% annual view scale),black_litterman,2021-03-11,False,0.007266325236589037,0.0,0.0,0.007266325236589037,0.02,True,1.0254835239958118,1.0237757103198806,0.0
black_litterman_200bp,Black-Litterman sentiment (2% annual view scale),black_litterman,2021-03-12,False,0.005095925010073594,0.0,0.0,0.005095925010073594,0.02,True,1.0307093111331604,1.0289927945668054,0.0
black_litterman_200bp,Black-Litterman sentiment (2% annual view scale),black_litterman,2021-03-15,False,0.007785195130237442,0.0,0.0,0.007785195130237442,0.02,True,1.0387335842428846,1.0370037042601163,0.0
black_litterman_200bp,Black-Litterman sentiment (2% annual view scale),black_litterman,2021-03-16,False,0.002359162910230538,0.0,0.0,0.002359162910230538,0.02,True,1.0411841259884413,1.0394501649369785,0.0
black_litterman_200bp,Black-Litterman sentiment (2% annual view scale),black_litterman,2021-03-17,False,0.0009989283370796566,0.0,0.0,0.0009989283370796566,0.02,True,1.0422241943160087,1.0404885011617162,0.0
black_litterman_200bp,Black-Litterman sentiment (2% annual view scale),black_litterman,2021-03-18,False,-0.015045996674708037,0.0,0.0,-0.015045996674708037,0.02,True,1.0265428925540296,1.024833314633165,-0.015045996674708184
black_litterman_200bp,Black-Litterman sentiment (2% annual view scale),black_litterman,2021-03-19,False,-0.004646126122763466,0.0,0.0,-0.004646126122763466,0.02,True,1.0217734448047973,1.0200718097985695,-0.019622217199278258
black_litterman_200bp,Black-Litterman sentiment (2% annual view scale),black_litterman,2021-03-22,False,0.0076946503376724845,0.0,0.0,0.0076946503376724845,0.02,True,1.0296356341868893,1.0279209056942862,-0.012078552961804156
black_litterman_200bp,Black-Litterman sentiment (2% annual view scale),black_litterman,2021-03-23,False,-0.005290137028259624,0.0,0.0,-0.005290137028259624,0.02,True,1.0241887205928617,1.0224830632489506,-0.01730479278979291
black_litterman_200bp,Black-Litterman sentiment (2% annual view scale),black_litterman,2021-03-24,False,-0.008048421590753259,0.0,0.0,-0.008048421590753259,0.02,True,1.0159456179810362,1.014253688486518,-0.025213938112633283
black_litterman_200bp,Black-Litterman sentiment (2% annual view scale),black_litterman,2021-03-25,False,0.005876801808191121,0.0,0.0,0.005876801808191121,0.02,True,1.021916129025811,1.0202142563969803,-0.01948531362153405
black_litterman_200bp,Black-Litterman sentiment (2% annual view scale),black_litterman,2021-03-26,False,0.019718416188648356,0.0,0.0,0.019718416188648356,0.02,True,1.0420666965678345,1.0403312657062083,-0.00015111695644154377
black_litterman_200bp,Black-Litterman sentiment (2% annual view scale),black_litterman,2021-03-29,False,0.0031680873608436874,0.0,0.0,0.0031680873608436874,0.02,True,1.0453680548983872,1.0436271260401826,0.0
black_litterman_200bp,Black-Litterman sentiment (2% annual view scale),black_litterman,2021-03-30,False,-0.004131472562889832,0.0,0.0,-0.004131472562889832,0.02,True,1.041049145461453,1.03931540920306,-0.004131472562889704
black_litterman_200bp,Black-Litterman sentiment (2% annual view scale),black_litterman,2021-03-31,False,-0.000554578237743323,0.0,0.0,-0.000554578237743323,0.02,True,1.040471802260959,1.0387390274949648,-0.004683759575859869
black_litterman_200bp,Black-Litterman sentiment (2% annual view scale),black_litterman,2021-04-01,True,0.008900252945693998,0.23843042799348782,0.00023843042799348782,0.00866182251770051,0.02,True,1.0497322644839437,1.047736400593335,0.0
black_litterman_200bp,Black-Litterman sentiment (2% annual view scale),black_litterman,2021-04-05,False,0.009146086783007289,0.0,0.0,0.009146086783007289,0.02,True,1.0593332068738366,1.0573190886388772,0.0
black_litterman_200bp,Black-Litterman sentiment (2% annual view scale),black_litterman,2021-04-06,False,0.00500294401766788,0.0,0.0,0.00500294401766788,0.02,True,1.064632991603883,1.0626087968481492,0.0
black_litterman_200bp,Black-Litterman sentiment (2% annual view scale),black_litterman,2021-04-07,False,-0.0017229920052156539,0.0,0.0,-0.0017229920052156539,0.02,True,1.0627986374708607,1.0607779303865081,-0.001722992005215529
black_litterman_200bp,Black-Litterman sentiment (2% annual view scale),black_litterman,2021-04-08,False,-0.003139290296112602,0.0,0.0,-0.003139290296112602,0.02,True,1.0594622040215267,1.0574478405233154,-0.004856873329245892
black_litterman_200bp,Black-Litterman sentiment (2% annual view scale),black_litterman,2021-04-09,False,0.002883843204620667,0.0,0.0,0.002883843204620667,0.02,True,1.0625175268991467,1.0604973542924494,-0.0019870365857714845
black_litterman_200bp,Black-Litterman sentiment (2% annual view scale),black_litterman,2021-04-12,False,0.0019317331588238594,0.0,0.0,0.0019317331588238594,0.02,True,1.0645700272376892,1.062545952196581,-5.914185140820649e-05
black_litterman_200bp,Black-Litterman sentiment (2% annual view scale),black_litterman,2021-04-13,False,0.0019761922325946474,0.0,0.0,0.0019761922325946474,0.02,True,1.0666738222565695,1.064645747254087,0.0
black_litterman_200bp,Black-Litterman sentiment (2% annual view scale),black_litterman,2021-04-14,False,-8.854743926479041e-05,0.0,0.0,-8.854743926479041e-05,0.02,True,1.0665793710210778,1.0645514755994434,-8.854743926478559e-05
black_litterman_200bp,Black-Litterman sentiment (2% annual view scale),black_litterman,2021-04-15,False,0.01030741528190805,0.0,0.0,0.01030741528190805,0.02,True,1.0775730475293084,1.075524249747415,0.0
black_litterman_200bp,Black-Litterman sentiment (2% annual view scale),black_litterman,2021-04-16,False,0.004468061842846492,0.0,0.0,0.004468061842846492,0.02,True,1.082387710545854,1.0803297586087675,0.0
black_litterman_200bp,Black-Litterman sentiment (2% annual view scale),black_litterman,2021-04-19,False,-0.00439540175532031,0.0,0.0,-0.00439540175532031,0.02,True,1.0776301817029836,1.0755812752914538,-0.004395401755320272
black_litterman_200bp,Black-Litterman sentiment (2% annual view scale),black_litterman,2021-04-20,False,-0.008092677887391543,0.0,0.0,-0.008092677887391543,0.02,True,1.0689092677607301,1.0668769424888103,-0.012452509072120255
black_litterman_200bp,Black-Litterman sentiment (2% annual view scale),black_litterman,2021-04-21,False,0.007991297933794052,0.0,0.0,0.007991297933794052,0.02,True,1.0774512401835998,1.0754026739949338,-0.004560722848344634
black_litterman_200bp,Black-Litterman sentiment (2% annual view scale),black_litterman,2021-04-22,False,-0.00832249504916121,0.0,0.0,-0.00832249504916121,0.02,True,1.0684841575714592,1.0664526405647563,-0.012845261304179845
black_litterman_200bp,Black-Litterman sentiment (2% annual view scale),black_litterman,2021-04-23,False,0.006955795505509416,0.0,0.0,0.006955795505509416,0.02,True,1.075916314872403,1.0738706670488354,-0.005978814809517008
black_litterman_200bp,Black-Litterman sentiment (2% annual view scale),black_litterman,2021-04-26,False,-0.0027088765137693086,0.0,0.0,-0.0027088765137693086,0.02,True,1.0730017904362639,1.070961684020041,-0.00867149545226864
black_litterman_200bp,Black-Litterman sentiment (2% annual view scale),black_litterman,2021-04-27,False,0.001546564405215404,0.0,0.0,0.001546564405215404,0.02,True,1.074661256812085,1.0726179952398962,-0.007138342073259474
black_litterman_200bp,Black-Litterman sentiment (2% annual view scale),black_litterman,2021-04-28,False,-0.0032843627840433097,0.0,0.0,-0.0032843627840433097,0.02,True,1.0711316793747583,1.0690951286148351,-0.010399259952257656
black_litterman_200bp,Black-Litterman sentiment (2% annual view scale),black_litterman,2021-04-29,False,0.011282380220301013,0.0,0.0,0.011282380220301013,0.02,True,1.0832165942474739,1.0811570663475394,0.0
black_litterman_200bp,Black-Litterman sentiment (2% annual view scale),black_litterman,2021-04-30,False,-0.0034010556335905915,0.0,0.0,-0.0034010556335905915,0.02,True,1.0795325143472096,1.0774799910162418,-0.0034010556335906106
black_litterman_200bp,Black-Litterman sentiment (2% annual view scale),black_litterman,2021-05-03,True,0.009400289102107263,0.617803716106591,0.000617803716106591,0.008782485386000672,0.02,True,1.0896804320771982,1.08694294329105,0.0
black_litterman_200bp,Black-Litterman sentiment (2% annual view scale),black_litterman,2021-05-04,False,-0.0033226907234063193,0.0,0.0,-0.0033226907234063193,0.02,True,1.0860597610140579,1.0833313680565049,-0.0033226907234062963
black_litterman_200bp,Black-Litterman sentiment (2% annual view scale),black_litterman,2021-05-05,False,0.002719262101065332,0.0,0.0,0.002719262101065332,0.02,True,1.0890130421616755,1.0862772299885564,-0.0006124638892985867
black_litterman_200bp,Black-Litterman sentiment (2% annual view scale),black_litterman,2021-05-06,False,0.0067475877114782055,0.0,0.0,0.0067475877114782055,0.02,True,1.096361253182605,1.0936069808768858,0.0
black_litterman_200bp,Black-Litterman sentiment (2% annual view scale),black_litterman,2021-05-07,False,0.008030917667761926,0.0,0.0,0.008030917667761926,0.02,True,1.1051660401410388,1.102389648501198,0.0
black_litterman_200bp,Black-Litterman sentiment (2% annual view scale),black_litterman,2021-05-10,False,0.0008029796827516301,0.0,0.0,0.0008029796827516301,0.02,True,1.1060534660173391,1.10327484499142,0.0
black_litterman_200bp,Black-Litterman sentiment (2% annual view scale),black_litterman,2021-05-11,False,-0.008988030185936966,0.0,0.0,-0.008988030185936966,0.02,True,1.096112224077515,1.0933585773812522,-0.008988030185936968
black_litterman_200bp,Black-Litterman sentiment (2% annual view scale),black_litterman,2021-05-12,False,-0.015030481473955255,0.0,0.0,-0.015030481473955255,0.02,True,1.079637129600142,1.0769248715395332,-0.023883417238695137
black_litterman_200bp,Black-Litterman sentiment (2% annual view scale),black_litterman,2021-05-13,False,0.010995145215865372,0.0,0.0,0.010995145215865372,0.02,True,1.0915078966205356,1.0887658168886876,-0.013150873663620333
black_litterman_200bp,Black-Litterman sentiment (2% annual view scale),black_litterman,2021-05-14,False,0.009471138891106661,0.0,0.0,0.009471138891106661,0.02,True,1.1018457195101683,1.0990776691603295,-0.0038042885235213264
black_litterman_200bp,Black-Litterman sentiment (2% annual view scale),black_litterman,2021-05-17,False,0.0031033541519579393,0.0,0.0,0.0031033541519579393,0.02,True,1.105265136998627,1.1024884964082422,-0.0007127404261482173
black_litterman_200bp,Black-Litterman sentiment (2% annual view scale),black_litterman,2021-05-18,False,-0.0051144222881814244,0.0,0.0,-0.0051144222881814244,0.02,True,1.0996123443476113,1.0968499046697484,-0.0058235174588083805
black_litterman_200bp,Black-Litterman sentiment (2% annual view scale),black_litterman,2021-05-19,False,-0.006011198625642797,0.0,0.0,-0.006011198625642797,0.02,True,1.093002356134529,1.0902565220302611,-0.011799709764306443
black_litterman_200bp,Black-Litterman sentiment (2% annual view scale),black_litterman,2021-05-20,False,0.00886590697048932,0.0,0.0,0.00886590697048932,0.02,True,1.1026928133425433,1.0999226349285507,-0.003038417922866188
black_litterman_200bp,Black-Litterman sentiment (2% annual view scale),black_litterman,2021-05-21,False,0.0014918612005840781,0.0,0.0,0.0014918612005840781,0.02,True,1.104337877966932,1.101563566831245,-0.0015510896200923163
black_litterman_200bp,Black-Litterman sentiment (2% annual view scale),black_litterman,2021-05-24,False,0.0005389062903950175,0.0,0.0,0.0005389062903950175,0.02,True,1.10493301259609,1.1021572063666802,-0.0010130192216505352
black_litterman_200bp,Black-Litterman sentiment (2% annual view scale),black_litterman,2021-05-25,False,-0.008966714177914892,0.0,0.0,-0.008966714177914892,0.02,True,1.0950253940863983,1.092274477718061,-0.009970649945748145
black_litterman_200bp,Black-Litterman sentiment (2% annual view scale),black_litterman,2021-05-26,False,0.0005126435823094579,0.0,0.0,0.0005126435823094579,0.02,True,1.0955867518271427,1.0928344252191837,-0.009463117753144679
black_litterman_200bp,Black-Litterman sentiment (2% annual view scale),black_litterman,2021-05-27,False,-0.0028163193505297505,0.0,0.0,-0.0028163193505297505,0.02,True,1.0925012296577878,1.089756654480514,-0.012252785942029942
black_litterman_200bp,Black-Litterman sentiment (2% annual view scale),black_litterman,2021-05-28,False,0.004449126195783967,0.0,0.0,0.004449126195783967,0.02,True,1.0973619054975845,1.0946051193589932,-0.007858173937151824
black_litterman_200bp,Black-Litterman sentiment (2% annual view scale),black_litterman,2021-06-01,True,-0.0028718773665690075,0.8403479270658868,0.0008403479270658868,-0.003712225293634894,0.02,True,1.094210416678251,1.0905416985483665,-0.011541227918735464
black_litterman_200bp,Black-Litterman sentiment (2% annual view scale),black_litterman,2021-06-02,False,-0.004664056374408724,0.0,0.0,-0.004664056374408724,0.02,True,1.0891069576093984,1.0854553505876934,-0.016151455355501443
black_litterman_200bp,Black-Litterman sentiment (2% annual view scale),black_litterman,2021-06-03,False,-0.0014400791583308544,0.0,0.0,-0.0014400791583308544,0.02,True,1.0875385573785519,1.0838922089600134,-0.017568275139598022
black_litterman_200bp,Black-Litterman sentiment (2% annual view scale),black_litterman,2021-06-04,False,0.011428119421845186,0.0,0.0,0.011428119421845186,0.02,True,1.0999670778881354,1.0962790585644162,-0.006340928064083817
black_litterman_200bp,Black-Litterman sentiment (2% annual view scale),black_litterman,2021-06-07,False,-0.001176010716964091,0.0,0.0,-0.001176010716964091,0.02,True,1.0986735048162313,1.0949898226427612,-0.007509481781688976
black_litterman_200bp,Black-Litterman sentiment (2% annual view scale),black_litterman,2021-06-08,False,-0.0017453304328771783,0.0,0.0,-0.0017453304328771783,0.02,True,1.0967559565124796,1.093078703581612,-0.009241705687477397
black_litterman_200bp,Black-Litterman sentiment (2% annual view scale),black_litterman,2021-06-09,False,-0.000608755081590394,0.0,0.0,-0.000608755081590394,0.02,True,1.096088300750688,1.0924132863662286,-0.009844834833767968
black_litterman_200bp,Black-Litterman sentiment (2% annual view scale),black_litterman,2021-06-10,False,0.004102248275095199,0.0,0.0,0.004102248275095199,0.02,True,1.1005847270917946,1.0968946368859156,-0.005782972515388063
black_litterman_200bp,Black-Litterman sentiment (2% annual view scale),black_litterman,2021-06-11,False,0.0028083369886397654,0.0,0.0,0.0028083369886397654,0.02,True,1.1036755398900184,1.099975086667323,-0.0029908760623674757
black_litterman_200bp,Black-Litterman sentiment (2% annual view scale),black_litterman,2021-06-14,False,0.0015458956015165877,0.0,0.0,0.0015458956015165877,0.02,True,1.105381707052636,1.1016755333155799,-0.0014496040430003188
black_litterman_200bp,Black-Litterman sentiment (2% annual view scale),black_litterman,2021-06-15,False,-0.008972061347012002,0.0,0.0,-0.008972061347012002,0.02,True,1.095464154565095,1.0917912328461703,-0.010408659453609692
black_litterman_200bp,Black-Litterman sentiment (2% annual view scale),black_litterman,2021-06-16,False,-0.010797611589068076,0.0,0.0,-0.010797611589068076,0.02,True,1.083635758114354,1.0800024951775475,-0.02109388238073484
black_litterman_200bp,Black-Litterman sentiment (2% annual view scale),black_litterman,2021-06-17,False,0.0009301256701738125,0.0,0.0,0.0009301256701738125,0.02,True,1.0846436755500946,1.081007033222164,-0.02018337667204695
black_litterman_200bp,Black-Litterman sentiment (2% annual view scale),black_litterman,2021-06-18,False,-0.011558669817687071,0.0,0.0,-0.011558669817687071,0.02,True,1.0721066374345685,1.0685120298545514,-0.031508753502975884
black_litterman_200bp,Black-Litterman sentiment (2% annual view scale),black_litterman,2021-06-21,False,0.010458745420017644,0.0,0.0,0.010458745420017644,0.02,True,1.0833195278186076,1.0796873251530263,-0.02137955011434811
black_litterman_200bp,Black-Litterman sentiment (2% annual view scale),black_litterman,2021-06-22,False,0.002537958206932527,0.0,0.0,0.002537958206932527,0.02,True,1.0860689475049652,1.0824275264608194,-0.0188958523120889
black_litterman_200bp,Black-Litterman sentiment (2% annual view scale),black_litterman,2021-06-23,False,-0.008529145863785151,0.0,0.0,-0.008529145863785151,0.02,True,1.0768057070335677,1.073195344200659,-0.027263832695283652
black_litterman_200bp,Black-Litterman sentiment (2% annual view scale),black_litterman,2021-06-24,False,0.006363962881862308,0.0,0.0,0.006363962881862308,0.02,True,1.083658458584107,1.0800251195361394,-0.021073375832711405
black_litterman_200bp,Black-Litterman sentiment (2% annual view scale),black_litterman,2021-06-25,False,0.012954737542195147,0.0,0.0,0.012954737542195147,0.02,True,1.097696969500444,1.094016561498708,-0.00839163834355705
black_litterman_200bp,Black-Litterman sentiment (2% annual view scale),black_litterman,2021-06-28,False,0.0027591673756427117,0.0,0.0,0.0027591673756427117,0.02,True,1.1007256991670313,1.097035136303608,-0.00565562490266025
black_litterman_200bp,Black-Litterman sentiment (2% annual view scale),black_litterman,2021-06-29,False,-0.0008036854353221869,0.0,0.0,-0.0008036854353221869,0.02,True,1.099841061954326,1.096153465142524,-0.00645476499462061
black_litterman_200bp,Black-Litterman sentiment (2% annual view scale),black_litterman,2021-06-30,False,-0.00017557750992274439,0.0,0.0,-0.00017557750992274439,0.02,True,1.0996479545993574,1.095961005246621,-0.00662920919297838
black_litterman_200bp,Black-Litterman sentiment (2% annual view scale),black_litterman,2021-07-01,True,0.0035343661159355846,0.7857054998138425,0.0007857054998138426,0.002748660616121742,0.02,True,1.103534513069551,1.0989734300985476,-0.003898770023081477
black_litterman_200bp,Black-Litterman sentiment (2% annual view scale),black_litterman,2021-07-02,False,0.0033833998199939014,0.0,0.0,0.0033833998199939014,0.02,True,1.1072682115424277,1.1026916966041211,-0.0005285613008818579
black_litterman_200bp,Black-Litterman sentiment (2% annual view scale),black_litterman,2021-07-06,False,-0.007282949499018608,0.0,0.0,-0.007282949499018608,0.02,True,1.0992040330758954,1.0946608486647662,-0.007807661314638947
black_litterman_200bp,Black-Litterman sentiment (2% annual view scale),black_litterman,2021-07-07,False,-0.001389155435789231,0.0,0.0,-0.001389155435789231,0.02,True,1.0976770678183065,1.0931401945964978,-0.009185970695272272
black_litterman_200bp,Black-Litterman sentiment (2% annual view scale),black_litterman,2021-07-08,False,-0.009508304885601858,0.0,0.0,-0.009508304885601858,0.02,True,1.0872400195915566,1.0827462843435682,-0.018606932570833234
black_litterman_200bp,Black-Litterman sentiment (2% annual view scale),black_litterman,2021-07-09,False,0.01233579127677836,0.0,0.0,0.01233579127677836,0.02,True,1.1006519855409984,1.0961028165129378,-0.006500672530549645
black_litterman_200bp,Black-Litterman sentiment (2% annual view scale),black_litterman,2021-07-12,False,0.006443726923487944,0.0,0.0,0.006443726923487944,0.02,True,1.1077442863736195,1.1031658037426133,-9.883416566758285e-05
black_litterman_200bp,Black-Litterman sentiment (2% annual view scale),black_litterman,2021-07-13,False,-0.0035410479264445472,0.0,0.0,-0.0035410479264445472,0.02,True,1.1038217107653254,1.099259440760746,-0.003639532115594646
black_litterman_200bp,Black-Litterman sentiment (2% annual view scale),black_litterman,2021-07-14,False,0.0007447993340475153,0.0,0.0,0.0007447993340475153,0.02,True,1.1046438364404105,1.1000781684601701,-0.0028974435026429823
black_litterman_200bp,Black-Litterman sentiment (2% annual view scale),black_litterman,2021-07-15,False,-0.0015602197019937908,0.0,0.0,-0.0015602197019937908,0.02,True,1.1029203493631101,1.0983618048280053,-0.004453142556198664
black_litterman_200bp,Black-Litterman sentiment (2% annual view scale),black_litterman,2021-07-16,False,-0.005625889213008468,0.0,0.0,-0.005625889213008468,0.02,True,1.0967154416668208,1.092182542998243,-0.010053978882536119
black_litterman_200bp,Black-Litterman sentiment (2% annual view scale),black_litterman,2021-07-19,False,-0.01618599977038801,0.0,0.0,-0.01618599977038801,0.02,True,1.0789640057798207,1.0745044766080516,-0.02607724495303998
black_litterman_200bp,Black-Litterman sentiment (2% annual view scale),black_litterman,2021-07-20,False,0.010057574550079985,0.0,0.0,0.010057574550079985,0.02,True,1.089815766704804,1.0853113854859318,-0.016281944238135893
black_litterman_200bp,Black-Litterman sentiment (2% annual view scale),black_litterman,2021-07-21,False,0.007597971954919319,0.0,0.0,0.007597971954919319,0.02,True,1.0980961563362561,1.0935575509552085,-0.00880768203890947
black_litterman_200bp,Black-Litterman sentiment (2% annual view scale),black_litterman,2021-07-22,False,-0.002044442731188164,0.0,0.0,-0.002044442731188164,0.02,True,1.0958511616312887,1.0913218351690221,-0.010834117968574586
black_litterman_200bp,Black-Litterman sentiment (2% annual view scale),black_litterman,2021-07-23,False,0.00449733712729585,0.0,0.0,0.00449733712729585,0.02,True,1.1007795737464834,1.0962298773761565,-0.006385505522260249
black_litterman_200bp,Black-Litterman sentiment (2% annual view scale),black_litterman,2021-07-26,False,0.00317963997172836,0.0,0.0,0.00317963997172836,0.02,True,1.1042796564792299,1.0997154937124647,-0.003226169159130099
black_litterman_200bp,Black-Litterman sentiment (2% annual view scale),black_litterman,2021-07-27,False,-0.002154882896883121,0.0,0.0,-0.002154882896883121,0.02,True,1.1019000631341067,1.0973457356036262,-0.005374100039269858
black_litterman_200bp,Black-Litterman sentiment (2% annual view scale),black_litterman,2021-07-28,False,0.004202950477526295,0.0,0.0,0.004202950477526295,0.02,True,1.1065312945306425,1.101957825387093,-0.0011937366380698755
black_litterman_200bp,Black-Litterman sentiment (2% annual view scale),black_litterman,2021-07-29,False,0.006222056821240407,0.0,0.0,0.006222056821240407,0.02,True,1.1134161951196928,1.108814269591262,0.0
black_litterman_200bp,Black-Litterman sentiment (2% annual view scale),black_litterman,2021-07-30,False,-0.004489815921008517,0.0,0.0,-0.004489815921008517,0.02,True,1.1084171613601357,1.1038358976302096,-0.004489815921008611
black_litterman_200bp,Black-Litterman sentiment (2% annual view scale),black_litterman,2021-08-02,True,-0.0024609377169373843,0.45652326342719324,0.0004565232634271933,-0.0029174609803645775,0.02,True,1.105689415761644,1.1006154994701478,-0.0073941780386145295
black_litterman_200bp,Black-Litterman sentiment (2% annual view scale),black_litterman,2021-08-03,False,0.010796408832398493,0.0,0.0,0.010796408832398493,0.02,True,1.1176268907358624,1.1124981943697019,0.0
black_litterman_200bp,Black-Litterman sentiment (2% annual view scale),black_litterman,2021-08-04,False,-0.009770521760135292,0.0,0.0,-0.009770521760135292,0.02,True,1.1067070928802154,1.1016285065535014,-0.009770521760135376
black_litterman_200bp,Black-Litterman sentiment (2% annual view scale),black_litterman,2021-08-05,False,0.0035541589880059145,0.0,0.0,0.0035541589880059145,0.02,True,1.1106405058414655,1.105543869411512,-0.00625108875986069
black_litterman_200bp,Black-Litterman sentiment (2% annual view scale),black_litterman,2021-08-06,False,0.0003958872132595185,0.0,0.0,0.0003958872132595185,0.02,True,1.111080194216256,1.1059815400931094,-0.005857676272710277
black_litterman_200bp,Black-Litterman sentiment (2% annual view scale),black_litterman,2021-08-09,False,-0.002086157353700975,0.0,0.0,-0.002086157353700975,0.02,True,1.1087623060985403,1.1036742885701867,-0.007931613591979358
black_litterman_200bp,Black-Litterman sentiment (2% annual view scale),black_litterman,2021-08-10,False,0.005447423434528085,0.0,0.0,0.005447423434528085,0.02,True,1.114802203868103,1.10968646975383,-0.002527397015205879
black_litterman_200bp,Black-Litterman sentiment (2% annual view scale),black_litterman,2021-08-11,False,0.0062662609318625065,0.0,0.0,0.0062662609318625065,0.02,True,1.1217878453649557,1.1166400547258648,0.0
black_litterman_200bp,Black-Litterman sentiment (2% annual view scale),black_litterman,2021-08-12,False,0.004912865191717783,0.0,0.0,0.004912865191717783,0.02,True,1.1272990378229413,1.1221259567824053,0.0
black_litterman_200bp,Black-Litterman sentiment (2% annual view scale),black_litterman,2021-08-13,False,0.0021653123973224657,0.0,0.0,0.0021653123973224657,0.02,True,1.1297399924050289,1.1245557100279835,0.0
black_litterman_200bp,Black-Litterman sentiment (2% annual view scale),black_litterman,2021-08-16,False,0.00317772911321405,0.0,0.0,0.00317772911321405,0.02,True,1.1333300000692565,1.1281292434471704,0.0
black_litterman_200bp,Black-Litterman sentiment (2% annual view scale),black_litterman,2021-08-17,False,-0.0010220882743561589,0.0,0.0,-0.0010220882743561589,0.02,True,1.1321716367652097,1.1269761957754847,-0.0010220882743562365
black_litterman_200bp,Black-Litterman sentiment (2% annual view scale),black_litterman,2021-08-18,False,-0.015006562495709544,0.0,0.0,-0.015006562495709544,0.02,True,1.1151816323422228,1.1100641570624028,-0.016013312738500596
black_litterman_200bp,Black-Litterman sentiment (2% annual view scale),black_litterman,2021-08-19,False,-0.001594172341677711,0.0,0.0,-0.001594172341677711,0.02,True,1.1134038406279958,1.1082945234857262,-0.017581957099911838
black_litterman_200bp,Black-Litterman sentiment (2% annual view scale),black_litterman,2021-08-20,False,0.0053117981087097135,0.0,0.0,0.0053117981087097135,0.02,True,1.1193180170428736,1.114181560239471,-0.012363550797672929
black_litterman_200bp,Black-Litterman sentiment (2% annual view scale),black_litterman,2021-08-23,False,0.007844854449747703,0.0,0.0,0.007844854449747703,0.02,True,1.1280989039695553,1.1229221524101425,-0.004615686604414915
black_litterman_200bp,Black-Litterman sentiment (2% annual view scale),black_litterman,2021-08-24,False,0.0006167541876941333,0.0,0.0,0.0006167541876941333,0.02,True,1.1287946636927115,1.1236147193500958,-0.004001779160763275
black_litterman_200bp,Black-Litterman sentiment (2% annual view scale),black_litterman,2021-08-25,False,-0.0009616531502434461,0.0,0.0,-0.0009616531502434461,0.02,True,1.1277091547483935,1.122534191715573,-0.004959583987470206
black_litterman_200bp,Black-Litterman sentiment (2% annual view scale),black_litterman,2021-08-26,False,-0.004295433579477631,0.0,0.0,-0.004295433579477631,0.02,True,1.122865154977203,1.117712420654366,-0.009233714003347826
black_litterman_200bp,Black-Litterman sentiment (2% annual view scale),black_litterman,2021-08-27,False,0.006883813328046094,0.0,0.0,0.006883813328046094,0.02,True,1.1305947490966335,1.1254065443125891,-0.002413463838825458
black_litterman_200bp,Black-Litterman sentiment (2% annual view scale),black_litterman,2021-08-30,False,0.0017175506330387525,0.0,0.0,0.0017175506330387525,0.02,True,1.1325366028236545,1.1273394870351992,-0.0007000584521308362
black_litterman_200bp,Black-Litterman sentiment (2% annual view scale),black_litterman,2021-08-31,False,0.000195806713218785,0.0,0.0,0.000195806713218785,0.02,True,1.1327583610934535,1.1275602276748373,-0.0005043888150566556
black_litterman_200bp,Black-Litterman sentiment (2% annual view scale),black_litterman,2021-09-01,True,-0.0009176131959410676,0.6281427850412983,0.0006281427850412983,-0.0015457559809823659,0.02,True,1.1317189270735015,1.125817294708991,-0.0020493651340114383
black_litterman_200bp,Black-Litterman sentiment (2% annual view scale),black_litterman,2021-09-02,False,0.002121545847104087,0.0,0.0,0.002121545847104087,0.02,True,1.1341199206633232,1.1282057677151789,0.0
black_litterman_200bp,Black-Litterman sentiment (2% annual view scale),black_litterman,2021-09-03,False,-0.0026406516897475225,0.0,0.0,-0.0026406516897475225,0.02,True,1.1311251049784474,1.125226569248279,-0.002640651689747364
black_litterman_200bp,Black-Litterman sentiment (2% annual view scale),black_litterman,2021-09-07,False,-0.008324741386645986,0.0,0.0,-0.008324741386645986,0.02,True,1.121708781003559,1.1158593490579043,-0.010943410333983938
black_litterman_200bp,Black-Litterman sentiment (2% annual view scale),black_litterman,2021-09-08,False,1.804816048024769e-05,0.0,0.0,1.804816048024769e-05,0.02,True,1.1217290257836507,1.1158794882665095,-0.010925559681929542
black_litterman_200bp,Black-Litterman sentiment (2% annual view scale),black_litterman,2021-09-09,False,-0.004095187211770814,0.0,0.0,-0.004095187211770814,0.02,True,1.1171353354221893,1.1113097528562832,-0.014976004681409472
black_litterman_200bp,Black-Litterman sentiment (2% annual view scale),black_litterman,2021-09-10,False,-0.004490594617941522,0.0,0.0,-0.004490594617941522,0.02,True,1.11211873349743,1.1063193112612408,-0.01939934813333044
black_litterman_200bp,Black-Litterman sentiment (2% annual view scale),black_litterman,2021-09-13,False,0.002868212820555727,0.0,0.0,0.002868212820555727,0.02,True,1.1153085267068277,1.1094924704934286,-0.016586776771801204
black_litterman_200bp,Black-Litterman sentiment (2% annual view scale),black_litterman,2021-09-14,False,-0.009097960585873872,0.0,0.0,-0.009097960585873872,0.02,True,1.1051614936897598,1.0993983517265555,-0.025533831516358574
black_litterman_200bp,Black-Litterman sentiment (2% annual view scale),black_litterman,2021-09-15,False,0.002350411456659032,0.0,0.0,0.002350411456659032,0.02,True,1.1077590779259867,1.1019823902078858,-0.023243435069827845
black_litterman_200bp,Black-Litterman sentiment (2% annual view scale),black_litterman,2021-09-16,False,-0.004065140447639601,0.0,0.0,-0.004065140447639601,0.02,True,1.10325588169207,1.0975026770208651,-0.027214087689423128
black_litterman_200bp,Black-Litterman sentiment (2% annual view scale),black_litterman,2021-09-17,False,-0.008749424094163698,0.0,0.0,-0.008749424094163698,0.02,True,1.0936030280987654,1.0879001606551297,-0.03572540418905612
black_litterman_200bp,Black-Litterman sentiment (2% annual view scale),black_litterman,2021-09-20,False,-0.01647791973970473,0.0,0.0,-0.01647791973970473,0.02,True,1.075582725174656,1.0699738291230427,-0.05161464358586498
black_litterman_200bp,Black-Litterman sentiment (2% annual view scale),black_litterman,2021-09-21,False,-0.004205283921394981,0.0,0.0,-0.004205283921394981,0.02,True,1.0710595944343488,1.0654742853831183,-0.055602873276479725
black_litterman_200bp,Black-Litterman sentiment (2% annual view scale),black_litterman,2021-09-22,False,0.008131178556755752,0.0,0.0,0.008131178556755752,0.02,True,1.079768571241621,1.0741378470452,-0.04792381161060377
black_litterman_200bp,Black-Litterman sentiment (2% annual view scale),black_litterman,2021-09-23,False,0.010310913573022464,0.0,0.0,0.010310913573022464,0.02,True,1.090901971658559,1.0852131895515955,-0.03810703631718804
black_litterman_200bp,Black-Litterman sentiment (2% annual view scale),black_litterman,2021-09-24,False,-0.004919072317479611,0.0,0.0,-0.004919072317479611,0.02,True,1.0855357459686896,1.0798749473923086,-0.04283865736721848
black_litterman_200bp,Black-Litterman sentiment (2% annual view scale),black_litterman,2021-09-27,False,0.001649389939029476,0.0,0.0,0.001649389939029476,0.02,True,1.0873262177065472,1.0816560822659476,-0.04125992507865195
black_litterman_200bp,Black-Litterman sentiment (2% annual view scale),black_litterman,2021-09-28,False,-0.014317287350578092,0.0,0.0,-0.014317287350578092,0.02,True,1.0717586558038252,1.0661697013216453,-0.054986482225815814
black_litterman_200bp,Black-Litterman sentiment (2% annual view scale),black_litterman,2021-09-29,False,0.0026602072245110213,0.0,0.0,0.0026602072245110213,0.02,True,1.0746097559229268,1.069005933663656,-0.05247255043857235
black_litterman_200bp,Black-Litterman sentiment (2% annual view scale),black_litterman,2021-09-30,False,-0.012417610631973997,0.0,0.0,-0.012417610631973997,0.02,True,1.0612656703925554,1.0557314342161508,-0.06423857737033356
black_litterman_200bp,Black-Litterman sentiment (2% annual view scale),black_litterman,2021-10-01,True,0.010287967647447993,0.5158839908594391,0.0005158839908594392,0.009772083656588553,0.02,True,1.0721839372749011,1.0660481301102014,-0.05509423846578798
black_litterman_200bp,Black-Litterman sentiment (2% annual view scale),black_litterman,2021-10-04,False,-0.009181859181919081,0.0,0.0,-0.009181859181919081,0.02,True,1.0623392953457276,1.0562598262983813,-0.06377023010837923
black_litterman_200bp,Black-Litterman sentiment (2% annual view scale),black_litterman,2021-10-05,False,0.007689977928059836,0.0,0.0,0.007689977928059836,0.02,True,1.0705086610790469,1.0643824410489122,-0.05657064384232002
black_litterman_200bp,Black-Litterman sentiment (2% annual view scale),black_litterman,2021-10-06,False,-0.0010892175117422267,0.0,0.0,-0.0010892175117422267,0.02,True,1.0693426442989278,1.0632230970549308,-0.0575982436181387
black_litterman_200bp,Black-Litterman sentiment (2% annual view scale),black_litterman,2021-10-07,False,0.011125482319600644,0.0,0.0,0.011125482319600644,0.02,True,1.0812395969816704,1.0750519668230063,-0.047113569539551925
black_litterman_200bp,Black-Litterman sentiment (2% annual view scale),black_litterman,2021-10-08,False,-0.00308498781523273,0.0,0.0,-0.00308498781523273,0.02,True,1.0779039859996349,1.0717354446046155,-0.050053212566822824
black_litterman_200bp,Black-Litterman sentiment (2% annual view scale),black_litterman,2021-10-11,False,-0.008431166449669285,0.0,0.0,-0.008431166449669285,0.02,True,1.06881599807691,1.0626994646811436,-0.058062372050000643
black_litterman_200bp,Black-Litterman sentiment (2% annual view scale),black_litterman,2021-10-12,False,-0.001721972441765664,0.0,0.0,-0.001721972441765664,0.02,True,1.0669755263829035,1.0608695254890836,-0.05968436268719257
black_litterman_200bp,Black-Litterman sentiment (2% annual view scale),black_litterman,2021-10-13,False,0.004009874312932426,0.0,0.0,0.004009874312932426,0.02,True,1.0712539641386738,1.0651234789487152,-0.05591381516708316
black_litterman_200bp,Black-Litterman sentiment (2% annual view scale),black_litterman,2021-10-14,False,0.01584085697390333,0.0,0.0,0.01584085697390333,0.02,True,1.0882235449673214,1.081995947638288,-0.04095868094210686
black_litterman_200bp,Black-Litterman sentiment (2% annual view scale),black_litterman,2021-10-15,False,0.0027937625690047123,0.0,0.0,0.0027937625690047123,0.02,True,1.0912637831739607,1.0850187874166146,-0.038279347202794134
black_litterman_200bp,Black-Litterman sentiment (2% annual view scale),black_litterman,2021-10-18,False,0.0038985688308019917,0.0,0.0,0.0038985688308019917,0.02,True,1.0955181501452258,1.0892488078420717,-0.03453001304186032
black_litterman_200bp,Black-Litterman sentiment (2% annual view scale),black_litterman,2021-10-19,False,0.00737135229059744,0.0,0.0,0.00737135229059744,0.02,True,1.1035936003706899,1.097278044536789,-0.02741319364199335
black_litterman_200bp,Black-Litterman sentiment (2% annual view scale),black_litterman,2021-10-20,False,0.00723386543155243,0.0,0.0,0.00723386543155243,0.02,True,1.111576847966894,1.1052156062519651,-0.02037763156429606
black_litterman_200bp,Black-Litterman sentiment (2% annual view scale),black_litterman,2021-10-21,False,0.0051631584111229605,0.0,0.0,0.0051631584111229605,0.02,True,1.1173160953190837,1.1109220095054892,-0.015319686092983176
black_litterman_200bp,Black-Litterman sentiment (2% annual view scale),black_litterman,2021-10-22,False,-0.0008391764684066521,0.0,0.0,-0.0008391764684066521,0.02,True,1.11637846994412,1.1099897498968772,-0.016146006641317268
black_litterman_200bp,Black-Litterman sentiment (2% annual view scale),black_litterman,2021-10-25,False,0.007878140154828017,0.0,0.0,0.007878140154828017,0.02,True,1.1251734559961721,1.1187344047169872,-0.008395066989750455
black_litterman_200bp,Black-Litterman sentiment (2% annual view scale),black_litterman,2021-10-26,False,0.007534333043160316,0.0,0.0,0.007534333043160316,0.02,True,1.133650887544971,1.1271633223089665,-0.0009239851772105956
black_litterman_200bp,Black-Litterman sentiment (2% annual view scale),black_litterman,2021-10-27,False,-0.016953269975706328,0.0,0.0,-0.016953269975706328,0.02,True,1.1144317979902219,1.1080542181991486,-0.01786159058275405
black_litterman_200bp,Black-Litterman sentiment (2% annual view scale),black_litterman,2021-10-28,False,0.009942636083983963,0.0,0.0,0.009942636083983963,0.02,True,1.1255121877980587,1.1190711980520263,-0.008096545793815468
black_litterman_200bp,Black-Litterman sentiment (2% annual view scale),black_litterman,2021-10-29,False,-0.0014354968063947091,0.0,0.0,-0.0014354968063947091,0.02,True,1.1238965186469163,1.1174647749210944,-0.009520420034580201
black_litterman_200bp,Black-Litterman sentiment (2% annual view scale),black_litterman,2021-11-01,True,0.009450984269338415,0.5839866878777503,0.0005839866878777503,0.008866997581460666,0.02,True,1.1345184469650125,1.127373332377687,-0.0007378399945406899
black_litterman_200bp,Black-Litterman sentiment (2% annual view scale),black_litterman,2021-11-02,False,0.0009426901870566089,0.0,0.0,0.0009426901870566089,0.02,True,1.1355879463720011,1.1284360961552689,0.0
black_litterman_200bp,Black-Litterman sentiment (2% annual view scale),black_litterman,2021-11-03,False,0.002818892711438226,0.0,0.0,0.002818892711438226,0.02,True,1.1387890469572264,1.1316170364420448,0.0
black_litterman_200bp,Black-Litterman sentiment (2% annual view scale),black_litterman,2021-11-04,False,0.005472542486845704,0.0,0.0,0.005472542486845704,0.02,True,1.1450211184002546,1.1378098587528125,0.0
black_litterman_200bp,Black-Litterman sentiment (2% annual view scale),black_litterman,2021-11-05,False,-0.0008536954345411598,0.0,0.0,-0.0008536954345411598,0.02,True,1.144043619099023,1.1368385156710192,-0.0008536954345411685
black_litterman_200bp,Black-Litterman sentiment (2% annual view scale),black_litterman,2021-11-08,False,0.0016758793156535275,0.0,0.0,0.0016758793156535275,0.02,True,1.1459608981364764,1.1387437198246706,0.0
black_litterman_200bp,Black-Litterman sentiment (2% annual view scale),black_litterman,2021-11-09,False,3.668615010102294e-05,0.0,0.0,3.668615010102294e-05,0.02,True,1.1460029390299955,1.1387854959477028,0.0
black_litterman_200bp,Black-Litterman sentiment (2% annual view scale),black_litterman,2021-11-10,False,-0.008163205734483016,0.0,0.0,-0.008163205734483016,0.02,True,1.1366478812663714,1.1294893556568364,-0.008163205734483037
black_litterman_200bp,Black-Litterman sentiment (2% annual view scale),black_litterman,2021-11-11,False,0.005354729341932428,0.0,0.0,0.005354729341932428,0.02,True,1.142734323027634,1.1355374654509724,-0.0028521881498212442
black_litterman_200bp,Black-Litterman sentiment (2% annual view scale),black_litterman,2021-11-12,False,0.0019625790244414904,0.0,0.0,0.0019625790244414904,0.02,True,1.1449770294405173,1.137766047462134,-0.0008952067700163102
black_litterman_200bp,Black-Litterman sentiment (2% annual view scale),black_litterman,2021-11-15,False,-0.006837156043194301,0.0,0.0,-0.006837156043194301,0.02,True,1.1371486428243593,1.129986963454987,-0.007726242144833084
black_litterman_200bp,Black-Litterman sentiment (2% annual view scale),black_litterman,2021-11-16,False,-0.00059479927494171,0.0,0.0,-0.00059479927494171,0.02,True,1.1364722676361065,1.1293148480284305,-0.008316445856549004
black_litterman_200bp,Black-Litterman sentiment (2% annual view scale),black_litterman,2021-11-17,False,-0.006364760259133243,0.0,0.0,-0.006364760259133243,0.02,True,1.1292388941114493,1.12212702976365,-0.014628273931597158
black_litterman_200bp,Black-Litterman sentiment (2% annual view scale),black_litterman,2021-11-18,False,-0.003434388031513876,0.0,0.0,-0.003434388031513876,0.02,True,1.125360649568793,1.1182732101227917,-0.018012422794198568
black_litterman_200bp,Black-Litterman sentiment (2% annual view scale),black_litterman,2021-11-19,False,-0.01491334322913565,0.0,0.0,-0.01491334322913565,0.02,True,1.1085777599452105,1.1015960179162831,-0.03265714057981606
black_litterman_200bp,Black-Litterman sentiment (2% annual view scale),black_litterman,2021-11-22,False,-0.0029861365462284426,0.0,0.0,-0.0029861365462284426,0.02,True,1.1052673953819019,1.0983065017880036,-0.0355457584450638
black_litterman_200bp,Black-Litterman sentiment (2% annual view scale),black_litterman,2021-11-23,False,0.011056493579695594,0.0,0.0,0.011056493579695594,0.02,True,1.1174877772427887,1.1104499205735605,-0.02488227631540152
black_litterman_200bp,Black-Litterman sentiment (2% annual view scale),black_litterman,2021-11-24,False,0.0010374343715875204,0.0,0.0,0.0010374343715875204,0.02,True,1.1186470974727294,1.1116019394890901,-0.023870655672507013
black_litterman_200bp,Black-Litterman sentiment (2% annual view scale),black_litterman,2021-11-26,False,-0.016797980505240017,0.0,0.0,-0.016797980505240017,0.02,True,1.099856085337139,1.0929292717799655,-0.040267657369112864
black_litterman_200bp,Black-Litterman sentiment (2% annual view scale),black_litterman,2021-11-29,False,0.005965632513167656,0.0,0.0,0.005965632513167656,0.02,True,1.1064174225596315,1.0994492861782885,-0.034542246901975604
black_litterman_200bp,Black-Litterman sentiment (2% annual view scale),black_litterman,2021-11-30,False,-0.02400462832185494,0.0,0.0,-0.02400462832185494,0.02,True,1.0798582835622628,1.07305741470485,-0.057717701425546886
black_litterman_200bp,Black-Litterman sentiment (2% annual view scale),black_litterman,2021-12-01,True,-0.011733249468252768,0.7369200394694502,0.0007369200394694502,-0.012470169507722218,0.02,True,1.0671880369308675,1.0596762068519623,-0.06946812141289649
black_litterman_200bp,Black-Litterman sentiment (2% annual view scale),black_litterman,2021-12-02,False,0.022587253867581775,0.0,0.0,0.022587253867581775,0.02,True,1.0912928840454712,1.0836113823535636,-0.048449961639371875
black_litterman_200bp,Black-Litterman sentiment (2% annual view scale),black_litterman,2021-12-03,False,0.0023504319450800572,0.0,0.0,0.0023504319450800572,0.02,True,1.0938578937015702,1.0861583371626997,-0.04621340803186691
black_litterman_200bp,Black-Litterman sentiment (2% annual view scale),black_litterman,2021-12-06,False,0.014268633153863747,0.0,0.0,0.014268633153863747,0.02,True,1.109465750709256,1.1016563320226849,-0.03260417704399976
black_litterman_200bp,Black-Litterman sentiment (2% annual view scale),black_litterman,2021-12-07,False,0.010491547834391988,0.0,0.0,0.010491547834391988,0.02,True,1.1211057637034416,1.1132144121271617,-0.02245469749266593
black_litterman_200bp,Black-Litterman sentiment (2% annual view scale),black_litterman,2021-12-08,False,-0.002453170131501283,0.0,0.0,-0.002453170131501283,0.02,True,1.1183555005296704,1.1104835077813746,-0.024852782430966225
black_litterman_200bp,Black-Litterman sentiment (2% annual view scale),black_litterman,2021-12-09,False,-0.001702400779816143,0.0,0.0,-0.001702400779816143,0.02,True,1.116451611253457,1.1085930197917546,-0.02651287381459133
black_litterman_200bp,Black-Litterman sentiment (2% annual view scale),black_litterman,2021-12-10,False,0.006520508950563506,0.0,0.0,0.006520508950563506,0.02,True,1.1237314439775064,1.115821610499839,-0.020165242295040908
black_litterman_200bp,Black-Litterman sentiment (2% annual view scale),black_litterman,2021-12-13,False,-0.0045840125462651635,0.0,0.0,-0.0045840125462651635,0.02,True,1.118580244939681,1.110706670237914,-0.024656817117627128
black_litterman_200bp,Black-Litterman sentiment (2% annual view scale),black_litterman,2021-12-14,False,0.0008541700886192066,0.0,0.0,0.0008541700886192066,0.02,True,1.1195357027266286,1.111655402652861,-0.023823708144670497
black_litterman_200bp,Black-Litterman sentiment (2% annual view scale),black_litterman,2021-12-15,False,0.004734635675553067,0.0,0.0,0.004734635675553067,0.02,True,1.1248362964048135,1.1169186859811824,-0.01920186904762322
black_litterman_200bp,Black-Litterman sentiment (2% annual view scale),black_litterman,2021-12-16,False,0.00423287874005829,0.0,0.0,0.00423287874005829,0.02,True,1.1295975920499113,1.121646467341446,-0.015050269490826107
black_litterman_200bp,Black-Litterman sentiment (2% annual view scale),black_litterman,2021-12-17,False,-0.01905858628958041,0.0,0.0,-0.01905858628958041,0.02,True,1.1080690588693258,1.1002694713572159,-0.03382201892063419
black_litterman_200bp,Black-Litterman sentiment (2% annual view scale),black_litterman,2021-12-20,False,-0.009476052421713023,0.0,0.0,-0.009476052421713023,0.02,True,1.097568938380602,1.0898432601686243,-0.0429775721180472
black_litterman_200bp,Black-Litterman sentiment (2% annual view scale),black_litterman,2021-12-21,False,0.017234225304691944,0.0,0.0,0.017234225304691944,0.02,True,1.116484688752085,1.1086258644611704,-0.026484031974286282
black_litterman_200bp,Black-Litterman sentiment (2% annual view scale),black_litterman,2021-12-22,False,0.0047456635598485605,0.0,0.0,0.0047456635598485605,0.02,True,1.1217831494546247,1.1138870298276495,-0.021864052719895888
black_litterman_200bp,Black-Litterman sentiment (2% annual view scale),black_litterman,2021-12-23,False,0.004067812553709874,0.0,0.0,0.004067812553709874,0.02,True,1.1263463530325164,1.1184181134709972,-0.017885179034314858
black_litterman_200bp,Black-Litterman sentiment (2% annual view scale),black_litterman,2021-12-27,False,0.007750776567450511,0.0,0.0,0.007750776567450511,0.02,True,1.1350764119524341,1.1270867223775003,-0.010273026493428206
black_litterman_200bp,Black-Litterman sentiment (2% annual view scale),black_litterman,2021-12-28,False,0.004205118779272654,0.0,0.0,0.004205118779272654,0.02,True,1.1398495430882447,1.1318262559196388,-0.00611110701078299
black_litterman_200bp,Black-Litterman sentiment (2% annual view scale),black_litterman,2021-12-29,False,0.0022119068488862807,0.0,0.0,0.0022119068488862807,0.02,True,1.1423707840993016,1.134329750166857,-0.003912717361348017
black_litterman_200bp,Black-Litterman sentiment (2% annual view scale),black_litterman,2021-12-30,False,-0.0009009766541291192,0.0,0.0,-0.0009009766541291192,0.02,True,1.141341534692469,1.1333077455438725,-0.004810168748480392
black_litterman_200bp,Black-Litterman sentiment (2% annual view scale),black_litterman,2021-12-31,False,-0.00047243865028726104,0.0,0.0,-0.00047243865028726104,0.02,True,1.140802320838302,1.1327723271622077,-0.005280334889136373
black_litterman_200bp,Black-Litterman sentiment (2% annual view scale),black_litterman,2022-01-03,True,0.014647886534815618,0.6785563138570403,0.0006785563138570403,0.013969330220958578,0.02,True,1.1575126637925959,1.1485963978655,0.0
black_litterman_200bp,Black-Litterman sentiment (2% annual view scale),black_litterman,2022-01-04,False,0.005170278274003252,0.0,0.0,0.005170278274003252,0.02,True,1.1634973263700865,1.1545349608669826,0.0
black_litterman_200bp,Black-Litterman sentiment (2% annual view scale),black_litterman,2022-01-05,False,-0.013003393864067039,0.0,0.0,-0.013003393864067039,0.02,True,1.1483679123755073,1.139522088040994,-0.013003393864067014
black_litterman_200bp,Black-Litterman sentiment (2% annual view scale),black_litterman,2022-01-06,False,0.004378714970619388,0.0,0.0,0.004378714970619388,0.02,True,1.153396288145205,1.1445117304672505,-0.008681617048829082
black_litterman_200bp,Black-Litterman sentiment (2% annual view scale),black_litterman,2022-01-07,False,0.0008672241436568128,0.0,0.0,0.0008672241436568128,0.02,True,1.1543965412534887,1.1455042786726102,-0.007821921813083055
black_litterman_200bp,Black-Litterman sentiment (2% annual view scale),black_litterman,2022-01-10,False,0.005704154075899191,0.0,0.0,0.005704154075899191,0.02,True,1.1609813969894835,1.1520384115727604,-0.0021623851843753927
black_litterman_200bp,Black-Litterman sentiment (2% annual view scale),black_litterman,2022-01-11,False,0.0102444159576343,0.0,0.0,0.0102444159576343,0.02,True,1.1728749733393191,1.163840372260084,0.0
black_litterman_200bp,Black-Litterman sentiment (2% annual view scale),black_litterman,2022-01-12,False,-0.0015453154987133085,0.0,0.0,-0.0015453154987133085,0.02,True,1.1710625114649649,1.1620418716948024,-0.0015453154987131734
black_litterman_200bp,Black-Litterman sentiment (2% annual view scale),black_litterman,2022-01-13,False,-0.009753902525594087,0.0,0.0,-0.009753902525594087,0.02,True,1.1596400818767583,1.1507074285476324,-0.011284145167561599
black_litterman_200bp,Black-Litterman sentiment (2% annual view scale),black_litterman,2022-01-14,False,0.005705337691663236,0.0,0.0,0.005705337691663236,0.02,True,1.1662562201446531,1.157272603011802,-0.005643187334641198
black_litterman_200bp,Black-Litterman sentiment (2% annual view scale),black_litterman,2022-01-18,False,-0.01916696630562229,0.0,0.0,-0.01916696630562229,0.02,True,1.143902626469418,1.1350911980234548,-0.024701990858764122
black_litterman_200bp,Black-Litterman sentiment (2% annual view scale),black_litterman,2022-01-19,False,-0.012668921699232054,0.0,0.0,-0.012668921699232054,0.02,True,1.1294106136631312,1.1207108165142081,-0.037057964969991364
black_litterman_200bp,Black-Litterman sentiment (2% annual view scale),black_litterman,2022-01-20,False,-0.009805834694628889,0.0,0.0,-0.009805834694628889,0.02,True,1.118335799883191,1.1097213115069873,-0.046500415386005134
black_litterman_200bp,Black-Litterman sentiment (2% annual view scale),black_litterman,2022-01-21,False,-0.013321355223126469,0.0,0.0,-0.013321355223126469,0.02,True,1.1034380514342077,1.094938319717729,-0.05920232205775178
black_litterman_200bp,Black-Litterman sentiment (2% annual view scale),black_litterman,2022-01-24,False,-0.0003649108910568393,0.0,0.0,-0.0003649108910568393,0.02,True,1.103035394871633,1.0945387647998284,-0.05954562937671393
black_litterman_200bp,Black-Litterman sentiment (2% annual view scale),black_litterman,2022-01-25,False,-0.0026789805984946125,0.0,0.0,-0.0026789805984946125,0.02,True,1.100080384449319,1.0916065166846294,-0.06206508838938318
black_litterman_200bp,Black-Litterman sentiment (2% annual view scale),black_litterman,2022-01-26,False,0.00012307702414953407,0.0,0.0,0.00012307702414953407,0.02,True,1.1002157790693623,1.0917408683662453,-0.06194965015161602
black_litterman_200bp,Black-Litterman sentiment (2% annual view scale),black_litterman,2022-01-27,False,-0.007231124480344049,0.0,0.0,-0.007231124480344049,0.02,True,1.092259981815673,1.0838463542468102,-0.06873280900019985
black_litterman_200bp,Black-Litterman sentiment (2% annual view scale),black_litterman,2022-01-28,False,0.021596429168514328,0.0,0.0,0.021596429168514328,0.02,True,1.1158488971465579,1.1072535652658537,-0.0486207630728116
black_litterman_200bp,Black-Litterman sentiment (2% annual view scale),black_litterman,2022-01-31,False,0.013418800056683007,0.0,0.0,0.013418800056683007,0.02,True,1.1308222503908378,1.1221115794702057,-0.03585439531440593
black_litterman_200bp,Black-Litterman sentiment (2% annual view scale),black_litterman,2022-02-01,True,0.005480282452694616,0.5478407105760885,0.0005478407105760885,0.004932441742118527,0.02,True,1.1370194757267715,1.1276463294640993,-0.031098803288374444
black_litterman_200bp,Black-Litterman sentiment (2% annual view scale),black_litterman,2022-02-02,False,0.014085546768403453,0.0,0.0,0.014085546768403453,0.02,True,1.1530350167287065,1.1435298445759843,-0.01745130016813079
black_litterman_200bp,Black-Litterman sentiment (2% annual view scale),black_litterman,2022-02-03,False,-0.011741708660546872,0.0,0.0,-0.011741708660546872,0.02,True,1.1394964154868692,1.1301028502963326,-0.028988100746355716
black_litterman_200bp,Black-Litterman sentiment (2% annual view scale),black_litterman,2022-02-04,False,-0.006503235080471421,0.0,0.0,-0.006503235080471421,0.02,True,1.1320860024236035,1.1227535257957446,-0.035302819393137286
black_litterman_200bp,Black-Litterman sentiment (2% annual view scale),black_litterman,2022-02-07,False,0.00035197607316497575,0.0,0.0,0.00035197607316497575,0.02,True,1.1324844696092216,1.1231487081728864,-0.034963269067713965
black_litterman_200bp,Black-Litterman sentiment (2% annual view scale),black_litterman,2022-02-08,False,-0.00012241362821047532,0.0,0.0,-0.00012241362821047532,0.02,True,1.1323458380764047,1.123011219464499,-0.0350814027153038
black_litterman_200bp,Black-Litterman sentiment (2% annual view scale),black_litterman,2022-02-09,False,0.011660628307551721,0.0,0.0,0.011660628307551721,0.02,True,1.1455497020098169,1.136106235879885,-0.02382984560532264
black_litterman_200bp,Black-Litterman sentiment (2% annual view scale),black_litterman,2022-02-10,False,-0.022704690909433646,0.0,0.0,-0.022704690909433646,0.02,True,1.1195403501042902,1.1103112949539522,-0.045993487235867825
black_litterman_200bp,Black-Litterman sentiment (2% annual view scale),black_litterman,2022-02-11,False,-0.007346400226425815,0.0,0.0,-0.007346400226425815,0.02,True,1.111315758622791,1.1021545038052993,-0.053002000897250046
black_litterman_200bp,Black-Litterman sentiment (2% annual view scale),black_litterman,2022-02-14,False,-0.009210686845727126,0.0,0.0,-0.009210686845727126,0.02,True,1.101079777183395,1.0920029038151409,-0.06172450291051568
black_litterman_200bp,Black-Litterman sentiment (2% annual view scale),black_litterman,2022-02-15,False,0.0015084445968443375,0.0,0.0,0.0015084445968443375,0.02,True,1.1027406950239818,1.093650129695139,-0.060309166306579676
black_litterman_200bp,Black-Litterman sentiment (2% annual view scale),black_litterman,2022-02-16,False,-0.0013107510047203228,0.0,0.0,-0.0013107510047203228,0.02,True,1.101295276550033,1.0922166266888287,-0.061540867010969724
black_litterman_200bp,Black-Litterman sentiment (2% annual view scale),black_litterman,2022-02-17,False,-0.014180677150782094,0.0,0.0,-0.014180677150782094,0.02,True,1.0856781637855957,1.076728255327038,-0.07484885299509014
black_litterman_200bp,Black-Litterman sentiment (2% annual view scale),black_litterman,2022-02-18,False,-0.006704953003030805,0.0,0.0,-0.006704953003030805,0.02,True,1.0783987427209965,1.069508842978035,-0.08105194795645798
black_litterman_200bp,Black-Litterman sentiment (2% annual view scale),black_litterman,2022-02-22,False,-0.002499553864900411,0.0,0.0,-0.002499553864900411,0.02,True,1.0757032269757245,1.066835548016024,-0.08334890811158613
black_litterman_200bp,Black-Litterman sentiment (2% annual view scale),black_litterman,2022-02-23,False,-0.007358626814772522,0.0,0.0,-0.007358626814772522,0.02,True,1.0677875283649636,1.058985103345441,-0.09009420141614666
black_litterman_200bp,Black-Litterman sentiment (2% annual view scale),black_litterman,2022-02-24,False,0.0018398923734509985,0.0,0.0,0.0018398923734509985,0.02,True,1.0697521424948684,1.0609335219606846,-0.08842007267677332
black_litterman_200bp,Black-Litterman sentiment (2% annual view scale),black_litterman,2022-02-25,False,0.02468648362470108,0.0,0.0,0.02468648362470108,0.02,True,1.096160561243057,1.0871242399774637,-0.06591636972830206
black_litterman_200bp,Black-Litterman sentiment (2% annual view scale),black_litterman,2022-02-28,False,-0.00978246777551244,0.0,0.0,-0.00978246777551244,0.02,True,1.085437405875909,1.0764894821319058,-0.0750540127410686
black_litterman_200bp,Black-Litterman sentiment (2% annual view scale),black_litterman,2022-03-01,True,-0.0125747120496608,0.9553014686283592,0.0009553014686283592,-0.013530013518289159,0.02,True,1.0717883430490889,1.0619245648863649,-0.08756854445236928
black_litterman_200bp,Black-Litterman sentiment (2% annual view scale),black_litterman,2022-03-02,False,0.013720108606810937,0.0,0.0,0.013720108606810937,0.02,True,1.0864933955192362,1.0764942852488462,-0.07504988578598526
black_litterman_200bp,Black-Litterman sentiment (2% annual view scale),black_litterman,2022-03-03,False,-0.005136732201263674,0.0,0.0,-0.005136732201263674,0.02,True,1.0809123699080123,1.070964622389332,-0.07980110682223096
black_litterman_200bp,Black-Litterman sentiment (2% annual view scale),black_litterman,2022-03-04,False,-0.002749905208055573,0.0,0.0,-0.002749905208055573,0.02,True,1.0779399633525506,1.0680195711965803,-0.08233156655102758
black_litterman_200bp,Black-Litterman sentiment (2% annual view scale),black_litterman,2022-03-07,False,-0.02651709746060686,0.0,0.0,-0.02651709746060686,0.02,True,1.0493561242876481,1.039698792137325,-0.10666546983731628
black_litterman_200bp,Black-Litterman sentiment (2% annual view scale),black_litterman,2022-03-08,False,-0.01576476439767681,0.0,0.0,-0.01576476439767681,0.02,True,1.032813272218994,1.023308185634731,-0.12074867823364033
black_litterman_200bp,Black-Litterman sentiment (2% annual view scale),black_litterman,2022-03-09,False,0.01874521341826102,0.0,0.0,0.01874521341826102,0.02,True,1.0521735774279517,1.0424903159671075,-0.10426692455884179
black_litterman_200bp,Black-Litterman sentiment (2% annual view scale),black_litterman,2022-03-10,False,-0.0020050502754735806,0.0,0.0,-0.0020050502754735806,0.02,True,1.0500639165066838,1.0404000704718992,-0.10606291440850579
black_litterman_200bp,Black-Litterman sentiment (2% annual view scale),black_litterman,2022-03-11,False,-0.015302521647069066,0.0,0.0,-0.015302521647069066,0.02,True,1.0339952906935341,1.0244793258718907,-0.11974240601188757
black_litterman_200bp,Black-Litterman sentiment (2% annual view scale),black_litterman,2022-03-14,False,-0.016328023844340303,0.0,0.0,-0.016328023844340303,0.02,True,1.0171121909321545,1.0077516030110207,-0.13411527299568715
black_litterman_200bp,Black-Litterman sentiment (2% annual view scale),black_litterman,2022-03-15,False,0.020032858455332515,0.0,0.0,0.020032858455332515,0.02,True,1.0374878554862914,1.027939748232275,-0.11676912682097551
black_litterman_200bp,Black-Litterman sentiment (2% annual view scale),black_litterman,2022-03-16,False,0.02190905745620516,0.0,0.0,0.02190905745620516,0.02,True,1.0602182365222557,1.0504609392378128,-0.0974183708734021
black_litterman_200bp,Black-Litterman sentiment (2% annual view scale),black_litterman,2022-03-17,False,0.010835370507382204,0.0,0.0,0.010835370507382204,0.02,True,1.0717060939336578,1.0618430727179873,-0.0876385645086587
black_litterman_200bp,Black-Litterman sentiment (2% annual view scale),black_litterman,2022-03-18,False,0.009246447907176394,0.0,0.0,0.009246447907176394,0.02,True,1.0816155685030189,1.07166134937547,-0.07920246202287151
black_litterman_200bp,Black-Litterman sentiment (2% annual view scale),black_litterman,2022-03-21,False,-0.004453618103856126,0.0,0.0,-0.004453618103856126,0.02,True,1.0767984658257213,1.0668885789886886,-0.08330334260799266
black_litterman_200bp,Black-Litterman sentiment (2% annual view scale),black_litterman,2022-03-22,False,0.008109738083427194,0.0,0.0,0.008109738083427194,0.02,True,1.085531019352204,1.0755407659284868,-0.07586917281459016
black_litterman_200bp,Black-Litterman sentiment (2% annual view scale),black_litterman,2022-03-23,False,-0.013473776426777278,0.0,0.0,-0.013473776426777278,0.02,True,1.0709048170931208,1.0610491701104816,-0.0883207049691791
black_litterman_200bp,Black-Litterman sentiment (2% annual view scale),black_litterman,2022-03-24,False,0.008692358599120206,0.0,0.0,0.008692358599120206,0.02,True,1.0802135057888194,1.0702721899883807,-0.08039606160937818
black_litterman_200bp,Black-Litterman sentiment (2% annual view scale),black_litterman,2022-03-25,False,0.007106272102492992,0.0,0.0,0.007106272102492992,0.02,True,1.0878897968897427,1.0778778353941691,-0.07386110579665028
black_litterman_200bp,Black-Litterman sentiment (2% annual view scale),black_litterman,2022-03-28,False,0.004960315062228148,0.0,0.0,0.004960315062228148,0.02,True,1.0932860730352993,1.0832244490563168,-0.06926716509001807
black_litterman_200bp,Black-Litterman sentiment (2% annual view scale),black_litterman,2022-03-29,False,0.014675944720254195,0.0,0.0,0.014675944720254195,0.02,True,1.1093310790065893,1.099121791190295,-0.05560778145555367
black_litterman_200bp,Black-Litterman sentiment (2% annual view scale),black_litterman,2022-03-30,False,-0.0014870332715301116,0.0,0.0,-0.0014870332715301116,0.02,True,1.1076814667829642,1.0974873605173314,-0.057012124105903283
black_litterman_200bp,Black-Litterman sentiment (2% annual view scale),black_litterman,2022-03-31,False,-0.01313612793794481,0.0,0.0,-0.01313612793794481,0.02,True,1.0931308213208129,1.0830706261392984,-0.06939933348757898
black_litterman_200bp,Black-Litterman sentiment (2% annual view scale),black_litterman,2022-04-01,True,0.0033319849140119196,0.8594575639812585,0.0008594575639812585,0.002472527350030661,0.02,True,1.0967731167264951,1.0857485478844426,-0.06709839788767025
black_litterman_200bp,Black-Litterman sentiment (2% annual view scale),black_litterman,2022-04-04,False,-0.0016092519203258454,0.0,0.0,-0.0016092519203258454,0.02,True,1.0950081324822414,1.0840013049487687,-0.06859967158234459
black_litterman_200bp,Black-Litterman sentiment (2% annual view scale),black_litterman,2022-04-05,False,-0.00797385740807942,0.0,0.0,-0.00797385740807942,0.02,True,1.0862766937731407,1.075357633112935,-0.07602652499098539
black_litterman_200bp,Black-Litterman sentiment (2% annual view scale),black_litterman,2022-04-06,False,0.004481505296663363,0.0,0.0,0.004481505296663363,0.02,True,1.091144848529927,1.0801768540415382,-0.07188573296875589
black_litterman_200bp,Black-Litterman sentiment (2% annual view scale),black_litterman,2022-04-07,False,-0.0005580546611389959,0.0,0.0,-0.0005580546611389959,0.02,True,1.0905359300612272,1.0795740563132858,-0.07240367146154236
black_litterman_200bp,Black-Litterman sentiment (2% annual view scale),black_litterman,2022-04-08,False,-0.00034507535405532306,0.0,0.0,-0.00034507535405532306,0.02,True,1.0901596129890512,1.0792015219135747,-0.0727237620930331
black_litterman_200bp,Black-Litterman sentiment (2% annual view scale),black_litterman,2022-04-11,False,-0.009093501164915505,0.0,0.0,-0.009093501164915505,0.02,True,1.0802462452783914,1.069387801616875,-0.08115594964263861
black_litterman_200bp,Black-Litterman sentiment (2% annual view scale),black_litterman,2022-04-12,False,0.0008613436201937946,0.0,0.0,0.0008613436201937946,0.02,True,1.0811767084900004,1.0703089119773108,-0.08036450918191018
black_litterman_200bp,Black-Litterman sentiment (2% annual view scale),black_litterman,2022-04-13,False,0.0060346868223262505,0.0,0.0,0.0060346868223262505,0.02,True,1.087701271325331,1.0767678910642386,-0.07481479700412674
black_litterman_200bp,Black-Litterman sentiment (2% annual view scale),black_litterman,2022-04-14,False,0.0005862804958168881,0.0,0.0,0.0005862804958168881,0.02,True,1.0883389693659842,1.0773991790772917,-0.07427237896459171
black_litterman_200bp,Black-Litterman sentiment (2% annual view scale),black_litterman,2022-04-18,False,-0.0008314405709351582,0.0,0.0,-0.0008314405709351582,0.02,True,1.0874340801919236,1.0765033856887145,-0.0750420664663558
black_litterman_200bp,Black-Litterman sentiment (2% annual view scale),black_litterman,2022-04-19,False,0.010296753803867322,0.0,0.0,0.010296753803867322,0.02,True,1.0986311211935949,1.087587876020181,-0.06551800234582594
black_litterman_200bp,Black-Litterman sentiment (2% annual view scale),black_litterman,2022-04-20,False,-0.0005214884485054481,0.0,0.0,-0.0005214884485054481,0.02,True,1.098058197754724,1.087020711506102,-0.06600532391293878
black_litterman_200bp,Black-Litterman sentiment (2% annual view scale),black_litterman,2022-04-21,False,-0.011496006205086742,0.0,0.0,-0.011496006205086742,0.02,True,1.0854349138997892,1.07452431466157,-0.07674253250475371
black_litterman_200bp,Black-Litterman sentiment (2% annual view scale),black_litterman,2022-04-22,False,-0.024767822339607056,0.0,0.0,-0.024767822339607056,0.02,True,1.0585510547911126,1.047910687336444,-0.09960960943339148
black_litterman_200bp,Black-Litterman sentiment (2% annual view scale),black_litterman,2022-04-25,False,-0.0005357229693404701,0.0,0.0,-0.0005357229693404701,0.02,True,1.0579839646768414,1.0473492975114207,-0.10009196924699137
black_litterman_200bp,Black-Litterman sentiment (2% annual view scale),black_litterman,2022-04-26,False,-0.02810262495872684,0.0,0.0,-0.02810262495872684,0.02,True,1.0282518381051813,1.0179160330026713,-0.12538174713258954
black_litterman_200bp,Black-Litterman sentiment (2% annual view scale),black_litterman,2022-04-27,False,-0.0026418049138469974,0.0,0.0,-0.0026418049138469974,0.02,True,1.0255353973466028,1.015226897424801,-0.12769231793075508
black_litterman_200bp,Black-Litterman sentiment (2% annual view scale),black_litterman,2022-04-28,False,0.011143835741129642,0.0,0.0,0.011143835741129642,0.02,True,1.0369637953613473,1.0265404192096796,-0.11797146440605
black_litterman_200bp,Black-Litterman sentiment (2% annual view scale),black_litterman,2022-04-29,False,-0.03117808007130006,0.0,0.0,-0.03117808007130006,0.02,True,1.004633255118532,0.9945348598231343,-0.14547142071396968
black_litterman_200bp,Black-Litterman sentiment (2% annual view scale),black_litterman,2022-05-02,True,-0.0021693574115473004,0.42030209586605394,0.0004203020958660539,-0.002589659507413354,0.02,True,1.0024538465206536,0.9919593531679394,-0.14768435877367414
black_litterman_200bp,Black-Litterman sentiment (2% annual view scale),black_litterman,2022-05-03,False,0.008947365784020226,0.0,0.0,0.008947365784020226,0.02,True,1.011423167767072,1.000834776343613,-0.14005837896818052
black_litterman_200bp,Black-Litterman sentiment (2% annual view scale),black_litterman,2022-05-04,False,0.0269278505141448,0.0,0.0,0.0269278505141448,0.02,True,1.0386586196352465,1.0277851055903513,-0.11690199954614433
black_litterman_200bp,Black-Litterman sentiment (2% annual view scale),black_litterman,2022-05-05,False,-0.01920011657113447,0.0,0.0,-0.01920011657113447,0.02,True,1.0187162530606362,1.0080515117529407,-0.13385758409859416
black_litterman_200bp,Black-Litterman sentiment (2% annual view scale),black_litterman,2022-05-06,False,-0.0008548875005319715,0.0,0.0,-0.0008548875005319715,0.02,True,1.0178453652693058,1.0071897411156507,-0.13459803842362883
black_litterman_200bp,Black-Litterman sentiment (2% annual view scale),black_litterman,2022-05-09,False,-0.02472759538427301,0.0,0.0,-0.02472759538427301,0.02,True,0.9926764969131688,0.9822843607221522,-0.15599734797424558
black_litterman_200bp,Black-Litterman sentiment (2% annual view scale),black_litterman,2022-05-10,False,-0.009484775157974551,0.0,0.0,-0.009484775157974551,0.02,True,0.9832611835353416,0.9729676144195079,-0.16400252336144405
black_litterman_200bp,Black-Litterman sentiment (2% annual view scale),black_litterman,2022-05-11,False,-0.005529819382454703,0.0,0.0,-0.005529819382454703,0.02,True,0.9778239267846126,0.9675872792467902,-0.16862543841144317
black_litterman_200bp,Black-Litterman sentiment (2% annual view scale),black_litterman,2022-05-12,False,0.003928484022751508,0.0,0.0,0.003928484022751508,0.02,True,0.9816652924580502,0.971388430413929,-0.16535939672932032
black_litterman_200bp,Black-Litterman sentiment (2% annual view scale),black_litterman,2022-05-13,False,0.010028001152665427,0.0,0.0,0.010028001152665427,0.02,True,0.9915094331423512,0.9811295147138057,-0.15698961979766057
black_litterman_200bp,Black-Litterman sentiment (2% annual view scale),black_litterman,2022-05-16,False,0.0032868475228126333,0.0,0.0,0.0032868475228126333,0.02,True,0.9947683734665206,0.9843543378288012,-0.1542187732177871
black_litterman_200bp,Black-Litterman sentiment (2% annual view scale),black_litterman,2022-05-17,False,0.01749471821356136,0.0,0.0,0.01749471821356136,0.02,True,1.01217156584808,1.0015753395914129,-0.13942206898491205
black_litterman_200bp,Black-Litterman sentiment (2% annual view scale),black_litterman,2022-05-18,False,-0.023193771292707412,0.0,0.0,-0.023193771292707412,0.02,True,0.9886954900408182,0.978345030232514,-0.15938211669642732
black_litterman_200bp,Black-Litterman sentiment (2% annual view scale),black_litterman,2022-05-19,False,-0.0021319899190805026,0.0,0.0,-0.0021319899190805026,0.02,True,0.9865876012230109,0.9762592084906757,-0.16117430554942935
black_litterman_200bp,Black-Litterman sentiment (2% annual view scale),black_litterman,2022-05-20,False,-0.0033907328907463448,0.0,0.0,-0.0033907328907463448,0.02,True,0.9832423461939416,0.9729489742825524,-0.16401853942120592
black_litterman_200bp,Black-Litterman sentiment (2% annual view scale),black_litterman,2022-05-23,False,0.013345698519313684,0.0,0.0,0.013345698519313684,0.02,True,0.9963644021176685,0.9859336579680028,-0.15286178288058594
black_litterman_200bp,Black-Litterman sentiment (2% annual view scale),black_litterman,2022-05-24,False,0.006711357366868061,0.0,0.0,0.006711357366868061,0.02,True,1.003051359687906,0.9925506110866494,-0.1471763355663661
black_litterman_200bp,Black-Litterman sentiment (2% annual view scale),black_litterman,2022-05-25,False,0.003824783293507824,0.0,0.0,0.003824783293507824,0.02,True,1.0068878137709707,0.9963469020818947,-0.14391446986233225
black_litterman_200bp,Black-Litterman sentiment (2% annual view scale),black_litterman,2022-05-26,False,0.012193718301398128,0.0,0.0,0.012193718301398128,0.02,True,1.0191655201332044,1.008496075536352,-0.1334756040659305
black_litterman_200bp,Black-Litterman sentiment (2% annual view scale),black_litterman,2022-05-27,False,0.017237259369002677,0.0,0.0,0.017237259369002677,0.02,True,1.036733140543685,1.0258797839629934,-0.1185390983036465
black_litterman_200bp,Black-Litterman sentiment (2% annual view scale),black_litterman,2022-05-31,False,-0.006078028291405526,0.0,0.0,-0.006078028291405526,0.02,True,1.0304318471848228,1.0196444576124852,-0.1238966426019249
black_litterman_200bp,Black-Litterman sentiment (2% annual view scale),black_litterman,2022-06-01,True,-0.006496262931691539,0.6214124590823968,0.0006214124590823969,-0.007117675390773936,0.02,True,1.0237378909723216,1.0123869593491979,-0.13013246190865158
black_litterman_200bp,Black-Litterman sentiment (2% annual view scale),black_litterman,2022-06-02,False,0.006318178256291446,0.0,0.0,0.006318178256291446,0.02,True,1.0302060494552048,1.018783400622711,-0.12463648374362901
black_litterman_200bp,Black-Litterman sentiment (2% annual view scale),black_litterman,2022-06-03,False,-0.0045825858075357094,0.0,0.0,-0.0045825858075357094,0.02,True,1.025485041834134,1.0141147382700644,-0.12864791216965998
black_litterman_200bp,Black-Litterman sentiment (2% annual view scale),black_litterman,2022-06-06,False,-0.005177604637148343,0.0,0.0,-0.005177604637148343,0.02,True,1.0201754857262073,1.0088640530985968,-0.13315942878019926
black_litterman_200bp,Black-Litterman sentiment (2% annual view scale),black_litterman,2022-06-07,False,0.010297128796645435,0.0,0.0,0.010297128796645435,0.02,True,1.0306803640979103,1.0192524561916587,-0.12423345977219136
black_litterman_200bp,Black-Litterman sentiment (2% annual view scale),black_litterman,2022-06-08,False,-0.011718906029374147,0.0,0.0,-0.011718906029374147,0.02,True,1.0186019177647256,1.0073079324373397,-0.1344964855607913
black_litterman_200bp,Black-Litterman sentiment (2% annual view scale),black_litterman,2022-06-09,False,-0.020059309782518207,0.0,0.0,-0.020059309782518207,0.02,True,0.9981694663512158,0.9871020305741912,-0.15185788867478556
black_litterman_200bp,Black-Litterman sentiment (2% annual view scale),black_litterman,2022-06-10,False,-0.020738260762744286,0.0,0.0,-0.020738260762744286,0.02,True,0.9774691676726149,0.9666312512647092,-0.1694468809433125
black_litterman_200bp,Black-Litterman sentiment (2% annual view scale),black_litterman,2022-06-13,False,-0.03261737204076491,0.0,0.0,-0.03261737204076491,0.02,True,0.9455866921722604,0.9351022801159781,-0.1965373410272021
black_litterman_200bp,Black-Litterman sentiment (2% annual view scale),black_litterman,2022-06-14,False,-0.005926412103820912,0.0,0.0,-0.005926412103820912,0.02,True,0.9399827557545587,0.9295604786447882,-0.20129899185430666
black_litterman_200bp,Black-Litterman sentiment (2% annual view scale),black_litterman,2022-06-15,False,0.005979125729366328,0.0,0.0,0.005979125729366328,0.02,True,0.9456030308346516,0.9351184376196554,-0.1965234581064318
black_litterman_200bp,Black-Litterman sentiment (2% annual view scale),black_litterman,2022-06-16,False,-0.022500625125960405,0.0,0.0,-0.022500625125960405,0.02,True,0.9243263715198691,0.9140776882064018,-0.21460218257308206
black_litterman_200bp,Black-Litterman sentiment (2% annual view scale),black_litterman,2022-06-17,False,-0.00521966974191587,0.0,0.0,-0.00521966974191587,0.02,True,0.9195016931267919,0.9093065045555104,-0.218701699796072
black_litterman_200bp,Black-Litterman sentiment (2% annual view scale),black_litterman,2022-06-21,False,0.026807774555986017,0.0,0.0,0.026807774555986017,0.02,True,0.9441514872199823,0.9336829883319262,-0.19775683110323006
black_litterman_200bp,Black-Litterman sentiment (2% annual view scale),black_litterman,2022-06-22,False,0.0046799858738152,0.0,0.0,0.0046799858738152,0.02,True,0.9485701028429134,0.9380526115279411,-0.19400234440542852
black_litterman_200bp,Black-Litterman sentiment (2% annual view scale),black_litterman,2022-06-23,False,0.007241525539403417,0.0,0.0,0.007241525539403417,0.02,True,0.9554391974685649,0.9448455434716246,-0.18816569179774123
black_litterman_200bp,Black-Litterman sentiment (2% annual view scale),black_litterman,2022-06-24,False,0.021240149739806695,0.0,0.0,0.021240149739806695,0.02,True,0.975732869090078,0.964914204295951,-0.17092220952761294
black_litterman_200bp,Black-Litterman sentiment (2% annual view scale),black_litterman,2022-06-27,False,0.0014338794844819213,0.0,0.0,0.0014338794844819213,0.02,True,0.9771319524334009,0.9662977749777761,-0.169733411892815
black_litterman_200bp,Black-Litterman sentiment (2% annual view scale),black_litterman,2022-06-28,False,-0.011840012658903418,0.0,0.0,-0.011840012658903418,0.02,True,0.9655626977471704,0.954856797089769,-0.17956377880626861
black_litterman_200bp,Black-Litterman sentiment (2% annual view scale),black_litterman,2022-06-29,False,-0.0011232284153647053,0.0,0.0,-0.0011232284153647053,0.02,True,0.9644781502882446,0.9537842748026736,-0.18048531608290797
black_litterman_200bp,Black-Litterman sentiment (2% annual view scale),black_litterman,2022-06-30,False,-0.007190623255767795,0.0,0.0,-0.007190623255767795,0.02,True,0.957542951271102,0.9469259714152919,-0.1863781374275253
black_litterman_200bp,Black-Litterman sentiment (2% annual view scale),black_litterman,2022-07-01,True,0.01438785605032815,0.807115313269258,0.000807115313269258,0.013580740737058892,0.02,True,0.971319941415997,0.9597859275302707,-0.17532854985392554
black_litterman_200bp,Black-Litterman sentiment (2% annual view scale),black_litterman,2022-07-05,False,-0.0023366648454543784,0.0,0.0,-0.0023366648454543784,0.02,True,0.9690502922552015,0.9575432294942489,-0.1772555306405318
black_litterman_200bp,Black-Litterman sentiment (2% annual view scale),black_litterman,2022-07-06,False,-0.0005296141437639646,0.0,0.0,-0.0005296141437639646,0.02,True,0.9685370695144045,0.9570361010566433,-0.1776912677482081
black_litterman_200bp,Black-Litterman sentiment (2% annual view scale),black_litterman,2022-07-07,False,0.007093343741988551,0.0,0.0,0.007093343741988551,0.02,True,0.9754072358753284,0.9638246870949304,-0.17185834924830745
black_litterman_200bp,Black-Litterman sentiment (2% annual view scale),black_litterman,2022-07-08,False,-0.0038837181865465174,0.0,0.0,-0.0038837181865465174,0.02,True,0.9716190290540703,0.9600814636290173,-0.17507461803836855
black_litterman_200bp,Black-Litterman sentiment (2% annual view scale),black_litterman,2022-07-11,False,-0.007774801317903444,0.0,0.0,-0.007774801317903444,0.02,True,0.9640648841464806,0.9526170210002998,-0.18148824898521576
black_litterman_200bp,Black-Litterman sentiment (2% annual view scale),black_litterman,2022-07-12,False,0.0007905415546207828,0.0,0.0,0.0007905415546207828,0.02,True,0.9648270174987491,0.9533701043410395,-0.18084118143309313
black_litterman_200bp,Black-Litterman sentiment (2% annual view scale),black_litterman,2022-07-13,False,-0.004938839615582226,0.0,0.0,-0.004938839615582226,0.02,True,0.9600618916025422,0.9486615623014082,-0.184886875457685
black_litterman_200bp,Black-Litterman sentiment (2% annual view scale),black_litterman,2022-07-14,False,-0.0008569531866379329,0.0,0.0,-0.0008569531866379329,0.02,True,0.9592391635051638,0.9478486037525531,-0.1855853892472319
black_litterman_200bp,Black-Litterman sentiment (2% annual view scale),black_litterman,2022-07-15,False,0.014933526572921529,0.0,0.0,0.014933526572921529,0.02,True,0.9735639870431553,0.9620033260637985,-0.1734233070161798
black_litterman_200bp,Black-Litterman sentiment (2% annual view scale),black_litterman,2022-07-18,False,-0.005606996446226859,0.0,0.0,-0.005606996446226859,0.02,True,0.9681052172276299,0.9566093768333003,-0.17805791959627415
black_litterman_200bp,Black-Litterman sentiment (2% annual view scale),black_litterman,2022-07-19,False,0.025217125488184985,0.0,0.0,0.025217125488184985,0.02,True,0.9925180479762257,0.9807323155320801,-0.1573309030107135
black_litterman_200bp,Black-Litterman sentiment (2% annual view scale),black_litterman,2022-07-20,False,0.00313994835919389,0.0,0.0,0.00313994835919389,0.02,True,0.9956345033924389,0.9838117643570434,-0.15468496556227862
black_litterman_200bp,Black-Litterman sentiment (2% annual view scale),black_litterman,2022-07-21,False,0.0007899149775040895,0.0,0.0,0.0007899149775040895,0.02,True,0.9964209699987885,0.9845888920047539,-0.1540172385558668
black_litterman_200bp,Black-Litterman sentiment (2% annual view scale),black_litterman,2022-07-22,False,-0.002873906425459407,0.0,0.0,-0.002873906425459407,0.02,True,0.9935573493706465,0.9817592756615855,-0.15644851384980896
black_litterman_200bp,Black-Litterman sentiment (2% annual view scale),black_litterman,2022-07-25,False,0.0020318795482999505,0.0,0.0,0.0020318795482999505,0.02,True,0.9955761382288958,0.983754092255156,-0.15473451883716238
black_litterman_200bp,Black-Litterman sentiment (2% annual view scale),black_litterman,2022-07-26,False,-0.002952401130980366,0.0,0.0,-0.002952401130980366,0.02,True,0.9926367981124117,0.9808496555605752,-0.1572300815997263
black_litterman_200bp,Black-Litterman sentiment (2% annual view scale),black_litterman,2022-07-27,False,0.010770692087322299,0.0,0.0,0.010770692087322299,0.02,True,1.0033281834194259,0.9914140851845743,-0.14815286630817925
black_litterman_200bp,Black-Litterman sentiment (2% annual view scale),black_litterman,2022-07-28,False,0.011688664108401194,0.0,0.0,0.011688664108401194,0.02,True,1.015055749545908,1.0030023914186348,-0.13819591129075104
black_litterman_200bp,Black-Litterman sentiment (2% annual view scale),black_litterman,2022-07-29,False,0.008474185588613372,0.0,0.0,0.008474185588613372,0.02,True,1.0236575203503493,1.0115020198293394,-0.13089282350200304
black_litterman_200bp,Black-Litterman sentiment (2% annual view scale),black_litterman,2022-08-01,True,-0.0006049490035634946,0.8411486601305498,0.0008411486601305498,-0.0014460976636940445,0.02,True,1.023038259753423,1.0100392891216423,-0.13214963735943652
black_litterman_200bp,Black-Litterman sentiment (2% annual view scale),black_litterman,2022-08-02,False,-0.003962721776218173,0.0,0.0,-0.003962721776218173,0.02,True,1.0189842437635939,1.006036784435804,-0.13558868688997117
black_litterman_200bp,Black-Litterman sentiment (2% annual view scale),black_litterman,2022-08-03,False,0.003232779834651249,0.0,0.0,0.003232779834651249,0.02,True,1.02227839547866,1.0092890798654455,-0.13279423542810465
black_litterman_200bp,Black-Litterman sentiment (2% annual view scale),black_litterman,2022-08-04,False,-0.00036829293492846265,0.0,0.0,-0.00036829293492846265,0.02,True,1.0219018975680754,1.0089173658280306,-0.13311362118432568
black_litterman_200bp,Black-Litterman sentiment (2% annual view scale),black_litterman,2022-08-05,False,-0.0003154334828273241,0.0,0.0,-0.0003154334828273241,0.02,True,1.0215795554934175,1.0085991195094424,-0.1333870661740112
black_litterman_200bp,Black-Litterman sentiment (2% annual view scale),black_litterman,2022-08-08,False,-0.0018186278412948569,0.0,0.0,-0.0018186278412948569,0.02,True,1.0197216824716995,1.006764853069997,-0.13496311258309335
black_litterman_200bp,Black-Litterman sentiment (2% annual view scale),black_litterman,2022-08-09,False,0.007206712160128221,0.0,0.0,0.007206712160128221,0.02,True,1.0270705231207147,1.0140203175790063,-0.1287290407275864
black_litterman_200bp,Black-Litterman sentiment (2% annual view scale),black_litterman,2022-08-10,False,0.008928296533779809,0.0,0.0,0.008928296533779809,0.02,True,1.0362405133122408,1.0230737916656292,-0.12095007524193169
black_litterman_200bp,Black-Litterman sentiment (2% annual view scale),black_litterman,2022-08-11,False,0.002196197426351074,0.0,0.0,0.002196197426351074,0.02,True,1.0385163020606578,1.0253206636938526,-0.11901950805954375
black_litterman_200bp,Black-Litterman sentiment (2% annual view scale),black_litterman,2022-08-12,False,0.015789214224755252,0.0,0.0,0.015789214224755252,0.02,True,1.0549136584297942,1.0415096713019831,-0.10510951834446558
black_litterman_200bp,Black-Litterman sentiment (2% annual view scale),black_litterman,2022-08-15,False,0.0031437066857352937,0.0,0.0,0.0031437066857352937,0.02,True,1.0582299975506735,1.0447838722189133,-0.10229624515428404
black_litterman_200bp,Black-Litterman sentiment (2% annual view scale),black_litterman,2022-08-16,False,-0.001089049174388537,0.0,0.0,-0.001089049174388537,0.02,True,1.0570775330455278,1.0436460512054588,-0.10327388868734422
black_litterman_200bp,Black-Litterman sentiment (2% annual view scale),black_litterman,2022-08-17,False,-0.002733937248497903,0.0,0.0,-0.002733937248497903,0.02,True,1.0541875494033843,1.0407927883918204,-0.1057254816047627
black_litterman_200bp,Black-Litterman sentiment (2% annual view scale),black_litterman,2022-08-18,False,0.007204673066815824,0.0,0.0,0.007204673066815824,0.02,True,1.0617826260479435,1.048291360162483,-0.0992825260677409
black_litterman_200bp,Black-Litterman sentiment (2% annual view scale),black_litterman,2022-08-19,False,-0.0023602634407658635,0.0,0.0,-0.0023602634407658635,0.02,True,1.059276539333642,1.0458171163898207,-0.10140845659192232
black_litterman_200bp,Black-Litterman sentiment (2% annual view scale),black_litterman,2022-08-22,False,-0.015240507952556066,0.0,0.0,-0.015240507952556066,0.02,True,1.0431326268119716,1.0298783323105625,-0.11510344815533258
black_litterman_200bp,Black-Litterman sentiment (2% annual view scale),black_litterman,2022-08-23,False,0.0018156739638808738,0.0,0.0,0.0018156739638808738,0.02,True,1.0450266155633487,1.0317482555845037,-0.11349676452542046
black_litterman_200bp,Black-Litterman sentiment (2% annual view scale),black_litterman,2022-08-24,False,0.004677235206150432,0.0,0.0,0.004677235206150432,0.02,True,1.0499144508410259,1.0365739848494078,-0.10935038038209244
black_litterman_200bp,Black-Litterman sentiment (2% annual view scale),black_litterman,2022-08-25,False,0.00971700666129242,0.0,0.0,0.00971700666129242,0.02,True,1.0601164765536353,1.0466463811651119,-0.10069593209538774
black_litterman_200bp,Black-Litterman sentiment (2% annual view scale),black_litterman,2022-08-26,False,-0.021543129409132326,0.0,0.0,-0.021543129409132326,0.02,True,1.037278250110487,1.0240983427300718,-0.12006975600841596
black_litterman_200bp,Black-Litterman sentiment (2% annual view scale),black_litterman,2022-08-29,False,0.0014568884021039143,0.0,0.0,0.0014568884021039143,0.02,True,1.0387894487628275,1.0255903397282091,-0.11878779584128407
black_litterman_200bp,Black-Litterman sentiment (2% annual view scale),black_litterman,2022-08-30,False,-0.0191841818303467,0.0,0.0,-0.0191841818303467,0.02,True,1.0188611230943159,1.0059152281674162,-0.13569313099698543
black_litterman_200bp,Black-Litterman sentiment (2% annual view scale),black_litterman,2022-08-31,False,-0.008826983551990528,0.0,0.0,-0.008826983551990528,0.02,True,1.0098676527189998,0.9970360309936857,-0.1433223535135475
black_litterman_200bp,Black-Litterman sentiment (2% annual view scale),black_litterman,2022-09-01,True,-0.004410697183748357,0.6229376485662662,0.0006229376485662662,-0.005033634832314623,0.02,True,1.0054134323071935,0.9920173156990031,-0.147634555954967
black_litterman_200bp,Black-Litterman sentiment (2% annual view scale),black_litterman,2022-09-02,False,-0.01034491368435744,0.0,0.0,-0.01034491368435744,0.02,True,0.9950125171328821,0.9817549821947089,-0.15645220290114192
black_litterman_200bp,Black-Litterman sentiment (2% annual view scale),black_litterman,2022-09-06,False,0.003924370340241585,0.0,0.0,0.003924370340241585,0.02,True,0.9989173147432875,0.9856077523282183,-0.1531418089456309
black_litterman_200bp,Black-Litterman sentiment (2% annual view scale),black_litterman,2022-09-07,False,0.01355884972903008,0.0,0.0,0.01355884972903008,0.02,True,1.012461484505618,0.9989714597338036,-0.14165938599132655
black_litterman_200bp,Black-Litterman sentiment (2% annual view scale),black_litterman,2022-09-08,False,0.003449052810493392,0.0,0.0,0.003449052810493392,0.02,True,1.0159535176342682,1.002416965054601,-0.13869892388421945
black_litterman_200bp,Black-Litterman sentiment (2% annual view scale),black_litterman,2022-09-09,False,0.015090228689175958,0.0,0.0,0.015090228689175958,0.02,True,1.031284488552942,1.0175436662991846,-0.12570169367539907
black_litterman_200bp,Black-Litterman sentiment (2% annual view scale),black_litterman,2022-09-12,False,0.010766885804292421,0.0,0.0,0.010766885804292421,0.02,True,1.0423882108729297,1.0284994427551089,-0.11628822365231584
black_litterman_200bp,Black-Litterman sentiment (2% annual view scale),black_litterman,2022-09-13,False,-0.03479004638231077,0.0,0.0,-0.03479004638231077,0.02,True,1.0061234766682865,0.9927178994374778,-0.14703259734004603
black_litterman_200bp,Black-Litterman sentiment (2% annual view scale),black_litterman,2022-09-14,False,0.0030608570784874615,0.0,0.0,0.0030608570784874615,0.02,True,1.0092030768336788,0.9957564670469121,-0.14442178602789535
black_litterman_200bp,Black-Litterman sentiment (2% annual view scale),black_litterman,2022-09-15,False,-0.020276881983612275,0.0,0.0,-0.020276881983612275,0.02,True,0.9887395851472238,0.9755656306801831,-0.1617702445003576
black_litterman_200bp,Black-Litterman sentiment (2% annual view scale),black_litterman,2022-09-16,False,-0.011084629165437229,0.0,0.0,-0.011084629165437229,0.02,True,0.9777797735046786,0.9647518474375474,-0.17106171049550623
black_litterman_200bp,Black-Litterman sentiment (2% annual view scale),black_litterman,2022-09-19,False,0.00454314957273775,0.0,0.0,0.00454314957273775,0.02,True,0.982221973264908,0.9691348593810312,-0.16729571985971803
black_litterman_200bp,Black-Litterman sentiment (2% annual view scale),black_litterman,2022-09-20,False,-0.01640396648400258,0.0,0.0,-0.01640396648400258,0.02,True,0.9661096369356196,0.9532372036292662,-0.18095537296222464
black_litterman_200bp,Black-Litterman sentiment (2% annual view scale),black_litterman,2022-09-21,False,-0.017225229322952784,0.0,0.0,-0.017225229322952784,0.02,True,0.9494681768882889,0.9368174741975819,-0.19506360448868265
black_litterman_200bp,Black-Litterman sentiment (2% annual view scale),black_litterman,2022-09-22,False,-0.008504913307214191,0.0,0.0,-0.008504913307214191,0.02,True,0.9413930323558953,0.9288499227948481,-0.2019095187503278
black_litterman_200bp,Black-Litterman sentiment (2% annual view scale),black_litterman,2022-09-23,False,-0.02953570860353239,0.0,0.0,-0.02953570860353239,0.02,True,0.9135883220708358,0.901415682138766,-0.225481686643771
black_litterman_200bp,Black-Litterman sentiment (2% annual view scale),black_litterman,2022-09-26,False,-0.021391007923952605,0.0,0.0,-0.021391007923952605,0.02,True,0.8940457470341879,0.8821334921393604,-0.24204941402202063
black_litterman_200bp,Black-Litterman sentiment (2% annual view scale),black_litterman,2022-09-27,False,-0.006817795060805806,0.0,0.0,-0.006817795060805806,0.02,True,0.8879503263559237,0.8761192867736813,-0.2472169657834361
black_litterman_200bp,Black-Litterman sentiment (2% annual view scale),black_litterman,2022-09-28,False,0.024065991206723307,0.0,0.0,0.024065991206723307,0.02,True,0.9093197311020126,0.8972039658252176,-0.22910049590140968
black_litterman_200bp,Black-Litterman sentiment (2% annual view scale),black_litterman,2022-09-29,False,-0.028467746651917543,0.0,0.0,-0.028467746651917543,0.02,True,0.8834334473714107,0.8716625906310096,-0.25104626767817717
black_litterman_200bp,Black-Litterman sentiment (2% annual view scale),black_litterman,2022-09-30,False,-0.003717819952236519,0.0,0.0,-0.003717819952236519,0.02,True,0.8801490008743001,0.8684219060599434,-0.2538307428075054
black_litterman_200bp,Black-Litterman sentiment (2% annual view scale),black_litterman,2022-10-03,True,0.0261262732134808,0.8088492772191074,0.0008088492772191074,0.025317423936261692,0.02,True,0.9031440141397142,0.8904081116111994,-0.23493965939495753
black_litterman_200bp,Black-Litterman sentiment (2% annual view scale),black_litterman,2022-10-04,False,0.024701848947688974,0.0,0.0,0.024701848947688974,0.02,True,0.9254533411550029,0.9124028382860161,-0.2160412544254644
black_litterman_200bp,Black-Litterman sentiment (2% annual view scale),black_litterman,2022-10-05,False,-0.005199847163892776,0.0,0.0,-0.005199847163892776,0.02,True,0.9206411252236829,0.9076584829750268,-0.2201177200852491
black_litterman_200bp,Black-Litterman sentiment (2% annual view scale),black_litterman,2022-10-06,False,-0.016054447385722776,0.0,0.0,-0.016054447385722776,0.02,True,0.9058607407176467,0.8930865276158992,-0.23263829911519796
black_litterman_200bp,Black-Litterman sentiment (2% annual view scale),black_litterman,2022-10-07,False,-0.019177128011932686,0.0,0.0,-0.019177128011932686,0.02,True,0.8884889333319201,0.8759596929500767,-0.24735409268452024
black_litterman_200bp,Black-Litterman sentiment (2% annual view scale),black_litterman,2022-10-10,False,-0.00525714605724431,0.0,0.0,-0.00525714605724431,0.02,True,0.8838180172391491,0.8713546449039793,-0.2513108621486648
black_litterman_200bp,Black-Litterman sentiment (2% annual view scale),black_litterman,2022-10-11,False,-0.0021398713222759757,0.0,0.0,-0.0021398713222759757,0.02,True,0.8819267604099482,0.8694900580878173,-0.25291296056405244
black_litterman_200bp,Black-Litterman sentiment (2% annual view scale),black_litterman,2022-10-12,False,-0.005677563817271388,0.0,0.0,-0.005677563817271388,0.02,True,0.8769195649455613,0.8645534727945408,-0.25715459490750636
black_litterman_200bp,Black-Litterman sentiment (2% annual view scale),black_litterman,2022-10-13,False,0.02824398064369657,0.0,0.0,0.02824398064369657,0.02,True,0.9016872641639625,0.8889719043455904,-0.23617368366481506
black_litterman_200bp,Black-Litterman sentiment (2% annual view scale),black_litterman,2022-10-14,False,-0.015690741184494025,0.0,0.0,-0.015690741184494025,0.02,True,0.8875391226726113,0.8750232762742169,-0.24815868470433589
black_litterman_200bp,Black-Litterman sentiment (2% annual view scale),black_litterman,2022-10-17,False,0.018440241344452702,0.0,0.0,0.018440241344452702,0.02,True,0.903905558297338,0.8911589166707272,-0.23429454939755312
black_litterman_200bp,Black-Litterman sentiment (2% annual view scale),black_litterman,2022-10-18,False,0.012513082750890692,0.0,0.0,0.012513082750890692,0.02,True,0.9152162033473027,0.9023100619392223,-0.22471321373135655
black_litterman_200bp,Black-Litterman sentiment (2% annual view scale),black_litterman,2022-10-19,False,-0.009256486563455409,0.0,0.0,-0.009256486563455409,0.02,True,0.9067445168583617,0.8939578409748112,-0.23188964545127677
black_litterman_200bp,Black-Litterman sentiment (2% annual view scale),black_litterman,2022-10-20,False,-0.006412518100781341,0.0,0.0,-0.006412518100781341,0.02,True,0.9009300012312231,0.8882253201382249,-0.23681516700321803
black_litterman_200bp,Black-Litterman sentiment (2% annual view scale),black_litterman,2022-10-21,False,0.0228068647143755,0.0,0.0,0.0228068647143755,0.02,True,0.9214773898864258,0.9084829548505002,-0.21940931376499717
black_litterman_200bp,Black-Litterman sentiment (2% annual view scale),black_litterman,2022-10-24,False,0.005942241586968272,0.0,0.0,0.005942241586968272,0.02,True,0.9269530311540599,0.9138813800458647,-0.21477085532685136
black_litterman_200bp,Black-Litterman sentiment (2% annual view scale),black_litterman,2022-10-25,False,0.01601306246203713,0.0,0.0,0.01601306246203713,0.02,True,0.9417963879413045,0.9285154196674319,-0.20219693198618816
black_litterman_200bp,Black-Litterman sentiment (2% annual view scale),black_litterman,2022-10-26,False,0.009255433980196508,0.0,0.0,0.009255433980196508,0.02,True,0.9505131222326827,0.9371092328337582,-0.19481291836098813
black_litterman_200bp,Black-Litterman sentiment (2% annual view scale),black_litterman,2022-10-27,False,0.00035728442061899843,0.0,0.0,0.00035728442061899843,0.02,True,0.9508527257628504,0.937444047363068,-0.1945252375610349
black_litterman_200bp,Black-Litterman sentiment (2% annual view scale),black_litterman,2022-10-28,False,0.021541334820530694,0.0,0.0,0.021541334820530694,0.02,True,0.9713353626935222,0.9576378434628292,-0.17717423601384974
black_litterman_200bp,Black-Litterman sentiment (2% annual view scale),black_litterman,2022-10-31,False,-0.00427396756334496,0.0,0.0,-0.00427396756334496,0.02,True,0.9671839068602401,0.9535449303824375,-0.1806909666394111
black_litterman_200bp,Black-Litterman sentiment (2% annual view scale),black_litterman,2022-11-01,True,0.003394801608290348,0.6131380446120837,0.0006131380446120837,0.0027816635636782644,0.02,True,0.9704673043427617,0.9561973715716126,-0.1784119245539193
black_litterman_200bp,Black-Litterman sentiment (2% annual view scale),black_litterman,2022-11-02,False,-0.009963284584592998,0.0,0.0,-0.009963284584592998,0.02,True,0.960798262409552,0.9466705050396048,-0.18659764036089665
black_litterman_200bp,Black-Litterman sentiment (2% annual view scale),black_litterman,2022-11-03,False,-0.0012408644382740875,0.0,0.0,-0.0012408644382740875,0.02,True,0.9596060420133725,0.9454958152751382,-0.18760696242298114
black_litterman_200bp,Black-Litterman sentiment (2% annual view scale),black_litterman,2022-11-04,False,0.010382286549074518,0.0,0.0,0.010382286549074518,0.02,True,0.9695689469157787,0.9553122237602755,-0.1791724651163834
black_litterman_200bp,Black-Litterman sentiment (2% annual view scale),black_litterman,2022-11-07,False,-0.008099971979872536,0.0,0.0,-0.008099971979872536,0.02,True,0.9617154656132063,0.9475742215157875,-0.18582114514924852
black_litterman_200bp,Black-Litterman sentiment (2% annual view scale),black_litterman,2022-11-08,False,0.0028791453520835056,0.0,0.0,0.0028791453520835056,0.02,True,0.9644843842260534,0.9503024254314189,-0.18347700588354032
black_litterman_200bp,Black-Litterman sentiment (2% annual view scale),black_litterman,2022-11-09,False,-0.015667808604957954,0.0,0.0,-0.015667808604957954,0.02,True,0.9493730274915289,0.9354132689129321,-0.19627013187690423
black_litterman_200bp,Black-Litterman sentiment (2% annual view scale),black_litterman,2022-11-10,False,0.04619195196676813,0.0,0.0,0.04619195196676813,0.02,True,0.9932264207759628,0.9786218336996358,-0.15914428041430528
black_litterman_200bp,Black-Litterman sentiment (2% annual view scale),black_litterman,2022-11-11,False,0.0029106558962603978,0.0,0.0,0.0029106558962603978,0.02,True,0.9961173611139159,0.9814702651101028,-0.1566968387561889
black_litterman_200bp,Black-Litterman sentiment (2% annual view scale),black_litterman,2022-11-14,False,-0.013171553959561658,0.0,0.0,-0.013171553959561658,0.02,True,0.9829969475419478,0.9685427765534997,-0.1678044518487808
black_litterman_200bp,Black-Litterman sentiment (2% annual view scale),black_litterman,2022-11-15,False,0.009623288549073926,0.0,0.0,0.009623288549073926,0.02,True,0.9924566108110028,0.9778633431643953,-0.15979599395966682
black_litterman_200bp,Black-Litterman sentiment (2% annual view scale),black_litterman,2022-11-16,False,-0.003227174098846917,0.0,0.0,-0.003227174098846917,0.02,True,0.9892537805423641,0.9747076079111233,-0.16250747856570757
black_litterman_200bp,Black-Litterman sentiment (2% annual view scale),black_litterman,2022-11-17,False,-0.00794760413610774,0.0,0.0,-0.00794760413610774,0.02,True,0.9813915831044654,0.9669610176949932,-0.16916353759301805
black_litterman_200bp,Black-Litterman sentiment (2% annual view scale),black_litterman,2022-11-18,False,0.009744428576277437,0.0,0.0,0.009744428576277437,0.02,True,0.9909546832913866,0.9763835002679665,-0.16106751102652628
black_litterman_200bp,Black-Litterman sentiment (2% annual view scale),black_litterman,2022-11-21,False,0.0021720324354402376,0.0,0.0,0.0021720324354402376,0.02,True,0.9931070690055468,0.9785042368999771,-0.15924532244933143
black_litterman_200bp,Black-Litterman sentiment (2% annual view scale),black_litterman,2022-11-22,False,0.012088805087910937,0.0,0.0,0.012088805087910937,0.02,True,1.0051125467941813,0.9903331838975559,-0.14908160302567197
black_litterman_200bp,Black-Litterman sentiment (2% annual view scale),black_litterman,2022-11-23,False,0.007064329255784547,0.0,0.0,0.007064329255784547,0.02,True,1.0122129927638557,0.9973292235815376,-0.14307043529964103
black_litterman_200bp,Black-Litterman sentiment (2% annual view scale),black_litterman,2022-11-25,False,0.0032816971941327386,0.0,0.0,0.0032816971941327386,0.02,True,1.0155347693020735,1.0006021560961917,-0.14025825195159447
black_litterman_200bp,Black-Litterman sentiment (2% annual view scale),black_litterman,2022-11-28,False,-0.014440043013163515,0.0,0.0,-0.014440043013163515,0.02,True,1.0008704035519886,0.9861534179230986,-0.15267295977362572
black_litterman_200bp,Black-Litterman sentiment (2% annual view scale),black_litterman,2022-11-29,False,-0.0002643069762688602,0.0,0.0,-0.0002643069762688602,0.02,True,1.0006058665219888,0.9858927706950702,-0.15289691422153884
black_litterman_200bp,Black-Litterman sentiment (2% annual view scale),black_litterman,2022-11-30,False,0.022962205179964175,0.0,0.0,0.022962205179964175,0.02,True,1.0235819837333426,1.008531042781214,-0.13344555935731284
black_litterman_200bp,Black-Litterman sentiment (2% annual view scale),black_litterman,2022-12-01,True,0.0021860832525247716,0.8576705304083733,0.0008576705304083733,0.0013284127221163983,0.02,True,1.0258196191655682,1.009870788249094,-0.13229441741395642
black_litterman_200bp,Black-Litterman sentiment (2% annual view scale),black_litterman,2022-12-02,False,0.007879473649341075,0.0,0.0,0.007879473649341075,0.02,True,1.0339025378237603,1.0178280385143421,-0.12545735414058357
black_litterman_200bp,Black-Litterman sentiment (2% annual view scale),black_litterman,2022-12-05,False,-0.01348054947041878,0.0,0.0,-0.01348054947041878,0.02,True,1.0199649635150356,1.0041071572887703,-0.1372466695420823
black_litterman_200bp,Black-Litterman sentiment (2% annual view scale),black_litterman,2022-12-06,False,-0.0064773500810489755,0.0,0.0,-0.0064773500810489755,0.02,True,1.0133582933759444,0.9976032037121241,-0.14283502489704913
black_litterman_200bp,Black-Litterman sentiment (2% annual view scale),black_litterman,2022-12-07,False,0.0009495156277671902,0.0,0.0,0.0009495156277671902,0.02,True,1.0143204929120324,0.9985504435443594,-0.14202113335761413
black_litterman_200bp,Black-Litterman sentiment (2% annual view scale),black_litterman,2022-12-08,False,0.007357070271254735,0.0,0.0,0.007357070271254735,0.02,True,1.0217829200559598,1.0058968493269078,-0.13570892254447464
black_litterman_200bp,Black-Litterman sentiment (2% annual view scale),black_litterman,2022-12-09,False,-0.015467019627942709,0.0,0.0,-0.015467019627942709,0.02,True,1.0059789835759576,0.9903386230146828,-0.14907692960373498
black_litterman_200bp,Black-Litterman sentiment (2% annual view scale),black_litterman,2022-12-12,False,0.01054471294805108,0.0,0.0,0.01054471294805108,0.02,True,1.0165867431895383,1.000781459515741,-0.140104190085532
black_litterman_200bp,Black-Litterman sentiment (2% annual view scale),black_litterman,2022-12-13,False,0.009123404144273255,0.0,0.0,0.009123404144273255,0.02,True,1.025861474895367,1.0099119932309986,-0.13225901308971522
black_litterman_200bp,Black-Litterman sentiment (2% annual view scale),black_litterman,2022-12-14,False,-0.0061541872337941995,0.0,0.0,-0.0061541872337941995,0.02,True,1.0195481313029247,1.0036968057350006,-0.1375992535935986
black_litterman_200bp,Black-Litterman sentiment (2% annual view scale),black_litterman,2022-12-15,False,-0.026204518244708402,0.0,0.0,-0.026204518244708402,0.02,True,0.9928313636948388,0.9773954144769623,-0.1601980496870552
black_litterman_200bp,Black-Litterman sentiment (2% annual view scale),black_litterman,2022-12-16,False,-0.00606713532357569,0.0,0.0,-0.00606713532357569,0.02,True,0.986807721457812,0.9714654242326882,-0.16529324176460658
black_litterman_200bp,Black-Litterman sentiment (2% annual view scale),black_litterman,2022-12-19,False,-0.004847465380632277,0.0,0.0,-0.004847465380632277,0.02,True,0.9820242051907047,0.966756279220239,-0.16933945387813254
black_litterman_200bp,Black-Litterman sentiment (2% annual view scale),black_litterman,2022-12-20,False,0.003728211600399021,0.0,0.0,0.003728211600399021,0.02,True,0.9856853992243692,0.9703605511951864,-0.16624257559408728
black_litterman_200bp,Black-Litterman sentiment (2% annual view scale),black_litterman,2022-12-21,False,0.015337689444451555,0.0,0.0,0.015337689444451555,0.02,True,1.0008035357676026,0.9852436399785649,-0.15345466314654366
black_litterman_200bp,Black-Litterman sentiment (2% annual view scale),black_litterman,2022-12-22,False,-0.006148410311669927,0.0,0.0,-0.006148410311669927,0.02,True,0.9946501849883334,0.9791859578230135,-0.15865957122494945
black_litterman_200bp,Black-Litterman sentiment (2% annual view scale),black_litterman,2022-12-23,False,0.005218913146608672,0.0,0.0,0.005218913146608672,0.02,True,0.9998411779150458,0.9842962442912707,-0.15426868860044196
black_litterman_200bp,Black-Litterman sentiment (2% annual view scale),black_litterman,2022-12-27,False,0.0017939838227375544,0.0,0.0,0.0017939838227375544,0.02,True,1.0016348768135324,0.9860620558303107,-0.15275146030940845
black_litterman_200bp,Black-Litterman sentiment (2% annual view scale),black_litterman,2022-12-28,False,-0.01317762308684223,0.0,0.0,-0.01317762308684223,0.02,True,0.988435709936248,0.9730681017183421,-0.16391618222632853
black_litterman_200bp,Black-Litterman sentiment (2% annual view scale),black_litterman,2022-12-29,False,0.009220234432422503,0.0,0.0,0.009220234432422503,0.02,True,0.9975493189032383,0.9820400177348977,-0.15620729342130035
black_litterman_200bp,Black-Litterman sentiment (2% annual view scale),black_litterman,2022-12-30,False,-0.002272396731456978,0.0,0.0,-0.002272396731456978,0.02,True,0.9952824910914955,0.979808433208437,-0.15812472520975696
black_litterman_200bp,Black-Litterman sentiment (2% annual view scale),black_litterman,2023-01-03,True,0.0010856871070231817,0.6543360399451498,0.0006543360399451498,0.0004313510670780319,0.02,True,0.9963630564599195,0.9802310746216334,-0.15776158141162966
black_litterman_200bp,Black-Litterman sentiment (2% annual view scale),black_litterman,2023-01-04,False,0.015448358885684872,0.0,0.0,0.015448358885684872,0.02,True,1.0117552305365503,0.9953740360532889,-0.1447503800539649
black_litterman_200bp,Black-Litterman sentiment (2% annual view scale),black_litterman,2023-01-05,False,-0.0037926361476853265,0.0,0.0,-0.0037926361476853265,0.02,True,1.0079180110766077,0.9915989445036858,-0.14799403067786632
black_litterman_200bp,Black-Litterman sentiment (2% annual view scale),black_litterman,2023-01-06,False,0.023025155784421582,0.0,0.0,0.023025155784421582,0.02,True,1.031125480299571,1.0144306646765513,-0.12837646050496698
black_litterman_200bp,Black-Litterman sentiment (2% annual view scale),black_litterman,2023-01-09,False,-0.003955525051751122,0.0,0.0,-0.003955525051751122,0.02,True,1.0270468376307471,1.0104180587691587,-0.1318241892511356
black_litterman_200bp,Black-Litterman sentiment (2% annual view scale),black_litterman,2023-01-10,False,0.006692348691091385,0.0,0.0,0.006692348691091385,0.02,True,1.0339201931902549,1.0171801287422177,-0.12601405400043308
black_litterman_200bp,Black-Litterman sentiment (2% annual view scale),black_litterman,2023-01-11,False,0.009299166120593174,0.0,0.0,0.009299166120593174,0.02,True,1.0435347888221669,1.026639055733958,-0.11788671350151936
black_litterman_200bp,Black-Litterman sentiment (2% annual view scale),black_litterman,2023-01-12,False,0.006555333114113334,0.0,0.0,0.006555333114113334,0.02,True,1.0503755069790621,1.0333690167322527,-0.11210416706413662
black_litterman_200bp,Black-Litterman sentiment (2% annual view scale),black_litterman,2023-01-13,False,0.0039753072581847175,0.0,0.0,0.0039753072581847175,0.02,True,1.0545510723557754,1.0374769760848517,-0.10857450831495463
black_litterman_200bp,Black-Litterman sentiment (2% annual view scale),black_litterman,2023-01-17,False,-0.005144387256826225,0.0,0.0,-0.005144387256826225,0.02,True,1.049126053257476,1.0321397927498301,-0.11316034625478921
black_litterman_200bp,Black-Litterman sentiment (2% annual view scale),black_litterman,2023-01-18,False,-0.017399470091992206,0.0,0.0,-0.017399470091992206,0.02,True,1.0308718158710928,1.0141811072951246,-0.1285908862865217
black_litterman_200bp,Black-Litterman sentiment (2% annual view scale),black_litterman,2023-01-19,False,-0.005859622734162203,0.0,0.0,-0.005859622734162203,0.02,True,1.0248312959428074,1.0082383886222603,-0.1336970149399932
black_litterman_200bp,Black-Litterman sentiment (2% annual view scale),black_litterman,2023-01-20,False,0.012084400453206069,0.0,0.0,0.012084400453206069,0.02,True,1.0372157677199585,1.020422345062667,-0.12322826275472021
black_litterman_200bp,Black-Litterman sentiment (2% annual view scale),black_litterman,2023-01-23,False,0.005354158939334315,0.0,0.0,0.005354158939334315,0.02,True,1.0427691857947148,1.0258858484833806,-0.11853388751999294
black_litterman_200bp,Black-Litterman sentiment (2% annual view scale),black_litterman,2023-01-24,False,-0.002820684919417449,0.0,0.0,-0.002820684919417449,0.02,True,1.0398278624779105,1.0229921477415198,-0.1210202256904428
black_litterman_200bp,Black-Litterman sentiment (2% annual view scale),black_litterman,2023-01-25,False,0.0021913644175526395,0.0,0.0,0.0021913644175526395,0.02,True,1.0421065042561244,1.0252338963335164,-0.11909406068927231
black_litterman_200bp,Black-Litterman sentiment (2% annual view scale),black_litterman,2023-01-26,False,0.00956570592963869,0.0,0.0,0.00956570592963869,0.02,True,1.0520749886232024,1.0350409822949405,-0.11066757352215373
black_litterman_200bp,Black-Litterman sentiment (2% annual view scale),black_litterman,2023-01-27,False,-0.0006976878757946101,0.0,0.0,-0.0006976878757946101,0.02,True,1.0513409686592132,1.0343188467506428,-0.11128804997365827
black_litterman_200bp,Black-Litterman sentiment (2% annual view scale),black_litterman,2023-01-30,False,-0.01091916719872581,0.0,0.0,-0.01091916719872581,0.02,True,1.039861200839553,1.0230249463261794,-0.12099204434750144
black_litterman_200bp,Black-Litterman sentiment (2% annual view scale),black_litterman,2023-01-31,False,0.010571189874227435,0.0,0.0,0.010571189874227435,0.02,True,1.0508537710364698,1.0338395372798646,-0.11169988434734257
black_litterman_200bp,Black-Litterman sentiment (2% annual view scale),black_litterman,2023-02-01,True,0.000911500952487718,0.36866696886020206,0.00036866696886020205,0.000542833983627516,0.02,True,1.051811625249695,1.0344007405143179,-0.11121768485690597
black_litterman_200bp,Black-Litterman sentiment (2% annual view scale),black_litterman,2023-02-02,False,-0.0027516965471294594,0.0,0.0,-0.0027516965471294594,0.02,True,1.0489173588322647,1.0315543835682963,-0.11366334408463508
black_litterman_200bp,Black-Litterman sentiment (2% annual view scale),black_litterman,2023-02-03,False,-0.01607597500555087,0.0,0.0,-0.01607597500555087,0.02,True,1.0320549895887887,1.014971141081186,-0.12791207001163407
black_litterman_200bp,Black-Litterman sentiment (2% annual view scale),black_litterman,2023-02-06,False,0.0022419616461920896,0.0,0.0,0.0022419616461920896,0.02,True,1.034368817292208,1.0172466674514817,-0.12595688232049318
black_litterman_200bp,Black-Litterman sentiment (2% annual view scale),black_litterman,2023-02-07,False,0.005625864990120705,0.0,0.0,0.005625864990120705,0.02,True,1.0401880366082847,1.022969559864214,-0.12103963374488413
black_litterman_200bp,Black-Litterman sentiment (2% annual view scale),black_litterman,2023-02-08,False,-0.012303565223165015,0.0,0.0,-0.012303565223165015,0.02,True,1.0273900152555187,1.010383387163112,-0.13185397993968107
black_litterman_200bp,Black-Litterman sentiment (2% annual view scale),black_litterman,2023-02-09,False,-0.011603697442383886,0.0,0.0,-0.011603697442383886,0.02,True,1.0154684923631674,0.9986592040376603,-0.1419276836922707
black_litterman_200bp,Black-Litterman sentiment (2% annual view scale),black_litterman,2023-02-10,False,0.01583028774734195,0.0,0.0,0.01583028774734195,0.02,True,1.031543650795636,1.014468266599108,-0.12834415201709104
black_litterman_200bp,Black-Litterman sentiment (2% annual view scale),black_litterman,2023-02-13,False,0.006324143411748619,0.0,0.0,0.006324143411748619,0.02,True,1.0380672807787463,1.020883909403749,-0.12283167542875761
black_litterman_200bp,Black-Litterman sentiment (2% annual view scale),black_litterman,2023-02-14,False,-0.0030319521648365863,0.0,0.0,-0.0030319521648365863,0.02,True,1.0349199104395432,1.0177886382245855,-0.1254912078293674
black_litterman_200bp,Black-Litterman sentiment (2% annual view scale),black_litterman,2023-02-15,False,0.0015799156554986192,0.0,0.0,0.0015799156554986192,0.02,True,1.036554996608234,1.0193966584281051,-0.1241095576977459
black_litterman_200bp,Black-Litterman sentiment (2% annual view scale),black_litterman,2023-02-16,False,-0.010737566982749544,0.0,0.0,-0.010737566982749544,0.02,True,1.0254249179008492,1.0084508185262424,-0.13351448999151638
black_litterman_200bp,Black-Litterman sentiment (2% annual view scale),black_litterman,2023-02-17,False,0.0023287827862263494,0.0,0.0,0.0023287827862263494,0.02,True,1.0278129097982243,1.0107992814331823,-0.13149663345129392
black_litterman_200bp,Black-Litterman sentiment (2% annual view scale),black_litterman,2023-02-21,False,-0.01599852200795878,0.0,0.0,-0.01599852200795878,0.02,True,1.0113694223407532,0.9946279868835446,-0.1453914036750097
black_litterman_200bp,Black-Litterman sentiment (2% annual view scale),black_litterman,2023-02-22,False,-0.007076330431005548,0.0,0.0,-0.007076330431005548,0.02,True,1.0042126381204548,0.9875896705924307,-0.15143889649178321
black_litterman_200bp,Black-Litterman sentiment (2% annual view scale),black_litterman,2023-02-23,False,-0.0009460984200893337,0.0,0.0,-0.0009460984200893337,0.02,True,1.0032625541300952,0.9866553135653867,-0.15224171881116155
black_litterman_200bp,Black-Litterman sentiment (2% annual view scale),black_litterman,2023-02-24,False,-0.0038052295062230355,0.0,0.0,-0.0038052295062230355,0.02,True,0.9994449098566307,0.982900863653736,-0.15546763363688632
black_litterman_200bp,Black-Litterman sentiment (2% annual view scale),black_litterman,2023-02-27,False,-0.0004845181237797041,0.0,0.0,-0.0004845181237797041,0.02,True,0.9989606606840858,0.982424630371417,-0.1558768248745077
black_litterman_200bp,Black-Litterman sentiment (2% annual view scale),black_litterman,2023-02-28,False,-0.007634995613217618,0.0,0.0,-0.007634995613217618,0.02,True,0.9913336004219859,0.9749238226282144,-0.16232170161360615
black_litterman_200bp,Black-Litterman sentiment (2% annual view scale),black_litterman,2023-03-01,True,-0.005333456028433061,0.3876425003015941,0.0003876425003015941,-0.005721098528734655,0.02,True,0.986046366254627,0.9693461873809477,-0.16711414169405758
black_litterman_200bp,Black-Litterman sentiment (2% annual view scale),black_litterman,2023-03-02,False,0.014409419816300272,0.0,0.0,0.014409419816300272,0.02,True,1.0002547223043274,0.9833139035422498,-0.1551127397026677
black_litterman_200bp,Black-Litterman sentiment (2% annual view scale),black_litterman,2023-03-03,False,0.013843138655584421,0.0,0.0,0.013843138655584421,0.02,True,1.0141013871160893,0.996926054250949,-0.14341684821003498
black_litterman_200bp,Black-Litterman sentiment (2% annual view scale),black_litterman,2023-03-06,False,-6.0718497025167954e-05,0.0,0.0,-6.0718497025167954e-05,0.02,True,1.0140398124040324,0.9968655223992897,-0.14346885865158865
black_litterman_200bp,Black-Litterman sentiment (2% annual view scale),black_litterman,2023-03-07,False,-0.016564449668494942,0.0,0.0,-0.016564449668494942,0.02,True,0.9972428009696158,0.9803529936272488,-0.15765682563195293
black_litterman_200bp,Black-Litterman sentiment (2% annual view scale),black_litterman,2023-03-08,False,0.006073591862918061,0.0,0.0,0.006073591862918061,0.02,True,1.0032996467309385,0.9863072575921306,-0.1525407769823267
black_litterman_200bp,Black-Litterman sentiment (2% annual view scale),black_litterman,2023-03-09,False,-0.013802092170342978,0.0,0.0,-0.013802092170342978,0.02,True,0.9894520125322855,0.9726941539145657,-0.16423748728902388
black_litterman_200bp,Black-Litterman sentiment (2% annual view scale),black_litterman,2023-03-10,False,-0.014543911960683956,0.0,0.0,-0.014543911960683956,0.02,True,0.9750615095726944,0.9585473757753603,-0.17639274369393232
black_litterman_200bp,Black-Litterman sentiment (2% annual view scale),black_litterman,2023-03-13,False,0.001571272555109145,0.0,0.0,0.001571272555109145,0.02,True,0.9765935969622292,0.960053514959688,-0.17509863221590982
black_litterman_200bp,Black-Litterman sentiment (2% annual view scale),black_litterman,2023-03-14,False,0.014775888482017201,0.0,0.0,0.014775888482017201,0.02,True,0.9910236350431952,0.9742391586335011,-0.16290998159686865
black_litterman_200bp,Black-Litterman sentiment (2% annual view scale),black_litterman,2023-03-15,False,-0.0013708670017254104,0.0,0.0,-0.0013708670017254104,0.02,True,0.9896650734439846,0.9729036063191417,-0.1640575206805711
black_litterman_200bp,Black-Litterman sentiment (2% annual view scale),black_litterman,2023-03-16,False,0.01299549568676623,0.0,0.0,0.01299549568676623,0.02,True,1.002526261637269,0.9855469709387014,-0.1531940337961909
black_litterman_200bp,Black-Litterman sentiment (2% annual view scale),black_litterman,2023-03-17,False,-0.007072291837887461,0.0,0.0,-0.007072291837887461,0.02,True,0.9954361033398239,0.9785768951402768,-0.15918289271924857
black_litterman_200bp,Black-Litterman sentiment (2% annual view scale),black_litterman,2023-03-20,False,0.00827444688887167,0.0,0.0,0.00827444688887167,0.02,True,1.0036727865081745,0.9866740776857919,-0.15222559622179932
black_litterman_200bp,Black-Litterman sentiment (2% annual view scale),black_litterman,2023-03-21,False,-0.0009538773416025272,0.0,0.0,-0.0009538773416025272,0.02,True,1.0027154057787413,0.9857329116395408,-0.15303426901635397
black_litterman_200bp,Black-Litterman sentiment (2% annual view scale),black_litterman,2023-03-22,False,-0.01553578555901507,0.0,0.0,-0.01553578555901507,0.02,True,0.9871374342578421,0.9704187765058454,-0.1661925469887503
black_litterman_200bp,Black-Litterman sentiment (2% annual view scale),black_litterman,2023-03-23,False,-0.00022128691983252244,0.0,0.0,-0.00022128691983252244,0.02,True,0.9869189936555638,0.9702040355238448,-0.1663770576717606
black_litterman_200bp,Black-Litterman sentiment (2% annual view scale),black_litterman,2023-03-24,False,0.013225895679582555,0.0,0.0,0.013225895679582555,0.02,True,0.9999718813098508,0.9830358528855931,-0.15535164760042064
black_litterman_200bp,Black-Litterman sentiment (2% annual view scale),black_litterman,2023-03-27,False,0.0029576432516578224,0.0,0.0,0.0029576432516578224,0.02,True,1.0029294413964545,0.9859433222420179,-0.15285347910092217
black_litterman_200bp,Black-Litterman sentiment (2% annual view scale),black_litterman,2023-03-28,False,0.0017904619249653943,0.0,0.0,0.0017904619249653943,0.02,True,1.0047251483747015,0.9877086162206661,-0.15133669551038542
black_litterman_200bp,Black-Litterman sentiment (2% annual view scale),black_litterman,2023-03-29,False,0.014664018227995844,0.0,0.0,0.014664018227995844,0.02,True,1.0194584562645939,1.0021923933728745,-0.1388918813439186
black_litterman_200bp,Black-Litterman sentiment (2% annual view scale),black_litterman,2023-03-30,False,0.004745803282279526,0.0,0.0,0.004745803282279526,0.02,True,1.024296605552482,1.006948601322819,-0.13480523160800295
black_litterman_200bp,Black-Litterman sentiment (2% annual view scale),black_litterman,2023-03-31,False,0.009289607269426278,0.0,0.0,0.009289607269426278,0.02,True,1.0338119187454708,1.016302758369606,-0.12676791199807913
black_litterman_200bp,Black-Litterman sentiment (2% annual view scale),black_litterman,2023-04-03,True,0.00711187077128026,0.5949255320133615,0.0005949255320133615,0.0065169452392668985,0.02,True,1.041164255513398,1.0229259477924166,-0.12107710629939994
black_litterman_200bp,Black-Litterman sentiment (2% annual view scale),black_litterman,2023-04-04,False,-0.0012347503478282336,0.0,0.0,-0.0012347503478282336,0.02,True,1.0398786775867563,1.0216628896225775,-0.12216235664811093
black_litterman_200bp,Black-Litterman sentiment (2% annual view scale),black_litterman,2023-04-05,False,0.00549318301354204,0.0,0.0,0.00549318301354204,0.02,True,1.0455909214746204,1.0272750708534184,-0.11734023381700265
black_litterman_200bp,Black-Litterman sentiment (2% annual view scale),black_litterman,2023-04-06,False,0.0014227737505091995,0.0,0.0,0.0014227737505091995,0.02,True,1.0470785607914652,1.0287366508587812,-0.11608440867104686
black_litterman_200bp,Black-Litterman sentiment (2% annual view scale),black_litterman,2023-04-10,False,0.0034194408061627175,0.0,0.0,0.0034194408061627175,0.02,True,1.0506589839494938,1.0322543549415228,-0.11306191162885315
black_litterman_200bp,Black-Litterman sentiment (2% annual view scale),black_litterman,2023-04-11,False,0.002763420343109661,0.0,0.0,0.002763420343109661,0.02,True,1.0535623963594107,1.035106907625232,-0.11061092887236945
black_litterman_200bp,Black-Litterman sentiment (2% annual view scale),black_litterman,2023-04-12,False,-0.0016371801671959455,0.0,0.0,-0.0016371801671959455,0.02,True,1.0518375248991876,1.0334122511251405,-0.11206701902054039
black_litterman_200bp,Black-Litterman sentiment (2% annual view scale),black_litterman,2023-04-13,False,0.00676504916001361,0.0,0.0,0.00676504916001361,0.02,True,1.0589532574634775,1.0404033358065623,-0.10606010875341698
black_litterman_200bp,Black-Litterman sentiment (2% annual view scale),black_litterman,2023-04-14,False,-0.005403959463388718,0.0,0.0,-0.005403959463388718,0.02,True,1.0532307169865214,1.0347810383542893,-0.11089092368841957
black_litterman_200bp,Black-Litterman sentiment (2% annual view scale),black_litterman,2023-04-17,False,0.005650566314802298,0.0,0.0,0.005650566314802298,0.02,True,1.0591820669976406,1.0406281372328101,-0.10586695389162837
black_litterman_200bp,Black-Litterman sentiment (2% annual view scale),black_litterman,2023-04-18,False,-0.001631304970709627,0.0,0.0,-0.001631304970709627,0.02,True,1.057454218026861,1.038930555379882,-0.10732555757422069
black_litterman_200bp,Black-Litterman sentiment (2% annual view scale),black_litterman,2023-04-19,False,0.0014954381185765839,0.0,0.0,0.0014954381185765839,0.02,True,1.0590355753731477,1.0404842117349509,-0.10599061818553823
black_litterman_200bp,Black-Litterman sentiment (2% annual view scale),black_litterman,2023-04-20,False,-0.011593748962369458,0.0,0.0,-0.011593748962369458,0.02,True,1.046757382770053,1.028421098984787,-0.11635553852829805
black_litterman_200bp,Black-Litterman sentiment (2% annual view scale),black_litterman,2023-04-21,False,-0.0013395772287106082,0.0,0.0,-0.0013395772287106082,0.02,True,1.0453551704161095,1.0270434494990615,-0.11753924852716191
black_litterman_200bp,Black-Litterman sentiment (2% annual view scale),black_litterman,2023-04-24,False,-0.0014421939030026527,0.0,0.0,-0.0014421939030026527,0.02,True,1.0438475655628632,1.025562253698075,-0.11881192804257512
black_litterman_200bp,Black-Litterman sentiment (2% annual view scale),black_litterman,2023-04-25,False,-0.009908569088519543,0.0,0.0,-0.009908569088519543,0.02,True,1.0335045298416006,1.0154003992527298,-0.12754324093354463
black_litterman_200bp,Black-Litterman sentiment (2% annual view scale),black_litterman,2023-04-26,False,-0.014126028518842697,0.0,0.0,-0.014126028518842697,0.02,True,1.018905215378705,1.0010568242548414,-0.13986758999357463
black_litterman_200bp,Black-Litterman sentiment (2% annual view scale),black_litterman,2023-04-27,False,0.015023769425311074,0.0,0.0,0.015023769425311074,0.02,True,1.0342130124008015,1.0160964711640803,-0.12694515899040093
black_litterman_200bp,Black-Litterman sentiment (2% annual view scale),black_litterman,2023-04-28,False,0.00832474613455054,0.0,0.0,0.00832474613455054,0.02,True,1.0428225731780871,1.024555216334734,-0.11967719907745555
black_litterman_200bp,Black-Litterman sentiment (2% annual view scale),black_litterman,2023-05-01,True,-0.0024658643944267616,0.7456852657254669,0.0007456852657254669,-0.003211549660152228,0.02,True,1.040251114125183,1.021264806377907,-0.12250439946958258
black_litterman_200bp,Black-Litterman sentiment (2% annual view scale),black_litterman,2023-05-02,False,-0.012126122329698945,0.0,0.0,-0.012126122329698945,0.02,True,1.0276369018616953,1.0088808244047522,-0.13314501846538707
black_litterman_200bp,Black-Litterman sentiment (2% annual view scale),black_litterman,2023-05-03,False,-0.015397930143917164,0.0,0.0,-0.015397930143917164,0.02,True,1.0118134206335174,0.9933461479470302,-0.14649279091596368
black_litterman_200bp,Black-Litterman sentiment (2% annual view scale),black_litterman,2023-05-04,False,0.0020390689000063683,0.0,0.0,0.0020390689000063683,0.02,True,1.0138765779121401,0.99537164918425,-0.14475243090998935
black_litterman_200bp,Black-Litterman sentiment (2% annual view scale),black_litterman,2023-05-05,False,0.01560905346491467,0.0,0.0,0.01560905346491467,0.02,True,1.0297022316235955,1.0109084584738273,-0.13140282587832508
black_litterman_200bp,Black-Litterman sentiment (2% annual view scale),black_litterman,2023-05-08,False,0.00020184410645270599,0.0,0.0,0.00020184410645270599,0.02,True,1.0299100709504498,1.0111125043883333,-0.13122750465784716
black_litterman_200bp,Black-Litterman sentiment (2% annual view scale),black_litterman,2023-05-09,False,-0.003385511160268362,0.0,0.0,-0.003385511160268362,0.02,True,1.0264232989111743,1.0076893717204398,-0.13416874363656217
black_litterman_200bp,Black-Litterman sentiment (2% annual view scale),black_litterman,2023-05-10,False,-0.0025613654398886562,0.0,0.0,-0.0025613654398886562,0.02,True,1.023794253746647,1.005108310989572,-0.13638645389338677
black_litterman_200bp,Black-Litterman sentiment (2% annual view scale),black_litterman,2023-05-11,False,-0.014689925517860282,0.0,0.0,-0.014689925517860282,0.02,True,1.0087547924134952,0.9903433447637529,-0.14907287256190815
black_litterman_200bp,Black-Litterman sentiment (2% annual view scale),black_litterman,2023-05-12,False,0.0003727241134815433,0.0,0.0,0.0003727241134815433,0.02,True,1.0091307796492177,0.9907124696089722,-0.1487557115026964
black_litterman_200bp,Black-Litterman sentiment (2% annual view scale),black_litterman,2023-05-15,False,-0.0009088510739010627,0.0,0.0,-0.0009088510739010627,0.02,True,1.0082136300564268,0.9898120595170409,-0.14952936578844933
black_litterman_200bp,Black-Litterman sentiment (2% annual view scale),black_litterman,2023-05-16,False,-0.02036545315822439,0.0,0.0,-0.02036545315822439,0.02,True,0.9876809026000294,0.969654088383501,-0.1668495856519301
black_litterman_200bp,Black-Litterman sentiment (2% annual view scale),black_litterman,2023-05-17,False,0.005808711496412445,0.0,0.0,0.005808711496412445,0.02,True,0.9934180560137492,0.9752865292342376,-0.16201005526186563
black_litterman_200bp,Black-Litterman sentiment (2% annual view scale),black_litterman,2023-05-18,False,0.0001869855714274741,0.0,0.0,0.0001869855714274741,0.02,True,0.9936038108566192,0.9754688937432119,-0.16185336323319832
black_litterman_200bp,Black-Litterman sentiment (2% annual view scale),black_litterman,2023-05-19,False,-0.006521689871573216,0.0,0.0,-0.006521689871573216,0.02,True,0.9871238349469991,0.9691071881388521,-0.16731949566509352
black_litterman_200bp,Black-Litterman sentiment (2% annual view scale),black_litterman,2023-05-22,False,-0.008038616137214372,0.0,0.0,-0.008038616137214372,0.02,True,0.9791887253579652,0.9613169074575887,-0.17401309460438386
black_litterman_200bp,Black-Litterman sentiment (2% annual view scale),black_litterman,2023-05-23,False,-0.004927653597652882,0.0,0.0,-0.004927653597652882,0.02,True,0.9743636225126738,0.9565798707400708,-0.17808327195037077
black_litterman_200bp,Black-Litterman sentiment (2% annual view scale),black_litterman,2023-05-24,False,-0.008488009867436457,0.0,0.0,-0.008488009867436457,0.02,True,0.9660932144703152,0.948460411358238,-0.1850597092482671
black_litterman_200bp,Black-Litterman sentiment (2% annual view scale),black_litterman,2023-05-25,False,-0.008703012412556176,0.0,0.0,-0.008703012412556176,0.02,True,0.9576852932330937,0.9402059486253691,-0.19215214471417152
black_litterman_200bp,Black-Litterman sentiment (2% annual view scale),black_litterman,2023-05-26,False,0.0021821899945689686,0.0,0.0,0.0021821899945689686,0.02,True,0.9597751444979327,0.9422576566392935,-0.19038926720723293
black_litterman_200bp,Black-Litterman sentiment (2% annual view scale),black_litterman,2023-05-30,False,-0.0035808532615350932,0.0,0.0,-0.0035808532615350932,0.02,True,0.9563383305414169,0.9388835702363103,-0.1932883644403277
black_litterman_200bp,Black-Litterman sentiment (2% annual view scale),black_litterman,2023-05-31,False,-0.0020093776156697835,0.0,0.0,-0.0020093776156697835,0.02,True,0.95441668570702,0.9369969986065574,-0.1949093527431216
black_litterman_200bp,Black-Litterman sentiment (2% annual view scale),black_litterman,2023-06-01,True,-0.002657488173575462,0.662004967821129,0.0006620049678211291,-0.0033194931413965912,0.02,True,0.9518803346520904,0.9338866434961738,-0.19758184562489334
black_litterman_200bp,Black-Litterman sentiment (2% annual view scale),black_litterman,2023-06-02,False,0.018824895325220727,0.0,0.0,0.018824895325220727,0.02,True,0.9697993823140522,0.9514669618056111,-0.18247640786172503
black_litterman_200bp,Black-Litterman sentiment (2% annual view scale),black_litterman,2023-06-05,False,-0.0035519837538678283,0.0,0.0,-0.0035519837538678283,0.02,True,0.9663546706635616,0.9480873666149356,-0.18538023837940376
black_litterman_200bp,Black-Litterman sentiment (2% annual view scale),black_litterman,2023-06-06,False,-0.0025245841758309963,0.0,0.0,-0.0025245841758309963,0.02,True,0.963915026953764,0.9456938402518743,-0.18743681453891037
black_litterman_200bp,Black-Litterman sentiment (2% annual view scale),black_litterman,2023-06-07,False,0.011507971750487843,0.0,0.0,0.011507971750487843,0.02,True,0.9750077338538186,0.9565768582501032,-0.17808586035513774
black_litterman_200bp,Black-Litterman sentiment (2% annual view scale),black_litterman,2023-06-08,False,0.0016309036774159857,0.0,0.0,0.0016309036774159857,0.02,True,0.9765978775524699,0.9581369429659543,-0.1767453975622708
black_litterman_200bp,Black-Litterman sentiment (2% annual view scale),black_litterman,2023-06-09,False,-0.0076551537791949625,0.0,0.0,-0.0076551537791949625,0.02,True,0.9691218706193703,0.9508022573260221,-0.18304753814336172
black_litterman_200bp,Black-Litterman sentiment (2% annual view scale),black_litterman,2023-06-12,False,0.00019115660271436837,0.0,0.0,0.00019115660271436837,0.02,True,0.9693071246637741,0.9509840094553857,-0.18289137228617391
black_litterman_200bp,Black-Litterman sentiment (2% annual view scale),black_litterman,2023-06-13,False,0.006095406371531645,0.0,0.0,0.006095406371531645,0.02,True,0.9752154454874208,0.9567806434458449,-0.17791076315057353
black_litterman_200bp,Black-Litterman sentiment (2% annual view scale),black_litterman,2023-06-14,False,0.00036515840740582064,0.0,0.0,0.00036515840740582064,0.02,True,0.9755715536063725,0.9571300199418423,-0.1776105703541001
black_litterman_200bp,Black-Litterman sentiment (2% annual view scale),black_litterman,2023-06-15,False,0.011394926455116593,0.0,0.0,0.011394926455116593,0.02,True,0.9866881197114209,0.9680364461270639,-0.16823950328581982
black_litterman_200bp,Black-Litterman sentiment (2% annual view scale),black_litterman,2023-06-16,False,0.0016054812305015575,0.0,0.0,0.0016054812305015575,0.02,True,0.9882722289679764,0.9695906104717622,-0.16690412742007266
black_litterman_200bp,Black-Litterman sentiment (2% annual view scale),black_litterman,2023-06-20,False,-0.011624602977189907,0.0,0.0,-0.011624602977189907,0.02,True,0.9767839566728411,0.9583195045746168,-0.17658853618074988
black_litterman_200bp,Black-Litterman sentiment (2% annual view scale),black_litterman,2023-06-21,False,0.00012209158006382375,0.0,0.0,0.00012209158006382375,0.02,True,0.9769032137694924,0.9584365073171364,-0.17648800457408942
black_litterman_200bp,Black-Litterman sentiment (2% annual view scale),black_litterman,2023-06-22,False,-0.005922382864909273,0.0,0.0,-0.005922382864909273,0.02,True,0.9711176189155891,0.9527602793690978,-0.1813651579048472
black_litterman_200bp,Black-Litterman sentiment (2% annual view scale),black_litterman,2023-06-23,False,-0.007153996602113611,0.0,0.0,-0.007153996602113611,0.02,True,0.9641702467696144,0.9459442355678624,-0.18722166878356772
black_litterman_200bp,Black-Litterman sentiment (2% annual view scale),black_litterman,2023-06-26,False,0.006244259061962135,0.0,0.0,0.006244259061962135,0.02,True,0.9701907755702799,0.9518509564329181,-0.18214647032350295
black_litterman_200bp,Black-Litterman sentiment (2% annual view scale),black_litterman,2023-06-27,False,-4.360684854429588e-06,0.0,0.0,-4.360684854429588e-06,0.02,True,0.970186544874059,0.9518468057108687,-0.18215003672500296
black_litterman_200bp,Black-Litterman sentiment (2% annual view scale),black_litterman,2023-06-28,False,-0.0003350648401290872,0.0,0.0,-0.0003350648401290872,0.02,True,0.9698614694745054,0.9515278753130857,-0.18242406949219736
black_litterman_200bp,Black-Litterman sentiment (2% annual view scale),black_litterman,2023-06-29,False,0.005298219957061725,0.0,0.0,0.005298219957061725,0.02,True,0.9750000088676604,0.95656927929177,-0.17809237238076758
black_litterman_200bp,Black-Litterman sentiment (2% annual view scale),black_litterman,2023-06-30,False,0.009349291593719057,0.0,0.0,0.009349291593719057,0.02,True,0.9841155682544427,0.9655125244134625,-0.1704081183070535
black_litterman_200bp,Black-Litterman sentiment (2% annual view scale),black_litterman,2023-07-03,True,0.0068439672386040075,0.7203201719460497,0.0007203201719460497,0.006123647066657958,0.02,True,0.9908508229625763,0.9714249823514084,-0.16532799041420132
black_litterman_200bp,Black-Litterman sentiment (2% annual view scale),black_litterman,2023-07-05,False,0.0028504336013569125,0.0,0.0,0.0028504336013569125,0.02,True,0.993675177442281,0.9741939647623004,-0.16294881327196586
black_litterman_200bp,Black-Litterman sentiment (2% annual view scale),black_litterman,2023-07-06,False,-0.012554786436000782,0.0,0.0,-0.012554786436000782,0.02,True,0.9811997978027379,0.9619631675874688,-0.17345781215733735
black_litterman_200bp,Black-Litterman sentiment (2% annual view scale),black_litterman,2023-07-07,False,-0.0034951363224898346,0.0,0.0,-0.0034951363224898346,0.02,True,0.9777703707498179,0.9586009751795365,-0.17634668978013646
black_litterman_200bp,Black-Litterman sentiment (2% annual view scale),black_litterman,2023-07-10,False,0.0007262666410543995,0.0,0.0,0.0007262666410543995,0.02,True,0.9784804927527048,0.9592971750898915,-0.17574849785712976
black_litterman_200bp,Black-Litterman sentiment (2% annual view scale),black_litterman,2023-07-11,False,0.012497795268120417,0.0,0.0,0.012497795268120417,0.02,True,0.9907093416249777,0.9712862747854513,-0.16544717133390752
black_litterman_200bp,Black-Litterman sentiment (2% annual view scale),black_litterman,2023-07-12,False,0.010508175965417175,0.0,0.0,0.010508175965417175,0.02,True,1.0011198897173554,0.9814927218736912,-0.15667754335784767
black_litterman_200bp,Black-Litterman sentiment (2% annual view scale),black_litterman,2023-07-13,False,0.003001163777674064,0.0,0.0,0.003001163777674064,0.02,True,1.0041244144674843,0.9844383422786293,-0.1541465945480741
black_litterman_200bp,Black-Litterman sentiment (2% annual view scale),black_litterman,2023-07-14,False,-0.0051069961817373005,0.0,0.0,-0.0051069961817373005,0.02,True,0.9989963549168097,0.9794108194234565,-0.1584663646600265
black_litterman_200bp,Black-Litterman sentiment (2% annual view scale),black_litterman,2023-07-17,False,-0.011032000609885928,0.0,0.0,-0.011032000609885928,0.02,True,0.9879754265200936,0.9686059586662481,-0.16775016423833666
black_litterman_200bp,Black-Litterman sentiment (2% annual view scale),black_litterman,2023-07-18,False,-0.002796198117667302,0.0,0.0,-0.002796198117667302,0.02,True,0.9852128514921566,0.9658975445078642,-0.17007729966252227
black_litterman_200bp,Black-Litterman sentiment (2% annual view scale),black_litterman,2023-07-19,False,0.005838220655895951,0.0,0.0,0.005838220655895951,0.02,True,0.9909647415121924,0.9715366675036893,-0.16523202781061508
black_litterman_200bp,Black-Litterman sentiment (2% annual view scale),black_litterman,2023-07-20,False,0.0055875982849643395,0.0,0.0,0.0055875982849643395,0.02,True,0.996501854402326,0.9769652241208128,-0.1605676797208666
black_litterman_200bp,Black-Litterman sentiment (2% annual view scale),black_litterman,2023-07-21,False,0.01069251704801557,0.0,0.0,0.01069251704801557,0.02,True,1.007156967468902,0.987411441435043,-0.1515920353256266
black_litterman_200bp,Black-Litterman sentiment (2% annual view scale),black_litterman,2023-07-24,False,0.0033130924137675525,0.0,0.0,0.0033130924137675525,0.02,True,1.0104937715772966,0.9906828267909288,-0.1487811813340839
black_litterman_200bp,Black-Litterman sentiment (2% annual view scale),black_litterman,2023-07-25,False,0.0030172605905892246,0.0,0.0,0.0030172605905892246,0.02,True,1.0135426946113126,0.9936719750419785,-0.14621283233855542
black_litterman_200bp,Black-Litterman sentiment (2% annual view scale),black_litterman,2023-07-26,False,0.0029832518310680544,0.0,0.0,0.0029832518310680544,0.02,True,1.0165663477108773,0.9966363487810034,-0.1436657702072871
black_litterman_200bp,Black-Litterman sentiment (2% annual view scale),black_litterman,2023-07-27,False,-0.010104370375158845,0.0,0.0,-0.010104370375158845,0.02,True,1.006294584822684,0.986565965983574,-0.15231848843003915
black_litterman_200bp,Black-Litterman sentiment (2% annual view scale),black_litterman,2023-07-28,False,7.367032392762611e-06,0.0,0.0,7.367032392762611e-06,0.02,True,1.0063019982274872,0.986573234047003,-0.15231224353288464
black_litterman_200bp,Black-Litterman sentiment (2% annual view scale),black_litterman,2023-07-31,False,0.004434092616485289,0.0,0.0,0.004434092616485289,0.02,True,1.010764034487782,0.9909477911397128,-0.1485535175108489
black_litterman_200bp,Black-Litterman sentiment (2% annual view scale),black_litterman,2023-08-01,True,-0.00865031047167496,0.49632422577750834,0.0004963242257775084,-0.00914663469745247,0.02,True,1.0020206117758599,0.9818839536899103,-0.1563413874506081
black_litterman_200bp,Black-Litterman sentiment (2% annual view scale),black_litterman,2023-08-02,False,-0.011681635198063069,0.0,0.0,-0.011681635198063069,0.02,True,0.9903153725281543,0.9704139435360729,-0.1661966995941141
black_litterman_200bp,Black-Litterman sentiment (2% annual view scale),black_litterman,2023-08-03,False,-0.009545259191148202,0.0,0.0,-0.009545259191148202,0.02,True,0.9808625556163945,0.9611510909223168,-0.17415556821092315
black_litterman_200bp,Black-Litterman sentiment (2% annual view scale),black_litterman,2023-08-04,False,-7.279652646442704e-05,0.0,0.0,-7.279652646442704e-05,0.02,True,0.9807911522294066,0.9610811224614901,-0.17421568681695743
black_litterman_200bp,Black-Litterman sentiment (2% annual view scale),black_litterman,2023-08-07,False,0.004342736734480643,0.0,0.0,0.004342736734480643,0.02,True,0.9850504699950468,0.9652548447568194,-0.17062952294533962
black_litterman_200bp,Black-Litterman sentiment (2% annual view scale),black_litterman,2023-08-08,False,0.0034200405554279693,0.0,0.0,0.0034200405554279693,0.02,True,0.9884193825515731,0.968556055472211,-0.16779304227833813
black_litterman_200bp,Black-Litterman sentiment (2% annual view scale),black_litterman,2023-08-09,False,0.0006491438901586,0.0,0.0,0.0006491438901586,0.02,True,0.9890610089546708,0.9691847877178968,-0.16725282021638566
black_litterman_200bp,Black-Litterman sentiment (2% annual view scale),black_litterman,2023-08-10,False,0.0005426494884516067,0.0,0.0,0.0005426494884516067,0.02,True,0.9895977224052274,0.9697107153471669,-0.16680093038526667
black_litterman_200bp,Black-Litterman sentiment (2% annual view scale),black_litterman,2023-08-11,False,0.006916674981473348,0.0,0.0,0.006916674981473348,0.02,True,0.9964424482135106,0.9764178891912753,-0.1610379632258756
black_litterman_200bp,Black-Litterman sentiment (2% annual view scale),black_litterman,2023-08-14,False,0.0003570696237038167,0.0,0.0,0.0003570696237038167,0.02,True,0.9967982475435367,0.9767665383595465,-0.16073839536710288
black_litterman_200bp,Black-Litterman sentiment (2% annual view scale),black_litterman,2023-08-15,False,-0.013628014724743044,0.0,0.0,-0.013628014724743044,0.02,True,0.9832138663484153,0.9634551495921463,-0.17217586487295145
black_litterman_200bp,Black-Litterman sentiment (2% annual view scale),black_litterman,2023-08-16,False,-0.005972616094607688,0.0,0.0,-0.005972616094607688,0.02,True,0.9773415073858214,0.9577008018592597,-0.17712014062591597
black_litterman_200bp,Black-Litterman sentiment (2% annual view scale),black_litterman,2023-08-17,False,0.0007909174145159302,0.0,0.0,0.0007909174145159302,0.02,True,0.9781145038039422,0.958458264101346,-0.17646931061508253
black_litterman_200bp,Black-Litterman sentiment (2% annual view scale),black_litterman,2023-08-18,False,0.003755835510503599,0.0,0.0,0.003755835510503599,0.02,True,0.9817881409906677,0.9620580756849936,-0.17337626480790103
black_litterman_200bp,Black-Litterman sentiment (2% annual view scale),black_litterman,2023-08-21,False,-0.00038980349011699753,0.0,0.0,-0.00038980349011699753,0.02,True,0.981405436546754,0.9616830620893964,-0.17369848562489243
black_litterman_200bp,Black-Litterman sentiment (2% annual view scale),black_litterman,2023-08-22,False,-0.00613536229157889,0.0,0.0,-0.00613536229157889,0.02,True,0.9753841586386146,0.955782788093803,-0.178768144777664
black_litterman_200bp,Black-Litterman sentiment (2% annual view scale),black_litterman,2023-08-23,False,0.008310503347989938,0.0,0.0,0.008310503347989938,0.02,True,0.9834900919545572,0.9637258241542078,-0.17194329469536274
black_litterman_200bp,Black-Litterman sentiment (2% annual view scale),black_litterman,2023-08-24,False,-0.011951920409070026,0.0,0.0,-0.011951920409070026,0.02,True,0.9717354966524073,0.9522074498077513,-0.18184016253136048
black_litterman_200bp,Black-Litterman sentiment (2% annual view scale),black_litterman,2023-08-25,False,0.0072098531763594405,0.0,0.0,0.0072098531763594405,0.02,True,0.9787415669095278,0.9590727257143008,-0.1759413502284175
black_litterman_200bp,Black-Litterman sentiment (2% annual view scale),black_litterman,2023-08-28,False,0.0041481782555705055,0.0,0.0,0.0041481782555705055,0.02,True,0.982801561395205,0.9630511303406196,-0.1725230080561202
black_litterman_200bp,Black-Litterman sentiment (2% annual view scale),black_litterman,2023-08-29,False,0.008184870591125297,0.0,0.0,0.008184870591125297,0.02,True,0.9908456649919808,0.9709335792150946,-0.1657502159599259
black_litterman_200bp,Black-Litterman sentiment (2% annual view scale),black_litterman,2023-08-30,False,0.0021254089709824304,0.0,0.0,0.0021254089709824304,0.02,True,0.9929516172572137,0.9729972101545864,-0.16397709398488702
black_litterman_200bp,Black-Litterman sentiment (2% annual view scale),black_litterman,2023-08-31,False,-0.0030285682248002775,0.0,0.0,-0.0030285682248002775,0.02,True,0.9899443955404245,0.9700504217210929,-0.1665090463932496
black_litterman_200bp,Black-Litterman sentiment (2% annual view scale),black_litterman,2023-09-01,True,-0.0009346166163678069,0.9002370021443145,0.0009002370021443145,-0.0018348536185121213,0.02,True,0.9890191770590722,0.9682705211946587,-0.16803838028547202
black_litterman_200bp,Black-Litterman sentiment (2% annual view scale),black_litterman,2023-09-05,False,-0.010672017786341822,0.0,0.0,-0.010672017786341822,0.02,True,0.9784643468104646,0.9579371209704788,-0.17691708948861928
black_litterman_200bp,Black-Litterman sentiment (2% annual view scale),black_litterman,2023-09-06,False,-0.002341549774551494,0.0,0.0,-0.002341549774551494,0.02,True,0.9761732238397839,0.9556940635208359,-0.17884437909216444
black_litterman_200bp,Black-Litterman sentiment (2% annual view scale),black_litterman,2023-09-07,False,0.000494307401810932,0.0,0.0,0.000494307401810932,0.02,True,0.9766557534897775,0.956166470170301,-0.17843847579071104
black_litterman_200bp,Black-Litterman sentiment (2% annual view scale),black_litterman,2023-09-08,False,0.001114176154241727,0.0,0.0,0.001114176154241727,0.02,True,0.9777439200412188,0.9572318080508502,-0.1775231115311946
black_litterman_200bp,Black-Litterman sentiment (2% annual view scale),black_litterman,2023-09-11,False,0.0021015170363346577,0.0,0.0,0.0021015170363346577,0.02,True,0.9797986655463582,0.9592434470031905,-0.17579466233808583
black_litterman_200bp,Black-Litterman sentiment (2% annual view scale),black_litterman,2023-09-12,False,0.0001532875927292629,0.0,0.0,0.0001532875927292629,0.02,True,0.9799488565251592,0.959390487122023,-0.17566832188596093
black_litterman_200bp,Black-Litterman sentiment (2% annual view scale),black_litterman,2023-09-13,False,1.8410918728776115e-05,0.0,0.0,1.8410918728776115e-05,0.02,True,0.9799668982839149,0.9594081503823105,-0.1756531451824297
black_litterman_200bp,Black-Litterman sentiment (2% annual view scale),black_litterman,2023-09-14,False,0.011664566864061632,0.0,0.0,0.011664566864061632,0.02,True,0.9913977876935147,0.9705992309023707,-0.16603749617523123
black_litterman_200bp,Black-Litterman sentiment (2% annual view scale),black_litterman,2023-09-15,False,-0.004340757067850821,0.0,0.0,-0.004340757067850821,0.02,True,0.9870943707395324,0.9663860954307806,-0.1696575248080312
black_litterman_200bp,Black-Litterman sentiment (2% annual view scale),black_litterman,2023-09-18,False,-0.002490794621756328,0.0,0.0,-0.002490794621756328,0.02,True,0.9846357213897285,0.9639790261417416,-0.17172573737945518
black_litterman_200bp,Black-Litterman sentiment (2% annual view scale),black_litterman,2023-09-19,False,-0.007870158824965319,0.0,0.0,-0.007870158824965319,0.02,True,0.976886481877657,0.9563923581020707,-0.17824438737690984
black_litterman_200bp,Black-Litterman sentiment (2% annual view scale),black_litterman,2023-09-20,False,0.0008529777732107725,0.0,0.0,0.0008529777732107725,0.02,True,0.9777197443336486,0.9572081395260004,-0.1775434481043312
black_litterman_200bp,Black-Litterman sentiment (2% annual view scale),black_litterman,2023-09-21,False,-0.01994546383911637,0.0,0.0,-0.01994546383911637,0.02,True,0.9582186705282517,0.9381161791925767,-0.19394772551941053
black_litterman_200bp,Black-Litterman sentiment (2% annual view scale),black_litterman,2023-09-22,False,-0.00282472073674396,0.0,0.0,-0.00282472073674396,0.02,True,0.9555119703792753,0.9354662629677364,-0.19622459809403547
black_litterman_200bp,Black-Litterman sentiment (2% annual view scale),black_litterman,2023-09-25,False,-0.0008412087174408192,0.0,0.0,-0.0008412087174408192,0.02,True,0.9547081853801731,0.934679340592456,-0.19690074096898336
black_litterman_200bp,Black-Litterman sentiment (2% annual view scale),black_litterman,2023-09-26,False,-0.009267779490727289,0.0,0.0,-0.009267779490727289,0.02,True,0.9458601604400773,0.9260169385693068,-0.20434368781084933
black_litterman_200bp,Black-Litterman sentiment (2% annual view scale),black_litterman,2023-09-27,False,-0.007474584260075803,0.0,0.0,-0.007474584260075803,0.02,True,0.938790248972619,0.919095346935713,-0.21029088795836837
black_litterman_200bp,Black-Litterman sentiment (2% annual view scale),black_litterman,2023-09-28,False,0.003139928288743335,0.0,0.0,0.003139928288743335,0.02,True,0.9417379830325646,0.9219812404156089,-0.20781125797759037
black_litterman_200bp,Black-Litterman sentiment (2% annual view scale),black_litterman,2023-09-29,False,0.004521764758809759,0.0,0.0,0.004521764758809759,0.02,True,0.9459963006562739,0.926150222696804,-0.20422916684158754
black_litterman_200bp,Black-Litterman sentiment (2% annual view scale),black_litterman,2023-10-02,True,-0.03250144390843987,0.9491087896165841,0.0009491087896165841,-0.033450552698056454,0.02,True,0.9152500549529025,0.8951699858661679,-0.23084814103172924
black_litterman_200bp,Black-Litterman sentiment (2% annual view scale),black_litterman,2023-10-03,False,0.0006027219186553034,0.0,0.0,0.0006027219186553034,0.02,True,0.9158016962220731,0.8957095244375718,-0.23038455634755461
black_litterman_200bp,Black-Litterman sentiment (2% annual view scale),black_litterman,2023-10-04,False,-0.0054617134469363724,0.0,0.0,-0.0054617134469363724,0.02,True,0.9107998497830898,0.8908174156834021,-0.2345879753651211
black_litterman_200bp,Black-Litterman sentiment (2% annual view scale),black_litterman,2023-10-05,False,-0.006730443348351133,0.0,0.0,-0.006730443348351133,0.02,True,0.904669762992438,0.8848218195334204,-0.23973953763507283
black_litterman_200bp,Black-Litterman sentiment (2% annual view scale),black_litterman,2023-10-06,False,0.011323676588544367,0.0,0.0,0.011323676588544367,0.02,True,0.9149139508079993,0.8948412556563041,-0.2311305940361953
black_litterman_200bp,Black-Litterman sentiment (2% annual view scale),black_litterman,2023-10-09,False,0.01371454410477863,0.0,0.0,0.01371454410477863,0.02,True,0.9274615785384328,0.9071135955237779,-0.2205859006572899
black_litterman_200bp,Black-Litterman sentiment (2% annual view scale),black_litterman,2023-10-10,False,0.011681065632850662,0.0,0.0,0.011681065632850662,0.02,True,0.9382953181092876,0.9177096489695424,-0.21148151340769838
black_litterman_200bp,Black-Litterman sentiment (2% annual view scale),black_litterman,2023-10-11,False,0.0059985462808036785,0.0,0.0,0.0059985462808036785,0.02,True,0.9439237260000275,0.9232145727712263,-0.20675154877260515
black_litterman_200bp,Black-Litterman sentiment (2% annual view scale),black_litterman,2023-10-12,False,-0.015433381877804008,0.0,0.0,-0.015433381877804008,0.02,True,0.9293557906731494,0.9089662497144944,-0.21899405504437408
black_litterman_200bp,Black-Litterman sentiment (2% annual view scale),black_litterman,2023-10-13,False,0.010097898835610686,0.0,0.0,0.010097898835610686,0.02,True,0.9387403314296558,0.9181448989490957,-0.21110753602220178
black_litterman_200bp,Black-Litterman sentiment (2% annual view scale),black_litterman,2023-10-16,False,0.009513768183692976,0.0,0.0,0.009513768183692976,0.02,True,0.9476712893275607,0.9268799166767376,-0.20360219599805462
black_litterman_200bp,Black-Litterman sentiment (2% annual view scale),black_litterman,2023-10-17,False,0.0013846928566960868,0.0,0.0,0.0013846928566960868,0.02,True,0.9489835229923885,0.928163360676375,-0.20249942964776468
black_litterman_200bp,Black-Litterman sentiment (2% annual view scale),black_litterman,2023-10-18,False,-0.013563603330213305,0.0,0.0,-0.013563603330213305,0.02,True,0.9361118869196113,0.9155741210265229,-0.21331641103964127
black_litterman_200bp,Black-Litterman sentiment (2% annual view scale),black_litterman,2023-10-19,False,-0.005445023428877067,0.0,0.0,-0.005445023428877067,0.02,True,0.9310147357632838,0.91058879848666,-0.21759992161264352
black_litterman_200bp,Black-Litterman sentiment (2% annual view scale),black_litterman,2023-10-20,False,-0.010509474376232864,0.0,0.0,-0.010509474376232864,0.02,True,0.9212302602538843,0.9010189888416797,-0.225822535188418
black_litterman_200bp,Black-Litterman sentiment (2% annual view scale),black_litterman,2023-10-23,False,-0.007100065546119838,0.0,0.0,-0.007100065546119838,0.02,True,0.9146894650230127,0.8946216949626051,-0.2313192459329092
black_litterman_200bp,Black-Litterman sentiment (2% annual view scale),black_litterman,2023-10-24,False,0.016476771029648802,0.0,0.0,0.016476771029648802,0.02,True,0.9297605939014288,0.9093621717886602,-0.21865386915324803
black_litterman_200bp,Black-Litterman sentiment (2% annual view scale),black_litterman,2023-10-25,False,-0.0033280214735309115,0.0,0.0,-0.0033280214735309115,0.02,True,0.926666330679682,0.9063357949537307,-0.22125420585496636
black_litterman_200bp,Black-Litterman sentiment (2% annual view scale),black_litterman,2023-10-26,False,0.00012861771297747234,0.0,0.0,0.00012861771297747234,0.02,True,0.9267855163838273,0.9064523657908674,-0.2211540453519325
black_litterman_200bp,Black-Litterman sentiment (2% annual view scale),black_litterman,2023-10-27,False,-0.012244571861158184,0.0,0.0,-0.012244571861158184,0.02,True,0.9154374245285849,0.8953532446592243,-0.23069068061239317
black_litterman_200bp,Black-Litterman sentiment (2% annual view scale),black_litterman,2023-10-30,False,0.008062690405867746,0.0,0.0,0.008062690405867746,0.02,True,0.9228183130685038,0.9025722006748008,-0.224487977743822
black_litterman_200bp,Black-Litterman sentiment (2% annual view scale),black_litterman,2023-10-31,False,0.008103592754167093,0.0,0.0,0.008103592754167093,0.02,True,0.9302964568636984,0.9098862782203018,-0.21820354413949739
black_litterman_200bp,Black-Litterman sentiment (2% annual view scale),black_litterman,2023-11-01,True,0.0020199118554666646,0.6882887590987276,0.0006882887590987276,0.0013316230963679372,0.02,True,0.9321755737060161,0.9110979038034482,-0.21716248592221488
black_litterman_200bp,Black-Litterman sentiment (2% annual view scale),black_litterman,2023-11-02,False,0.024973067857545148,0.0,0.0,0.024973067857545148,0.02,True,0.9554548575633225,0.9338508135799988,-0.1976126315617185
black_litterman_200bp,Black-Litterman sentiment (2% annual view scale),black_litterman,2023-11-03,False,0.005180539988609589,0.0,0.0,0.005180539988609589,0.02,True,0.9604046296602405,0.9386886650631455,-0.19345583171316882
black_litterman_200bp,Black-Litterman sentiment (2% annual view scale),black_litterman,2023-11-06,False,-0.008916333761265204,0.0,0.0,-0.008916333761265204,0.02,True,0.9518413414363255,0.9303190036275261,-0.20064724871081618
black_litterman_200bp,Black-Litterman sentiment (2% annual view scale),black_litterman,2023-11-07,False,-0.0020901377861059704,0.0,0.0,-0.0020901377861059704,0.02,True,0.9498518618822116,0.9283745087249117,-0.2023180061007135
black_litterman_200bp,Black-Litterman sentiment (2% annual view scale),black_litterman,2023-11-08,False,0.001289568026155821,0.0,0.0,0.001289568026155821,0.02,True,0.9510767604728794,0.9295717108076614,-0.20128934090634076
black_litterman_200bp,Black-Litterman sentiment (2% annual view scale),black_litterman,2023-11-09,False,-0.0018751814335408435,0.0,0.0,-0.0018751814335408435,0.02,True,0.9492933189897684,0.9278285951944101,-0.20278706830504445
black_litterman_200bp,Black-Litterman sentiment (2% annual view scale),black_litterman,2023-11-10,False,0.007867623999367438,0.0,0.0,0.007867623999367438,0.02,True,0.9567620018886914,0.935128401717261,-0.19651489671103517
black_litterman_200bp,Black-Litterman sentiment (2% annual view scale),black_litterman,2023-11-13,False,0.0010999654710450919,0.0,0.0,0.0010999654710450919,0.02,True,0.9578144070547769,0.9361570106701436,-0.19563109084091812
black_litterman_200bp,Black-Litterman sentiment (2% annual view scale),black_litterman,2023-11-14,False,0.008695948974182138,0.0,0.0,0.008695948974182138,0.02,True,0.9661435122652619,0.9442977842667541,-0.18863633985045214
black_litterman_200bp,Black-Litterman sentiment (2% annual view scale),black_litterman,2023-11-15,False,0.004425550816227,0.0,0.0,0.004425550816227,0.02,True,0.9704192294745598,0.9484768220966772,-0.18504560874202047
black_litterman_200bp,Black-Litterman sentiment (2% annual view scale),black_litterman,2023-11-16,False,-0.0018976223031708982,0.0,0.0,-0.0018976223031708982,0.02,True,0.968577740301283,0.9466769713250258,-0.18659208437093866
black_litterman_200bp,Black-Litterman sentiment (2% annual view scale),black_litterman,2023-11-17,False,0.002999317128269109,0.0,0.0,0.002999317128269109,0.02,True,0.9714828121078288,0.949516355780059,-0.1841524160773227
black_litterman_200bp,Black-Litterman sentiment (2% annual view scale),black_litterman,2023-11-20,False,0.007815854143643493,0.0,0.0,0.007815854143643493,0.02,True,0.9790757800703203,0.9569376371238398,-0.17777587035793907
black_litterman_200bp,Black-Litterman sentiment (2% annual view scale),black_litterman,2023-11-21,False,-0.0012686404613847725,0.0,0.0,-0.0012686404613847725,0.02,True,0.9778336849209612,0.9557236273183626,-0.1788189771571299
black_litterman_200bp,Black-Litterman sentiment (2% annual view scale),black_litterman,2023-11-22,False,0.001032492207916984,0.0,0.0,0.001032492207916984,0.02,True,0.978843290581281,0.9567104045164909,-0.1779711141497553
black_litterman_200bp,Black-Litterman sentiment (2% annual view scale),black_litterman,2023-11-24,False,0.0025127399318026072,0.0,0.0,0.0025127399318026072,0.02,True,0.9813028692045016,0.9591143689530905,-0.17590556934318424
black_litterman_200bp,Black-Litterman sentiment (2% annual view scale),black_litterman,2023-11-27,False,-0.002845727545075763,0.0,0.0,-0.002845727545075763,0.02,True,0.9785103485995446,0.9563849907744828,-0.17825071756424782
black_litterman_200bp,Black-Litterman sentiment (2% annual view scale),black_litterman,2023-11-28,False,-0.0027152470587745742,0.0,0.0,-0.0027152470587745742,0.02,True,0.9758534512535292,0.9537881692412262,-0.18048196988643161
black_litterman_200bp,Black-Litterman sentiment (2% annual view scale),black_litterman,2023-11-29,False,0.0015846711740255454,0.0,0.0,0.0015846711740255454,0.02,True,0.9773998580878039,0.9552996098591493,-0.17918330328751653
black_litterman_200bp,Black-Litterman sentiment (2% annual view scale),black_litterman,2023-11-30,False,0.007435399308911025,0.0,0.0,0.007435399308911025,0.02,True,0.9846672163171598,0.962402643918099,-0.17308020338803787
black_litterman_200bp,Black-Litterman sentiment (2% annual view scale),black_litterman,2023-12-01,True,0.012010454172041397,0.573945258409095,0.0005739452584090951,0.011436508913632302,0.02,True,0.9964935167934487,0.9734091703337717,-0.16362312776322607
black_litterman_200bp,Black-Litterman sentiment (2% annual view scale),black_litterman,2023-12-04,False,4.010348507263884e-07,0.0,0.0,4.010348507263884e-07,0.02,True,0.9964939164220774,0.973409560704773,-0.16362279234695198
black_litterman_200bp,Black-Litterman sentiment (2% annual view scale),black_litterman,2023-12-05,False,-0.0038391812625039427,0.0,0.0,-0.0038391812625039427,0.02,True,0.9926681956499506,0.9696724649585731,-0.16683379605095894
black_litterman_200bp,Black-Litterman sentiment (2% annual view scale),black_litterman,2023-12-06,False,0.0013321088252742008,0.0,0.0,0.0013321088252742008,0.02,True,0.993990537713945,0.9709641742067698,-0.16572392799775815
black_litterman_200bp,Black-Litterman sentiment (2% annual view scale),black_litterman,2023-12-07,False,0.0047752303222826555,0.0,0.0,0.0047752303222826555,0.02,True,0.9987370714696986,0.9756007517732921,-0.16174006760157822
black_litterman_200bp,Black-Litterman sentiment (2% annual view scale),black_litterman,2023-12-08,False,0.0076738448918402405,0.0,0.0,0.0076738448918402405,0.02,True,1.0064012248438878,0.9830873606187631,-0.15530739090130818
black_litterman_200bp,Black-Litterman sentiment (2% annual view scale),black_litterman,2023-12-11,False,0.002019471556137768,0.0,0.0,0.002019471556137768,0.02,True,1.008433623491522,0.9850726775807311,-0.1536015582035537
black_litterman_200bp,Black-Litterman sentiment (2% annual view scale),black_litterman,2023-12-12,False,0.0037520247697202073,0.0,0.0,0.0037520247697202073,0.02,True,1.012217291425481,0.9887686946669887,-0.15042585028488087
black_litterman_200bp,Black-Litterman sentiment (2% annual view scale),black_litterman,2023-12-13,False,0.025264352329678233,0.0,0.0,0.025264352329678233,0.02,True,1.0377903057102469,1.0137492953416116,-0.12896190963629117
black_litterman_200bp,Black-Litterman sentiment (2% annual view scale),black_litterman,2023-12-14,False,0.02573903697525627,0.0,0.0,0.02573903697525627,0.02,True,1.0645020287614855,1.0398422259380495,-0.10654222802156288
black_litterman_200bp,Black-Litterman sentiment (2% annual view scale),black_litterman,2023-12-15,False,-0.008774971435684701,0.0,0.0,-0.008774971435684701,0.02,True,1.0551610538658749,1.0307176401078244,-0.11438229444966419
black_litterman_200bp,Black-Litterman sentiment (2% annual view scale),black_litterman,2023-12-18,False,-0.0070175865231951184,0.0,0.0,-0.0070175865231951184,0.02,True,1.0477563698744654,1.0234844898873843,-0.1205971933248372
black_litterman_200bp,Black-Litterman sentiment (2% annual view scale),black_litterman,2023-12-19,False,0.006581403039852262,0.0,0.0,0.006581403039852262,0.02,True,1.0546520768321819,1.0302204538203708,-0.11480948901973065
black_litterman_200bp,Black-Litterman sentiment (2% annual view scale),black_litterman,2023-12-20,False,-0.01565520085895529,0.0,0.0,-0.01565520085895529,0.02,True,1.0381412867330597,1.0140921456868088,-0.128667324267568
black_litterman_200bp,Black-Litterman sentiment (2% annual view scale),black_litterman,2023-12-21,False,0.00736195756048613,0.0,0.0,0.00736195756048613,0.02,True,1.045784038827777,1.0215578490257775,-0.1222526100877609
black_litterman_200bp,Black-Litterman sentiment (2% annual view scale),black_litterman,2023-12-22,False,0.0019871381052354122,0.0,0.0,0.0019871381052354122,0.02,True,1.0478621561411787,1.023587825554279,-0.12050840480249536
black_litterman_200bp,Black-Litterman sentiment (2% annual view scale),black_litterman,2023-12-26,False,0.0044925170702473345,0.0,0.0,0.0044925170702473345,0.02,True,1.052569694764909,1.0281863113334788,-0.11655727379793157
black_litterman_200bp,Black-Litterman sentiment (2% annual view scale),black_litterman,2023-12-27,False,0.0003206180816952084,0.0,0.0,0.0003206180816952084,0.02,True,1.052907167641295,1.028515966456244,-0.11627402608576898
black_litterman_200bp,Black-Litterman sentiment (2% annual view scale),black_litterman,2023-12-28,False,0.0036827161687855332,0.0,0.0,0.0036827161687855332,0.02,True,1.056784725891798,1.0323036988357666,-0.11301951415285927
black_litterman_200bp,Black-Litterman sentiment (2% annual view scale),black_litterman,2023-12-29,False,-0.0017516374428984832,0.0,0.0,-0.0017516374428984832,0.02,True,1.0549336221968426,1.0304954770244432,-0.11457318238298941
black_litterman_400bp,Black-Litterman sentiment (4% annual view scale),black_litterman,2021-01-04,True,-0.016160439248428592,1.0,0.001,-0.017160439248428593,0.04,False,0.9838395607515714,0.9828395607515714,0.0
black_litterman_400bp,Black-Litterman sentiment (4% annual view scale),black_litterman,2021-01-05,False,0.0037814188782492007,0.0,0.0,0.0037814188782492007,0.04,False,0.9875598702397659,0.9865560888208876,0.0
black_litterman_400bp,Black-Litterman sentiment (4% annual view scale),black_litterman,2021-01-06,False,0.006989224346515211,0.0,0.0,0.006989224346515211,0.04,False,0.9944621477284871,0.9934513506560775,0.0
black_litterman_400bp,Black-Litterman sentiment (4% annual view scale),black_litterman,2021-01-07,False,0.006351052524620254,0.0,0.0,0.006351052524620254,0.04,False,1.0007780290624573,0.9997608123647491,0.0
black_litterman_400bp,Black-Litterman sentiment (4% annual view scale),black_litterman,2021-01-08,False,0.0070492900220864504,0.0,0.0,0.0070492900220864504,0.04,False,1.0078328036370505,1.006808416283825,0.0
black_litterman_400bp,Black-Litterman sentiment (4% annual view scale),black_litterman,2021-01-11,False,-0.0022621566812500355,0.0,0.0,-0.0022621566812500355,0.04,False,1.00555292792672,1.0045308578981897,-0.0022621566812499605
black_litterman_400bp,Black-Litterman sentiment (4% annual view scale),black_litterman,2021-01-12,False,-0.005580869319165438,0.0,0.0,-0.005580869319165438,0.04,False,0.9999410684424567,0.9989247024531908,-0.00783040119959788
black_litterman_400bp,Black-Litterman sentiment (4% annual view scale),black_litterman,2021-01-13,False,-8.130660220361332e-05,0.0,0.0,-8.130660220361332e-05,0.04,False,0.9998597666317778,0.998843483279777,-0.007911071138486103
black_litterman_400bp,Black-Litterman sentiment (4% annual view scale),black_litterman,2021-01-14,False,-0.007654541688187535,0.0,0.0,-0.007654541688187535,0.04,False,0.9922062983657534,0.9911977941970375,-0.015505057202845896
black_litterman_400bp,Black-Litterman sentiment (4% annual view scale),black_litterman,2021-01-15,False,-0.008085438745502894,0.0,0.0,-0.008085438745502894,0.04,False,0.9841838751174149,0.9831835251473797,-0.02346513075808976
black_litterman_400bp,Black-Litterman sentiment (4% annual view scale),black_litterman,2021-01-19,False,-0.0010255586399527427,0.0,0.0,-0.0010255586399527427,0.04,False,0.983174536840986,0.9821752127885056,-0.024466624530455894
black_litterman_400bp,Black-Litterman sentiment (4% annual view scale),black_litterman,2021-01-20,False,0.01119379995324235,0.0,0.0,0.01119379995324235,0.04,False,0.9941799959255057,0.9931694856394934,-0.013546699077738533
black_litterman_400bp,Black-Litterman sentiment (4% annual view scale),black_litterman,2021-01-21,False,-0.0037033074591990294,0.0,0.0,-0.0037033074591990294,0.04,False,0.9904982417308082,0.9894914736750758,-0.01719983894519539
black_litterman_400bp,Black-Litterman sentiment (4% annual view scale),black_litterman,2021-01-22,False,-0.0015793256014199994,0.0,0.0,-0.0015793256014199994,0.04,False,0.9889339224994812,0.9879287444583139,-0.018752000400629076
black_litterman_400bp,Black-Litterman sentiment (4% annual view scale),black_litterman,2021-01-25,False,0.001080538518249486,0.0,0.0,0.001080538518249486,0.04,False,0.9900025036947455,0.988996239519987,-0.017691724141106646
black_litterman_400bp,Black-Litterman sentiment (4% annual view scale),black_litterman,2021-01-26,False,-0.00402595626182038,0.0,0.0,-0.00402595626182038,0.04,False,0.9860167969157778,0.9850145839165748,-0.021646454295338624
black_litterman_400bp,Black-Litterman sentiment (4% annual view scale),black_litterman,2021-01-27,False,-0.032133495289578345,0.0,0.0,-0.032133495289578345,0.04,False,0.9543326308166395,0.9533626224241256,-0.0530843733477816
black_litterman_400bp,Black-Litterman sentiment (4% annual view scale),black_litterman,2021-01-28,False,0.013204625163451158,0.0,0.0,0.013204625163451158,0.04,False,0.9669342354878235,0.9659514184980811,-0.0405807074364245
black_litterman_400bp,Black-Litterman sentiment (4% annual view scale),black_litterman,2021-01-29,False,-0.014672680089570171,0.0,0.0,-0.014672680089570171,0.04,False,0.9527467187828577,0.9517783223523922,-0.05465795978797161
black_litterman_400bp,Black-Litterman sentiment (4% annual view scale),black_litterman,2021-02-01,True,0.009277133549408342,0.4747938098724034,0.0004747938098724034,0.008802339739535939,0.04,False,0.9615854773317669,0.9601561985024636,-0.046336737979959186
black_litterman_400bp,Black-Litterman sentiment (4% annual view scale),black_litterman,2021-02-02,False,0.02008559835763863,0.0,0.0,0.02008559835763863,0.04,False,0.9808994970159911,0.9794415102661813,-0.027181840730589046
black_litterman_400bp,Black-Litterman sentiment (4% annual view scale),black_litterman,2021-02-03,False,-0.003207964385701251,0.0,0.0,-0.003207964385701251,0.04,False,0.9777528063636115,0.9762994967833699,-0.030302606739288862
black_litterman_400bp,Black-Litterman sentiment (4% annual view scale),black_litterman,2021-02-04,False,0.00869871174532529,0.0,0.0,0.00869871174532529,0.04,False,0.9862579961843514,0.9847920446829945,-0.02186748863512067
black_litterman_400bp,Black-Litterman sentiment (4% annual view scale),black_litterman,2021-02-05,False,0.007020671499695371,0.0,0.0,0.007020671499695371,0.04,False,0.9931821895895095,0.9917059461242272,-0.015000341589655686
black_litterman_400bp,Black-Litterman sentiment (4% annual view scale),black_litterman,2021-02-08,False,0.011037511210216431,0.0,0.0,0.011037511210216431,0.04,False,1.004144449140891,1.0026519116218116,-0.004128396817892344
black_litterman_400bp,Black-Litterman sentiment (4% annual view scale),black_litterman,2021-02-09,False,-0.002468631025767851,0.0,0.0,-0.002468631025767851,0.04,False,1.0016655869993893,1.0001767340047365,-0.006586836355188863
black_litterman_400bp,Black-Litterman sentiment (4% annual view scale),black_litterman,2021-02-10,False,-2.170513759441829e-05,0.0,0.0,-2.170513759441829e-05,0.04,False,1.00164384571,1.0001550250311062,-0.006608398524593828
black_litterman_400bp,Black-Litterman sentiment (4% annual view scale),black_litterman,2021-02-11,False,-0.0002823013515546494,0.0,0.0,-0.0002823013515546494,0.04,False,1.0013610802985797,0.9998726799157758,-0.006888834316313375
black_litterman_400bp,Black-Litterman sentiment (4% annual view scale),black_litterman,2021-02-12,False,0.002503667359313881,0.0,0.0,0.002503667359313881,0.04,False,1.0038681553502107,1.0023760285079506,-0.0044024143066209165
black_litterman_400bp,Black-Litterman sentiment (4% annual view scale),black_litterman,2021-02-16,False,-0.0006324442252351729,0.0,0.0,-0.0006324442252351729,0.04,False,1.003233264732462,1.0017420815772067,-0.005032074250350682
black_litterman_400bp,Black-Litterman sentiment (4% annual view scale),black_litterman,2021-02-17,False,-1.6767745913943673e-05,0.0,0.0,-1.6767745913943673e-05,0.04,False,1.0032164427719865,1.0017252846205114,-0.005048757619722344
black_litterman_400bp,Black-Litterman sentiment (4% annual view scale),black_litterman,2021-02-18,False,-0.004542696759997363,0.0,0.0,-0.004542696759997363,0.04,False,0.9986591346878301,0.9971747504156583,-0.009568519404838605
black_litterman_400bp,Black-Litterman sentiment (4% annual view scale),black_litterman,2021-02-19,False,0.0005527933022682512,0.0,0.0,0.0005527933022682512,0.04,False,0.9992111867687344,0.9977259819388791,-0.009021015516009978
black_litterman_400bp,Black-Litterman sentiment (4% annual view scale),black_litterman,2021-02-22,False,-0.002539842170333097,0.0,0.0,-0.002539842170333097,0.04,False,0.9966733480595106,0.9951919154155137,-0.011537945730716315
black_litterman_400bp,Black-Litterman sentiment (4% annual view scale),black_litterman,2021-02-23,False,0.0006785881700472996,0.0,0.0,0.0006785881700472996,0.04,False,0.9973496788029051,0.9958672408762413,-0.010867187074148577
black_litterman_400bp,Black-Litterman sentiment (4% annual view scale),black_litterman,2021-02-24,False,0.01057340969859654,0.0,0.0,0.01057340969859654,0.04,False,1.007895065569652,1.0063969532194368,-0.0004086805967582485
black_litterman_400bp,Black-Litterman sentiment (4% annual view scale),black_litterman,2021-02-25,False,-0.018252551985256944,0.0,0.0,-0.018252551985256944,0.04,False,0.9894984084896579,0.9880276405129947,-0.01865377311817762
black_litterman_400bp,Black-Litterman sentiment (4% annual view scale),black_litterman,2021-02-26,False,-0.011683311933293673,0.0,0.0,-0.011683311933293673,0.04,False,0.9779377899257756,0.9764842053901653,-0.030119147201398633
black_litterman_400bp,Black-Litterman sentiment (4% annual view scale),black_litterman,2021-03-01,True,0.0173952259311597,0.38953196282047464,0.00038953196282047464,0.017005693968339227,0.04,False,0.9949492387281534,0.9930899969519473,-0.013625650232953812
black_litterman_400bp,Black-Litterman sentiment (4% annual view scale),black_litterman,2021-03-02,False,-0.003963493706576081,0.0,0.0,-0.003963493706576081,0.04,False,0.9910057636820917,0.9891538909989646,-0.017535138760583657
black_litterman_400bp,Black-Litterman sentiment (4% annual view scale),black_litterman,2021-03-03,False,-0.01470145629691301,0.0,0.0,-0.01470145629691301,0.04,False,0.9764365357573306,0.9746118882995218,-0.03197880298134759
black_litterman_400bp,Black-Litterman sentiment (4% annual view scale),black_litterman,2021-03-04,False,-0.012425053863461218,0.0,0.0,-0.012425053863461218,0.04,False,0.9643042592062943,0.9625022830914306,-0.04400651849527659
black_litterman_400bp,Black-Litterman sentiment (4% annual view scale),black_litterman,2021-03-05,False,0.012463729823104178,0.0,0.0,0.012463729823104178,0.04,False,0.9763230869603102,0.9744986515020032,-0.032091274029152905
black_litterman_400bp,Black-Litterman sentiment (4% annual view scale),black_litterman,2021-03-08,False,0.004536157242364591,0.0,0.0,0.004536157242364591,0.04,False,0.980751842002113,0.9789191306176885,-0.02770068785189239
black_litterman_400bp,Black-Litterman sentiment (4% annual view scale),black_litterman,2021-03-09,False,0.006843067508402163,0.0,0.0,0.006843067508402163,0.04,False,0.9874631930659231,0.9856179403137717,-0.021047178020489943
black_litterman_400bp,Black-Litterman sentiment (4% annual view scale),black_litterman,2021-03-10,False,0.012088464285004482,0.0,0.0,0.012088464285004482,0.04,False,0.9994001066080571,0.9975325475839145,-0.009213141795286206
black_litterman_400bp,Black-Litterman sentiment (4% annual view scale),black_litterman,2021-03-11,False,0.009202616988729977,0.0,0.0,0.009202616988729977,0.04,False,1.008597203007667,1.0067124575531214,-9.530982176098046e-05
black_litterman_400bp,Black-Litterman sentiment (4% annual view scale),black_litterman,2021-03-12,False,0.005026621805963133,0.0,0.0,0.005026621805963133,0.04,False,1.0136670397017389,1.0117728203445926,0.0
black_litterman_400bp,Black-Litterman sentiment (4% annual view scale),black_litterman,2021-03-15,False,0.007687207749872972,0.0,0.0,0.007687207749872972,0.04,False,1.021459308825125,1.0195505282102566,0.0
black_litterman_400bp,Black-Litterman sentiment (4% annual view scale),black_litterman,2021-03-16,False,0.0025853318272689683,0.0,0.0,0.0025853318272689683,0.04,False,1.0241001200864908,1.0221864046403475,0.0
black_litterman_400bp,Black-Litterman sentiment (4% annual view scale),black_litterman,2021-03-17,False,0.0003376952330251862,0.0,0.0,0.0003376952330251862,0.04,False,1.0244459538151844,1.0225315921164577,0.0
black_litterman_400bp,Black-Litterman sentiment (4% annual view scale),black_litterman,2021-03-18,False,-0.016798687562106424,0.0,0.0,-0.016798687562106424,0.04,False,1.0072366063127791,1.00535440337811,-0.01679868756210645
black_litterman_400bp,Black-Litterman sentiment (4% annual view scale),black_litterman,2021-03-19,False,-0.007001946769194621,0.0,0.0,-0.007001946769194621,0.04,False,1.0001839892113928,0.9983149653614811,-0.023683010815198857
black_litterman_400bp,Black-Litterman sentiment (4% annual view scale),black_litterman,2021-03-22,False,0.007953333452831463,0.0,0.0,0.007953333452831463,0.04,False,1.0081387859917743,1.006254897171953,-0.015918036244547684
black_litterman_400bp,Black-Litterman sentiment (4% annual view scale),black_litterman,2021-03-23,False,-0.00550006836543041,0.0,0.0,-0.00550006836543041,0.04,False,1.0025939537469775,1.000720426444458,-0.021330554322389617
black_litterman_400bp,Black-Litterman sentiment (4% annual view scale),black_litterman,2021-03-24,False,-0.010211229126250337,0.0,0.0,-0.010211229126250337,0.04,False,0.9923562371646738,0.9905018408787146,-0.031323972271064204
black_litterman_400bp,Black-Litterman sentiment (4% annual view scale),black_litterman,2021-03-25,False,0.005420560502819621,0.0,0.0,0.005420560502819621,0.04,False,0.9977353641885754,0.9958709160353519,-0.026073205255128573
black_litterman_400bp,Black-Litterman sentiment (4% annual view scale),black_litterman,2021-03-26,False,0.017448574787768713,0.0,0.0,0.017448574787768713,0.04,False,1.0151444243090213,1.0132474441927584,-0.009079570739210951
black_litterman_400bp,Black-Litterman sentiment (4% annual view scale),black_litterman,2021-03-29,False,0.0035972387813255793,0.0,0.0,0.0035972387813255793,0.04,False,1.0187961412007922,1.0168923371940877,-0.0055149933418661146
black_litterman_400bp,Black-Litterman sentiment (4% annual view scale),black_litterman,2021-03-30,False,-0.0032474659902468955,0.0,0.0,-0.0032474659902468955,0.04,False,1.0154876353812479,1.0135900139133072,-0.008744549578798888
black_litterman_400bp,Black-Litterman sentiment (4% annual view scale),black_litterman,2021-03-31,False,-0.00021678589516536923,0.0,0.0,-0.00021678589516536923,0.04,False,1.0152674919851823,1.0133702818948103,-0.00895943977895608
black_litterman_400bp,Black-Litterman sentiment (4% annual view scale),black_litterman,2021-04-01,True,0.010499959650017954,0.29997063005896607,0.0002999706300589661,0.010199989019958987,0.04,False,1.0259277596850016,1.02370664764329,0.0
black_litterman_400bp,Black-Litterman sentiment (4% annual view scale),black_litterman,2021-04-05,False,0.008258395393231973,0.0,0.0,0.008258395393231973,0.04,False,1.0344002767693732,1.0321608219062082,0.0
black_litterman_400bp,Black-Litterman sentiment (4% annual view scale),black_litterman,2021-04-06,False,0.004311816880519678,0.0,0.0,0.004311816880519678,0.04,False,1.0388604213439616,1.0366113103615144,0.0
black_litterman_400bp,Black-Litterman sentiment (4% annual view scale),black_litterman,2021-04-07,False,-0.00034656352852109086,0.0,0.0,-0.00034656352852109086,0.04,False,1.0385003902106997,1.0362520586880906,-0.0003465635285212487
black_litterman_400bp,Black-Litterman sentiment (4% annual view scale),black_litterman,2021-04-08,False,-0.0029672472504809456,0.0,0.0,-0.0029672472504809456,0.04,False,1.0354189027832237,1.0331772426161432,-0.0033127824393249794
black_litterman_400bp,Black-Litterman sentiment (4% annual view scale),black_litterman,2021-04-09,False,0.0025935619594105877,0.0,0.0,0.0025935619594105877,0.04,False,1.038104325861537,1.0358568518099212,-0.0007278123864288277
black_litterman_400bp,Black-Litterman sentiment (4% annual view scale),black_litterman,2021-04-12,False,0.0032610111120646946,0.0,0.0,0.0032610111120646946,0.04,False,1.041489595603654,1.0392347925141818,0.0
black_litterman_400bp,Black-Litterman sentiment (4% annual view scale),black_litterman,2021-04-13,False,0.0020427932391671646,0.0,0.0,0.0020427932391671646,0.04,False,1.043617143508216,1.041357734322237,0.0
black_litterman_400bp,Black-Litterman sentiment (4% annual view scale),black_litterman,2021-04-14,False,0.0010095079207710883,0.0,0.0,0.0010095079207710883,0.04,False,1.04467068328084,1.0424089932033915,0.0
black_litterman_400bp,Black-Litterman sentiment (4% annual view scale),black_litterman,2021-04-15,False,0.010431471861741221,0.0,0.0,0.010431471861741221,0.04,False,1.05556813611827,1.0532828532844187,0.0
black_litterman_400bp,Black-Litterman sentiment (4% annual view scale),black_litterman,2021-04-16,False,0.0028080287626480066,0.0,0.0,0.0028080287626480066,0.04,False,1.0585322018054248,1.0562405018316452,0.0
black_litterman_400bp,Black-Litterman sentiment (4% annual view scale),black_litterman,2021-04-19,False,-0.004368136444430317,0.0,0.0,-0.004368136444430317,0.04,False,1.0539083887171155,1.051626699201511,-0.004368136444430237
black_litterman_400bp,Black-Litterman sentiment (4% annual view scale),black_litterman,2021-04-20,False,-0.00933004576647267,0.0,0.0,-0.00933004576647267,0.04,False,1.0440753752167153,1.0418149739687164,-0.013657427297962266
black_litterman_400bp,Black-Litterman sentiment (4% annual view scale),black_litterman,2021-04-21,False,0.008156268754730913,0.0,0.0,0.008156268754730913,0.04,False,1.0525911345771795,1.0503122968891083,-0.005612552190771614
black_litterman_400bp,Black-Litterman sentiment (4% annual view scale),black_litterman,2021-04-22,False,-0.007610595408566115,0.0,0.0,-0.007610595408566115,0.04,False,1.044580289321269,1.0423187949448436,-0.013180432735404257
black_litterman_400bp,Black-Litterman sentiment (4% annual view scale),black_litterman,2021-04-23,False,0.007632842870701511,0.0,0.0,0.007632842870701511,0.04,False,1.0525534065354902,1.0502746505278366,-0.005648194036739773
black_litterman_400bp,Black-Litterman sentiment (4% annual view scale),black_litterman,2021-04-26,False,-0.0017240088013849293,0.0,0.0,-0.0017240088013849293,0.04,False,1.0507387951986953,1.0484639677864551,-0.00736246530189355
black_litterman_400bp,Black-Litterman sentiment (4% annual view scale),black_litterman,2021-04-27,False,0.0016991809374316594,0.0,0.0,0.0016991809374316594,0.04,False,1.0525241905297167,1.0502454977741018,-0.00567579452515532
black_litterman_400bp,Black-Litterman sentiment (4% annual view scale),black_litterman,2021-04-28,False,-0.001862203251410748,0.0,0.0,-0.001862203251410748,0.04,False,1.0505641765599238,1.0482897271933673,-0.007527428293547023
black_litterman_400bp,Black-Litterman sentiment (4% annual view scale),black_litterman,2021-04-29,False,0.011579381337200594,0.0,0.0,0.011579381337200594,0.04,False,1.0627290597795132,1.0604282736964092,0.0
black_litterman_400bp,Black-Litterman sentiment (4% annual view scale),black_litterman,2021-04-30,False,-0.004431736039447606,0.0,0.0,-0.004431736039447606,0.04,False,1.05801932510512,1.0557287354986198,-0.004431736039447465
black_litterman_400bp,Black-Litterman sentiment (4% annual view scale),black_litterman,2021-05-03,True,0.008777709988581645,0.8393238634417848,0.0008393238634417848,0.00793838612513986,0.04,False,1.0673063119032078,1.0641095178444135,0.0
black_litterman_400bp,Black-Litterman sentiment (4% annual view scale),black_litterman,2021-05-04,False,-0.0041712298189619575,0.0,0.0,-0.0041712298189619575,0.04,False,1.0628543319890307,1.0596708724929396,-0.004171229818962119
black_litterman_400bp,Black-Litterman sentiment (4% annual view scale),black_litterman,2021-05-05,False,-4.38717531964172e-05,0.0,0.0,-4.38717531964172e-05,0.04,False,1.0628077027060938,1.0596243828739522,-0.004214918572993276
black_litterman_400bp,Black-Litterman sentiment (4% annual view scale),black_litterman,2021-05-06,False,0.005734051772636889,0.0,0.0,0.005734051772636889,0.04,False,1.068901897097768,1.0657003239448999,0.0
black_litterman_400bp,Black-Litterman sentiment (4% annual view scale),black_litterman,2021-05-07,False,0.007198305409079788,0.0,0.0,0.007198305409079788,0.04,False,1.0765961794054226,1.0733715603512106,0.0
black_litterman_400bp,Black-Litterman sentiment (4% annual view scale),black_litterman,2021-05-10,False,0.0031821796968148613,0.0,0.0,0.0031821796968148613,0.04,False,1.080022101909195,1.0767872215376986,0.0
black_litterman_400bp,Black-Litterman sentiment (4% annual view scale),black_litterman,2021-05-11,False,-0.011121465882483026,0.0,0.0,-0.011121465882483026,0.04,False,1.0680106729504841,1.0648117691906733,-0.011121465882483084
black_litterman_400bp,Black-Litterman sentiment (4% annual view scale),black_litterman,2021-05-12,False,-0.013948981307351407,0.0,0.0,-0.013948981307351407,0.04,False,1.053113012037446,1.0499587297263848,-0.02491531407012937
black_litterman_400bp,Black-Litterman sentiment (4% annual view scale),black_litterman,2021-05-13,False,0.010616916062364347,0.0,0.0,0.010616916062364347,0.04,False,1.0642938244904312,1.0611060534288366,-0.014562921805915008
black_litterman_400bp,Black-Litterman sentiment (4% annual view scale),black_litterman,2021-05-14,False,0.007978039811293428,0.0,0.0,0.007978039811293428,0.04,False,1.0727848029931295,1.0695715997670963,-0.006701065564557962
black_litterman_400bp,Black-Litterman sentiment (4% annual view scale),black_litterman,2021-05-17,False,0.0015398104289360793,0.0,0.0,0.0015398104289360793,0.04,False,1.0744366882207825,1.0712185372709115,-0.005171573506263072
black_litterman_400bp,Black-Litterman sentiment (4% annual view scale),black_litterman,2021-05-18,False,-0.003365833306734598,0.0,0.0,-0.003365833306734598,0.04,False,1.0708203134295915,1.0676129942393737,-0.00852000015864196
black_litterman_400bp,Black-Litterman sentiment (4% annual view scale),black_litterman,2021-05-19,False,-0.007047291089687278,0.0,0.0,-0.007047291089687278,0.04,False,1.063273930976103,1.0600892146978362,-0.015507248327127132
black_litterman_400bp,Black-Litterman sentiment (4% annual view scale),black_litterman,2021-05-20,False,0.008718339828334181,0.0,0.0,0.008718339828334181,0.04,False,1.0725439144369613,1.069331432719924,-0.0069241059595112064
black_litterman_400bp,Black-Litterman sentiment (4% annual view scale),black_litterman,2021-05-21,False,0.0019958670526149472,0.0,0.0,0.0019958670526149472,0.04,False,1.0746845694982687,1.0714656760948151,-0.004942058501849589
black_litterman_400bp,Black-Litterman sentiment (4% annual view scale),black_litterman,2021-05-24,False,-0.002989296443769594,0.0,0.0,-0.002989296443769594,0.04,False,1.0714720187364934,1.0682627475596438,-0.007916581667714695
black_litterman_400bp,Black-Litterman sentiment (4% annual view scale),black_litterman,2021-05-25,False,-0.010327097690919438,0.0,0.0,-0.010327097690919438,0.04,False,1.0604068225259151,1.0572306938060254,-0.0181619240463734
black_litterman_400bp,Black-Litterman sentiment (4% annual view scale),black_litterman,2021-05-26,False,-0.001082235550017867,0.0,0.0,-0.001082235550017867,0.04,False,1.0592592125650961,1.0560865211646184,-0.01922450411653165
black_litterman_400bp,Black-Litterman sentiment (4% annual view scale),black_litterman,2021-05-27,False,-0.004327751952482126,0.0,0.0,-0.004327751952482126,0.04,False,1.0546750014397328,1.0515160406606583,-0.02346905718378789
black_litterman_400bp,Black-Litterman sentiment (4% annual view scale),black_litterman,2021-05-28,False,0.004647639303721999,0.0,0.0,0.004647639303721999,0.04,False,1.0595767504290772,1.056403107939727,-0.01893049359265453
black_litterman_400bp,Black-Litterman sentiment (4% annual view scale),black_litterman,2021-06-01,True,-0.00476489762489082,0.9056736128629516,0.0009056736128629515,-0.005670571237753772,0.04,False,1.054527975687568,1.0504126988603704,-0.024493718117925112
black_litterman_400bp,Black-Litterman sentiment (4% annual view scale),black_litterman,2021-06-02,False,-0.005113207878753655,0.0,0.0,-0.005113207878753655,0.04,False,1.0491359549339163,1.0450417203726146,-0.029481684524218288
black_litterman_400bp,Black-Litterman sentiment (4% annual view scale),black_litterman,2021-06-03,False,-0.001640043774565908,0.0,0.0,-0.001640043774565908,0.04,False,1.0474153260423535,1.0433278062049558,-0.031073377045616524
black_litterman_400bp,Black-Litterman sentiment (4% annual view scale),black_litterman,2021-06-04,False,0.011834636143295277,0.0,0.0,0.011834636143295277,0.04,False,1.0598111053169759,1.055675211169574,-0.01960648301339951
black_litterman_400bp,Black-Litterman sentiment (4% annual view scale),black_litterman,2021-06-07,False,-0.0006915894793293688,0.0,0.0,-0.0006915894793293688,0.04,False,1.0590781511064622,1.0549451172999402,-0.020284512855350267
black_litterman_400bp,Black-Litterman sentiment (4% annual view scale),black_litterman,2021-06-08,False,-0.0011519885527982304,0.0,0.0,-0.0011519885527982304,0.04,False,1.0578581051998688,1.0537298326009803,-0.021413133881540092
black_litterman_400bp,Black-Litterman sentiment (4% annual view scale),black_litterman,2021-06-09,False,-0.00026249460668089134,0.0,0.0,-0.00026249460668089134,0.04,False,1.05758042315262,1.0534532342030238,-0.02167000765606486
black_litterman_400bp,Black-Litterman sentiment (4% annual view scale),black_litterman,2021-06-10,False,0.0050618612492696145,0.0,0.0,0.0050618612492696145,0.04,False,1.0629337485145625,1.058785668307154,-0.016717836978820788
black_litterman_400bp,Black-Litterman sentiment (4% annual view scale),black_litterman,2021-06-11,False,0.0033461747846922443,0.0,0.0,0.0033461747846922443,0.04,False,1.0664905106216405,1.062328550212837,-0.01342760299868151
black_litterman_400bp,Black-Litterman sentiment (4% annual view scale),black_litterman,2021-06-14,False,0.0023410680243730543,0.0,0.0,0.0023410680243730543,0.04,False,1.0689872374543539,1.0648155336131186,-0.011117969906332847
black_litterman_400bp,Black-Litterman sentiment (4% annual view scale),black_litterman,2021-06-15,False,-0.009913868181979542,0.0,0.0,-0.009913868181979542,0.04,False,1.058389438894013,1.054259092774754,-0.02092161600020981
black_litterman_400bp,Black-Litterman sentiment (4% annual view scale),black_litterman,2021-06-16,False,-0.01006252972840968,0.0,0.0,-0.01006252972840968,0.04,False,1.0477393637009071,1.0436505793122617,-0.030773621345651092
black_litterman_400bp,Black-Litterman sentiment (4% annual view scale),black_litterman,2021-06-17,False,0.0030297208565140204,0.0,0.0,0.0030297208565140204,0.04,False,1.0509137215033024,1.046812549239317,-0.027837135971558458
black_litterman_400bp,Black-Litterman sentiment (4% annual view scale),black_litterman,2021-06-18,False,-0.00968666221375722,0.0,0.0,-0.00968666221375722,0.04,False,1.0407338752672974,1.0366724296737135,-0.03725414925216086
black_litterman_400bp,Black-Litterman sentiment (4% annual view scale),black_litterman,2021-06-21,False,0.009799087390699818,0.0,0.0,0.009799087390699818,0.04,False,1.0509321174615034,1.0468308734076155,-0.02782011852564903
black_litterman_400bp,Black-Litterman sentiment (4% annual view scale),black_litterman,2021-06-22,False,0.004177120578925791,0.0,0.0,0.004177120578925791,0.04,False,1.055321987636406,1.0512036121915813,-0.023759205936324856
black_litterman_400bp,Black-Litterman sentiment (4% annual view scale),black_litterman,2021-06-23,False,-0.008304541797182189,0.0,0.0,-0.008304541797182189,0.04,False,1.046558022080594,1.0424738478567874,-0.031866438414741016
black_litterman_400bp,Black-Litterman sentiment (4% annual view scale),black_litterman,2021-06-24,False,0.00589649695772591,0.0,0.0,0.00589649695772591,0.04,False,1.0527290482738758,1.0486207917291839,-0.026157841814181126
black_litterman_400bp,Black-Litterman sentiment (4% annual view scale),black_litterman,2021-06-25,False,0.017881539650321653,0.0,0.0,0.017881539650321653,0.04,False,1.0715534644916305,1.0673717459946408,-0.008744044649426685
black_litterman_400bp,Black-Litterman sentiment (4% annual view scale),black_litterman,2021-06-28,False,0.0030073613409720198,0.0,0.0,0.0030073613409720198,0.04,False,1.0747760129555273,1.0705817185199908,-0.005762979810297164
black_litterman_400bp,Black-Litterman sentiment (4% annual view scale),black_litterman,2021-06-29,False,0.0010256027094890886,0.0,0.0,0.0010256027094890886,0.04,False,1.0758783061465083,1.0716797100312343,-0.0047432876285163905
black_litterman_400bp,Black-Litterman sentiment (4% annual view scale),black_litterman,2021-06-30,False,-0.0019429614573068734,0.0,0.0,-0.0019429614573068734,0.04,False,1.073787916064913,1.0695974776600659,-0.0066770330607800465
black_litterman_400bp,Black-Litterman sentiment (4% annual view scale),black_litterman,2021-07-01,True,0.003759192444289542,0.8373188693362696,0.0008373188693362696,0.0029218735749532722,0.04,False,1.0778244914857535,1.0727227062658775,-0.0037746689322861737
black_litterman_400bp,Black-Litterman sentiment (4% annual view scale),black_litterman,2021-07-02,False,0.0027189685217916633,0.0,0.0,0.0027189685217916633,0.04,False,1.0807550623501194,1.0756394055368257,-0.001065963616501464
black_litterman_400bp,Black-Litterman sentiment (4% annual view scale),black_litterman,2021-07-06,False,-0.010182900796355318,0.0,0.0,-0.010182900796355318,0.04,False,1.0697498407650494,1.0646862761775937,-0.01123800981109735
black_litterman_400bp,Black-Litterman sentiment (4% annual view scale),black_litterman,2021-07-07,False,-0.0024412003625503107,0.0,0.0,-0.0024412003625503107,0.04,False,1.0671383670659356,1.0620871636541867,-0.013651775940022426
black_litterman_400bp,Black-Litterman sentiment (4% annual view scale),black_litterman,2021-07-08,False,-0.011404435055409364,0.0,0.0,-0.011404435055409364,0.04,False,1.0549682568635965,1.0499746595731085,-0.024900520203332777
black_litterman_400bp,Black-Litterman sentiment (4% annual view scale),black_litterman,2021-07-09,False,0.013560127191299802,0.0,0.0,0.013560127191299802,0.04,False,1.0692737606094507,1.0642124495045615,-0.011678047233119826
black_litterman_400bp,Black-Litterman sentiment (4% annual view scale),black_litterman,2021-07-12,False,0.007193428619220454,0.0,0.0,0.007193428619220454,0.04,False,1.0769655050808002,1.0718677857957584,-0.004568623813082651
black_litterman_400bp,Black-Litterman sentiment (4% annual view scale),black_litterman,2021-07-13,False,-0.002106611655922075,0.0,0.0,-0.002106611655922075,0.04,False,1.074696756994771,1.0696097766245936,-0.006665611152828599
black_litterman_400bp,Black-Litterman sentiment (4% annual view scale),black_litterman,2021-07-14,False,-0.0007927523746879433,0.0,0.0,-0.0007927523746879433,0.04,False,1.073844788588594,1.068761840934185,-0.007453079348446301
black_litterman_400bp,Black-Litterman sentiment (4% annual view scale),black_litterman,2021-07-15,False,-0.0021377782917541715,0.0,0.0,-0.0021377782917541715,0.04,False,1.071549146510836,1.0664770650715807,-0.009574924608962698
black_litterman_400bp,Black-Litterman sentiment (4% annual view scale),black_litterman,2021-07-16,False,-0.005720101379118082,0.0,0.0,-0.005720101379118082,0.04,False,1.0654197767600866,1.060376708140867,-0.015240256448620038
black_litterman_400bp,Black-Litterman sentiment (4% annual view scale),black_litterman,2021-07-19,False,-0.016381737514545636,0.0,0.0,-0.016381737514545636,0.04,False,1.047966349634397,1.0430058952415653,-0.031372332082370114
black_litterman_400bp,Black-Litterman sentiment (4% annual view scale),black_litterman,2021-07-20,False,0.012053545575194148,0.0,0.0,0.012053545575194148,0.04,False,1.060598059790985,1.0555778143350558,-0.01969693434173081
black_litterman_400bp,Black-Litterman sentiment (4% annual view scale),black_litterman,2021-07-21,False,0.009918184475286442,0.0,0.0,0.009918184475286442,0.04,False,1.071117267002123,1.0660472298256507,-0.009974107694843082
black_litterman_400bp,Black-Litterman sentiment (4% annual view scale),black_litterman,2021-07-22,False,-0.0005666459373333602,0.0,0.0,-0.0005666459373333602,0.04,False,1.0705103227543686,1.0654431584938646,-0.010535101844572514
black_litterman_400bp,Black-Litterman sentiment (4% annual view scale),black_litterman,2021-07-23,False,0.0036995478412650638,0.0,0.0,0.0036995478412650638,0.04,False,1.0744707269079665,1.0693848164308613,-0.00687452911659403
black_litterman_400bp,Black-Litterman sentiment (4% annual view scale),black_litterman,2021-07-26,False,0.003235676886481273,0.0,0.0,0.003235676886481273,0.04,False,1.0779473670042232,1.0728450001641405,-0.003661095985080909
black_litterman_400bp,Black-Litterman sentiment (4% annual view scale),black_litterman,2021-07-27,False,-0.004266242090797049,0.0,0.0,-0.004266242090797049,0.04,False,1.0733485825754459,1.068267983667539,-0.007911718954087932
black_litterman_400bp,Black-Litterman sentiment (4% annual view scale),black_litterman,2021-07-28,False,0.0060745051105425725,0.0,0.0,0.0060745051105425725,0.04,False,1.0798686440256942,1.0747571829937566,-0.0018852736207651821
black_litterman_400bp,Black-Litterman sentiment (4% annual view scale),black_litterman,2021-07-29,False,0.005881929929361134,0.0,0.0,0.005881929929361134,0.04,False,1.0862203557227674,1.0810788294352034,0.0
black_litterman_400bp,Black-Litterman sentiment (4% annual view scale),black_litterman,2021-07-30,False,-0.005985352191480436,0.0,0.0,-0.005985352191480436,0.04,False,1.0797189443362114,1.0746081918942803,-0.005985352191480442
black_litterman_400bp,Black-Litterman sentiment (4% annual view scale),black_litterman,2021-08-02,True,-0.002815399423054095,0.5364339745176974,0.0005364339745176973,-0.003351833397571792,0.04,False,1.0766791042432666,1.0710062842673846,-0.009317123685680717
black_litterman_400bp,Black-Litterman sentiment (4% annual view scale),black_litterman,2021-08-03,False,0.012989311108461288,0.0,0.0,0.012989311108461288,0.04,False,1.0906644240922618,1.084917918092851,0.0
black_litterman_400bp,Black-Litterman sentiment (4% annual view scale),black_litterman,2021-08-04,False,-0.012979418210545142,0.0,0.0,-0.012979418210545142,0.04,False,1.076508234404605,1.0708363147098099,-0.012979418210545157
black_litterman_400bp,Black-Litterman sentiment (4% annual view scale),black_litterman,2021-08-05,False,0.0037421702138996015,0.0,0.0,0.0037421702138996015,0.04,False,1.0805367114544115,1.0748435664706788,-0.00928581918886695
black_litterman_400bp,Black-Litterman sentiment (4% annual view scale),black_litterman,2021-08-06,False,-0.000417113601857644,0.0,0.0,-0.000417113601857644,0.04,False,1.0800860048947574,1.0743952345992347,-0.009699059549236555
black_litterman_400bp,Black-Litterman sentiment (4% annual view scale),black_litterman,2021-08-09,False,-0.0033390697729761974,0.0,0.0,-0.0033390697729761974,0.04,False,1.0764795223635988,1.0708077539471548,-0.013005743485645538
black_litterman_400bp,Black-Litterman sentiment (4% annual view scale),black_litterman,2021-08-10,False,0.006022000176000597,0.0,0.0,0.006022000176000597,0.04,False,1.0829620822367334,1.0772561584298872,-0.007062063899204607
black_litterman_400bp,Black-Litterman sentiment (4% annual view scale),black_litterman,2021-08-11,False,0.005681704789620816,0.0,0.0,0.005681704789620816,0.04,False,1.0891151530863554,1.0833768099048866,-0.0014204836718647584
black_litterman_400bp,Black-Litterman sentiment (4% annual view scale),black_litterman,2021-08-12,False,0.004613199125896749,0.0,0.0,0.004613199125896749,0.04,False,1.0941394581585742,1.0883746428573564,0.0
black_litterman_400bp,Black-Litterman sentiment (4% annual view scale),black_litterman,2021-08-13,False,0.002240856741594049,0.0,0.0,0.002240856741594049,0.04,False,1.096591267939633,1.0908135345131835,0.0
black_litterman_400bp,Black-Litterman sentiment (4% annual view scale),black_litterman,2021-08-16,False,0.003431410784148966,0.0,0.0,0.003431410784148966,0.04,False,1.1003541230422447,1.0945565638390076,0.0
black_litterman_400bp,Black-Litterman sentiment (4% annual view scale),black_litterman,2021-08-17,False,-0.0009252446585321742,0.0,0.0,-0.0009252446585321742,0.04,False,1.099336026267406,1.0935438312248542,-0.000925244658532165
black_litterman_400bp,Black-Litterman sentiment (4% annual view scale),black_litterman,2021-08-18,False,-0.016793437550440143,0.0,0.0,-0.016793437550440143,0.04,False,1.080874395363335,1.0751794711865106,-0.017703144170580387
black_litterman_400bp,Black-Litterman sentiment (4% annual view scale),black_litterman,2021-08-19,False,-0.003283342606596958,0.0,0.0,-0.003283342606596958,0.04,False,1.0773255144086589,1.0716492886190256,-0.020928361289651254
black_litterman_400bp,Black-Litterman sentiment (4% annual view scale),black_litterman,2021-08-20,False,0.004792114593740529,0.0,0.0,0.004792114593740529,0.04,False,1.0824881817284657,1.0767847548143887,-0.01623653780146972
black_litterman_400bp,Black-Litterman sentiment (4% annual view scale),black_litterman,2021-08-23,False,0.010589031720824354,0.0,0.0,0.010589031720824354,0.04,False,1.093950683422206,1.0881868627396183,-0.005819435294461606
black_litterman_400bp,Black-Litterman sentiment (4% annual view scale),black_litterman,2021-08-24,False,0.001737006077712946,0.0,0.0,0.001737006077712946,0.04,False,1.0958508824080284,1.0900770499338843,-0.0040925376112239675
black_litterman_400bp,Black-Litterman sentiment (4% annual view scale),black_litterman,2021-08-25,False,-0.0011190830640386126,0.0,0.0,-0.0011190830640386126,0.04,False,1.0946245342448138,1.0888571631688062,-0.005207040785732864
black_litterman_400bp,Black-Litterman sentiment (4% annual view scale),black_litterman,2021-08-26,False,-0.0038726329795816905,0.0,0.0,-0.0038726329795816905,0.04,False,1.090385455173238,1.084640419008665,-0.009059508807441774
black_litterman_400bp,Black-Litterman sentiment (4% annual view scale),black_litterman,2021-08-27,False,0.0069051064138379616,0.0,0.0,0.0069051064138379616,0.04,False,1.0979146827733102,1.0921299765226695,-0.002216959265976315
black_litterman_400bp,Black-Litterman sentiment (4% annual view scale),black_litterman,2021-08-30,False,0.00188148478003407,0.0,0.0,0.00188148478003407,0.04,False,1.0999803925387241,1.0941848024513159,-0.0003396456610591514
black_litterman_400bp,Black-Litterman sentiment (4% annual view scale),black_litterman,2021-08-31,False,0.00023351181888006632,0.0,0.0,0.00023351181888006632,0.04,False,1.1002372509609184,1.0944403075347273,-0.00010621315345504811
black_litterman_400bp,Black-Litterman sentiment (4% annual view scale),black_litterman,2021-09-01,True,-0.0032645444713839114,0.8159678594261893,0.0008159678594261893,-0.0040805123308101,0.04,False,1.0966454775260832,1.0899744303644963,-0.00418629208018273
black_litterman_400bp,Black-Litterman sentiment (4% annual view scale),black_litterman,2021-09-02,False,0.001970251680542071,0.0,0.0,0.001970251680542071,0.04,False,1.0988061451211377,1.0921219543176697,-0.0022242884486470826
black_litterman_400bp,Black-Litterman sentiment (4% annual view scale),black_litterman,2021-09-03,False,-0.0033169721669362544,0.0,0.0,-0.0033169721669362544,0.04,False,1.0951614357209123,1.0884994161922978,-0.005533882712707938
black_litterman_400bp,Black-Litterman sentiment (4% annual view scale),black_litterman,2021-09-07,False,-0.0058105695780951636,0.0,0.0,-0.0058105695780951636,0.04,False,1.0887979239994094,1.0821746145987965,-0.01131229728026395
black_litterman_400bp,Black-Litterman sentiment (4% annual view scale),black_litterman,2021-09-08,False,-0.00032964492087922707,0.0,0.0,-0.00032964492087922707,0.04,False,1.0884390072938992,1.0818178812335895,-0.011638213159801403
black_litterman_400bp,Black-Litterman sentiment (4% annual view scale),black_litterman,2021-09-09,False,-0.00042546850155844584,0.0,0.0,-0.00042546850155844584,0.04,False,1.087975910780428,1.0813576018007018,-0.012058729968245974
black_litterman_400bp,Black-Litterman sentiment (4% annual view scale),black_litterman,2021-09-10,False,-0.0039022469741883965,0.0,0.0,-0.0039022469741883965,0.04,False,1.0837303600745953,1.0771378773710594,-0.01591392079990328
black_litterman_400bp,Black-Litterman sentiment (4% annual view scale),black_litterman,2021-09-13,False,0.0033208560508315,0.0,0.0,0.0033208560508315,0.04,False,1.0873292725983188,1.0807148972087068,-0.012645912589252517
black_litterman_400bp,Black-Litterman sentiment (4% annual view scale),black_litterman,2021-09-14,False,-0.010905524651202033,0.0,0.0,-0.010905524651202033,0.04,False,1.0754713764120243,1.0689291342562761,-0.02341352692897547
black_litterman_400bp,Black-Litterman sentiment (4% annual view scale),black_litterman,2021-09-15,False,0.0036987747157815913,0.0,0.0,0.0036987747157815913,0.04,False,1.0794493027466439,1.0728828623110254,-0.019801353574606217
black_litterman_400bp,Black-Litterman sentiment (4% annual view scale),black_litterman,2021-09-16,False,-0.00471386856884896,0.0,0.0,-0.00471386856884896,0.04,False,1.0743609206067606,1.0678254335083208,-0.02442188116521904
black_litterman_400bp,Black-Litterman sentiment (4% annual view scale),black_litterman,2021-09-17,False,-0.006897305158560381,0.0,0.0,-0.006897305158560381,0.04,False,1.066950725486904,1.060460315637342,-0.031150741156836692
black_litterman_400bp,Black-Litterman sentiment (4% annual view scale),black_litterman,2021-09-20,False,-0.017941777089154273,0.0,0.0,-0.017941777089154273,0.04,False,1.0478077334051066,1.0414337730422827,-0.04853361859199301
black_litterman_400bp,Black-Litterman sentiment (4% annual view scale),black_litterman,2021-09-21,False,-0.003775766090213084,0.0,0.0,-0.003775766090213084,0.04,False,1.0438514564962524,1.037501562716827,-0.0521261330908912
black_litterman_400bp,Black-Litterman sentiment (4% annual view scale),black_litterman,2021-09-22,False,0.010747444111120287,0.0,0.0,0.010747444111120287,0.04,False,1.0550701916852576,1.048652052777326,-0.04193891168189412
black_litterman_400bp,Black-Litterman sentiment (4% annual view scale),black_litterman,2021-09-23,False,0.013186096581686853,0.0,0.0,0.013186096581686853,0.04,False,1.0689824491332782,1.0624796800258318,-0.029305825640175698
black_litterman_400bp,Black-Litterman sentiment (4% annual view scale),black_litterman,2021-09-24,False,-0.004903205029760519,0.0,0.0,-0.004903205029760519,0.04,False,1.0637410090119623,1.057270124314711,-0.03406533819825586
black_litterman_400bp,Black-Litterman sentiment (4% annual view scale),black_litterman,2021-09-27,False,0.003354151930228957,0.0,0.0,0.003354151930228957,0.04,False,1.0673089579706034,1.0608163689429544,-0.030825446587898653
black_litterman_400bp,Black-Litterman sentiment (4% annual view scale),black_litterman,2021-09-28,False,-0.015479903906032693,0.0,0.0,-0.015479903906032693,0.04,False,1.0507871178631707,1.044395033489771,-0.04582817554289009
black_litterman_400bp,Black-Litterman sentiment (4% annual view scale),black_litterman,2021-09-29,False,0.0018516439243051962,0.0,0.0,0.0018516439243051962,0.04,False,1.0527328014457003,1.0463288812081069,-0.04406138908139079
black_litterman_400bp,Black-Litterman sentiment (4% annual view scale),black_litterman,2021-09-30,False,-0.014174014145515348,0.0,0.0,-0.014174014145515348,0.04,False,1.0378113518265608,1.031498200845002,-0.05761087647479546
black_litterman_400bp,Black-Litterman sentiment (4% annual view scale),black_litterman,2021-10-01,True,0.012004016872082794,0.7955764057422229,0.0007955764057422229,0.01120844046634057,0.04,False,1.0502692568039258,1.0430596870203106,-0.047048164087636235
black_litterman_400bp,Black-Litterman sentiment (4% annual view scale),black_litterman,2021-10-04,False,-0.013181335129375346,0.0,0.0,-0.013181335129375346,0.04,False,1.0364253057539132,1.0293107677257545,-0.059609341598950705
black_litterman_400bp,Black-Litterman sentiment (4% annual view scale),black_litterman,2021-10-05,False,0.010533804431915575,0.0,0.0,0.010533804431915575,0.04,False,1.0473428072330133,1.0401533260526425,-0.04970345031375367
black_litterman_400bp,Black-Litterman sentiment (4% annual view scale),black_litterman,2021-10-06,False,-0.0023470211909385123,0.0,0.0,-0.0023470211909385123,0.04,False,1.0448846714702604,1.0377120641545718,-0.051933816453543
black_litterman_400bp,Black-Litterman sentiment (4% annual view scale),black_litterman,2021-10-07,False,0.0143289937933811,0.0,0.0,0.0143289937933811,0.04,False,1.0598568174425569,1.0525814338811594,-0.03834898199379122
black_litterman_400bp,Black-Litterman sentiment (4% annual view scale),black_litterman,2021-10-08,False,-0.0001250343643495967,0.0,0.0,-0.0001250343643495967,0.04,False,1.0597242989190863,1.052449825030648,-0.03846922141755371
black_litterman_400bp,Black-Litterman sentiment (4% annual view scale),black_litterman,2021-10-11,False,-0.00737294950679895,0.0,0.0,-0.00737294950679895,0.04,False,1.051911005172028,1.0446901656122576,-0.04555853929727527
black_litterman_400bp,Black-Litterman sentiment (4% annual view scale),black_litterman,2021-10-12,False,-0.004850294168975669,0.0,0.0,-0.004850294168975669,0.04,False,1.0468089273573609,1.0396231109936023,-0.05018786114875029
black_litterman_400bp,Black-Litterman sentiment (4% annual view scale),black_litterman,2021-10-13,False,0.004419765451801027,0.0,0.0,0.004419765451801027,0.04,False,1.0514355772891317,1.0442180013024658,-0.04598991427175414
black_litterman_400bp,Black-Litterman sentiment (4% annual view scale),black_litterman,2021-10-14,False,0.015313963400563263,0.0,0.0,0.015313963400563263,0.04,False,1.0675372232377875,1.060209117556621,-0.03138023873514362
black_litterman_400bp,Black-Litterman sentiment (4% annual view scale),black_litterman,2021-10-15,False,0.005143730808371937,0.0,0.0,0.005143730808371937,0.04,False,1.0730283473420397,1.0656625478579138,-0.026397919427527783
black_litterman_400bp,Black-Litterman sentiment (4% annual view scale),black_litterman,2021-10-18,False,0.005586089344446453,0.0,0.0,0.005586089344446453,0.04,False,1.079022379559416,1.0716154340612785,-0.02095929121951101
black_litterman_400bp,Black-Litterman sentiment (4% annual view scale),black_litterman,2021-10-19,False,0.006656520656772965,0.0,0.0,0.006656520656772965,0.04,False,1.0862049143180736,1.0787486643342241,-0.014442286517692082
black_litterman_400bp,Black-Litterman sentiment (4% annual view scale),black_litterman,2021-10-20,False,0.0057635039663957634,0.0,0.0,0.0057635039663957634,0.04,False,1.0924652606500644,1.0849660365398586,-0.00876202072692478
black_litterman_400bp,Black-Litterman sentiment (4% annual view scale),black_litterman,2021-10-21,False,0.008740607873133634,0.0,0.0,0.008740607873133634,0.04,False,1.1020140711084274,1.0944492992209214,-9.799824114153921e-05
black_litterman_400bp,Black-Litterman sentiment (4% annual view scale),black_litterman,2021-10-22,False,-0.0015816951916040507,0.0,0.0,-0.0015816951916040507,0.04,False,1.1002710207510753,1.0927182140268892,-0.0016795384293988302
black_litterman_400bp,Black-Litterman sentiment (4% annual view scale),black_litterman,2021-10-25,False,0.008797064720904767,0.0,0.0,0.008797064720904767,0.04,False,1.1099501761311585,1.1023309268773953,0.0
black_litterman_400bp,Black-Litterman sentiment (4% annual view scale),black_litterman,2021-10-26,False,0.012725609283841163,0.0,0.0,0.012725609283841163,0.04,False,1.1240749683971345,1.1163587595543316,0.0
black_litterman_400bp,Black-Litterman sentiment (4% annual view scale),black_litterman,2021-10-27,False,-0.017168380131635887,0.0,0.0,-0.017168380131635887,0.04,False,1.104776422043236,1.0971926880070213,-0.017168380131635907
black_litterman_400bp,Black-Litterman sentiment (4% annual view scale),black_litterman,2021-10-28,False,0.009514362977144537,0.0,0.0,0.009514362977144537,0.04,False,1.1152876659311464,1.1076317774965891,-0.007817363354793216
black_litterman_400bp,Black-Litterman sentiment (4% annual view scale),black_litterman,2021-10-29,False,0.0011462152869387938,0.0,0.0,0.0011462152869387938,0.04,False,1.1165660257031709,1.108901361972255,-0.006680108449235167
black_litterman_400bp,Black-Litterman sentiment (4% annual view scale),black_litterman,2021-11-01,True,0.012091438859006685,0.6706779644489629,0.0006706779644489629,0.011420760894557722,0.04,False,1.130066915535005,1.1215658592829896,0.0
black_litterman_400bp,Black-Litterman sentiment (4% annual view scale),black_litterman,2021-11-02,False,0.00014449143616981441,0.0,0.0,0.00014449143616981441,0.04,False,1.1302302005265987,1.1217279159447564,0.0
black_litterman_400bp,Black-Litterman sentiment (4% annual view scale),black_litterman,2021-11-03,False,0.0030142005108550205,0.0,0.0,0.0030142005108550205,0.04,False,1.1336369409744098,1.1251090288020376,0.0
black_litterman_400bp,Black-Litterman sentiment (4% annual view scale),black_litterman,2021-11-04,False,0.00788448944934878,0.0,0.0,0.00788448944934878,0.04,False,1.1425750894749147,1.1339799390689944,0.0
black_litterman_400bp,Black-Litterman sentiment (4% annual view scale),black_litterman,2021-11-05,False,-0.00186074903851924,0.0,0.0,-0.00186074903851924,0.04,False,1.1404490439757382,1.1318698869876715,-0.0018607490385194048
black_litterman_400bp,Black-Litterman sentiment (4% annual view scale),black_litterman,2021-11-08,False,0.003474002298790413,0.0,0.0,0.003474002298790413,0.04,False,1.1444109665761633,1.1358020055769984,0.0
black_litterman_400bp,Black-Litterman sentiment (4% annual view scale),black_litterman,2021-11-09,False,-5.60384916933024e-05,0.0,0.0,-5.60384916933024e-05,0.04,False,1.144346835511719,1.1357383569457435,-5.603849169333319e-05
black_litterman_400bp,Black-Litterman sentiment (4% annual view scale),black_litterman,2021-11-10,False,-0.012073363092010308,0.0,0.0,-0.012073363092010308,0.04,False,1.130530720663393,1.1220261753848144,-0.012128725010646324
black_litterman_400bp,Black-Litterman sentiment (4% annual view scale),black_litterman,2021-11-11,False,0.007097881049537671,0.0,0.0,0.007097881049537671,0.04,False,1.1385550932415098,1.1299901837121635,-0.005116932208516722
black_litterman_400bp,Black-Litterman sentiment (4% annual view scale),black_litterman,2021-11-12,False,0.0022170960402198327,0.0,0.0,0.0022170960402198327,0.04,False,1.1410793792303078,1.132495480473959,-0.002911180898434451
black_litterman_400bp,Black-Litterman sentiment (4% annual view scale),black_litterman,2021-11-15,False,-0.006984548675870707,0.0,0.0,-0.006984548675870707,0.04,False,1.1331094547630414,1.124585510665385,-0.009875396289615868
black_litterman_400bp,Black-Litterman sentiment (4% annual view scale),black_litterman,2021-11-16,False,0.0021674887979866806,0.0,0.0,0.0021674887979866806,0.04,False,1.1355654568131333,1.1270230371621306,-0.007729312302462432
black_litterman_400bp,Black-Litterman sentiment (4% annual view scale),black_litterman,2021-11-17,False,-0.0070707229942557175,0.0,0.0,-0.0070707229942557175,0.04,False,1.127536188026162,1.1190541694582123,-0.014745383470491369
black_litterman_400bp,Black-Litterman sentiment (4% annual view scale),black_litterman,2021-11-18,False,-0.0045498284614719645,0.0,0.0,-0.0045498284614719645,0.04,False,1.122406091786541,1.1139626649480825,-0.019228122966574057
black_litterman_400bp,Black-Litterman sentiment (4% annual view scale),black_litterman,2021-11-19,False,-0.019511913283461788,0.0,0.0,-0.019511913283461788,0.04,False,1.1005058014547728,1.0922271220286015,-0.03836485878210827
black_litterman_400bp,Black-Litterman sentiment (4% annual view scale),black_litterman,2021-11-22,False,-0.003687797134594782,0.0,0.0,-0.003687797134594782,0.04,False,1.096447359313563,1.0881992099776578,-0.041911174100417115
black_litterman_400bp,Black-Litterman sentiment (4% annual view scale),black_litterman,2021-11-23,False,0.014067778246076433,0.0,0.0,0.014067778246076433,0.04,False,1.1118719376228825,1.1035077551511792,-0.02843299295761803
black_litterman_400bp,Black-Litterman sentiment (4% annual view scale),black_litterman,2021-11-24,False,0.000864617484169322,0.0,0.0,0.000864617484169322,0.04,False,1.1128332815403086,1.1044618672501993,-0.02759295913628712
black_litterman_400bp,Black-Litterman sentiment (4% annual view scale),black_litterman,2021-11-26,False,-0.018592631705831947,0.0,0.0,-0.018592631705831947,0.04,False,1.0921427821866372,1.083927014519281,-0.045672565115223995
black_litterman_400bp,Black-Litterman sentiment (4% annual view scale),black_litterman,2021-11-29,False,0.006020425823343531,0.0,0.0,0.006020425823343531,0.04,False,1.0987179467952919,1.0904527167081126,-0.03992710758231832
black_litterman_400bp,Black-Litterman sentiment (4% annual view scale),black_litterman,2021-11-30,False,-0.023850632005533827,0.0,0.0,-0.023850632005533827,0.04,False,1.0725128293684016,1.0644447302424729,-0.0628254528378609
black_litterman_400bp,Black-Litterman sentiment (4% annual view scale),black_litterman,2021-12-01,True,-0.012468977826856641,0.7909102131490755,0.0007909102131490756,-0.013259888040005717,0.04,False,1.0591396906799877,1.0503303122946837,-0.07525228240717385
black_litterman_400bp,Black-Litterman sentiment (4% annual view scale),black_litterman,2021-12-02,False,0.02591886271763002,0.0,0.0,0.02591886271763002,0.04,False,1.0865913869215156,1.0775536794672151,-0.05128387326644357
black_litterman_400bp,Black-Litterman sentiment (4% annual view scale),black_litterman,2021-12-03,False,-0.0012130139555376162,0.0,0.0,-0.0012130139555376162,0.04,False,1.0852733364052127,1.0762465918161805,-0.05243467916801492
black_litterman_400bp,Black-Litterman sentiment (4% annual view scale),black_litterman,2021-12-06,False,0.016208179275016606,0.0,0.0,0.016208179275016606,0.04,False,1.1028636412040638,1.0936905895204627,-0.03707637057318158
black_litterman_400bp,Black-Litterman sentiment (4% annual view scale),black_litterman,2021-12-07,False,0.011416304648541755,0.0,0.0,0.011416304648541755,0.04,False,1.1154542685178495,1.1061764944816717,-0.02608334106636545
black_litterman_400bp,Black-Litterman sentiment (4% annual view scale),black_litterman,2021-12-08,False,-0.004563529856959285,0.0,0.0,-0.004563529856959285,0.04,False,1.1103638596593957,1.101128425022038,-0.03052783881759924
black_litterman_400bp,Black-Litterman sentiment (4% annual view scale),black_litterman,2021-12-09,False,-0.002053087376242103,0.0,0.0,-0.002053087376242103,0.04,False,1.1080841856360935,1.0988677121530037,-0.032518249873340954
black_litterman_400bp,Black-Litterman sentiment (4% annual view scale),black_litterman,2021-12-10,False,0.005491196848713577,0.0,0.0,0.005491196848713577,0.04,False,1.114168894024368,1.1049018110711315,-0.02720561713585745
black_litterman_400bp,Black-Litterman sentiment (4% annual view scale),black_litterman,2021-12-13,False,-0.008801223190908638,0.0,0.0,-0.008801223190908638,0.04,False,1.1043628449156917,1.0951773236278552,-0.03576739761830705
black_litterman_400bp,Black-Litterman sentiment (4% annual view scale),black_litterman,2021-12-14,False,0.0031896802230611406,0.0,0.0,0.0031896802230611406,0.04,False,1.1078854092412027,1.098670589077776,-0.03269180395605953
black_litterman_400bp,Black-Litterman sentiment (4% annual view scale),black_litterman,2021-12-15,False,0.004328095568264788,0.0,0.0,0.004328095568264788,0.04,False,1.1126804431710848,1.1034257403853462,-0.028505201639615563
black_litterman_400bp,Black-Litterman sentiment (4% annual view scale),black_litterman,2021-12-16,False,0.004043270635283106,0.0,0.0,0.004043270635283106,0.04,False,1.1171793113334123,1.1078871892796618,-0.024577185249074818
black_litterman_400bp,Black-Litterman sentiment (4% annual view scale),black_litterman,2021-12-17,False,-0.02288725870483704,0.0,0.0,-0.02288725870483704,0.04,False,1.0916101394152329,1.0825306885628434,-0.0469019395568796
black_litterman_400bp,Black-Litterman sentiment (4% annual view scale),black_litterman,2021-12-20,False,-0.011375995507506896,0.0,0.0,-0.011375995507506896,0.04,False,1.0791919873732962,1.0702158243130142,-0.05774437881069405
black_litterman_400bp,Black-Litterman sentiment (4% annual view scale),black_litterman,2021-12-21,False,0.0203504737643995,0.0,0.0,0.0203504737643995,0.04,False,1.1011540555990869,1.0919952233679415,-0.038569030512322966
black_litterman_400bp,Black-Litterman sentiment (4% annual view scale),black_litterman,2021-12-22,False,0.003689837916397851,0.0,0.0,0.003689837916397851,0.04,False,1.1052171355852316,1.09602450874765,-0.03502150606710819
black_litterman_400bp,Black-Litterman sentiment (4% annual view scale),black_litterman,2021-12-23,False,0.0046126526161908085,0.0,0.0,0.0046126526161908085,0.04,False,1.1103151182971476,1.1010800890653338,-0.030570395492500957
black_litterman_400bp,Black-Litterman sentiment (4% annual view scale),black_litterman,2021-12-27,False,0.007084981328340097,0.0,0.0,0.007084981328340097,0.04,False,1.1181816801788564,1.1088812209373686,-0.023702004845425284
black_litterman_400bp,Black-Litterman sentiment (4% annual view scale),black_litterman,2021-12-28,False,0.0039312781044313575,0.0,0.0,0.0039312781044313575,0.04,False,1.12257756333492,1.1132405414016548,-0.01986390591367382
black_litterman_400bp,Black-Litterman sentiment (4% annual view scale),black_litterman,2021-12-29,False,0.00110379974610383,0.0,0.0,0.00110379974610383,0.04,False,1.123816664164311,1.1144693360286064,-0.018782031941874222
black_litterman_400bp,Black-Litterman sentiment (4% annual view scale),black_litterman,2021-12-30,False,-0.0011155984903917008,0.0,0.0,-0.0011155984903917008,0.04,False,1.1225629359902922,1.1132260357197452,-0.0198766772257849
black_litterman_400bp,Black-Litterman sentiment (4% annual view scale),black_litterman,2021-12-31,False,-0.0008502631691929818,0.0,0.0,-0.0008502631691929818,0.04,False,1.1216084620707185,1.112279500622586,-0.020710039988406814
black_litterman_400bp,Black-Litterman sentiment (4% annual view scale),black_litterman,2022-01-03,True,0.022035951880407495,0.6833053716082829,0.0006833053716082829,0.02135264650879921,0.04,False,1.1463241721695667,1.136029611618364,0.0
black_litterman_400bp,Black-Litterman sentiment (4% annual view scale),black_litterman,2022-01-04,False,0.007305956056039895,0.0,0.0,0.007305956056039895,0.04,False,1.1546991661974138,1.1443293940392076,0.0
black_litterman_400bp,Black-Litterman sentiment (4% annual view scale),black_litterman,2022-01-05,False,-0.01653416677378379,0.0,0.0,-0.01653416677378379,0.04,False,1.1356071776099566,1.1254088609940205,-0.01653416677378372
black_litterman_400bp,Black-Litterman sentiment (4% annual view scale),black_litterman,2022-01-06,False,0.009061398434703717,0.0,0.0,0.009061398434703717,0.04,False,1.1458973667115897,1.1356066390854334,-0.007622591012003133
black_litterman_400bp,Black-Litterman sentiment (4% annual view scale),black_litterman,2022-01-07,False,-0.0006241784706264705,0.0,0.0,-0.0006241784706264705,0.04,False,1.1451821222457408,1.1348978178702158,-0.00824201162542948
black_litterman_400bp,Black-Litterman sentiment (4% annual view scale),black_litterman,2022-01-10,False,0.008551715821903224,0.0,0.0,0.008551715821903224,0.04,False,1.1549753943195105,1.14460314149554,0.0
black_litterman_400bp,Black-Litterman sentiment (4% annual view scale),black_litterman,2022-01-11,False,0.01389937050422494,0.0,0.0,0.01389937050422494,0.04,False,1.1710288252484207,1.1605124046394864,0.0
black_litterman_400bp,Black-Litterman sentiment (4% annual view scale),black_litterman,2022-01-12,False,-0.003226812157043687,0.0,0.0,-0.003226812157043687,0.04,False,1.1672501351988605,1.1567676491037957,-0.003226812157043679
black_litterman_400bp,Black-Litterman sentiment (4% annual view scale),black_litterman,2022-01-13,False,-0.012635986206711719,0.0,0.0,-0.012635986206711719,0.04,False,1.1525007785907053,1.1421507490453497,-0.01582202440984737
black_litterman_400bp,Black-Litterman sentiment (4% annual view scale),black_litterman,2022-01-14,False,0.007509984395455095,0.0,0.0,0.007509984395455095,0.04,False,1.1611560414536715,1.1507282833479378,-0.00843086317081465
black_litterman_400bp,Black-Litterman sentiment (4% annual view scale),black_litterman,2022-01-18,False,-0.024239964150357896,0.0,0.0,-0.024239964150357896,0.04,False,1.133009660635863,1.1228346710127808,-0.032466463500155474
black_litterman_400bp,Black-Litterman sentiment (4% annual view scale),black_litterman,2022-01-19,False,-0.019712602295180404,0.0,0.0,-0.019712602295180404,0.04,False,1.110675091799151,1.1007006776998662,-0.05153906731242619
black_litterman_400bp,Black-Litterman sentiment (4% annual view scale),black_litterman,2022-01-20,False,-0.011439180172826666,0.0,0.0,-0.011439180172826666,0.04,False,1.0979698793105899,1.088109564331305,-0.062388682808326656
black_litterman_400bp,Black-Litterman sentiment (4% annual view scale),black_litterman,2022-01-21,False,-0.015929509859497364,0.0,0.0,-0.015929509859497364,0.04,False,1.0804797572926808,1.0707765122980761,-0.07732437152990768
black_litterman_400bp,Black-Litterman sentiment (4% annual view scale),black_litterman,2022-01-24,False,0.0017310443498886002,0.0,0.0,0.0017310443498886002,0.04,False,1.0823501156717112,1.072630073929683,-0.07572717909646476
black_litterman_400bp,Black-Litterman sentiment (4% annual view scale),black_litterman,2022-01-25,False,-0.003740867809470195,0.0,0.0,-0.003740867809470195,0.04,False,1.0783011869654184,1.0686175066146497,-0.07918476153935106
black_litterman_400bp,Black-Litterman sentiment (4% annual view scale),black_litterman,2022-01-26,False,0.004421330878018548,0.0,0.0,0.004421330878018548,0.04,False,1.0830687132991528,1.0733422181934362,-0.07511353269259502
black_litterman_400bp,Black-Litterman sentiment (4% annual view scale),black_litterman,2022-01-27,False,-0.01231101627051325,0.0,0.0,-0.01231101627051325,0.04,False,1.069735036747643,1.0601282846814282,-0.08649982503999387
black_litterman_400bp,Black-Litterman sentiment (4% annual view scale),black_litterman,2022-01-28,False,0.01990067219088255,0.0,0.0,0.01990067219088255,0.04,False,1.0910234830450596,1.081225550155156,-0.06832055751180088
black_litterman_400bp,Black-Litterman sentiment (4% annual view scale),black_litterman,2022-01-31,False,0.01656689343511587,0.0,0.0,0.01656689343511587,0.04,False,1.109098352823876,1.099138098623901,-0.05288552347241071
black_litterman_400bp,Black-Litterman sentiment (4% annual view scale),black_litterman,2022-02-01,True,0.005015072267308509,0.6896236291928748,0.0006896236291928748,0.004325448638115634,0.04,False,1.1146605612148406,1.1038923640156948,-0.048788828449774835
black_litterman_400bp,Black-Litterman sentiment (4% annual view scale),black_litterman,2022-02-02,False,0.0142144040835864,0.0,0.0,0.0142144040835864,0.04,False,1.1305047968479853,1.1195835361425992,-0.035267928488538436
black_litterman_400bp,Black-Litterman sentiment (4% annual view scale),black_litterman,2022-02-03,False,-0.013015698347909397,0.0,0.0,-0.013015698347909397,0.04,False,1.1157904874313473,1.1050113745608814,-0.04782459011788531
black_litterman_400bp,Black-Litterman sentiment (4% annual view scale),black_litterman,2022-02-04,False,-0.007068219635699916,0.0,0.0,-0.007068219635699916,0.04,False,1.107903835198758,1.0972009114655383,-0.054554775046644854
black_litterman_400bp,Black-Litterman sentiment (4% annual view scale),black_litterman,2022-02-07,False,-0.0007426049590498664,0.0,0.0,-0.0007426049590498664,0.04,False,1.107081100316589,1.0963861246276099,-0.05525686735920532
black_litterman_400bp,Black-Litterman sentiment (4% annual view scale),black_litterman,2022-02-08,False,-0.00038800694299451633,0.0,0.0,-0.00038800694299451633,0.04,False,1.1066515451632082,1.0959607191990515,-0.05562343425401639
black_litterman_400bp,Black-Litterman sentiment (4% annual view scale),black_litterman,2022-02-09,False,0.0113196571802194,0.0,0.0,0.0113196571802194,0.04,False,1.1191784612724158,1.1083666188233714,-0.04493341528073891
black_litterman_400bp,Black-Litterman sentiment (4% annual view scale),black_litterman,2022-02-10,False,-0.022236756651224328,0.0,0.0,-0.022236756651224328,0.04,False,1.0942915621798093,1.0837201400402556,-0.06617099851085717
black_litterman_400bp,Black-Litterman sentiment (4% annual view scale),black_litterman,2022-02-11,False,-0.007932922375819282,0.0,0.0,-0.007932922375819282,0.04,False,1.0856106321605228,1.0751230722922043,-0.07357899149195934
black_litterman_400bp,Black-Litterman sentiment (4% annual view scale),black_litterman,2022-02-14,False,-0.008464499284133925,0.0,0.0,-0.008464499284133925,0.04,False,1.076421481741752,1.066022693816431,-0.08142068145528236
black_litterman_400bp,Black-Litterman sentiment (4% annual view scale),black_litterman,2022-02-15,False,0.0030295217136307568,0.0,0.0,0.0030295217136307568,0.04,False,1.0796825239937071,1.069252232714571,-0.07863782546405895
black_litterman_400bp,Black-Litterman sentiment (4% annual view scale),black_litterman,2022-02-16,False,-0.000922010733865619,0.0,0.0,-0.000922010733865619,0.04,False,1.0786870451174178,1.0682663706787985,-0.07948733127875884
black_litterman_400bp,Black-Litterman sentiment (4% annual view scale),black_litterman,2022-02-17,False,-0.014647877996911241,0.0,0.0,-0.014647877996911241,0.04,False,1.062886568883689,1.0526185352128923,-0.09297088854479874
black_litterman_400bp,Black-Litterman sentiment (4% annual view scale),black_litterman,2022-02-18,False,-0.0070338836877192985,0.0,0.0,-0.0070338836877192985,0.04,False,1.0554103483849222,1.0452145388686673,-0.09935082581615007
black_litterman_400bp,Black-Litterman sentiment (4% annual view scale),black_litterman,2022-02-22,False,-0.0020189815659673004,0.0,0.0,-0.0020189815659673004,0.04,False,1.053279494347002,1.0431042699822106,-0.10116921989623073
black_litterman_400bp,Black-Litterman sentiment (4% annual view scale),black_litterman,2022-02-23,False,-0.007695267356703717,0.0,0.0,-0.007695267356703717,0.04,False,1.0451742270366682,1.0350773037437784,-0.10808596305756368
black_litterman_400bp,Black-Litterman sentiment (4% annual view scale),black_litterman,2022-02-24,False,0.0012104092590049017,0.0,0.0,0.0012104092590049017,0.04,False,1.0464393155983467,1.0363301708960155,-0.10700638204901225
black_litterman_400bp,Black-Litterman sentiment (4% annual view scale),black_litterman,2022-02-25,False,0.02502644073226641,0.0,0.0,0.02502644073226641,0.04,False,1.0726279671100822,1.0622658264970042,-0.08465793019506973
black_litterman_400bp,Black-Litterman sentiment (4% annual view scale),black_litterman,2022-02-28,False,-0.011522181097126782,0.0,0.0,-0.011522181097126782,0.04,False,1.0602689534231968,1.0500262072708166,-0.09520466728918098
black_litterman_400bp,Black-Litterman sentiment (4% annual view scale),black_litterman,2022-03-01,True,-0.016391008393879775,0.9824352673303485,0.0009824352673303484,-0.017373443661210124,0.04,False,1.0428900761078672,1.031783636116003,-0.11092407802695814
black_litterman_400bp,Black-Litterman sentiment (4% annual view scale),black_litterman,2022-03-02,False,0.01389557193122419,0.0,0.0,0.01389557193122419,0.04,False,1.057381630176784,1.046120859849113,-0.0985698596008624
black_litterman_400bp,Black-Litterman sentiment (4% annual view scale),black_litterman,2022-03-03,False,-0.00900194254602096,0.0,0.0,-0.00900194254602096,0.04,False,1.0478631414927146,1.0367037399725572,-0.10668448193398705
black_litterman_400bp,Black-Litterman sentiment (4% annual view scale),black_litterman,2022-03-04,False,-0.007391086057526482,0.0,0.0,-0.007391086057526482,0.04,False,1.040118294837432,1.0290413734142605,-0.11328705380453674
black_litterman_400bp,Black-Litterman sentiment (4% annual view scale),black_litterman,2022-03-07,False,-0.032249023190645494,0.0,0.0,-0.032249023190645494,0.04,False,1.006575495826205,0.9958557942988904,-0.14188268016983985
black_litterman_400bp,Black-Litterman sentiment (4% annual view scale),black_litterman,2022-03-08,False,-0.011698958491194759,0.0,0.0,-0.011698958491194759,0.04,False,0.9947996108822804,0.9842053186981718,-0.1519217590751082
black_litterman_400bp,Black-Litterman sentiment (4% annual view scale),black_litterman,2022-03-09,False,0.02294147325805028,0.0,0.0,0.02294147325805028,0.04,False,1.017621779552455,1.0067844386975167,-0.1324655947901956
black_litterman_400bp,Black-Litterman sentiment (4% annual view scale),black_litterman,2022-03-10,False,-0.0035928237113316114,0.0,0.0,-0.0035928237113316114,0.04,False,1.0139656438937115,1.0031672396939646,-0.13558249297162928
black_litterman_400bp,Black-Litterman sentiment (4% annual view scale),black_litterman,2022-03-11,False,-0.016806022624744184,0.0,0.0,-0.016806022624744184,0.04,False,0.9969249143417205,0.9863079883672656,-0.15010991315197308
black_litterman_400bp,Black-Litterman sentiment (4% annual view scale),black_litterman,2022-03-14,False,-0.0192562103267606,0.0,0.0,-0.0192562103267606,0.04,False,0.9777279185111685,0.9673154342963014,-0.16647557541894753
black_litterman_400bp,Black-Litterman sentiment (4% annual view scale),black_litterman,2022-03-15,False,0.022224737023016167,0.0,0.0,0.022224737023016167,0.04,False,0.9994576643801402,0.9888137654418414,-0.14795071428037276
black_litterman_400bp,Black-Litterman sentiment (4% annual view scale),black_litterman,2022-03-16,False,0.027489869946539184,0.0,0.0,0.027489869946539184,0.04,False,1.026932625591022,1.0159961272551852,-0.12452799022789873
black_litterman_400bp,Black-Litterman sentiment (4% annual view scale),black_litterman,2022-03-17,False,0.009689524010416133,0.0,0.0,0.009689524010416133,0.04,False,1.036883113923766,1.0258406461247143,-0.1160450831687645
black_litterman_400bp,Black-Litterman sentiment (4% annual view scale),black_litterman,2022-03-18,False,0.011405151179140136,0.0,0.0,0.011405151179140136,0.04,False,1.0487089225931643,1.0375405137794735,-0.10596344370675992
black_litterman_400bp,Black-Litterman sentiment (4% annual view scale),black_litterman,2022-03-21,False,-0.0075018575022103955,0.0,0.0,-0.0075018575022103955,0.04,False,1.0408416576945738,1.0297570326923298,-0.11267037855383877
black_litterman_400bp,Black-Litterman sentiment (4% annual view scale),black_litterman,2022-03-22,False,0.00994248604330487,0.0,0.0,0.00994248604330487,0.04,False,1.0511902113494924,1.0399953776178683,-0.10384811617679923
black_litterman_400bp,Black-Litterman sentiment (4% annual view scale),black_litterman,2022-03-23,False,-0.017476788513428904,0.0,0.0,-0.017476788513428904,0.04,False,1.0328187823383508,1.0218195983482972,-0.1195099731262883
black_litterman_400bp,Black-Litterman sentiment (4% annual view scale),black_litterman,2022-03-24,False,0.010552178961973607,0.0,0.0,0.010552178961973607,0.04,False,1.0437172709648728,1.0326020216169203,-0.11021888478848396
black_litterman_400bp,Black-Litterman sentiment (4% annual view scale),black_litterman,2022-03-25,False,0.005578722914678853,0.0,0.0,0.005578722914678853,0.04,False,1.0495398804208507,1.0383626221766582,-0.10525504249200512
black_litterman_400bp,Black-Litterman sentiment (4% annual view scale),black_litterman,2022-03-28,False,0.007266457823138033,0.0,0.0,0.007266457823138033,0.04,False,1.05716631769563,1.045907840375828,-0.09875341599580778
black_litterman_400bp,Black-Litterman sentiment (4% annual view scale),black_litterman,2022-03-29,False,0.01800044752438993,0.0,0.0,0.01800044752438993,0.04,False,1.0761957845218628,1.064734649571861,-0.08253057415390463
black_litterman_400bp,Black-Litterman sentiment (4% annual view scale),black_litterman,2022-03-30,False,-0.0032699420897823197,0.0,0.0,-0.0032699420897823197,0.04,False,1.0726766866292083,1.0612530289267763,-0.08553064604556726
black_litterman_400bp,Black-Litterman sentiment (4% annual view scale),black_litterman,2022-03-31,False,-0.0136639267438744,0.0,0.0,-0.0136639267438744,0.04,False,1.058019710963245,1.046752145282806,-0.0980258883075189
black_litterman_400bp,Black-Litterman sentiment (4% annual view scale),black_litterman,2022-04-01,True,0.003074555960517822,0.9552670932658618,0.0009552670932658618,0.0021192888672519603,0.04,False,1.0612726517719324,1.0489705154510758,-0.09611434461405965
black_litterman_400bp,Black-Litterman sentiment (4% annual view scale),black_litterman,2022-04-04,False,-0.002632745834122809,0.0,0.0,-0.002632745834122809,0.04,False,1.0584785906191114,1.0462088426964045,-0.09849404580780019
black_litterman_400bp,Black-Litterman sentiment (4% annual view scale),black_litterman,2022-04-05,False,-0.008138523357336443,0.0,0.0,-0.008138523357336443,0.04,False,1.0498641378861173,1.0376942475934678,-0.10583097307277123
black_litterman_400bp,Black-Litterman sentiment (4% annual view scale),black_litterman,2022-04-06,False,0.004083151921533672,0.0,0.0,0.004083151921533672,0.04,False,1.0541508926580763,1.0419313108544934,-0.10217994509229755
black_litterman_400bp,Black-Litterman sentiment (4% annual view scale),black_litterman,2022-04-07,False,-1.1567390170147472e-05,0.0,0.0,-1.1567390170147472e-05,0.04,False,1.0541386988834027,1.0419192584284902,-0.1021903305271753
black_litterman_400bp,Black-Litterman sentiment (4% annual view scale),black_litterman,2022-04-08,False,-0.00046308103795206625,0.0,0.0,-0.00046308103795206625,0.04,False,1.0536505472405784,1.0414367653768348,-0.10260608916079828
black_litterman_400bp,Black-Litterman sentiment (4% annual view scale),black_litterman,2022-04-11,False,-0.00903297729719156,0.0,0.0,-0.00903297729719156,0.04,False,1.0441329457681807,1.0320294907187253,-0.11071222798404667
black_litterman_400bp,Black-Litterman sentiment (4% annual view scale),black_litterman,2022-04-12,False,0.0010788867329588783,0.0,0.0,0.0010788867329588783,0.04,False,1.0452594469508154,1.0331429336442841,-0.109752787205036
black_litterman_400bp,Black-Litterman sentiment (4% annual view scale),black_litterman,2022-04-13,False,0.006163694587571032,0.0,0.0,0.006163694587571032,0.04,False,1.0517021069465935,1.0395109111525744,-0.10426557527793168
black_litterman_400bp,Black-Litterman sentiment (4% annual view scale),black_litterman,2022-04-14,False,0.00039161027604121693,0.0,0.0,0.00039161027604121693,0.04,False,1.052113964299008,1.0399179943074388,-0.1039147964726066
black_litterman_400bp,Black-Litterman sentiment (4% annual view scale),black_litterman,2022-04-18,False,0.00036469427378054385,0.0,0.0,0.00036469427378054385,0.04,False,1.0524976642371524,1.040297246445164,-0.10358799933006069
black_litterman_400bp,Black-Litterman sentiment (4% annual view scale),black_litterman,2022-04-19,False,0.010169240779594257,0.0,0.0,0.010169240779594257,0.04,False,1.0632007664047407,1.050876279626614,-0.09447216985753015
black_litterman_400bp,Black-Litterman sentiment (4% annual view scale),black_litterman,2022-04-20,False,-0.0006420047580024419,0.0,0.0,-0.0006420047580024419,0.04,False,1.062518186453997,1.0502016120550217,-0.09505352303298531
black_litterman_400bp,Black-Litterman sentiment (4% annual view scale),black_litterman,2022-04-21,False,-0.011289475785509921,0.0,0.0,-0.011289475785509921,0.04,False,1.0505229131163607,1.0383453863858232,-0.10526989437188683
black_litterman_400bp,Black-Litterman sentiment (4% annual view scale),black_litterman,2022-04-22,False,-0.027633626333463703,0.0,0.0,-0.027633626333463703,0.04,False,1.0214931554805615,1.0096521379733614,-0.12999453178011466
black_litterman_400bp,Black-Litterman sentiment (4% annual view scale),black_litterman,2022-04-25,False,-0.00038202681488026276,0.0,0.0,-0.00038202681488026276,0.04,False,1.0211029177039512,1.0092664237829543,-0.13032689719806723
black_litterman_400bp,Black-Litterman sentiment (4% annual view scale),black_litterman,2022-04-26,False,-0.029003814703019725,0.0,0.0,-0.029003814703019725,0.04,False,0.991487037886153,0.9799938474415741,-0.15555073472393466
black_litterman_400bp,Black-Litterman sentiment (4% annual view scale),black_litterman,2022-04-27,False,-0.0007148073939237131,0.0,0.0,-0.0007148073939237131,0.04,False,0.9907783156204925,0.9792933405934232,-0.15615435330254734
black_litterman_400bp,Black-Litterman sentiment (4% annual view scale),black_litterman,2022-04-28,False,0.013420441121892435,0.0,0.0,0.013420441121892435,0.04,False,1.0040749976701249,0.9924358892119185,-0.144829572485079
black_litterman_400bp,Black-Litterman sentiment (4% annual view scale),black_litterman,2022-04-29,False,-0.03216914623145767,0.0,0.0,-0.03216914623145767,0.04,False,0.9717747622427241,0.9605100739665136,-0.17233967502062475
black_litterman_400bp,Black-Litterman sentiment (4% annual view scale),black_litterman,2022-05-02,True,0.0009079940901261182,0.4253727555566875,0.0004253727555566875,0.0004826213345694307,0.04,False,0.9726571279837742,0.9609736366202787,-0.171940228490013
black_litterman_400bp,Black-Litterman sentiment (4% annual view scale),black_litterman,2022-05-03,False,0.010235412727210512,0.0,0.0,0.010235412727210512,0.04,False,0.9826126751307512,0.9708095984110555,-0.16346469496580873
black_litterman_400bp,Black-Litterman sentiment (4% annual view scale),black_litterman,2022-05-04,False,0.028519629970306583,0.0,0.0,0.028519629970306583,0.04,False,1.0106364250296134,0.9984967289293607,-0.13960701760913607
black_litterman_400bp,Black-Litterman sentiment (4% annual view scale),black_litterman,2022-05-05,False,-0.018588030685911704,0.0,0.0,-0.018588030685911704,0.04,False,0.9918506841488628,0.9799366410922392,-0.15560002876776058
black_litterman_400bp,Black-Litterman sentiment (4% annual view scale),black_litterman,2022-05-06,False,0.0010308017049674508,0.0,0.0,0.0010308017049674508,0.04,False,0.9928730855251565,0.9809467614526372,-0.15472961983774003
black_litterman_400bp,Black-Litterman sentiment (4% annual view scale),black_litterman,2022-05-09,False,-0.022635808772598343,0.0,0.0,-0.022635808772598343,0.04,False,0.9703986002257494,0.9587422381442957,-0.17386299852423437
black_litterman_400bp,Black-Litterman sentiment (4% annual view scale),black_litterman,2022-05-10,False,-0.008206490170899548,0.0,0.0,-0.008206490170899548,0.04,False,0.9624350336511421,0.9508743293905383,-0.1806426837066616
black_litterman_400bp,Black-Litterman sentiment (4% annual view scale),black_litterman,2022-05-11,False,-0.006321943792780943,0.0,0.0,-0.006321943792780943,0.04,False,0.9563505734641964,0.9448629553261331,-0.18582261460647198
black_litterman_400bp,Black-Litterman sentiment (4% annual view scale),black_litterman,2022-05-12,False,0.0031026653549472583,0.0,0.0,0.0031026653549472583,0.04,False,0.9593178092556677,0.9477945488827966,-0.18329649464002984
black_litterman_400bp,Black-Litterman sentiment (4% annual view scale),black_litterman,2022-05-13,False,0.008984470613141327,0.0,0.0,0.008984470613141327,0.04,False,0.9679367719215882,0.9563099811545295,-0.17595884599647382
black_litterman_400bp,Black-Litterman sentiment (4% annual view scale),black_litterman,2022-05-16,False,0.003448497960312527,0.0,0.0,0.003448497960312527,0.04,False,0.9712746999052713,0.9596078141739673,-0.17311714175767912
black_litterman_400bp,Black-Litterman sentiment (4% annual view scale),black_litterman,2022-05-17,False,0.019494538079307996,0.0,0.0,0.019494538079307996,0.04,False,0.990209251528043,0.9783149252485832,-0.15699744239054714
black_litterman_400bp,Black-Litterman sentiment (4% annual view scale),black_litterman,2022-05-18,False,-0.022357224954320104,0.0,0.0,-0.022357224954320104,0.04,False,0.9680709205397815,0.9564425183886317,-0.175844640208089
black_litterman_400bp,Black-Litterman sentiment (4% annual view scale),black_litterman,2022-05-19,False,-0.0019930941460094614,0.0,0.0,-0.0019930941460094614,0.04,False,0.9661414640551317,0.9545362384042367,-0.17748725943109256
black_litterman_400bp,Black-Litterman sentiment (4% annual view scale),black_litterman,2022-05-20,False,-0.005389905097567289,0.0,0.0,-0.005389905097567289,0.04,False,0.9609340532530498,0.949391378667049,-0.181920525044299
black_litterman_400bp,Black-Litterman sentiment (4% annual view scale),black_litterman,2022-05-23,False,0.01417967164446047,0.0,0.0,0.01417967164446047,0.04,False,0.9745597826001585,0.9628534366786294,-0.17032042671035452
black_litterman_400bp,Black-Litterman sentiment (4% annual view scale),black_litterman,2022-05-24,False,0.005545250176456981,0.0,0.0,0.005545250176456981,0.04,False,0.97996396040659,0.9681926998682738,-0.1657196459101673
black_litterman_400bp,Black-Litterman sentiment (4% annual view scale),black_litterman,2022-05-25,False,0.004087012362695222,0.0,0.0,0.004087012362695222,0.04,False,0.9839690852277675,0.9721497154021068,-0.1623099317890484
black_litterman_400bp,Black-Litterman sentiment (4% annual view scale),black_litterman,2022-05-26,False,0.01369005139781029,0.0,0.0,0.01369005139781029,0.04,False,0.997439672578392,0.9854584949723282,-0.15084191169980532
black_litterman_400bp,Black-Litterman sentiment (4% annual view scale),black_litterman,2022-05-27,False,0.015636655831884318,0.0,0.0,0.015636655831884318,0.04,False,1.0130362934515678,1.0008677702948172,-0.13756391892619435
black_litterman_400bp,Black-Litterman sentiment (4% annual view scale),black_litterman,2022-05-31,False,-0.004536562534286123,0.0,0.0,-0.004536562534286123,0.04,False,1.0084405909568233,0.9963272710663232,-0.14147641413981038
black_litterman_400bp,Black-Litterman sentiment (4% annual view scale),black_litterman,2022-06-01,True,-0.006442355998083783,0.724540420921453,0.000724540420921453,-0.007166896419005236,0.04,False,1.0019438576669615,0.9891866967151607,-0.14762936375294333
black_litterman_400bp,Black-Litterman sentiment (4% annual view scale),black_litterman,2022-06-02,False,0.007432096990739619,0.0,0.0,0.007432096990739619,0.04,False,1.0093904015964181,0.996538428187097,-0.14129446251229683
black_litterman_400bp,Black-Litterman sentiment (4% annual view scale),black_litterman,2022-06-03,False,-0.005446993305924632,0.0,0.0,-0.005446993305924632,0.04,False,1.0038922588358579,0.9911102900396652,-0.14597182582675272
black_litterman_400bp,Black-Litterman sentiment (4% annual view scale),black_litterman,2022-06-06,False,-0.0062334477690714546,0.0,0.0,-0.0062334477690714546,0.04,False,0.9976345488746294,0.9849322558133138,-0.15129536584377712
black_litterman_400bp,Black-Litterman sentiment (4% annual view scale),black_litterman,2022-06-07,False,0.011606106597884048,0.0,0.0,0.011606106597884048,0.04,False,1.0092132017946003,0.9963634845659776,-0.14144520938964178
black_litterman_400bp,Black-Litterman sentiment (4% annual view scale),black_litterman,2022-06-08,False,-0.011225006419744084,0.0,0.0,-0.011225006419744084,0.04,False,0.9978847771255653,0.9851792980553259,-0.15108249242594507
black_litterman_400bp,Black-Litterman sentiment (4% annual view scale),black_litterman,2022-06-09,False,-0.019227430798921842,0.0,0.0,-0.019227430798921842,0.04,False,0.978698016628086,0.9662368312774366,-0.1674049950568185
black_litterman_400bp,Black-Litterman sentiment (4% annual view scale),black_litterman,2022-06-10,False,-0.02205610199153637,0.0,0.0,-0.02205610199153637,0.04,False,0.9571117533544226,0.9449254131788025,-0.185768795403489
black_litterman_400bp,Black-Litterman sentiment (4% annual view scale),black_litterman,2022-06-13,False,-0.03298235749553949,0.0,0.0,-0.03298235749553949,0.04,False,0.9255439513421044,0.9137595453947189,-0.2126240600775149
black_litterman_400bp,Black-Litterman sentiment (4% annual view scale),black_litterman,2022-06-14,False,-0.005248924599122012,0.0,0.0,-0.005248924599122012,0.04,False,0.9206858409283363,0.9089632904392141,-0.2167569370173308
black_litterman_400bp,Black-Litterman sentiment (4% annual view scale),black_litterman,2022-06-15,False,0.0055150980253387445,0.0,0.0,0.0055150980253387445,0.04,False,0.9257635135915974,0.9139763120874207,-0.21243727474731489
black_litterman_400bp,Black-Litterman sentiment (4% annual view scale),black_litterman,2022-06-16,False,-0.022299929806158345,0.0,0.0,-0.022299929806158345,0.04,False,0.9051190522214022,0.8935947044833797,-0.22999986823839658
black_litterman_400bp,Black-Litterman sentiment (4% annual view scale),black_litterman,2022-06-17,False,-0.0067693662591212685,0.0,0.0,-0.0067693662591212685,0.04,False,0.8989919698488068,0.8875456346415205,-0.23521228114986248
black_litterman_400bp,Black-Litterman sentiment (4% annual view scale),black_litterman,2022-06-21,False,0.027033047342678466,0.0,0.0,0.027033047342678466,0.04,False,0.9232944623304175,0.9115386978015724,-0.21453773853908764
black_litterman_400bp,Black-Litterman sentiment (4% annual view scale),black_litterman,2022-06-22,False,0.003426902476974637,0.0,0.0,0.003426902476974637,0.04,False,0.9264585024103545,0.9146624520229268,-0.21184603596971707
black_litterman_400bp,Black-Litterman sentiment (4% annual view scale),black_litterman,2022-06-23,False,0.005907964382480514,0.0,0.0,0.005907964382480514,0.04,False,0.9319319862444411,0.9200662452114705,-0.2071896504223154
black_litterman_400bp,Black-Litterman sentiment (4% annual view scale),black_litterman,2022-06-24,False,0.02182599861256706,0.0,0.0,0.02182599861256706,0.04,False,0.9522723324832191,0.9401476098029259,-0.18988577283240404
black_litterman_400bp,Black-Litterman sentiment (4% annual view scale),black_litterman,2022-06-27,False,0.001145976281099774,0.0,0.0,0.001145976281099774,0.04,False,0.9533636139893923,0.9412249966644927,-0.18895740114308857
black_litterman_400bp,Black-Litterman sentiment (4% annual view scale),black_litterman,2022-06-28,False,-0.012574859387980489,0.0,0.0,-0.012574859387980489,0.04,False,0.9413752005978587,0.9293892246789842,-0.19915614778137647
black_litterman_400bp,Black-Litterman sentiment (4% annual view scale),black_litterman,2022-06-29,False,-0.0012420896567452424,0.0,0.0,-0.0012420896567452424,0.04,False,0.9402059281980797,0.92823483993592,-0.20015086764688517
black_litterman_400bp,Black-Litterman sentiment (4% annual view scale),black_litterman,2022-06-30,False,-0.008673459625352594,0.0,0.0,-0.008673459625352594,0.04,False,0.9320510900403365,0.9201838325288902,-0.20708832680272327
black_litterman_400bp,Black-Litterman sentiment (4% annual view scale),black_litterman,2022-07-01,True,0.015685204336408107,0.866254747285542,0.0008662547472855419,0.014818949589122565,0.04,False,0.9466705018395911,0.9338199903558616,-0.19533820868898577
black_litterman_400bp,Black-Litterman sentiment (4% annual view scale),black_litterman,2022-07-05,False,0.0004349170858235403,0.0,0.0,0.0004349170858235403,0.04,False,0.9470822250154863,0.934226124624751,-0.19498824752763522
black_litterman_400bp,Black-Litterman sentiment (4% annual view scale),black_litterman,2022-07-06,False,-0.0024494315214387066,0.0,0.0,-0.0024494315214387066,0.04,False,0.9447624119601391,0.9319378017069435,-0.19696006868926974
black_litterman_400bp,Black-Litterman sentiment (4% annual view scale),black_litterman,2022-07-07,False,0.008117168999772011,0.0,0.0,0.008117168999772011,0.04,False,0.9524312081226519,0.9395024983406749,-0.19044165785325518
black_litterman_400bp,Black-Litterman sentiment (4% annual view scale),black_litterman,2022-07-08,False,-0.004048290141085246,0.0,0.0,-0.004048290141085246,0.04,False,0.9485754902527471,0.9356991196391174,-0.19371898490840112
black_litterman_400bp,Black-Litterman sentiment (4% annual view scale),black_litterman,2022-07-11,False,-0.010902212156102088,0.0,0.0,-0.010902212156102088,0.04,False,0.9382339190119331,0.9254979293225338,-0.202509231592367
black_litterman_400bp,Black-Litterman sentiment (4% annual view scale),black_litterman,2022-07-12,False,0.003049371969617069,0.0,0.0,0.003049371969617069,0.04,False,0.9410949432255119,0.9283201167661486,-0.2000773855971565
black_litterman_400bp,Black-Litterman sentiment (4% annual view scale),black_litterman,2022-07-13,False,-0.004534592574275532,0.0,0.0,-0.004534592574275532,0.04,False,0.9368274610842732,0.9241105632581101,-0.2037047087444227
black_litterman_400bp,Black-Litterman sentiment (4% annual view scale),black_litterman,2022-07-14,False,0.00021305035452834548,0.0,0.0,0.00021305035452834548,0.04,False,0.937027052506989,0.9243074453412357,-0.20353505775031144
black_litterman_400bp,Black-Litterman sentiment (4% annual view scale),black_litterman,2022-07-15,False,0.015109095378494678,0.0,0.0,0.015109095378494678,0.04,False,0.9511846836155469,0.9382728946919492,-0.19150119297223367
black_litterman_400bp,Black-Litterman sentiment (4% annual view scale),black_litterman,2022-07-18,False,-0.004553692206335387,0.0,0.0,-0.004553692206335387,0.04,False,0.9468532813349811,0.9340002887239747,-0.19518284768862748
black_litterman_400bp,Black-Litterman sentiment (4% annual view scale),black_litterman,2022-07-19,False,0.027798363295215442,0.0,0.0,0.027798363295215442,0.04,False,0.9731742528367978,0.9599639680677599,-0.17281024810245516
black_litterman_400bp,Black-Litterman sentiment (4% annual view scale),black_litterman,2022-07-20,False,0.007026766332679827,0.0,0.0,0.007026766332679827,0.04,False,0.9800125209124622,0.966709410559164,-0.16699777900308377
black_litterman_400bp,Black-Litterman sentiment (4% annual view scale),black_litterman,2022-07-21,False,-0.002140547185755158,0.0,0.0,-0.002140547185755158,0.04,False,0.9779147578688181,0.9646401234509485,-0.16878085956296662
black_litterman_400bp,Black-Litterman sentiment (4% annual view scale),black_litterman,2022-07-22,False,-0.005500202235584441,0.0,0.0,-0.005500202235584441,0.04,False,0.972536028931377,0.9593344076874092,-0.1733527329374589
black_litterman_400bp,Black-Litterman sentiment (4% annual view scale),black_litterman,2022-07-25,False,-0.0006937582803128995,0.0,0.0,-0.0006937582803128995,0.04,False,0.9718613240084032,0.958668861498487,-0.17392622632388166
black_litterman_400bp,Black-Litterman sentiment (4% annual view scale),black_litterman,2022-07-26,False,-0.005881489519131372,0.0,0.0,-0.005881489519131372,0.04,False,0.9661453318171986,0.953030460637266,-0.178784770565787
black_litterman_400bp,Black-Litterman sentiment (4% annual view scale),black_litterman,2022-07-27,False,0.013685908030355583,0.0,0.0,0.013685908030355583,0.04,False,0.9793679079724061,0.966073547871675,-0.16754569446262302
black_litterman_400bp,Black-Litterman sentiment (4% annual view scale),black_litterman,2022-07-28,False,0.009912277159411653,0.0,0.0,0.009912277159411653,0.04,False,0.9890756741172617,0.9756495366345551,-0.15929417666359103
black_litterman_400bp,Black-Litterman sentiment (4% annual view scale),black_litterman,2022-07-29,False,0.007584498814687632,0.0,0.0,0.007584498814687632,0.04,False,0.9965773173952405,0.9830493493887104,-0.15291784434299516
black_litterman_400bp,Black-Litterman sentiment (4% annual view scale),black_litterman,2022-08-01,True,-0.001326774742963889,0.9439514371706885,0.0009439514371706886,-0.0022707261801345776,0.04,False,0.9952550837811097,0.9808171134946891,-0.15484133597057037
black_litterman_400bp,Black-Litterman sentiment (4% annual view scale),black_litterman,2022-08-02,False,-0.0031751016098861694,0.0,0.0,-0.0031751016098861694,0.04,False,0.9920950477623489,0.9777029194986282,-0.15752480060533947
black_litterman_400bp,Black-Litterman sentiment (4% annual view scale),black_litterman,2022-08-03,False,0.0011977821634120422,0.0,0.0,0.0011977821634120422,0.04,False,0.9932833615149682,0.9788739946167196,-0.15651569883838745
black_litterman_400bp,Black-Litterman sentiment (4% annual view scale),black_litterman,2022-08-04,False,0.001451246425818112,0.0,0.0,0.001451246425818112,0.04,False,0.9947248604431913,0.9802945820027335,-0.15529159526109304
black_litterman_400bp,Black-Litterman sentiment (4% annual view scale),black_litterman,2022-08-05,False,0.0008302909465554083,0.0,0.0,0.0008302909465554083,0.04,False,0.9955507714891308,0.9811085117191276,-0.1545902415201591
black_litterman_400bp,Black-Litterman sentiment (4% annual view scale),black_litterman,2022-08-08,False,-9.16271282166408e-05,0.0,0.0,-9.16271282166408e-05,0.04,False,0.9954595520309454,0.9810186155637299,-0.15466770398849483
black_litterman_400bp,Black-Litterman sentiment (4% annual view scale),black_litterman,2022-08-09,False,0.00956565589380009,0.0,0.0,0.00956565589380009,0.04,False,1.0049817755618697,0.9904027020656246,-0.14658154612893293
black_litterman_400bp,Black-Litterman sentiment (4% annual view scale),black_litterman,2022-08-10,False,0.007493384456831394,0.0,0.0,0.007493384456831394,0.04,False,1.0125124903782639,0.997824170279287,-0.14018655355152232
black_litterman_400bp,Black-Litterman sentiment (4% annual view scale),black_litterman,2022-08-11,False,0.00340420206538543,0.0,0.0,0.00340420206538543,0.04,False,1.0159592874892382,1.0012209653806434,-0.13725957484127616
black_litterman_400bp,Black-Litterman sentiment (4% annual view scale),black_litterman,2022-08-12,False,0.016595778110242557,0.0,0.0,0.016595778110242557,0.04,False,1.0328199223934498,1.0178370063614235,-0.12294172617860555
black_litterman_400bp,Black-Litterman sentiment (4% annual view scale),black_litterman,2022-08-15,False,0.0027820451006855445,0.0,0.0,0.0027820451006855445,0.04,False,1.0356932739984348,1.0206686748182676,-0.1205017105049051
black_litterman_400bp,Black-Litterman sentiment (4% annual view scale),black_litterman,2022-08-16,False,-0.0012785606506428757,0.0,0.0,-0.0012785606506428757,0.04,False,1.034369077332165,1.0193636880133012,-0.1216262024101612
black_litterman_400bp,Black-Litterman sentiment (4% annual view scale),black_litterman,2022-08-17,False,-0.0015399787764241318,0.0,0.0,-0.0015399787764241318,0.04,False,1.032776170906084,1.0177938895683034,-0.12297887941621655
black_litterman_400bp,Black-Litterman sentiment (4% annual view scale),black_litterman,2022-08-18,False,0.007607993791779762,0.0,0.0,0.007607993791779762,0.04,False,1.0406335256026356,1.0255372591614504,-0.11630650817555543
black_litterman_400bp,Black-Litterman sentiment (4% annual view scale),black_litterman,2022-08-19,False,-0.0008286370703158631,0.0,0.0,-0.0008286370703158631,0.04,False,1.0397712180867078,1.024687460971519,-0.11703876936167812
black_litterman_400bp,Black-Litterman sentiment (4% annual view scale),black_litterman,2022-08-22,False,-0.012973220529346602,0.0,0.0,-0.012973220529346602,0.04,False,1.0262820367744017,1.0113939645666794,-0.12849362012561227
black_litterman_400bp,Black-Litterman sentiment (4% annual view scale),black_litterman,2022-08-23,False,0.0015405375352178668,0.0,0.0,0.0015405375352178668,0.04,False,1.0278630627737724,1.012952054931987,-0.12715103183523402
black_litterman_400bp,Black-Litterman sentiment (4% annual view scale),black_litterman,2022-08-24,False,0.006245108915842618,0.0,0.0,0.006245108915842618,0.04,False,1.0342821795513661,1.019278050841564,-0.12169999496196415
black_litterman_400bp,Black-Litterman sentiment (4% annual view scale),black_litterman,2022-08-25,False,0.010090767887638453,0.0,0.0,0.010090767887638453,0.04,False,1.0447188809555399,1.029563349065571,-0.1128372734754135
black_litterman_400bp,Black-Litterman sentiment (4% annual view scale),black_litterman,2022-08-26,False,-0.01859362457553471,0.0,0.0,-0.01859362457553471,0.04,False,1.0252937702960798,1.0104200346763155,-0.1293328441498195
black_litterman_400bp,Black-Litterman sentiment (4% annual view scale),black_litterman,2022-08-29,False,0.0020299354160805594,0.0,0.0,0.0020299354160805594,0.04,False,1.0273750504322907,1.0124711220898224,-0.1275654460545409
black_litterman_400bp,Black-Litterman sentiment (4% annual view scale),black_litterman,2022-08-30,False,-0.019769388134701818,0.0,0.0,-0.019769388134701818,0.04,False,1.0070644743003858,0.9924551875020515,-0.14481294337361428
black_litterman_400bp,Black-Litterman sentiment (4% annual view scale),black_litterman,2022-08-31,False,-0.00851669324439071,0.0,0.0,-0.00851669324439071,0.04,False,0.9984876150954458,0.9840027511112922,-0.15209630920147466
black_litterman_400bp,Black-Litterman sentiment (4% annual view scale),black_litterman,2022-09-01,True,-0.005330533354248112,0.6175341019594691,0.0006175341019594692,-0.005948067456207581,0.04,False,0.9931651435593758,0.9781498363705884,-0.15713969755071167
black_litterman_400bp,Black-Litterman sentiment (4% annual view scale),black_litterman,2022-09-02,False,-0.011316090450200596,0.0,0.0,-0.011316090450200596,0.04,False,0.9819263969628715,0.96708100434837,-0.1666775809701112
black_litterman_400bp,Black-Litterman sentiment (4% annual view scale),black_litterman,2022-09-06,False,0.005504630070543052,0.0,0.0,0.005504630070543052,0.04,False,0.9873315385346534,0.972404427525557,-0.16209044932386152
black_litterman_400bp,Black-Litterman sentiment (4% annual view scale),black_litterman,2022-09-07,False,0.013609634098860401,0.0,0.0,0.013609634098860401,0.04,False,1.0007687595083747,0.9856384959802915,-0.15068680693121883
black_litterman_400bp,Black-Litterman sentiment (4% annual view scale),black_litterman,2022-09-08,False,0.00457207921278629,0.0,0.0,0.00457207921278629,0.04,False,1.0053443535505289,0.990144913259085,-0.1468036797360439
black_litterman_400bp,Black-Litterman sentiment (4% annual view scale),black_litterman,2022-09-09,False,0.014491122883773699,0.0,0.0,0.014491122883773699,0.04,False,1.0199129221183376,1.004493224869866,-0.13443990701511532
black_litterman_400bp,Black-Litterman sentiment (4% annual view scale),black_litterman,2022-09-12,False,0.010388044102935649,0.0,0.0,0.010388044102935649,0.04,False,1.0305078225344568,1.014927944790914,-0.1254484305954473
black_litterman_400bp,Black-Litterman sentiment (4% annual view scale),black_litterman,2022-09-13,False,-0.036321013511817275,0.0,0.0,-0.036321013511817275,0.04,False,0.9930787339881494,0.9780647331946424,-0.1572130299645711
black_litterman_400bp,Black-Litterman sentiment (4% annual view scale),black_litterman,2022-09-14,False,0.0019073611754610734,0.0,0.0,0.0019073611754610734,0.04,False,0.9949728938095344,0.9799302558938254,-0.15560553081874107
black_litterman_400bp,Black-Litterman sentiment (4% annual view scale),black_litterman,2022-09-15,False,-0.02135336439676533,0.0,0.0,-0.02135336439676533,0.04,False,0.9737268750431152,0.959005448056309,-0.1736361936137818
black_litterman_400bp,Black-Litterman sentiment (4% annual view scale),black_litterman,2022-09-16,False,-0.012537080166929955,0.0,0.0,-0.012537080166929955,0.04,False,0.9615191831500054,0.9469823198735045,-0.18399638290149523
black_litterman_400bp,Black-Litterman sentiment (4% annual view scale),black_litterman,2022-09-19,False,0.004779330702031426,0.0,0.0,0.004779330702031426,0.04,False,0.9661146013026264,0.9515082615491568,-0.18009643176132772
black_litterman_400bp,Black-Litterman sentiment (4% annual view scale),black_litterman,2022-09-20,False,-0.016632321279365217,0.0,0.0,-0.016632321279365217,0.04,False,0.9500458728610753,0.9356824704431009,-0.19373333132637127
black_litterman_400bp,Black-Litterman sentiment (4% annual view scale),black_litterman,2022-09-21,False,-0.018647165660047045,0.0,0.0,-0.018647165660047045,0.04,False,0.9323302100851908,0.9182346444115463,-0.20876791946330264
black_litterman_400bp,Black-Litterman sentiment (4% annual view scale),black_litterman,2022-09-22,False,-0.009338128199759098,0.0,0.0,-0.009338128199759098,0.04,False,0.9236239910589069,0.9096600515845711,-0.21615654606711654
black_litterman_400bp,Black-Litterman sentiment (4% annual view scale),black_litterman,2022-09-23,False,-0.02947550901411625,0.0,0.0,-0.02947550901411625,0.04,False,0.896399703784796,0.8828473585343086,-0.2392607308591712
black_litterman_400bp,Black-Litterman sentiment (4% annual view scale),black_litterman,2022-09-26,False,-0.02167448599977574,0.0,0.0,-0.02167448599977574,0.04,False,0.8769707009549094,0.8637120958218177,-0.25574936349764377
black_litterman_400bp,Black-Litterman sentiment (4% annual view scale),black_litterman,2022-09-27,False,-0.005860441647210281,0.0,0.0,-0.005860441647210281,0.04,False,0.87183126533565,0.8586503614842642,-0.26011100092376493
black_litterman_400bp,Black-Litterman sentiment (4% annual view scale),black_litterman,2022-09-28,False,0.02478470905935907,0.0,0.0,0.02478470905935907,0.04,False,0.893439349595847,0.8799317608773652,-0.24177306734544002
black_litterman_400bp,Black-Litterman sentiment (4% annual view scale),black_litterman,2022-09-29,False,-0.028818126158468085,0.0,0.0,-0.028818126158468085,0.04,False,0.8676921017042541,0.8545737763815583,-0.2636237467474275
black_litterman_400bp,Black-Litterman sentiment (4% annual view scale),black_litterman,2022-09-30,False,-0.0030849915674623462,0.0,0.0,-0.0030849915674623462,0.04,False,0.8650152788873429,0.8519374234876468,-0.26589546127919117
black_litterman_400bp,Black-Litterman sentiment (4% annual view scale),black_litterman,2022-10-03,True,0.026861447882064012,0.9305460444949076,0.0009305460444949076,0.025930901837569104,0.04,False,0.8882508417183642,0.8740289291878565,-0.24685946854710794
black_litterman_400bp,Black-Litterman sentiment (4% annual view scale),black_litterman,2022-10-04,False,0.023730212773477855,0.0,0.0,0.023730212773477855,0.04,False,0.9093292231885617,0.8947698216476592,-0.22898728348740072
black_litterman_400bp,Black-Litterman sentiment (4% annual view scale),black_litterman,2022-10-05,False,-0.006744938137143386,0.0,0.0,-0.006744938137143386,0.04,False,0.9031958538318582,0.8887346545536629,-0.23418771656322912
black_litterman_400bp,Black-Litterman sentiment (4% annual view scale),black_litterman,2022-10-06,False,-0.017791179757552848,0.0,0.0,-0.017791179757552848,0.04,False,0.8871269340400592,0.872923016557732,-0.2478124205583948
black_litterman_400bp,Black-Litterman sentiment (4% annual view scale),black_litterman,2022-10-07,False,-0.019590363038918417,0.0,0.0,-0.019590363038918417,0.04,False,0.8697477953406119,0.8558221377583383,-0.26254804831302103
black_litterman_400bp,Black-Litterman sentiment (4% annual view scale),black_litterman,2022-10-10,False,-0.005270200109956469,0.0,0.0,-0.005270200109956469,0.04,False,0.8651640504139734,0.8513117838338211,-0.2664345676698894
black_litterman_400bp,Black-Litterman sentiment (4% annual view scale),black_litterman,2022-10-11,False,-0.0035070823815424017,0.0,0.0,-0.0035070823815424017,0.04,False,0.8621298488156227,0.8483261632755381,-0.2690072420733228
black_litterman_400bp,Black-Litterman sentiment (4% annual view scale),black_litterman,2022-10-12,False,-0.006774588298838623,0.0,0.0,-0.006774588298838623,0.04,False,0.856289274029757,0.8425791027762131,-0.27395941705770854
black_litterman_400bp,Black-Litterman sentiment (4% annual view scale),black_litterman,2022-10-13,False,0.030721998601463265,0.0,0.0,0.030721998601463265,0.04,False,0.8825961919089472,0.8684648167933261,-0.2516539992839498
black_litterman_400bp,Black-Litterman sentiment (4% annual view scale),black_litterman,2022-10-14,False,-0.014118353698757103,0.0,0.0,-0.014118353698757103,0.04,False,0.8701353866984006,0.8562035233349116,-0.2622194128111095
black_litterman_400bp,Black-Litterman sentiment (4% annual view scale),black_litterman,2022-10-17,False,0.017108169632960003,0.0,0.0,0.017108169632960003,0.04,False,0.8850218104976781,0.8708515984524633,-0.24959733737357703
black_litterman_400bp,Black-Litterman sentiment (4% annual view scale),black_litterman,2022-10-18,False,0.012148845960152836,0.0,0.0,0.012148845960152836,0.04,False,0.89577380414479,0.8814314403762151,-0.24048081101724017
black_litterman_400bp,Black-Litterman sentiment (4% annual view scale),black_litterman,2022-10-19,False,-0.009423040631065785,0.0,0.0,-0.009423040631065785,0.04,False,0.8873328911920892,0.8731256761000512,-0.24763779119509877
black_litterman_400bp,Black-Litterman sentiment (4% annual view scale),black_litterman,2022-10-20,False,-0.008461690323146193,0.0,0.0,-0.008461690323146193,0.04,False,0.8798245550532798,0.865737557015705,-0.2540040472168441
black_litterman_400bp,Black-Litterman sentiment (4% annual view scale),black_litterman,2022-10-21,False,0.02158737481811972,0.0,0.0,0.02158737481811972,0.04,False,0.8988176574974004,0.8844265581531262,-0.23789995297131383
black_litterman_400bp,Black-Litterman sentiment (4% annual view scale),black_litterman,2022-10-24,False,0.0042996695571550295,0.0,0.0,0.0042996695571550295,0.04,False,0.9026822764167755,0.8882293001007566,-0.23462317459959814
black_litterman_400bp,Black-Litterman sentiment (4% annual view scale),black_litterman,2022-10-25,False,0.014866371868196908,0.0,0.0,0.014866371868196908,0.04,False,0.9161018868168178,0.9014340471802827,-0.22324479809389575
black_litterman_400bp,Black-Litterman sentiment (4% annual view scale),black_litterman,2022-10-26,False,0.007906144947071534,0.0,0.0,0.007906144947071534,0.04,False,0.9233447211202772,0.9085609154175153,-0.21710365887923444
black_litterman_400bp,Black-Litterman sentiment (4% annual view scale),black_litterman,2022-10-27,False,-0.0019180919190479864,0.0,0.0,-0.0019180919190479864,0.04,False,0.9215736610722007,0.9068182120676901,-0.21860532602459037
black_litterman_400bp,Black-Litterman sentiment (4% annual view scale),black_litterman,2022-10-28,False,0.019574885417267936,0.0,0.0,0.019574885417267936,0.04,False,0.9396133598912612,0.9245690746632069,-0.2033096148158583
black_litterman_400bp,Black-Litterman sentiment (4% annual view scale),black_litterman,2022-10-31,False,-0.0039847858314599255,0.0,0.0,-0.0039847858314599255,0.04,False,0.935869201887716,0.920884864914283,-0.2064842553748003
black_litterman_400bp,Black-Litterman sentiment (4% annual view scale),black_litterman,2022-11-01,True,0.002708025690930434,0.6103289278604055,0.0006103289278604055,0.0020976967630700286,0.04,False,0.9384035597297785,0.9228166021145738,-0.20481969996585503
black_litterman_400bp,Black-Litterman sentiment (4% annual view scale),black_litterman,2022-11-02,False,-0.01010539031726803,0.0,0.0,-0.01010539031726803,0.04,False,0.9289206254835954,0.913491180158951,-0.21285530727030233
black_litterman_400bp,Black-Litterman sentiment (4% annual view scale),black_litterman,2022-11-03,False,-0.00159716158551028,0.0,0.0,-0.00159716158551028,0.04,False,0.9274369891445848,0.9120321871372987,-0.21411250453576847
black_litterman_400bp,Black-Litterman sentiment (4% annual view scale),black_litterman,2022-11-04,False,0.008222500234248972,0.0,0.0,0.008222500234248972,0.04,False,0.9350628400050772,0.9195313720096777,-0.20765054442022057
black_litterman_400bp,Black-Litterman sentiment (4% annual view scale),black_litterman,2022-11-07,False,-0.009688420589231597,0.0,0.0,-0.009688420589231597,0.04,False,0.9260035579337467,0.9106225653326548,-0.21532715919952605
black_litterman_400bp,Black-Litterman sentiment (4% annual view scale),black_litterman,2022-11-08,False,0.0014780436254529712,0.0,0.0,0.0014780436254529712,0.04,False,0.9273722315896974,0.9119685052105383,-0.21416737850911494
black_litterman_400bp,Black-Litterman sentiment (4% annual view scale),black_litterman,2022-11-09,False,-0.014395751174978533,0.0,0.0,-0.014395751174978533,0.04,False,0.9140220116971476,0.8988400335301103,-0.22548002939327882
black_litterman_400bp,Black-Litterman sentiment (4% annual view scale),black_litterman,2022-11-10,False,0.04715949813291988,0.0,0.0,0.04715949813291988,0.04,False,0.957126831051227,0.9412288784131673,-0.18895405628554185
black_litterman_400bp,Black-Litterman sentiment (4% annual view scale),black_litterman,2022-11-11,False,0.002999682221929192,0.0,0.0,0.002999682221929192,0.04,False,0.9599979073904628,0.9440522659465096,-0.18652117618701392
black_litterman_400bp,Black-Litterman sentiment (4% annual view scale),black_litterman,2022-11-14,False,-0.015487789680109769,0.0,0.0,-0.015487789680109769,0.04,False,0.9451296617074537,0.929430983004499,-0.1991201651194524
black_litterman_400bp,Black-Litterman sentiment (4% annual view scale),black_litterman,2022-11-15,False,0.008885769238013522,0.0,0.0,0.008885769238013522,0.04,False,0.9535278657813879,0.937689692242137,-0.1920037317193255
black_litterman_400bp,Black-Litterman sentiment (4% annual view scale),black_litterman,2022-11-16,False,-0.0015597558804752978,0.0,0.0,-0.0015597558804752978,0.04,False,0.9520405950855384,0.9362271252306013,-0.19326400865017845
black_litterman_400bp,Black-Litterman sentiment (4% annual view scale),black_litterman,2022-11-17,False,-0.00939632882352048,0.0,0.0,-0.00939632882352048,0.04,False,0.9430949086007746,0.9274300273084353,-0.2008443652986701
black_litterman_400bp,Black-Litterman sentiment (4% annual view scale),black_litterman,2022-11-18,False,0.010326108520561296,0.0,0.0,0.010326108520561296,0.04,False,0.952833408972175,0.9370067704156493,-0.19259219748992618
black_litterman_400bp,Black-Litterman sentiment (4% annual view scale),black_litterman,2022-11-21,False,0.0032933232414222515,0.0,0.0,0.0032933232414222515,0.04,False,0.9559713973831467,0.9400926365900292,-0.18993314260861405
black_litterman_400bp,Black-Litterman sentiment (4% annual view scale),black_litterman,2022-11-22,False,0.010602569445096868,0.0,0.0,0.010602569445096868,0.04,False,0.9661071505114278,0.9500600340542992,-0.18134435249795045
black_litterman_400bp,Black-Litterman sentiment (4% annual view scale),black_litterman,2022-11-23,False,0.008198970389476317,0.0,0.0,0.008198970389476317,0.04,False,0.9740282344315323,0.9578495481417352,-0.17463221908490367
black_litterman_400bp,Black-Litterman sentiment (4% annual view scale),black_litterman,2022-11-25,False,0.0043747510600915425,0.0,0.0,0.0043747510600915425,0.04,False,0.9782893654826708,0.9620399014678764,-0.17102144051037993
black_litterman_400bp,Black-Litterman sentiment (4% annual view scale),black_litterman,2022-11-28,False,-0.014580367803615955,0.0,0.0,-0.014580367803615955,0.04,False,0.9640255467155674,0.9480130058627204,-0.1831082528090503
black_litterman_400bp,Black-Litterman sentiment (4% annual view scale),black_litterman,2022-11-29,False,0.0008032437028210242,0.0,0.0,0.0008032437028210242,0.04,False,0.9647998941653252,0.948774491339872,-0.1824520896572327
black_litterman_400bp,Black-Litterman sentiment (4% annual view scale),black_litterman,2022-11-30,False,0.022678347473407672,0.0,0.0,0.022678347473407672,0.04,False,0.9866799614075132,0.9702911289283832,-0.16391145407032115
black_litterman_400bp,Black-Litterman sentiment (4% annual view scale),black_litterman,2022-12-01,True,0.0025898254599128192,0.9284495767789586,0.0009284495767789586,0.0016613758831338606,0.04,False,0.9892352902923522,0.9719031472096036,-0.16252239672394908
black_litterman_400bp,Black-Litterman sentiment (4% annual view scale),black_litterman,2022-12-02,False,0.010175886034512737,0.0,0.0,0.010175886034512737,0.04,False,0.9993016358676853,0.9817931228721927,-0.15400032007655529
black_litterman_400bp,Black-Litterman sentiment (4% annual view scale),black_litterman,2022-12-05,False,-0.01335540288987448,0.0,0.0,-0.01335540288987448,0.04,False,0.9859555599121617,0.9686808801617265,-0.16529898664663767
black_litterman_400bp,Black-Litterman sentiment (4% annual view scale),black_litterman,2022-12-06,False,-0.005269975412824547,0.0,0.0,-0.005269975412824547,0.04,False,0.9807595983532869,0.9635759557404009,-0.16969784046406966
black_litterman_400bp,Black-Litterman sentiment (4% annual view scale),black_litterman,2022-12-07,False,0.00014450249343365474,0.0,0.0,0.00014450249343365474,0.04,False,0.9809013205607079,0.9637151948686181,-0.16957785973171335
black_litterman_400bp,Black-Litterman sentiment (4% annual view scale),black_litterman,2022-12-08,False,0.006020387807688333,0.0,0.0,0.006020387807688333,0.04,False,0.9868067269115569,0.9695171340778891,-0.16457839640320782
black_litterman_400bp,Black-Litterman sentiment (4% annual view scale),black_litterman,2022-12-09,False,-0.01563980891525015,0.0,0.0,-0.01563980891525015,0.04,False,0.9713732582663767,0.9543540713608499,-0.17764423064713353
black_litterman_400bp,Black-Litterman sentiment (4% annual view scale),black_litterman,2022-12-12,False,0.008467515883905595,0.0,0.0,0.008467515883905595,0.04,False,0.9795983767599483,0.9624350796189679,-0.1706809201079167
black_litterman_400bp,Black-Litterman sentiment (4% annual view scale),black_litterman,2022-12-13,False,0.009052784511531107,0.0,0.0,0.009052784511531107,0.04,False,0.9884664697726018,0.9711477970010968,-0.16317327318635233
black_litterman_400bp,Black-Litterman sentiment (4% annual view scale),black_litterman,2022-12-14,False,-0.006835948323352062,0.0,0.0,-0.006835948323352062,0.04,False,0.98170936406587,0.96450908084646,-0.1688937774464503
black_litterman_400bp,Black-Litterman sentiment (4% annual view scale),black_litterman,2022-12-15,False,-0.028047329607431858,0.0,0.0,-0.028047329607431858,0.04,False,0.9541750379532122,0.9374571767465982,-0.19220408760919738
black_litterman_400bp,Black-Litterman sentiment (4% annual view scale),black_litterman,2022-12-16,False,-0.0042549163098212885,0.0,0.0,-0.0042549163098212885,0.04,False,0.9501151030218007,0.9334683749155,-0.19564119161183602
black_litterman_400bp,Black-Litterman sentiment (4% annual view scale),black_litterman,2022-12-19,False,-0.004670438101746714,0.0,0.0,-0.004670438101746714,0.04,False,0.9456776492436026,0.9291086686505191,-0.1993978996380077
black_litterman_400bp,Black-Litterman sentiment (4% annual view scale),black_litterman,2022-12-20,False,0.0048128796198541575,0.0,0.0,0.0048128796198541575,0.04,False,0.9502290819285987,0.933580356826497,-0.19554469810556308
black_litterman_400bp,Black-Litterman sentiment (4% annual view scale),black_litterman,2022-12-21,False,0.012261872601562054,0.0,0.0,0.012261872601562054,0.04,False,0.9618806698735064,0.9450278002252243,-0.1856805696800824
black_litterman_400bp,Black-Litterman sentiment (4% annual view scale),black_litterman,2022-12-22,False,-0.004420745186397206,0.0,0.0,-0.004420745186397206,0.04,False,0.9576284405322746,0.940850073126367,-0.18928046838185886
black_litterman_400bp,Black-Litterman sentiment (4% annual view scale),black_litterman,2022-12-23,False,0.005042990667839672,0.0,0.0,0.005042990667839672,0.04,False,0.9624577518211368,0.9455947712649797,-0.18519201734967317
black_litterman_400bp,Black-Litterman sentiment (4% annual view scale),black_litterman,2022-12-27,False,0.002470136714198224,0.0,0.0,0.002470136714198224,0.04,False,0.9648351540497748,0.9479305196262351,-0.18317933023670685
black_litterman_400bp,Black-Litterman sentiment (4% annual view scale),black_litterman,2022-12-28,False,-0.013050111913889094,0.0,0.0,-0.013050111913889094,0.04,False,0.9522439473109708,0.9355599202585217,-0.19383893139069563
black_litterman_400bp,Black-Litterman sentiment (4% annual view scale),black_litterman,2022-12-29,False,0.007576335465935348,0.0,0.0,0.007576335465935348,0.04,False,0.9594584669012052,0.9426480360628839,-0.18773118469533467
black_litterman_400bp,Black-Litterman sentiment (4% annual view scale),black_litterman,2022-12-30,False,-0.002695417929008988,0.0,0.0,-0.002695417929008988,0.04,False,0.9568723253473802,0.9401072056457349,-0.18992058862328176
black_litterman_400bp,Black-Litterman sentiment (4% annual view scale),black_litterman,2023-01-03,True,-0.0013093037971200815,0.852886581291086,0.000852886581291086,-0.0021621903784111675,0.04,False,0.9556194887784437,0.9380745148910127,-0.19167213453230958
black_litterman_400bp,Black-Litterman sentiment (4% annual view scale),black_litterman,2023-01-04,False,0.014632223591431967,0.0,0.0,0.014632223591431967,0.04,False,0.9696023268065799,0.9518006309383221,-0.17984450046960132
black_litterman_400bp,Black-Litterman sentiment (4% annual view scale),black_litterman,2023-01-05,False,-0.0017609902411005953,0.0,0.0,-0.0017609902411005953,0.04,False,0.9678948665713251,0.9501245193157664,-0.1812887863004593
black_litterman_400bp,Black-Litterman sentiment (4% annual view scale),black_litterman,2023-01-06,False,0.023431879873031067,0.0,0.0,0.023431879873031067,0.04,False,0.9905744628145478,0.9723877229167948,-0.16210484349034826
black_litterman_400bp,Black-Litterman sentiment (4% annual view scale),black_litterman,2023-01-09,False,-0.002309865916207587,0.0,0.0,-0.002309865916207587,0.04,False,0.9882863686254267,0.9701416376582905,-0.16404026895372525
black_litterman_400bp,Black-Litterman sentiment (4% annual view scale),black_litterman,2023-01-10,False,0.006853548014736789,0.0,0.0,0.006853548014736789,0.04,False,0.9950596367051109,0.9767905499530769,-0.15831097879861333
black_litterman_400bp,Black-Litterman sentiment (4% annual view scale),black_litterman,2023-01-11,False,0.00913441561167791,0.0,0.0,0.00913441561167791,0.04,False,1.0041489249851807,0.9857129608019077,-0.1506226414631735
black_litterman_400bp,Black-Litterman sentiment (4% annual view scale),black_litterman,2023-01-12,False,0.008983325868530491,0.0,0.0,0.008983325868530491,0.04,False,1.0131695219988572,0.9945679415416254,-0.14299240786608536
black_litterman_400bp,Black-Litterman sentiment (4% annual view scale),black_litterman,2023-01-13,False,0.004176843489797891,0.0,0.0,0.004176843489797891,0.04,False,1.01740137252088,0.9987220961734153,-0.13941282128417343
black_litterman_400bp,Black-Litterman sentiment (4% annual view scale),black_litterman,2023-01-17,False,-0.005345383468831605,0.0,0.0,-0.005345383468831605,0.04,False,1.0119629720430403,0.9933835435905731,-0.14401298976276933
black_litterman_400bp,Black-Litterman sentiment (4% annual view scale),black_litterman,2023-01-18,False,-0.017083255317568977,0.0,0.0,-0.017083255317568977,0.04,False,0.9946753502197032,0.976413318887144,-0.15863603440717444
black_litterman_400bp,Black-Litterman sentiment (4% annual view scale),black_litterman,2023-01-19,False,-0.005895151384734771,0.0,0.0,-0.005895151384734771,0.04,False,0.988811588451494,0.9706572145582331,-0.16359600235400484
black_litterman_400bp,Black-Litterman sentiment (4% annual view scale),black_litterman,2023-01-20,False,0.013772408898598194,0.0,0.0,0.013772408898598194,0.04,False,1.0024299059713204,0.9840255026175034,-0.152076704494002
black_litterman_400bp,Black-Litterman sentiment (4% annual view scale),black_litterman,2023-01-23,False,0.005081569322874403,0.0,0.0,0.005081569322874403,0.04,False,1.0075238230298362,0.9890258964245308,-0.14776792348740808
black_litterman_400bp,Black-Litterman sentiment (4% annual view scale),black_litterman,2023-01-24,False,-0.0030887857684170237,0.0,0.0,-0.0030887857684170237,0.04,False,1.0044117977839206,0.9859710073110588,-0.1504002857967286
black_litterman_400bp,Black-Litterman sentiment (4% annual view scale),black_litterman,2023-01-25,False,0.003649809250209834,0.0,0.0,0.003649809250209834,0.04,False,1.0080777092544921,0.9895696134139813,-0.14729940890085402
black_litterman_400bp,Black-Litterman sentiment (4% annual view scale),black_litterman,2023-01-26,False,0.012581550235814237,0.0,0.0,0.012581550235814237,0.04,False,1.020760889595082,1.0020199332169846,-0.13657111357783158
black_litterman_400bp,Black-Litterman sentiment (4% annual view scale),black_litterman,2023-01-27,False,0.00015790281543717223,0.0,0.0,0.00015790281543717223,0.04,False,1.0209220706134372,1.0021781549855637,-0.1364347757257357
black_litterman_400bp,Black-Litterman sentiment (4% annual view scale),black_litterman,2023-01-30,False,-0.012914073053395612,0.0,0.0,-0.012914073053395612,0.04,False,1.0077378084117112,0.9892359530795629,-0.1475869201183856
black_litterman_400bp,Black-Litterman sentiment (4% annual view scale),black_litterman,2023-01-31,False,0.008977513529140418,0.0,0.0,0.008977513529140418,0.04,False,1.0167847882205536,0.9981168322318468,-0.13993437016133214
black_litterman_400bp,Black-Litterman sentiment (4% annual view scale),black_litterman,2023-02-01,True,-0.001045989458975358,0.465378659732328,0.00046537865973232803,-0.001511368118707686,0.04,False,1.0157212420500283,0.9966083102728661,-0.14123424593426648
black_litterman_400bp,Black-Litterman sentiment (4% annual view scale),black_litterman,2023-02-02,False,-0.004606152042339503,0.0,0.0,-0.004606152042339503,0.04,False,1.011042675576512,0.9920177808690902,-0.14518985156624764
black_litterman_400bp,Black-Litterman sentiment (4% annual view scale),black_litterman,2023-02-03,False,-0.016429461701407307,0.0,0.0,-0.016429461701407307,0.04,False,0.9944317886596393,0.9757194627311864,-0.15923392216191434
black_litterman_400bp,Black-Litterman sentiment (4% annual view scale),black_litterman,2023-02-06,False,0.004528282573233545,0.0,0.0,0.004528282573233545,0.04,False,0.9989348567984963,0.9801377961706368,-0.15542669578347423
black_litterman_400bp,Black-Litterman sentiment (4% annual view scale),black_litterman,2023-02-07,False,0.0034513296905401697,0.0,0.0,0.0034513296905401697,0.04,False,1.0023825103286803,0.983520574847381,-0.1525117948627942
black_litterman_400bp,Black-Litterman sentiment (4% annual view scale),black_litterman,2023-02-08,False,-0.01380310372506795,0.0,0.0,-0.01380310372506795,0.04,False,0.9885465205664195,0.9699449383370241,-0.1642097624640747
black_litterman_400bp,Black-Litterman sentiment (4% annual view scale),black_litterman,2023-02-09,False,-0.011889933255415527,0.0,0.0,-0.011889933255415527,0.04,False,0.9767927684170115,0.9584123577587688,-0.17414725260390473
black_litterman_400bp,Black-Litterman sentiment (4% annual view scale),black_litterman,2023-02-10,False,0.018840695687385046,0.0,0.0,0.018840695687385046,0.04,False,0.9951962237163947,0.9764695133343309,-0.1585876123076242
black_litterman_400bp,Black-Litterman sentiment (4% annual view scale),black_litterman,2023-02-13,False,0.0049977470135008535,0.0,0.0,0.0049977470135008535,0.04,False,1.0001699626713205,0.9813496609283721,-0.15438244605991203
black_litterman_400bp,Black-Litterman sentiment (4% annual view scale),black_litterman,2023-02-14,False,-0.0032011031308417626,0.0,0.0,-0.0032011031308417626,0.04,False,0.9969683154724395,0.9782082594563237,-0.15708935505932442
black_litterman_400bp,Black-Litterman sentiment (4% annual view scale),black_litterman,2023-02-15,False,0.0017113949355873953,0.0,0.0,0.0017113949355873953,0.04,False,0.9986745219984801,0.979882360117507,-0.15564680205042025
black_litterman_400bp,Black-Litterman sentiment (4% annual view scale),black_litterman,2023-02-16,False,-0.010672869899833405,0.0,0.0,-0.010672869899833405,0.04,False,0.988015798752912,0.9694242031708311,-0.16465847388164445
black_litterman_400bp,Black-Litterman sentiment (4% annual view scale),black_litterman,2023-02-17,False,0.003691685207210784,0.0,0.0,0.003691685207210784,0.04,False,0.9916632420616588,0.973003012161189,-0.1615746559267044
black_litterman_400bp,Black-Litterman sentiment (4% annual view scale),black_litterman,2023-02-21,False,-0.015443403071191157,0.0,0.0,-0.015443403071191157,0.04,False,0.9763485869036164,0.9579765344549006,-0.17452279646033042
black_litterman_400bp,Black-Litterman sentiment (4% annual view scale),black_litterman,2023-02-22,False,-0.007537699105060748,0.0,0.0,-0.007537699105060748,0.04,False,0.9689891650338857,0.9507555955884707,-0.18074499523869947
black_litterman_400bp,Black-Litterman sentiment (4% annual view scale),black_litterman,2023-02-23,False,-0.0018718675088028863,0.0,0.0,-0.0018718675088028863,0.04,False,0.9671753456994767,0.9489759070802761,-0.18227853206353628
black_litterman_400bp,Black-Litterman sentiment (4% annual view scale),black_litterman,2023-02-24,False,-0.0028000384183215865,0.0,0.0,-0.0028000384183215865,0.04,False,0.9644672175742648,0.9463187380823899,-0.18456818358924465
black_litterman_400bp,Black-Litterman sentiment (4% annual view scale),black_litterman,2023-02-27,False,-0.0010953464567438013,0.0,0.0,-0.0010953464567438013,0.04,False,0.9634107918248492,0.945282191205681,-0.1854613639400664
black_litterman_400bp,Black-Litterman sentiment (4% annual view scale),black_litterman,2023-02-28,False,-0.010477709944063905,0.0,0.0,-0.010477709944063905,0.04,False,0.9533164529911275,0.9353777985909387,-0.19399586350693576
black_litterman_400bp,Black-Litterman sentiment (4% annual view scale),black_litterman,2023-03-01,True,-0.007890054825531345,0.4074099289742357,0.0004074099289742357,-0.00829746475450558,0.04,False,0.9457947339109464,0.9276165342749835,-0.20068365442147262
black_litterman_400bp,Black-Litterman sentiment (4% annual view scale),black_litterman,2023-03-02,False,0.01744806099945499,0.0,0.0,0.01744806099945499,0.04,False,0.9622970181211878,0.9438016441491164,-0.18673713406595704
black_litterman_400bp,Black-Litterman sentiment (4% annual view scale),black_litterman,2023-03-03,False,0.014869804519584463,0.0,0.0,0.014869804519584463,0.04,False,0.976606186670429,0.9578357901028762,-0.17464407422648076
black_litterman_400bp,Black-Litterman sentiment (4% annual view scale),black_litterman,2023-03-06,False,-0.0001475980127005835,0.0,0.0,-0.0001475980127005835,0.04,False,0.9764620415380854,0.9576944154437635,-0.17476589512089558
black_litterman_400bp,Black-Litterman sentiment (4% annual view scale),black_litterman,2023-03-07,False,-0.015196553831631474,0.0,0.0,-0.015196553831631474,0.04,False,0.9616231835593071,0.9431407607052196,-0.18730660961938905
black_litterman_400bp,Black-Litterman sentiment (4% annual view scale),black_litterman,2023-03-08,False,0.009377380961407172,0.0,0.0,0.009377380961407172,0.04,False,0.970640690492864,0.9519849509185839,-0.17968567409297242
black_litterman_400bp,Black-Litterman sentiment (4% annual view scale),black_litterman,2023-03-09,False,-0.01256554312150448,0.0,0.0,-0.01256554312150448,0.04,False,0.958444063040989,0.9400227429667931,-0.18999336912834508
black_litterman_400bp,Black-Litterman sentiment (4% annual view scale),black_litterman,2023-03-10,False,-0.014133481614959345,0.0,0.0,-0.014133481614959345,0.04,False,0.9448979114970323,0.9267369488114283,-0.2014415829537647
black_litterman_400bp,Black-Litterman sentiment (4% annual view scale),black_litterman,2023-03-13,False,0.004913478018613968,0.0,0.0,0.004913478018613968,0.04,False,0.9495406466150073,0.9312904504384506,-0.19751788372502888
black_litterman_400bp,Black-Litterman sentiment (4% annual view scale),black_litterman,2023-03-14,False,0.017344776735011946,0.0,0.0,0.017344776735011946,0.04,False,0.9660102171313634,0.9474434753767542,-0.18359901058439965
black_litterman_400bp,Black-Litterman sentiment (4% annual view scale),black_litterman,2023-03-15,False,0.004134310241971605,0.0,0.0,0.004134310241971605,0.04,False,0.9700040030658987,0.9513605006406934,-0.18022375561230297
black_litterman_400bp,Black-Litterman sentiment (4% annual view scale),black_litterman,2023-03-16,False,0.015017606693717066,0.0,0.0,0.015017606693717066,0.04,False,0.9845711416752736,0.9656476584632532,-0.16791267839723611
black_litterman_400bp,Black-Litterman sentiment (4% annual view scale),black_litterman,2023-03-17,False,-0.004884802489298641,0.0,0.0,-0.004884802489298641,0.04,False,0.9797617061115266,0.9609306603774065,-0.17197726061711505
black_litterman_400bp,Black-Litterman sentiment (4% annual view scale),black_litterman,2023-03-20,False,0.007280107644155892,0.0,0.0,0.007280107644155892,0.04,False,0.9868944767976404,0.9679263390235239,-0.1659491659425988
black_litterman_400bp,Black-Litterman sentiment (4% annual view scale),black_litterman,2023-03-21,False,-0.005514590188390795,0.0,0.0,-0.005514590188390795,0.04,False,0.9814521581989151,0.9625886219312597,-0.17054861448871095
black_litterman_400bp,Black-Litterman sentiment (4% annual view scale),black_litterman,2023-03-22,False,-0.012854588737213008,0.0,0.0,-0.012854588737213008,0.04,False,0.9688359943400179,0.9502149410732127,-0.18121087092697008
black_litterman_400bp,Black-Litterman sentiment (4% annual view scale),black_litterman,2023-03-23,False,-0.0009305261361373289,0.0,0.0,-0.0009305261361373289,0.04,False,0.9679344671256539,0.9493307412355959,-0.18197277561155767
black_litterman_400bp,Black-Litterman sentiment (4% annual view scale),black_litterman,2023-03-24,False,0.015390901101297733,0.0,0.0,0.015390901101297733,0.04,False,0.9828318507817222,0.9639417967863747,-0.16938259950282597
black_litterman_400bp,Black-Litterman sentiment (4% annual view scale),black_litterman,2023-03-27,False,0.0004680443627198341,0.0,0.0,0.0004680443627198341,0.04,False,0.9832918596889821,0.9643929643103506,-0.16899383371094623
black_litterman_400bp,Black-Litterman sentiment (4% annual view scale),black_litterman,2023-03-28,False,0.001312725742365733,0.0,0.0,0.001312725742365733,0.04,False,0.9845826522254546,0.9656589477803572,-0.16790295052439397
black_litterman_400bp,Black-Litterman sentiment (4% annual view scale),black_litterman,2023-03-29,False,0.014257522347737715,0.0,0.0,0.014257522347737715,0.04,False,0.9986203613927539,0.9794268518086285,-0.15603930824600887
black_litterman_400bp,Black-Litterman sentiment (4% annual view scale),black_litterman,2023-03-30,False,0.005810802159541127,0.0,0.0,0.005810802159541127,0.04,False,1.0044231467452966,0.9851181074742307,-0.151135219635797
black_litterman_400bp,Black-Litterman sentiment (4% annual view scale),black_litterman,2023-03-31,False,0.007602649658405978,0.0,0.0,0.007602649658405978,0.04,False,1.012059424038795,0.9926076153175093,-0.14468159810332815
black_litterman_400bp,Black-Litterman sentiment (4% annual view scale),black_litterman,2023-04-03,True,0.008492155974321252,0.8434393716654639,0.0008434393716654639,0.007648716602655788,0.04,False,1.020653990523014,1.0001997896647108,-0.13813951004218417
black_litterman_400bp,Black-Litterman sentiment (4% annual view scale),black_litterman,2023-04-04,False,-0.0018019286563117818,0.0,0.0,-0.0018019286563117818,0.04,False,1.0188148448493117,0.9983975010016769,-0.139692521156782
black_litterman_400bp,Black-Litterman sentiment (4% annual view scale),black_litterman,2023-04-05,False,0.0044011725055940944,0.0,0.0,0.0044011725055940944,0.04,False,1.0232988247327537,1.0027916206327394,-0.13590615953454022
black_litterman_400bp,Black-Litterman sentiment (4% annual view scale),black_litterman,2023-04-06,False,0.0018952463072609673,0.0,0.0,0.0018952463072609673,0.04,False,1.025238228051553,1.0046921577486958,-0.13426848887427112
black_litterman_400bp,Black-Litterman sentiment (4% annual view scale),black_litterman,2023-04-10,False,0.005321576026150906,0.0,0.0,0.005321576026150906,0.04,False,1.0306941112270456,1.010038703449033,-0.1296614328195812
black_litterman_400bp,Black-Litterman sentiment (4% annual view scale),black_litterman,2023-04-11,False,0.0032441539616495964,0.0,0.0,0.0032441539616495964,0.04,False,1.0340378416112317,1.0133154245102467,-0.12683792050888631
black_litterman_400bp,Black-Litterman sentiment (4% annual view scale),black_litterman,2023-04-12,False,-0.002507003772316973,0.0,0.0,-0.002507003772316973,0.04,False,1.0314455048415938,1.0107750389184527,-0.12902694113601454
black_litterman_400bp,Black-Litterman sentiment (4% annual view scale),black_litterman,2023-04-13,False,0.007539946682542832,0.0,0.0,0.007539946682542832,0.04,False,1.0392225489540479,1.0183962288199429,-0.1224598507102489
black_litterman_400bp,Black-Litterman sentiment (4% annual view scale),black_litterman,2023-04-14,False,-0.005958307870977242,0.0,0.0,-0.005958307870977242,0.04,False,1.033030541060918,1.0123283105539913,-0.12768850508886076
black_litterman_400bp,Black-Litterman sentiment (4% annual view scale),black_litterman,2023-04-17,False,0.006321807367062531,0.0,0.0,0.006321807367062531,0.04,False,1.0395611611457976,1.0187280551255375,-0.12217391985395809
black_litterman_400bp,Black-Litterman sentiment (4% annual view scale),black_litterman,2023-04-18,False,-0.0003681571130911198,0.0,0.0,-0.0003681571130911198,0.04,False,1.0391784393098285,1.0183530031457375,-0.12249709776942086
black_litterman_400bp,Black-Litterman sentiment (4% annual view scale),black_litterman,2023-04-19,False,0.0006847509427653513,0.0,0.0,0.0006847509427653513,0.04,False,1.0398900177258474,1.0190503213247095,-0.12189622682983914
black_litterman_400bp,Black-Litterman sentiment (4% annual view scale),black_litterman,2023-04-20,False,-0.01506016450252627,0.0,0.0,-0.01506016450252627,0.04,False,1.0242291029943613,1.0037032558492072,-0.13512061410407072
black_litterman_400bp,Black-Litterman sentiment (4% annual view scale),black_litterman,2023-04-21,False,-0.003321702073200586,0.0,0.0,-0.003321702073200586,0.04,False,1.0208269190595125,1.0003692526633747,-0.13799348575326964
black_litterman_400bp,Black-Litterman sentiment (4% annual view scale),black_litterman,2023-04-24,False,-0.0022686208879302725,0.0,0.0,-0.0022686208879302725,0.04,False,1.0185110497879726,0.9980997940811395,-0.13994905173702166
black_litterman_400bp,Black-Litterman sentiment (4% annual view scale),black_litterman,2023-04-25,False,-0.011444963819174307,0.0,0.0,-0.011444963819174307,0.04,False,1.00685422767372,0.9866765780499556,-0.14979230372253793
black_litterman_400bp,Black-Litterman sentiment (4% annual view scale),black_litterman,2023-04-26,False,-0.014333710491431182,0.0,0.0,-0.014333710491431182,0.04,False,0.9924222706671714,0.9725338416315115,-0.16197893469856572
black_litterman_400bp,Black-Litterman sentiment (4% annual view scale),black_litterman,2023-04-27,False,0.018726888108475073,0.0,0.0,0.018726888108475073,0.04,False,1.0110072514863142,0.9907463740654501,-0.14628540797612077
black_litterman_400bp,Black-Litterman sentiment (4% annual view scale),black_litterman,2023-04-28,False,0.00890733381116305,0.0,0.0,0.00890733381116305,0.04,False,1.0200126305608095,0.9995712827414506,-0.1386810871255032
black_litterman_400bp,Black-Litterman sentiment (4% annual view scale),black_litterman,2023-05-01,True,-0.0028734208098086383,0.8378608351140612,0.0008378608351140612,-0.0037112816449226997,0.04,False,1.0170817050418883,0.9958615921870203,-0.14187768419727909
black_litterman_400bp,Black-Litterman sentiment (4% annual view scale),black_litterman,2023-05-02,False,-0.011392072537995878,0.0,0.0,-0.011392072537995878,0.04,False,1.0054950364809825,0.9845166646910217,-0.1516534758653767
black_litterman_400bp,Black-Litterman sentiment (4% annual view scale),black_litterman,2023-05-03,False,-0.016654413440583594,0.0,0.0,-0.016654413440583594,0.04,False,0.9887491064309735,0.9681201171181131,-0.16578218961919666
black_litterman_400bp,Black-Litterman sentiment (4% annual view scale),black_litterman,2023-05-04,False,0.0023197971214864092,0.0,0.0,0.0023197971214864092,0.04,False,0.9910428037619442,0.9703659593790567,-0.1638469735439827
black_litterman_400bp,Black-Litterman sentiment (4% annual view scale),black_litterman,2023-05-05,False,0.015996811663059524,0.0,0.0,0.015996811663059524,0.04,False,1.0068963288437545,0.9858887208754875,-0.15047119105826856
black_litterman_400bp,Black-Litterman sentiment (4% annual view scale),black_litterman,2023-05-08,False,-0.0011407275235567746,0.0,0.0,-0.0011407275235567746,0.04,False,1.005747734488074,0.9847640904764207,-0.15144027195268284
black_litterman_400bp,Black-Litterman sentiment (4% annual view scale),black_litterman,2023-05-09,False,-0.0031572815701997117,0.0,0.0,-0.0031572815701997117,0.04,False,1.0025723057017049,0.981654912962565,-0.15411941394326023
black_litterman_400bp,Black-Litterman sentiment (4% annual view scale),black_litterman,2023-05-10,False,-0.0036018498961357037,0.0,0.0,-0.0036018498961357037,0.04,False,0.9989611907465447,0.9781191393162697,-0.15716614884429192
black_litterman_400bp,Black-Litterman sentiment (4% annual view scale),black_litterman,2023-05-11,False,-0.01648752385128673,0.0,0.0,-0.01648752385128673,0.04,False,0.9824907942876012,0.9619923766773927,-0.17106239206789353
black_litterman_400bp,Black-Litterman sentiment (4% annual view scale),black_litterman,2023-05-12,False,0.0012385817607764354,0.0,0.0,0.0012385817607764354,0.04,False,0.9837076894655367,0.9631838828891514,-0.17003568506588707
black_litterman_400bp,Black-Litterman sentiment (4% annual view scale),black_litterman,2023-05-15,False,-0.0007460055965777009,0.0,0.0,-0.0007460055965777009,0.04,False,0.9829738380237989,0.9624653423219827,-0.17065484308978762
black_litterman_400bp,Black-Litterman sentiment (4% annual view scale),black_litterman,2023-05-16,False,-0.020735914710637786,0.0,0.0,-0.020735914710637786,0.04,False,0.9625909763557492,0.9425077430716493,-0.18785207352915823
black_litterman_400bp,Black-Litterman sentiment (4% annual view scale),black_litterman,2023-05-17,False,0.005653020488552124,0.0,0.0,0.005653020488552124,0.04,False,0.9680325228671837,0.9478357586538524,-0.18326098466108343
black_litterman_400bp,Black-Litterman sentiment (4% annual view scale),black_litterman,2023-05-18,False,-0.0010868938377200446,0.0,0.0,-0.0010868938377200446,0.04,False,0.9669803742833667,0.9468055618086008,-0.18414869326388084
black_litterman_400bp,Black-Litterman sentiment (4% annual view scale),black_litterman,2023-05-19,False,-0.007432672992011622,0.0,0.0,-0.007432672992011622,0.04,False,0.9597931253716254,0.9397682656806595,-0.1902126492369559
black_litterman_400bp,Black-Litterman sentiment (4% annual view scale),black_litterman,2023-05-22,False,-0.0071290919589893625,0.0,0.0,-0.0071290919589893625,0.04,False,0.9529506719192453,0.9330685712944822,-0.19598569772777197
black_litterman_400bp,Black-Litterman sentiment (4% annual view scale),black_litterman,2023-05-23,False,-0.0062839667518002715,0.0,0.0,-0.0062839667518002715,0.04,False,0.946962361580799,0.9272051994153179,-0.20103809687122254
black_litterman_400bp,Black-Litterman sentiment (4% annual view scale),black_litterman,2023-05-24,False,-0.009371229566361869,0.0,0.0,-0.009371229566361869,0.04,False,0.9380881598997213,0.9185161466364726,-0.20852535228021962
black_litterman_400bp,Black-Litterman sentiment (4% annual view scale),black_litterman,2023-05-25,False,-0.009090074469251318,0.0,0.0,-0.009090074469251318,0.04,False,0.9295608686675099,0.9101667664623373,-0.2157199157685169
black_litterman_400bp,Black-Litterman sentiment (4% annual view scale),black_litterman,2023-05-26,False,0.0022761761432119588,0.0,0.0,0.0022761761432119588,0.04,False,0.9316767129404342,0.9122384663425033,-0.21393475615119295
black_litterman_400bp,Black-Litterman sentiment (4% annual view scale),black_litterman,2023-05-30,False,-0.0033077090457250113,0.0,0.0,-0.0033077090457250113,0.04,False,0.9285949974493498,0.9092210469155239,-0.2165348312688017
black_litterman_400bp,Black-Litterman sentiment (4% annual view scale),black_litterman,2023-05-31,False,-0.0009979244828803788,0.0,0.0,-0.0009979244828803788,0.04,False,0.9276683297667149,0.9083137129724567,-0.21731667034216262
black_litterman_400bp,Black-Litterman sentiment (4% annual view scale),black_litterman,2023-06-01,True,-0.004893297938481355,0.7043258741252959,0.0007043258741252959,-0.005597623812606651,0.04,False,0.9231289722410729,0.9032293145034049,-0.22169783718598557
black_litterman_400bp,Black-Litterman sentiment (4% annual view scale),black_litterman,2023-06-02,False,0.019729707447184316,0.0,0.0,0.019729707447184316,0.04,False,0.9413420367994092,0.9210497646362779,-0.20634216320815435
black_litterman_400bp,Black-Litterman sentiment (4% annual view scale),black_litterman,2023-06-05,False,-0.0026852914554249823,0.0,0.0,-0.0026852914554249823,0.04,False,0.9388142590713594,0.9185764775732789,-0.20847336581582254
black_litterman_400bp,Black-Litterman sentiment (4% annual view scale),black_litterman,2023-06-06,False,-0.0031551325836479903,0.0,0.0,-0.0031551325836479903,0.04,False,0.9358521756125701,0.9156782469983148,-0.21097073729016225
black_litterman_400bp,Black-Litterman sentiment (4% annual view scale),black_litterman,2023-06-07,False,0.014529086208141827,0.0,0.0,0.014529086208141827,0.04,False,0.9494492525501221,0.9289822151878734,-0.19950686311150456
black_litterman_400bp,Black-Litterman sentiment (4% annual view scale),black_litterman,2023-06-08,False,-0.00037937012780173314,0.0,0.0,-0.00037937012780173314,0.04,False,0.9490890598658409,0.928629787086172,-0.19981054629515027
black_litterman_400bp,Black-Litterman sentiment (4% annual view scale),black_litterman,2023-06-09,False,-0.009564694570990854,0.0,0.0,-0.009564694570990854,0.04,False,0.9400113128875552,0.9197477268031685,-0.2074641140187653
black_litterman_400bp,Black-Litterman sentiment (4% annual view scale),black_litterman,2023-06-12,False,-0.0016317463858875178,0.0,0.0,-0.0016317463858875178,0.04,False,0.9384774528250577,0.9182469317740293,-0.2087573315864012
black_litterman_400bp,Black-Litterman sentiment (4% annual view scale),black_litterman,2023-06-13,False,0.005321317347823037,0.0,0.0,0.005321317347823037,0.04,False,0.9434713891753165,0.9231332151016637,-0.20454687824863416
black_litterman_400bp,Black-Litterman sentiment (4% annual view scale),black_litterman,2023-06-14,False,-0.0006715545236958745,0.0,0.0,-0.0006715545236958745,0.04,False,0.9428377966959383,0.9225132808150883,-0.2050810683909342
black_litterman_400bp,Black-Litterman sentiment (4% annual view scale),black_litterman,2023-06-15,False,0.012237305900592351,0.0,0.0,0.012237305900592351,0.04,False,0.9543755912287468,0.9338023580297815,-0.19535340225866216
black_litterman_400bp,Black-Litterman sentiment (4% annual view scale),black_litterman,2023-06-16,False,0.00010696965218551734,0.0,0.0,0.00010696965218551734,0.04,False,0.954477680453795,0.9339022465432301,-0.19526732949196934
black_litterman_400bp,Black-Litterman sentiment (4% annual view scale),black_litterman,2023-06-20,False,-0.011951351881209844,0.0,0.0,-0.011951351881209844,0.04,False,0.9430703818319307,0.9227408521721395,-0.2048849728075166
black_litterman_400bp,Black-Litterman sentiment (4% annual view scale),black_litterman,2023-06-21,False,0.00254538160874728,0.0,0.0,0.00254538160874728,0.04,False,0.9454708558375999,0.9250895797668983,-0.20286110164046223
black_litterman_400bp,Black-Litterman sentiment (4% annual view scale),black_litterman,2023-06-22,False,-0.007745450583849536,0.0,0.0,-0.007745450583849536,0.04,False,0.9381477580452399,0.9179243441411796,-0.20903530158617034
black_litterman_400bp,Black-Litterman sentiment (4% annual view scale),black_litterman,2023-06-23,False,-0.007727356802252729,0.0,0.0,-0.007727356802252729,0.04,False,0.9308983555855908,0.9108312152165269,-0.2151473680288002
black_litterman_400bp,Black-Litterman sentiment (4% annual view scale),black_litterman,2023-06-26,False,0.007777229969643706,0.0,0.0,0.007777229969643706,0.04,False,0.9381381661753431,0.9179149590407958,-0.20904338861768013
black_litterman_400bp,Black-Litterman sentiment (4% annual view scale),black_litterman,2023-06-27,False,-0.0011608584517982057,0.0,0.0,-0.0011608584517982057,0.04,False,0.937049120556184,0.9168493897025612,-0.20996157728500897
black_litterman_400bp,Black-Litterman sentiment (4% annual view scale),black_litterman,2023-06-28,False,0.0015533341304358776,0.0,0.0,0.0015533341304358776,0.04,False,0.9385046709370388,0.9182735631520555,-0.20873438363865005
black_litterman_400bp,Black-Litterman sentiment (4% annual view scale),black_litterman,2023-06-29,False,0.006061488540699125,0.0,0.0,0.006061488540699125,0.04,False,0.9441934062453162,0.9238396678323286,-0.2039381361724265
black_litterman_400bp,Black-Litterman sentiment (4% annual view scale),black_litterman,2023-06-30,False,0.0078922867007078,0.0,0.0,0.0078922867007078,0.04,False,0.9516452513083222,0.9311308753563481,-0.1976553877115994
black_litterman_400bp,Black-Litterman sentiment (4% annual view scale),black_litterman,2023-07-03,True,0.007111656739711715,0.6685904082932597,0.0006685904082932597,0.006443066331418455,0.04,False,0.9584130256736038,0.9371302133495009,-0.19248582815396897
black_litterman_400bp,Black-Litterman sentiment (4% annual view scale),black_litterman,2023-07-05,False,0.005021314163693805,0.0,0.0,0.005021314163693805,0.04,False,0.9632255185740873,0.9418358385630182,-0.18843104580549497
black_litterman_400bp,Black-Litterman sentiment (4% annual view scale),black_litterman,2023-07-06,False,-0.011558898219604449,0.0,0.0,-0.011558898219604449,0.04,False,0.9520916928423637,0.9309492539654926,-0.19781188874522004
black_litterman_400bp,Black-Litterman sentiment (4% annual view scale),black_litterman,2023-07-07,False,-0.006973927610438726,0.0,0.0,-0.006973927610438726,0.04,False,0.945451874297981,0.9244568812593453,-0.20340629056306536
black_litterman_400bp,Black-Litterman sentiment (4% annual view scale),black_litterman,2023-07-10,False,-0.000718233387910843,0.0,0.0,-0.000718233387910843,0.04,False,0.9447728191951973,0.9237929054615409,-0.20397843076178268
black_litterman_400bp,Black-Litterman sentiment (4% annual view scale),black_litterman,2023-07-11,False,0.010436029007208237,0.0,0.0,0.010436029007208237,0.04,False,0.9546324957415403,0.9334336350195908,-0.1956711265748492
black_litterman_400bp,Black-Litterman sentiment (4% annual view scale),black_litterman,2023-07-12,False,0.010062641015637006,0.0,0.0,0.010062641015637006,0.04,False,0.964238619848049,0.942826442600714,-0.18757745386306024
black_litterman_400bp,Black-Litterman sentiment (4% annual view scale),black_litterman,2023-07-13,False,0.00195999544531761,0.0,0.0,0.00195999544531761,0.04,False,0.9661285231511505,0.9446743781339364,-0.18598510937295853
black_litterman_400bp,Black-Litterman sentiment (4% annual view scale),black_litterman,2023-07-14,False,-0.003456753573474954,0.0,0.0,-0.003456753573474954,0.04,False,0.9627888549263116,0.9414088716015516,-0.18879895825499537
black_litterman_400bp,Black-Litterman sentiment (4% annual view scale),black_litterman,2023-07-17,False,-0.014770671184828495,0.0,0.0,-0.014770671184828495,0.04,False,0.9485678173297776,0.9275036307086447,-0.20078094210740116
black_litterman_400bp,Black-Litterman sentiment (4% annual view scale),black_litterman,2023-07-18,False,-0.004512141209410704,0.0,0.0,-0.004512141209410704,0.04,False,0.9442877453912831,0.9233186033546462,-0.20438713135386477
black_litterman_400bp,Black-Litterman sentiment (4% annual view scale),black_litterman,2023-07-19,False,0.007121017953831349,0.0,0.0,0.007121017953831349,0.04,False,0.9510120353797973,0.9298935717062411,-0.19872155783193635
black_litterman_400bp,Black-Litterman sentiment (4% annual view scale),black_litterman,2023-07-20,False,0.0006494229830933157,0.0,0.0,0.0006494229830933157,0.04,False,0.9516296444527713,0.9304974659635379,-0.19820118919573526
black_litterman_400bp,Black-Litterman sentiment (4% annual view scale),black_litterman,2023-07-21,False,0.011291226716728421,0.0,0.0,0.011291226716728421,0.04,False,0.9623747105186472,0.9410039238110735,-0.18914789704174106
black_litterman_400bp,Black-Litterman sentiment (4% annual view scale),black_litterman,2023-07-24,False,0.005549647084149609,0.0,0.0,0.005549647084149609,0.04,False,0.9677155505247363,0.9462261634930249,-0.18464795403288214
black_litterman_400bp,Black-Litterman sentiment (4% annual view scale),black_litterman,2023-07-25,False,-0.0006416115071699515,0.0,0.0,-0.0006416115071699515,0.04,False,0.9670946530918524,0.9456190538981426,-0.1851710932879692
black_litterman_400bp,Black-Litterman sentiment (4% annual view scale),black_litterman,2023-07-26,False,0.006967942404236125,0.0,0.0,0.006967942404236125,0.04,False,0.9738333129340412,0.9522080730020531,-0.17949341239669303
black_litterman_400bp,Black-Litterman sentiment (4% annual view scale),black_litterman,2023-07-27,False,-0.010629972412773582,0.0,0.0,-0.010629972412773582,0.04,False,0.9634814916829124,0.942086127454821,-0.18821537478741512
black_litterman_400bp,Black-Litterman sentiment (4% annual view scale),black_litterman,2023-07-28,False,-0.0017742101688428998,0.0,0.0,-0.0017742101688428998,0.04,False,0.9617720730228766,0.9404146686675648,-0.18965565132437767
black_litterman_400bp,Black-Litterman sentiment (4% annual view scale),black_litterman,2023-07-31,False,0.0026222938814127734,0.0,0.0,0.0026222938814127734,0.04,False,0.9642941220452781,0.9428807122992026,-0.1875306902970082
black_litterman_400bp,Black-Litterman sentiment (4% annual view scale),black_litterman,2023-08-01,True,-0.008454927323305602,0.5372203312230485,0.0005372203312230485,-0.00899214765452865,0.04,False,0.9561410853250946,0.934402189713601,-0.19483653429463044
black_litterman_400bp,Black-Litterman sentiment (4% annual view scale),black_litterman,2023-08-02,False,-0.013175768353825239,0.0,0.0,-0.013175768353825239,0.04,False,0.943543191871276,0.9220907229126275,-0.20544518160572756
black_litterman_400bp,Black-Litterman sentiment (4% annual view scale),black_litterman,2023-08-03,False,-0.009115429822208001,0.0,0.0,-0.009115429822208001,0.04,False,0.9349423901215512,0.9136854696382084,-0.21268789029269775
black_litterman_400bp,Black-Litterman sentiment (4% annual view scale),black_litterman,2023-08-04,False,-0.0018038343306390051,0.0,0.0,-0.0018038343306390051,0.04,False,0.9332559089410802,0.912037332420669,-0.21410807090511563
black_litterman_400bp,Black-Litterman sentiment (4% annual view scale),black_litterman,2023-08-07,False,0.0025965313427841015,0.0,0.0,0.0025965313427841015,0.04,False,0.9356791371594841,0.9144054659400884,-0.21206747787917968
black_litterman_400bp,Black-Litterman sentiment (4% annual view scale),black_litterman,2023-08-08,False,0.002382604985131754,0.0,0.0,0.002382604985131754,0.04,False,0.937908490936164,0.916584132961669,-0.2101901459240273
black_litterman_400bp,Black-Litterman sentiment (4% annual view scale),black_litterman,2023-08-09,False,0.000734806598432892,0.0,0.0,0.000734806598432892,0.04,False,0.9385976722840302,0.9172576450305882,-0.20960978843174483
black_litterman_400bp,Black-Litterman sentiment (4% annual view scale),black_litterman,2023-08-10,False,0.000343025272889388,0.0,0.0,0.000343025272889388,0.04,False,0.9389196350066987,0.9175722875845845,-0.20933866461373263
black_litterman_400bp,Black-Litterman sentiment (4% annual view scale),black_litterman,2023-08-11,False,0.008860681758081522,0.0,0.0,0.008860681758081522,0.04,False,0.947239103088907,0.9257026036149063,-0.20233286614245527
black_litterman_400bp,Black-Litterman sentiment (4% annual view scale),black_litterman,2023-08-14,False,-0.0006886748663673128,0.0,0.0,-0.0006886748663673128,0.04,False,0.9465867633261693,0.9250650954980659,-0.20288219944927022
black_litterman_400bp,Black-Litterman sentiment (4% annual view scale),black_litterman,2023-08-15,False,-0.016764651816732454,0.0,0.0,-0.016764651816732454,0.04,False,0.9307175658246784,0.9095567012642285,-0.2162456018324228
black_litterman_400bp,Black-Litterman sentiment (4% annual view scale),black_litterman,2023-08-16,False,-0.006548726508756637,0.0,0.0,-0.006548726508756637,0.04,False,0.9246225510291969,0.9036002631834422,-0.22137819503605738
black_litterman_400bp,Black-Litterman sentiment (4% annual view scale),black_litterman,2023-08-17,False,0.001638709070601522,0.0,0.0,0.001638709070601522,0.04,False,0.9261377383904512,0.9050810011309189,-0.22010226042169478
black_litterman_400bp,Black-Litterman sentiment (4% annual view scale),black_litterman,2023-08-18,False,0.004909694532789999,0.0,0.0,0.004909694532789999,0.04,False,0.9306847917812373,0.9095246723739036,-0.21627320075355183
black_litterman_400bp,Black-Litterman sentiment (4% annual view scale),black_litterman,2023-08-21,False,-0.001228641431778024,0.0,0.0,-0.001228641431778024,0.04,False,0.9295413138861292,0.9084071926782006,-0.2172361199703008
black_litterman_400bp,Black-Litterman sentiment (4% annual view scale),black_litterman,2023-08-22,False,-0.005756513156144645,0.0,0.0,-0.005756513156144645,0.04,False,0.9241903970835637,0.903177934722412,-0.22174211054384674
black_litterman_400bp,Black-Litterman sentiment (4% annual view scale),black_litterman,2023-08-23,False,0.007546448642595101,0.0,0.0,0.007546448642595101,0.04,False,0.9311647524511344,0.9099937206219199,-0.2158690273503714
black_litterman_400bp,Black-Litterman sentiment (4% annual view scale),black_litterman,2023-08-24,False,-0.012774822249447745,0.0,0.0,-0.012774822249447745,0.04,False,0.9192692882536202,0.8983687125928612,-0.22588616114625693
black_litterman_400bp,Black-Litterman sentiment (4% annual view scale),black_litterman,2023-08-25,False,0.008268677026653959,0.0,0.0,0.008268677026653959,0.04,False,0.9268704290987115,0.9057970333281425,-0.21948526383091205
black_litterman_400bp,Black-Litterman sentiment (4% annual view scale),black_litterman,2023-08-28,False,0.004374512479872122,0.0,0.0,0.004374512479872122,0.04,False,0.9309250353580284,0.9097594537546677,-0.2160708923768162
black_litterman_400bp,Black-Litterman sentiment (4% annual view scale),black_litterman,2023-08-29,False,0.007139153641687273,0.0,0.0,0.007139153641687273,0.04,False,0.9375710522143427,0.9162543662719999,-0.21047430203330342
black_litterman_400bp,Black-Litterman sentiment (4% annual view scale),black_litterman,2023-08-30,False,0.0022125209361572003,0.0,0.0,0.0022125209361572003,0.04,False,0.9396454477965018,0.9182815982402222,-0.208727459896918
black_litterman_400bp,Black-Litterman sentiment (4% annual view scale),black_litterman,2023-08-31,False,-0.002097485575840054,0.0,0.0,-0.002097485575840054,0.04,False,0.9376745550233448,0.9163555158333538,-0.21038714263634262
black_litterman_400bp,Black-Litterman sentiment (4% annual view scale),black_litterman,2023-09-01,True,-0.002510171658126958,0.9597821421792986,0.0009597821421792986,-0.0034699538003062566,0.04,False,0.9353208309307784,0.9131758045287564,-0.21312706277152227
black_litterman_400bp,Black-Litterman sentiment (4% annual view scale),black_litterman,2023-09-05,False,-0.010167539752492783,0.0,0.0,-0.010167539752492783,0.04,False,0.9258109192009553,0.9038910532351957,-0.22112762464095348
black_litterman_400bp,Black-Litterman sentiment (4% annual view scale),black_litterman,2023-09-06,False,-0.0035225950549776365,0.0,0.0,-0.0035225950549776365,0.04,False,0.9225496622351337,0.9007070110808308,-0.22387127661885198
black_litterman_400bp,Black-Litterman sentiment (4% annual view scale),black_litterman,2023-09-07,False,0.001194808342211755,0.0,0.0,0.001194808342211755,0.04,False,0.9236519322676768,0.9017831833315588,-0.22294395154552604
black_litterman_400bp,Black-Litterman sentiment (4% annual view scale),black_litterman,2023-09-08,False,4.276205284571891e-06,0.0,0.0,4.276205284571891e-06,0.04,False,0.9236558819929507,0.9017870395415729,-0.22294062869434517
black_litterman_400bp,Black-Litterman sentiment (4% annual view scale),black_litterman,2023-09-11,False,0.0022105404673149046,0.0,0.0,0.0022105404673149046,0.04,False,0.9256976606979695,0.9037804762853797,-0.22122290750856777
black_litterman_400bp,Black-Litterman sentiment (4% annual view scale),black_litterman,2023-09-12,False,-0.0013000453644593107,0.0,0.0,-0.0013000453644593107,0.04,False,0.9244942117452883,0.9026055206666961,-0.22223535305760833
black_litterman_400bp,Black-Litterman sentiment (4% annual view scale),black_litterman,2023-09-13,False,-0.0005034223080574826,0.0,0.0,-0.0005034223080574826,0.04,False,0.9240288007354258,0.9021511289122167,-0.22262689713129746
black_litterman_400bp,Black-Litterman sentiment (4% annual view scale),black_litterman,2023-09-14,False,0.012830247398923127,0.0,0.0,0.012830247398923127,0.04,False,0.9358843188525915,0.9137259510873782,-0.21265300790022357
black_litterman_400bp,Black-Litterman sentiment (4% annual view scale),black_litterman,2023-09-15,False,-0.0031276387235859696,0.0,0.0,-0.0031276387235859696,0.04,False,0.9329572108161512,0.9108681464200119,-0.21511554484161377
black_litterman_400bp,Black-Litterman sentiment (4% annual view scale),black_litterman,2023-09-18,False,-0.0037275831168653403,0.0,0.0,-0.0037275831168653403,0.04,False,0.9294795352683551,0.9074728096957262,-0.2180412668853523
black_litterman_400bp,Black-Litterman sentiment (4% annual view scale),black_litterman,2023-09-19,False,-0.008589922782165828,0.0,0.0,-0.008589922782165828,0.04,False,0.9214953778327966,0.8996776883335248,-0.22475823202164735
black_litterman_400bp,Black-Litterman sentiment (4% annual view scale),black_litterman,2023-09-20,False,0.0014791422253179185,0.0,0.0,0.0014791422253179185,0.04,False,0.9228584005565844,0.9010084395915153,-0.2236115391878004
black_litterman_400bp,Black-Litterman sentiment (4% annual view scale),black_litterman,2023-09-21,False,-0.022751817225460685,0.0,0.0,-0.022751817225460685,0.04,False,0.90186169490214,0.8805088602553316,-0.24127578754415635
black_litterman_400bp,Black-Litterman sentiment (4% annual view scale),black_litterman,2023-09-22,False,-0.003566421994795831,0.0,0.0,-0.003566421994795831,0.04,False,0.8986452755171771,0.8773685940895044,-0.24398171826344306
black_litterman_400bp,Black-Litterman sentiment (4% annual view scale),black_litterman,2023-09-25,False,-0.0019962062869232364,0.0,0.0,-0.0019962062869232364,0.04,False,0.8968513941684759,0.875617185386034,-0.24549088671047448
black_litterman_400bp,Black-Litterman sentiment (4% annual view scale),black_litterman,2023-09-26,False,-0.010657341809101007,0.0,0.0,-0.010657341809101007,0.04,False,0.8872933423088537,0.8662854337474519,-0.2535319482288827
black_litterman_400bp,Black-Litterman sentiment (4% annual view scale),black_litterman,2023-09-27,False,-0.010866371621042115,0.0,0.0,-0.010866371621042115,0.04,False,0.8776516831144492,0.8568720542944565,-0.26164334748266294
black_litterman_400bp,Black-Litterman sentiment (4% annual view scale),black_litterman,2023-09-28,False,0.004734408895124142,0.0,0.0,0.004734408895124142,0.04,False,0.881806845049807,0.8609288369702915,-0.25814766517921073
black_litterman_400bp,Black-Litterman sentiment (4% annual view scale),black_litterman,2023-09-29,False,0.006725696809123575,0.0,0.0,0.006725696809123575,0.04,False,0.8877376105338218,0.8667191833019852,-0.2531581912980656
black_litterman_400bp,Black-Litterman sentiment (4% annual view scale),black_litterman,2023-10-02,True,-0.03254261309582136,0.9444936217661247,0.0009444936217661247,-0.033487106717587485,0.04,False,0.8588483089436106,0.8376952655165714,-0.2781677626472233
black_litterman_400bp,Black-Litterman sentiment (4% annual view scale),black_litterman,2023-10-03,False,0.0007517814685095346,0.0,0.0,0.0007517814685095346,0.04,False,0.8594939751865353,0.838325029293445,-0.2776251025478086
black_litterman_400bp,Black-Litterman sentiment (4% annual view scale),black_litterman,2023-10-04,False,-0.005691750149778027,0.0,0.0,-0.005691750149778027,0.04,False,0.8546019502245339,0.8335534926824013,-0.2817366799785781
black_litterman_400bp,Black-Litterman sentiment (4% annual view scale),black_litterman,2023-10-05,False,-0.005995427486817419,0.0,0.0,-0.005995427486817419,0.04,False,0.84947824620187,0.8285559831606405,-0.2860429756302073
black_litterman_400bp,Black-Litterman sentiment (4% annual view scale),black_litterman,2023-10-06,False,0.009618898887100618,0.0,0.0,0.009618898887100618,0.04,False,0.8576492915588774,0.836525779384965,-0.27917549520305895
black_litterman_400bp,Black-Litterman sentiment (4% annual view scale),black_litterman,2023-10-09,False,0.015864060032362896,0.0,0.0,0.015864060032362896,0.04,False,0.871255091406881,0.8497964745677473,-0.267740291986162
black_litterman_400bp,Black-Litterman sentiment (4% annual view scale),black_litterman,2023-10-10,False,0.010612041859520879,0.0,0.0,0.010612041859520879,0.04,False,0.8805008869072114,0.8588145503279334,-0.2599695213126787
black_litterman_400bp,Black-Litterman sentiment (4% annual view scale),black_litterman,2023-10-11,False,0.006236348971122979,0.0,0.0,0.006236348971122979,0.04,False,0.885991997707348,0.8641704175652565,-0.2553544329983174
black_litterman_400bp,Black-Litterman sentiment (4% annual view scale),black_litterman,2023-10-12,False,-0.01576534339286857,0.0,0.0,-0.01576534339286857,0.04,False,0.872024029620158,0.8505464741823815,-0.2670940260680763
black_litterman_400bp,Black-Litterman sentiment (4% annual view scale),black_litterman,2023-10-13,False,0.010907094893123071,0.0,0.0,0.010907094893123071,0.04,False,0.8815352784603087,0.8598234652873,-0.25910015106266393
black_litterman_400bp,Black-Litterman sentiment (4% annual view scale),black_litterman,2023-10-16,False,0.008485244747524066,0.0,0.0,0.008485244747524066,0.04,False,0.8890153210516212,0.867119277829927,-0.252813434511027
black_litterman_400bp,Black-Litterman sentiment (4% annual view scale),black_litterman,2023-10-17,False,-0.0010375204937024618,0.0,0.0,-0.0010375204937024618,0.04,False,0.8880929494368147,0.866219623808694,-0.2535886558853411
black_litterman_400bp,Black-Litterman sentiment (4% annual view scale),black_litterman,2023-10-18,False,-0.012458575493100995,0.0,0.0,-0.012458575493100995,0.04,False,0.8770285763813654,0.8554277612318678,-0.26288787796490054
black_litterman_400bp,Black-Litterman sentiment (4% annual view scale),black_litterman,2023-10-19,False,-0.003520969728785944,0.0,0.0,-0.003520969728785944,0.04,False,0.8739405853126465,0.8524158259794073,-0.2654832274333072
black_litterman_400bp,Black-Litterman sentiment (4% annual view scale),black_litterman,2023-10-20,False,-0.0077082253455459555,0.0,0.0,-0.0077082253455459555,0.04,False,0.8672040543424383,0.8458452127046484,-0.27114504823633434
black_litterman_400bp,Black-Litterman sentiment (4% annual view scale),black_litterman,2023-10-23,False,-0.007299856034317085,0.0,0.0,-0.007299856034317085,0.04,False,0.8608735895933625,0.8396706644245882,-0.2764655844541083
black_litterman_400bp,Black-Litterman sentiment (4% annual view scale),black_litterman,2023-10-24,False,0.017704942481402752,0.0,0.0,0.017704942481402752,0.04,False,0.8761153069808718,0.8545369852415469,-0.2636554492435528
black_litterman_400bp,Black-Litterman sentiment (4% annual view scale),black_litterman,2023-10-25,False,-0.0037881250908571337,0.0,0.0,-0.0037881250908571337,0.04,False,0.8727964726040136,0.851299892246688,-0.26644481451178914
black_litterman_400bp,Black-Litterman sentiment (4% annual view scale),black_litterman,2023-10-26,False,0.00013597772342790505,0.0,0.0,0.00013597772342790505,0.04,False,0.8729151534813743,0.8514156500679902,-0.2663450673476576
black_litterman_400bp,Black-Litterman sentiment (4% annual view scale),black_litterman,2023-10-27,False,-0.013037534107145105,0.0,0.0,-0.013037534107145105,0.04,False,0.8615344923952171,0.8403152894908716,-0.2759101185549878
black_litterman_400bp,Black-Litterman sentiment (4% annual view scale),black_litterman,2023-10-30,False,0.009135009648113016,0.0,0.0,0.009135009648113016,0.04,False,0.8694046182954296,0.8479915777678277,-0.2692955505018866
black_litterman_400bp,Black-Litterman sentiment (4% annual view scale),black_litterman,2023-10-31,False,0.009670420010738966,0.0,0.0,0.009670420010738966,0.04,False,0.8778121261136226,0.8561920124904118,-0.26222933157152406
black_litterman_400bp,Black-Litterman sentiment (4% annual view scale),black_litterman,2023-11-01,True,2.193224311410535e-05,0.6591079203981784,0.0006591079203981785,-0.0006371756772840731,0.04,False,0.877831378502581,0.855646467764968,-0.2626994210968603
black_litterman_400bp,Black-Litterman sentiment (4% annual view scale),black_litterman,2023-11-02,False,0.025434239356470198,0.0,0.0,0.025434239356470198,0.04,False,0.9001583518980357,0.8774091848306205,-0.24394674169537378
black_litterman_400bp,Black-Litterman sentiment (4% annual view scale),black_litterman,2023-11-03,False,0.00409944899116292,0.0,0.0,0.00409944899116292,0.04,False,0.9038485051456111,0.8810060790282115,-0.2408473399283514
black_litterman_400bp,Black-Litterman sentiment (4% annual view scale),black_litterman,2023-11-06,False,-0.010665646227446281,0.0,0.0,-0.010665646227446281,0.04,False,0.8942083767465219,0.871609579865067,-0.24894419363330034
black_litterman_400bp,Black-Litterman sentiment (4% annual view scale),black_litterman,2023-11-07,False,-0.003521752403360282,0.0,0.0,-0.003521752403360282,0.04,False,0.8910591962466099,0.8685399867323854,-0.2515892262244299
black_litterman_400bp,Black-Litterman sentiment (4% annual view scale),black_litterman,2023-11-08,False,0.0017995819779575038,0.0,0.0,0.0017995819779575038,0.04,False,0.8926627303174686,0.8701029956396444,-0.2502423996838342
black_litterman_400bp,Black-Litterman sentiment (4% annual view scale),black_litterman,2023-11-09,False,0.0022402189360954195,0.0,0.0,0.0022402189360954195,0.04,False,0.8946624902694724,0.8720522168468298,-0.24856277851012443
black_litterman_400bp,Black-Litterman sentiment (4% annual view scale),black_litterman,2023-11-10,False,0.006632282591586898,0.0,0.0,0.006632282591586898,0.04,False,0.9005961447290325,0.8778359135835778,-0.24357903450736673
black_litterman_400bp,Black-Litterman sentiment (4% annual view scale),black_litterman,2023-11-13,False,0.0027912987548256453,0.0,0.0,0.0027912987548256453,0.04,False,0.9031099776264155,0.880286215876105,-0.24146763760826295
black_litterman_400bp,Black-Litterman sentiment (4% annual view scale),black_litterman,2023-11-14,False,0.008342554742967426,0.0,0.0,0.008342554742967426,0.04,False,0.910644222053684,0.887630051821531,-0.23513953985069758
black_litterman_400bp,Black-Litterman sentiment (4% annual view scale),black_litterman,2023-11-15,False,0.003943021321688358,0.0,0.0,0.003943021321688358,0.04,False,0.9142349116377141,0.8911299960416347,-0.2321236787482125
black_litterman_400bp,Black-Litterman sentiment (4% annual view scale),black_litterman,2023-11-16,False,-0.0035535578979710627,0.0,0.0,-0.0035535578979710627,0.04,False,0.910986124946863,0.887963314006082,-0.23485237171426177
black_litterman_400bp,Black-Litterman sentiment (4% annual view scale),black_litterman,2023-11-17,False,0.0050540009035509315,0.0,0.0,0.0050540009035509315,0.04,False,0.9155902496454669,0.8924510813973887,-0.23098531490955587
black_litterman_400bp,Black-Litterman sentiment (4% annual view scale),black_litterman,2023-11-20,False,0.007608634425004479,0.0,0.0,0.007608634425004479,0.04,False,0.9225566411381178,0.8992414154179412,-0.22513416330324276
black_litterman_400bp,Black-Litterman sentiment (4% annual view scale),black_litterman,2023-11-21,False,-0.0010700688680624127,0.0,0.0,-0.0010700688680624127,0.04,False,0.9215694419974116,0.8982791651744302,-0.22596332311201706
black_litterman_400bp,Black-Litterman sentiment (4% annual view scale),black_litterman,2023-11-22,False,7.13160656768215e-05,0.0,0.0,7.13160656768215e-05,0.04,False,0.921635164704263,0.8983432269103699,-0.22590812186153186
black_litterman_400bp,Black-Litterman sentiment (4% annual view scale),black_litterman,2023-11-24,False,0.0031349837147488764,0.0,0.0,0.0031349837147488764,0.04,False,0.9245244759365508,0.901159518296989,-0.22348135642984823
black_litterman_400bp,Black-Litterman sentiment (4% annual view scale),black_litterman,2023-11-27,False,-0.003241574021805918,0.0,0.0,-0.003241574021805918,0.04,False,0.9215275614128312,0.8982383430129743,-0.2259984990922933
black_litterman_400bp,Black-Litterman sentiment (4% annual view scale),black_litterman,2023-11-28,False,-0.002617419908384366,0.0,0.0,-0.002617419908384366,0.04,False,0.9191155368274644,0.895887276091498,-0.2280243860298885
black_litterman_400bp,Black-Litterman sentiment (4% annual view scale),black_litterman,2023-11-29,False,0.0003336864758487375,0.0,0.0,0.0003336864758487375,0.04,False,0.9194222332518461,0.8961862215594147,-0.2277667882078216
black_litterman_400bp,Black-Litterman sentiment (4% annual view scale),black_litterman,2023-11-30,False,0.00571538567829768,0.0,0.0,0.00571538567829768,0.04,False,0.9246770859160822,0.9013082714552031,-0.22335317756883877
black_litterman_400bp,Black-Litterman sentiment (4% annual view scale),black_litterman,2023-12-01,True,0.013747115942256005,0.5880792665215684,0.0005880792665215684,0.013159036675734436,0.04,False,0.937388729025318,0.9131686200554249,-0.21313325354837453
black_litterman_400bp,Black-Litterman sentiment (4% annual view scale),black_litterman,2023-12-04,False,-0.0010075084555698683,0.0,0.0,-0.0010075084555698683,0.04,False,0.9364443019546691,0.912248594949358,-0.21392602844883135
black_litterman_400bp,Black-Litterman sentiment (4% annual view scale),black_litterman,2023-12-05,False,-0.0032185790503148986,0.0,0.0,-0.0032185790503148986,0.04,False,0.9334302819426111,0.9093124507329747,-0.21645606966566378
black_litterman_400bp,Black-Litterman sentiment (4% annual view scale),black_litterman,2023-12-06,False,0.0013562470536840833,0.0,0.0,0.0013562470536840833,0.04,False,0.9346962440123153,0.9105457030651596,-0.21539339051871575
black_litterman_400bp,Black-Litterman sentiment (4% annual view scale),black_litterman,2023-12-07,False,0.0038584286412603865,0.0,0.0,0.0038584286412603865,0.04,False,0.938302702771091,0.9140589786850428,-0.21236604190457098
black_litterman_400bp,Black-Litterman sentiment (4% annual view scale),black_litterman,2023-12-08,False,0.008536639418850914,0.0,0.0,0.008536639418850914,0.04,False,0.9463126546103809,0.9218619705936402,-0.20564229481026797
black_litterman_400bp,Black-Litterman sentiment (4% annual view scale),black_litterman,2023-12-11,False,0.0011639267889603615,0.0,0.0,0.0011639267889603615,0.04,False,0.9474140932598141,0.9229349504369379,-0.20471772059718052
black_litterman_400bp,Black-Litterman sentiment (4% annual view scale),black_litterman,2023-12-12,False,0.004461760433038898,0.0,0.0,0.004461760433038898,0.04,False,0.9516412279748241,0.927052865081066,-0.2011693615898441
black_litterman_400bp,Black-Litterman sentiment (4% annual view scale),black_litterman,2023-12-13,False,0.02578046113966479,0.0,0.0,0.02578046113966479,0.04,False,0.9761749776715319,0.9509527154437033,-0.1805751393591375
black_litterman_400bp,Black-Litterman sentiment (4% annual view scale),black_litterman,2023-12-14,False,0.026009682845444592,0.0,0.0,0.026009682845444592,0.04,False,1.0015649792424275,0.9756866939734083,-0.15926215861819604
black_litterman_400bp,Black-Litterman sentiment (4% annual view scale),black_litterman,2023-12-15,False,-0.008590249693081926,0.0,0.0,-0.008590249693081926,0.04,False,0.9929612859868886,0.9673053016499591,-0.16648430660208857
black_litterman_400bp,Black-Litterman sentiment (4% annual view scale),black_litterman,2023-12-18,False,-0.008220530902842296,0.0,0.0,-0.008220530902842296,0.04,False,0.9847986170501074,0.9593535385252625,-0.17333624811767
black_litterman_400bp,Black-Litterman sentiment (4% annual view scale),black_litterman,2023-12-19,False,0.006853611860761462,0.0,0.0,0.006853611860761462,0.04,False,0.9915480445323834,0.9659285753155626,-0.16767061562290775
black_litterman_400bp,Black-Litterman sentiment (4% annual view scale),black_litterman,2023-12-20,False,-0.016142357504683187,0.0,0.0,-0.016142357504683187,0.04,False,0.9755421215144722,0.9503362109288296,-0.18110637410717556
black_litterman_400bp,Black-Litterman sentiment (4% annual view scale),black_litterman,2023-12-21,False,0.006716583203252381,0.0,0.0,0.006716583203252381,0.04,False,0.9820944313419014,0.9567192231605965,-0.17560620693425355
black_litterman_400bp,Black-Litterman sentiment (4% annual view scale),black_litterman,2023-12-22,False,0.0017577013463018136,0.0,0.0,0.0017577013463018136,0.04,False,0.9838206600460665,0.9584008498271787,-0.1741571688542991
black_litterman_400bp,Black-Litterman sentiment (4% annual view scale),black_litterman,2023-12-26,False,0.0050178053472317435,0.0,0.0,0.0050178053472317435,0.04,False,0.9887572806147628,0.963209918736233,-0.1700132502802032
black_litterman_400bp,Black-Litterman sentiment (4% annual view scale),black_litterman,2023-12-27,False,7.373300917084776e-05,0.0,0.0,7.373300917084776e-05,0.04,False,0.9888301846644021,0.9632809391020046,-0.16995205285957438
black_litterman_400bp,Black-Litterman sentiment (4% annual view scale),black_litterman,2023-12-28,False,0.003955754369584691,0.0,0.0,0.003955754369584691,0.04,False,0.9927417539881656,0.967091441885995,-0.16666858706570875
black_litterman_400bp,Black-Litterman sentiment (4% annual view scale),black_litterman,2023-12-29,False,-0.0019262691101843174,0.0,0.0,-0.0019262691101843174,0.04,False,0.9908294662130679,0.9652285635147664,-0.16827380762499045
direct_coverage_tilt,Direct coverage-aware sentiment tilt,direct,2021-01-04,True,-0.011624363166993647,1.0,0.001,-0.012624363166993648,0.0,False,0.9883756368330063,0.9873756368330063,0.0
direct_coverage_tilt,Direct coverage-aware sentiment tilt,direct,2021-01-05,False,0.008338545798640448,0.0,0.0,0.008338545798640448,0.0,False,0.9966172523469988,0.9956089138012002,0.0
direct_coverage_tilt,Direct coverage-aware sentiment tilt,direct,2021-01-06,False,0.010973592943801768,0.0,0.0,0.010973592943801768,0.0,False,1.007553724395025,1.006534320752475,0.0
direct_coverage_tilt,Direct coverage-aware sentiment tilt,direct,2021-01-07,False,0.008611020239055424,0.0,0.0,0.008611020239055424,0.0,False,1.0162297899077262,1.0152016081597786,0.0
direct_coverage_tilt,Direct coverage-aware sentiment tilt,direct,2021-01-08,False,0.0027990556838679223,0.0,0.0,0.0027990556838679223,0.0,False,1.0190742736772833,1.01804321399137,0.0
direct_coverage_tilt,Direct coverage-aware sentiment tilt,direct,2021-01-11,False,-0.0006110023869691016,0.0,0.0,-0.0006110023869691016,0.0,False,1.0184516168635678,1.0174211871575836,-0.000611002386969095
direct_coverage_tilt,Direct coverage-aware sentiment tilt,direct,2021-01-12,False,0.00024164084325419151,0.0,0.0,0.00024164084325419151,0.0,False,1.0186977163710802,1.017667037671193,-0.0003695091868469724
direct_coverage_tilt,Direct coverage-aware sentiment tilt,direct,2021-01-13,False,-0.00042429638666961343,0.0,0.0,-0.00042429638666961343,0.0,False,1.0182654866109153,1.0172352452242763,-0.0007936487921037516
direct_coverage_tilt,Direct coverage-aware sentiment tilt,direct,2021-01-14,False,0.0018882836721065253,0.0,0.0,0.0018882836721065253,0.0,False,1.0201882607031523,1.0191560739285246,0.0
direct_coverage_tilt,Direct coverage-aware sentiment tilt,direct,2021-01-15,False,-0.009341441623199161,0.0,0.0,-0.009341441623199161,0.0,False,1.0106582316211208,1.0096356869589924,-0.009341441623199165
direct_coverage_tilt,Direct coverage-aware sentiment tilt,direct,2021-01-19,False,0.006603322434361062,0.0,0.0,0.006603322434361062,0.0,False,1.0173319337954563,1.0163026369412202,-0.002799803739877871
direct_coverage_tilt,Direct coverage-aware sentiment tilt,direct,2021-01-20,False,0.009347210274758279,0.0,0.0,0.009347210274758279,0.0,False,1.0268411492998688,1.0258022313915012,0.0
direct_coverage_tilt,Direct coverage-aware sentiment tilt,direct,2021-01-21,False,-0.006483700966433448,0.0,0.0,-0.006483700966433448,0.0,False,1.0201834183477796,1.0191512364724584,-0.006483700966433581
direct_coverage_tilt,Direct coverage-aware sentiment tilt,direct,2021-01-22,False,-0.0029139229675322377,0.0,0.0,-0.0029139229675322377,0.0,False,1.0172106824539604,1.0161815082771124,-0.009378730928805146
direct_coverage_tilt,Direct coverage-aware sentiment tilt,direct,2021-01-25,False,0.0021698013482624517,0.0,0.0,0.0021698013482624517,0.0,False,1.019417827564216,1.0183864202838515,-0.007229279563556901
direct_coverage_tilt,Direct coverage-aware sentiment tilt,direct,2021-01-26,False,-0.003991084772312992,0.0,0.0,-0.003991084772312992,0.0,False,1.0153492445960002,1.0143219537495263,-0.011191511668289023
direct_coverage_tilt,Direct coverage-aware sentiment tilt,direct,2021-01-27,False,-0.026151937098272994,0.0,0.0,-0.026151937098272994,0.0,False,0.9887958950185466,0.9877954698176713,-0.03705076905737836
direct_coverage_tilt,Direct coverage-aware sentiment tilt,direct,2021-01-28,False,0.009768046143700361,0.0,0.0,0.009768046143700361,0.0,False,0.9984544989477893,0.9974443015473885,-0.027644636535489986
direct_coverage_tilt,Direct coverage-aware sentiment tilt,direct,2021-01-29,False,-0.013215014428336105,0.0,0.0,-0.013215014428336105,0.0,False,0.9852599083381571,0.9842630607109781,-0.040494326693143456
direct_coverage_tilt,Direct coverage-aware sentiment tilt,direct,2021-02-01,True,0.007927126045700004,0.09035525161778057,9.035525161778058e-05,0.007836770794082223,0.0,False,0.9930701878193284,0.991976504718852,-0.032974900655815986
direct_coverage_tilt,Direct coverage-aware sentiment tilt,direct,2021-02-02,False,0.01675341735516305,0.0,0.0,0.01675341735516305,0.0,False,1.009707507138836,1.008595501108923,-0.016773925573584814
direct_coverage_tilt,Direct coverage-aware sentiment tilt,direct,2021-02-03,False,-0.002976842642670044,0.0,0.0,-0.002976842642670044,0.0,False,1.006701766774961,1.0055930710120167,-0.019700834879322504
direct_coverage_tilt,Direct coverage-aware sentiment tilt,direct,2021-02-04,False,0.0077222273842370535,0.0,0.0,0.0077222273842370535,0.0,False,1.0144757467261103,1.0133584893623846,-0.012130741821682944
direct_coverage_tilt,Direct coverage-aware sentiment tilt,direct,2021-02-05,False,0.007393038103335484,0.0,0.0,0.007393038103335484,0.0,False,1.0219758045765663,1.0208502872865792,-0.004827386754856833
direct_coverage_tilt,Direct coverage-aware sentiment tilt,direct,2021-02-08,False,0.009809305161898518,0.0,0.0,0.009809305161898518,0.0,False,1.0320006771117347,1.0308641192791852,0.0
direct_coverage_tilt,Direct coverage-aware sentiment tilt,direct,2021-02-09,False,-0.0026807760528500747,0.0,0.0,-0.0026807760528500747,0.0,False,1.0292341144100086,1.028100603434479,-0.00268077605285022
direct_coverage_tilt,Direct coverage-aware sentiment tilt,direct,2021-02-10,False,-0.00013752574895898977,0.0,0.0,-0.00013752574895898977,0.0,False,1.0290925682175702,1.0279592131289865,-0.002817933126074701
direct_coverage_tilt,Direct coverage-aware sentiment tilt,direct,2021-02-11,False,-0.0007394099637173992,0.0,0.0,-0.0007394099637173992,0.0,False,1.0283316469190427,1.027199129844504,-0.003555259481961448
direct_coverage_tilt,Direct coverage-aware sentiment tilt,direct,2021-02-12,False,0.0036498007662937393,0.0,0.0,0.0036498007662937393,0.0,False,1.032084852551972,1.0309482020157468,0.0
direct_coverage_tilt,Direct coverage-aware sentiment tilt,direct,2021-02-16,False,-0.002182585638113674,0.0,0.0,-0.002182585638113674,0.0,False,1.0298322389754773,1.028698069276388,-0.0021825856381136877
direct_coverage_tilt,Direct coverage-aware sentiment tilt,direct,2021-02-17,False,0.001977248281218826,0.0,0.0,0.001977248281218826,0.0,False,1.0318684729999352,1.030732060765758,-0.00020965287059637738
direct_coverage_tilt,Direct coverage-aware sentiment tilt,direct,2021-02-18,False,-0.0045066816405988815,0.0,0.0,-0.0045066816405988815,0.0,False,1.0272181702971537,1.0260868795111282,-0.004715389672452552
direct_coverage_tilt,Direct coverage-aware sentiment tilt,direct,2021-02-19,False,-0.0012531701067301395,0.0,0.0,-0.0012531701067301395,0.0,False,1.0259308911930474,1.0248010181068168,-0.005962650593803631
direct_coverage_tilt,Direct coverage-aware sentiment tilt,direct,2021-02-22,False,-0.0005697402074208973,0.0,0.0,-0.0005697402074208973,0.0,False,1.0253463771142997,1.0242171477621955,-0.006528993639438374
direct_coverage_tilt,Direct coverage-aware sentiment tilt,direct,2021-02-23,False,-0.00036680080344467735,0.0,0.0,-0.00036680080344467735,0.0,False,1.0249702792393651,1.0238414640894946,-0.006893399602770356
direct_coverage_tilt,Direct coverage-aware sentiment tilt,direct,2021-02-24,False,0.010223525369653194,0.0,0.0,0.010223525369653194,0.0,False,1.0354490888923094,1.0343087332721164,0.0
direct_coverage_tilt,Direct coverage-aware sentiment tilt,direct,2021-02-25,False,-0.01693098220897368,0.0,0.0,-0.01693098220897368,0.0,False,1.0179179187899756,1.0167968705105,-0.01693098220897382
direct_coverage_tilt,Direct coverage-aware sentiment tilt,direct,2021-02-26,False,-0.012930623659260124,0.0,0.0,-0.012930623659260124,0.0,False,1.004755605266085,1.0036490528400153,-0.029642677709108
direct_coverage_tilt,Direct coverage-aware sentiment tilt,direct,2021-03-01,True,0.01785629694343065,0.07971694706663435,7.971694706663435e-05,0.017776579996364016,0.0,False,1.0226968197092927,1.0214905005161008,-0.012393043144346305
direct_coverage_tilt,Direct coverage-aware sentiment tilt,direct,2021-03-02,False,-0.0019367522805011665,0.0,0.0,-0.0019367522805011665,0.0,False,1.0207161093114594,1.019512126459716,-0.01430579317027536
direct_coverage_tilt,Direct coverage-aware sentiment tilt,direct,2021-03-03,False,-0.010513767159161514,0.0,0.0,-0.010513767159161514,0.0,False,1.0099845378025534,1.008793213346177,-0.024669152551017315
direct_coverage_tilt,Direct coverage-aware sentiment tilt,direct,2021-03-04,False,-0.008684855052403875,0.0,0.0,-0.008684855052403875,0.0,False,1.001212968486569,1.0000319905104167,-0.033139759589250084
direct_coverage_tilt,Direct coverage-aware sentiment tilt,direct,2021-03-05,False,0.01663441583643226,0.0,0.0,0.01663441583643226,0.0,False,1.0178675613452033,1.016666938490302,-0.017056604294544808
direct_coverage_tilt,Direct coverage-aware sentiment tilt,direct,2021-03-08,False,0.0007413208104425891,0.0,0.0,0.0007413208104425891,0.0,False,1.0186221277507028,1.0174206148490939,-0.016327927899821182
direct_coverage_tilt,Direct coverage-aware sentiment tilt,direct,2021-03-09,False,0.007633155377094327,0.0,0.0,0.007633155377094327,0.0,False,1.0263974287223703,1.0251867444860958,-0.008819406133372176
direct_coverage_tilt,Direct coverage-aware sentiment tilt,direct,2021-03-10,False,0.00871936145319889,0.0,0.0,0.00871936145319889,0.0,False,1.0353469588980346,1.0341257182682984,-0.00017694427005277014
direct_coverage_tilt,Direct coverage-aware sentiment tilt,direct,2021-03-11,False,0.004758378875641758,0.0,0.0,0.004758378875641758,0.0,False,1.040273531996215,1.039046480240864,0.0
direct_coverage_tilt,Direct coverage-aware sentiment tilt,direct,2021-03-12,False,0.006359981134352024,0.0,0.0,0.006359981134352024,0.0,False,1.0468896520342768,1.0456547962529108,0.0
direct_coverage_tilt,Direct coverage-aware sentiment tilt,direct,2021-03-15,False,0.0074725952348358325,0.0,0.0,0.0074725952348358325,0.0,False,1.054712634659467,1.0534685513006734,0.0
direct_coverage_tilt,Direct coverage-aware sentiment tilt,direct,2021-03-16,False,0.002341427992497486,0.0,0.0,0.002341427992497486,0.0,False,1.0571821683462996,1.0559351720559047,0.0
direct_coverage_tilt,Direct coverage-aware sentiment tilt,direct,2021-03-17,False,0.0002840787422169643,0.0,0.0,0.0002840787422169643,0.0,False,1.0574824913269776,1.056235140791445,0.0
direct_coverage_tilt,Direct coverage-aware sentiment tilt,direct,2021-03-18,False,-0.01180558404728585,0.0,0.0,-0.01180558404728585,0.0,False,1.0449982928970838,1.0437656680631349,-0.011805584047285711
direct_coverage_tilt,Direct coverage-aware sentiment tilt,direct,2021-03-19,False,-0.004520181079982909,0.0,0.0,-0.004520181079982909,0.0,False,1.040274711384916,1.0390476582384203,-0.016272401749619858
direct_coverage_tilt,Direct coverage-aware sentiment tilt,direct,2021-03-22,False,0.006875970762772278,0.0,0.0,0.006875970762772278,0.0,False,1.04742760988565,1.0461921195575947,-0.009508319545518007
direct_coverage_tilt,Direct coverage-aware sentiment tilt,direct,2021-03-23,False,-0.0056020428608631375,0.0,0.0,-0.0056020428608631375,0.0,False,1.0415598755214193,1.0403313064631359,-0.015057096392752323
direct_coverage_tilt,Direct coverage-aware sentiment tilt,direct,2021-03-24,False,-0.00534266450183697,0.0,0.0,-0.00534266450183697,0.0,False,1.0359951705479333,1.0347731653219456,-0.02031931588019098
direct_coverage_tilt,Direct coverage-aware sentiment tilt,direct,2021-03-25,False,0.005932516994882765,0.0,0.0,0.005932516994882765,0.0,False,1.0421412295038255,1.0409119747110667,-0.014507343572091824
direct_coverage_tilt,Direct coverage-aware sentiment tilt,direct,2021-03-26,False,0.01928661336190479,0.0,0.0,0.01928661336190479,0.0,False,1.0622406044657657,1.0609876415110957,0.0
direct_coverage_tilt,Direct coverage-aware sentiment tilt,direct,2021-03-29,False,0.003507503609219613,0.0,0.0,0.003507503609219613,0.0,False,1.065966417219789,1.0647090594930333,0.0
direct_coverage_tilt,Direct coverage-aware sentiment tilt,direct,2021-03-30,False,-0.004814727387319187,0.0,0.0,-0.004814727387319187,0.0,False,1.0608340795168383,1.0595827756247653,-0.00481472738731914
direct_coverage_tilt,Direct coverage-aware sentiment tilt,direct,2021-03-31,False,-0.0005002507298955783,0.0,0.0,-0.0005002507298955783,0.0,False,1.0603033964942619,1.0590527185678742,-0.0053125695463250855
direct_coverage_tilt,Direct coverage-aware sentiment tilt,direct,2021-04-01,True,0.010589250333976393,0.09479320217435888,9.479320217435888e-05,0.010494457131802035,0.0,False,1.0715312145897051,1.0701669019232032,0.0
direct_coverage_tilt,Direct coverage-aware sentiment tilt,direct,2021-04-05,False,0.007420919610675867,0.0,0.0,0.007420919610675867,0.0,False,1.079482961593505,1.0781085244723814,0.0
direct_coverage_tilt,Direct coverage-aware sentiment tilt,direct,2021-04-06,False,0.0009155070213065412,0.0,0.0,0.0009155070213065412,0.0,False,1.0804712358242248,1.0790955403962663,0.0
direct_coverage_tilt,Direct coverage-aware sentiment tilt,direct,2021-04-07,False,-0.0012602886348251053,0.0,0.0,-0.0012602886348251053,0.0,False,1.07910953020546,1.0777355685508145,-0.0012602886348249687
direct_coverage_tilt,Direct coverage-aware sentiment tilt,direct,2021-04-08,False,-0.0014574640745302686,0.0,0.0,-0.0014574640745302686,0.0,False,1.0775367668327023,1.0761648076778083,-0.0027159158839464848
direct_coverage_tilt,Direct coverage-aware sentiment tilt,direct,2021-04-09,False,0.0028814594771258174,0.0,0.0,0.0028814594771258174,0.0,False,1.0806416453614438,1.079265732961841,0.0
direct_coverage_tilt,Direct coverage-aware sentiment tilt,direct,2021-04-12,False,-0.00015379550405180027,0.0,0.0,-0.00015379550405180027,0.0,False,1.080475447534896,1.079099746744434,-0.00015379550405192344
direct_coverage_tilt,Direct coverage-aware sentiment tilt,direct,2021-04-13,False,0.0020977539622426865,0.0,0.0,0.0020977539622426865,0.0,False,1.0827420191860684,1.0813634325138224,0.0
direct_coverage_tilt,Direct coverage-aware sentiment tilt,direct,2021-04-14,False,0.001151907249629764,0.0,0.0,0.001151907249629764,0.0,False,1.0839892375674476,1.0826090628912195,0.0
direct_coverage_tilt,Direct coverage-aware sentiment tilt,direct,2021-04-15,False,0.010203924875996955,0.0,0.0,0.010203924875996955,0.0,False,1.0950501823139749,1.093655924439035,0.0
direct_coverage_tilt,Direct coverage-aware sentiment tilt,direct,2021-04-16,False,0.0033104086208542946,0.0,0.0,0.0033104086208542946,0.0,False,1.098675245877775,1.0972763724395462,0.0
direct_coverage_tilt,Direct coverage-aware sentiment tilt,direct,2021-04-19,False,-0.003653675922739101,0.0,0.0,-0.003653675922739101,0.0,False,1.094661042585002,1.0932672801769734,-0.0036536759227391302
direct_coverage_tilt,Direct coverage-aware sentiment tilt,direct,2021-04-20,False,-0.005376984190981217,0.0,0.0,-0.005376984190981217,0.0,False,1.0887750674645396,1.0873887992949447,-0.009011014356044789
direct_coverage_tilt,Direct coverage-aware sentiment tilt,direct,2021-04-21,False,0.008595419773896482,0.0,0.0,0.008595419773896482,0.0,False,1.0981335462087496,1.096735362482318,-0.0004930480331272191
direct_coverage_tilt,Direct coverage-aware sentiment tilt,direct,2021-04-22,False,-0.008143881928149499,0.0,0.0,-0.008143881928149499,0.0,False,1.0891904762670854,1.0878036791838357,-0.008632914636309996
direct_coverage_tilt,Direct coverage-aware sentiment tilt,direct,2021-04-23,False,0.0069161716050432295,0.0,0.0,0.0069161716050432295,0.0,False,1.0967235045115273,1.0953271161016684,-0.0017764497503433008
direct_coverage_tilt,Direct coverage-aware sentiment tilt,direct,2021-04-26,False,-0.0011039773499878943,0.0,0.0,-0.0011039773499878943,0.0,False,1.0955127466033472,1.0941178997746646,-0.0028784659400434842
direct_coverage_tilt,Direct coverage-aware sentiment tilt,direct,2021-04-27,False,0.0002693017474033393,0.0,0.0,0.0002693017474033393,0.0,False,1.0958077701003102,1.094412547636939,-0.002609939368547698
direct_coverage_tilt,Direct coverage-aware sentiment tilt,direct,2021-04-28,False,-0.0013547892849909312,0.0,0.0,-0.0013547892849909312,0.0,False,1.0943231814749685,1.092929849244041,-0.003961192735647656
direct_coverage_tilt,Direct coverage-aware sentiment tilt,direct,2021-04-29,False,0.008146871770060623,0.0,0.0,0.008146871770060623,0.0,False,1.1032384921094498,1.1018338085795036,0.0
direct_coverage_tilt,Direct coverage-aware sentiment tilt,direct,2021-04-30,False,-0.005088888515392321,0.0,0.0,-0.005088888515392321,0.0,False,1.0976242344172153,1.0962266991651524,-0.0050888885153923535
direct_coverage_tilt,Direct coverage-aware sentiment tilt,direct,2021-05-03,True,0.007076310815774319,0.13091581920866507,0.00013091581920866507,0.006945394996565654,0.0,False,1.105391364658878,1.1038404265966357,0.0
direct_coverage_tilt,Direct coverage-aware sentiment tilt,direct,2021-05-04,False,-0.003543650085273937,0.0,0.0,-0.003543650085273937,0.0,False,1.1014742444552434,1.0999288023747977,-0.0035436500852739083
direct_coverage_tilt,Direct coverage-aware sentiment tilt,direct,2021-05-05,False,0.0032299358954587273,0.0,0.0,0.0032299358954587273,0.0,False,1.1050319356553329,1.103481501896037,-0.00032515995242654583
direct_coverage_tilt,Direct coverage-aware sentiment tilt,direct,2021-05-06,False,0.007484607935147401,0.0,0.0,0.007484607935147401,0.0,False,1.11330266644953,1.1117406283014166,0.0
direct_coverage_tilt,Direct coverage-aware sentiment tilt,direct,2021-05-07,False,0.007372486604716483,0.0,0.0,0.007372486604716483,0.0,False,1.1215104754449243,1.1199369211914878,0.0
direct_coverage_tilt,Direct coverage-aware sentiment tilt,direct,2021-05-10,False,-0.000747417850217584,0.0,0.0,-0.000747417850217584,0.0,False,1.1206722384963708,1.1190998603454716,-0.000747417850217591
direct_coverage_tilt,Direct coverage-aware sentiment tilt,direct,2021-05-11,False,-0.00830313471020053,0.0,0.0,-0.00830313471020053,0.0,False,1.1113671459341534,1.1098078234508566,-0.009044346649322854
direct_coverage_tilt,Direct coverage-aware sentiment tilt,direct,2021-05-12,False,-0.015298699410106132,0.0,0.0,-0.015298699410106132,0.0,False,1.0943646740342392,1.092829207156898,-0.02420467931868009
direct_coverage_tilt,Direct coverage-aware sentiment tilt,direct,2021-05-13,False,0.010401969429275555,0.0,0.0,0.010401969429275555,0.0,False,1.1057482219180226,1.1041967831611634,-0.01405448622372285
direct_coverage_tilt,Direct coverage-aware sentiment tilt,direct,2021-05-14,False,0.009796612569260774,0.0,0.0,0.009796612569260774,0.0,False,1.1165808088473024,1.1150141712460173,-0.004395560010855948
direct_coverage_tilt,Direct coverage-aware sentiment tilt,direct,2021-05-17,False,0.0014704765812449893,0.0,0.0,0.0014704765812449893,0.0,False,1.11822271477778,1.116653773472591,-0.0029315469976682884
direct_coverage_tilt,Direct coverage-aware sentiment tilt,direct,2021-05-18,False,-0.006247017286735936,0.0,0.0,-0.006247017286735936,0.0,False,1.1112371581481424,1.1096780180464088,-0.009160250859633012
direct_coverage_tilt,Direct coverage-aware sentiment tilt,direct,2021-05-19,False,-0.004026005826235812,0.0,0.0,-0.004026005826235812,0.0,False,1.1067633108751083,1.105210447880508,-0.013149377462538192
direct_coverage_tilt,Direct coverage-aware sentiment tilt,direct,2021-05-20,False,0.009107812771932938,0.0,0.0,0.009107812771932938,0.0,False,1.1168435038934033,1.1152764977133878,-0.004161326758601591
direct_coverage_tilt,Direct coverage-aware sentiment tilt,direct,2021-05-21,False,0.0008112392783114863,0.0,0.0,0.0008112392783114863,0.0,False,1.1177495312114887,1.1161812538145106,-0.003353463312006477
direct_coverage_tilt,Direct coverage-aware sentiment tilt,direct,2021-05-24,False,0.003225804946079003,0.0,0.0,0.003225804946079003,0.0,False,1.121355173177748,1.119781836823786,-0.00013847598446603548
direct_coverage_tilt,Direct coverage-aware sentiment tilt,direct,2021-05-25,False,-0.006002351347772965,0.0,0.0,-0.006002351347772965,0.0,False,1.1146244054426924,1.1130605128063151,-0.006139996150726912
direct_coverage_tilt,Direct coverage-aware sentiment tilt,direct,2021-05-26,False,0.002141395057749661,0.0,0.0,0.002141395057749661,0.0,False,1.1170112566357544,1.1154440150874148,-0.004011749250389163
direct_coverage_tilt,Direct coverage-aware sentiment tilt,direct,2021-05-27,False,-0.0007923946376097018,0.0,0.0,-0.0007923946376097018,0.0,False,1.1161261429058464,1.1145601432313057,-0.004800964999405299
direct_coverage_tilt,Direct coverage-aware sentiment tilt,direct,2021-05-28,False,0.003170029951638463,0.0,0.0,0.003170029951638463,0.0,False,1.1196642962086647,1.1180933322682514,-0.0016461542506117643
direct_coverage_tilt,Direct coverage-aware sentiment tilt,direct,2021-06-01,True,0.0004664695195326805,0.15749320703040665,0.00015749320703040666,0.0003089763125022738,0.0,False,1.120186585474955,1.118438796623089,-0.001337686560779594
direct_coverage_tilt,Direct coverage-aware sentiment tilt,direct,2021-06-02,False,0.0016849756661831308,0.0,0.0,0.0016849756661831308,0.0,False,1.1220740726130651,1.1203233387795142,0.0
direct_coverage_tilt,Direct coverage-aware sentiment tilt,direct,2021-06-03,False,0.0013918930872424374,0.0,0.0,0.0013918930872424374,0.0,False,1.1236358797581094,1.121882709090238,0.0
direct_coverage_tilt,Direct coverage-aware sentiment tilt,direct,2021-06-04,False,0.007648014102608422,0.0,0.0,0.007648014102608422,0.0,False,1.1322294628126963,1.1304628838708326,0.0
direct_coverage_tilt,Direct coverage-aware sentiment tilt,direct,2021-06-07,False,-0.0016486978183965755,0.0,0.0,-0.0016486978183965755,0.0,False,1.1303627585674327,1.1285990921804163,-0.001648697818396716
direct_coverage_tilt,Direct coverage-aware sentiment tilt,direct,2021-06-08,False,-0.0035168017823279047,0.0,0.0,-0.0035168017823279047,0.0,False,1.1263874968034258,1.1246300328815024,-0.005159701457298493
direct_coverage_tilt,Direct coverage-aware sentiment tilt,direct,2021-06-09,False,-0.0006699779244833523,0.0,0.0,-0.0006699779244833523,0.0,False,1.1256328420461534,1.1238765555862609,-0.005826222495708522
direct_coverage_tilt,Direct coverage-aware sentiment tilt,direct,2021-06-10,False,0.004969553926267585,0.0,0.0,0.004969553926267585,0.0,False,1.1312267351558796,1.1294617207357145,-0.0008856222963199434
direct_coverage_tilt,Direct coverage-aware sentiment tilt,direct,2021-06-11,False,0.00038496403281471916,0.0,0.0,0.00038496403281471916,0.0,False,1.1316622167618728,1.1298965228746387,-0.0005009991962360294
direct_coverage_tilt,Direct coverage-aware sentiment tilt,direct,2021-06-14,False,2.6725310041539492e-05,0.0,0.0,2.6725310041539492e-05,0.0,False,1.131692460785478,1.1299267197095273,-0.00047428727555332006
direct_coverage_tilt,Direct coverage-aware sentiment tilt,direct,2021-06-15,False,-0.004356929299612507,0.0,0.0,-0.004356929299612507,0.0,False,1.126761756744931,1.1250037088780098,-0.004829150139038618
direct_coverage_tilt,Direct coverage-aware sentiment tilt,direct,2021-06-16,False,-0.009746787178927284,0.0,0.0,-0.009746787178927284,0.0,False,1.115779449700584,1.114038537152072,-0.01452886861930558
direct_coverage_tilt,Direct coverage-aware sentiment tilt,direct,2021-06-17,False,-0.0041286726532066935,0.0,0.0,-0.0041286726532066935,0.0,False,1.1111727615995952,1.1094390367091138,-0.01859755632996174
direct_coverage_tilt,Direct coverage-aware sentiment tilt,direct,2021-06-18,False,-0.01328060621662689,0.0,0.0,-0.01328060621662689,0.0,False,1.0964157137141493,1.0947050137412262,-0.0316311757243789
direct_coverage_tilt,Direct coverage-aware sentiment tilt,direct,2021-06-21,False,0.013531810002866254,0.0,0.0,0.013531810002866254,0.0,False,1.1112522028362861,1.1095183539963576,-0.01852739278158222
direct_coverage_tilt,Direct coverage-aware sentiment tilt,direct,2021-06-22,False,0.0010423600904651462,0.0,0.0,0.0010423600904651462,0.0,False,1.1124105277829641,1.110674871648202,-0.01750434490593289
direct_coverage_tilt,Direct coverage-aware sentiment tilt,direct,2021-06-23,False,-0.005318219337303233,0.0,0.0,-0.005318219337303233,0.0,False,1.106494484603089,1.1047680590683457,-0.022729472297670528
direct_coverage_tilt,Direct coverage-aware sentiment tilt,direct,2021-06-24,False,0.006675033949594382,0.0,0.0,0.006675033949594382,0.0,False,1.1138803728528537,1.1121424233690544,-0.016206158347319533
direct_coverage_tilt,Direct coverage-aware sentiment tilt,direct,2021-06-25,False,0.008773238791568687,0.0,0.0,0.008773238791568687,0.0,False,1.1236527113491332,1.121899514419505,-0.007575100052825912
direct_coverage_tilt,Direct coverage-aware sentiment tilt,direct,2021-06-28,False,0.0015817022040064985,0.0,0.0,0.0015817022040064985,0.0,False,1.1254299953192122,1.1236740253541362,-0.00600537940126844
direct_coverage_tilt,Direct coverage-aware sentiment tilt,direct,2021-06-29,False,-0.00038308565998913,0.0,0.0,-0.00038308565998913,0.0,False,1.1249988592266837,1.1232435619485208,-0.006386164486526069
direct_coverage_tilt,Direct coverage-aware sentiment tilt,direct,2021-06-30,False,0.003566027640798195,0.0,0.0,0.003566027640798195,0.0,False,1.1290106362545527,1.1272490795377779,-0.0028429100848055278
direct_coverage_tilt,Direct coverage-aware sentiment tilt,direct,2021-07-01,True,0.005856404313906625,0.11357531086130598,0.00011357531086130599,0.005742829003045319,0.0,False,1.1356225790151604,1.1337226782454035,0.0
direct_coverage_tilt,Direct coverage-aware sentiment tilt,direct,2021-07-02,False,0.004145225870604901,0.0,0.0,0.004145225870604901,0.0,False,1.140329991108937,1.1384222148213579,0.0
direct_coverage_tilt,Direct coverage-aware sentiment tilt,direct,2021-07-06,False,-0.006648681274614712,0.0,0.0,-0.006648681274614712,0.0,False,1.1327483004501695,1.1308532083590697,-0.0066486812746147095
direct_coverage_tilt,Direct coverage-aware sentiment tilt,direct,2021-07-07,False,0.0008470490619180218,0.0,0.0,0.0008470490619180218,0.0,False,1.1337077938354552,1.1318110965083774,-0.0058072639719332075
direct_coverage_tilt,Direct coverage-aware sentiment tilt,direct,2021-07-08,False,-0.006948106178537759,0.0,0.0,-0.006948106178537759,0.0,False,1.1258306717084505,1.1239471528357898,-0.012715020663787269
direct_coverage_tilt,Direct coverage-aware sentiment tilt,direct,2021-07-09,False,0.010244039478542837,0.0,0.0,0.010244039478542837,0.0,False,1.1373637255555862,1.1354609118412355,-0.0026012343588946996
direct_coverage_tilt,Direct coverage-aware sentiment tilt,direct,2021-07-12,False,0.0038892570835304305,0.0,0.0,0.0038892570835304305,0.0,False,1.1417872254817538,1.139877011235686,0.0
direct_coverage_tilt,Direct coverage-aware sentiment tilt,direct,2021-07-13,False,-0.003702487991774521,0.0,0.0,-0.003702487991774521,0.0,False,1.1375597719902462,1.135656630289486,-0.003702487991774639
direct_coverage_tilt,Direct coverage-aware sentiment tilt,direct,2021-07-14,False,0.0002367179067348233,0.0,0.0,0.0002367179067348233,0.0,False,1.1378290527582575,1.1359254605497777,-0.003466646530246753
direct_coverage_tilt,Direct coverage-aware sentiment tilt,direct,2021-07-15,False,-2.4022427025790577e-05,0.0,0.0,-2.4022427025790577e-05,0.0,False,1.1378017193428698,1.1358981728632949,-0.0034905856800092616
direct_coverage_tilt,Direct coverage-aware sentiment tilt,direct,2021-07-16,False,-0.006014535107700278,0.0,0.0,-0.006014535107700278,0.0,False,1.1309583709562805,1.1290662734238361,-0.009484126537590565
direct_coverage_tilt,Direct coverage-aware sentiment tilt,direct,2021-07-19,False,-0.015444443571511219,0.0,0.0,-0.015444443571511219,0.0,False,1.113491348214318,1.1116284730754453,-0.02478209305196688
direct_coverage_tilt,Direct coverage-aware sentiment tilt,direct,2021-07-20,False,0.009243219719960906,0.0,0.0,0.009243219719960906,0.0,False,1.1237835934021385,1.1219034992990464,-0.015767939663205666
direct_coverage_tilt,Direct coverage-aware sentiment tilt,direct,2021-07-21,False,0.006577385286090863,0.0,0.0,0.006577385286090863,0.0,False,1.1311751510741321,1.1292826908677498,-0.009294266191447575
direct_coverage_tilt,Direct coverage-aware sentiment tilt,direct,2021-07-22,False,-0.0010698156975611573,0.0,0.0,-0.0010698156975611573,0.0,False,1.1299650021408219,1.1280745665180754,-0.010354138737139862
direct_coverage_tilt,Direct coverage-aware sentiment tilt,direct,2021-07-23,False,0.006513415911414173,0.0,0.0,0.006513415911414173,0.0,False,1.137324934165107,1.135422185348896,-0.0039081636377250595
direct_coverage_tilt,Direct coverage-aware sentiment tilt,direct,2021-07-26,False,0.0036697854864740542,0.0,0.0,0.0036697854864740542,0.0,False,1.1414986727019112,1.1395889412057099,-0.00025272027344758197
direct_coverage_tilt,Direct coverage-aware sentiment tilt,direct,2021-07-27,False,-0.0012121778738031254,0.0,0.0,-0.0012121778738031254,0.0,False,1.1401149732678864,1.1382075567059495,-0.0014645918053269869
direct_coverage_tilt,Direct coverage-aware sentiment tilt,direct,2021-07-28,False,0.0013622109604726307,0.0,0.0,0.0013622109604726307,0.0,False,1.1416680503806709,1.1397580355149872,-0.00010437592786416428
direct_coverage_tilt,Direct coverage-aware sentiment tilt,direct,2021-07-29,False,0.00466406052073563,0.0,0.0,0.00466406052073563,0.0,False,1.1469928592622365,1.1450739359716238,0.0
direct_coverage_tilt,Direct coverage-aware sentiment tilt,direct,2021-07-30,False,-0.0045808370403259135,0.0,0.0,-0.0045808370403259135,0.0,False,1.1417386718875386,1.139828538871813,-0.00458083704032608
direct_coverage_tilt,Direct coverage-aware sentiment tilt,direct,2021-08-02,True,-0.00194364238083244,0.11625193693995128,0.00011625193693995129,-0.0020598943177723913,0.0,False,1.1395195402170226,1.1374806125413561,-0.006631295317908514
direct_coverage_tilt,Direct coverage-aware sentiment tilt,direct,2021-08-03,False,0.005533379535574244,0.0,0.0,0.005533379535574244,0.0,False,1.1458249343212465,1.143774724484905,-0.0011346092561406174
direct_coverage_tilt,Direct coverage-aware sentiment tilt,direct,2021-08-04,False,-0.007767873943107689,0.0,0.0,-0.007767873943107689,0.0,False,1.1369243106705693,1.1348900266057935,-0.008893669697571882
direct_coverage_tilt,Direct coverage-aware sentiment tilt,direct,2021-08-05,False,0.0048040574918918185,0.0,0.0,0.0048040574918918185,0.0,False,1.1423861604229602,1.1403421035405823,-0.004132337906221251
direct_coverage_tilt,Direct coverage-aware sentiment tilt,direct,2021-08-06,False,0.001034294248133637,0.0,0.0,0.001034294248133637,0.0,False,1.143567723857833,1.1415215528191789,-0.0031023177114153366
direct_coverage_tilt,Direct coverage-aware sentiment tilt,direct,2021-08-09,False,-0.0019397804377084458,0.0,0.0,-0.0019397804377084458,0.0,False,1.1413494535578987,1.1393072516417977,-0.005036080333915671
direct_coverage_tilt,Direct coverage-aware sentiment tilt,direct,2021-08-10,False,0.004312678142661997,0.0,0.0,0.004312678142661997,0.0,False,1.146271726399397,1.1442207171237295,-0.0007451211848344963
direct_coverage_tilt,Direct coverage-aware sentiment tilt,direct,2021-08-11,False,0.006572762152039262,0.0,0.0,0.006572762152039262,0.0,False,1.1538058978186276,1.1517414077468195,0.0
direct_coverage_tilt,Direct coverage-aware sentiment tilt,direct,2021-08-12,False,0.0028151605679099558,0.0,0.0,0.0028151605679099558,0.0,False,1.1570540466851884,1.1549837447423374,0.0
direct_coverage_tilt,Direct coverage-aware sentiment tilt,direct,2021-08-13,False,0.002676582571479606,0.0,0.0,0.002676582571479606,0.0,False,1.160150997380806,1.158075154103857,0.0
direct_coverage_tilt,Direct coverage-aware sentiment tilt,direct,2021-08-16,False,0.0019900164644645986,0.0,0.0,0.0019900164644645986,0.0,False,1.162459716966859,1.160379742727611,0.0
direct_coverage_tilt,Direct coverage-aware sentiment tilt,direct,2021-08-17,False,-0.002295015864880068,0.0,0.0,-0.002295015864880068,0.0,False,1.159791853474136,1.1577166528087657,-0.0022950158648801233
direct_coverage_tilt,Direct coverage-aware sentiment tilt,direct,2021-08-18,False,-0.012587817528036227,0.0,0.0,-0.012587817528036227,0.0,False,1.1451926052521006,1.14314352683404,-0.014853944151985377
direct_coverage_tilt,Direct coverage-aware sentiment tilt,direct,2021-08-19,False,-0.001530593275133957,0.0,0.0,-0.001530593275133957,0.0,False,1.1434397811517687,1.141393839039355,-0.01636180208009097
direct_coverage_tilt,Direct coverage-aware sentiment tilt,direct,2021-08-20,False,0.005617194296615241,0.0,0.0,0.005617194296615241,0.0,False,1.1498627045689773,1.1478052700021986,-0.010836515204802444
direct_coverage_tilt,Direct coverage-aware sentiment tilt,direct,2021-08-23,False,0.006136840551833967,0.0,0.0,0.006136840551833967,0.0,False,1.1569192286434178,1.154849167928757,-0.004766176618917761
direct_coverage_tilt,Direct coverage-aware sentiment tilt,direct,2021-08-24,False,-0.0005661313568282008,0.0,0.0,-0.0005661313568282008,0.0,False,1.1562642603907654,1.1541953716023856,-0.005329609693709658
direct_coverage_tilt,Direct coverage-aware sentiment tilt,direct,2021-08-25,False,-0.0008962174469457507,0.0,0.0,-0.0008962174469457507,0.0,False,1.1552279961873233,1.1531609615731715,-0.006221050651462501
direct_coverage_tilt,Direct coverage-aware sentiment tilt,direct,2021-08-26,False,-0.005914805509320084,0.0,0.0,-0.005914805509320084,0.0,False,1.1483950472709537,1.1463402387645256,-0.01209905985611559
direct_coverage_tilt,Direct coverage-aware sentiment tilt,direct,2021-08-27,False,0.0075387912172176835,0.0,0.0,0.0075387912172176835,0.0,False,1.1570525577672164,1.154982258488467,-0.004651480925077611
direct_coverage_tilt,Direct coverage-aware sentiment tilt,direct,2021-08-30,False,0.0014668002899520013,0.0,0.0,0.0014668002899520013,0.0,False,1.158749722794439,1.1566763868001073,-0.0031915034286952304
direct_coverage_tilt,Direct coverage-aware sentiment tilt,direct,2021-08-31,False,0.0006165779357489367,0.0,0.0,0.0006165779357489367,0.0,False,1.1594641823065692,1.15738956793901,-0.0025768933035423824
direct_coverage_tilt,Direct coverage-aware sentiment tilt,direct,2021-09-01,True,-0.0004278784653379788,0.10933147025139675,0.00010933147025139676,-0.0005372099355893756,0.0,False,1.1589680725516296,1.1567678067637657,-0.0031127189064461547
direct_coverage_tilt,Direct coverage-aware sentiment tilt,direct,2021-09-02,False,0.005734342462274502,0.0,0.0,0.005734342462274502,0.0,False,1.1656139923824829,1.1634011095170833,0.0
direct_coverage_tilt,Direct coverage-aware sentiment tilt,direct,2021-09-03,False,-0.002746399369331157,0.0,0.0,-0.002746399369331157,0.0,False,1.16241275084892,1.1602059454436264,-0.0027463993693311872
direct_coverage_tilt,Direct coverage-aware sentiment tilt,direct,2021-09-07,False,-0.010578414212052798,0.0,0.0,-0.010578414212052798,0.0,False,1.1501162672850684,1.1479328063814376,-0.013295761031263287
direct_coverage_tilt,Direct coverage-aware sentiment tilt,direct,2021-09-08,False,0.0003536138983138154,0.0,0.0,0.0003536138983138154,0.0,False,1.1505229643818573,1.1483387313761044,-0.012946848698838775
direct_coverage_tilt,Direct coverage-aware sentiment tilt,direct,2021-09-09,False,-0.006983577481395454,0.0,0.0,-0.006983577481395454,0.0,False,1.1424881981159718,1.1403192188706521,-0.019840010859205948
direct_coverage_tilt,Direct coverage-aware sentiment tilt,direct,2021-09-10,False,-0.004259937321493815,0.0,0.0,-0.004259937321493815,0.0,False,1.1376212700014514,1.1354615304717683,-0.024015430977981755
direct_coverage_tilt,Direct coverage-aware sentiment tilt,direct,2021-09-13,False,0.0034634956049443637,0.0,0.0,0.0034634956049443637,0.0,False,1.1415614162701928,1.1393941964921408,-0.02063511271268048
direct_coverage_tilt,Direct coverage-aware sentiment tilt,direct,2021-09-14,False,-0.008284518284946408,0.0,0.0,-0.008284518284946408,0.0,False,1.1321041298437131,1.12995486443754,-0.028748679029046653
direct_coverage_tilt,Direct coverage-aware sentiment tilt,direct,2021-09-15,False,0.00600481433349017,0.0,0.0,0.00600481433349017,0.0,False,1.138902204949602,1.1367400336037112,-0.02291649517545913
direct_coverage_tilt,Direct coverage-aware sentiment tilt,direct,2021-09-16,False,-0.0048662565485517485,0.0,0.0,-0.0048662565485517485,0.0,False,1.133360014636606,1.1312083649711862,-0.027671234179293513
direct_coverage_tilt,Direct coverage-aware sentiment tilt,direct,2021-09-17,False,-0.01059237684491729,0.0,0.0,-0.01059237684491729,0.0,False,1.1213550382606141,1.1192261796792886,-0.03797050688401982
direct_coverage_tilt,Direct coverage-aware sentiment tilt,direct,2021-09-20,False,-0.014846961764882954,0.0,0.0,-0.014846961764882954,0.0,False,1.1047063228826999,1.102609071383334,-0.052253721985002555
direct_coverage_tilt,Direct coverage-aware sentiment tilt,direct,2021-09-21,False,-0.002225471571156737,0.0,0.0,-0.002225471571156737,0.0,False,1.1022478303666474,1.100155246240871,-0.05436290438339453
direct_coverage_tilt,Direct coverage-aware sentiment tilt,direct,2021-09-22,False,0.006761123507900102,0.0,0.0,0.006761123507900102,0.0,False,1.1097002640840712,1.10759353173857,-0.04796933518627866
direct_coverage_tilt,Direct coverage-aware sentiment tilt,direct,2021-09-23,False,0.009015347814254516,0.0,0.0,0.009015347814254516,0.0,False,1.1197045979343592,1.1175788726640117,-0.03938644761314691
direct_coverage_tilt,Direct coverage-aware sentiment tilt,direct,2021-09-24,False,-0.0030329841642082597,0.0,0.0,-0.0030329841642082597,0.0,False,1.1163085516202331,1.114189273640968,-0.04229997330546009
direct_coverage_tilt,Direct coverage-aware sentiment tilt,direct,2021-09-27,False,0.0003750650874129554,0.0,0.0,0.0003750650874129554,0.0,False,1.1167272399847266,1.114607167138281,-0.04194077346123237
direct_coverage_tilt,Direct coverage-aware sentiment tilt,direct,2021-09-28,False,-0.010614133286961897,0.0,0.0,-0.010614133286961897,0.0,False,1.1048741482143476,1.1027765781036722,-0.05210974178851846
direct_coverage_tilt,Direct coverage-aware sentiment tilt,direct,2021-09-29,False,0.004821689034786795,0.0,0.0,0.004821689034786795,0.0,False,1.1102015077796121,1.1080938238381344,-0.04753930972431897
direct_coverage_tilt,Direct coverage-aware sentiment tilt,direct,2021-09-30,False,-0.010198423927513236,0.0,0.0,-0.010198423927513236,0.0,False,1.0988792021583111,1.0967930132711738,-0.05725290761804225
direct_coverage_tilt,Direct coverage-aware sentiment tilt,direct,2021-10-01,True,0.010577336699224057,0.10208462475909331,0.00010208462475909332,0.010475252074464963,0.0,False,1.1105024174713143,1.1082821965587013,-0.047377394182872457
direct_coverage_tilt,Direct coverage-aware sentiment tilt,direct,2021-10-04,False,-0.003600685941950015,0.0,0.0,-0.003600685941950015,0.0,False,1.1065038470282238,1.1042916204338389,-0.050807489007622
direct_coverage_tilt,Direct coverage-aware sentiment tilt,direct,2021-10-05,False,0.00519309805370788,0.0,0.0,0.00519309805370788,0.0,False,1.1122500300026463,1.1100263150986398,-0.045878239226193385
direct_coverage_tilt,Direct coverage-aware sentiment tilt,direct,2021-10-06,False,0.002004063138562943,0.0,0.0,0.002004063138562943,0.0,False,1.11447904928864,1.112250877919564,-0.043966118975725776
direct_coverage_tilt,Direct coverage-aware sentiment tilt,direct,2021-10-07,False,0.008038470530194283,0.0,0.0,0.008038470530194283,0.0,False,1.123437756282866,1.1211916738239032,-0.03628106879724469
direct_coverage_tilt,Direct coverage-aware sentiment tilt,direct,2021-10-08,False,-0.00211818241542068,0.0,0.0,-0.00211818241542068,0.0,False,1.1210581101826878,1.1188167853360933,-0.03832240129072639
direct_coverage_tilt,Direct coverage-aware sentiment tilt,direct,2021-10-11,False,-0.00882375089716448,0.0,0.0,-0.00882375089716448,0.0,False,1.1111661726771898,1.1089446247227213,-0.04680800486512038
direct_coverage_tilt,Direct coverage-aware sentiment tilt,direct,2021-10-12,False,-0.00020459528149861377,0.0,0.0,-0.00020459528149861377,0.0,False,1.110938833321299,1.1087177398850596,-0.04700302344968732
direct_coverage_tilt,Direct coverage-aware sentiment tilt,direct,2021-10-13,False,0.003872114954756185,0.0,0.0,0.003872114954756185,0.0,False,1.115240516191622,1.113010822426272,-0.04331290960494938
direct_coverage_tilt,Direct coverage-aware sentiment tilt,direct,2021-10-14,False,0.013086608905623565,0.0,0.0,0.013086608905623565,0.0,False,1.1298352326627275,1.1275763597670911,-0.030793119807890457
direct_coverage_tilt,Direct coverage-aware sentiment tilt,direct,2021-10-15,False,0.003466670450014224,0.0,0.0,0.003466670450014224,0.0,False,1.1337519990771843,1.1314852954136303,-0.02743319895637797
direct_coverage_tilt,Direct coverage-aware sentiment tilt,direct,2021-10-18,False,0.00041479390929912606,0.0,0.0,0.00041479390929912606,0.0,False,1.1342222725010571,1.1319546286226294,-0.027029784170918503
direct_coverage_tilt,Direct coverage-aware sentiment tilt,direct,2021-10-19,False,0.010026629134702284,0.0,0.0,0.010026629134702284,0.0,False,1.1455946985837444,1.1433043178811382,-0.017274172657689046
direct_coverage_tilt,Direct coverage-aware sentiment tilt,direct,2021-10-20,False,0.008854180983791394,0.0,0.0,0.008854180983791394,0.0,False,1.1557380013790768,1.153427341231208,-0.008572940324954148
direct_coverage_tilt,Direct coverage-aware sentiment tilt,direct,2021-10-21,False,0.003538245776317096,0.0,0.0,0.003538245776317096,0.0,False,1.1598272864809855,1.1575084506496078,-0.0050650277185324555
direct_coverage_tilt,Direct coverage-aware sentiment tilt,direct,2021-10-22,False,0.0008457291481209355,0.0,0.0,0.0008457291481209355,0.0,False,1.1608081862239485,1.1584873892855185,-0.004223582211989152
direct_coverage_tilt,Direct coverage-aware sentiment tilt,direct,2021-10-25,False,0.005549912022099867,0.0,0.0,0.005549912022099867,0.0,False,1.1672505695320248,1.1649168923747653,0.0
direct_coverage_tilt,Direct coverage-aware sentiment tilt,direct,2021-10-26,False,0.005082028846988936,0.0,0.0,0.005082028846988936,0.0,False,1.1731825705980508,1.1708370336261584,0.0
direct_coverage_tilt,Direct coverage-aware sentiment tilt,direct,2021-10-27,False,-0.013696327976193249,0.0,0.0,-0.013696327976193249,0.0,False,1.1571142773351863,1.1548008656069413,-0.013696327976193357
direct_coverage_tilt,Direct coverage-aware sentiment tilt,direct,2021-10-28,False,0.008460398094045885,0.0,0.0,0.008460398094045885,0.0,False,1.1669039247617463,1.1645709406493248,-0.00535180626925269
direct_coverage_tilt,Direct coverage-aware sentiment tilt,direct,2021-10-29,False,-0.002334260142601439,0.0,0.0,-0.002334260142601439,0.0,False,1.1641800674399299,1.1618525291193351,-0.007673573903788866
direct_coverage_tilt,Direct coverage-aware sentiment tilt,direct,2021-11-01,True,0.006204311032057968,0.08268713002096612,8.268713002096611e-05,0.006121623902037002,0.0,False,1.1714030026756495,1.1689649533322342,-0.001598924735175422
direct_coverage_tilt,Direct coverage-aware sentiment tilt,direct,2021-11-02,False,0.004069766651405434,0.0,0.0,0.004069766651405434,0.0,False,1.1761703395512948,1.1737223679159674,0.0
direct_coverage_tilt,Direct coverage-aware sentiment tilt,direct,2021-11-03,False,0.004357910231122162,0.0,0.0,0.004357910231122162,0.0,False,1.1812959843075679,1.1788373446316054,0.0
direct_coverage_tilt,Direct coverage-aware sentiment tilt,direct,2021-11-04,False,0.00472528087187649,0.0,0.0,0.00472528087187649,0.0,False,1.186877939626241,1.184407682187247,0.0
direct_coverage_tilt,Direct coverage-aware sentiment tilt,direct,2021-11-05,False,0.0003729066340432967,0.0,0.0,0.0003729066340432967,0.0,False,1.1873205342837272,1.1848493556693462,0.0
direct_coverage_tilt,Direct coverage-aware sentiment tilt,direct,2021-11-08,False,0.0024675319164336245,0.0,0.0,0.0024675319164336245,0.0,False,1.1902502855971093,1.187773009270626,0.0
direct_coverage_tilt,Direct coverage-aware sentiment tilt,direct,2021-11-09,False,3.015686192373837e-05,0.0,0.0,3.015686192373837e-05,0.0,False,1.1902861798106266,1.1878088287772632,0.0
direct_coverage_tilt,Direct coverage-aware sentiment tilt,direct,2021-11-10,False,-0.005610667846333512,0.0,0.0,-0.005610667846333512,0.0,False,1.183607879413628,1.1811444279740517,-0.00561066784633335
direct_coverage_tilt,Direct coverage-aware sentiment tilt,direct,2021-11-11,False,0.0013267322732584664,0.0,0.0,0.0013267322732584664,0.0,False,1.185178210186129,1.1827114904060243,-0.004291379427181163
direct_coverage_tilt,Direct coverage-aware sentiment tilt,direct,2021-11-12,False,0.0023902839885716217,0.0,0.0,0.0023902839885716217,0.0,False,1.188011122685541,1.1855385067446416,-0.00191135305414325
direct_coverage_tilt,Direct coverage-aware sentiment tilt,direct,2021-11-15,False,-0.0020229442715897954,0.0,0.0,-0.0020229442715897954,0.0,False,1.1856078423903194,1.1831402284136734,-0.003930430765021087
direct_coverage_tilt,Direct coverage-aware sentiment tilt,direct,2021-11-16,False,-6.214884085720823e-05,0.0,0.0,-6.214884085720823e-05,0.0,False,1.1855341582372037,1.183066697619906,-0.0039923353341621
direct_coverage_tilt,Direct coverage-aware sentiment tilt,direct,2021-11-17,False,-0.005269085394305003,0.0,0.0,-0.005269085394305003,0.0,False,1.1792874775195863,1.1768330181629882,-0.009240384772668753
direct_coverage_tilt,Direct coverage-aware sentiment tilt,direct,2021-11-18,False,-0.001499686486214697,0.0,0.0,-0.001499686486214697,0.0,False,1.177518916026188,1.1750681375891179,-0.010726213578712618
direct_coverage_tilt,Direct coverage-aware sentiment tilt,direct,2021-11-19,False,-0.007150658586589944,0.0,0.0,-0.007150658586589944,0.0,False,1.1690988802784334,1.166665626521238,-0.01780017267407419
direct_coverage_tilt,Direct coverage-aware sentiment tilt,direct,2021-11-22,False,-0.0004594602510978067,0.0,0.0,-0.0004594602510978067,0.0,False,1.1685617258133425,1.1661295900395294,-0.018251454453365623
direct_coverage_tilt,Direct coverage-aware sentiment tilt,direct,2021-11-23,False,0.006783608665316973,0.0,0.0,0.006783608665316973,0.0,False,1.1764887912625277,1.174040156831404,-0.011591656512633164
direct_coverage_tilt,Direct coverage-aware sentiment tilt,direct,2021-11-24,False,0.002006549009967797,0.0,0.0,0.002006549009967797,0.0,False,1.1788494736818738,1.1763959259457566,-0.009608366729564666
direct_coverage_tilt,Direct coverage-aware sentiment tilt,direct,2021-11-26,False,-0.019116078927128778,0.0,0.0,-0.019116078927128778,0.0,False,1.156314494099767,1.1539078485758247,-0.028540771359930384
direct_coverage_tilt,Direct coverage-aware sentiment tilt,direct,2021-11-29,False,0.0076408687423264645,0.0,0.0,0.0076408687423264645,0.0,False,1.1651497413740328,1.1627247069875328,-0.021117978905369927
direct_coverage_tilt,Direct coverage-aware sentiment tilt,direct,2021-11-30,False,-0.022373815186999123,0.0,0.0,-0.022373815186999123,0.0,False,1.1390808963953505,1.1367101192800362,-0.04301930433521728
direct_coverage_tilt,Direct coverage-aware sentiment tilt,direct,2021-12-01,True,-0.011905295542061222,0.12261705445172413,0.00012261705445172413,-0.012027912596512947,0.0,False,1.125519801677448,1.123037869317764,-0.05452978449922341
direct_coverage_tilt,Direct coverage-aware sentiment tilt,direct,2021-12-02,False,0.01949119424800709,0.0,0.0,0.01949119424800709,0.0,False,1.1474575267619216,1.1449272185765047,-0.03610144087319256
direct_coverage_tilt,Direct coverage-aware sentiment tilt,direct,2021-12-03,False,0.0014283812816223485,0.0,0.0,0.0014283812816223485,0.0,False,1.1490965336146048,1.1465626111843392,-0.034724626213953225
direct_coverage_tilt,Direct coverage-aware sentiment tilt,direct,2021-12-06,False,0.013489408076304336,0.0,0.0,0.013489408076304336,0.0,False,1.1645971656755991,1.1620290621316378,-0.021703632790946004
direct_coverage_tilt,Direct coverage-aware sentiment tilt,direct,2021-12-07,False,0.011788440736992062,0.0,0.0,0.011788440736992062,0.0,False,1.178325950345635,1.1757275728652392,-0.010171044042887378
direct_coverage_tilt,Direct coverage-aware sentiment tilt,direct,2021-12-08,False,-0.00035978223821771216,0.0,0.0,-0.00035978223821771216,0.0,False,1.1779020095978696,1.1753045669675395,-0.01052716692011435
direct_coverage_tilt,Direct coverage-aware sentiment tilt,direct,2021-12-09,False,-0.005031245638964242,0.0,0.0,-0.005031245638964242,0.0,False,1.171975695248953,1.1693913209905293,-0.015505447796421046
direct_coverage_tilt,Direct coverage-aware sentiment tilt,direct,2021-12-10,False,0.006058775631368635,0.0,0.0,0.006058775631368635,0.0,False,1.1790764330318837,1.1764764006296806,-0.0095406161943149
direct_coverage_tilt,Direct coverage-aware sentiment tilt,direct,2021-12-13,False,-0.0008756218186150456,0.0,0.0,-0.0008756218186150456,0.0,False,1.1780440079813062,1.1754462522242037,-0.010407884041227056
direct_coverage_tilt,Direct coverage-aware sentiment tilt,direct,2021-12-14,False,-0.0020686394866011445,0.0,0.0,-0.0020686394866011445,0.0,False,1.1756070596294421,1.1730146776924755,-0.012454993367928546
direct_coverage_tilt,Direct coverage-aware sentiment tilt,direct,2021-12-15,False,0.009619300400898943,0.0,0.0,0.009619300400898943,0.0,False,1.186915577089435,1.1842982582518629,-0.0029555012897271027
direct_coverage_tilt,Direct coverage-aware sentiment tilt,direct,2021-12-16,False,0.005824141945757038,0.0,0.0,0.005824141945757038,0.0,False,1.193828341888034,1.1911957794140344,0.0
direct_coverage_tilt,Direct coverage-aware sentiment tilt,direct,2021-12-17,False,-0.012555000179478165,0.0,0.0,-0.012555000179478165,0.0,False,1.1788398268413636,1.1762403161896975,-0.012555000179478304
direct_coverage_tilt,Direct coverage-aware sentiment tilt,direct,2021-12-20,False,-0.005311104930198499,0.0,0.0,-0.005311104930198499,0.0,False,1.172578884825112,1.169993180447284,-0.017799424186324964
direct_coverage_tilt,Direct coverage-aware sentiment tilt,direct,2021-12-21,False,0.010220487779495715,0.0,0.0,0.010220487779495715,0.0,False,1.1845632129879617,1.181951081450139,-0.00776085520420744
direct_coverage_tilt,Direct coverage-aware sentiment tilt,direct,2021-12-22,False,0.005787614573075539,0.0,0.0,0.005787614573075539,0.0,False,1.19141900830218,1.1887917587538022,-0.002018157469811377
direct_coverage_tilt,Direct coverage-aware sentiment tilt,direct,2021-12-23,False,0.0038694494789816387,0.0,0.0,0.0038694494789816387,0.0,False,1.196029143963104,1.19339172840533,0.0
direct_coverage_tilt,Direct coverage-aware sentiment tilt,direct,2021-12-27,False,0.011203971469778657,0.0,0.0,0.011203971469778657,0.0,False,1.2094294203690903,1.206762455282653,0.0
direct_coverage_tilt,Direct coverage-aware sentiment tilt,direct,2021-12-28,False,0.0029169891353007073,0.0,0.0,0.0029169891353007073,0.0,False,1.2129573128482198,1.2102825682536014,0.0
direct_coverage_tilt,Direct coverage-aware sentiment tilt,direct,2021-12-29,False,0.001498894035486244,0.0,0.0,0.001498894035486244,0.0,False,1.2147754073297474,1.2120966535764097,0.0
direct_coverage_tilt,Direct coverage-aware sentiment tilt,direct,2021-12-30,False,-0.0004540987178878646,0.0,0.0,-0.0004540987178878646,0.0,False,1.2142237793747572,1.2115462420400647,-0.0004540987178877076
direct_coverage_tilt,Direct coverage-aware sentiment tilt,direct,2021-12-31,False,-0.0009429108740407544,0.0,0.0,-0.0009429108740407544,0.0,False,1.213078874569666,1.2104038619140418,-0.0013965814173095836
direct_coverage_tilt,Direct coverage-aware sentiment tilt,direct,2022-01-03,True,0.0056782742956845815,0.09034772252916233,9.034772252916234e-05,0.005587926573155419,0.0,False,1.219967069161773,1.217167509818281,0.0
direct_coverage_tilt,Direct coverage-aware sentiment tilt,direct,2022-01-04,False,0.004280130362966319,0.0,0.0,0.004280130362966319,0.0,False,1.2251886872563114,1.2223771454338703,0.0
direct_coverage_tilt,Direct coverage-aware sentiment tilt,direct,2022-01-05,False,-0.009787610490132284,0.0,0.0,-0.009787610490132284,0.0,False,1.21319701760853,1.2104129940623238,-0.009787610490132326
direct_coverage_tilt,Direct coverage-aware sentiment tilt,direct,2022-01-06,False,-9.25562116191928e-05,0.0,0.0,-9.25562116191928e-05,0.0,False,1.2130847286886326,1.2103009628210988,-0.009879260797603706
direct_coverage_tilt,Direct coverage-aware sentiment tilt,direct,2022-01-07,False,0.0013335297916710624,0.0,0.0,0.0013335297916710624,0.0,False,1.21470241331416,1.2119149352119087,-0.008558905294526076
direct_coverage_tilt,Direct coverage-aware sentiment tilt,direct,2022-01-10,False,-0.0039648522039254465,0.0,0.0,-0.0039648522039254465,0.0,False,1.2098862977736178,1.2071098716100637,-0.012489822703931286
direct_coverage_tilt,Direct coverage-aware sentiment tilt,direct,2022-01-11,False,0.007737205347222999,0.0,0.0,0.007737205347222999,0.0,False,1.2192474365062838,1.2164495285633707,-0.004849253679719001
direct_coverage_tilt,Direct coverage-aware sentiment tilt,direct,2022-01-12,False,0.0018263160117705048,0.0,0.0,0.0018263160117705048,0.0,False,1.2214741676218852,1.2186711498148965,-0.0030317939375890113
direct_coverage_tilt,Direct coverage-aware sentiment tilt,direct,2022-01-13,False,-0.005269168451384752,0.0,0.0,-0.005269168451384752,0.0,False,1.2150380144736705,1.2122497662396792,-0.00828498735600669
direct_coverage_tilt,Direct coverage-aware sentiment tilt,direct,2022-01-14,False,0.0012384423665624516,0.0,0.0,0.0012384423665624516,0.0,False,1.2165427690277786,1.2137510677090457,-0.007056805468792393
direct_coverage_tilt,Direct coverage-aware sentiment tilt,direct,2022-01-18,False,-0.010900986605660617,0.0,0.0,-0.010900986605660617,0.0,False,1.2032812525973935,1.200519983577343,-0.01788086593255911
direct_coverage_tilt,Direct coverage-aware sentiment tilt,direct,2022-01-19,False,-0.005871956402084221,0.0,0.0,-0.005871956402084221,0.0,False,1.1962156375426962,1.193470582573946,-0.02364782666945575
direct_coverage_tilt,Direct coverage-aware sentiment tilt,direct,2022-01-20,False,-0.010986856989421718,0.0,0.0,-0.010986856989421718,0.0,False,1.1830729874045047,1.1803580919621242,-0.0343748683691496
direct_coverage_tilt,Direct coverage-aware sentiment tilt,direct,2022-01-21,False,-0.010458534912440441,0.0,0.0,-0.010458534912440441,0.0,False,1.1706997772617695,1.1680132756481567,-0.04447389252064071
direct_coverage_tilt,Direct coverage-aware sentiment tilt,direct,2022-01-24,False,0.000630010481599637,0.0,0.0,0.000630010481599637,0.0,False,1.171437330392251,1.1687491362544626,-0.04387190105748662
direct_coverage_tilt,Direct coverage-aware sentiment tilt,direct,2022-01-25,False,-0.003967426010902197,0.0,0.0,-0.003967426010902197,0.0,False,1.1667897394575109,1.1641122105310673,-0.047665268546985606
direct_coverage_tilt,Direct coverage-aware sentiment tilt,direct,2022-01-26,False,-0.008971603664270862,0.0,0.0,-0.008971603664270862,0.0,False,1.1563217643555601,1.1536682571574444,-0.056209238313301824
direct_coverage_tilt,Direct coverage-aware sentiment tilt,direct,2022-01-27,False,-0.003266404921542931,0.0,0.0,-0.003266404921542931,0.0,False,1.1525447492535819,1.1498999094844373,-0.059292041102182
direct_coverage_tilt,Direct coverage-aware sentiment tilt,direct,2022-01-28,False,0.017723866905446292,0.0,0.0,0.017723866905446292,0.0,False,1.1729722989919233,1.1702805824347242,-0.04261905844178304
direct_coverage_tilt,Direct coverage-aware sentiment tilt,direct,2022-01-31,False,0.012472672581224307,0.0,0.0,0.012472672581224307,0.0,False,1.1876023984240955,1.184877108967597,-0.03067795942222329
direct_coverage_tilt,Direct coverage-aware sentiment tilt,direct,2022-02-01,True,0.005164425291979559,0.10655122918450138,0.00010655122918450139,0.005057874062795058,0.0,False,1.1937356822873326,1.1908700681646438,-0.025775250614689327
direct_coverage_tilt,Direct coverage-aware sentiment tilt,direct,2022-02-02,False,0.01041412895549331,0.0,0.0,0.01041412895549331,0.0,False,1.2061673996214468,1.2032719426237475,-0.015629548442957497
direct_coverage_tilt,Direct coverage-aware sentiment tilt,direct,2022-02-03,False,-0.008617830067910132,0.0,0.0,-0.008617830067910132,0.0,False,1.195772853938056,1.192902349496732,-0.024112685718348126
direct_coverage_tilt,Direct coverage-aware sentiment tilt,direct,2022-02-04,False,-0.00304820171506399,0.0,0.0,-0.00304820171506399,0.0,False,1.1921278970738551,1.189266142509092,-0.02708738710345071
direct_coverage_tilt,Direct coverage-aware sentiment tilt,direct,2022-02-07,False,0.0010127583830594337,0.0,0.0,0.0010127583830594337,0.0,False,1.1933352345952957,1.1904705817646068,-0.026102061698755508
direct_coverage_tilt,Direct coverage-aware sentiment tilt,direct,2022-02-08,False,0.002458108390573221,0.0,0.0,0.002458108390573221,0.0,False,1.196268581948221,1.193396887490373,-0.023708115005055208
direct_coverage_tilt,Direct coverage-aware sentiment tilt,direct,2022-02-09,False,0.010400988227929009,0.0,0.0,0.010400988227929009,0.0,False,1.2087109573865058,1.2058093944684076,-0.013553714602200118
direct_coverage_tilt,Direct coverage-aware sentiment tilt,direct,2022-02-10,False,-0.018247200497501483,0.0,0.0,-0.018247200497501483,0.0,False,1.1866553662035473,1.1838067486857717,-0.03155359775186928
direct_coverage_tilt,Direct coverage-aware sentiment tilt,direct,2022-02-11,False,-0.008846310867665397,0.0,0.0,-0.008846310867665397,0.0,False,1.1761578439413274,1.1733344261796572,-0.0401207756848283
direct_coverage_tilt,Direct coverage-aware sentiment tilt,direct,2022-02-14,False,-0.0064643270823035,0.0,0.0,-0.0064643270823035,0.0,False,1.1685547749376737,1.165749608671905,-0.04632574895030939
direct_coverage_tilt,Direct coverage-aware sentiment tilt,direct,2022-02-15,False,0.006917767054310745,0.0,0.0,0.006917767054310745,0.0,False,1.176638564660895,1.1738139929083513,-0.03972845263585323
direct_coverage_tilt,Direct coverage-aware sentiment tilt,direct,2022-02-16,False,-0.001005268359637524,0.0,0.0,-0.001005268359637524,0.0,False,1.1754557271411121,1.1726339948411808,-0.040693783239078574
direct_coverage_tilt,Direct coverage-aware sentiment tilt,direct,2022-02-17,False,-0.01268260875752849,0.0,0.0,-0.01268260875752849,0.0,False,1.1605478820419852,1.1577619366688325,-0.052860288664922095
direct_coverage_tilt,Direct coverage-aware sentiment tilt,direct,2022-02-18,False,-0.007246766271018372,0.0,0.0,-0.007246766271018372,0.0,False,1.1521376627945015,1.149371906516312,-0.05972398877896712
direct_coverage_tilt,Direct coverage-aware sentiment tilt,direct,2022-02-22,False,-0.005011859441779347,0.0,0.0,-0.005011859441779347,0.0,False,1.1463633107709952,1.143611416074522,-0.06443651998368405
direct_coverage_tilt,Direct coverage-aware sentiment tilt,direct,2022-02-23,False,-0.009072991831398168,0.0,0.0,-0.009072991831398168,0.0,False,1.1359623658165554,1.1332354390381842,-0.07292487979562656
direct_coverage_tilt,Direct coverage-aware sentiment tilt,direct,2022-02-24,False,0.004441146880876467,0.0,0.0,0.004441146880876467,0.0,False,1.1410073415342947,1.1382683040735673,-0.0688076030171928
direct_coverage_tilt,Direct coverage-aware sentiment tilt,direct,2022-02-25,False,0.025396176438269198,0.0,0.0,0.025396176438269198,0.0,False,1.1699845652972602,1.1671759667579091,-0.04515887660544249
direct_coverage_tilt,Direct coverage-aware sentiment tilt,direct,2022-02-28,False,-0.005014362078650717,0.0,0.0,-0.005014362078650717,0.0,False,1.164117839060427,1.1613233238510858,-0.049946795725728355
direct_coverage_tilt,Direct coverage-aware sentiment tilt,direct,2022-03-01,True,-0.010377492846072669,0.12503274419903868,0.00012503274419903868,-0.010502525590271707,0.0,False,1.1520372145135918,1.1491264959237604,-0.059924753815738585
direct_coverage_tilt,Direct coverage-aware sentiment tilt,direct,2022-03-02,False,0.017150498354930953,0.0,0.0,0.017150498354930953,0.0,False,1.1717952268659262,1.1688345880017084,-0.0438019948525441
direct_coverage_tilt,Direct coverage-aware sentiment tilt,direct,2022-03-03,False,0.0013295752016638184,0.0,0.0,0.0013295752016638184,0.0,False,1.173353216740995,1.1703886414847624,-0.04253065769701958
direct_coverage_tilt,Direct coverage-aware sentiment tilt,direct,2022-03-04,False,0.0037279451690859964,0.0,0.0,0.0037279451690859964,0.0,False,1.177727413196976,1.1747517861667385,-0.038961264487833436
direct_coverage_tilt,Direct coverage-aware sentiment tilt,direct,2022-03-07,False,-0.013858264869619046,0.0,0.0,-0.013858264869619046,0.0,False,1.1614061547606809,1.1584717647579816,-0.05227959383452485
direct_coverage_tilt,Direct coverage-aware sentiment tilt,direct,2022-03-08,False,-0.007843623491184004,0.0,0.0,-0.007843623491184004,0.0,False,1.1522965221623942,1.1493851484100526,-0.05971315587539883
direct_coverage_tilt,Direct coverage-aware sentiment tilt,direct,2022-03-09,False,0.011003432770314507,0.0,0.0,0.011003432770314507,0.0,False,1.1649757394754754,1.1620323306177807,-0.04936677280126245
direct_coverage_tilt,Direct coverage-aware sentiment tilt,direct,2022-03-10,False,-0.00017359436553800948,0.0,0.0,-0.00017359436553800948,0.0,False,1.164773506251114,1.1618306083526124,-0.04953179737319735
direct_coverage_tilt,Direct coverage-aware sentiment tilt,direct,2022-03-11,False,-0.008319342808011679,0.0,0.0,-0.008319342808011679,0.0,False,1.155083356158921,1.1521649412368862,-0.0574390681789646
direct_coverage_tilt,Direct coverage-aware sentiment tilt,direct,2022-03-14,False,-0.009046561254579763,0.0,0.0,-0.009046561254579763,0.0,False,1.1446338238232838,1.1417418105206074,-0.06596600338485736
direct_coverage_tilt,Direct coverage-aware sentiment tilt,direct,2022-03-15,False,0.009353593554502358,0.0,0.0,0.009353593554502358,0.0,False,1.1553402633800627,1.1524211993603988,-0.05722942901443184
direct_coverage_tilt,Direct coverage-aware sentiment tilt,direct,2022-03-16,False,0.012792900508827993,0.0,0.0,0.012792900508827993,0.0,False,1.170120416423327,1.1671640091080806,-0.045168658897162484
direct_coverage_tilt,Direct coverage-aware sentiment tilt,direct,2022-03-17,False,0.013342642741729391,0.0,0.0,0.013342642741729391,0.0,False,1.185732915104467,1.1827370615026143,-0.03242868543422106
direct_coverage_tilt,Direct coverage-aware sentiment tilt,direct,2022-03-18,False,0.0038781669014281693,0.0,0.0,0.0038781669014281693,0.0,False,1.190331385249759,1.187323913227626,-0.02867628238730069
direct_coverage_tilt,Direct coverage-aware sentiment tilt,direct,2022-03-21,False,0.002721314123572611,0.0,0.0,0.002721314123572611,0.0,False,1.1935706508601711,1.190554994561948,-0.02603300543600018
direct_coverage_tilt,Direct coverage-aware sentiment tilt,direct,2022-03-22,False,0.004859535141140714,0.0,0.0,0.004859535141140714,0.0,False,1.1993708493814603,1.1963405383954824,-0.021299978599605196
direct_coverage_tilt,Direct coverage-aware sentiment tilt,direct,2022-03-23,False,-0.009421105668297782,0.0,0.0,-0.009421105668297782,0.0,False,1.1880714498739615,1.1850696877679903,-0.030520414918783656
direct_coverage_tilt,Direct coverage-aware sentiment tilt,direct,2022-03-24,False,0.009494589134156153,0.0,0.0,0.009494589134156153,0.0,False,1.199351700152536,1.1963214375486901,-0.021315604584485226
direct_coverage_tilt,Direct coverage-aware sentiment tilt,direct,2022-03-25,False,0.009099322174686572,0.0,0.0,0.009099322174686572,0.0,False,1.210264987672982,1.20720715173343,-0.012410239963261072
direct_coverage_tilt,Direct coverage-aware sentiment tilt,direct,2022-03-28,False,0.00271751393117455,0.0,0.0,0.00271751393117455,0.0,False,1.2135538996373962,1.2104877539860792,-0.009726451032075811
direct_coverage_tilt,Direct coverage-aware sentiment tilt,direct,2022-03-29,False,0.012242244484272663,0.0,0.0,0.012242244484272663,0.0,False,1.2284105231715998,1.225306841015595,0.0
direct_coverage_tilt,Direct coverage-aware sentiment tilt,direct,2022-03-30,False,-0.0019875567357933426,0.0,0.0,-0.0019875567357933426,0.0,False,1.2259689875619506,1.2228714741503208,-0.0019875567357933166
direct_coverage_tilt,Direct coverage-aware sentiment tilt,direct,2022-03-31,False,-0.012584564391534263,0.0,0.0,-0.012584564391534263,0.0,False,1.2105407018959533,1.2074821693413058,-0.014547108591604019
direct_coverage_tilt,Direct coverage-aware sentiment tilt,direct,2022-04-01,True,0.007797539635289188,0.11493740817986822,0.00011493740817986823,0.007682602227109319,0.0,False,1.2199799409991179,1.216758774544682,-0.006976266013358656
direct_coverage_tilt,Direct coverage-aware sentiment tilt,direct,2022-04-04,False,0.0012111007752697404,0.0,0.0,0.0012111007752697404,0.0,False,1.2214574596514756,1.2182323920398492,-0.005773614199266253
direct_coverage_tilt,Direct coverage-aware sentiment tilt,direct,2022-04-05,False,-0.007387772540960675,0.0,0.0,-0.007387772540960675,0.0,False,1.2124336097711108,1.2092323682254285,-0.013118732591783422
direct_coverage_tilt,Direct coverage-aware sentiment tilt,direct,2022-04-06,False,0.004024598334973693,0.0,0.0,0.004024598334973693,0.0,False,1.2173131680582616,1.2140990428011846,-0.009146931886155785
direct_coverage_tilt,Direct coverage-aware sentiment tilt,direct,2022-04-07,False,0.0016609666505020431,0.0,0.0,0.0016609666505020431,0.0,False,1.2193350846336235,1.216115620821684,-0.007501157984471041
direct_coverage_tilt,Direct coverage-aware sentiment tilt,direct,2022-04-08,False,0.0031643627865352037,0.0,0.0,0.0031643627865352037,0.0,False,1.223193503199755,1.2199638518363363,-0.004360531583117666
direct_coverage_tilt,Direct coverage-aware sentiment tilt,direct,2022-04-11,False,-0.011272084246205225,0.0,0.0,-0.011272084246205225,0.0,False,1.2094055629822764,1.206212316521112,-0.015583463549959764
direct_coverage_tilt,Direct coverage-aware sentiment tilt,direct,2022-04-12,False,-0.0003792157374650681,0.0,0.0,-0.0003792157374650681,0.0,False,1.2089469373598158,1.2057549018279632,-0.01595676979280236
direct_coverage_tilt,Direct coverage-aware sentiment tilt,direct,2022-04-13,False,0.007031221970545927,0.0,0.0,0.007031221970545927,0.0,False,1.2174473116270044,1.2142328321847895,-0.00903774341260244
direct_coverage_tilt,Direct coverage-aware sentiment tilt,direct,2022-04-14,False,-0.000942202214964643,0.0,0.0,-0.000942202214964643,0.0,False,1.2163002300733867,1.2130887793208223,-0.00997143024570546
direct_coverage_tilt,Direct coverage-aware sentiment tilt,direct,2022-04-18,False,-0.001978764489444324,0.0,0.0,-0.001978764489444324,0.0,False,1.2138934583696146,1.2106883623217588,-0.011930463623070597
direct_coverage_tilt,Direct coverage-aware sentiment tilt,direct,2022-04-19,False,0.01033296003248,0.0,0.0,0.01033296003248,0.0,False,1.2264365709586367,1.2231983567814182,-0.0017207805943767474
direct_coverage_tilt,Direct coverage-aware sentiment tilt,direct,2022-04-20,False,0.0023703507704457474,0.0,0.0,0.0023703507704457474,0.0,False,1.2293436558295114,1.226097765948823,0.0
direct_coverage_tilt,Direct coverage-aware sentiment tilt,direct,2022-04-21,False,-0.010788033437234588,0.0,0.0,-0.010788033437234588,0.0,False,1.2160814553645705,1.2128705822524486,-0.010788033437234557
direct_coverage_tilt,Direct coverage-aware sentiment tilt,direct,2022-04-22,False,-0.02114360621923044,0.0,0.0,-0.02114360621923044,0.0,False,1.1903691079418335,1.1872261242664142,-0.03170354172558809
direct_coverage_tilt,Direct coverage-aware sentiment tilt,direct,2022-04-25,False,-0.0021738183314908783,0.0,0.0,-0.0021738183314908783,0.0,False,1.187781461753749,1.184645310353859,-0.03380844231690272
direct_coverage_tilt,Direct coverage-aware sentiment tilt,direct,2022-04-26,False,-0.018046978440140457,0.0,0.0,-0.018046978440140457,0.0,False,1.1663455953218806,1.1632660419786893,-0.05124528052745536
direct_coverage_tilt,Direct coverage-aware sentiment tilt,direct,2022-04-27,False,-0.00017317361797918778,0.0,0.0,-0.00017317361797918778,0.0,False,1.1661436150353246,1.1630645949895275,-0.05140957981480121
direct_coverage_tilt,Direct coverage-aware sentiment tilt,direct,2022-04-28,False,0.015389455223202404,0.0,0.0,0.015389455223202404,0.0,False,1.184089929982734,1.1809635254958109,-0.03681129001820238
direct_coverage_tilt,Direct coverage-aware sentiment tilt,direct,2022-04-29,False,-0.03333484606643082,0.0,0.0,-0.03333484606643082,0.0,False,1.1446184744379488,1.1415962881633386,-0.06891903739836969
direct_coverage_tilt,Direct coverage-aware sentiment tilt,direct,2022-05-02,True,0.0006776567894841744,0.10289428905886193,0.00010289428905886194,0.0005747625004253124,0.0,False,1.1453941329185207,1.1422524349003995,-0.06838388697620645
direct_coverage_tilt,Direct coverage-aware sentiment tilt,direct,2022-05-03,False,0.005231407060474489,0.0,0.0,0.005231407060474489,0.0,False,1.1513861558724965,1.1482280223531816,-0.06351022386488203
direct_coverage_tilt,Direct coverage-aware sentiment tilt,direct,2022-05-04,False,0.027566799302707466,0.0,0.0,0.027566799302707466,0.0,False,1.1831261869513496,1.1798809937991366,-0.0376941981571276
direct_coverage_tilt,Direct coverage-aware sentiment tilt,direct,2022-05-05,False,-0.021354009187672676,0.0,0.0,-0.021354009187672676,0.0,False,1.1578616994850144,1.1546858042171895,-0.05824328509103105
direct_coverage_tilt,Direct coverage-aware sentiment tilt,direct,2022-05-06,False,-0.004087608825985205,0.0,0.0,-0.004087608825985205,0.0,False,1.1531288137829292,1.1499659003326315,-0.06209281815082379
direct_coverage_tilt,Direct coverage-aware sentiment tilt,direct,2022-05-09,False,-0.027679016223799677,0.0,0.0,-0.027679016223799677,0.0,False,1.1212113426381007,1.1181359755205083,-0.08805316625364523
direct_coverage_tilt,Direct coverage-aware sentiment tilt,direct,2022-05-10,False,-0.006540353725844068,0.0,0.0,-0.006540353725844068,0.0,False,1.113878223855819,1.1108229707270125,-0.09401762112550982
direct_coverage_tilt,Direct coverage-aware sentiment tilt,direct,2022-05-11,False,-0.0008585706321806186,0.0,0.0,-0.0008585706321806186,0.0,False,1.1129218807249908,1.1098692507467947,-0.09479547098928465
direct_coverage_tilt,Direct coverage-aware sentiment tilt,direct,2022-05-12,False,0.004048531411871155,0.0,0.0,0.004048531411871155,0.0,False,1.1174275799180646,1.114362591271513,-0.09113072201941674
direct_coverage_tilt,Direct coverage-aware sentiment tilt,direct,2022-05-13,False,0.016834437942971868,0.0,0.0,0.016834437942971868,0.0,False,1.1362388451679606,1.1331222591602426,-0.07583041856097894
direct_coverage_tilt,Direct coverage-aware sentiment tilt,direct,2022-05-16,False,0.002954145409812797,0.0,0.0,0.002954145409812797,0.0,False,1.1395954599368645,1.1364696670808974,-0.07310028723408235
direct_coverage_tilt,Direct coverage-aware sentiment tilt,direct,2022-05-17,False,0.013511701596725649,0.0,0.0,0.013511701596725649,0.0,False,1.1549933337325147,1.1518253060962247,-0.06057629490509853
direct_coverage_tilt,Direct coverage-aware sentiment tilt,direct,2022-05-18,False,-0.02436077471143385,0.0,0.0,-0.02436077471143385,0.0,False,1.126856801336249,1.1237659493074863,-0.0834613841434958
direct_coverage_tilt,Direct coverage-aware sentiment tilt,direct,2022-05-19,False,-0.0024664774169677367,0.0,0.0,-0.0024664774169677367,0.0,False,1.1240774344835966,1.120994205971562,-0.08572200594128476
direct_coverage_tilt,Direct coverage-aware sentiment tilt,direct,2022-05-20,False,0.0023513974315671673,0.0,0.0,0.0023513974315671673,0.0,False,1.126720587275924,1.1236301088682854,-0.08357217501431657
direct_coverage_tilt,Direct coverage-aware sentiment tilt,direct,2022-05-23,False,0.01658656541669374,0.0,0.0,0.01658656541669374,0.0,False,1.1454090120031117,1.1422672731731958,-0.06837178494551333
direct_coverage_tilt,Direct coverage-aware sentiment tilt,direct,2022-05-24,False,0.005308051608845633,0.0,0.0,0.005308051608845633,0.0,False,1.1514889021520613,1.1483304868102946,-0.06342665429974725
direct_coverage_tilt,Direct coverage-aware sentiment tilt,direct,2022-05-25,False,0.006211899153043836,0.0,0.0,0.006211899153043836,0.0,False,1.158641835088079,1.1554637999887258,-0.057608755126828504
direct_coverage_tilt,Direct coverage-aware sentiment tilt,direct,2022-05-26,False,0.009857950702847569,0.0,0.0,0.009857950702847569,0.0,False,1.170063669180634,1.1668543051679396,-0.04831870869207355
direct_coverage_tilt,Direct coverage-aware sentiment tilt,direct,2022-05-27,False,0.016465152145210295,0.0,0.0,0.016465152145210295,0.0,False,1.1893289455132763,1.1860667388338235,-0.03264913143693826
direct_coverage_tilt,Direct coverage-aware sentiment tilt,direct,2022-05-31,False,-0.007473282780830391,0.0,0.0,-0.007473282780830391,0.0,False,1.1804407539840287,1.177202926697581,-0.03987841802599201
direct_coverage_tilt,Direct coverage-aware sentiment tilt,direct,2022-06-01,True,-0.005401457566855239,0.11518849523392476,0.00011518849523392476,-0.005516646062089164,0.0,False,1.1740646533411974,1.1707087148077349,-0.04517506897031576
direct_coverage_tilt,Direct coverage-aware sentiment tilt,direct,2022-06-02,False,0.010323144411390496,0.0,0.0,0.010323144411390496,0.0,False,1.1861846923059476,1.1827941099343684,-0.03531827331970039
direct_coverage_tilt,Direct coverage-aware sentiment tilt,direct,2022-06-03,False,-0.006754706072233661,0.0,0.0,-0.006754706072233661,0.0,False,1.178172363362038,1.1748046833777925,-0.04183441483668071
direct_coverage_tilt,Direct coverage-aware sentiment tilt,direct,2022-06-06,False,-0.0014656227986061155,0.0,0.0,-0.0014656227986061155,0.0,False,1.176445607085607,1.1730828628499248,-0.04323872416313579
direct_coverage_tilt,Direct coverage-aware sentiment tilt,direct,2022-06-07,False,0.009274927497492008,0.0,0.0,0.009274927497492008,0.0,False,1.187357054796069,1.1839631213514081,-0.03436483269734103
direct_coverage_tilt,Direct coverage-aware sentiment tilt,direct,2022-06-08,False,-0.011910240470061546,0.0,0.0,-0.011910240470061546,0.0,False,1.1732153467496238,1.1698618358684283,-0.04586577974626371
direct_coverage_tilt,Direct coverage-aware sentiment tilt,direct,2022-06-09,False,-0.022074962721093716,0.0,0.0,-0.022074962721093716,0.0,False,1.1473166617063109,1.1440371794528026,-0.06692825708928474
direct_coverage_tilt,Direct coverage-aware sentiment tilt,direct,2022-06-10,False,-0.02018093503440132,0.0,0.0,-0.02018093503440132,0.0,False,1.1241627386925297,1.1209494394573258,-0.08575851731540152
direct_coverage_tilt,Direct coverage-aware sentiment tilt,direct,2022-06-13,False,-0.036996641008676154,0.0,0.0,-0.036996641008676154,0.0,False,1.082572493413792,1.0794780754568463,-0.11958238124552345
direct_coverage_tilt,Direct coverage-aware sentiment tilt,direct,2022-06-14,False,-0.008965595777449249,0.0,0.0,-0.008965595777449249,0.0,False,1.0728665860380584,1.0697999113816814,-0.12747584973062043
direct_coverage_tilt,Direct coverage-aware sentiment tilt,direct,2022-06-15,False,0.008060829172279325,0.0,0.0,0.008060829172279325,0.0,False,1.0815147803127576,1.0784233857158485,-0.12044258160661103
direct_coverage_tilt,Direct coverage-aware sentiment tilt,direct,2022-06-16,False,-0.022515167817260547,0.0,0.0,-0.022515167817260547,0.0,False,1.0571642935371681,1.054142502208398,-0.1402459644866546
direct_coverage_tilt,Direct coverage-aware sentiment tilt,direct,2022-06-17,False,-0.004352263772143004,0.0,0.0,-0.004352263772143004,0.0,False,1.0525632356812031,1.04955459598536,-0.14398784082837313
direct_coverage_tilt,Direct coverage-aware sentiment tilt,direct,2022-06-21,False,0.022940192183187262,0.0,0.0,0.022940192183187262,0.0,False,1.0767092385926875,1.0736315801240117,-0.1243507573858309
direct_coverage_tilt,Direct coverage-aware sentiment tilt,direct,2022-06-22,False,0.0007038320504421998,0.0,0.0,0.0007038320504421998,0.0,False,1.0774670610638164,1.0743872364404699,-0.12373444738393358
direct_coverage_tilt,Direct coverage-aware sentiment tilt,direct,2022-06-23,False,0.007433118996788796,0.0,0.0,0.007433118996788796,0.0,False,1.085476001943824,1.082373284617563,-0.11722106125855136
direct_coverage_tilt,Direct coverage-aware sentiment tilt,direct,2022-06-24,False,0.022807192108134724,0.0,0.0,0.022807192108134724,0.0,False,1.1102326616489269,1.1070591800525487,-0.09708735241365984
direct_coverage_tilt,Direct coverage-aware sentiment tilt,direct,2022-06-27,False,-0.001378103309806011,0.0,0.0,-0.001378103309806011,0.0,False,1.1087026463432537,1.105533538132367,-0.09833165932176435
direct_coverage_tilt,Direct coverage-aware sentiment tilt,direct,2022-06-28,False,-0.00962473181536835,0.0,0.0,-0.00962473181536835,0.0,False,1.0980316807092105,1.0948930743149476,-0.10700997528720058
direct_coverage_tilt,Direct coverage-aware sentiment tilt,direct,2022-06-29,False,-0.0019326156794631558,0.0,0.0,-0.0019326156794631558,0.0,False,1.0959096074665247,1.092777066792191,-0.10873578181056465
direct_coverage_tilt,Direct coverage-aware sentiment tilt,direct,2022-06-30,False,-0.006075484331133085,0.0,0.0,-0.006075484331133085,0.0,False,1.0892514258180237,1.0861379168454735,-0.11415064360307414
direct_coverage_tilt,Direct coverage-aware sentiment tilt,direct,2022-07-01,True,0.012982224435356477,0.1339159710528259,0.0001339159710528259,0.01284830846430365,0.0,False,1.1033923322945254,1.1000929518358802,-0.1027689778191817
direct_coverage_tilt,Direct coverage-aware sentiment tilt,direct,2022-07-05,False,-0.00622990229659915,0.0,0.0,-0.00622990229659915,0.0,False,1.0965183058695138,1.0932394802287653,-0.10835863942484603
direct_coverage_tilt,Direct coverage-aware sentiment tilt,direct,2022-07-06,False,0.0005542497568935744,0.0,0.0,0.0005542497568935744,0.0,False,1.0971260508739713,1.0938454079449085,-0.107864447417511
direct_coverage_tilt,Direct coverage-aware sentiment tilt,direct,2022-07-07,False,0.009052793016011513,0.0,0.0,0.009052793016011513,0.0,False,1.1070581059250075,1.1037477640145485,-0.09978812891775657
direct_coverage_tilt,Direct coverage-aware sentiment tilt,direct,2022-07-08,False,-0.0029894044289104577,0.0,0.0,-0.0029894044289104577,0.0,False,1.103748661520094,1.1004482155604034,-0.10247922627212769
direct_coverage_tilt,Direct coverage-aware sentiment tilt,direct,2022-07-11,False,-0.005055394813859061,0.0,0.0,-0.005055394813859061,0.0,False,1.0981687762608414,1.0948850153585388,-0.10701654813696238
direct_coverage_tilt,Direct coverage-aware sentiment tilt,direct,2022-07-12,False,-0.003757894010740062,0.0,0.0,-0.003757894010740062,0.0,False,1.094041974393749,1.090770553516874,-0.1103722853024085
direct_coverage_tilt,Direct coverage-aware sentiment tilt,direct,2022-07-13,False,-0.003811907010851578,0.0,0.0,-0.003811907010851578,0.0,False,1.0898715881213916,1.0866126375966925,-0.11376346342511212
direct_coverage_tilt,Direct coverage-aware sentiment tilt,direct,2022-07-14,False,-0.003048282685353136,0.0,0.0,-0.003048282685353136,0.0,False,1.0865493514300628,1.0833003351078205,-0.11646496291468067
direct_coverage_tilt,Direct coverage-aware sentiment tilt,direct,2022-07-15,False,0.016162179362084025,0.0,0.0,0.016162179362084025,0.0,False,1.1041103569336317,1.100808829426839,-0.10218511117262208
direct_coverage_tilt,Direct coverage-aware sentiment tilt,direct,2022-07-18,False,-0.006573145072505332,0.0,0.0,-0.006573145072505332,0.0,False,1.0968528793814514,1.0935730532939216,-0.1080865786851396
direct_coverage_tilt,Direct coverage-aware sentiment tilt,direct,2022-07-19,False,0.022445685826162583,0.0,0.0,0.022445685826162583,0.0,False,1.1214724945095693,1.1181190504761143,-0.08806697024616861
direct_coverage_tilt,Direct coverage-aware sentiment tilt,direct,2022-07-20,False,-0.0004880676881081781,0.0,0.0,-0.0004880676881081781,0.0,False,1.1209251400218971,1.1175733326961186,-0.08851205529171013
direct_coverage_tilt,Direct coverage-aware sentiment tilt,direct,2022-07-21,False,0.0043932205841077975,0.0,0.0,0.0043932205841077975,0.0,False,1.1258496114202852,1.122483078865569,-0.0845076876908516
direct_coverage_tilt,Direct coverage-aware sentiment tilt,direct,2022-07-22,False,-0.00279888307561278,0.0,0.0,-0.00279888307561278,0.0,False,1.1226984899971957,1.1193413799734704,-0.08707004362962734
direct_coverage_tilt,Direct coverage-aware sentiment tilt,direct,2022-07-25,False,0.0020119697961226615,0.0,0.0,0.0020119697961226615,0.0,False,1.1249573254492227,1.1215934610215272,-0.08523325613143462
direct_coverage_tilt,Direct coverage-aware sentiment tilt,direct,2022-07-26,False,-0.00436876351979882,0.0,0.0,-0.00436876351979882,0.0,False,1.1200426529244696,1.1166934844249714,-0.0892296557111728
direct_coverage_tilt,Direct coverage-aware sentiment tilt,direct,2022-07-27,False,0.009290429831202134,0.0,0.0,0.009290429831202134,0.0,False,1.130448330599418,1.1270680468849823,-0.08076820773521753
direct_coverage_tilt,Direct coverage-aware sentiment tilt,direct,2022-07-28,False,0.010085379458665146,0.0,0.0,0.010085379458665146,0.0,False,1.1418493309719275,1.1384349558135538,-0.07149740629975854
direct_coverage_tilt,Direct coverage-aware sentiment tilt,direct,2022-07-29,False,0.007067333151723622,0.0,0.0,0.007067333151723622,0.0,False,1.149919160602979,1.1464806549178561,-0.06493536913783926
direct_coverage_tilt,Direct coverage-aware sentiment tilt,direct,2022-08-01,True,-0.002656253682540814,0.1394096539237715,0.0001394096539237715,-0.0027956633364645857,0.0,False,1.1468646835980032,1.1432754809849364,-0.06754949504356544
direct_coverage_tilt,Direct coverage-aware sentiment tilt,direct,2022-08-02,False,-0.00834765976077129,0.0,0.0,-0.00834765976077129,0.0,False,1.1372910474276825,1.133731806256842,-0.07533327460270112
direct_coverage_tilt,Direct coverage-aware sentiment tilt,direct,2022-08-03,False,0.0064463128224437165,0.0,0.0,0.0064463128224437165,0.0,False,1.144622381289566,1.1410401961367278,-0.06937258363428545
direct_coverage_tilt,Direct coverage-aware sentiment tilt,direct,2022-08-04,False,-0.0026738226498847204,0.0,0.0,-0.0026738226498847204,0.0,False,1.1415618640409089,1.1379892570158685,-0.07186091629876779
direct_coverage_tilt,Direct coverage-aware sentiment tilt,direct,2022-08-05,False,0.0002361722949909456,0.0,0.0,0.0002361722949909456,0.0,False,1.1418314693262135,1.1382580185503728,-0.07164171556129939
direct_coverage_tilt,Direct coverage-aware sentiment tilt,direct,2022-08-08,False,0.0007128345911449351,0.0,0.0,0.0007128345911449351,0.0,False,1.142645406294807,1.1390694082396435,-0.07097994966317556
direct_coverage_tilt,Direct coverage-aware sentiment tilt,direct,2022-08-09,False,0.002224020209630582,0.0,0.0,0.002224020209630582,0.0,False,1.1451866727708484,1.1416027216237405,-0.06891379029607436
direct_coverage_tilt,Direct coverage-aware sentiment tilt,direct,2022-08-10,False,0.012790231603917929,0.0,0.0,0.012790231603917929,0.0,False,1.1598338755453077,1.156204084832971,-0.05700498203074722
direct_coverage_tilt,Direct coverage-aware sentiment tilt,direct,2022-08-11,False,0.0035119056769182333,0.0,0.0,0.0035119056769182333,0.0,False,1.1639071027171173,1.160264564522172,-0.053693272473835374
direct_coverage_tilt,Direct coverage-aware sentiment tilt,direct,2022-08-12,False,0.014654908200586266,0.0,0.0,0.014654908200586266,0.0,False,1.180964054461447,1.1772681352036376,-0.0398252342523423
direct_coverage_tilt,Direct coverage-aware sentiment tilt,direct,2022-08-15,False,0.00512951237734991,0.0,0.0,0.00512951237734991,0.0,False,1.1870218241960122,1.1833069466746242,-0.03490000590702069
direct_coverage_tilt,Direct coverage-aware sentiment tilt,direct,2022-08-16,False,0.0036140754642549153,0.0,0.0,0.0036140754642549153,0.0,False,1.191311810646374,1.1875835072772833,-0.03141206169781674
direct_coverage_tilt,Direct coverage-aware sentiment tilt,direct,2022-08-17,False,-0.006186733940875079,0.0,0.0,-0.006186733940875079,0.0,False,1.1839414814332827,1.1802362440851875,-0.03740445757043309
direct_coverage_tilt,Direct coverage-aware sentiment tilt,direct,2022-08-18,False,0.002640991150037833,0.0,0.0,0.002640991150037833,0.0,False,1.1870682604079106,1.1833532375607703,-0.03486225126181075
direct_coverage_tilt,Direct coverage-aware sentiment tilt,direct,2022-08-19,False,-0.005830379702105812,0.0,0.0,-0.005830379702105812,0.0,False,1.1801472017174144,1.1764538388640748,-0.04048937080178994
direct_coverage_tilt,Direct coverage-aware sentiment tilt,direct,2022-08-22,False,-0.016958910821579964,0.0,0.0,-0.016958910821579964,0.0,False,1.1601331905671517,1.1565024631250735,-0.056761625994720566
direct_coverage_tilt,Direct coverage-aware sentiment tilt,direct,2022-08-23,False,-0.00022069752901292635,0.0,0.0,-0.00022069752901292635,0.0,False,1.1598771520386677,1.1562472258891645,-0.0569697963731336
direct_coverage_tilt,Direct coverage-aware sentiment tilt,direct,2022-08-24,False,0.0021538747598704184,0.0,0.0,0.0021538747598704184,0.0,False,1.1623753821609941,1.1587376376051772,-0.05493862741974642
direct_coverage_tilt,Direct coverage-aware sentiment tilt,direct,2022-08-25,False,0.010654060493718658,0.0,0.0,0.010654060493718658,0.0,False,1.1747593997989467,1.1710828984925714,-0.04486988638599965
direct_coverage_tilt,Direct coverage-aware sentiment tilt,direct,2022-08-26,False,-0.02378643564557608,0.0,0.0,-0.02378643564557608,0.0,False,1.1468160609365936,1.1432270104919433,-0.06758902736663064
direct_coverage_tilt,Direct coverage-aware sentiment tilt,direct,2022-08-29,False,-0.0022360547272743765,0.0,0.0,-0.0022360547272743765,0.0,False,1.1442517174622222,1.140670692330785,-0.06967394932975002
direct_coverage_tilt,Direct coverage-aware sentiment tilt,direct,2022-08-30,False,-0.013380475070311825,0.0,0.0,-0.013380475070311825,0.0,False,1.1289410858825575,1.1254079765686176,-0.08212215385800503
direct_coverage_tilt,Direct coverage-aware sentiment tilt,direct,2022-08-31,False,-0.006467742474735312,0.0,0.0,-0.006467742474735312,0.0,False,1.121639385669921,1.1181291275971588,-0.08805875139011621
direct_coverage_tilt,Direct coverage-aware sentiment tilt,direct,2022-09-01,True,0.002721419998018897,0.1032143716515784,0.0001032143716515784,0.0026182056263673184,0.0,False,1.1246918375246489,1.1210566195700389,-0.08567110168208925
direct_coverage_tilt,Direct coverage-aware sentiment tilt,direct,2022-09-02,False,-0.00996915537154568,0.0,0.0,-0.00996915537154568,0.0,False,1.1134796098512565,1.1098806319492454,-0.09478618853011478
direct_coverage_tilt,Direct coverage-aware sentiment tilt,direct,2022-09-06,False,-0.003229087045727525,0.0,0.0,-0.003229087045727525,0.0,False,1.109884087267404,1.106296730778314,-0.09770920272234596
direct_coverage_tilt,Direct coverage-aware sentiment tilt,direct,2022-09-07,False,0.016280631853172634,0.0,0.0,0.016280631853172634,0.0,False,1.127953701491899,1.124307940572484,-0.08301933842736298
direct_coverage_tilt,Direct coverage-aware sentiment tilt,direct,2022-09-08,False,0.0035068746922037788,0.0,0.0,0.0035068746922037788,0.0,False,1.1319092937816386,1.1282507476355215,-0.07980360215205351
direct_coverage_tilt,Direct coverage-aware sentiment tilt,direct,2022-09-09,False,0.012975382583041012,0.0,0.0,0.012975382583041012,0.0,False,1.146596249917755,1.1428902327356945,-0.06786370183844026
direct_coverage_tilt,Direct coverage-aware sentiment tilt,direct,2022-09-12,False,0.008883269968804314,0.0,0.0,0.008883269968804314,0.0,False,1.1567817739509931,1.1530428352177953,-0.059583283454149205
direct_coverage_tilt,Direct coverage-aware sentiment tilt,direct,2022-09-13,False,-0.036463932591589115,0.0,0.0,-0.036463932591589115,0.0,False,1.1146009613224652,1.1109983589991987,-0.09387457521428066
direct_coverage_tilt,Direct coverage-aware sentiment tilt,direct,2022-09-14,False,0.0035990793531534174,0.0,0.0,0.0035990793531534174,0.0,False,1.118612498629366,1.1149969302544602,-0.09061335790656688
direct_coverage_tilt,Direct coverage-aware sentiment tilt,direct,2022-09-15,False,-0.016629040456688962,0.0,0.0,-0.016629040456688962,0.0,False,1.1000110461343002,1.0964556011921747,-0.10573558516871129
direct_coverage_tilt,Direct coverage-aware sentiment tilt,direct,2022-09-16,False,-0.005250858819196735,0.0,0.0,-0.005250858819196735,0.0,False,1.094235043431492,1.090698267628797,-0.11043124135802196
direct_coverage_tilt,Direct coverage-aware sentiment tilt,direct,2022-09-19,False,0.005589072055515146,0.0,0.0,0.005589072055515146,0.0,False,1.1003508019349004,1.0967942588374,-0.10545937746763667
direct_coverage_tilt,Direct coverage-aware sentiment tilt,direct,2022-09-20,False,-0.015320681415799623,0.0,0.0,-0.015320681415799623,0.0,False,1.0834926778528362,1.0799906234190741,-0.11916434935894615
direct_coverage_tilt,Direct coverage-aware sentiment tilt,direct,2022-09-21,False,-0.01625435656572899,0.0,0.0,-0.01625435656572899,0.0,False,1.0658812015306598,1.0624360707383766,-0.13348176610027163
direct_coverage_tilt,Direct coverage-aware sentiment tilt,direct,2022-09-22,False,-0.006423124939037998,0.0,0.0,-0.006423124939037998,0.0,False,1.0590349134030566,1.0556119111162834,-0.1390475209785642
direct_coverage_tilt,Direct coverage-aware sentiment tilt,direct,2022-09-23,False,-0.0210302249343072,0.0,0.0,-0.0210302249343072,0.0,False,1.0367631709609058,1.033412155182174,-0.15715354527013436
direct_coverage_tilt,Direct coverage-aware sentiment tilt,direct,2022-09-26,False,-0.015757261843070313,0.0,0.0,-0.015757261843070313,0.0,False,1.0204266222068228,1.0171284092611568,-0.17043449755081652
direct_coverage_tilt,Direct coverage-aware sentiment tilt,direct,2022-09-27,False,-0.005882314206527833,0.0,0.0,-0.005882314206527833,0.0,False,1.0144241521902964,1.0111453403694968,-0.1753142624911188
direct_coverage_tilt,Direct coverage-aware sentiment tilt,direct,2022-09-28,False,0.02062541374810109,0.0,0.0,0.02062541374810109,0.0,False,1.0353470700452878,1.0320006313740822,-0.15830477794284015
direct_coverage_tilt,Direct coverage-aware sentiment tilt,direct,2022-09-29,False,-0.020242347258697085,0.0,0.0,-0.020242347258697085,0.0,False,1.0143892151201566,1.0111105162226133,-0.17534266491370742
direct_coverage_tilt,Direct coverage-aware sentiment tilt,direct,2022-09-30,False,-0.01425023117076743,0.0,0.0,-0.01425023117076743,0.0,False,0.9999339343075611,0.9967019576272471,-0.18709422257535602
direct_coverage_tilt,Direct coverage-aware sentiment tilt,direct,2022-10-03,True,0.02985026203516776,0.11043959140807652,0.00011043959140807653,0.029739822443759684,0.0,False,1.0297822242644978,1.0263436968764292,-0.1629185490912406
direct_coverage_tilt,Direct coverage-aware sentiment tilt,direct,2022-10-04,False,0.02677453649032898,0.0,0.0,0.02677453649032898,0.0,False,1.0573541660051597,1.0538235736400663,-0.1405060812385066
direct_coverage_tilt,Direct coverage-aware sentiment tilt,direct,2022-10-05,False,-0.004338396990404277,0.0,0.0,-0.004338396990404277,0.0,False,1.0527669438735716,1.049251668619769,-0.14423490706893227
direct_coverage_tilt,Direct coverage-aware sentiment tilt,direct,2022-10-06,False,-0.012166305883996819,0.0,0.0,-0.012166305883996819,0.0,False,1.0399586592098453,1.0364861518700468,-0.1546464069543787
direct_coverage_tilt,Direct coverage-aware sentiment tilt,direct,2022-10-07,False,-0.019831194830159146,0.0,0.0,-0.019831194830159146,0.0,False,1.0193350364237437,1.0159313930535498,-0.17141077875844157
direct_coverage_tilt,Direct coverage-aware sentiment tilt,direct,2022-10-10,False,-0.003409690609566333,0.0,0.0,-0.003409690609566333,0.0,False,1.0158594193220478,1.0124673813226917,-0.17423601164529667
direct_coverage_tilt,Direct coverage-aware sentiment tilt,direct,2022-10-11,False,-0.00021913216795468654,0.0,0.0,-0.00021913216795468654,0.0,False,1.0156368118451546,1.012245517150439,-0.1744169630982838
direct_coverage_tilt,Direct coverage-aware sentiment tilt,direct,2022-10-12,False,-0.00611428177471255,0.0,0.0,-0.00611428177471255,0.0,False,1.0094269221967627,1.0060563628333916,-0.17946481041432372
direct_coverage_tilt,Direct coverage-aware sentiment tilt,direct,2022-10-13,False,0.027878475319703094,0.0,0.0,0.027878475319703094,0.0,False,1.0375682057342688,1.0341036803148724,-0.15658954038251172
direct_coverage_tilt,Direct coverage-aware sentiment tilt,direct,2022-10-14,False,-0.015951894249052023,0.0,0.0,-0.015951894249052023,0.0,False,1.021017027440217,1.0176077677639341,-0.17004353484287416
direct_coverage_tilt,Direct coverage-aware sentiment tilt,direct,2022-10-17,False,0.01772932287249216,0.0,0.0,0.01772932287249216,0.0,False,1.0391189679780168,1.035649264436177,-0.1553289687019912
direct_coverage_tilt,Direct coverage-aware sentiment tilt,direct,2022-10-18,False,0.01212484584733972,0.0,0.0,0.01212484584733972,0.0,False,1.051718125281797,1.0482063521193765,-0.1450874626557893
direct_coverage_tilt,Direct coverage-aware sentiment tilt,direct,2022-10-19,False,-0.008594605891136567,0.0,0.0,-0.008594605891136567,0.0,False,1.042679022486435,1.0391974316303245,-0.15243509898565433
direct_coverage_tilt,Direct coverage-aware sentiment tilt,direct,2022-10-20,False,-0.004475628508325728,0.0,0.0,-0.004475628508325728,0.0,False,1.0380123785283615,1.034546369979541,-0.1562284846192904
direct_coverage_tilt,Direct coverage-aware sentiment tilt,direct,2022-10-21,False,0.023391420318441512,0.0,0.0,0.023391420318441512,0.0,False,1.0622929623702637,1.0587458789586504,-0.13649147045029186
direct_coverage_tilt,Direct coverage-aware sentiment tilt,direct,2022-10-24,False,0.00979900676340209,0.0,0.0,0.00979900676340209,0.0,False,1.0727023782932446,1.0691205369872903,-0.12802994452897887
direct_coverage_tilt,Direct coverage-aware sentiment tilt,direct,2022-10-25,False,0.013840960739525225,0.0,0.0,0.013840960739525225,0.0,False,1.0875496097963966,1.0839181923655514,-0.11596104122516293
direct_coverage_tilt,Direct coverage-aware sentiment tilt,direct,2022-10-26,False,0.007811644469116521,0.0,0.0,0.007811644469116521,0.0,False,1.0960451606906525,1.0923853759179185,-0.10905524318236592
direct_coverage_tilt,Direct coverage-aware sentiment tilt,direct,2022-10-27,False,0.00042717154501896015,0.0,0.0,0.00042717154501896015,0.0,False,1.0965133599953554,1.0928520118667056,-0.10867465693406952
direct_coverage_tilt,Direct coverage-aware sentiment tilt,direct,2022-10-28,False,0.021843667250345616,0.0,0.0,0.021843667250345616,0.0,False,1.1204652329666525,1.1167239075677928,-0.08920484272833706
direct_coverage_tilt,Direct coverage-aware sentiment tilt,direct,2022-10-31,False,-0.0063805388929614945,0.0,0.0,-0.0063805388929614945,0.0,False,1.1133160609694974,1.1095986072428565,-0.09501620665282995
direct_coverage_tilt,Direct coverage-aware sentiment tilt,direct,2022-11-01,True,0.0016500906010016307,0.12879331988946288,0.00012879331988946289,0.0015212972811121678,0.0,False,1.1151531333376474,1.111286636587181,-0.09363945726856027
direct_coverage_tilt,Direct coverage-aware sentiment tilt,direct,2022-11-02,False,-0.01583605061889857,0.0,0.0,-0.01583605061889857,0.0,False,1.097493511870289,1.0936882451580807,-0.10799262870222781
direct_coverage_tilt,Direct coverage-aware sentiment tilt,direct,2022-11-03,False,-0.0026623633379500512,0.0,0.0,-0.0026623633379500512,0.0,False,1.0945715853806477,1.090776449671025,-0.11036747642475209
direct_coverage_tilt,Direct coverage-aware sentiment tilt,direct,2022-11-04,False,0.014671115240140736,0.0,0.0,0.014671115240140736,0.0,False,1.1106301712483506,1.10677935666538,-0.09731557515000255
direct_coverage_tilt,Direct coverage-aware sentiment tilt,direct,2022-11-07,False,0.0042027902933576946,0.0,0.0,0.0042027902933576946,0.0,False,1.1152979169515833,1.111430918202462,-0.0935217818112779
direct_coverage_tilt,Direct coverage-aware sentiment tilt,direct,2022-11-08,False,0.0068984469805533286,0.0,0.0,0.0068984469805533286,0.0,False,1.1229917404991954,1.1190980654642293,-0.08726848988407654
direct_coverage_tilt,Direct coverage-aware sentiment tilt,direct,2022-11-09,False,-0.018311312848411636,0.0,0.0,-0.018311312848411636,0.0,False,1.1024282874127325,1.0986059106794617,-0.10398180211241237
direct_coverage_tilt,Direct coverage-aware sentiment tilt,direct,2022-11-10,False,0.0436818110786638,0.0,0.0,0.0436818110786638,0.0,False,1.1505843515912704,1.1465950065196653,-0.06484210446924199
direct_coverage_tilt,Direct coverage-aware sentiment tilt,direct,2022-11-11,False,0.006305449963924893,0.0,0.0,0.006305449963924893,0.0,False,1.157839303649504,1.153824803962161,-0.05894551315060359
direct_coverage_tilt,Direct coverage-aware sentiment tilt,direct,2022-11-14,False,-0.009355881779693275,0.0,0.0,-0.009355881779693275,0.0,False,1.147006696004677,1.1430297555018132,-0.06774990767781652
direct_coverage_tilt,Direct coverage-aware sentiment tilt,direct,2022-11-15,False,0.009254625443173129,0.0,0.0,0.009254625443173129,0.0,False,1.1576218133570118,1.1536080677593843,-0.05912228225401106
direct_coverage_tilt,Direct coverage-aware sentiment tilt,direct,2022-11-16,False,-0.006786825914543567,0.0,0.0,-0.006786825914543567,0.0,False,1.1497652356348795,1.1457787306298883,-0.06550785553122618
direct_coverage_tilt,Direct coverage-aware sentiment tilt,direct,2022-11-17,False,-0.0029003346245434925,0.0,0.0,-0.0029003346245434925,0.0,False,1.1464305317118713,1.142455588905377,-0.06821819545419294
direct_coverage_tilt,Direct coverage-aware sentiment tilt,direct,2022-11-18,False,0.0069704088011903545,0.0,0.0,0.0069704088011903545,0.0,False,1.154421621180069,1.1504189713972521,-0.0617232953629977
direct_coverage_tilt,Direct coverage-aware sentiment tilt,direct,2022-11-21,False,0.001828414199816516,0.0,0.0,0.001828414199816516,0.0,False,1.1565323820648101,1.1525224137802932,-0.060007736912882415
direct_coverage_tilt,Direct coverage-aware sentiment tilt,direct,2022-11-22,False,0.012749687366394782,0.0,0.0,0.012749687366394782,0.0,False,1.1712778083652484,1.1672167142387546,-0.048023129431691736
direct_coverage_tilt,Direct coverage-aware sentiment tilt,direct,2022-11-23,False,0.0034391189440869585,0.0,0.0,0.0034391189440869585,0.0,False,1.175305972064786,1.171230911352548,-0.04474916774178761
direct_coverage_tilt,Direct coverage-aware sentiment tilt,direct,2022-11-25,False,0.0018968635259433422,0.0,0.0,0.0018968635259433422,0.0,False,1.177535367095019,1.17345257654875,-0.042937187279950106
direct_coverage_tilt,Direct coverage-aware sentiment tilt,direct,2022-11-28,False,-0.01643719202011292,0.0,0.0,-0.01643719202011292,0.0,False,1.158179992155604,1.1541643112215219,-0.05866861250793898
direct_coverage_tilt,Direct coverage-aware sentiment tilt,direct,2022-11-29,False,0.003075237135744187,0.0,0.0,0.003075237135744187,0.0,False,1.1617416702773566,1.1577136401721408,-0.055773795268081794
direct_coverage_tilt,Direct coverage-aware sentiment tilt,direct,2022-11-30,False,0.022195587298223955,0.0,0.0,0.022195587298223955,0.0,False,1.1875272089379822,1.1834097743389262,-0.03481614011168388
direct_coverage_tilt,Direct coverage-aware sentiment tilt,direct,2022-12-01,True,0.00043269397779596106,0.15308940605349658,0.00015308940605349657,0.0002796045717424645,0.0,False,1.1880410448097585,1.183740661122076,-0.03454627029188717
direct_coverage_tilt,Direct coverage-aware sentiment tilt,direct,2022-12-02,False,0.0025673282111296518,0.0,0.0,0.0025673282111296518,0.0,False,1.1910911361000784,1.186779711916036,-0.032067633695067155
direct_coverage_tilt,Direct coverage-aware sentiment tilt,direct,2022-12-05,False,-0.014960514574036372,0.0,0.0,-0.014960514574036372,0.0,False,1.1732717997994477,1.1690248767397453,-0.04654839996785376
direct_coverage_tilt,Direct coverage-aware sentiment tilt,direct,2022-12-06,False,-0.009797418679364591,0.0,0.0,-0.009797418679364591,0.0,False,1.1617767647521209,1.1575714505757335,-0.05588976448387861
direct_coverage_tilt,Direct coverage-aware sentiment tilt,direct,2022-12-07,False,0.0002771601390110471,0.0,0.0,0.0002771601390110471,0.0,False,1.1620987629617394,1.1578922832398904,-0.05562809475976127
direct_coverage_tilt,Direct coverage-aware sentiment tilt,direct,2022-12-08,False,0.006028453933456223,0.0,0.0,0.006028453933456223,0.0,False,1.1691044218203808,1.1648725835293066,-0.049934992232970044
direct_coverage_tilt,Direct coverage-aware sentiment tilt,direct,2022-12-09,False,-0.011737219666136257,0.0,0.0,-0.011737219666136257,0.0,False,1.1553823864088237,1.1512002181333634,-0.06108611392624119
direct_coverage_tilt,Direct coverage-aware sentiment tilt,direct,2022-12-12,False,0.014419651026472049,0.0,0.0,0.014419651026472049,0.0,False,1.1720425972229713,1.167800123540445,-0.047547303345148895
direct_coverage_tilt,Direct coverage-aware sentiment tilt,direct,2022-12-13,False,0.007582527686441307,0.0,0.0,0.007582527686441307,0.0,False,1.1809296426661031,1.17665500030942,-0.04032530440273774
direct_coverage_tilt,Direct coverage-aware sentiment tilt,direct,2022-12-14,False,-0.006553922576376161,0.0,0.0,-0.006553922576376161,0.0,False,1.173189921219922,1.1689432945382863,-0.04661493805618955
direct_coverage_tilt,Direct coverage-aware sentiment tilt,direct,2022-12-15,False,-0.020261355647140225,0.0,0.0,-0.020261355647140225,0.0,False,1.1494195029844447,1.1452589187163063,-0.06593181186490393
direct_coverage_tilt,Direct coverage-aware sentiment tilt,direct,2022-12-16,False,-0.008349565428108267,0.0,0.0,-0.008349565428108267,0.0,False,1.1398223496399325,1.13569650444236,-0.07373087531605238
direct_coverage_tilt,Direct coverage-aware sentiment tilt,direct,2022-12-19,False,-0.00516755077915544,0.0,0.0,-0.00516755077915544,0.0,False,1.1339322597689518,1.1298277350859447,-0.0785174180530206
direct_coverage_tilt,Direct coverage-aware sentiment tilt,direct,2022-12-20,False,0.003308932120052556,0.0,0.0,0.003308932120052556,0.0,False,1.137684364645265,1.1335662583686967,-0.0754682947395473
direct_coverage_tilt,Direct coverage-aware sentiment tilt,direct,2022-12-21,False,0.015463549407837916,0.0,0.0,0.015463549407837916,0.0,False,1.1552770030284818,1.151095216212039,-0.06117175303613975
direct_coverage_tilt,Direct coverage-aware sentiment tilt,direct,2022-12-22,False,-0.008535776548864466,0.0,0.0,-0.008535776548864466,0.0,False,1.1454158166785888,1.141269724659986,-0.0691853811699854
direct_coverage_tilt,Direct coverage-aware sentiment tilt,direct,2022-12-23,False,0.007231184906757197,0.0,0.0,0.007231184906757197,0.0,False,1.153698530244116,1.1495224570674865,-0.062454488547312836
direct_coverage_tilt,Direct coverage-aware sentiment tilt,direct,2022-12-27,False,0.0020868301986670945,0.0,0.0,0.0020868301986670945,0.0,False,1.1561061031771873,1.151921315244941,-0.06049799026138847
direct_coverage_tilt,Direct coverage-aware sentiment tilt,direct,2022-12-28,False,-0.012590450490689999,0.0,0.0,-0.012590450490689999,0.0,False,1.1415502065231504,1.137418106956179,-0.0723267438009062
direct_coverage_tilt,Direct coverage-aware sentiment tilt,direct,2022-12-29,False,0.01089223793435112,0.0,0.0,0.01089223793435112,0.0,False,1.153984242986608,1.1498071356079849,-0.06222230596905154
direct_coverage_tilt,Direct coverage-aware sentiment tilt,direct,2022-12-30,False,-0.0020969386173775887,0.0,0.0,-0.0020969386173775887,0.0,False,1.1515644088636443,1.1473960606227922,-0.06418876823018027
direct_coverage_tilt,Direct coverage-aware sentiment tilt,direct,2023-01-03,True,0.0013656149457576265,0.12070210371039905,0.00012070210371039906,0.0012449128420472274,0.0,False,1.1531370024313912,1.148824468713576,-0.06302376481001792
direct_coverage_tilt,Direct coverage-aware sentiment tilt,direct,2023-01-04,False,0.015211467122557368,0.0,0.0,0.015211467122557368,0.0,False,1.1706779080316807,1.166299774349002,-0.048770981613807884
direct_coverage_tilt,Direct coverage-aware sentiment tilt,direct,2023-01-05,False,-0.0047795972158682105,0.0,0.0,-0.0047795972158682105,0.0,False,1.165082539161774,1.160725331194656,-0.053317473181739516
direct_coverage_tilt,Direct coverage-aware sentiment tilt,direct,2023-01-06,False,0.021646203320431077,0.0,0.0,0.021646203320431077,0.0,False,1.1903021526895539,1.18585062771287,-0.03282539072633217
direct_coverage_tilt,Direct coverage-aware sentiment tilt,direct,2023-01-09,False,-0.00331109335071347,0.0,0.0,-0.00331109335071347,0.0,False,1.1863609511464437,1.1819241655845105,-0.03602779614407703
direct_coverage_tilt,Direct coverage-aware sentiment tilt,direct,2023-01-10,False,0.0062778796425576044,0.0,0.0,0.0062778796425576044,0.0,False,1.1938087824103711,1.1893441432426803,-0.029976094669498576
direct_coverage_tilt,Direct coverage-aware sentiment tilt,direct,2023-01-11,False,0.007843697915674887,0.0,0.0,0.007843697915674887,0.0,False,1.2031726578686777,1.1986729994200531,-0.022367520185102907
direct_coverage_tilt,Direct coverage-aware sentiment tilt,direct,2023-01-12,False,0.0051268300506689055,0.0,0.0,0.0051268300506689055,0.0,False,1.209341119607182,1.2048183921744051,-0.01735536460907805
direct_coverage_tilt,Direct coverage-aware sentiment tilt,direct,2023-01-13,False,0.002909869181841591,0.0,0.0,0.002909869181841591,0.0,False,1.2128601440614608,1.2083242560835095,-0.014495997267852001
direct_coverage_tilt,Direct coverage-aware sentiment tilt,direct,2023-01-17,False,-0.004888569860815111,0.0,0.0,-0.004888569860815111,0.0,False,1.206930992515818,1.2024172785431277,-0.01931370243332109
direct_coverage_tilt,Direct coverage-aware sentiment tilt,direct,2023-01-18,False,-0.017096366390056253,0.0,0.0,-0.017096366390056253,0.0,False,1.1862968580602533,1.18186031219542,-0.036079874690228775
direct_coverage_tilt,Direct coverage-aware sentiment tilt,direct,2023-01-19,False,-0.005692902986494449,0.0,0.0,-0.005692902986494449,0.0,False,1.179543385134133,1.1751320960945035,-0.04156737845034686
direct_coverage_tilt,Direct coverage-aware sentiment tilt,direct,2023-01-20,False,0.012995985065408038,0.0,0.0,0.012995985065408038,0.0,False,1.194872713351337,1.1904040952652293,-0.029111602414487736
direct_coverage_tilt,Direct coverage-aware sentiment tilt,direct,2023-01-23,False,0.007552983609383758,0.0,0.0,0.007552983609383758,0.0,False,1.2038975673705796,1.1993951978853108,-0.021778498260983548
direct_coverage_tilt,Direct coverage-aware sentiment tilt,direct,2023-01-24,False,-0.002799729800492409,0.0,0.0,-0.002799729800492409,0.0,False,1.200526979474472,1.1960372154072239,-0.024517254150884682
direct_coverage_tilt,Direct coverage-aware sentiment tilt,direct,2023-01-25,False,0.0014867434996657988,0.0,0.0,0.0014867434996657988,0.0,False,1.202311855157379,1.197815415962589,-0.023066961519457307
direct_coverage_tilt,Direct coverage-aware sentiment tilt,direct,2023-01-26,False,0.007786719569331002,0.0,0.0,0.007786719569331002,0.0,False,1.2116739204083717,1.2071424687025112,-0.01545985791079485
direct_coverage_tilt,Direct coverage-aware sentiment tilt,direct,2023-01-27,False,-0.0025228794688440565,0.0,0.0,-0.0025228794688440565,0.0,False,1.2086170131516396,1.2040969937522519,-0.017943734021524604
direct_coverage_tilt,Direct coverage-aware sentiment tilt,direct,2023-01-30,False,-0.00937699215335705,0.0,0.0,-0.00937699215335705,0.0,False,1.1972838209029029,1.1928061856899561,-0.02715246792175996
direct_coverage_tilt,Direct coverage-aware sentiment tilt,direct,2023-01-31,False,0.010990008274910297,0.0,0.0,0.010990008274910297,0.0,False,1.210441980002042,1.205915135541053,-0.01646086549399406
direct_coverage_tilt,Direct coverage-aware sentiment tilt,direct,2023-02-01,True,0.0013578242543272794,0.0926451529168084,9.26451529168084e-05,0.001265179101410471,0.0,False,1.2120855474809449,1.207440834168614,-0.01521651233559762
direct_coverage_tilt,Direct coverage-aware sentiment tilt,direct,2023-02-02,False,-0.003683774839654559,0.0,0.0,-0.003683774839654559,0.0,False,1.2076204972376257,1.202992894003332,-0.01884423296996307
direct_coverage_tilt,Direct coverage-aware sentiment tilt,direct,2023-02-03,False,-0.011843106088510748,0.0,0.0,-0.011843106088510748,0.0,False,1.1933185195741802,1.188745721535926,-0.03046416480825398
direct_coverage_tilt,Direct coverage-aware sentiment tilt,direct,2023-02-06,False,-0.0014290608469933839,0.0,0.0,-0.0014290608469933839,0.0,False,1.1916131947998647,1.1870469315682481,-0.03184969051008357
direct_coverage_tilt,Direct coverage-aware sentiment tilt,direct,2023-02-07,False,0.007721388410299483,0.0,0.0,0.007721388410299483,0.0,False,1.2008141031117525,1.1962125819881408,-0.02437422593096017
direct_coverage_tilt,Direct coverage-aware sentiment tilt,direct,2023-02-08,False,-0.009551069035972045,0.0,0.0,-0.009551069035972045,0.0,False,1.1893450447135634,1.1847874730358738,-0.033692495052367155
direct_coverage_tilt,Direct coverage-aware sentiment tilt,direct,2023-02-09,False,-0.008646123394359273,0.0,0.0,-0.008646123394359273,0.0,False,1.1790618206985002,1.1745436543479144,-0.04204730897704001
direct_coverage_tilt,Direct coverage-aware sentiment tilt,direct,2023-02-10,False,0.011116902365398921,0.0,0.0,0.011116902365398921,0.0,False,1.192169335841975,1.187600941477199,-0.031397842440266555
direct_coverage_tilt,Direct coverage-aware sentiment tilt,direct,2023-02-13,False,0.007507352423190379,0.0,0.0,0.007507352423190379,0.0,False,1.2011193711942614,1.196516680282981,-0.024126204685603114
direct_coverage_tilt,Direct coverage-aware sentiment tilt,direct,2023-02-14,False,-0.0035157298420735914,0.0,0.0,-0.0035157298420735914,0.0,False,1.1968965599770611,1.1923100508835713,-0.027557113309887526
direct_coverage_tilt,Direct coverage-aware sentiment tilt,direct,2023-02-15,False,-0.00018091250036704321,0.0,0.0,-0.00018091250036704321,0.0,False,1.196680026427715,1.1920943470910532,-0.027733040383982832
direct_coverage_tilt,Direct coverage-aware sentiment tilt,direct,2023-02-16,False,-0.012301709835217665,0.0,0.0,-0.012301709835217665,0.0,False,1.1819588159770007,1.177429548336936,-0.03969358640354825
direct_coverage_tilt,Direct coverage-aware sentiment tilt,direct,2023-02-17,False,0.0015934591318694732,0.0,0.0,0.0015934591318694732,0.0,False,1.1838422190458127,1.1793057342028663,-0.038163377379410224
direct_coverage_tilt,Direct coverage-aware sentiment tilt,direct,2023-02-21,False,-0.014627907827119601,0.0,0.0,-0.014627907827119601,0.0,False,1.1665250841837578,1.1620549586229532,-0.0522330348398522
direct_coverage_tilt,Direct coverage-aware sentiment tilt,direct,2023-02-22,False,-0.005956120836640842,0.0,0.0,-0.005956120836640842,0.0,False,1.1595771198233866,1.1551336188705772,-0.057878049409322396
direct_coverage_tilt,Direct coverage-aware sentiment tilt,direct,2023-02-23,False,0.0025896518390376173,0.0,0.0,0.0025896518390376173,0.0,False,1.1625800208442432,1.1581250127710194,-0.055438281567377734
direct_coverage_tilt,Direct coverage-aware sentiment tilt,direct,2023-02-24,False,-0.007522330154803514,0.0,0.0,-0.007522330154803514,0.0,False,1.1538347100960744,1.1494132140644198,-0.06254358666501647
direct_coverage_tilt,Direct coverage-aware sentiment tilt,direct,2023-02-27,False,0.0005429185294607357,0.0,0.0,0.0005429185294607357,0.0,False,1.1544611483401206,1.1500372517963424,-0.06203462420765504
direct_coverage_tilt,Direct coverage-aware sentiment tilt,direct,2023-02-28,False,-0.00645582870273712,0.0,0.0,-0.00645582870273712,0.0,False,1.1470081449224716,1.1426128082969786,-0.06808996800286893
direct_coverage_tilt,Direct coverage-aware sentiment tilt,direct,2023-03-01,True,-0.0023972690367654224,0.08528669443623976,8.528669443623976e-05,-0.002482555731201662,0.0,False,1.1442584578117312,1.1397762083211964,-0.07040348659376783
direct_coverage_tilt,Direct coverage-aware sentiment tilt,direct,2023-03-02,False,0.01141092201148631,0.0,0.0,0.01141092201148631,0.0,False,1.1573155018348045,1.1527821057448973,-0.05979593327713961
direct_coverage_tilt,Direct coverage-aware sentiment tilt,direct,2023-03-03,False,0.01215871060305388,0.0,0.0,0.01215871060305388,0.0,False,1.1713869660980418,1.1667984497570285,-0.04836426412204198
direct_coverage_tilt,Direct coverage-aware sentiment tilt,direct,2023-03-06,False,0.0002146692520328835,0.0,0.0,0.0002146692520328835,0.0,False,1.1716384268618951,1.167048925507511,-0.04815997719041332
direct_coverage_tilt,Direct coverage-aware sentiment tilt,direct,2023-03-07,False,-0.016157952283216977,0.0,0.0,-0.016157952283216977,0.0,False,1.1527071490674772,1.148191804656981,-0.06353976286022678
direct_coverage_tilt,Direct coverage-aware sentiment tilt,direct,2023-03-08,False,0.0017460399814877453,0.0,0.0,0.0017460399814877453,0.0,False,1.1547198218366956,1.1501965934543286,-0.06190466584510734
direct_coverage_tilt,Direct coverage-aware sentiment tilt,direct,2023-03-09,False,-0.01534937761938424,0.0,0.0,-0.01534937761938424,0.0,False,1.136995591246736,1.1325417916048686,-0.07630384537203327
direct_coverage_tilt,Direct coverage-aware sentiment tilt,direct,2023-03-10,False,-0.01123581918124354,0.0,0.0,-0.01123581918124354,0.0,False,1.1242205143736166,1.1198167568191948,-0.08668232834384304
direct_coverage_tilt,Direct coverage-aware sentiment tilt,direct,2023-03-13,False,-0.0006855669187938917,0.0,0.0,-0.0006855669187938917,0.0,False,1.1234497859795327,1.1190490474956085,-0.08730846872588027
direct_coverage_tilt,Direct coverage-aware sentiment tilt,direct,2023-03-14,False,0.013270748564618032,0.0,0.0,0.013270748564618032,0.0,False,1.1383588056142409,1.133899666036398,-0.0751963688972852
direct_coverage_tilt,Direct coverage-aware sentiment tilt,direct,2023-03-15,False,-0.004281131223557276,0.0,0.0,-0.004281131223557276,0.0,False,1.1334853421879145,1.1290452927717485,-0.07915557459805822
direct_coverage_tilt,Direct coverage-aware sentiment tilt,direct,2023-03-16,False,0.011736598085629005,0.0,0.0,0.011736598085629005,0.0,False,1.1467886040851256,1.1422964435934817,-0.0683479936777237
direct_coverage_tilt,Direct coverage-aware sentiment tilt,direct,2023-03-17,False,-0.01077448699865392,0.0,0.0,-0.01077448699865392,0.0,False,1.134432545180206,1.1299887854133752,-0.07838606610711285
direct_coverage_tilt,Direct coverage-aware sentiment tilt,direct,2023-03-20,False,0.010606095266670617,0.0,0.0,0.010606095266670617,0.0,False,1.1464644448279988,1.141973554121739,-0.06861134092515364
direct_coverage_tilt,Direct coverage-aware sentiment tilt,direct,2023-03-21,False,0.003685491820251733,0.0,0.0,0.003685491820251733,0.0,False,1.150689730161622,1.1461822883143986,-0.06517871564065802
direct_coverage_tilt,Direct coverage-aware sentiment tilt,direct,2023-03-22,False,-0.01829962449878803,0.0,0.0,-0.01829962449878803,0.0,False,1.1296325401850524,1.1252075828310835,-0.08228559411790881
direct_coverage_tilt,Direct coverage-aware sentiment tilt,direct,2023-03-23,False,0.0017048645482660785,0.0,0.0,0.0017048645482660785,0.0,False,1.1315584106553815,1.1271259093484922,-0.08072101536188747
direct_coverage_tilt,Direct coverage-aware sentiment tilt,direct,2023-03-24,False,0.010598660732373788,0.0,0.0,0.010598660732373788,0.0,False,1.1435514143487822,1.1390719344643452,-0.07097788928530702
direct_coverage_tilt,Direct coverage-aware sentiment tilt,direct,2023-03-27,False,0.0038177900474236108,0.0,0.0,0.0038177900474236108,0.0,False,1.1479172535572002,1.1434206719590427,-0.06743107791718395
direct_coverage_tilt,Direct coverage-aware sentiment tilt,direct,2023-03-28,False,0.0012315171904519436,0.0,0.0,0.0012315171904519436,0.0,False,1.1493309333881723,1.1448288141724785,-0.06628260325835766
direct_coverage_tilt,Direct coverage-aware sentiment tilt,direct,2023-03-29,False,0.014395839631674907,0.0,0.0,0.014395839631674907,0.0,False,1.1658765171889518,1.1613095861870262,-0.05284095735355987
direct_coverage_tilt,Direct coverage-aware sentiment tilt,direct,2023-03-30,False,0.004567008078410253,0.0,0.0,0.004567008078410253,0.0,False,1.1712010846613825,1.1666132964486775,-0.0485152743542544
direct_coverage_tilt,Direct coverage-aware sentiment tilt,direct,2023-03-31,False,0.011078115689093173,0.0,0.0,0.011078115689093173,0.0,False,1.1841757857724526,1.1795371735111702,-0.03797461648714584
direct_coverage_tilt,Direct coverage-aware sentiment tilt,direct,2023-04-03,True,0.008328462534976887,0.12076141070177593,0.00012076141070177594,0.008207701124275112,0.0,False,1.1940381494390853,1.1892184620963222,-0.030078599665306127
direct_coverage_tilt,Direct coverage-aware sentiment tilt,direct,2023-04-04,False,-0.003115769860425409,0.0,0.0,-0.003115769860425409,0.0,False,1.1903178013608648,1.1855131310546612,-0.033100651531450476
direct_coverage_tilt,Direct coverage-aware sentiment tilt,direct,2023-04-05,False,0.006763114069248695,0.0,0.0,0.006763114069248695,0.0,False,1.1983680564301258,1.193530891590576,-0.026561400944275393
direct_coverage_tilt,Direct coverage-aware sentiment tilt,direct,2023-04-06,False,3.912005066613949e-05,0.0,0.0,3.912005066613949e-05,0.0,False,1.19841493664921,1.1935775825795267,-0.02652331997695989
direct_coverage_tilt,Direct coverage-aware sentiment tilt,direct,2023-04-10,False,0.0019014458458131945,0.0,0.0,0.0019014458458131945,0.0,False,1.2006936577520622,1.1958471057155782,-0.024672306787734133
direct_coverage_tilt,Direct coverage-aware sentiment tilt,direct,2023-04-11,False,0.0022000063498569555,0.0,0.0,0.0022000063498569555,0.0,False,1.2033351914233499,1.1984779769416107,-0.022526579669475688
direct_coverage_tilt,Direct coverage-aware sentiment tilt,direct,2023-04-12,False,-0.0013395107537764535,0.0,0.0,-0.0013395107537764535,0.0,False,1.2017233109940406,1.1968726028033332,-0.023835915827539078
direct_coverage_tilt,Direct coverage-aware sentiment tilt,direct,2023-04-13,False,0.007368486425954399,0.0,0.0,0.007368486425954399,0.0,False,1.2105781928988533,1.2056917423306863,-0.016643064023809995
direct_coverage_tilt,Direct coverage-aware sentiment tilt,direct,2023-04-14,False,-0.005322918305103826,0.0,0.0,-0.005322918305103826,0.0,False,1.2041343840761125,1.1992739436851219,-0.021877392658768424
direct_coverage_tilt,Direct coverage-aware sentiment tilt,direct,2023-04-17,False,0.003928692999368822,0.0,0.0,0.003928692999368822,0.0,False,1.2088650584011318,1.203985522832003,-0.018034649218782506
direct_coverage_tilt,Direct coverage-aware sentiment tilt,direct,2023-04-18,False,-0.0007397762837954714,0.0,0.0,-0.0007397762837954714,0.0,False,1.2079707687006176,1.203094842896179,-0.018761083896799313
direct_coverage_tilt,Direct coverage-aware sentiment tilt,direct,2023-04-19,False,0.0023625602065256066,0.0,0.0,0.0023625602065256066,0.0,False,1.2108246723693958,1.2059372268966817,-0.01644284788051953
direct_coverage_tilt,Direct coverage-aware sentiment tilt,direct,2023-04-20,False,-0.007541359882407868,0.0,0.0,-0.007541359882407868,0.0,False,1.2016934077605597,1.1968428202730608,-0.023860206329568756
direct_coverage_tilt,Direct coverage-aware sentiment tilt,direct,2023-04-21,False,0.0002109726103658424,0.0,0.0,0.0002109726103658424,0.0,False,1.2019469321556544,1.1970953213270514,-0.02365426756921618
direct_coverage_tilt,Direct coverage-aware sentiment tilt,direct,2023-04-24,False,0.0015733320872717514,0.0,0.0,0.0015733320872717514,0.0,False,1.2038379938312127,1.198978749807618,-0.022118151500111982
direct_coverage_tilt,Direct coverage-aware sentiment tilt,direct,2023-04-25,False,-0.011509031521305599,0.0,0.0,-0.011509031521305599,0.0,False,1.189982984413664,1.1851796655827067,-0.033372624518609784
direct_coverage_tilt,Direct coverage-aware sentiment tilt,direct,2023-04-26,False,-0.014200540101176898,0.0,0.0,-0.014200540101176898,0.0,False,1.1730845833237797,1.1683494742145,-0.04709925532702863
direct_coverage_tilt,Direct coverage-aware sentiment tilt,direct,2023-04-27,False,0.012025850904699355,0.0,0.0,0.012025850904699355,0.0,False,1.1871919236214328,1.1823998707959873,-0.03563981304461461
direct_coverage_tilt,Direct coverage-aware sentiment tilt,direct,2023-04-28,False,0.007970338472964807,0.0,0.0,0.007970338472964807,0.0,False,1.1966542450850657,1.1918239979766212,-0.027953535944728602
direct_coverage_tilt,Direct coverage-aware sentiment tilt,direct,2023-05-01,True,-0.0030137673072786605,0.1417866474047754,0.0001417866474047754,-0.0031555539546834358,0.0,False,1.1930478076431121,1.1880631330465194,-0.03102088100851419
direct_coverage_tilt,Direct coverage-aware sentiment tilt,direct,2023-05-02,False,-0.015278813551619511,0.0,0.0,-0.015278813551619511,0.0,False,1.1748194526319646,1.1699109379491488,-0.04582573230299769
direct_coverage_tilt,Direct coverage-aware sentiment tilt,direct,2023-05-03,False,-0.011008456268529488,0.0,0.0,-0.011008456268529488,0.0,False,1.1618865040642479,1.1570320245506611,-0.05632971800149633
direct_coverage_tilt,Direct coverage-aware sentiment tilt,direct,2023-05-04,False,-0.002787098962837504,0.0,0.0,-0.002787098962837504,0.0,False,1.1586482113938357,1.1538072617950663,-0.05895982046571491
direct_coverage_tilt,Direct coverage-aware sentiment tilt,direct,2023-05-05,False,0.015057016106779876,0.0,0.0,0.015057016106779876,0.0,False,1.1760939961748842,1.1711801563200341,-0.04479056332534015
direct_coverage_tilt,Direct coverage-aware sentiment tilt,direct,2023-05-08,False,-0.0010820895186788738,0.0,0.0,-0.0010820895186788738,0.0,False,1.1748213571886423,1.1699128345483956,-0.04582418544490896
direct_coverage_tilt,Direct coverage-aware sentiment tilt,direct,2023-05-09,False,-0.0039572507541045,0.0,0.0,-0.0039572507541045,0.0,False,1.1701722944869695,1.1652831961016423,-0.0496000984066054
direct_coverage_tilt,Direct coverage-aware sentiment tilt,direct,2023-05-10,False,-0.0011803413977162054,0.0,0.0,-0.0011803413977162054,0.0,False,1.168791091685326,1.1639077641052205,-0.05072189475484157
direct_coverage_tilt,Direct coverage-aware sentiment tilt,direct,2023-05-11,False,-0.008656885708021022,0.0,0.0,-0.008656885708021022,0.0,False,1.158673000788053,1.1538319476166832,-0.05893968681707573
direct_coverage_tilt,Direct coverage-aware sentiment tilt,direct,2023-05-12,False,8.614938735979161e-05,0.0,0.0,8.614938735979161e-05,0.0,False,1.1587728197572214,1.1539313495320866,-0.05885861504762635
direct_coverage_tilt,Direct coverage-aware sentiment tilt,direct,2023-05-15,False,0.0014121079871654276,0.0,0.0,0.0014121079871654276,0.0,False,1.1604091321113108,1.1555608252074014,-0.05752962178088317
direct_coverage_tilt,Direct coverage-aware sentiment tilt,direct,2023-05-16,False,-0.01722586060715585,0.0,0.0,-0.01722586060715585,0.0,False,1.1404200861542908,1.135655295509289,-0.07376448514245904
direct_coverage_tilt,Direct coverage-aware sentiment tilt,direct,2023-05-17,False,0.008606057311558717,0.0,0.0,0.008606057311558717,0.0,False,1.1502346067749873,1.145428810068617,-0.06579324921759389
direct_coverage_tilt,Direct coverage-aware sentiment tilt,direct,2023-05-18,False,0.0032076112107364925,0.0,0.0,0.0032076112107364925,0.0,False,1.1539241121946557,1.1491029003608935,-0.06279667717063875
direct_coverage_tilt,Direct coverage-aware sentiment tilt,direct,2023-05-19,False,-0.0019348727220295113,0.0,0.0,-0.0019348727220295113,0.0,False,1.1516914159066782,1.14687953250418,-0.06461004631497669
direct_coverage_tilt,Direct coverage-aware sentiment tilt,direct,2023-05-22,False,-0.0008939726780681249,0.0,0.0,-0.0008939726780681249,0.0,False,1.1506618352472922,1.1458542535370857,-0.06544625937691062
direct_coverage_tilt,Direct coverage-aware sentiment tilt,direct,2023-05-23,False,-0.0064306198099410095,0.0,0.0,-0.0064306198099410095,0.0,False,1.143262366455008,1.138485700474985,-0.07145601917481581
direct_coverage_tilt,Direct coverage-aware sentiment tilt,direct,2023-05-24,False,-0.008844362000251106,0.0,0.0,-0.008844362000251106,0.0,False,1.133150940224816,1.128416520807875,-0.07966839827438799
direct_coverage_tilt,Direct coverage-aware sentiment tilt,direct,2023-05-25,False,-0.005371359349331731,0.0,0.0,-0.005371359349331731,0.0,False,1.1270643793278354,1.1223553901788932,-0.08461183002780226
direct_coverage_tilt,Direct coverage-aware sentiment tilt,direct,2023-05-26,False,0.005515710321809431,0.0,0.0,0.005515710321809431,0.0,False,1.1332809399582378,1.1285459773892415,-0.07956281405022425
direct_coverage_tilt,Direct coverage-aware sentiment tilt,direct,2023-05-30,False,-0.0026282472961350603,0.0,0.0,-0.0026282472961350603,0.0,False,1.130302397392031,1.125579879475604,-0.08198195059545899
direct_coverage_tilt,Direct coverage-aware sentiment tilt,direct,2023-05-31,False,-0.0022102295600285897,0.0,0.0,-0.0022102295600285897,0.0,False,1.127804169621544,1.1230920895538137,-0.08401098122489259
direct_coverage_tilt,Direct coverage-aware sentiment tilt,direct,2023-06-01,True,0.0023975365378095617,0.11215103883554986,0.00011215103883554987,0.002285385498974012,0.0,False,1.1305081213257056,1.1256587879292923,-0.08191759320416458
direct_coverage_tilt,Direct coverage-aware sentiment tilt,direct,2023-06-02,False,0.01771191219527024,0.0,0.0,0.01771191219527024,0.0,False,1.1505315819066664,1.1455963575429302,-0.06565659822697445
direct_coverage_tilt,Direct coverage-aware sentiment tilt,direct,2023-06-05,False,-0.004062697125058037,0.0,0.0,-0.004062697125058037,0.0,False,1.1458573205565656,1.1409421465146636,-0.06945255247917459
direct_coverage_tilt,Direct coverage-aware sentiment tilt,direct,2023-06-06,False,0.0007909773910750966,0.0,0.0,0.0007909773910750966,0.0,False,1.1467636677905237,1.1418446059570813,-0.06871651048686311
direct_coverage_tilt,Direct coverage-aware sentiment tilt,direct,2023-06-07,False,0.007802391201456099,0.0,0.0,0.007802391201456099,0.0,False,1.1557111665422422,1.150753724264031,-0.061450272382224336
direct_coverage_tilt,Direct coverage-aware sentiment tilt,direct,2023-06-08,False,0.0039863276913384375,0.0,0.0,0.0039863276913384375,0.0,False,1.1603182099686185,1.1553410057009754,-0.05770890561332365
direct_coverage_tilt,Direct coverage-aware sentiment tilt,direct,2023-06-09,False,-0.0027801306964145406,0.0,0.0,-0.0027801306964145406,0.0,False,1.157092373695476,1.1521290067061996,-0.06032859800978618
direct_coverage_tilt,Direct coverage-aware sentiment tilt,direct,2023-06-12,False,0.0026270789084150417,0.0,0.0,0.0026270789084150417,0.0,False,1.1601321466654992,1.1551557405194905,-0.05786000708877692
direct_coverage_tilt,Direct coverage-aware sentiment tilt,direct,2023-06-13,False,0.006780845299860455,0.0,0.0,0.006780845299860455,0.0,False,1.1679988232794332,1.162988672893199,-0.05147150154603419
direct_coverage_tilt,Direct coverage-aware sentiment tilt,direct,2023-06-14,False,-0.0006227825649246108,0.0,0.0,-0.0006227825649246108,0.0,False,1.1672714139764422,1.1622643838245164,-0.05206222855720555
direct_coverage_tilt,Direct coverage-aware sentiment tilt,direct,2023-06-15,False,0.010523730778518757,0.0,0.0,0.010523730778518757,0.0,False,1.1795554640825912,1.1744957412933463,-0.042086386655752706
direct_coverage_tilt,Direct coverage-aware sentiment tilt,direct,2023-06-16,False,0.0009536539034153908,0.0,0.0,0.0009536539034153908,0.0,False,1.1806803517552085,1.1756158037415756,-0.041172868599252066
direct_coverage_tilt,Direct coverage-aware sentiment tilt,direct,2023-06-20,False,-0.01143298818759352,0.0,0.0,-0.01143298818759352,0.0,False,1.1671816472402674,1.1621750021442498,-0.052135127866501096
direct_coverage_tilt,Direct coverage-aware sentiment tilt,direct,2023-06-21,False,-0.002018934137361816,0.0,0.0,-0.002018934137361816,0.0,False,1.1648251843681519,1.1598286473588324,-0.05404880461445738
direct_coverage_tilt,Direct coverage-aware sentiment tilt,direct,2023-06-22,False,-0.003006981986300442,0.0,0.0,-0.003006981986300442,0.0,False,1.1613225760215677,1.1563410635090292,-0.05689326281890106
direct_coverage_tilt,Direct coverage-aware sentiment tilt,direct,2023-06-23,False,-0.006822122816892831,0.0,0.0,-0.006822122816892831,0.0,False,1.1533998907779182,1.148452362755554,-0.06332725280938967
direct_coverage_tilt,Direct coverage-aware sentiment tilt,direct,2023-06-26,False,0.005465991803822543,0.0,0.0,0.005465991803822543,0.0,False,1.15970436512744,1.1547297939574566,-0.05820740725038176
direct_coverage_tilt,Direct coverage-aware sentiment tilt,direct,2023-06-27,False,0.00452283596429591,0.0,0.0,0.00452283596429591,0.0,False,1.1649495177379892,1.1599524473986114,-0.05394783384098634
direct_coverage_tilt,Direct coverage-aware sentiment tilt,direct,2023-06-28,False,-0.0013934857153771435,0.0,0.0,-0.0013934857153771435,0.0,False,1.1633261772258858,1.1583360702326446,-0.05526614402053054
direct_coverage_tilt,Direct coverage-aware sentiment tilt,direct,2023-06-29,False,0.005497971573632698,0.0,0.0,0.005497971573632698,0.0,False,1.1697221114791365,1.1647045690194973,-0.05007202413570688
direct_coverage_tilt,Direct coverage-aware sentiment tilt,direct,2023-06-30,False,0.008256664317219558,0.0,0.0,0.008256664317219558,0.0,False,1.179380114298049,1.174321143674623,-0.042228787713459615
direct_coverage_tilt,Direct coverage-aware sentiment tilt,direct,2023-07-03,True,0.0054753959146885516,0.12837081544710086,0.00012837081544710087,0.005347025099241451,0.0,False,1.1858376873577412,1.180600268304421,-0.03710756100203272
direct_coverage_tilt,Direct coverage-aware sentiment tilt,direct,2023-07-05,False,-0.0018263436636010383,0.0,0.0,-0.0018263436636010383,0.0,False,1.183671940211376,1.1784440864851575,-0.038866133506726075
direct_coverage_tilt,Direct coverage-aware sentiment tilt,direct,2023-07-06,False,-0.01194276887208547,0.0,0.0,-0.01194276887208547,0.0,False,1.1695356198090585,1.1643702011315895,-0.05034473312938892
direct_coverage_tilt,Direct coverage-aware sentiment tilt,direct,2023-07-07,False,-0.0024654872635045248,0.0,0.0,-0.0024654872635045248,0.0,False,1.1666521446342044,1.1614994612306955,-0.052686096094578416
direct_coverage_tilt,Direct coverage-aware sentiment tilt,direct,2023-07-10,False,0.0038296690190946395,0.0,0.0,0.0038296690190946395,0.0,False,1.1711200362085703,1.1659476197330658,-0.049058197385434155
direct_coverage_tilt,Direct coverage-aware sentiment tilt,direct,2023-07-11,False,0.012975665615671417,0.0,0.0,0.012975665615671417,0.0,False,1.1863160981942258,1.18107656617211,-0.03671909453474376
direct_coverage_tilt,Direct coverage-aware sentiment tilt,direct,2023-07-12,False,0.007161691065763787,0.0,0.0,0.007161691065763787,0.0,False,1.194812127595835,1.1895350716640478,-0.029820374280252415
direct_coverage_tilt,Direct coverage-aware sentiment tilt,direct,2023-07-13,False,0.004442617873449606,0.0,0.0,0.004442617873449606,0.0,False,1.2001202213093065,1.1948197214345175,-0.025510236934573327
direct_coverage_tilt,Direct coverage-aware sentiment tilt,direct,2023-07-14,False,-0.004933488777230648,0.0,0.0,-0.004933488777230648,0.0,False,1.1941994416661494,1.1889250917480065,-0.030317871244182726
direct_coverage_tilt,Direct coverage-aware sentiment tilt,direct,2023-07-17,False,-0.005371131967943166,0.0,0.0,-0.005371131967943166,0.0,False,1.1877852388689165,1.182539218180229,-0.03552616192468627
direct_coverage_tilt,Direct coverage-aware sentiment tilt,direct,2023-07-18,False,0.003946704568042768,0.0,0.0,0.003946704568042768,0.0,False,1.1924730762970144,1.1872063511145108,-0.03171966862219666
direct_coverage_tilt,Direct coverage-aware sentiment tilt,direct,2023-07-19,False,0.0063117036058851685,0.0,0.0,0.0063117036058851685,0.0,False,1.1999996129125992,1.1946996457217698,-0.02560817016313177
direct_coverage_tilt,Direct coverage-aware sentiment tilt,direct,2023-07-20,False,0.005701717478958519,0.0,0.0,0.005701717478958519,0.0,False,1.2068416716802863,1.201511485573887,-0.020052463235596618
direct_coverage_tilt,Direct coverage-aware sentiment tilt,direct,2023-07-21,False,0.006273281847616998,0.0,0.0,0.006273281847616998,0.0,False,1.214412529632186,1.2090489057660412,-0.013904976141595471
direct_coverage_tilt,Direct coverage-aware sentiment tilt,direct,2023-07-24,False,0.003741066578883099,0.0,0.0,0.003741066578883099,0.0,False,1.2189557277597698,1.2135720382196378,-0.010215929004235735
direct_coverage_tilt,Direct coverage-aware sentiment tilt,direct,2023-07-25,False,0.002110691623639667,0.0,0.0,0.002110691623639667,0.0,False,1.22152856740394,1.2161335145553913,-0.008126800056373007
direct_coverage_tilt,Direct coverage-aware sentiment tilt,direct,2023-07-26,False,0.002087358874524874,0.0,0.0,0.002087358874524874,0.0,False,1.2240783358995964,1.2186720216396056,-0.0060564047300673
direct_coverage_tilt,Direct coverage-aware sentiment tilt,direct,2023-07-27,False,-0.00551050308371942,0.0,0.0,-0.00551050308371942,0.0,False,1.2173330484549074,1.2119565257063178,-0.011533533976845534
direct_coverage_tilt,Direct coverage-aware sentiment tilt,direct,2023-07-28,False,0.0032945042895217934,0.0,0.0,0.0032945042895217934,0.0,False,1.2213435574048188,1.2159493216789712,-0.008277026964483847
direct_coverage_tilt,Direct coverage-aware sentiment tilt,direct,2023-07-31,False,0.0024777186459640083,0.0,0.0,0.0024777186459640083,0.0,False,1.2243697031101286,1.2189621019858423,-0.005819816462563021
direct_coverage_tilt,Direct coverage-aware sentiment tilt,direct,2023-08-01,True,-0.005277213256502839,0.0941241253045787,9.41241253045787e-05,-0.005371337381807418,0.0,False,1.2179084430820153,1.2124146452804392,-0.011159893646649821
direct_coverage_tilt,Direct coverage-aware sentiment tilt,direct,2023-08-02,False,-0.011394920284271744,0.0,0.0,-0.011394920284271744,0.0,False,1.2040304734595544,1.198599277045985,-0.022427647832437003
direct_coverage_tilt,Direct coverage-aware sentiment tilt,direct,2023-08-03,False,-0.005846807307086726,0.0,0.0,-0.005846807307086726,0.0,False,1.196990739289376,1.1915912980346837,-0.028143325004296282
direct_coverage_tilt,Direct coverage-aware sentiment tilt,direct,2023-08-04,False,-0.0019631909413555717,0.0,0.0,-0.0019631909413555717,0.0,False,1.1946408179131165,1.1892519767925838,-0.030051265224943946
direct_coverage_tilt,Direct coverage-aware sentiment tilt,direct,2023-08-07,False,0.008619323385556175,0.0,0.0,0.008619323385556175,0.0,False,1.204937813452295,1.199502524167471,-0.021690963412506536
direct_coverage_tilt,Direct coverage-aware sentiment tilt,direct,2023-08-08,False,-0.001731240965477045,0.0,0.0,-0.001731240965477045,0.0,False,1.202851775748794,1.1974258962594393,-0.023384652093543123
direct_coverage_tilt,Direct coverage-aware sentiment tilt,direct,2023-08-09,False,-0.00011501695437793737,0.0,0.0,-0.00011501695437793737,0.0,False,1.2027134274009792,1.1972881719797581,-0.02349697941645823
direct_coverage_tilt,Direct coverage-aware sentiment tilt,direct,2023-08-10,False,0.0008198912959275277,0.0,0.0,0.0008198912959275277,0.0,False,1.2036995216716007,1.1982698181306815,-0.02269635308943474
direct_coverage_tilt,Direct coverage-aware sentiment tilt,direct,2023-08-11,False,0.0038022919449848705,0.0,0.0,0.0038022919449848705,0.0,False,1.2082763386670348,1.2028259898080782,-0.01898035930498232
direct_coverage_tilt,Direct coverage-aware sentiment tilt,direct,2023-08-14,False,0.0004806271974815504,0.0,0.0,0.0004806271974815504,0.0,False,1.2088570691374716,1.2034041006926177,-0.018508854584400658
direct_coverage_tilt,Direct coverage-aware sentiment tilt,direct,2023-08-15,False,-0.011825562369782605,0.0,0.0,-0.011825562369782605,0.0,False,1.1945616544702338,1.189173170443825,-0.030115539339902186
direct_coverage_tilt,Direct coverage-aware sentiment tilt,direct,2023-08-16,False,-0.006915290855401844,0.0,0.0,-0.006915290855401844,0.0,False,1.186300913184862,1.1809496920927656,-0.03682257248150134
direct_coverage_tilt,Direct coverage-aware sentiment tilt,direct,2023-08-17,False,-0.003838571928225198,0.0,0.0,-0.003838571928225198,0.0,False,1.1817472118010828,1.176416531756052,-0.04051979831667418
direct_coverage_tilt,Direct coverage-aware sentiment tilt,direct,2023-08-18,False,0.0020502940372562383,0.0,0.0,0.0020502940372562383,0.0,False,1.1841701410629826,1.178828531556441,-0.03855258178029741
direct_coverage_tilt,Direct coverage-aware sentiment tilt,direct,2023-08-21,False,-0.001445619786755061,0.0,0.0,-0.001445619786755061,0.0,False,1.1824582812761775,1.1771243937060316,-0.039942469192000396
direct_coverage_tilt,Direct coverage-aware sentiment tilt,direct,2023-08-22,False,-0.005174894912296176,0.0,0.0,-0.005174894912296176,0.0,False,1.176339183932399,1.1710328986699026,-0.044910666023690315
direct_coverage_tilt,Direct coverage-aware sentiment tilt,direct,2023-08-23,False,0.007181331580142702,0.0,0.0,0.007181331580142702,0.0,False,1.1847868656629321,1.1794424742065068,-0.03805185282774881
direct_coverage_tilt,Direct coverage-aware sentiment tilt,direct,2023-08-24,False,-0.011214827648266857,0.0,0.0,-0.011214827648266857,0.0,False,1.171499685164592,1.1662152301372355,-0.048839935504855214
direct_coverage_tilt,Direct coverage-aware sentiment tilt,direct,2023-08-25,False,0.005183786890901371,0.0,0.0,0.005183786890901371,0.0,False,1.177572489875243,1.1722606413591903,-0.043909324431376406
direct_coverage_tilt,Direct coverage-aware sentiment tilt,direct,2023-08-28,False,0.00638247544605528,0.0,0.0,0.00638247544605528,0.0,False,1.185088317377822,1.1797425661190424,-0.037807099170357295
direct_coverage_tilt,Direct coverage-aware sentiment tilt,direct,2023-08-29,False,0.010427117010630281,0.0,0.0,0.010427117010630281,0.0,False,1.1974453719310514,1.1920438798983868,-0.027774201206608895
direct_coverage_tilt,Direct coverage-aware sentiment tilt,direct,2023-08-30,False,0.0016522770918626216,0.0,0.0,0.0016522770918626216,0.0,False,1.19942388348785,1.194013466693638,-0.026167814791144717
direct_coverage_tilt,Direct coverage-aware sentiment tilt,direct,2023-08-31,False,-0.00393887153002641,0.0,0.0,-0.00393887153002641,0.0,False,1.194699506900746,1.1893104010432103,-0.030003614660487177
direct_coverage_tilt,Direct coverage-aware sentiment tilt,direct,2023-09-01,True,0.002309726765206008,0.13736197737808944,0.00013736197737808945,0.0021723647878279188,0.0,False,1.1974589363282129,1.1918940170802341,-0.02789642866865527
direct_coverage_tilt,Direct coverage-aware sentiment tilt,direct,2023-09-05,False,-0.00996669812410362,0.0,0.0,-0.00996669812410362,0.0,False,1.1855242245938193,1.18001476921607,-0.037585091509477975
direct_coverage_tilt,Direct coverage-aware sentiment tilt,direct,2023-09-06,False,-0.003863983722574101,0.0,0.0,-0.003863983722574101,0.0,False,1.1809433782872716,1.1754552113554222,-0.04130384705024792
direct_coverage_tilt,Direct coverage-aware sentiment tilt,direct,2023-09-07,False,0.0023959553898437584,0.0,0.0,0.0023959553898437584,0.0,False,1.1837728659395794,1.1782715496045892,-0.039006853835365396
direct_coverage_tilt,Direct coverage-aware sentiment tilt,direct,2023-09-08,False,0.0036172914870445483,0.0,0.0,0.0036172914870445483,0.0,False,1.188054917450137,1.1825337012504007,-0.03553066150863593
direct_coverage_tilt,Direct coverage-aware sentiment tilt,direct,2023-09-11,False,0.0033279383496849545,0.0,0.0,0.0033279383496849545,0.0,False,1.192008690971451,1.1864691005045866,-0.03232096700997533
direct_coverage_tilt,Direct coverage-aware sentiment tilt,direct,2023-09-12,False,0.001594940522224561,0.0,0.0,0.001594940522224561,0.0,False,1.1939098739355252,1.188361448151349,-0.03077757650775237
direct_coverage_tilt,Direct coverage-aware sentiment tilt,direct,2023-09-13,False,-9.28467815474302e-05,0.0,0.0,-9.28467815474302e-05,0.0,False,1.1937990232462725,1.188251112615573,-0.030867565690377186
direct_coverage_tilt,Direct coverage-aware sentiment tilt,direct,2023-09-14,False,0.012216201322437694,0.0,0.0,0.012216201322437694,0.0,False,1.2083827124527784,1.2027670274288953,-0.019028448764746853
direct_coverage_tilt,Direct coverage-aware sentiment tilt,direct,2023-09-15,False,-0.008741696442724035,0.0,0.0,-0.008741696442724035,0.0,False,1.1978193975938807,1.1922528031837945,-0.027603804284593414
direct_coverage_tilt,Direct coverage-aware sentiment tilt,direct,2023-09-18,False,-0.0003156779574617222,0.0,0.0,-0.0003156779574617222,0.0,False,1.1974412724130403,1.1918764352541074,-0.027910768329500457
direct_coverage_tilt,Direct coverage-aware sentiment tilt,direct,2023-09-19,False,-0.0034494699785721904,0.0,0.0,-0.0034494699785721904,0.0,False,1.1933107346927483,1.1877650932725305,-0.03126396095064121
direct_coverage_tilt,Direct coverage-aware sentiment tilt,direct,2023-09-20,False,-0.002547272265010248,0.0,0.0,-0.002547272265010248,0.0,False,1.1902710473547264,1.18473953219309,-0.03373159539502768
direct_coverage_tilt,Direct coverage-aware sentiment tilt,direct,2023-09-21,False,-0.017176199516669627,0.0,0.0,-0.017176199516669627,0.0,False,1.1698267143664465,1.1643902096128558,-0.05032841429917667
direct_coverage_tilt,Direct coverage-aware sentiment tilt,direct,2023-09-22,False,-0.0032162208754512095,0.0,0.0,-0.0032162208754512095,0.0,False,1.1660642932670406,1.1606452735135278,-0.053382767877930615
direct_coverage_tilt,Direct coverage-aware sentiment tilt,direct,2023-09-25,False,0.0008717350669376494,0.0,0.0,0.0008717350669376494,0.0,False,1.1670807924017854,1.161657048698725,-0.05255756844172221
direct_coverage_tilt,Direct coverage-aware sentiment tilt,direct,2023-09-26,False,-0.0110705135890608,0.0,0.0,-0.0110705135890608,0.0,False,1.1541606086299696,1.1487969085552776,-0.06304624275514092
direct_coverage_tilt,Direct coverage-aware sentiment tilt,direct,2023-09-27,False,-0.003904016185449309,0.0,0.0,-0.003904016185449309,0.0,False,1.14965474693327,1.1443119868304836,-0.06670412538844239
direct_coverage_tilt,Direct coverage-aware sentiment tilt,direct,2023-09-28,False,0.002546761834737042,0.0,0.0,0.002546761834737042,0.0,False,1.152582643765884,1.1472262769255757,-0.06432724307446414
direct_coverage_tilt,Direct coverage-aware sentiment tilt,direct,2023-09-29,False,-0.001933436355607443,0.0,0.0,-0.001933436355607443,0.0,False,1.1503541985795849,1.1450081879336595,-0.06613630679965543
direct_coverage_tilt,Direct coverage-aware sentiment tilt,direct,2023-10-02,True,-0.016367134954135946,0.11011156987506118,0.00011011156987506118,-0.016477246524011006,0.0,False,1.1315261961663758,1.1261416057490654,-0.08152380909234103
direct_coverage_tilt,Direct coverage-aware sentiment tilt,direct,2023-10-03,False,-0.007155876091823122,0.0,0.0,-0.007155876091823122,0.0,False,1.1234291349119574,1.1180830759564784,-0.08809631090776582
direct_coverage_tilt,Direct coverage-aware sentiment tilt,direct,2023-10-04,False,0.001084127691613372,0.0,0.0,0.001084127691613372,0.0,False,1.1246470755466806,1.119295220780647,-0.08710769086633663
direct_coverage_tilt,Direct coverage-aware sentiment tilt,direct,2023-10-05,False,-0.002976414920326932,0.0,0.0,-0.002976414920326932,0.0,False,1.1212996592109215,1.1159637337852648,-0.08982483715589384
direct_coverage_tilt,Direct coverage-aware sentiment tilt,direct,2023-10-06,False,0.009388381136016952,0.0,0.0,0.009388381136016952,0.0,False,1.1318268477792794,1.1264408266520134,-0.08127976582657703
direct_coverage_tilt,Direct coverage-aware sentiment tilt,direct,2023-10-09,False,0.00933410565243893,0.0,0.0,0.00933410565243893,0.0,False,1.1423914391567183,1.136955144339204,-0.07270433409576882
direct_coverage_tilt,Direct coverage-aware sentiment tilt,direct,2023-10-10,False,0.008310061290760389,0.0,0.0,0.008310061290760389,0.0,False,1.1518847820341505,1.1464033112735081,-0.06499845027744822
direct_coverage_tilt,Direct coverage-aware sentiment tilt,direct,2023-10-11,False,0.003631388877817643,0.0,0.0,0.003631388877817643,0.0,False,1.1560677236201566,1.15056634750756,-0.06160309604904346
direct_coverage_tilt,Direct coverage-aware sentiment tilt,direct,2023-10-12,False,-0.008375552800074548,0.0,0.0,-0.008375552800074548,0.0,False,1.1463850173605141,1.1409297183140217,-0.0694626888655111
direct_coverage_tilt,Direct coverage-aware sentiment tilt,direct,2023-10-13,False,0.003316761690617314,0.0,0.0,0.003316761690617314,0.0,False,1.1501873032687933,1.1447139102954125,-0.06637631836025015
direct_coverage_tilt,Direct coverage-aware sentiment tilt,direct,2023-10-16,False,0.009313794427324041,0.0,0.0,0.009313794427324041,0.0,False,1.160899911364357,1.1553755403340022,-0.05768073931697604
direct_coverage_tilt,Direct coverage-aware sentiment tilt,direct,2023-10-17,False,0.0025979110497485066,0.0,0.0,0.0025979110497485066,0.0,False,1.1639158260717426,1.158377103216845,-0.055232677697256816
direct_coverage_tilt,Direct coverage-aware sentiment tilt,direct,2023-10-18,False,-0.012501083434119379,0.0,0.0,-0.012501083434119379,0.0,False,1.1493656172197277,1.1438961344013578,-0.06704329281919286
direct_coverage_tilt,Direct coverage-aware sentiment tilt,direct,2023-10-19,False,-0.008753443272155225,0.0,0.0,-0.008753443272155225,0.0,False,1.1393047104904293,1.133883104479638,-0.07520987643087673
direct_coverage_tilt,Direct coverage-aware sentiment tilt,direct,2023-10-20,False,-0.007445649482855152,0.0,0.0,-0.007445649482855152,0.0,False,1.1308218469619518,1.125440608329151,-0.08209553953617865
direct_coverage_tilt,Direct coverage-aware sentiment tilt,direct,2023-10-23,False,-0.006761561748757426,0.0,0.0,-0.006761561748757426,0.0,False,1.1231757252168746,1.1178308721613743,-0.08830200722506476
direct_coverage_tilt,Direct coverage-aware sentiment tilt,direct,2023-10-24,False,0.011296659404606476,0.0,0.0,0.011296659404606476,0.0,False,1.1358638588361714,1.1304586267961356,-0.07800286552082292
direct_coverage_tilt,Direct coverage-aware sentiment tilt,direct,2023-10-25,False,-0.008240698077584385,0.0,0.0,-0.008240698077584385,0.0,False,1.1265035477182626,1.121142858563508,-0.08560076553446383
direct_coverage_tilt,Direct coverage-aware sentiment tilt,direct,2023-10-26,False,-0.0013641576303210791,0.0,0.0,-0.0013641576303210791,0.0,False,1.1249668193080589,1.1196134429783187,-0.08684815022731962
direct_coverage_tilt,Direct coverage-aware sentiment tilt,direct,2023-10-27,False,-0.013413311698440457,0.0,0.0,-0.013413311698440457,0.0,False,1.1098772887102766,1.1045957188858864,-0.09909654061632811
direct_coverage_tilt,Direct coverage-aware sentiment tilt,direct,2023-10-30,False,0.009064553428892801,0.0,0.0,0.009064553428892801,0.0,False,1.1199378306933057,1.114608385797054,-0.09093025307447034
direct_coverage_tilt,Direct coverage-aware sentiment tilt,direct,2023-10-31,False,0.005714325393566929,0.0,0.0,0.005714325393566929,0.0,False,1.1263375198784527,1.1209776207998967,-0.08573553273509027
direct_coverage_tilt,Direct coverage-aware sentiment tilt,direct,2023-11-01,True,0.004911191184944333,0.1047850697614632,0.00010478506976146321,0.004806406115182869,0.0,False,1.1318691787773518,1.1263654944914925,-0.08134120640873377
direct_coverage_tilt,Direct coverage-aware sentiment tilt,direct,2023-11-02,False,0.022859537571139482,0.0,0.0,0.022859537571139482,0.0,False,1.1577431847952275,1.1521136888316559,-0.06034109120157649
direct_coverage_tilt,Direct coverage-aware sentiment tilt,direct,2023-11-03,False,0.009405971136043884,0.0,0.0,0.009405971136043884,0.0,False,1.168632883774363,1.1629504369342476,-0.051502686627691974
direct_coverage_tilt,Direct coverage-aware sentiment tilt,direct,2023-11-06,False,-0.0038358299682593406,0.0,0.0,-0.0038358299682593406,0.0,False,1.1641502067368878,1.1584895567966549,-0.05514096104713895
direct_coverage_tilt,Direct coverage-aware sentiment tilt,direct,2023-11-07,False,-0.0033950381196061175,0.0,0.0,-0.0033950381196061175,0.0,False,1.1601978724080688,1.1545564405901647,-0.058348793502038254
direct_coverage_tilt,Direct coverage-aware sentiment tilt,direct,2023-11-08,False,-0.0012675987190464888,0.0,0.0,-0.0012675987190464888,0.0,False,1.1587272070711638,1.1530929263250058,-0.05954242936518361
direct_coverage_tilt,Direct coverage-aware sentiment tilt,direct,2023-11-09,False,-0.009242955711141152,0.0,0.0,-0.009242955711141152,0.0,False,1.1480171428149106,1.1424349394761535,-0.06823503703876876
direct_coverage_tilt,Direct coverage-aware sentiment tilt,direct,2023-11-10,False,0.009042778278437047,0.0,0.0,0.009042778278437047,0.0,False,1.1583984072972306,1.152765725331376,-0.05980929307109428
direct_coverage_tilt,Direct coverage-aware sentiment tilt,direct,2023-11-13,False,-0.00014122577874258867,0.0,0.0,-0.00014122577874258867,0.0,False,1.158234811580066,1.1526029250941083,-0.0599420722358468
direct_coverage_tilt,Direct coverage-aware sentiment tilt,direct,2023-11-14,False,0.01839133371830031,0.0,0.0,0.01839133371830031,0.0,False,1.1795362945239878,1.1738008301342033,-0.042653153171802294
direct_coverage_tilt,Direct coverage-aware sentiment tilt,direct,2023-11-15,False,0.004357013846761317,0.0,0.0,0.004357013846761317,0.0,False,1.1846755504919861,1.178915096604438,-0.038481979704018565
direct_coverage_tilt,Direct coverage-aware sentiment tilt,direct,2023-11-16,False,-0.001370126885062325,0.0,0.0,-0.001370126885062325,0.0,False,1.183052394670181,1.1772998333353744,-0.039799381394098
direct_coverage_tilt,Direct coverage-aware sentiment tilt,direct,2023-11-17,False,0.0025021832365205153,0.0,0.0,0.0025021832365205153,0.0,False,1.18601260854005,1.1802456532427044,-0.03739678350252573
direct_coverage_tilt,Direct coverage-aware sentiment tilt,direct,2023-11-20,False,0.004439659490317487,0.0,0.0,0.004439659490317487,0.0,False,1.1912781006731912,1.1854855420580295,-0.03312315299699253
direct_coverage_tilt,Direct coverage-aware sentiment tilt,direct,2023-11-21,False,-0.0016842523344185192,0.0,0.0,-0.0016842523344185192,0.0,False,1.1892716877511906,1.183488885266399,-0.03475161758365242
direct_coverage_tilt,Direct coverage-aware sentiment tilt,direct,2023-11-22,False,0.0013602876879627661,0.0,0.0,0.0013602876879627661,0.0,False,1.1908894393856813,1.1850987706258678,-0.033438602093225356
direct_coverage_tilt,Direct coverage-aware sentiment tilt,direct,2023-11-24,False,0.002501905639292334,0.0,0.0,0.002501905639292334,0.0,False,1.193868932389854,1.188063775923215,-0.031020356681080052
direct_coverage_tilt,Direct coverage-aware sentiment tilt,direct,2023-11-27,False,-0.0002233088339246263,0.0,0.0,-0.0002233088339246263,0.0,False,1.1936023309107031,1.1877984707867857,-0.031236738395326258
direct_coverage_tilt,Direct coverage-aware sentiment tilt,direct,2023-11-28,False,0.0006437460868803215,0.0,0.0,0.0006437460868803215,0.0,False,1.194370707740518,1.1885631114043569,-0.030613100836554996
direct_coverage_tilt,Direct coverage-aware sentiment tilt,direct,2023-11-29,False,0.0034775060915707623,0.0,0.0,0.0034775060915707623,0.0,False,1.1985241391522794,1.192696346864482,-0.02724205198962515
direct_coverage_tilt,Direct coverage-aware sentiment tilt,direct,2023-11-30,False,0.007261679755420148,0.0,0.0,0.007261679755420148,0.0,False,1.207227437629944,1.2013573257808714,-0.020178195291634116
direct_coverage_tilt,Direct coverage-aware sentiment tilt,direct,2023-12-01,True,0.008827497460956336,0.08808430626475235,8.808430626475235e-05,0.008739413154691584,0.0,False,1.217884234770419,1.2118564837972858,-0.011615127722312213
direct_coverage_tilt,Direct coverage-aware sentiment tilt,direct,2023-12-04,False,-0.0007243486463856037,0.0,0.0,-0.0007243486463856037,0.0,False,1.2170020619735087,1.2109786771936337,-0.012331062966654427
direct_coverage_tilt,Direct coverage-aware sentiment tilt,direct,2023-12-05,False,-0.003959562465445064,0.0,0.0,-0.003959562465445064,0.0,False,1.2121832662885492,1.2061837314769634,-0.016241799818017766
direct_coverage_tilt,Direct coverage-aware sentiment tilt,direct,2023-12-06,False,9.555968542063163e-05,0.0,0.0,9.555968542063163e-05,0.0,False,1.212299102140148,1.206298994014903,-0.016147792193878407
direct_coverage_tilt,Direct coverage-aware sentiment tilt,direct,2023-12-07,False,0.003208116619435287,0.0,0.0,0.003208116619435287,0.0,False,1.2161882990374502,1.2101689418656103,-0.012991479574947395
direct_coverage_tilt,Direct coverage-aware sentiment tilt,direct,2023-12-08,False,0.0028694237530795144,0.0,0.0,0.0028694237530795144,0.0,False,1.2196780586309257,1.2136414293726385,-0.010159333881947896
direct_coverage_tilt,Direct coverage-aware sentiment tilt,direct,2023-12-11,False,0.0062503925324749,0.0,0.0,0.0062503925324749,0.0,False,1.2273015252606159,1.2212271646998913,-0.003972441174103669
direct_coverage_tilt,Direct coverage-aware sentiment tilt,direct,2023-12-12,False,0.0016061227966499697,0.0,0.0,0.0016061227966499697,0.0,False,1.2292727222187,1.223188605489004,-0.00237269860578182
direct_coverage_tilt,Direct coverage-aware sentiment tilt,direct,2023-12-13,False,0.020247851730926428,0.0,0.0,0.020247851730926428,0.0,False,1.2541628540350565,1.247955547011904,0.0
direct_coverage_tilt,Direct coverage-aware sentiment tilt,direct,2023-12-14,False,0.01159723138810089,0.0,0.0,0.01159723138810089,0.0,False,1.268707670851662,1.2624283762526651,0.0
direct_coverage_tilt,Direct coverage-aware sentiment tilt,direct,2023-12-15,False,-0.004337181935373436,0.0,0.0,-0.004337181935373436,0.0,False,1.2632050548603744,1.2569529947044793,-0.004337181935373358
direct_coverage_tilt,Direct coverage-aware sentiment tilt,direct,2023-12-18,False,-0.001231412021795334,0.0,0.0,-0.001231412021795334,0.0,False,1.2616495289698266,1.2554051676759685,-0.005563253099192811
direct_coverage_tilt,Direct coverage-aware sentiment tilt,direct,2023-12-19,False,0.00709513840296605,0.0,0.0,0.00709513840296605,0.0,False,1.2706011069939045,1.2643124410924282,0.0
direct_coverage_tilt,Direct coverage-aware sentiment tilt,direct,2023-12-20,False,-0.014090430794276921,0.0,0.0,-0.014090430794276921,0.0,False,1.252697790028675,1.246497734138872,-0.014090430794276854
direct_coverage_tilt,Direct coverage-aware sentiment tilt,direct,2023-12-21,False,0.007509945173225325,0.0,0.0,0.007509945173225325,0.0,False,1.262105481750411,1.2558588637808046,-0.006686303983783781
direct_coverage_tilt,Direct coverage-aware sentiment tilt,direct,2023-12-22,False,0.0030217944568432745,0.0,0.0,0.0030217944568432745,0.0,False,1.265919305099116,1.259653811133955,-0.0036847141632553315
direct_coverage_tilt,Direct coverage-aware sentiment tilt,direct,2023-12-26,False,0.005334901051744336,0.0,0.0,0.005334901051744336,0.0,False,1.2726728593313126,1.2663739395758074,0.0
direct_coverage_tilt,Direct coverage-aware sentiment tilt,direct,2023-12-27,False,0.00174230046701051,0.0,0.0,0.00174230046701051,0.0,False,1.2748902378484772,1.2685803434821403,0.0
direct_coverage_tilt,Direct coverage-aware sentiment tilt,direct,2023-12-28,False,0.0018476235179958147,0.0,0.0,0.0018476235179958147,0.0,False,1.2772457550347893,1.270924202359225,0.0
direct_coverage_tilt,Direct coverage-aware sentiment tilt,direct,2023-12-29,False,-0.0022262612649116735,0.0,0.0,-0.0022262612649116735,0.0,False,1.2744022722845825,1.268094793036874,-0.0022262612649116553
risk_parity_reference,Risk Parity reference,base,2021-01-04,True,-0.011905478535352967,1.0,0.001,-0.012905478535352968,0.0,False,0.988094521464647,0.987094521464647,0.0
risk_parity_reference,Risk Parity reference,base,2021-01-05,False,0.008955117679977923,0.0,0.0,0.008955117679977923,0.0,False,0.9969430241833045,0.9959340690656245,0.0
risk_parity_reference,Risk Parity reference,base,2021-01-06,False,0.010790158801155334,0.0,0.0,0.010790158801155334,0.0,False,1.0077001977299465,1.0066803558263235,0.0
risk_parity_reference,Risk Parity reference,base,2021-01-07,False,0.008823703150340631,0.0,0.0,0.008823703150340631,0.0,False,1.016591845139255,1.0155630044534143,0.0
risk_parity_reference,Risk Parity reference,base,2021-01-08,False,0.002573147087908406,0.0,0.0,0.002573147087908406,0.0,False,1.0192076854851666,1.0181761974409111,0.0
risk_parity_reference,Risk Parity reference,base,2021-01-11,False,-0.0008167356039799399,0.0,0.0,-0.0008167356039799399,0.0,False,1.0183752622805808,1.0173446166893363,-0.000816735603979879
risk_parity_reference,Risk Parity reference,base,2021-01-12,False,0.00031594349896691624,0.0,0.0,0.00031594349896691624,0.0,False,1.0186970113242073,1.0176660401071884,-0.0005010501473172724
risk_parity_reference,Risk Parity reference,base,2021-01-13,False,-9.01031386482704e-05,0.0,0.0,-9.01031386482704e-05,0.0,False,1.0186052235261553,1.017574345202879,-0.0005911081397746987
risk_parity_reference,Risk Parity reference,base,2021-01-14,False,0.002648415727495878,0.0,0.0,0.002648415727495878,0.0,False,1.0213029136202516,1.0202693051026106,0.0
risk_parity_reference,Risk Parity reference,base,2021-01-15,False,-0.00856955816616052,0.0,0.0,-0.00856955816616052,0.0,False,1.0125507988967135,1.0115260479473855,-0.008569558166160562
risk_parity_reference,Risk Parity reference,base,2021-01-19,False,0.007416373335216452,0.0,0.0,0.007416373335216452,0.0,False,1.0200602536422032,1.0190279027572593,-0.0012167398736223634
risk_parity_reference,Risk Parity reference,base,2021-01-20,False,0.009658551274892204,0.0,0.0,0.009658551274892204,0.0,False,1.029912557905486,1.028870236006586,0.0
risk_parity_reference,Risk Parity reference,base,2021-01-21,False,-0.006819650793709354,0.0,0.0,-0.006819650793709354,0.0,False,1.0228889139125146,1.0218537002849797,-0.006819650793709386
risk_parity_reference,Risk Parity reference,base,2021-01-22,False,-0.002798838319350079,0.0,0.0,-0.002798838319350079,0.0,False,1.0200260132238177,1.0189936969918523,-0.009599402013093616
risk_parity_reference,Risk Parity reference,base,2021-01-25,False,0.003002874513815141,0.0,0.0,0.003002874513815141,0.0,False,1.023089023342356,1.0220536071942874,-0.006625353298931436
risk_parity_reference,Risk Parity reference,base,2021-01-26,False,-0.004170348687972758,0.0,0.0,-0.004170348687972758,0.0,False,1.0188223853761809,1.017791287274487,-0.010768071953466518
risk_parity_reference,Risk Parity reference,base,2021-01-27,False,-0.025285034330568876,0.0,0.0,-0.025285034330568876,0.0,False,0.9930614263851921,0.9920563996343977,-0.03578083521501796
risk_parity_reference,Risk Parity reference,base,2021-01-28,False,0.009126378510133383,0.0,0.0,0.009126378510133383,0.0,False,1.0021244808461964,1.0011102818408615,-0.026981006150465392
risk_parity_reference,Risk Parity reference,base,2021-01-29,False,-0.012463500416404882,0.0,0.0,-0.012463500416404882,0.0,False,0.9896345019618803,0.9886329434262707,-0.03910822878547893
risk_parity_reference,Risk Parity reference,base,2021-02-01,True,0.007716786841080393,0.024273729980260905,2.4273729980260907e-05,0.0076925131111001315,0.0,False,0.9972713004640988,0.9962380153056428,-0.03171655623706304
risk_parity_reference,Risk Parity reference,base,2021-02-02,False,0.015509840007827399,0.0,0.0,0.015509840007827399,0.0,False,1.012738818778695,1.0116895075327488,-0.0166986349420718
risk_parity_reference,Risk Parity reference,base,2021-02-03,False,-0.0017573699571996346,0.0,0.0,-0.0017573699571996346,0.0,False,1.0109590620040834,1.0099115947861965,-0.018426659219898056
risk_parity_reference,Risk Parity reference,base,2021-02-04,False,0.007396682588146982,0.0,0.0,0.007396682588146982,0.0,False,1.0184368052953385,1.0173815902949195,-0.011166272781160447
risk_parity_reference,Risk Parity reference,base,2021-02-05,False,0.00778509236491458,0.0,0.0,0.00778509236491458,0.0,False,1.0263654298923912,1.0253019999457291,-0.003468110881219122
risk_parity_reference,Risk Parity reference,base,2021-02-08,False,0.010252808484503294,0.0,0.0,0.010252808484503294,0.0,False,1.0368885580801928,1.035814224989951,0.0
risk_parity_reference,Risk Parity reference,base,2021-02-09,False,-0.0028938635010668226,0.0,0.0,-0.0028938635010668226,0.0,False,1.0338879441272908,1.0328167200103666,-0.0028938635010669067
risk_parity_reference,Risk Parity reference,base,2021-02-10,False,0.0002841032705798857,0.0,0.0,0.0002841032705798857,0.0,False,1.0341816750736303,1.0331101466184311,-0.002610582386572302
risk_parity_reference,Risk Parity reference,base,2021-02-11,False,-0.0013125948337721432,0.0,0.0,-0.0013125948337721432,0.0,False,1.032824213549747,1.0317540915772623,-0.003919750583390558
risk_parity_reference,Risk Parity reference,base,2021-02-12,False,0.003983910729179721,0.0,0.0,0.003983910729179721,0.0,False,1.0369388930154644,1.0358645077725719,0.0
risk_parity_reference,Risk Parity reference,base,2021-02-16,False,-0.0022711934182560838,0.0,0.0,-0.0022711934182560838,0.0,False,1.0345838042265139,1.0335118591203136,-0.002271193418256212
risk_parity_reference,Risk Parity reference,base,2021-02-17,False,0.0026116876050685557,0.0,0.0,0.0026116876050685557,0.0,False,1.037285813924417,1.0362110692324695,0.0
risk_parity_reference,Risk Parity reference,base,2021-02-18,False,-0.004977297500865948,0.0,0.0,-0.004977297500865948,0.0,False,1.0321229338350872,1.031053538467209,-0.0049772975008660625
risk_parity_reference,Risk Parity reference,base,2021-02-19,False,-0.001375306177462249,0.0,0.0,-0.001375306177462249,0.0,False,1.0307034487882833,1.0296355241664608,-0.006345758370328247
risk_parity_reference,Risk Parity reference,base,2021-02-22,False,0.0009556789222059005,0.0,0.0,0.0009556789222059005,0.0,False,1.0316884703493352,1.030619525134461,-0.005396143955642363
risk_parity_reference,Risk Parity reference,base,2021-02-23,False,-0.0003968011527815139,0.0,0.0,-0.0003968011527815139,0.0,False,1.0312790951749893,1.0302105741188086,-0.005790803912281706
risk_parity_reference,Risk Parity reference,base,2021-02-24,False,0.010862330511889205,0.0,0.0,0.010862330511889205,0.0,False,1.042481189556782,1.0414010618717302,0.0
risk_parity_reference,Risk Parity reference,base,2021-02-25,False,-0.01677627770961784,0.0,0.0,-0.01677627770961784,0.0,False,1.0249922356137247,1.023930228450679,-0.01677627770961798
risk_parity_reference,Risk Parity reference,base,2021-02-26,False,-0.013648691174791125,0.0,0.0,-0.013648691174791125,0.0,False,1.011002433133274,1.0099549209780223,-0.03019599465088807
risk_parity_reference,Risk Parity reference,base,2021-03-01,True,0.018041191113842607,0.04312297315767111,4.312297315767111e-05,0.017998068140684935,0.0,False,1.0292421212459912,1.0281321584648047,-0.012741396079505751
risk_parity_reference,Risk Parity reference,base,2021-03-02,False,-0.0016242285260235968,0.0,0.0,-0.0016242285260235968,0.0,False,1.0275703968324785,1.0264622368845038,-0.014344929666555761
risk_parity_reference,Risk Parity reference,base,2021-03-03,False,-0.009588791772760182,0.0,0.0,-0.009588791772760182,0.0,False,1.0177172382653994,1.0166197042324165,-0.02379617089574848
risk_parity_reference,Risk Parity reference,base,2021-03-04,False,-0.007989875172630043,0.0,0.0,-0.007989875172630043,0.0,False,1.009585804570625,1.0084970396975634,-0.031595917633335024
risk_parity_reference,Risk Parity reference,base,2021-03-05,False,0.01727983045657555,0.0,0.0,0.01727983045657555,0.0,False,1.0270312761049707,1.0259236975594956,-0.014862059276583461
risk_parity_reference,Risk Parity reference,base,2021-03-08,False,0.0008875625944588965,0.0,0.0,0.0008875625944588965,0.0,False,1.0279428306489808,1.0268342690582184,-0.013987687690015016
risk_parity_reference,Risk Parity reference,base,2021-03-09,False,0.007373820519389113,0.0,0.0,0.007373820519389113,0.0,False,1.0355226965863793,1.0344059606614118,-0.006717009869133372
risk_parity_reference,Risk Parity reference,base,2021-03-10,False,0.008532515641372983,0.0,0.0,0.008532515641372983,0.0,False,1.0443583101919993,1.0432320457002846,0.0
risk_parity_reference,Risk Parity reference,base,2021-03-11,False,0.004235030861867774,0.0,0.0,0.004235030861867774,0.0,False,1.0487811998665104,1.0476501656099146,0.0
risk_parity_reference,Risk Parity reference,base,2021-03-12,False,0.006412281407799631,0.0,0.0,0.006412281407799631,0.0,False,1.0555062800552641,1.0543679932887333,0.0
risk_parity_reference,Risk Parity reference,base,2021-03-15,False,0.007491603294885026,0.0,0.0,0.007491603294885026,0.0,False,1.063413714380698,1.0622669000212765,0.0
risk_parity_reference,Risk Parity reference,base,2021-03-16,False,0.002024161154345321,0.0,0.0,0.002024161154345321,0.0,False,1.0655662351123454,1.0644170994158464,0.0
risk_parity_reference,Risk Parity reference,base,2021-03-17,False,0.00026106208330993843,0.0,0.0,0.00026106208330993843,0.0,False,1.0658444140535885,1.0646949783613306,0.0
risk_parity_reference,Risk Parity reference,base,2021-03-18,False,-0.011493993837854544,0.0,0.0,-0.011493993837854544,0.0,False,1.053593604926345,1.0524573808408508,-0.011493993837854544
risk_parity_reference,Risk Parity reference,base,2021-03-19,False,-0.004204021688081502,0.0,0.0,-0.004204021688081502,0.0,False,1.0491642745608107,1.0480328271860144,-0.015649694526559066
risk_parity_reference,Risk Parity reference,base,2021-03-22,False,0.006635928741944885,0.0,0.0,0.006635928741944885,0.0,False,1.0561264539253905,1.0549874983464398,-0.009117616042325638
risk_parity_reference,Risk Parity reference,base,2021-03-23,False,-0.005991173254281709,0.0,0.0,-0.005991173254281709,0.0,False,1.0497990173614933,1.048666885462745,-0.015054164079231769
risk_parity_reference,Risk Parity reference,base,2021-03-24,False,-0.0043148219183196685,0.0,0.0,-0.0043148219183196685,0.0,False,1.0452693215515514,1.0441420746003343,-0.019304029960420466
risk_parity_reference,Risk Parity reference,base,2021-03-25,False,0.0060672045447654616,0.0,0.0,0.0060672045447654616,0.0,False,1.0516111843297729,1.05047709814073,-0.0133539469139633
risk_parity_reference,Risk Parity reference,base,2021-03-26,False,0.019407640699180412,0.0,0.0,0.019407640699180412,0.0,False,1.0720204763504846,1.070864380224163,0.0
risk_parity_reference,Risk Parity reference,base,2021-03-29,False,0.0034745293999480587,0.0,0.0,0.0034745293999480587,0.0,False,1.0757452430129106,1.0745851299966092,0.0
risk_parity_reference,Risk Parity reference,base,2021-03-30,False,-0.005221549848684816,0.0,0.0,-0.005221549848684816,0.0,False,1.070128185602033,1.0689741301736764,-0.005221549848684837
risk_parity_reference,Risk Parity reference,base,2021-03-31,False,-0.0005381621665578626,0.0,0.0,-0.0005381621665578626,0.0,False,1.0695522830991748,1.0683988487397877,-0.0057569019746633865
risk_parity_reference,Risk Parity reference,base,2021-04-01,True,0.01116241192626093,0.05908397829372556,5.908397829372556e-05,0.011103327947967204,0.0,False,1.0814910662598007,1.0802616315365763,0.0
risk_parity_reference,Risk Parity reference,base,2021-04-05,False,0.008115667864981416,0.0,0.0,0.008115667864981416,0.0,False,1.0902680885525098,1.08902867614541,0.0
risk_parity_reference,Risk Parity reference,base,2021-04-06,False,0.0005112173972218454,0.0,0.0,0.0005112173972218454,0.0,False,1.0908254525670138,1.089585406550729,0.0
risk_parity_reference,Risk Parity reference,base,2021-04-07,False,-0.0012310979515088374,0.0,0.0,-0.0012310979515088374,0.0,False,1.0894825395869048,1.0882440201887305,-0.001231097951508997
risk_parity_reference,Risk Parity reference,base,2021-04-08,False,-0.0010203952671004892,0.0,0.0,-0.0010203952671004892,0.0,False,1.0883708367599216,1.0871335811410794,-0.0022502370120864867
risk_parity_reference,Risk Parity reference,base,2021-04-09,False,0.0026862708141973217,0.0,0.0,0.0026862708141973217,0.0,False,1.0912944955737331,1.0900539163512324,0.0
risk_parity_reference,Risk Parity reference,base,2021-04-12,False,4.920566284075524e-05,0.0,0.0,4.920566284075524e-05,0.0,False,1.0913481934427423,1.0901075531767186,0.0
risk_parity_reference,Risk Parity reference,base,2021-04-13,False,0.002934967758167645,0.0,0.0,0.002934967758167645,0.0,False,1.094551265203431,1.0933069836982272,0.0
risk_parity_reference,Risk Parity reference,base,2021-04-14,False,8.86292263317357e-05,0.0,0.0,8.86292263317357e-05,0.0,False,1.0946482744352466,1.0934038826503356,0.0
risk_parity_reference,Risk Parity reference,base,2021-04-15,False,0.011328713553662866,0.0,0.0,0.011328713553662866,0.0,False,1.1070492311783349,1.105790742035344,0.0
risk_parity_reference,Risk Parity reference,base,2021-04-16,False,0.003203541845132828,0.0,0.0,0.003203541845132828,0.0,False,1.1105957097150367,1.109333188949415,0.0
risk_parity_reference,Risk Parity reference,base,2021-04-19,False,-0.003800877465585528,0.0,0.0,-0.003800877465585528,0.0,False,1.1063744715086048,1.105116749429711,-0.0038008774655855504
risk_parity_reference,Risk Parity reference,base,2021-04-20,False,-0.0038159028374990583,0.0,0.0,-0.0038159028374990583,0.0,False,1.1021526540234385,1.1008997312897943,-0.007602276523978713
risk_parity_reference,Risk Parity reference,base,2021-04-21,False,0.008037398123131624,0.0,0.0,0.008037398123131624,0.0,False,1.1110110936962911,1.109748100723819,0.0
risk_parity_reference,Risk Parity reference,base,2021-04-22,False,-0.007689616524458793,0.0,0.0,-0.007689616524458793,0.0,False,1.1024678444313472,1.1012145633905064,-0.007689616524458764
risk_parity_reference,Risk Parity reference,base,2021-04-23,False,0.006832273754325421,0.0,0.0,0.006832273754325421,0.0,False,1.110000206549843,1.1087383627498402,-0.0009098803352943774
risk_parity_reference,Risk Parity reference,base,2021-04-26,False,-0.0010154391718501556,0.0,0.0,-0.0010154391718501556,0.0,False,1.1088730688593507,1.1076125063849709,-0.0019243955790104739
risk_parity_reference,Risk Parity reference,base,2021-04-27,False,-0.00029199264277796674,0.0,0.0,-0.00029199264277796674,0.0,False,1.108549286081469,1.1072890916820575,-0.002215826312437663
risk_parity_reference,Risk Parity reference,base,2021-04-28,False,-0.001465687705276739,0.0,0.0,-0.001465687705276739,0.0,False,1.106924499022166,1.105666151674192,-0.003678266308331346
risk_parity_reference,Risk Parity reference,base,2021-04-29,False,0.008159599855169094,0.0,0.0,0.008159599855169094,0.0,False,1.1159565600040704,1.114687945045258,0.0
risk_parity_reference,Risk Parity reference,base,2021-04-30,False,-0.004715448477994684,0.0,0.0,-0.004715448477994684,0.0,False,1.1106943243416911,1.1094316914713553,-0.004715448477994655
risk_parity_reference,Risk Parity reference,base,2021-05-03,True,0.0063891294472247975,0.04486290199670018,4.4862901996700176e-05,0.006344266545228097,0.0,False,1.117790694156208,1.1164702218357727,0.0
risk_parity_reference,Risk Parity reference,base,2021-05-04,False,-0.0035578320864105726,0.0,0.0,-0.0035578320864105726,0.0,False,1.1138137825586478,1.1124980082570035,-0.003557832086410584
risk_parity_reference,Risk Parity reference,base,2021-05-05,False,0.003432573696153065,0.0,0.0,0.003432573696153065,0.0,False,1.1176370304510714,1.1163167396571692,-0.00013747091109261866
risk_parity_reference,Risk Parity reference,base,2021-05-06,False,0.008083302756881117,0.0,0.0,0.008083302756881117,0.0,False,1.126671228940509,1.1253402658363925,0.0
risk_parity_reference,Risk Parity reference,base,2021-05-07,False,0.007649126631652015,0.0,0.0,0.007649126631652015,0.0,False,1.135289279842914,1.133948136033472,0.0
risk_parity_reference,Risk Parity reference,base,2021-05-10,False,-0.0019740275272799998,0.0,0.0,-0.0019740275272799998,0.0,False,1.133048187553078,1.1317096911984341,-0.0019740275272799312
risk_parity_reference,Risk Parity reference,base,2021-05-11,False,-0.007464549002280498,0.0,0.0,-0.007464549002280498,0.0,False,1.124590493835143,1.1232619887521276,-0.009423841304351366
risk_parity_reference,Risk Parity reference,base,2021-05-12,False,-0.01627573921216665,0.0,0.0,-0.01627573921216665,0.0,False,1.1062869522370005,1.1049800695562584,-0.02554620053307144
risk_parity_reference,Risk Parity reference,base,2021-05-13,False,0.010336215583174126,0.0,0.0,0.010336215583174126,0.0,False,1.1177217726721747,1.1164013817703027,-0.015474035985937995
risk_parity_reference,Risk Parity reference,base,2021-05-14,False,0.010700778889382638,0.0,0.0,0.010700778889382638,0.0,False,1.1296822662213886,1.128347746108428,-0.004938841334167332
risk_parity_reference,Risk Parity reference,base,2021-05-17,False,0.001699049725153994,0.0,0.0,0.001699049725153994,0.0,False,1.1316016525653232,1.1302648650363314,-0.0032481829460249134
risk_parity_reference,Risk Parity reference,base,2021-05-18,False,-0.006395401292241665,0.0,0.0,-0.006395401292241665,0.0,False,1.124364605894204,1.1230363676579027,-0.009622810804856052
risk_parity_reference,Risk Parity reference,base,2021-05-19,False,-0.0033825093863045354,0.0,0.0,-0.0033825093863045354,0.0,False,1.1205614320611383,1.1192376866031384,-0.012972770943290635
risk_parity_reference,Risk Parity reference,base,2021-05-20,False,0.009526836874268352,0.0,0.0,0.009526836874268352,0.0,False,1.1312368380319813,1.1299004814669398,-0.0035695235416064452
risk_parity_reference,Risk Parity reference,base,2021-05-21,False,0.0006606501668879137,0.0,0.0,0.0006606501668879137,0.0,False,1.131984189837817,1.1306469504085876,-0.0029112315810420064
risk_parity_reference,Risk Parity reference,base,2021-05-24,False,0.004447522608099153,0.0,0.0,0.004447522608099153,0.0,False,1.1370187151141313,1.135675528282308,0.0
risk_parity_reference,Risk Parity reference,base,2021-05-25,False,-0.00513898934876631,0.0,0.0,-0.00513898934876631,0.0,False,1.1311755880478118,1.1298393038388108,-0.005138989348766332
risk_parity_reference,Risk Parity reference,base,2021-05-26,False,0.0025052750070976705,0.0,0.0,0.0025052750070976705,0.0,False,1.1340094939771872,1.132669862008755,-0.002646588923245652
risk_parity_reference,Risk Parity reference,base,2021-05-27,False,-6.272580363156203e-05,0.0,0.0,-6.272580363156203e-05,0.0,False,1.1339383623203516,1.1325988143814112,-0.002709148717460197
risk_parity_reference,Risk Parity reference,base,2021-05-28,False,0.0031536450636332827,0.0,0.0,0.0031536450636332827,0.0,False,1.1375144014391476,1.1361706290414622,0.0
risk_parity_reference,Risk Parity reference,base,2021-06-01,True,0.0008700721509353926,0.037505277454345815,3.7505277454345815e-05,0.0008325668734810468,0.0,False,1.1385041210411277,1.1371165670698242,0.0
risk_parity_reference,Risk Parity reference,base,2021-06-02,False,0.003054825021565211,0.0,0.0,0.003054825021565211,0.0,False,1.1419820519172392,1.1405902592113455,0.0
risk_parity_reference,Risk Parity reference,base,2021-06-03,False,0.0019252641642400667,0.0,0.0,0.0019252641642400667,0.0,False,1.1441806690380008,1.1427861967634863,0.0
risk_parity_reference,Risk Parity reference,base,2021-06-04,False,0.006738781377348947,0.0,0.0,0.006738781377348947,0.0,False,1.1518910524228367,1.1504871831045276,0.0
risk_parity_reference,Risk Parity reference,base,2021-06-07,False,-0.001505286919838126,0.0,0.0,-0.001505286919838126,0.0,False,1.1501571258885461,1.148755369796359,-0.0015052869198379781
risk_parity_reference,Risk Parity reference,base,2021-06-08,False,-0.00382133862168938,0.0,0.0,-0.00382133862168938,0.0,False,1.145761986042377,1.1443655865348832,-0.005320873330483922
risk_parity_reference,Risk Parity reference,base,2021-06-09,False,-0.0002681259662681325,0.0,0.0,-0.0002681259662681325,0.0,False,1.145454777502756,1.1440587524062296,-0.005587572632448801
risk_parity_reference,Risk Parity reference,base,2021-06-10,False,0.005502555375699207,0.0,0.0,0.005502555375699207,0.0,False,1.151757705846324,1.150353999044398,-0.00011576318457551249
risk_parity_reference,Risk Parity reference,base,2021-06-11,False,-0.0004003050923274466,0.0,0.0,-0.0004003050923274466,0.0,False,1.1512966513715464,1.1498935064806013,-0.0005160219363107288
risk_parity_reference,Risk Parity reference,base,2021-06-14,False,-5.239330177237357e-05,0.0,0.0,-5.239330177237357e-05,0.0,False,1.1512363311386615,1.14983325976311,-0.0005683882019902331
risk_parity_reference,Risk Parity reference,base,2021-06-15,False,-0.0032050831808399134,0.0,0.0,-0.0032050831808399134,0.0,False,1.1475465229365571,1.146147948521473,-0.0037716496513636733
risk_parity_reference,Risk Parity reference,base,2021-06-16,False,-0.009263821655931159,0.0,0.0,-0.009263821655931159,0.0,False,1.136915856606189,1.1355302383350585,-0.013000531417576178
risk_parity_reference,Risk Parity reference,base,2021-06-17,False,-0.004345422337190881,0.0,0.0,-0.004345422337190881,0.0,False,1.131975477047386,1.1305958798728417,-0.017289460955149716
risk_parity_reference,Risk Parity reference,base,2021-06-18,False,-0.01388661751762129,0.0,0.0,-0.01388661751762129,0.0,False,1.116256166558302,1.114895727322049,-0.030935986341401045
risk_parity_reference,Risk Parity reference,base,2021-06-21,False,0.0142949248482268,0.0,0.0,0.0142949248482268,0.0,False,1.1322129645706225,1.1308330779577267,-0.017083289093030474
risk_parity_reference,Risk Parity reference,base,2021-06-22,False,0.0006241716827683694,0.0,0.0,0.0006241716827683694,0.0,False,1.1329196598419706,1.1315389119429258,-0.016469780315562454
risk_parity_reference,Risk Parity reference,base,2021-06-23,False,-0.004957394785398058,0.0,0.0,-0.004957394785398058,0.0,False,1.127303329827995,1.1259294268413849,-0.021345527897907557
risk_parity_reference,Risk Parity reference,base,2021-06-24,False,0.006323084269405096,0.0,0.0,0.006323084269405096,0.0,False,1.1344313637796783,1.1330487734887058,-0.01515741320017594
risk_parity_reference,Risk Parity reference,base,2021-06-25,False,0.008168786838334715,0.0,0.0,0.008168786838334715,0.0,False,1.1436982917731158,1.1423044073967716,-0.007112444039294008
risk_parity_reference,Risk Parity reference,base,2021-06-28,False,0.0010891107927172726,0.0,0.0,0.0010891107927172726,0.0,False,1.1449439059262982,1.143548503455436,-0.006031079486142454
risk_parity_reference,Risk Parity reference,base,2021-06-29,False,-0.0009061959223012688,0.0,0.0,-0.0009061959223012688,0.0,False,1.1439063624274841,1.142512224464651,-0.006931810068806277
risk_parity_reference,Risk Parity reference,base,2021-06-30,False,0.0035029764574932335,0.0,0.0,0.0035029764574932335,0.0,False,1.1479134394846442,1.146514417889349,-0.00345311557879191
risk_parity_reference,Risk Parity reference,base,2021-07-01,True,0.005522095481376363,0.04551172610841657,4.551172610841657e-05,0.005476583755267946,0.0,False,1.1542523271018337,1.1527934001255422,0.0
risk_parity_reference,Risk Parity reference,base,2021-07-02,False,0.004414835666422902,0.0,0.0,0.004414835666422902,0.0,False,1.1593481614435746,1.1578827935444334,0.0
risk_parity_reference,Risk Parity reference,base,2021-07-06,False,-0.005119925634428091,0.0,0.0,-0.005119925634428091,0.0,False,1.1534123850725726,1.151954519748102,-0.005119925634428091
risk_parity_reference,Risk Parity reference,base,2021-07-07,False,0.0016248697759106796,0.0,0.0,0.0016248697759106796,0.0,False,1.155286529996238,1.1538262958304644,-0.003503375070935677
risk_parity_reference,Risk Parity reference,base,2021-07-08,False,-0.006399672778773596,0.0,0.0,-0.006399672778773596,0.0,False,1.1478930742385374,1.1464421850936048,-0.009880627395634112
risk_parity_reference,Risk Parity reference,base,2021-07-09,False,0.00973644965128911,0.0,0.0,0.00973644965128911,0.0,False,1.1590694773609242,1.1576044617068826,-0.00024037997550574453
risk_parity_reference,Risk Parity reference,base,2021-07-12,False,0.003941717497445272,0.0,0.0,0.003941717497445272,0.0,False,1.1636382018005924,1.1621674114687133,0.0
risk_parity_reference,Risk Parity reference,base,2021-07-13,False,-0.003802403931380105,0.0,0.0,-0.003802403931380105,0.0,False,1.1592135793273617,1.1577483815344227,-0.003802403931380205
risk_parity_reference,Risk Parity reference,base,2021-07-14,False,0.0012592611165689683,0.0,0.0,0.0012592611165689683,0.0,False,1.1606733319136073,1.1592062890540595,-0.0025479310342315653
risk_parity_reference,Risk Parity reference,base,2021-07-15,False,0.00047659766931160824,0.0,0.0,0.00047659766931160824,0.0,False,1.1612265061184295,1.159758764069674,-0.0020725477029125416
risk_parity_reference,Risk Parity reference,base,2021-07-16,False,-0.005230275542638569,0.0,0.0,-0.005230275542638569,0.0,False,1.1551529715240147,1.1536929061705996,-0.0072919832499895865
risk_parity_reference,Risk Parity reference,base,2021-07-19,False,-0.014646339103290544,0.0,0.0,-0.014646339103290544,0.0,False,1.1382342093869005,1.1367955286457643,-0.021831521493865247
risk_parity_reference,Risk Parity reference,base,2021-07-20,False,0.008766221501734495,0.0,0.0,0.008766221501734495,0.0,False,1.1482122225872378,1.1467609300520545,-0.013256679945265804
risk_parity_reference,Risk Parity reference,base,2021-07-21,False,0.0049787174087369615,0.0,0.0,0.0049787174087369615,0.0,False,1.1539288467687574,1.1524703286581641,-0.008343963799754328
risk_parity_reference,Risk Parity reference,base,2021-07-22,False,-0.0007305964171854424,0.0,0.0,-0.0007305964171854424,0.0,False,1.1530857904876213,1.151628337965134,-0.00906846414688256
risk_parity_reference,Risk Parity reference,base,2021-07-23,False,0.007176862668621119,0.0,0.0,0.007176862668621119,0.0,False,1.1613613288510893,1.159893416392002,-0.0019566846000589333
risk_parity_reference,Risk Parity reference,base,2021-07-26,False,0.003099616106591036,0.0,0.0,0.003099616106591036,0.0,False,1.164961103131568,1.1634886407073797,0.0
risk_parity_reference,Risk Parity reference,base,2021-07-27,False,-0.000312974457301915,0.0,0.0,-0.000312974457301915,0.0,False,1.1645965000625376,1.1631244984814773,-0.00031297445730193996
risk_parity_reference,Risk Parity reference,base,2021-07-28,False,0.0006467779855058109,0.0,0.0,0.0006467779855058109,0.0,False,1.165349735440775,1.1638767818014975,0.0
risk_parity_reference,Risk Parity reference,base,2021-07-29,False,0.004359152651811733,0.0,0.0,0.004359152651811733,0.0,False,1.1704296728303096,1.1689502983612694,0.0
risk_parity_reference,Risk Parity reference,base,2021-07-30,False,-0.0041815433453204305,0.0,0.0,-0.0041815433453204305,0.0,False,1.1655354704207206,1.1640622820201465,-0.004181543345320393
risk_parity_reference,Risk Parity reference,base,2021-08-02,True,-0.0016483575599376,0.019725369772503634,1.9725369772503634e-05,-0.0016680829297101036,0.0,False,1.1636142512166772,1.1621205295983894,-0.005842651113956321
risk_parity_reference,Risk Parity reference,base,2021-08-03,False,0.004834356530401812,0.0,0.0,0.004834356530401812,0.0,False,1.1692395773709152,1.1677386345697676,-0.0010365400421219473
risk_parity_reference,Risk Parity reference,base,2021-08-04,False,-0.007085909368360213,0.0,0.0,-0.007085909368360213,0.0,False,1.160954451695765,1.1594641444392735,-0.00811510458168696
risk_parity_reference,Risk Parity reference,base,2021-08-05,False,0.004357870860518109,0.0,0.0,0.004357870860518109,0.0,False,1.1660137412711988,1.164516939448141,-0.0037925982989555074
risk_parity_reference,Risk Parity reference,base,2021-08-06,False,0.0013319408506587956,0.0,0.0,0.0013319408506587956,0.0,False,1.1675668026056274,1.166068007131076,-0.002465708964901281
risk_parity_reference,Risk Parity reference,base,2021-08-09,False,-0.0016088022535403965,0.0,0.0,-0.0016088022535403965,0.0,False,1.1656884185024365,1.1641920342934222,-0.004070544380302299
risk_parity_reference,Risk Parity reference,base,2021-08-10,False,0.004329010806265319,0.0,0.0,0.004329010806265319,0.0,False,1.1707346962628717,1.1692318341904464,0.0
risk_parity_reference,Risk Parity reference,base,2021-08-11,False,0.007397180789253382,0.0,0.0,0.007397180789253382,0.0,False,1.17939483246738,1.1778808534525036,0.0
risk_parity_reference,Risk Parity reference,base,2021-08-12,False,0.00249285731675381,0.0,0.0,0.00249285731675381,0.0,False,1.1823348955048378,1.1808171423562968,0.0
risk_parity_reference,Risk Parity reference,base,2021-08-13,False,0.0026047399952166244,0.0,0.0,0.0026047399952166244,0.0,False,1.1854145704948997,1.1838928639940296,0.0
risk_parity_reference,Risk Parity reference,base,2021-08-16,False,0.0017277610648321925,0.0,0.0,0.0017277610648321925,0.0,False,1.1874626836354858,1.1859383479893713,0.0
risk_parity_reference,Risk Parity reference,base,2021-08-17,False,-0.0025291700323369377,0.0,0.0,-0.0025291700323369377,0.0,False,1.1844593886015164,1.1829389082594373,-0.0025291700323369914
risk_parity_reference,Risk Parity reference,base,2021-08-18,False,-0.01198824673456677,0.0,0.0,-0.01198824673456677,0.0,False,1.1702597972038873,1.168757544755304,-0.014487096452522552
risk_parity_reference,Risk Parity reference,base,2021-08-19,False,-0.0013298336631157436,0.0,0.0,-0.0013298336631157436,0.0,False,1.1687035463309745,1.167203291628268,-0.01579766468709487
risk_parity_reference,Risk Parity reference,base,2021-08-20,False,0.005592408473958616,0.0,0.0,0.005592408473958616,0.0,False,1.1752394139470215,1.1737307692072023,-0.010293603207001012
risk_parity_reference,Risk Parity reference,base,2021-08-23,False,0.005316506291174915,0.0,0.0,0.005316506291174915,0.0,False,1.1814875816849075,1.1799709162258378,-0.0050318229220351895
risk_parity_reference,Risk Parity reference,base,2021-08-24,False,-0.0008332061150523077,0.0,0.0,-0.0008332061150523077,0.0,False,1.1805031590069892,1.1789877572428547,-0.005860836491458965
risk_parity_reference,Risk Parity reference,base,2021-08-25,False,-0.0009100996732378906,0.0,0.0,-0.0009100996732378906,0.0,False,1.1794287834677206,1.1779147608702365,-0.0067656022193209875
risk_parity_reference,Risk Parity reference,base,2021-08-26,False,-0.005813687770820259,0.0,0.0,-0.005813687770820259,0.0,False,1.172571952772721,1.1710667322298964,-0.012539956891256643
risk_parity_reference,Risk Parity reference,base,2021-08-27,False,0.007840579650928202,0.0,0.0,0.007840579650928202,0.0,False,1.18176559656488,1.1802485742204971,-0.004797697771153575
risk_parity_reference,Risk Parity reference,base,2021-08-30,False,0.0012558483873152315,0.0,0.0,0.0012558483873152315,0.0,False,1.1832497149835106,1.181730787489063,-0.0035478745648470644
risk_parity_reference,Risk Parity reference,base,2021-08-31,False,0.0006329093287595469,0.0,0.0,0.0006329093287595469,0.0,False,1.1839986047663758,1.1824787159285473,-0.0029172107189968655
risk_parity_reference,Risk Parity reference,base,2021-09-01,True,0.0002448620103165792,0.019130063193130015,1.9130063193130014e-05,0.00022573194712344915,0.0,False,1.184288521044951,1.1827456391515259,-0.0026921372795291054
risk_parity_reference,Risk Parity reference,base,2021-09-02,False,0.005756951169142478,0.0,0.0,0.005756951169142478,0.0,False,1.1911064122307826,1.1895546480416375,0.0
risk_parity_reference,Risk Parity reference,base,2021-09-03,False,-0.0026021124976304917,0.0,0.0,-0.0026021124976304917,0.0,False,1.188007019349509,1.186459293025354,-0.0026021124976304266
risk_parity_reference,Risk Parity reference,base,2021-09-07,False,-0.011255744557872153,0.0,0.0,-0.011255744557872153,0.0,False,1.1746351158067518,1.173104810294747,-0.013828568341918368
risk_parity_reference,Risk Parity reference,base,2021-09-08,False,0.0010104763528250038,0.0,0.0,0.0010104763528250038,0.0,False,1.1758220568144724,1.174290204964935,-0.012832065430396389
risk_parity_reference,Risk Parity reference,base,2021-09-09,False,-0.008005684344969372,0.0,0.0,-0.008005684344969372,0.0,False,1.166408796581763,1.1648892082545963,-0.020735020310036045
risk_parity_reference,Risk Parity reference,base,2021-09-10,False,-0.00451138170755234,0.0,0.0,-0.00451138170755234,0.0,False,1.161146681273336,1.1596339483891513,-0.02515285842625603
risk_parity_reference,Risk Parity reference,base,2021-09-13,False,0.0025295525860251707,0.0,0.0,0.0025295525860251707,0.0,False,1.1640838628637056,1.1625673034421418,-0.0226869313183089
risk_parity_reference,Risk Parity reference,base,2021-09-14,False,-0.007935018864003007,0.0,0.0,-0.007935018864003007,0.0,False,1.1548468354526005,1.1533423099586553,-0.03044192895433473
risk_parity_reference,Risk Parity reference,base,2021-09-15,False,0.00555303303791631,0.0,0.0,0.00555303303791631,0.0,False,1.1612597380836018,1.1597468579098824,-0.02505794095363978
risk_parity_reference,Risk Parity reference,base,2021-09-16,False,-0.004777995933774903,0.0,0.0,-0.004777995933774903,0.0,False,1.1557112437769819,1.1542055921385808,-0.029716210147429423
risk_parity_reference,Risk Parity reference,base,2021-09-17,False,-0.01095617154726354,0.0,0.0,-0.01095617154726354,0.0,False,1.1430490731310599,1.1415599176702995,-0.040346805798583185
risk_parity_reference,Risk Parity reference,base,2021-09-20,False,-0.013962329823890897,0.0,0.0,-0.013962329823890897,0.0,False,1.1270894449671112,1.125621081586053,-0.0537458002125738
risk_parity_reference,Risk Parity reference,base,2021-09-21,False,-0.0022865543470926065,0.0,0.0,-0.0022865543470926065,0.0,False,1.1245122936971594,1.1230472878087734,-0.055909461866552435
risk_parity_reference,Risk Parity reference,base,2021-09-22,False,0.005401892455508301,0.0,0.0,0.005401892455508301,0.0,False,1.1305867881726086,1.1291138684799666,-0.05080958631129251
risk_parity_reference,Risk Parity reference,base,2021-09-23,False,0.007699944285135736,0.0,0.0,0.007699944285135736,0.0,False,1.1392922434510482,1.1378079823588365,-0.04350087300990457
risk_parity_reference,Risk Parity reference,base,2021-09-24,False,-0.003211521858458795,0.0,0.0,-0.003211521858458795,0.0,False,1.1356333815080326,1.1341538871527623,-0.04657269086382987
risk_parity_reference,Risk Parity reference,base,2021-09-27,False,-0.0010563207227783015,0.0,0.0,-0.0010563207227783015,0.0,False,1.1344337884336668,1.1329558568989433,-0.0475798158881332
risk_parity_reference,Risk Parity reference,base,2021-09-28,False,-0.010205140760571793,0.0,0.0,-0.010205140760571793,0.0,False,1.1228567319391525,1.1213938829037753,-0.057299397930204554
risk_parity_reference,Risk Parity reference,base,2021-09-29,False,0.005608282497325976,0.0,0.0,0.005608282497325976,0.0,False,1.1291540296958915,1.127682976589873,-0.05201246664339776
risk_parity_reference,Risk Parity reference,base,2021-09-30,False,-0.009542730048736181,0.0,0.0,-0.009542730048736181,0.0,False,1.118378817607061,1.1169218023637206,-0.06105885576378711
risk_parity_reference,Risk Parity reference,base,2021-10-01,True,0.010318475202335493,0.0313358773750417,3.1335877375041696e-05,0.010287139324960452,0.0,False,1.129918781703357,1.128411732559722,-0.05139983739509146
risk_parity_reference,Risk Parity reference,base,2021-10-04,False,-0.0018943495999959046,0.0,0.0,-0.0018943495999959046,0.0,False,1.1277783205112093,1.126274126245517,-0.053196817733678015
risk_parity_reference,Risk Parity reference,base,2021-10-05,False,0.003980189904342662,0.0,0.0,0.003980189904342662,0.0,False,1.1322670923968445,1.1307569111523217,-0.04942836126622219
risk_parity_reference,Risk Parity reference,base,2021-10-06,False,0.0027808079482982647,0.0,0.0,0.0027808079482982647,0.0,False,1.1354157097269781,1.1339013289584472,-0.046785004097804395
risk_parity_reference,Risk Parity reference,base,2021-10-07,False,0.00710230971117689,0.0,0.0,0.00710230971117689,0.0,False,1.1434797837483948,1.141954647378625,-0.04001497597556891
risk_parity_reference,Risk Parity reference,base,2021-10-08,False,-0.0026061385518602953,0.0,0.0,-0.0026061385518602953,0.0,False,1.1404997170006952,1.1389785553476155,-0.04251682995588757
risk_parity_reference,Risk Parity reference,base,2021-10-11,False,-0.008691923466821162,0.0,0.0,-0.008691923466821162,0.0,False,1.130586580746594,1.1290786409141835,-0.05083920039068024
risk_parity_reference,Risk Parity reference,base,2021-10-12,False,0.00044933367097711876,0.0,0.0,0.00044933367097711876,0.0,False,1.1310945913652786,1.1295859739647274,-0.05041271048424423
risk_parity_reference,Risk Parity reference,base,2021-10-13,False,0.0037902150972741523,0.0,0.0,0.0037902150972741523,0.0,False,1.1353816831619163,1.1338673477769177,-0.046813570403341886
risk_parity_reference,Risk Parity reference,base,2021-10-14,False,0.012384555236314838,0.0,0.0,0.012384555236314838,0.0,False,1.1494428803313352,1.1479097905761149,-0.035008780415496266
risk_parity_reference,Risk Parity reference,base,2021-10-15,False,0.002589846780591087,0.0,0.0,0.002589846780591087,0.0,False,1.1524197612744347,1.1508827010516476,-0.0325096010121565
risk_parity_reference,Risk Parity reference,base,2021-10-18,False,-0.0008972849364565624,0.0,0.0,-0.0008972849364565624,0.0,False,1.1513857123821682,1.1498500313403655,-0.03337771557333469
risk_parity_reference,Risk Parity reference,base,2021-10-19,False,0.010554460847457574,0.0,0.0,0.010554460847457574,0.0,False,1.1635379678038278,1.1619860784765952,-0.023175538518073413
risk_parity_reference,Risk Parity reference,base,2021-10-20,False,0.009811988210522475,0.0,0.0,0.009811988210522475,0.0,False,1.1749545886264143,1.1733874721793989,-0.013590948418262694
risk_parity_reference,Risk Parity reference,base,2021-10-21,False,0.0034059833742084112,0.0,0.0,0.0034059833742084112,0.0,False,1.1789564644207258,1.1773840104011464,-0.010231255588406651
risk_parity_reference,Risk Parity reference,base,2021-10-22,False,0.0016955495705025328,0.0,0.0,0.0016955495705025328,0.0,False,1.1809554435476155,1.1793803233542985,-0.008553053618922779
risk_parity_reference,Risk Parity reference,base,2021-10-25,False,0.004710142769403864,0.0,0.0,0.004710142769403864,0.0,False,1.1865179122910294,1.184935373056723,-0.0038831969531784027
risk_parity_reference,Risk Parity reference,base,2021-10-26,False,0.005000561112171257,0.0,0.0,0.005000561112171257,0.0,False,1.1924511676221266,1.1908607148036665,0.0
risk_parity_reference,Risk Parity reference,base,2021-10-27,False,-0.013228926339248742,0.0,0.0,-0.013228926339248742,0.0,False,1.1766763189625022,1.1751069061272237,-0.01322892633924877
risk_parity_reference,Risk Parity reference,base,2021-10-28,False,0.008753040932059948,0.0,0.0,0.008753040932059948,0.0,False,1.1869758149461667,1.1853926649761017,-0.004591678740923366
risk_parity_reference,Risk Parity reference,base,2021-10-29,False,-0.0027257005474476898,0.0,0.0,-0.0027257005474476898,0.0,False,1.1837404743175608,1.182161639540236,-0.007304863747113144
risk_parity_reference,Risk Parity reference,base,2021-11-01,True,0.005566519140474015,0.03421811881899089,3.421811881899089e-05,0.005532301021655024,0.0,False,1.1903297883252033,1.1887017135864257,-0.0018129754306294155
risk_parity_reference,Risk Parity reference,base,2021-11-02,False,0.00486791524602297,0.0,0.0,0.00486791524602297,0.0,False,1.1961242128495868,1.1944882127809666,0.0
risk_parity_reference,Risk Parity reference,base,2021-11-03,False,0.004706734619555562,0.0,0.0,0.004706734619555562,0.0,False,1.2017540520914944,1.2001103518047138,0.0
risk_parity_reference,Risk Parity reference,base,2021-11-04,False,0.003954263627820642,0.0,0.0,0.003954263627820642,0.0,False,1.206506104429266,1.2048559045182263,0.0
risk_parity_reference,Risk Parity reference,base,2021-11-05,False,0.00012223783421553896,0.0,0.0,0.00012223783421553896,0.0,False,1.2066535851224394,1.2050031834945365,0.0
risk_parity_reference,Risk Parity reference,base,2021-11-08,False,0.001921616197101789,0.0,0.0,0.001921616197101789,0.0,False,1.2089723101959016,1.2073187371294989,0.0
risk_parity_reference,Risk Parity reference,base,2021-11-09,False,0.0003241940235795492,0.0,0.0,0.0003241940235795492,0.0,False,1.2093642517935403,1.207710142648632,0.0
risk_parity_reference,Risk Parity reference,base,2021-11-10,False,-0.004126112563568927,0.0,0.0,-0.004126112563568927,0.0,False,1.204374278760284,1.2027269946559,-0.004126112563568873
risk_parity_reference,Risk Parity reference,base,2021-11-11,False,0.0008278382138016864,0.0,0.0,0.0008278382138016864,0.0,False,1.2053713058119615,1.203722658022847,-0.0033016901034217394
risk_parity_reference,Risk Parity reference,base,2021-11-12,False,0.002342354486395478,0.0,0.0,0.002342354486395478,0.0,False,1.2081947126979025,1.2065422031912427,-0.0009670693456527157
risk_parity_reference,Risk Parity reference,base,2021-11-15,False,-0.0016826985076390277,0.0,0.0,-0.0016826985076390277,0.0,False,1.2061616852579082,1.2045119564265294,-0.002648140567146906
risk_parity_reference,Risk Parity reference,base,2021-11-16,False,-0.0006357126607529503,0.0,0.0,-0.0006357126607529503,0.0,False,1.2053949130036747,1.2037462329258009,-0.003282169771413823
risk_parity_reference,Risk Parity reference,base,2021-11-17,False,-0.004473534541594082,0.0,0.0,-0.004473534541594082,0.0,False,1.200002537224091,1.1983612325734936,-0.007741021413164018
risk_parity_reference,Risk Parity reference,base,2021-11-18,False,-0.0015112573611460452,0.0,0.0,-0.0015112573611460452,0.0,False,1.1981890245563172,1.1965502003394548,-0.009240580098716755
risk_parity_reference,Risk Parity reference,base,2021-11-19,False,-0.0056110026090557385,0.0,0.0,-0.0056110026090557385,0.0,False,1.1914659828133896,1.189836354043484,-0.014799733788729341
risk_parity_reference,Risk Parity reference,base,2021-11-22,False,-0.0004876343716636916,0.0,0.0,-0.0004876343716636916,0.0,False,1.1908849830475017,1.1892561489405975,-0.015280151301506062
risk_parity_reference,Risk Parity reference,base,2021-11-23,False,0.0058512035103368935,0.0,0.0,0.0058512035103368935,0.0,False,1.1978530934407168,1.1962147286939684,-0.009518355066103101
risk_parity_reference,Risk Parity reference,base,2021-11-24,False,0.001723201710149937,0.0,0.0,0.001723201710149937,0.0,False,1.199917235939842,1.1982760479601602,-0.007811555401680992
risk_parity_reference,Risk Parity reference,base,2021-11-26,False,-0.01842093583324937,0.0,0.0,-0.01842093583324937,0.0,False,1.1778136375313843,1.1762026817701665,-0.026088595074118093
risk_parity_reference,Risk Parity reference,base,2021-11-29,False,0.0076451518985579635,0.0,0.0,0.0076451518985579635,0.0,False,1.1868182016985047,1.1851949299357905,-0.018642894447721936
risk_parity_reference,Risk Parity reference,base,2021-11-30,False,-0.022295430151494905,0.0,0.0,-0.022295430151494905,0.0,False,1.160357579380013,1.1587704991595011,-0.040522673248235885
risk_parity_reference,Risk Parity reference,base,2021-12-01,True,-0.011912338529424027,0.0490244240535132,4.90244240535132e-05,-0.01196136295347754,0.0,False,1.1465350070792553,1.144910024639272,-0.05199932979914612
risk_parity_reference,Risk Parity reference,base,2021-12-02,False,0.019487787759550484,0.0,0.0,0.019487787759550484,0.0,False,1.1688784379561106,1.1672217882032239,-0.033524893942360245
risk_parity_reference,Risk Parity reference,base,2021-12-03,False,0.0016815866204960696,0.0,0.0,0.0016815866204960696,0.0,False,1.1708440082983638,1.1691845727454178,-0.03189968233497131
risk_parity_reference,Risk Parity reference,base,2021-12-06,False,0.013172125864219088,0.0,0.0,0.013172125864219088,0.0,False,1.1862665129430365,1.1845852190961235,-0.01914774310149725
risk_parity_reference,Risk Parity reference,base,2021-12-07,False,0.011628602984991479,0.0,0.0,0.011628602984991479,0.0,False,1.2000611352564414,1.1983602903108814,-0.007741801619091659
risk_parity_reference,Risk Parity reference,base,2021-12-08,False,4.693049118779404e-05,0.0,0.0,4.693049118779404e-05,0.0,False,1.2001174547149744,1.1984165299479257,-0.007695234454456523
risk_parity_reference,Risk Parity reference,base,2021-12-09,False,-0.005682505120816652,0.0,0.0,-0.005682505120816652,0.0,False,1.193297781132975,1.1916065218796252,-0.013334011366079923
risk_parity_reference,Risk Parity reference,base,2021-12-10,False,0.005962766288439662,0.0,0.0,0.005962766288439662,0.0,False,1.2004131369143844,1.1987117930773739,-0.007450752671103622
risk_parity_reference,Risk Parity reference,base,2021-12-13,False,-0.0008963268390398144,0.0,0.0,-0.0008963268390398144,0.0,False,1.1993371744018322,1.197637355524965,-0.008340401200553238
risk_parity_reference,Risk Parity reference,base,2021-12-14,False,-0.0025350366401143977,0.0,0.0,-0.0025350366401143977,0.0,False,1.1962968107208722,1.1946013009471395,-0.010854294618031113
risk_parity_reference,Risk Parity reference,base,2021-12-15,False,0.010004861349756073,0.0,0.0,0.010004861349756073,0.0,False,1.20826559444529,1.2065531213313538,-0.0009580289809778542
risk_parity_reference,Risk Parity reference,base,2021-12-16,False,0.006386317003371063,0.0,0.0,0.006386317003371063,0.0,False,1.2159819615556844,1.2142585520455829,0.0
risk_parity_reference,Risk Parity reference,base,2021-12-17,False,-0.011382314704383632,0.0,0.0,-0.011382314704383632,0.0,False,1.2021412721944038,1.200437479073711,-0.011382314704383556
risk_parity_reference,Risk Parity reference,base,2021-12-20,False,-0.004741637737175217,0.0,0.0,-0.004741637737175217,0.0,False,1.196441153772751,1.1947454394218155,-0.016069981628620056
risk_parity_reference,Risk Parity reference,base,2021-12-21,False,0.009367663536334524,0.0,0.0,0.009367663536334524,0.0,False,1.207649011942318,1.2059374127098892,-0.0068528562732176335
risk_parity_reference,Risk Parity reference,base,2021-12-22,False,0.005919633329030896,0.0,0.0,0.005919633329030896,0.0,False,1.2147978512831832,1.2130761200108922,-0.0009737893405804554
risk_parity_reference,Risk Parity reference,base,2021-12-23,False,0.0038856544287185317,0.0,0.0,0.0038856544287185317,0.0,False,1.2195181359340193,1.217789714608985,0.0
risk_parity_reference,Risk Parity reference,base,2021-12-27,False,0.011757942926446266,0.0,0.0,0.011757942926446266,0.0,False,1.2338571605740976,1.2321084165697709,0.0
risk_parity_reference,Risk Parity reference,base,2021-12-28,False,0.002757668716743186,0.0,0.0,0.002757668716743186,0.0,False,1.2372597298667423,1.2355061634057813,0.0
risk_parity_reference,Risk Parity reference,base,2021-12-29,False,0.001494796355452981,0.0,0.0,0.001494796355452981,0.0,False,1.2391091812016959,1.2373529935159802,0.0
risk_parity_reference,Risk Parity reference,base,2021-12-30,False,-0.0004564023650574525,0.0,0.0,-0.0004564023650574525,0.0,False,1.238543648840831,1.2367882626833284,-0.00045640236505750664
risk_parity_reference,Risk Parity reference,base,2021-12-31,False,-0.0010173128386314935,0.0,0.0,-0.0010173128386314935,0.0,False,1.2372836624856598,1.235530062105032,-0.0014732508997034044
risk_parity_reference,Risk Parity reference,base,2022-01-03,True,0.0037564641398044633,0.027293425909377916,2.7293425909377917e-05,0.0037291707138950854,0.0,False,1.241931474194553,1.2401375646287711,0.0
risk_parity_reference,Risk Parity reference,base,2022-01-04,False,0.004574212955688672,0.0,0.0,0.004574212955688672,0.0,False,1.2476123332338913,1.2458102179437323,0.0
risk_parity_reference,Risk Parity reference,base,2022-01-05,False,-0.008691688995102819,0.0,0.0,-0.008691688995102819,0.0,False,1.2367684748469676,1.234982022982444,-0.008691688995102864
risk_parity_reference,Risk Parity reference,base,2022-01-06,False,-0.0010981403860983268,0.0,0.0,-0.0010981403860983268,0.0,False,1.2354103294364849,1.2336258393469015,-0.00978028468649228
risk_parity_reference,Risk Parity reference,base,2022-01-07,False,0.0021963926552131616,0.0,0.0,0.0021963926552131616,0.0,False,1.2381237756102335,1.236335366079724,-0.0076053733767306175
risk_parity_reference,Risk Parity reference,base,2022-01-10,False,-0.005620914103908522,0.0,0.0,-0.005620914103908522,0.0,False,1.2311643882175214,1.2293860311833655,-0.013183538330160394
risk_parity_reference,Risk Parity reference,base,2022-01-11,False,0.006867539266983624,0.0,0.0,0.006867539266983624,0.0,False,1.2396194579977171,1.2378288880267985,-0.006406537530336931
risk_parity_reference,Risk Parity reference,base,2022-01-12,False,0.002549030903325026,0.0,0.0,0.002549030903325026,0.0,False,1.2427792863045162,1.240984152115407,-0.003873837089160226
risk_parity_reference,Risk Parity reference,base,2022-01-13,False,-0.0040744387763936175,0.0,0.0,-0.0040744387763936175,0.0,False,1.2377156581898983,1.2359278381651382,-0.007932492153504223
risk_parity_reference,Risk Parity reference,base,2022-01-14,False,0.00029515932881306014,0.0,0.0,0.00029515932881306014,0.0,False,1.2380809815128309,1.2362926337963123,-0.00763967417375111
risk_parity_reference,Risk Parity reference,base,2022-01-18,False,-0.009319281357049833,0.0,0.0,-0.009319281357049833,0.0,False,1.2265429565033004,1.2247712749023163,-0.016887759257699586
risk_parity_reference,Risk Parity reference,base,2022-01-19,False,-0.004408145679479739,0.0,0.0,-0.004408145679479739,0.0,False,1.221136176468894,1.2193723046985048,-0.021221461234171346
risk_parity_reference,Risk Parity reference,base,2022-01-20,False,-0.010610103687453614,0.0,0.0,-0.010610103687453614,0.0,False,1.2081797950200583,1.2064346381120443,-0.03160640301753115
risk_parity_reference,Risk Parity reference,base,2022-01-21,False,-0.009666606576581725,0.0,0.0,-0.009666606576581725,0.0,False,1.1965007962678242,1.1947725091050545,-0.040967482930841514
risk_parity_reference,Risk Parity reference,base,2022-01-24,False,0.0002947730721915736,0.0,0.0,0.0002947730721915736,0.0,False,1.1968534924834198,1.1951246958681334,-0.04068478596945335
risk_parity_reference,Risk Parity reference,base,2022-01-25,False,-0.0038155781969614715,0.0,0.0,-0.0038155781969614715,0.0,False,1.192286804392543,1.1905646041359288,-0.04434512818412173
risk_parity_reference,Risk Parity reference,base,2022-01-26,False,-0.010760571708337198,0.0,0.0,-0.010760571708337198,0.0,False,1.1794571167369727,1.177753448339716,-0.05462852096071824
risk_parity_reference,Risk Parity reference,base,2022-01-27,False,-0.0020172236277925686,0.0,0.0,-0.0020172236277925686,0.0,False,1.1770778879731227,1.175377656256011,-0.0565355466452776
risk_parity_reference,Risk Parity reference,base,2022-01-28,False,0.01669079530383178,0.0,0.0,0.01669079530383178,0.0,False,1.1967242540579488,1.1949956441212777,-0.040788374577892306
risk_parity_reference,Risk Parity reference,base,2022-01-31,False,0.011636961149299858,0.0,0.0,0.011636961149299858,0.0,False,1.210650487708846,1.2089017620054996,-0.0296260661588984
risk_parity_reference,Risk Parity reference,base,2022-02-01,True,0.0062100903084794665,0.03658388480778131,3.6583884807781315e-05,0.006173506423671685,0.0,False,1.2181687365695226,1.2163649247988286,-0.023635456444966785
risk_parity_reference,Risk Parity reference,base,2022-02-02,False,0.01019052483254934,0.0,0.0,0.01019052483254934,0.0,False,1.2305825153297696,1.228760321770433,-0.013685789318248487
risk_parity_reference,Risk Parity reference,base,2022-02-03,False,-0.008503080354121149,0.0,0.0,-0.008503080354121149,0.0,False,1.220118773319544,1.2183120740184632,-0.02207249830608715
risk_parity_reference,Risk Parity reference,base,2022-02-04,False,-0.0027645676348243215,0.0,0.0,-0.0027645676348243215,0.0,False,1.216745672448183,1.214943967889516,-0.02477604502647479
risk_parity_reference,Risk Parity reference,base,2022-02-07,False,0.0012203204011069378,0.0,0.0,0.0012203204011069378,0.0,False,1.2182304920152303,1.2164265887997334,-0.023585959338572327
risk_parity_reference,Risk Parity reference,base,2022-02-08,False,0.0033177001167851734,0.0,0.0,0.0033177001167851734,0.0,False,1.2222722154608605,1.220462327435455,-0.02034651036183921
risk_parity_reference,Risk Parity reference,base,2022-02-09,False,0.010345619358743695,0.0,0.0,0.010345619358743695,0.0,False,1.234917378554787,1.2330887661167884,-0.010211388254578013
risk_parity_reference,Risk Parity reference,base,2022-02-10,False,-0.017931956647917753,0.0,0.0,-0.017931956647917753,0.0,False,1.212772893658782,1.2109770718197477,-0.027960234730999622
risk_parity_reference,Risk Parity reference,base,2022-02-11,False,-0.008699844396869529,0.0,0.0,-0.008699844396869529,0.0,False,1.2022219581952094,1.2004417597267392,-0.03641682943640956
risk_parity_reference,Risk Parity reference,base,2022-02-14,False,-0.006147459892018854,0.0,0.0,-0.006147459892018854,0.0,False,1.1948313469259,1.1930620921561146,-0.042340418330073515
risk_parity_reference,Risk Parity reference,base,2022-02-15,False,0.0077512649749387945,0.0,0.0,0.0077512649749387945,0.0,False,1.2040928012962855,1.2023098325639714,-0.034917345156760926
risk_parity_reference,Risk Parity reference,base,2022-02-16,False,-0.0007763907732847547,0.0,0.0,-0.0007763907732847547,0.0,False,1.2031579547551805,1.2013763703033393,-0.035666626425438275
risk_parity_reference,Risk Parity reference,base,2022-02-17,False,-0.012497026427708651,0.0,0.0,-0.012497026427708651,0.0,False,1.188122057997897,1.1863627380540338,-0.04771792608012104
risk_parity_reference,Risk Parity reference,base,2022-02-18,False,-0.007212076408098541,0.0,0.0,-0.007212076408098541,0.0,False,1.1795532309334689,1.177806599339467,-0.05458585715929376
risk_parity_reference,Risk Parity reference,base,2022-02-22,False,-0.005504966973617987,0.0,0.0,-0.005504966973617987,0.0,False,1.1730598293535557,1.171322812908794,-0.059790330792023116
risk_parity_reference,Risk Parity reference,base,2022-02-23,False,-0.009972172837115198,0.0,0.0,-0.009972172837115198,0.0,False,1.161361873986965,1.1596421793704117,-0.06916626411649196
risk_parity_reference,Risk Parity reference,base,2022-02-24,False,0.004621580450066078,0.0,0.0,0.004621580450066078,0.0,False,1.1667292013192352,1.165001558995662,-0.06486434112047079
risk_parity_reference,Risk Parity reference,base,2022-02-25,False,0.025662435867637425,0.0,0.0,0.025662435867637425,0.0,False,1.1966703146229898,1.1948983367890857,-0.04086648224693401
risk_parity_reference,Risk Parity reference,base,2022-02-28,False,-0.004082540598292165,0.0,0.0,-0.004082540598292165,0.0,False,1.1917848594807703,1.1900201158183126,-0.044782183772343664
risk_parity_reference,Risk Parity reference,base,2022-03-01,True,-0.0099526556022803,0.03446485987311645,3.446485987311645e-05,-0.009987120462153417,0.0,False,1.1799234352223462,1.1781352415692492,-0.05432205917060451
risk_parity_reference,Risk Parity reference,base,2022-03-02,False,0.017061911767374687,0.0,0.0,0.017061911767374687,0.0,False,1.2000551847663676,1.1982364811109385,-0.03818698558382061
risk_parity_reference,Risk Parity reference,base,2022-03-03,False,0.0026669485905072236,0.0,0.0,0.0026669485905072236,0.0,False,1.2032556702499113,1.2014321162053319,-0.03562187972069175
risk_parity_reference,Risk Parity reference,base,2022-03-04,False,0.004538869072985221,0.0,0.0,0.004538869072985221,0.0,False,1.2087170901985027,1.2068852592808674,-0.031244693695892334
risk_parity_reference,Risk Parity reference,base,2022-03-07,False,-0.012588084670367606,0.0,0.0,-0.012588084670367606,0.0,False,1.1935016571245636,1.1916928854496212,-0.043439467516516506
risk_parity_reference,Risk Parity reference,base,2022-03-08,False,-0.008000200681371106,0.0,0.0,-0.008000200681371106,0.0,False,1.183953404354018,1.182159103215462,-0.05109214374026361
risk_parity_reference,Risk Parity reference,base,2022-03-09,False,0.010483294871452949,0.0,0.0,0.010483294871452949,0.0,False,1.1963651370059218,1.1945520256794422,-0.04114446287725437
risk_parity_reference,Risk Parity reference,base,2022-03-10,False,0.0002210083602998547,0.0,0.0,0.0002210083602998547,0.0,False,1.1966295437031713,1.1948160316639305,-0.04093254778723043
risk_parity_reference,Risk Parity reference,base,2022-03-11,False,-0.007351523841593587,0.0,0.0,-0.007351523841593587,0.0,False,1.1878324930830821,1.1860323131208348,-0.047983155027869095
risk_parity_reference,Risk Parity reference,base,2022-03-14,False,-0.007897299051029406,0.0,0.0,-0.007897299051029406,0.0,False,1.1784518246626752,1.1766658612599354,-0.05550151675423143
risk_parity_reference,Risk Parity reference,base,2022-03-15,False,0.008477419734019224,0.0,0.0,0.008477419734019224,0.0,False,1.1884420554166615,1.1866409516525271,-0.047494606673612605
risk_parity_reference,Risk Parity reference,base,2022-03-16,False,0.011654235947309204,0.0,0.0,0.011654235947309204,0.0,False,1.2022924395401924,1.2004703452878254,-0.03639388407870214
risk_parity_reference,Risk Parity reference,base,2022-03-17,False,0.013672013396902775,0.0,0.0,0.013672013396902775,0.0,False,1.218730197880581,1.216883191931185,-0.02321944835248868
risk_parity_reference,Risk Parity reference,base,2022-03-18,False,0.0032505175395360314,0.0,0.0,0.0032505175395360314,0.0,False,1.222691701764754,1.2208386920901242,-0.020044406037080575
risk_parity_reference,Risk Parity reference,base,2022-03-21,False,0.0030135630145845527,0.0,0.0,0.0030135630145845527,0.0,False,1.2263763602554316,1.2245177664193807,-0.017091248103178747
risk_parity_reference,Risk Parity reference,base,2022-03-22,False,0.0047727605082025625,0.0,0.0,0.0047727605082025625,0.0,False,1.232229560915852,1.2303620964565396,-0.012400060028958881
risk_parity_reference,Risk Parity reference,base,2022-03-23,False,-0.008521685534935305,0.0,0.0,-0.008521685534935305,0.0,False,1.2217288880908757,1.2198773375764334,-0.020816076151712992
risk_parity_reference,Risk Parity reference,base,2022-03-24,False,0.00875290853788817,0.0,0.0,0.00875290853788817,0.0,False,1.2324225693064308,1.2305548123396823,-0.01224536882449856
risk_parity_reference,Risk Parity reference,base,2022-03-25,False,0.00942428306373391,0.0,0.0,0.00942428306373391,0.0,False,1.2440372684537089,1.2421519092166113,-0.0029364895827865833
risk_parity_reference,Risk Parity reference,base,2022-03-28,False,0.002477594282913967,0.0,0.0,0.002477594282913967,0.0,False,1.2471194880777619,1.2452294576853973,-0.0004661707296746975
risk_parity_reference,Risk Parity reference,base,2022-03-29,False,0.012053980229399838,0.0,0.0,0.012053980229399838,0.0,False,1.2621522417307502,1.2602394289494032,0.0
risk_parity_reference,Risk Parity reference,base,2022-03-30,False,-0.0017940502369411253,0.0,0.0,-0.0017940502369411253,0.0,False,1.2598878772024174,1.257978496103294,-0.0017940502369411249
risk_parity_reference,Risk Parity reference,base,2022-03-31,False,-0.012129452238696626,0.0,0.0,-0.012129452238696626,0.0,False,1.2446061273697777,1.2427199060175016,-0.013901741628975062
risk_parity_reference,Risk Parity reference,base,2022-04-01,True,0.00843250022400116,0.02382183872453695,2.382183872453695e-05,0.008408678385276624,0.0,False,1.2551012688176164,1.253169538030184,-0.005609958518051683
risk_parity_reference,Risk Parity reference,base,2022-04-04,False,0.001201547962791586,0.0,0.0,0.001201547962791586,0.0,False,1.2566093331902615,1.2546752813356365,-0.004415151189488764
risk_parity_reference,Risk Parity reference,base,2022-04-05,False,-0.006957086431355669,0.0,0.0,-0.006957086431355669,0.0,False,1.2478669934488087,1.245946396960099,-0.011341521032411706
risk_parity_reference,Risk Parity reference,base,2022-04-06,False,0.004192019430711326,0.0,0.0,0.004192019430711326,0.0,False,1.2530980761322894,1.2511694284657804,-0.007197045478242181
risk_parity_reference,Risk Parity reference,base,2022-04-07,False,0.0021381342755429546,0.0,0.0,0.0021381342755429546,0.0,False,1.2557773680794846,1.2538445967052945,-0.005074299452318964
risk_parity_reference,Risk Parity reference,base,2022-04-08,False,0.004145331557564623,0.0,0.0,0.004145331557564623,0.0,False,1.2609829816326599,1.2590421982802988,-0.0009500025484066033
risk_parity_reference,Risk Parity reference,base,2022-04-11,False,-0.011721107103506241,0.0,0.0,-0.011721107103506241,0.0,False,1.2462028650492447,1.2442848298264215,-0.01265997457029433
risk_parity_reference,Risk Parity reference,base,2022-04-12,False,-0.0005412761182396062,0.0,0.0,-0.0005412761182396062,0.0,False,1.2455283251999119,1.2436113281637486,-0.013194398146641473
risk_parity_reference,Risk Parity reference,base,2022-04-13,False,0.007071700781751905,0.0,0.0,0.007071700781751905,0.0,False,1.2543363288309224,1.25240577536532,-0.006216004200577774
risk_parity_reference,Risk Parity reference,base,2022-04-14,False,-0.0007060802059803925,0.0,0.0,-0.0007060802059803925,0.0,False,1.2534506667774927,1.251521476437479,-0.0069176954090319764
risk_parity_reference,Risk Parity reference,base,2022-04-18,False,-0.0015580617583895384,0.0,0.0,-0.0015580617583895384,0.0,False,1.2514977132275589,1.2495715286852385,-0.008464978970748493
risk_parity_reference,Risk Parity reference,base,2022-04-19,False,0.010264941338980623,0.0,0.0,0.010264941338980623,0.0,False,1.2643442638397082,1.2623983071260527,0.0
risk_parity_reference,Risk Parity reference,base,2022-04-20,False,0.003202449141302817,0.0,0.0,0.003202449141302817,0.0,False,1.2683932620417528,1.2664410735006906,0.0
risk_parity_reference,Risk Parity reference,base,2022-04-21,False,-0.010857330780738885,0.0,0.0,-0.010857330780738885,0.0,False,1.254621896835705,1.2526909038513794,-0.010857330780739027
risk_parity_reference,Risk Parity reference,base,2022-04-22,False,-0.021222393321073257,0.0,0.0,-0.021222393321073257,0.0,False,1.2279958174718266,1.2261058047801148,-0.031849305557566265
risk_parity_reference,Risk Parity reference,base,2022-04-25,False,-0.002866670175238368,0.0,0.0,-0.002866670175238368,0.0,False,1.2244755584865628,1.222590963837865,-0.03462467427846083
risk_parity_reference,Risk Parity reference,base,2022-04-26,False,-0.01739118670054547,0.0,0.0,-0.01739118670054547,0.0,False,1.2031804754386681,1.2013286561273606,-0.05141369680418406
risk_parity_reference,Risk Parity reference,base,2022-04-27,False,0.0004613451426273836,0.0,0.0,0.0004613451426273836,0.0,False,1.2037355569067159,1.201882883267564,-0.05097607112084179
risk_parity_reference,Risk Parity reference,base,2022-04-28,False,0.015583190102946719,0.0,0.0,0.015583190102946719,0.0,False,1.2224935969236694,1.220612052719,-0.03618725082487262
risk_parity_reference,Risk Parity reference,base,2022-04-29,False,-0.03370861205473511,0.0,0.0,-0.03370861205473511,0.0,False,1.1812850345255719,1.1794669145645615,-0.06867604088022461
risk_parity_reference,Risk Parity reference,base,2022-05-02,True,0.001271081439341681,0.04184318123195443,4.184318123195443e-05,0.0012292382581097264,0.0,False,1.1827865440075296,1.1809167604201192,-0.0675312218389802
risk_parity_reference,Risk Parity reference,base,2022-05-03,False,0.005365705670624739,0.0,0.0,0.005365705670624739,0.0,False,1.1891330284738493,1.187253212178041,-0.06252786882832129
risk_parity_reference,Risk Parity reference,base,2022-05-04,False,0.028053042017211295,0.0,0.0,0.028053042017211295,0.0,False,1.22249182728568,1.2205592764243407,-0.03622892374259756
risk_parity_reference,Risk Parity reference,base,2022-05-05,False,-0.021515002779058275,0.0,0.0,-0.021515002779058275,0.0,False,1.1961899122242525,1.1942989402000657,-0.056964461126651544
risk_parity_reference,Risk Parity reference,base,2022-05-06,False,-0.0033738685846153526,0.0,0.0,-0.0033738685846153526,0.0,False,1.1921541246581653,1.1902695325250854,-0.060146139105431984
risk_parity_reference,Risk Parity reference,base,2022-05-09,False,-0.02951120797336288,0.0,0.0,-0.02951120797336288,0.0,False,1.1569722163490757,1.1551432408063802,-0.08788236185885967
risk_parity_reference,Risk Parity reference,base,2022-05-10,False,-0.006021357443593023,0.0,0.0,-0.006021357443593023,0.0,False,1.1500056730821318,1.1481877104549345,-0.09337454818871338
risk_parity_reference,Risk Parity reference,base,2022-05-11,False,-0.0003663361019615118,0.0,0.0,-0.0003663361019615118,0.0,False,1.1495843844866214,1.1477670878447663,-0.09370667782266895
risk_parity_reference,Risk Parity reference,base,2022-05-12,False,0.003543113198748171,0.0,0.0,0.003543113198748171,0.0,False,1.1536574920923708,1.1518337565627979,-0.09049557799092511
risk_parity_reference,Risk Parity reference,base,2022-05-13,False,0.01771226717826757,0.0,0.0,0.01771226717826757,0.0,False,1.1740913818245209,1.1722353438039856,-0.07438619266848467
risk_parity_reference,Risk Parity reference,base,2022-05-16,False,0.003278417898383671,0.0,0.0,0.003278417898383671,0.0,False,1.1779405440250323,1.1760784211362305,-0.07135164379553804
risk_parity_reference,Risk Parity reference,base,2022-05-17,False,0.013779396080390572,0.0,0.0,0.013779396080390572,0.0,False,1.1941718533403038,1.1922840715226668,-0.0585554302759933
risk_parity_reference,Risk Parity reference,base,2022-05-18,False,-0.024571322291582556,0.0,0.0,-0.024571322291582556,0.0,False,1.1648294718603427,1.1629880753381632,-0.08168796821834201
risk_parity_reference,Risk Parity reference,base,2022-05-19,False,-0.0020294107160621173,0.0,0.0,-0.0020294107160621173,0.0,False,1.1624655544477644,1.1606278948754194,-0.08355160049632859
risk_parity_reference,Risk Parity reference,base,2022-05-20,False,0.0027535477814462604,0.0,0.0,0.0027535477814462604,0.0,False,1.1656664588962218,1.1638237392404382,-0.08102811603906523
risk_parity_reference,Risk Parity reference,base,2022-05-23,False,0.01708391446897238,0.0,0.0,0.01708391446897238,0.0,False,1.1855806049793547,1.1837064044585814,-0.06532847897408633
risk_parity_reference,Risk Parity reference,base,2022-05-24,False,0.005067488193308472,0.0,0.0,0.005067488193308472,0.0,False,1.191588520697303,1.1897048226875189,-0.0605920420766658
risk_parity_reference,Risk Parity reference,base,2022-05-25,False,0.006907241082124696,0.0,0.0,0.006907241082124696,0.0,False,1.1998191098804516,1.197922400714388,-0.0541033248368229
risk_parity_reference,Risk Parity reference,base,2022-05-26,False,0.010208978709739346,0.0,0.0,0.010208978709739346,0.0,False,1.2120680376287594,1.210151964999201,-0.04444668581846889
risk_parity_reference,Risk Parity reference,base,2022-05-27,False,0.016628601866092413,0.0,0.0,0.016628601866092413,0.0,False,1.2322230344611038,1.230275100222642,-0.028557170195119164
risk_parity_reference,Risk Parity reference,base,2022-05-31,False,-0.00833546470509806,0.0,0.0,-0.00833546470509806,0.0,False,1.2219518828485445,1.220020185547175,-0.036654597615978335
risk_parity_reference,Risk Parity reference,base,2022-06-01,True,-0.00540534034866702,0.04508161066080949,4.5081610660809494e-05,-0.00545042195932783,0.0,False,1.2153468170320536,1.2133705607370455,-0.04190523655154976
risk_parity_reference,Risk Parity reference,base,2022-06-02,False,0.011272951117408551,0.0,0.0,0.011272951117408551,0.0,False,1.229047362291154,1.227048827755537,-0.031104681117350208
risk_parity_reference,Risk Parity reference,base,2022-06-03,False,-0.007429779381035822,0.0,0.0,-0.007429779381035822,0.0,False,1.2199158115404867,1.2179321256755546,-0.03830335957996667
risk_parity_reference,Risk Parity reference,base,2022-06-06,False,-0.0008686489454453156,0.0,0.0,-0.0008686489454453156,0.0,False,1.2188561329572598,1.2168741702189625,-0.039138736352505865
risk_parity_reference,Risk Parity reference,base,2022-06-07,False,0.009249238713062248,0.0,0.0,0.009249238713062248,0.0,False,1.2301296242878614,1.2281293299030773,-0.0302515011548955
risk_parity_reference,Risk Parity reference,base,2022-06-08,False,-0.012400398636913603,0.0,0.0,-0.012400398636913603,0.0,False,1.2148755265716153,1.2129000366345937,-0.04227676911812328
risk_parity_reference,Risk Parity reference,base,2022-06-09,False,-0.022349960412954943,0.0,0.0,-0.022349960412954943,0.0,False,1.187723106646072,1.185791768830939,-0.06368184541490052
risk_parity_reference,Risk Parity reference,base,2022-06-10,False,-0.020660575168332106,0.0,0.0,-0.020660575168332106,0.0,False,1.163184064122046,1.1612926288570178,-0.08302671702917996
risk_parity_reference,Risk Parity reference,base,2022-06-13,False,-0.03748467513808706,0.0,0.0,-0.03748467513808706,0.0,False,1.1195824873526312,1.1177619519240574,-0.1173991626516464
risk_parity_reference,Risk Parity reference,base,2022-06-14,False,-0.00946742087377354,0.0,0.0,-0.00946742087377354,0.0,False,1.1089829287419577,1.1071796290885016,-0.12575511624236824
risk_parity_reference,Risk Parity reference,base,2022-06-15,False,0.008758585464361611,0.0,0.0,0.008758585464361611,0.0,False,1.1186960505018624,1.1168769564942735,-0.11809796771119607
risk_parity_reference,Risk Parity reference,base,2022-06-16,False,-0.022569552469735764,0.0,0.0,-0.022569552469735764,0.0,False,1.0934475812923743,1.0916695434224373,-0.13800210190210482
risk_parity_reference,Risk Parity reference,base,2022-06-17,False,-0.003901205394650291,0.0,0.0,-0.003901205394650291,0.0,False,1.0891818176894692,1.0874107163104623,-0.14136493275234152
risk_parity_reference,Risk Parity reference,base,2022-06-21,False,0.021858386554842773,0.0,0.0,0.021858386554842773,0.0,False,1.112989574889032,1.1111797600914548,-0.12259655554289883
risk_parity_reference,Risk Parity reference,base,2022-06-22,False,0.00023219827134426246,0.0,0.0,0.00023219827134426246,0.0,False,1.1132480091443453,1.1114377741109007,-0.12239282397982443
risk_parity_reference,Risk Parity reference,base,2022-06-23,False,0.006991938321529157,0.0,0.0,0.006991938321529157,0.0,False,1.1210317705608477,1.1192088784757017,-0.11625664873455999
risk_parity_reference,Risk Parity reference,base,2022-06-24,False,0.023563573189861006,0.0,0.0,0.023563573189861006,0.0,False,1.1474472847346175,1.145581438798406,-0.09543249759596384
risk_parity_reference,Risk Parity reference,base,2022-06-27,False,-0.0026081451328698914,0.0,0.0,-0.0026081451328698914,0.0,False,1.1444545756837121,1.142593596144498,-0.09779174092471121
risk_parity_reference,Risk Parity reference,base,2022-06-28,False,-0.009951031548241066,0.0,0.0,-0.009951031548241066,0.0,False,1.1330660720955548,1.1312236112224459,-0.106769643773853
risk_parity_reference,Risk Parity reference,base,2022-06-29,False,-0.002209423604494295,0.0,0.0,-0.002209423604494295,0.0,False,1.1305626491704153,1.1287242590738498,-0.10874316800714989
risk_parity_reference,Risk Parity reference,base,2022-06-30,False,-0.006135650739927107,0.0,0.0,-0.006135650739927107,0.0,False,1.123625911615499,1.1217988012384896,-0.11421160864783186
risk_parity_reference,Risk Parity reference,base,2022-07-01,True,0.013103721446923147,0.03817803554810928,3.817803554810928e-05,0.013065543411375037,0.0,False,1.1383495925718536,1.1364557121748997,-0.10263830196732793
risk_parity_reference,Risk Parity reference,base,2022-07-05,False,-0.007235875047131321,0.0,0.0,-0.007235875047131321,0.0,False,1.130112637160051,1.1282324606450036,-0.10913149908637387
risk_parity_reference,Risk Parity reference,base,2022-07-06,False,0.00048686094320595744,0.0,0.0,0.00048686094320595744,0.0,False,1.1306628448645077,1.1287817529649489,-0.1086977700077465
risk_parity_reference,Risk Parity reference,base,2022-07-07,False,0.009340347260349994,0.0,0.0,0.009340347260349994,0.0,False,1.1412236284699173,1.1393249665187881,-0.10037269766569457
risk_parity_reference,Risk Parity reference,base,2022-07-08,False,-0.0030018085069766914,0.0,0.0,-0.0030018085069766914,0.0,False,1.1377978936736135,1.135904931142081,-0.10307320655495023
risk_parity_reference,Risk Parity reference,base,2022-07-11,False,-0.004601241276273326,0.0,0.0,-0.004601241276273326,0.0,False,1.1325626110411855,1.1306783584869877,-0.10720018313874502
risk_parity_reference,Risk Parity reference,base,2022-07-12,False,-0.004437094108499389,0.0,0.0,-0.004437094108499389,0.0,False,1.127537324152228,1.1256614322039373,-0.11116161994620943
risk_parity_reference,Risk Parity reference,base,2022-07-13,False,-0.003661950967361334,0.0,0.0,-0.003661950967361334,0.0,False,1.1234083377573127,1.1215393152333568,-0.1144165025118753
risk_parity_reference,Risk Parity reference,base,2022-07-14,False,-0.004109301047598741,0.0,0.0,-0.004109301047598741,0.0,False,1.1187919146980854,1.1169305725503451,-0.11805563170583944
risk_parity_reference,Risk Parity reference,base,2022-07-15,False,0.016001829308823184,0.0,0.0,0.016001829308823184,0.0,False,1.1366946319491755,1.1348035049221017,-0.10394290846451859
risk_parity_reference,Risk Parity reference,base,2022-07-18,False,-0.006540984747491662,0.0,0.0,-0.006540984747491662,0.0,False,1.1292595296990404,1.1273807725050062,-0.10980400423313375
risk_parity_reference,Risk Parity reference,base,2022-07-19,False,0.022312321860163346,0.0,0.0,0.022312321860163346,0.0,False,1.1544559317893421,1.1525352551600974,-0.08994166465695497
risk_parity_reference,Risk Parity reference,base,2022-07-20,False,-0.0011934331646997094,0.0,0.0,-0.0011934331646997094,0.0,False,1.1530781657931606,1.1511597813631038,-0.09102775845616462
risk_parity_reference,Risk Parity reference,base,2022-07-21,False,0.0044236825189724145,0.0,0.0,0.0044236825189724145,0.0,False,1.1581790175181887,1.156252146764464,-0.08700675384101597
risk_parity_reference,Risk Parity reference,base,2022-07-22,False,-0.0027548932721477796,0.0,0.0,-0.0027548932721477796,0.0,False,1.1549883579348852,1.1530667955044362,-0.08952195279237563
risk_parity_reference,Risk Parity reference,base,2022-07-25,False,0.0020668743516745864,0.0,0.0,0.0020668743516745864,0.0,False,1.1573755737483835,1.155450039689832,-0.08764010906883946
risk_parity_reference,Risk Parity reference,base,2022-07-26,False,-0.0035742812661183885,0.0,0.0,-0.0035742812661183885,0.0,False,1.1532387879172716,1.1513201362590328,-0.09090113993495252
risk_parity_reference,Risk Parity reference,base,2022-07-27,False,0.00829073709888859,0.0,0.0,0.00829073709888859,0.0,False,1.1627999875201345,1.160865428825413,-0.08336404028925393
risk_parity_reference,Risk Parity reference,base,2022-07-28,False,0.010355098344412735,0.0,0.0,0.010355098344412735,0.0,False,1.1748408957457874,1.1728863045055289,-0.07387218478042412
risk_parity_reference,Risk Parity reference,base,2022-07-29,False,0.007448654089711747,0.0,0.0,0.007448654089711747,0.0,False,1.183591879188645,1.181622728874351,-0.06697377904199286
risk_parity_reference,Risk Parity reference,base,2022-08-01,True,-0.0026057736912992553,0.0352234993408454,3.52234993408454e-05,-0.002640997190640101,0.0,False,1.1805077066086198,1.1785020665669974,-0.06943789867033656
risk_parity_reference,Risk Parity reference,base,2022-08-02,False,-0.00902624847974942,0.0,0.0,-0.00902624847974942,0.0,False,1.1698521507165114,1.1678646140802655,-0.0778373834227758
risk_parity_reference,Risk Parity reference,base,2022-08-03,False,0.0069907329914508775,0.0,0.0,0.0069907329914508775,0.0,False,1.1780302747416451,1.1760288437674646,-0.07139079079558663
risk_parity_reference,Risk Parity reference,base,2022-08-04,False,-0.002049220122380127,0.0,0.0,-0.002049220122380127,0.0,False,1.1756162313978715,1.1736189017963168,-0.07329371547291585
risk_parity_reference,Risk Parity reference,base,2022-08-05,False,1.0155227236320662e-05,0.0,0.0,1.0155227236320662e-05,0.0,False,1.175628170047844,1.1736308201629533,-0.07328430456001522
risk_parity_reference,Risk Parity reference,base,2022-08-08,False,0.0010018738069073928,0.0,0.0,0.0010018738069073928,0.0,False,1.1768060011180772,1.1748066501406538,-0.072355852378304
risk_parity_reference,Risk Parity reference,base,2022-08-09,False,0.0011282117535381451,0.0,0.0,0.0011282117535381451,0.0,False,1.1781336874801727,1.176132080811477,-0.07130927334785653
risk_parity_reference,Risk Parity reference,base,2022-08-10,False,0.013968206267393798,0.0,0.0,0.013968206267393798,0.0,False,1.194590101837461,1.1925605363139509,-0.058337129719363445
risk_parity_reference,Risk Parity reference,base,2022-08-11,False,0.003474470851604979,0.0,0.0,0.003474470851604979,0.0,False,1.1987406703259111,1.1967040531361481,-0.05506534952453468
risk_parity_reference,Risk Parity reference,base,2022-08-12,False,0.014656960765080506,0.0,0.0,0.014656960765080506,0.0,False,1.2163105652983845,1.2142440974903776,-0.041215479426950585
risk_parity_reference,Risk Parity reference,base,2022-08-15,False,0.005311991813813677,0.0,0.0,0.005311991813813677,0.0,False,1.2227715970643045,1.220694152196218,-0.03612242390245535
risk_parity_reference,Risk Parity reference,base,2022-08-16,False,0.004322500888093592,0.0,0.0,0.004322500888093592,0.0,False,1.2280570283785506,1.2259706037531768,-0.03195606222376024
risk_parity_reference,Risk Parity reference,base,2022-08-17,False,-0.007256840674849014,0.0,0.0,-0.007256840674849014,0.0,False,1.219145214183979,1.2170739304096916,-0.03898100284645578
risk_parity_reference,Risk Parity reference,base,2022-08-18,False,0.0018938933266859435,0.0,0.0,0.0018938933266859435,0.0,False,1.221454145169383,1.219378938604578,-0.03716093538092835
risk_parity_reference,Risk Parity reference,base,2022-08-19,False,-0.006954342182698166,0.0,0.0,-0.006954342182698166,0.0,False,1.2129597350834,1.2108989602151463,-0.04385684770315845
risk_parity_reference,Risk Parity reference,base,2022-08-22,False,-0.01725659330263478,0.0,0.0,-0.01725659330263478,0.0,False,1.1920281822425942,1.1900029693281302,-0.06035662122144425
risk_parity_reference,Risk Parity reference,base,2022-08-23,False,-0.0004190742954633846,0.0,0.0,-0.0004190742954633846,0.0,False,1.1915286338719484,1.1895042696721596,-0.060750401608392735
risk_parity_reference,Risk Parity reference,base,2022-08-24,False,0.0016467246773065602,0.0,0.0,0.0016467246773065602,0.0,False,1.193490753477063,1.1914630557067905,-0.059203716116570826
risk_parity_reference,Risk Parity reference,base,2022-08-25,False,0.011338449293944022,0.0,0.0,0.011338449293944022,0.0,False,1.2070230878681538,1.2049723991495296,-0.048536545155827504
risk_parity_reference,Risk Parity reference,base,2022-08-26,False,-0.025020081110143852,0.0,0.0,-0.025020081110143852,0.0,False,1.1768232723078762,1.1748238919873237,-0.07234223796936645
risk_parity_reference,Risk Parity reference,base,2022-08-29,False,-0.003335894387648507,0.0,0.0,-0.003335894387648507,0.0,False,1.1728975141585303,1.170904803559568,-0.07543680629138294
risk_parity_reference,Risk Parity reference,base,2022-08-30,False,-0.012358780380552173,0.0,0.0,-0.012358780380552173,0.0,False,1.1584019313721494,1.1564338482458416,-0.08686327975036967
risk_parity_reference,Risk Parity reference,base,2022-08-31,False,-0.006396566534423989,0.0,0.0,-0.006396566534423989,0.0,False,1.1509921363445221,1.149036642192877,-0.09270421953647223
risk_parity_reference,Risk Parity reference,base,2022-09-01,True,0.003796157377226247,0.01919109725462019,1.919109725462019e-05,0.0037769662799716267,0.0,False,1.1553614836340358,1.1533765148448913,-0.08927739396770096
risk_parity_reference,Risk Parity reference,base,2022-09-02,False,-0.00980612267168721,0.0,0.0,-0.00980612267168721,0.0,False,1.144031867195378,1.1420663632536792,-0.09820805156233237
risk_parity_reference,Risk Parity reference,base,2022-09-06,False,-0.003222145643654438,0.0,0.0,-0.003222145643654438,0.0,False,1.1403456298982926,1.1383864590965571,-0.10111375656047339
risk_parity_reference,Risk Parity reference,base,2022-09-07,False,0.0166151295472693,0.0,0.0,0.0166151295472693,0.0,False,1.1592926202677152,1.1573008975893038,-0.08617864517746732
risk_parity_reference,Risk Parity reference,base,2022-09-08,False,0.004117964925787644,0.0,0.0,0.004117964925787644,0.0,False,1.1640665466167022,1.1620666220941591,-0.08241556088987234
risk_parity_reference,Risk Parity reference,base,2022-09-09,False,0.01255353102501606,0.0,0.0,0.01255353102501606,0.0,False,1.1786796921248381,1.1766546614877538,-0.0708966361654314
risk_parity_reference,Risk Parity reference,base,2022-09-12,False,0.008610945997664324,0.0,0.0,0.008610945997664324,0.0,False,1.1888292393022688,1.186786771235725,-0.06289617727320351
risk_parity_reference,Risk Parity reference,base,2022-09-13,False,-0.0362510551070717,0.0,0.0,-0.0362510551070717,0.0,False,1.145732925035424,1.143764498591315,-0.09686717959192026
risk_parity_reference,Risk Parity reference,base,2022-09-14,False,0.0036673468907851454,0.0,0.0,0.0036673468907851454,0.0,False,1.1499347251157228,1.147959079769014,-0.09355507825103082
risk_parity_reference,Risk Parity reference,base,2022-09-15,False,-0.014939142009818447,0.0,0.0,-0.014939142009818447,0.0,False,1.1327556869551973,1.130809556054884,-0.10709658766111751
risk_parity_reference,Risk Parity reference,base,2022-09-16,False,-0.004485343188746238,0.0,0.0,-0.004485343188746238,0.0,False,1.1276748889501993,1.1257374871148642,-0.11110156589985998
risk_parity_reference,Risk Parity reference,base,2022-09-19,False,0.005451795410348416,0.0,0.0,0.005451795410348416,0.0,False,1.133822741734143,1.1318747775803741,-0.10625547349656694
risk_parity_reference,Risk Parity reference,base,2022-09-20,False,-0.015137613395201883,0.0,0.0,-0.015137613395201883,0.0,False,1.1166593714110837,1.1147408947855824,-0.11978463261285366
risk_parity_reference,Risk Parity reference,base,2022-09-21,False,-0.016091269609773293,0.0,0.0,-0.016091269609773293,0.0,False,1.098690904403428,1.0968032985025478,-0.13394841540414582
risk_parity_reference,Risk Parity reference,base,2022-09-22,False,-0.0052411487471346815,0.0,0.0,-0.0052411487471346815,0.0,False,1.0929325019463259,1.0910547892687479,-0.13848752058170444
risk_parity_reference,Risk Parity reference,base,2022-09-23,False,-0.02009962055966926,0.0,0.0,-0.02009962055966926,0.0,False,1.0709649733598747,1.0691250019946361,-0.15580359452543202
risk_parity_reference,Risk Parity reference,base,2022-09-26,False,-0.014949728946368167,0.0,0.0,-0.014949728946368167,0.0,False,1.0549543372970902,1.053141873005031,-0.16842410196477509
risk_parity_reference,Risk Parity reference,base,2022-09-27,False,-0.005534538237016836,0.0,0.0,-0.005534538237016836,0.0,False,1.0491156521790126,1.047313219039881,-0.17302649056943276
risk_parity_reference,Risk Parity reference,base,2022-09-28,False,0.020633801062386898,0.0,0.0,0.020633801062386898,0.0,False,1.0707628958375108,1.0689232716515582,-0.1559628836919783
risk_parity_reference,Risk Parity reference,base,2022-09-29,False,-0.01929512366872019,0.0,0.0,-0.01929512366872019,0.0,False,1.0501023933424491,1.0482982649326684,-0.17224868423213158
risk_parity_reference,Risk Parity reference,base,2022-09-30,False,-0.015499866659118889,0.0,0.0,-0.015499866659118889,0.0,False,1.0338259462672197,1.0320497816072265,-0.18507871925344366
risk_parity_reference,Risk Parity reference,base,2022-10-03,True,0.030436583486645137,0.03262523827037393,3.262523827037393e-05,0.030403958248374763,0.0,False,1.0652920759914417,1.063428180077457,-0.16030188665791323
risk_parity_reference,Risk Parity reference,base,2022-10-04,False,0.026746231390591985,0.0,0.0,0.026746231390591985,0.0,False,1.0937846243544729,1.0918708762490847,-0.13784312662022224
risk_parity_reference,Risk Parity reference,base,2022-10-05,False,-0.004916354434654608,0.0,0.0,-0.004916354434654608,0.0,False,1.0884071914659708,1.0865028520245672,-0.1420817953880309
risk_parity_reference,Risk Parity reference,base,2022-10-06,False,-0.012338173110665082,0.0,0.0,-0.012338173110665082,0.0,False,1.0749782351227708,1.0730973917510567,-0.15266693871132442
risk_parity_reference,Risk Parity reference,base,2022-10-07,False,-0.020996140134131556,0.0,0.0,-0.020996140134131556,0.0,False,1.0524078414569917,1.0505664885362804,-0.17045766240642413
risk_parity_reference,Risk Parity reference,base,2022-10-10,False,-0.0035986251908485278,0.0,0.0,-0.0035986251908485278,0.0,False,1.048620620087678,1.0467858935059724,-0.1734428743593639
risk_parity_reference,Risk Parity reference,base,2022-10-11,False,-0.000469045032977565,0.0,0.0,-0.000469045032977565,0.0,False,1.048128769794348,1.0462949037820326,-0.17383056687361764
risk_parity_reference,Risk Parity reference,base,2022-10-12,False,-0.006910231853020381,0.0,0.0,-0.006910231853020381,0.0,False,1.040885956983248,1.039064763410265,-0.17953958920639945
risk_parity_reference,Risk Parity reference,base,2022-10-13,False,0.027946472037854674,0.0,0.0,0.027946472037854674,0.0,False,1.0699750472746759,1.06810295776643,-0.15661061527798936
risk_parity_reference,Risk Parity reference,base,2022-10-14,False,-0.016156326053525325,0.0,0.0,-0.016156326053525325,0.0,False,1.05268818154177,1.0508463381220208,-0.17023668916764034
risk_parity_reference,Risk Parity reference,base,2022-10-17,False,0.018051417038468926,0.0,0.0,0.018051417038468926,0.0,False,1.0716906949182479,1.0698156036148092,-0.15525828560058474
risk_parity_reference,Risk Parity reference,base,2022-10-18,False,0.012000208214160455,0.0,0.0,0.012000208214160455,0.0,False,1.084551206398445,1.0826536136089446,-0.1451212091406049
risk_parity_reference,Risk Parity reference,base,2022-10-19,False,-0.008689797680461147,0.0,0.0,-0.008689797680461147,0.0,False,1.0751266758407425,1.0732455727486627,-0.15254993287449037
risk_parity_reference,Risk Parity reference,base,2022-10-20,False,-0.004147626210472778,0.0,0.0,-0.004147626210472778,0.0,False,1.070667452260447,1.0687941512808565,-0.15606483898496704
risk_parity_reference,Risk Parity reference,base,2022-10-21,False,0.023236666740692018,0.0,0.0,0.023236666740692018,0.0,False,1.0955461950387286,1.0936293647885706,-0.1364545988977084
risk_parity_reference,Risk Parity reference,base,2022-10-24,False,0.009963800227708097,0.0,0.0,0.009963800227708097,0.0,False,1.1064619984663202,1.1045260693024792,-0.12785040503356915
risk_parity_reference,Risk Parity reference,base,2022-10-25,False,0.0141913263458221,0.0,0.0,0.0141913263458221,0.0,False,1.1221641617758065,1.120200759209419,-0.11547344550902383
risk_parity_reference,Risk Parity reference,base,2022-10-26,False,0.007130106650044243,0.0,0.0,0.007130106650044243,0.0,False,1.1301653119281254,1.1281879100920427,-0.10916667684070691
risk_parity_reference,Risk Parity reference,base,2022-10-27,False,0.00018947734689477106,0.0,0.0,0.00018947734689477106,0.0,False,1.130379452652982,1.1284016761440456,-0.10899788410610933
risk_parity_reference,Risk Parity reference,base,2022-10-28,False,0.02267686111759281,0.0,0.0,0.02267686111759281,0.0,False,1.1560129105109742,1.153990284238823,-0.0887927528685023
risk_parity_reference,Risk Parity reference,base,2022-10-31,False,-0.007048182391707087,0.0,0.0,-0.007048182391707087,0.0,False,1.1478651206705246,1.1458567502372499,-0.0952151077429304
risk_parity_reference,Risk Parity reference,base,2022-11-01,True,0.0015255428173057966,0.03419248146596108,3.419248146596108e-05,0.0014913503358398356,0.0,False,1.1496162380605994,1.1475656240865404,-0.09386575649000017
risk_parity_reference,Risk Parity reference,base,2022-11-02,False,-0.01653627492607687,0.0,0.0,-0.01653627492607687,0.0,False,1.1306058678885471,1.1285891634309304,-0.10884984146061416
risk_parity_reference,Risk Parity reference,base,2022-11-03,False,-0.0030656978386390866,0.0,0.0,-0.0030656978386390866,0.0,False,1.1271397719230085,1.1251292500718888,-0.11158183857555115
risk_parity_reference,Risk Parity reference,base,2022-11-04,False,0.01641282674421659,0.0,0.0,0.01641282674421659,0.0,False,1.1456393217160965,1.1435958015181689,-0.09700038521567633
risk_parity_reference,Risk Parity reference,base,2022-11-07,False,0.0065686549524271885,0.0,0.0,0.0065686549524271885,0.0,False,1.1531646311203823,1.1511076877433861,-0.09106889232398352
risk_parity_reference,Risk Parity reference,base,2022-11-08,False,0.007917201512730693,0.0,0.0,0.007917201512730693,0.0,False,1.1622944678823162,1.160221239270104,-0.08387270158332305
risk_parity_reference,Risk Parity reference,base,2022-11-09,False,-0.018539535644541034,0.0,0.0,-0.018539535644541034,0.0,False,1.140746068165559,1.1387112762491023,-0.10085727628725605
risk_parity_reference,Risk Parity reference,base,2022-11-10,False,0.04319954704557939,0.0,0.0,0.04319954704557939,0.0,False,1.190025781604337,1.1879030875987573,-0.06201471789353685
risk_parity_reference,Risk Parity reference,base,2022-11-11,False,0.0072975632696575185,0.0,0.0,0.0072975632696575185,0.0,False,1.1987100700381181,1.1965718855387306,-0.055169710951357476
risk_parity_reference,Risk Parity reference,base,2022-11-14,False,-0.008301142903576645,0.0,0.0,-0.008301142903576645,0.0,False,1.1887594064467752,1.1866389713224714,-0.06301288220037793
risk_parity_reference,Risk Parity reference,base,2022-11-15,False,0.008751240610308415,0.0,0.0,0.008751240610308415,0.0,False,1.1991625260403584,1.1970235344780833,-0.05481308248375394
risk_parity_reference,Risk Parity reference,base,2022-11-16,False,-0.007674466151135638,0.0,0.0,-0.007674466151135638,0.0,False,1.1899595938245513,1.1878370178806186,-0.06206688748872857
risk_parity_reference,Risk Parity reference,base,2022-11-17,False,-0.001974091818650933,0.0,0.0,-0.001974091818650933,0.0,False,1.1876105043258571,1.1854921185417298,-0.06391845357257886
risk_parity_reference,Risk Parity reference,base,2022-11-18,False,0.006469258088520311,0.0,0.0,0.006469258088520311,0.0,False,1.195293463186979,1.193161373018483,-0.05786270045683872
risk_parity_reference,Risk Parity reference,base,2022-11-21,False,0.001977221744779226,0.0,0.0,0.001977221744779226,0.0,False,1.1976568234137848,1.1955205176302457,-0.05599988610161433
risk_parity_reference,Risk Parity reference,base,2022-11-22,False,0.013183353631436575,0.0,0.0,0.013183353631436575,0.0,False,1.2134459568459517,1.2112814873878033,-0.043554798771975545
risk_parity_reference,Risk Parity reference,base,2022-11-23,False,0.0028728469807413146,0.0,0.0,0.0028728469807413146,0.0,False,1.2169320013993694,1.214761313751673,-0.04080707806338324
risk_parity_reference,Risk Parity reference,base,2022-11-25,False,0.0014621187497086405,0.0,0.0,0.0014621187497086405,0.0,False,1.2187113004957357,1.21653743904493,-0.039404624107632014
risk_parity_reference,Risk Parity reference,base,2022-11-28,False,-0.01659238450601555,0.0,0.0,-0.01659238450601555,0.0,False,1.1984899739960841,1.1963521820903331,-0.055343191939138614
risk_parity_reference,Risk Parity reference,base,2022-11-29,False,0.003924421917382195,0.0,0.0,0.003924421917382195,0.0,False,1.2031933543177973,1.2010471728146364,-0.0516359600571803
risk_parity_reference,Risk Parity reference,base,2022-11-30,False,0.021885282135372768,0.0,0.0,0.021885282135372768,0.0,False,1.229525580340448,1.2273324290495764,-0.030880745475989846
risk_parity_reference,Risk Parity reference,base,2022-12-01,True,2.8482772948776845e-05,0.0363959144998344,3.63959144998344e-05,-7.913141551057554e-06,0.0,False,1.2295606006383875,1.2273227169943353,-0.0308884142538306
risk_parity_reference,Risk Parity reference,base,2022-12-02,False,0.0017166986318031523,0.0,0.0,0.0017166986318031523,0.0,False,1.2316713856392225,1.2294296602233803,-0.0292247417205157
risk_parity_reference,Risk Parity reference,base,2022-12-05,False,-0.015505252330434531,0.0,0.0,-0.015505252330434531,0.0,False,1.2125740100167104,1.2103670431190965,-0.044276857056281704
risk_parity_reference,Risk Parity reference,base,2022-12-06,False,-0.010010241458135668,0.0,0.0,-0.010010241458135668,0.0,False,1.2004358513905833,1.1982509767645046,-0.05384387648427669
risk_parity_reference,Risk Parity reference,base,2022-12-07,False,1.2751724811130034e-05,0.0,0.0,1.2751724811130034e-05,0.0,False,1.2004511590182136,1.198266256531215,-0.053831811361761295
risk_parity_reference,Risk Parity reference,base,2022-12-08,False,0.005805162776494797,0.0,0.0,0.005805162776494797,0.0,False,1.2074199734015463,1.2052223871999597,-0.04833915101277508
risk_parity_reference,Risk Parity reference,base,2022-12-09,False,-0.010622067128295862,0.0,0.0,-0.010622067128295862,0.0,False,1.19459467739203,1.1924204340985967,-0.058447756434088505
risk_parity_reference,Risk Parity reference,base,2022-12-12,False,0.01515561060014696,0.0,0.0,0.01515561060014696,0.0,False,1.2126994891475917,1.2104922938694531,-0.044177957270908896
risk_parity_reference,Risk Parity reference,base,2022-12-13,False,0.007360130925518491,0.0,0.0,0.007360130925518491,0.0,False,1.2216251161610274,1.2194016756366635,-0.037142981894926264
risk_parity_reference,Risk Parity reference,base,2022-12-14,False,-0.006970566098662462,0.0,0.0,-0.006970566098662462,0.0,False,1.213109697541041,1.2109017556558184,-0.04385464038318865
risk_parity_reference,Risk Parity reference,base,2022-12-15,False,-0.019507486921558796,0.0,0.0,-0.019507486921558796,0.0,False,1.1894449759818428,1.1872801054940698,-0.06250663348102281
risk_parity_reference,Risk Parity reference,base,2022-12-16,False,-0.009091188452860017,0.0,0.0,-0.009091188452860017,0.0,False,1.1786315075508844,1.1764863183086918,-0.07102956234935298
risk_parity_reference,Risk Parity reference,base,2022-12-19,False,-0.0054558493508967435,0.0,0.0,-0.0054558493508967435,0.0,False,1.1722010716054665,1.1700675861926084,-0.07609788510861148
risk_parity_reference,Risk Parity reference,base,2022-12-20,False,0.00281685828291473,0.0,0.0,0.00281685828291473,0.0,False,1.17550299590326,1.173363500764345,-0.07349538378367726
risk_parity_reference,Risk Parity reference,base,2022-12-21,False,0.01572140089458545,0.0,0.0,0.01572140089458545,0.0,False,1.1939835497546412,1.1918104187549354,-0.0589294332814565
risk_parity_reference,Risk Parity reference,base,2022-12-22,False,-0.008665930833827516,0.0,0.0,-0.008665930833827516,0.0,False,1.1836365708957397,1.1814822720989702,-0.06708468572239024
risk_parity_reference,Risk Parity reference,base,2022-12-23,False,0.007369970661433436,0.0,0.0,0.007369970661433436,0.0,False,1.1923599376970409,1.1901897617813433,-0.06020912722656235
risk_parity_reference,Risk Parity reference,base,2022-12-27,False,0.0020115454307707745,0.0,0.0,0.0020115454307707745,0.0,False,1.1947584238815494,1.1925838825584048,-0.05831869519055488
risk_parity_reference,Risk Parity reference,base,2022-12-28,False,-0.012267721343453181,0.0,0.0,-0.012267721343453181,0.0,False,1.1801014604646272,1.1779535958084848,-0.06987097903229644
risk_parity_reference,Risk Parity reference,base,2022-12-29,False,0.011413220337575965,0.0,0.0,0.011413220337575965,0.0,False,1.193570218453605,1.1913978397448868,-0.05925521157361835
risk_parity_reference,Risk Parity reference,base,2022-12-30,False,-0.002186007629193757,0.0,0.0,-0.002186007629193757,0.0,False,1.190961064850087,1.1887934349777995,-0.06131168685824262
risk_parity_reference,Risk Parity reference,base,2023-01-03,True,0.0030984987757433375,0.02294375010222846,2.2943750102228463e-05,0.0030755550256411092,0.0,False,1.194651256251483,1.1924496346011948,-0.05842469929924887
risk_parity_reference,Risk Parity reference,base,2023-01-04,False,0.016354621131721453,0.0,0.0,0.016354621131721453,0.0,False,1.214189324932011,1.211951696593757,-0.04302559198930145
risk_parity_reference,Risk Parity reference,base,2023-01-05,False,-0.005684899508532378,0.0,0.0,-0.005684899508532378,0.0,False,1.20728678063544,1.205061872989426,-0.04846589533107959
risk_parity_reference,Risk Parity reference,base,2023-01-06,False,0.021794893109345726,0.0,0.0,0.021794893109345726,0.0,False,1.2335994669717154,1.2313260677013784,-0.027727311229923557
risk_parity_reference,Risk Parity reference,base,2023-01-09,False,-0.0035181201421221973,0.0,0.0,-0.0035181201421221973,0.0,False,1.229259515839651,1.226994114661078,-0.031147883359920803
risk_parity_reference,Risk Parity reference,base,2023-01-10,False,0.006627605145985994,0.0,0.0,0.006627605145985994,0.0,False,1.237406562532582,1.2351261471695003,-0.024726714085977708
risk_parity_reference,Risk Parity reference,base,2023-01-11,False,0.008253041956162926,0.0,0.0,0.008253041956162926,0.0,False,1.2476189308099948,1.245319695083244,-0.016677742738604562
risk_parity_reference,Risk Parity reference,base,2023-01-12,False,0.004635185477214062,0.0,0.0,0.004635185477214062,0.0,False,1.2534018759591825,1.2510919828483824,-0.012119861692325151
risk_parity_reference,Risk Parity reference,base,2023-01-13,False,0.0031092209242595476,0.0,0.0,0.0031092209242595476,0.0,False,1.257298979298421,1.254981904219628,-0.009048324095638494
risk_parity_reference,Risk Parity reference,base,2023-01-17,False,-0.0054160725950934815,0.0,0.0,-0.0054160725950934815,0.0,False,1.250489356752804,1.2481848311208459,-0.014415390310566045
risk_parity_reference,Risk Parity reference,base,2023-01-18,False,-0.016842140443712614,0.0,0.0,-0.016842140443712614,0.0,False,1.2294284393830055,1.2271627268953968,-0.031014744726117205
risk_parity_reference,Risk Parity reference,base,2023-01-19,False,-0.006099257599318447,0.0,0.0,-0.006099257599318447,0.0,False,1.2219298386312805,1.2196779453077797,-0.03692483540797398
risk_parity_reference,Risk Parity reference,base,2023-01-20,False,0.013167634804713104,0.0,0.0,0.013167634804713104,0.0,False,1.2380197645033593,1.2357382190709556,-0.024243413351137
risk_parity_reference,Risk Parity reference,base,2023-01-23,False,0.008214423426256142,0.0,0.0,0.008214423426256142,0.0,False,1.2481893830590638,1.2458890960464122,-0.016228135587444847
risk_parity_reference,Risk Parity reference,base,2023-01-24,False,-0.002667082686804507,0.0,0.0,-0.002667082686804507,0.0,False,1.2448603587656537,1.2425662068086682,-0.018851936494785004
risk_parity_reference,Risk Parity reference,base,2023-01-25,False,0.0021547496428499188,0.0,0.0,0.0021547496428499188,0.0,False,1.2475427211791021,1.2452436258990067,-0.01673780805536418
risk_parity_reference,Risk Parity reference,base,2023-01-26,False,0.0060612668526649535,0.0,0.0,0.0060612668526649535,0.0,False,1.2551044105222684,1.2527913798121606,-0.010777993523851448
risk_parity_reference,Risk Parity reference,base,2023-01-27,False,-0.0018873189378199192,0.0,0.0,-0.0018873189378199192,0.0,False,1.2527356281993485,1.2504269629159035,-0.012644970950382195
risk_parity_reference,Risk Parity reference,base,2023-01-30,False,-0.008415491035560113,0.0,0.0,-0.008415491035560113,0.0,False,1.24219324275031,1.239904006018862,-0.020954048346264464
risk_parity_reference,Risk Parity reference,base,2023-01-31,False,0.011163818387792873,0.0,0.0,0.011163818387792873,0.0,False,1.2560608625149179,1.2537460691603535,-0.01002415714869831
risk_parity_reference,Risk Parity reference,base,2023-02-01,True,0.0018387415911366742,0.031579002719926835,3.157900271992683e-05,0.0018071625884167474,0.0,False,1.258370433863823,1.2560117921519147,-0.008235109842060995
risk_parity_reference,Risk Parity reference,base,2023-02-02,False,-0.002686084833094779,0.0,0.0,-0.002686084833094779,0.0,False,1.2549903441270067,1.2526380379268274,-0.010899074471510062
risk_parity_reference,Risk Parity reference,base,2023-02-03,False,-0.012023882860250943,0.0,0.0,-0.012023882860250943,0.0,False,1.2399004872384776,1.2375764648925007,-0.02279190813703036
risk_parity_reference,Risk Parity reference,base,2023-02-06,False,-0.003250958126430869,0.0,0.0,-0.003250958126430869,0.0,False,1.2358696226735242,1.2335531556268788,-0.025968770724486334
risk_parity_reference,Risk Parity reference,base,2023-02-07,False,0.00864629763971065,0.0,0.0,0.00864629763971065,0.0,False,1.2465553192750363,1.244218823364833,-0.017547006805797016
risk_parity_reference,Risk Parity reference,base,2023-02-08,False,-0.009315997411335446,0.0,0.0,-0.009315997411335446,0.0,False,1.2349424131475835,1.2326276840272314,-0.02669953634715294
risk_parity_reference,Risk Parity reference,base,2023-02-09,False,-0.008526442588078467,0.0,0.0,-0.008526442588078467,0.0,False,1.2244127475622975,1.222117754846897,-0.03499832687143911
risk_parity_reference,Risk Parity reference,base,2023-02-10,False,0.009659336028316295,0.0,0.0,0.009659336028316295,0.0,False,1.2362397617283558,1.233922600907135,-0.025677051442802856
risk_parity_reference,Risk Parity reference,base,2023-02-13,False,0.008193306998305165,0.0,0.0,0.008193306998305165,0.0,False,1.2463686536197078,1.2440325075885141,-0.01769412440977991
risk_parity_reference,Risk Parity reference,base,2023-02-14,False,-0.003019482976237503,0.0,0.0,-0.003019482976237503,0.0,False,1.242605264687987,1.2402761726099645,-0.02066018027858274
risk_parity_reference,Risk Parity reference,base,2023-02-15,False,5.704911260810404e-05,0.0,0.0,5.704911260810404e-05,0.0,False,1.2426761542156597,1.240346929265001,-0.02060430981092576
risk_parity_reference,Risk Parity reference,base,2023-02-16,False,-0.012691745795467436,0.0,0.0,-0.012691745795467436,0.0,False,1.2269044243602656,1.2246047613405808,-0.033034550943982
risk_parity_reference,Risk Parity reference,base,2023-02-17,False,0.0008349313179002966,0.0,0.0,0.0008349313179002966,0.0,False,1.2279288052882344,1.225627222207874,-0.032227201207237544
risk_parity_reference,Risk Parity reference,base,2023-02-21,False,-0.015056120283074036,0.0,0.0,-0.015056120283074036,0.0,False,1.2094409614967634,1.2071740313281023,-0.04679810487254854
risk_parity_reference,Risk Parity reference,base,2023-02-22,False,-0.005640450498613993,0.0,0.0,-0.005640450498613993,0.0,False,1.2026191696224449,1.200365025961184,-0.05217459297719984
risk_parity_reference,Risk Parity reference,base,2023-02-23,False,0.0031028680963540592,0.0,0.0,0.0031028680963540592,0.0,False,1.2063507382759302,1.204089600304218,-0.04923361576083507
risk_parity_reference,Risk Parity reference,base,2023-02-24,False,-0.008147152794550474,0.0,0.0,-0.008147152794550474,0.0,False,1.1965224144873774,1.1942796983522104,-0.056979654765153875
risk_parity_reference,Risk Parity reference,base,2023-02-27,False,0.0010384427208035413,0.0,0.0,0.0010384427208035413,0.0,False,1.19776493447898,1.1955198894115675,-0.056000382152075256
risk_parity_reference,Risk Parity reference,base,2023-02-28,False,-0.005678930589198037,0.0,0.0,-0.005678930589198037,0.0,False,1.1909629105538986,1.1887306149415935,-0.061361290458063045
risk_parity_reference,Risk Parity reference,base,2023-03-01,True,-0.0014940440371890257,0.017350523470016407,1.7350523470016406e-05,-0.001511394560659042,0.0,False,1.1891835595188722,1.1869339739560818,-0.06277994389808883
risk_parity_reference,Risk Parity reference,base,2023-03-02,False,0.010293998152380393,0.0,0.0,0.010293998152380393,0.0,False,1.2014250128834008,1.1991522700909834,-0.05313220237220184
risk_parity_reference,Risk Parity reference,base,2023-03-03,False,0.011865842282531208,0.0,0.0,0.011865842282531208,0.0,False,1.2156809326005633,1.2133812218006224,-0.041896818423142634
risk_parity_reference,Risk Parity reference,base,2023-03-06,False,-6.328131074874368e-06,0.0,0.0,-6.328131074874368e-06,0.0,False,1.2156732396122765,1.2133735433652069,-0.04190288142565901
risk_parity_reference,Risk Parity reference,base,2023-03-07,False,-0.01664882212491812,0.0,0.0,-0.01664882212491812,0.0,False,1.1954337120839487,1.1931723030706378,-0.05785406993119979
risk_parity_reference,Risk Parity reference,base,2023-03-08,False,0.000804627435216827,0.0,0.0,0.000804627435216827,0.0,False,1.1963955908456747,1.1941323622406295,-0.05709599346788852
risk_parity_reference,Risk Parity reference,base,2023-03-09,False,-0.015892673372945688,0.0,0.0,-0.015892673372945688,0.0,False,1.177381666495532,1.1751544066434751,-0.07208125886574512
risk_parity_reference,Risk Parity reference,base,2023-03-10,False,-0.011149516349772529,0.0,0.0,-0.011149516349772529,0.0,False,1.1642544303550177,1.1620520033730963,-0.08242710404128195
risk_parity_reference,Risk Parity reference,base,2023-03-13,False,-0.0007364537595404587,0.0,0.0,-0.0007364537595404587,0.0,False,1.1633970108027212,1.1611962058064307,-0.08310285405016316
risk_parity_reference,Risk Parity reference,base,2023-03-14,False,0.012377463989349073,0.0,0.0,0.012377463989349073,0.0,False,1.1777969154092482,1.1755688700283684,-0.07175399264423221
risk_parity_reference,Risk Parity reference,base,2023-03-15,False,-0.005846953846126283,0.0,0.0,-0.005846953846126283,0.0,False,1.1709103912047405,1.1686953731023697,-0.07718140420709241
risk_parity_reference,Risk Parity reference,base,2023-03-16,False,0.010359584007640933,0.0,0.0,0.010359584007640933,0.0,False,1.1830405357678457,1.180802570999365,-0.06762138744016255
risk_parity_reference,Risk Parity reference,base,2023-03-17,False,-0.01176461976650154,0.0,0.0,-0.01176461976650154,0.0,False,1.1691225136961787,1.16691087773225,-0.07859046729534724
risk_parity_reference,Risk Parity reference,base,2023-03-20,False,0.011384174571816402,0.0,0.0,0.011384174571816402,0.0,False,1.1824320084879367,1.1801951948741056,-0.06810098032290168
risk_parity_reference,Risk Parity reference,base,2023-03-21,False,0.004503657543813004,0.0,0.0,0.004503657543813004,0.0,False,1.1877572773230094,1.1855103898666723,-0.06390402627286085
risk_parity_reference,Risk Parity reference,base,2023-03-22,False,-0.018884382741202153,0.0,0.0,-0.018884382741202153,0.0,False,1.1653272142943936,1.1631227579207584,-0.08158162092322241
risk_parity_reference,Risk Parity reference,base,2023-03-23,False,0.0015644897027553323,0.0,0.0,0.0015644897027553323,0.0,False,1.1671503567214978,1.1649424514985658,-0.08014476482633559
risk_parity_reference,Risk Parity reference,base,2023-03-24,False,0.010371494419030246,0.0,0.0,0.010371494419030246,0.0,False,1.179255450132404,1.1770246456327746,-0.07060449138841607
risk_parity_reference,Risk Parity reference,base,2023-03-27,False,0.004151023759560113,0.0,0.0,0.004151023759560113,0.0,False,1.1841505675244943,1.1819105029023842,-0.06674654855014084
risk_parity_reference,Risk Parity reference,base,2023-03-28,False,0.001493848901522038,0.0,0.0,0.001493848901522038,0.0,False,1.1859195095490274,1.1836760986088422,-0.06535240890685101
risk_parity_reference,Risk Parity reference,base,2023-03-29,False,0.013551878760202491,0.0,0.0,0.013551878760202491,0.0,False,1.2019909469617946,1.1997171335885386,-0.05268617806884135
risk_parity_reference,Risk Parity reference,base,2023-03-30,False,0.0044908637352376575,0.0,0.0,0.0044908637352376575,0.0,False,1.2073889245155893,1.2051048997563147,-0.048431920780041215
risk_parity_reference,Risk Parity reference,base,2023-03-31,False,0.011471625522495909,0.0,0.0,0.011471625522495909,0.0,False,1.2212396381176411,1.218929411881644,-0.03751588811606921
risk_parity_reference,Risk Parity reference,base,2023-04-03,True,0.007306684353641971,0.02354418643441827,2.354418643441827e-05,0.007283140167207552,0.0,False,1.2301628506735227,1.22780704564231,-0.0305059814205082
risk_parity_reference,Risk Parity reference,base,2023-04-04,False,-0.0030595798368003445,0.0,0.0,-0.0030595798368003445,0.0,False,1.2263990692196212,1.2240504719619814,-0.03347222577165265
risk_parity_reference,Risk Parity reference,base,2023-04-05,False,0.00716927270855173,0.0,0.0,0.00716927270855173,0.0,False,1.2351914585963706,1.2328260236045083,-0.026542924577820037
risk_parity_reference,Risk Parity reference,base,2023-04-06,False,0.00028298934146098545,0.0,0.0,0.00028298934146098545,0.0,False,1.235541004613817,1.2331749002290642,-0.026267446601105693
risk_parity_reference,Risk Parity reference,base,2023-04-10,False,0.001802151205075238,0.0,0.0,0.001802151205075238,0.0,False,1.2377676363242018,1.2353972678615806,-0.024512633306576936
risk_parity_reference,Risk Parity reference,base,2023-04-11,False,0.002280368213012798,0.0,0.0,0.002280368213012798,0.0,False,1.2405902022971715,1.238214428521655,-0.022288162923373656
risk_parity_reference,Risk Parity reference,base,2023-04-12,False,-0.001260953818354786,0.0,0.0,-0.001260953818354786,0.0,False,1.2390258753445713,1.2366530973100687,-0.023521012397586083
risk_parity_reference,Risk Parity reference,base,2023-04-13,False,0.007319292742255939,0.0,0.0,0.007319292742255939,0.0,False,1.248094668441448,1.2457045233498985,-0.01637387683066238
risk_parity_reference,Risk Parity reference,base,2023-04-14,False,-0.0059883433884936185,0.0,0.0,-0.0059883433884936185,0.0,False,1.2406206489854725,1.2382448169034794,-0.022264167822093173
risk_parity_reference,Risk Parity reference,base,2023-04-17,False,0.0043576891281522714,0.0,0.0,0.0043576891281522714,0.0,False,1.2460268880997176,1.2436407028800907,-0.018003499016006508
risk_parity_reference,Risk Parity reference,base,2023-04-18,False,-0.0006674409929180196,0.0,0.0,-0.0006674409929180196,0.0,False,1.2451952386763219,1.242810646094527,-0.018658923735665356
risk_parity_reference,Risk Parity reference,base,2023-04-19,False,0.0022451757229930906,0.0,0.0,0.0022451757229930906,0.0,False,1.2479909207965845,1.2456009743854157,-0.016455640575260833
risk_parity_reference,Risk Parity reference,base,2023-04-20,False,-0.0070720599309404795,0.0,0.0,-0.0070720599309404795,0.0,False,1.2391650542114414,1.2367920096445242,-0.02341132522985112
risk_parity_reference,Risk Parity reference,base,2023-04-21,False,0.0007254767651954783,0.0,0.0,0.0007254767651954783,0.0,False,1.240064039666514,1.2376892735109006,-0.022702832837152354
risk_parity_reference,Risk Parity reference,base,2023-04-24,False,0.001989660629469273,0.0,0.0,0.001989660629469273,0.0,False,1.242531346264259,1.2401518551299218,-0.020758343140356517
risk_parity_reference,Risk Parity reference,base,2023-04-25,False,-0.011449508472209555,0.0,0.0,-0.011449508472209555,0.0,False,1.2283049730882205,1.2259527259577854,-0.03197017878691155
risk_parity_reference,Risk Parity reference,base,2023-04-26,False,-0.014645393034841041,0.0,0.0,-0.014645393034841041,0.0,False,1.2103159639906937,1.207998166443999,-0.046147355988024
risk_parity_reference,Risk Parity reference,base,2023-04-27,False,0.012168442747060425,0.0,0.0,0.012168442747060425,0.0,False,1.2250436245043679,1.2226976229709268,-0.03454045470023204
risk_parity_reference,Risk Parity reference,base,2023-04-28,False,0.007192717482736274,0.0,0.0,0.007192717482736274,0.0,False,1.233855017199455,1.2314921415397697,-0.027596176949879814
risk_parity_reference,Risk Parity reference,base,2023-05-01,True,-0.0027977579613304706,0.021045635620218876,2.1045635620218876e-05,-0.0028188035969506893,0.0,False,1.2304029895019577,1.228020807061581,-0.030337192343982022
risk_parity_reference,Risk Parity reference,base,2023-05-02,False,-0.015395421903558618,0.0,0.0,-0.015395421903558618,0.0,False,1.2114604163671754,1.2091149086305195,-0.04526556037203555
risk_parity_reference,Risk Parity reference,base,2023-05-03,False,-0.010735169050574676,0.0,0.0,-0.010735169050574676,0.0,False,1.1984551839993942,1.1961348556848006,-0.05551479597984754
risk_parity_reference,Risk Parity reference,base,2023-05-04,False,-0.00399192056675275,0.0,0.0,-0.00399192056675275,0.0,False,1.1936710461020554,1.1913599803537827,-0.059285105890769296
risk_parity_reference,Risk Parity reference,base,2023-05-05,False,0.015259352259265616,0.0,0.0,0.015259352259265616,0.0,False,1.2118856930762127,1.2095393619615928,-0.044930405946018714
risk_parity_reference,Risk Parity reference,base,2023-05-08,False,-0.0012629280341371538,0.0,0.0,-0.0012629280341371538,0.0,False,1.210355168660257,1.2080118007929792,-0.04613659011090143
risk_parity_reference,Risk Parity reference,base,2023-05-09,False,-0.004107008997895873,0.0,0.0,-0.004107008997895873,0.0,False,1.2053842290919194,1.203050485457558,-0.050054115718079606
risk_parity_reference,Risk Parity reference,base,2023-05-10,False,-0.0014044433753027507,0.0,0.0,-0.0014044433753027507,0.0,False,1.203691335196677,1.2013608691731024,-0.05138826092215554
risk_parity_reference,Risk Parity reference,base,2023-05-11,False,-0.007793570743215725,0.0,0.0,-0.007793570743215725,0.0,False,1.1943102816228257,1.1919979782510706,-0.058781333618503684
risk_parity_reference,Risk Parity reference,base,2023-05-12,False,-0.00018664549011157555,0.0,0.0,-0.00018664549011157555,0.0,False,1.194087368994967,1.1917754972042078,-0.058957007837792674
risk_parity_reference,Risk Parity reference,base,2023-05-15,False,0.0022188254689642223,0.0,0.0,0.0022188254689642223,0.0,False,1.1967368404614613,1.194419839030692,-0.05686899767939291
risk_parity_reference,Risk Parity reference,base,2023-05-16,False,-0.016442046360358283,0.0,0.0,-0.016442046360358283,0.0,False,1.1770600378494454,1.1747811326636177,-0.07237600134343947
risk_parity_reference,Risk Parity reference,base,2023-05-17,False,0.009016311469590196,0.0,0.0,0.009016311469590196,0.0,False,1.1876727777691036,1.1853733252643108,-0.06401225444488523
risk_parity_reference,Risk Parity reference,base,2023-05-18,False,0.003662196276562787,0.0,0.0,0.003662196276562787,0.0,False,1.1920222685936246,1.1897143950424307,-0.06058448360820479
risk_parity_reference,Risk Parity reference,base,2023-05-19,False,-0.0016097449697032593,0.0,0.0,-0.0016097449697032593,0.0,False,1.1901034167429818,1.1877992582796277,-0.062096703010177556
risk_parity_reference,Risk Parity reference,base,2023-05-22,False,-0.00015092549825540422,0.0,0.0,-0.00015092549825540422,0.0,False,1.1899237997918344,1.1876199890847445,-0.062238256532591074
risk_parity_reference,Risk Parity reference,base,2023-05-23,False,-0.006735885886156749,0.0,0.0,-0.006735885886156749,0.0,False,1.1819086088632147,1.179620316362151,-0.06855491262499092
risk_parity_reference,Risk Parity reference,base,2023-05-24,False,-0.008776311648951228,0.0,0.0,-0.008776311648951228,0.0,False,1.1715358105712528,1.1692676008383225,-0.07672956499567851
risk_parity_reference,Risk Parity reference,base,2023-05-25,False,-0.004916220010988655,0.0,0.0,-0.004916220010988655,0.0,False,1.1657762827757325,1.1635192240608805,-0.08126856558380091
risk_parity_reference,Risk Parity reference,base,2023-05-26,False,0.006061111326204761,0.0,0.0,0.006061111326204761,0.0,False,1.1728421826070854,1.170571443608093,-0.07570003208092047
risk_parity_reference,Risk Parity reference,base,2023-05-30,False,-0.0026614008917342797,0.0,0.0,-0.0026614008917342797,0.0,False,1.1697207793764313,1.1674560837242356,-0.07815996483977039
risk_parity_reference,Risk Parity reference,base,2023-05-31,False,-0.0023276648438354487,0.0,0.0,-0.0023276648438354487,0.0,False,1.166998061441173,1.164738637241429,-0.08030569948125277
risk_parity_reference,Risk Parity reference,base,2023-06-01,True,0.0029994248129985163,0.027017805844683135,2.7017805844683137e-05,0.0029724070071538333,0.0,False,1.170498384383381,1.168200714528268,-0.07757199369795154
risk_parity_reference,Risk Parity reference,base,2023-06-02,False,0.017552053380290145,0.0,0.0,0.017552053380290145,0.0,False,1.1910430345076215,1.1887050358285614,-0.06138148809186328
risk_parity_reference,Risk Parity reference,base,2023-06-05,False,-0.004208970039077911,0.0,0.0,-0.004208970039077911,0.0,False,1.1860299700601264,1.1837018119474578,-0.0653321052866086
risk_parity_reference,Risk Parity reference,base,2023-06-06,False,0.0017028540281715707,0.0,0.0,0.0017028540281715707,0.0,False,1.1880496059721757,1.1857174833460866,-0.06374050229709316
risk_parity_reference,Risk Parity reference,base,2023-06-07,False,0.008274148135563443,0.0,0.0,0.008274148135563443,0.0,False,1.1978797044043874,1.1955282854502196,-0.05599375251977112
risk_parity_reference,Risk Parity reference,base,2023-06-08,False,0.004147867556336366,0.0,0.0,0.004147867556336366,0.0,False,1.2028483507666803,1.200487178438121,-0.052078139632869
risk_parity_reference,Risk Parity reference,base,2023-06-09,False,-0.0029254639541051878,0.0,0.0,-0.0029254639541051878,0.0,False,1.1993294612742575,1.1969751964702349,-0.05485125086668141
risk_parity_reference,Risk Parity reference,base,2023-06-12,False,0.0031878353068664354,0.0,0.0,0.0031878353068664354,0.0,False,1.2031527260754726,1.200790956262986,-0.05183827231395366
risk_parity_reference,Risk Parity reference,base,2023-06-13,False,0.006578682499979369,0.0,0.0,0.006578682499979369,0.0,False,1.2110678858593078,1.2086905787130868,-0.045600617348875216
risk_parity_reference,Risk Parity reference,base,2023-06-14,False,-0.0007979513199223185,0.0,0.0,-0.0007979513199223185,0.0,False,1.2101015126412709,1.2077261024704251,-0.0463621815959947
risk_parity_reference,Risk Parity reference,base,2023-06-15,False,0.010582365136379075,0.0,0.0,0.010582365136379075,0.0,False,1.2229072487001253,1.220506701071503,-0.03627043799378371
risk_parity_reference,Risk Parity reference,base,2023-06-16,False,0.00119588528460339,0.0,0.0,0.00119588528460339,0.0,False,1.2243697054832807,1.2219662870750743,-0.035117927992243114
risk_parity_reference,Risk Parity reference,base,2023-06-20,False,-0.011725795183963661,0.0,0.0,-0.011725795183963661,0.0,False,1.210012997087334,1.2076377606711235,-0.04643193754528452
risk_parity_reference,Risk Parity reference,base,2023-06-21,False,-0.001875171725668627,0.0,0.0,-0.001875171725668627,0.0,False,1.207744014927504,1.2053732324874633,-0.04822004141450009
risk_parity_reference,Risk Parity reference,base,2023-06-22,False,-0.003625594795774889,0.0,0.0,-0.003625594795774889,0.0,False,1.2033652245123547,1.2010030375687906,-0.051670809879070356
risk_parity_reference,Risk Parity reference,base,2023-06-23,False,-0.007202787800870568,0.0,0.0,-0.007202787800870568,0.0,False,1.1946976401532452,1.1923524675409816,-0.05850142380088297
risk_parity_reference,Risk Parity reference,base,2023-06-26,False,0.006170618356286452,0.0,0.0,0.006170618356286452,0.0,False,1.2020696633417869,1.1997100195643533,-0.05269179540417113
risk_parity_reference,Risk Parity reference,base,2023-06-27,False,0.005137702140321233,0.0,0.0,0.005137702140321233,0.0,False,1.208245539223953,1.2058737722996338,-0.04782480801387545
risk_parity_reference,Risk Parity reference,base,2023-06-28,False,-0.00218940778855902,0.0,0.0,-0.00218940778855902,0.0,False,1.2056001970298844,1.2032336228705418,-0.04990950779528258
risk_parity_reference,Risk Parity reference,base,2023-06-29,False,0.005667163833119208,0.0,0.0,0.005667163833119208,0.0,False,1.2124325308636934,1.2100525449408668,-0.044525189319669534
risk_parity_reference,Risk Parity reference,base,2023-06-30,False,0.008360328909002498,0.0,0.0,0.008360328909002498,0.0,False,1.222568865601688,1.2201689822137478,-0.036537105638115186
risk_parity_reference,Risk Parity reference,base,2023-07-03,True,0.005243367981514015,0.02736855180111935,2.736855180111935e-05,0.005215999429712895,0.0,False,1.2289792440467797,1.226533382929128,-0.031511683730574114
risk_parity_reference,Risk Parity reference,base,2023-07-05,False,-0.0025149479751634487,0.0,0.0,-0.0025149479751634487,0.0,False,1.2258884251854463,1.22344871528126,-0.03394738146054532
risk_parity_reference,Risk Parity reference,base,2023-07-06,False,-0.01173518210976007,0.0,0.0,-0.01173518210976007,0.0,False,1.211502401269648,1.2090913218054824,-0.04528418486671648
risk_parity_reference,Risk Parity reference,base,2023-07-07,False,-0.002091591467701385,0.0,0.0,-0.002091591467701385,0.0,False,1.2089684331840527,1.2065623967131223,-0.047281060319728896
risk_parity_reference,Risk Parity reference,base,2023-07-10,False,0.00425564448461113,0.0,0.0,0.00425564448461113,0.0,False,1.2141133730288014,1.2116970973220336,-0.04322662721869397
risk_parity_reference,Risk Parity reference,base,2023-07-11,False,0.013126322501365398,0.0,0.0,0.013126322501365398,0.0,False,1.230050216716398,1.227602224195451,-0.030667711366847428
risk_parity_reference,Risk Parity reference,base,2023-07-12,False,0.006677783606736334,0.0,0.0,0.006677783606736334,0.0,False,1.2382642258890493,1.2357998862037765,-0.024194720100332745
risk_parity_reference,Risk Parity reference,base,2023-07-13,False,0.00439719713951062,0.0,0.0,0.00439719713951062,0.0,False,1.243709117801087,1.2412339419283993,-0.019903911914838535
risk_parity_reference,Risk Parity reference,base,2023-07-14,False,-0.00512161617013777,0.0,0.0,-0.00512161617013777,0.0,False,1.2373393170724092,1.234876818100495,-0.024923587887864196
risk_parity_reference,Risk Parity reference,base,2023-07-17,False,-0.0049060466635962975,0.0,0.0,-0.0049060466635962975,0.0,False,1.2312688726441496,1.2288184548071006,-0.029707358266258477
risk_parity_reference,Risk Parity reference,base,2023-07-18,False,0.005001057105741726,0.0,0.0,0.005001057105741726,0.0,False,1.2374265185887652,1.2349638460721801,-0.024854869355667053
risk_parity_reference,Risk Parity reference,base,2023-07-19,False,0.006225161541392091,0.0,0.0,0.006225161541392091,0.0,False,1.2451296985625828,1.2426516955117584,-0.01878443339110425
risk_parity_reference,Risk Parity reference,base,2023-07-20,False,0.005013274320170897,0.0,0.0,0.005013274320170897,0.0,False,1.2513718753056688,1.2488814493457843,-0.013865330588471947
risk_parity_reference,Risk Parity reference,base,2023-07-21,False,0.005418707465649002,0.0,0.0,0.005418707465649002,0.0,False,1.258152693428691,1.255648772579065,-0.00852175529319621
risk_parity_reference,Risk Parity reference,base,2023-07-24,False,0.004270956060751392,0.0,0.0,0.004270956060751392,0.0,False,1.2635262083000411,1.2610115933144868,-0.004287195274862432
risk_parity_reference,Risk Parity reference,base,2023-07-25,False,0.001890680750833631,0.0,0.0,0.001890680750833631,0.0,False,1.2659151329802478,1.2633957636605446,-0.0024046202416099227
risk_parity_reference,Risk Parity reference,base,2023-07-26,False,0.0020031219605599177,0.0,0.0,0.0020031219605599177,0.0,False,1.2684509153833257,1.2659264994596113,-0.0004063150286628403
risk_parity_reference,Risk Parity reference,base,2023-07-27,False,-0.0050091026862946,0.0,0.0,-0.0050091026862946,0.0,False,1.262097114495646,1.2595853436305167,-0.005413382441255887
risk_parity_reference,Risk Parity reference,base,2023-07-28,False,0.0033863861913307493,0.0,0.0,0.0033863861913307493,0.0,False,1.2663710627362925,1.2638507860449897,-0.0020453280534725726
risk_parity_reference,Risk Parity reference,base,2023-07-31,False,0.002509606359368961,0.0,0.0,0.002509606359368961,0.0,False,1.2695491556086564,1.2670225540149418,0.0
risk_parity_reference,Risk Parity reference,base,2023-08-01,True,-0.004810567926340532,0.02315070348936903,2.315070348936903e-05,-0.004833718629829901,0.0,False,1.2634419031597728,1.2608981234911851,-0.004833718629829842
risk_parity_reference,Risk Parity reference,base,2023-08-02,False,-0.011450164300844756,0.0,0.0,-0.011450164300844756,0.0,False,1.2489752857840213,1.2464606328105843,-0.016228536058178977
risk_parity_reference,Risk Parity reference,base,2023-08-03,False,-0.005487526033761264,0.0,0.0,-0.005487526033761264,0.0,False,1.2421215013877571,1.2396206476379776,-0.021627007577831203
risk_parity_reference,Risk Parity reference,base,2023-08-04,False,-0.0024124455347753,0.0,0.0,-0.0024124455347753,0.0,False,1.239124950918086,1.2366301303417682,-0.023987279134744743
risk_parity_reference,Risk Parity reference,base,2023-08-07,False,0.00904419426551149,0.0,0.0,0.00904419426551149,0.0,False,1.2503318376934316,1.2478144534751638,-0.01516003048162895
risk_parity_reference,Risk Parity reference,base,2023-08-08,False,-0.0023501927860463084,0.0,0.0,-0.0023501927860463084,0.0,False,1.2473933168283204,1.2448818489482822,-0.017474594273401145
risk_parity_reference,Risk Parity reference,base,2023-08-09,False,-0.00045987772477194046,0.0,0.0,-0.00045987772477194046,0.0,False,1.2468196684278816,1.244309355515978,-0.017926435821517206
risk_parity_reference,Risk Parity reference,base,2023-08-10,False,0.0008126545484129658,0.0,0.0,0.0008126545484129658,0.0,False,1.2478329021024803,1.245320549173371,-0.01712834927271145
risk_parity_reference,Risk Parity reference,base,2023-08-11,False,0.0032383147990766104,0.0,0.0,0.0032383147990766104,0.0,False,1.2518737778561335,1.2493532891373533,-0.013945501460568388
risk_parity_reference,Risk Parity reference,base,2023-08-14,False,0.0003756163455881469,0.0,0.0,0.0003756163455881469,0.0,False,1.2523440021097094,1.2498225666541676,-0.013575123273276257
risk_parity_reference,Risk Parity reference,base,2023-08-15,False,-0.011700395701345437,0.0,0.0,-0.011700395701345437,0.0,False,1.2376910817308193,1.2351991480678426,-0.025116684660629884
risk_parity_reference,Risk Parity reference,base,2023-08-16,False,-0.0068730693349002385,0.0,0.0,-0.0068730693349002385,0.0,False,1.2291843451108957,1.2267095386807625,-0.03181712528039493
risk_parity_reference,Risk Parity reference,base,2023-08-17,False,-0.004579292035282548,0.0,0.0,-0.004579292035282548,0.0,False,1.2235555510294354,1.2210920774606766,-0.03625071740729524
risk_parity_reference,Risk Parity reference,base,2023-08-18,False,0.001685487958434545,0.0,0.0,0.001685487958434545,0.0,False,1.225617839177171,1.2231502134533763,-0.03462632959653544
risk_parity_reference,Risk Parity reference,base,2023-08-21,False,-0.00162984048231805,0.0,0.0,-0.00162984048231805,0.0,False,1.2236202776070289,1.221156673719534,-0.03619973468512294
risk_parity_reference,Risk Parity reference,base,2023-08-22,False,-0.0047824871748221535,0.0,0.0,-0.0047824871748221535,0.0,False,1.217768329322521,1.215316507589022,-0.04080909709308145
risk_parity_reference,Risk Parity reference,base,2023-08-23,False,0.007224535208398494,0.0,0.0,0.007224535208398494,0.0,False,1.226566139493384,1.2240966044874466,-0.033879388643454966
risk_parity_reference,Risk Parity reference,base,2023-08-24,False,-0.01107074259106982,0.0,0.0,-0.01107074259106982,0.0,False,1.2129871414921305,1.2105449460725635,-0.04457506124371036
risk_parity_reference,Risk Parity reference,base,2023-08-25,False,0.004688010006256644,0.0,0.0,0.004688010006256644,0.0,False,1.2186736373489064,1.2162199928927753,-0.0400960195705935
risk_parity_reference,Risk Parity reference,base,2023-08-28,False,0.006812158437693513,0.0,0.0,0.006812158437693513,0.0,False,1.2269754352503675,1.2245050761794511,-0.033557001570935885
risk_parity_reference,Risk Parity reference,base,2023-08-29,False,0.01079852829634061,0.0,0.0,0.01079852829634061,0.0,False,1.2402249642068333,1.2377279288935876,-0.0231208395055994
risk_parity_reference,Risk Parity reference,base,2023-08-30,False,0.0013836036642176637,0.0,0.0,0.0013836036642176637,0.0,False,1.241940944011764,1.2394404537913093,-0.021769225919641588
risk_parity_reference,Risk Parity reference,base,2023-08-31,False,-0.004118485357734753,0.0,0.0,-0.004118485357734753,0.0,False,1.2368260284186803,1.2343358364305856,-0.025798055039177092
risk_parity_reference,Risk Parity reference,base,2023-09-01,True,0.0032615403619065467,0.02064283780188291,2.0642837801882913e-05,0.0032408975241046637,0.0,False,1.2408599864310244,1.2383361923867873,-0.022640766367775456
risk_parity_reference,Risk Parity reference,base,2023-09-05,False,-0.009551730975048363,0.0,0.0,-0.009551730975048363,0.0,False,1.229007625662933,1.226507938220443,-0.03197623883340994
risk_parity_reference,Risk Parity reference,base,2023-09-06,False,-0.004108876796508979,0.0,0.0,-0.004108876796508979,0.0,False,1.223957784747114,1.2214683682123548,-0.03595372920413675
risk_parity_reference,Risk Parity reference,base,2023-09-07,False,0.002157230302245879,0.0,0.0,0.002157230302245879,0.0,False,1.22659814356904,1.2241033567894974,-0.033874059376008736
risk_parity_reference,Risk Parity reference,base,2023-09-08,False,0.003782585941460348,0.0,0.0,0.003782585941460348,0.0,False,1.2312378564627258,1.2287336329377838,-0.030219604975324277
risk_parity_reference,Risk Parity reference,base,2023-09-11,False,0.003179203428707216,0.0,0.0,0.003179203428707216,0.0,False,1.2351522120775462,1.2326400271165876,-0.027136475818368644
risk_parity_reference,Risk Parity reference,base,2023-09-12,False,0.002061680923808396,0.0,0.0,0.002061680923808396,0.0,False,1.2376987018311862,1.2351813375464165,-0.025130741649094457
risk_parity_reference,Risk Parity reference,base,2023-09-13,False,-0.00042121004495381475,0.0,0.0,-0.00042121004495381475,0.0,False,1.2371773707053486,1.2346610667597024,-0.02554136637322857
risk_parity_reference,Risk Parity reference,base,2023-09-14,False,0.012362458757235241,0.0,0.0,0.012362458757235241,0.0,False,1.2524719249260783,1.2499245132766834,-0.013494661704385735
risk_parity_reference,Risk Parity reference,base,2023-09-15,False,-0.009204549473046188,0.0,0.0,-0.009204549473046188,0.0,False,1.240943485129495,1.238419521256655,-0.022574998896151777
risk_parity_reference,Risk Parity reference,base,2023-09-18,False,9.894699635449496e-05,0.0,0.0,9.894699635449496e-05,0.0,False,1.2410662727599944,1.2385420591485103,-0.02247828562813059
risk_parity_reference,Risk Parity reference,base,2023-09-19,False,-0.0033512594191763443,0.0,0.0,-0.0033512594191763443,0.0,False,1.2369071377235854,1.2343913834067428,-0.025754214480868787
risk_parity_reference,Risk Parity reference,base,2023-09-20,False,-0.003206512289986133,0.0,0.0,-0.003206512289986133,0.0,False,1.2329409797849031,1.2304332922651962,-0.028878145565603086
risk_parity_reference,Risk Parity reference,base,2023-09-21,False,-0.01688753607197701,0.0,0.0,-0.01688753607197701,0.0,False,1.2121196445141669,1.2096543056579063,-0.045278000912649
risk_parity_reference,Risk Parity reference,base,2023-09-22,False,-0.003303664997347854,0.0,0.0,-0.003303664997347854,0.0,False,1.2081152072719878,1.2056580130694132,-0.04843208256323184
risk_parity_reference,Risk Parity reference,base,2023-09-25,False,0.001404191179632156,0.0,0.0,0.001404191179632156,0.0,False,1.2098116319900185,1.207350987417018,-0.04709589928674629
risk_parity_reference,Risk Parity reference,base,2023-09-26,False,-0.011119438347810477,0.0,0.0,-0.011119438347810477,0.0,False,1.1963592061356416,1.1939259225482663,-0.05769165768600315
risk_parity_reference,Risk Parity reference,base,2023-09-27,False,-0.002882615173981774,0.0,0.0,-0.002882615173981774,0.0,False,1.1929105629345023,1.1904842935673186,-0.060407970012127055
risk_parity_reference,Risk Parity reference,base,2023-09-28,False,0.0026889414668078092,0.0,0.0,0.0026889414668078092,0.0,False,1.1961182296133699,1.1936854361498752,-0.05788146204081046
risk_parity_reference,Risk Parity reference,base,2023-09-29,False,-0.0028450572491708014,0.0,0.0,-0.0028450572491708014,0.0,False,1.192715204773343,1.1902893327465274,-0.06056184321680946
risk_parity_reference,Risk Parity reference,base,2023-10-02,True,-0.014387318960253557,0.017631893047495472,1.7631893047495472e-05,-0.014404950853301053,0.0,False,1.1755552306935246,1.1731432734071052,-0.07409440369498699
risk_parity_reference,Risk Parity reference,base,2023-10-03,False,-0.008154342719171953,0.0,0.0,-0.008154342719171953,0.0,False,1.1659693504571345,1.1635770610970524,-0.08164455525285741
risk_parity_reference,Risk Parity reference,base,2023-10-04,False,0.001970330313029435,0.0,0.0,0.001970330313029435,0.0,False,1.1682666952124034,1.1658696922520775,-0.07983509168193659
risk_parity_reference,Risk Parity reference,base,2023-10-05,False,-0.002345072217843493,0.0,0.0,-0.002345072217843493,0.0,False,1.165527025442429,1.1631356436271514,-0.08199294484426778
risk_parity_reference,Risk Parity reference,base,2023-10-06,False,0.00943443659146014,0.0,0.0,0.00943443659146014,0.0,False,1.1765231162595986,1.1741091731042188,-0.07333206549188809
risk_parity_reference,Risk Parity reference,base,2023-10-09,False,0.008735219499975782,0.0,0.0,0.008735219499975782,0.0,False,1.1868003039269217,1.1843652744482192,-0.06523741768037061
risk_parity_reference,Risk Parity reference,base,2023-10-10,False,0.007949507333697876,0.0,0.0,0.007949507333697876,0.0,False,1.1962347816466237,1.1937803948832224,-0.05780651567695427
risk_parity_reference,Risk Parity reference,base,2023-10-11,False,0.003576346772664952,0.0,0.0,0.003576346772664952,0.0,False,1.2005129320473154,1.1980497675457338,-0.054436905050069595
risk_parity_reference,Risk Parity reference,base,2023-10-12,False,-0.007848551686884484,0.0,0.0,-0.007848551686884484,0.0,False,1.1910906442493687,1.188646812021691,-0.0618582058739946
risk_parity_reference,Risk Parity reference,base,2023-10-13,False,0.0021751298151064975,0.0,0.0,0.0021751298151064975,0.0,False,1.19368142102217,1.1912322731421507,-0.05981762568679361
risk_parity_reference,Risk Parity reference,base,2023-10-16,False,0.009295896654557986,0.0,0.0,0.009295896654557986,0.0,False,1.2047777601504581,1.2023058452448543,-0.051077787498741145
risk_parity_reference,Risk Parity reference,base,2023-10-17,False,0.002792446608335734,0.0,0.0,0.002792446608335734,0.0,False,1.2081420377205887,1.2056632201245905,-0.048427972884867665
risk_parity_reference,Risk Parity reference,base,2023-10-18,False,-0.012791565021593447,0.0,0.0,-0.012791565021593447,0.0,False,1.1926880102897655,1.190240900650223,-0.06060006834244036
risk_parity_reference,Risk Parity reference,base,2023-10-19,False,-0.00917401542932641,0.0,0.0,-0.00917401542932641,0.0,False,1.1817462720809946,1.1793216122630426,-0.06921813780977493
risk_parity_reference,Risk Parity reference,base,2023-10-20,False,-0.007174194101503143,0.0,0.0,-0.007174194101503143,0.0,False,1.173268194946358,1.17086093010857,-0.07589574755528605
risk_parity_reference,Risk Parity reference,base,2023-10-23,False,-0.006599535359473744,0.0,0.0,-0.006599535359473744,0.0,False,1.1655251700076634,1.1631337919992921,-0.08199440624513499
risk_parity_reference,Risk Parity reference,base,2023-10-24,False,0.010809375658466368,0.0,0.0,0.010809375658466368,0.0,False,1.1781237694096742,1.175706542098069,-0.0720713389256652
risk_parity_reference,Risk Parity reference,base,2023-10-25,False,-0.009744110571877001,0.0,0.0,-0.009744110571877001,0.0,False,1.1666440011331898,1.1642503275517864,-0.08111317840198717
risk_parity_reference,Risk Parity reference,base,2023-10-26,False,-0.0015258844450961617,0.0,0.0,-0.0015258844450961617,0.0,False,1.164863837198896,1.162473816086777,-0.08251529350986753
risk_parity_reference,Risk Parity reference,base,2023-10-27,False,-0.012646211998887772,0.0,0.0,-0.012646211998887772,0.0,False,1.1501327221638409,1.1477729257653875,-0.09411799961387901
risk_parity_reference,Risk Parity reference,base,2023-10-30,False,0.00904819846917263,0.0,0.0,0.00904819846917263,0.0,False,1.160539351299869,1.1581582029952555,-0.08592139948473443
risk_parity_reference,Risk Parity reference,base,2023-10-31,False,0.005242518062142883,0.0,0.0,0.005242518062142883,0.0,False,1.1666234998108862,1.1642298682932772,-0.08112932591131472
risk_parity_reference,Risk Parity reference,base,2023-11-01,True,0.004867916016378075,0.027165828123842398,2.7165828123842397e-05,0.004840750188254233,0.0,False,1.1723025250306986,1.169865614247389,-0.07668130252273864
risk_parity_reference,Risk Parity reference,base,2023-11-02,False,0.022960695729782595,0.0,0.0,0.022960695729782595,0.0,False,1.1992194066111843,1.1967265426608586,-0.05548126284834398
risk_parity_reference,Risk Parity reference,base,2023-11-03,False,0.010681624626876066,0.0,0.0,0.010681624626876066,0.0,False,1.2120290181578701,1.2095095263705813,-0.045392268245038836
risk_parity_reference,Risk Parity reference,base,2023-11-06,False,-0.003609101427155008,0.0,0.0,-0.003609101427155008,0.0,False,1.2076546824986834,1.2051442838127997,-0.04883754437208887
risk_parity_reference,Risk Parity reference,base,2023-11-07,False,-0.003385937513831949,0.0,0.0,-0.003385937513831949,0.0,False,1.2035656392054561,1.2010637405726579,-0.05205812101234786
risk_parity_reference,Risk Parity reference,base,2023-11-08,False,-0.001414968292734865,0.0,0.0,-0.001414968292734865,0.0,False,1.2018626319877552,1.1993642734621939,-0.05339942871447101
risk_parity_reference,Risk Parity reference,base,2023-11-09,False,-0.010149132042500387,0.0,0.0,-0.010149132042500387,0.0,False,1.1896647694387645,1.1871917670837686,-0.0630066029039541
risk_parity_reference,Risk Parity reference,base,2023-11-10,False,0.009152450180850934,0.0,0.0,0.009152450180850934,0.0,False,1.2005531169729662,1.1980574805871191,-0.05443081751724632
risk_parity_reference,Risk Parity reference,base,2023-11-13,False,-0.00083467975700537,0.0,0.0,-0.00083467975700537,0.0,False,1.1995510395890192,1.1970574862603443,-0.0552200649727127
risk_parity_reference,Risk Parity reference,base,2023-11-14,False,0.021160550272582575,0.0,0.0,0.021160550272582575,0.0,False,1.2249341996667715,1.2223878813775277,-0.03522800166104045
risk_parity_reference,Risk Parity reference,base,2023-11-15,False,0.004519609143274977,0.0,0.0,0.004519609143274977,0.0,False,1.2304704234754955,1.22791259682283,-0.030867609316172162
risk_parity_reference,Risk Parity reference,base,2023-11-16,False,-0.00023265586199549453,0.0,0.0,-0.00023265586199549453,0.0,False,1.2301841473184618,1.227626915759161,-0.03109308364791441
risk_parity_reference,Risk Parity reference,base,2023-11-17,False,0.0023612235569860254,0.0,0.0,0.0023612235569860254,0.0,False,1.233088887106541,1.2305256173518417,-0.028805277812497088
risk_parity_reference,Risk Parity reference,base,2023-11-20,False,0.004149944189425228,0.0,0.0,0.004149944189425228,0.0,False,1.2382061371686337,1.23563222998751,-0.024774873918354645
risk_parity_reference,Risk Parity reference,base,2023-11-21,False,-0.0015839263291651069,0.0,0.0,-0.0015839263291651069,0.0,False,1.2362449098670385,1.2336750795652678,-0.02631955867241864
risk_parity_reference,Risk Parity reference,base,2023-11-22,False,0.001528208783902697,0.0,0.0,0.001528208783902697,0.0,False,1.2381341501973524,1.2355603926583414,-0.024831571669267527
risk_parity_reference,Risk Parity reference,base,2023-11-24,False,0.002569006871349911,0.0,0.0,0.002569006871349911,0.0,False,1.2413149253368625,1.2387345557970486,-0.02232635727616228
risk_parity_reference,Risk Parity reference,base,2023-11-27,False,0.00025851145802876255,0.0,0.0,0.00025851145802876255,0.0,False,1.241635819468084,1.2390547828731782,-0.022073617437305515
risk_parity_reference,Risk Parity reference,base,2023-11-28,False,0.0013999540139246248,0.0,0.0,0.0013999540139246248,0.0,False,1.243374052517381,1.240789402589934,-0.020704565472714154
risk_parity_reference,Risk Parity reference,base,2023-11-29,False,0.00397416587971817,0.0,0.0,0.00397416587971817,0.0,False,1.2483154272526225,1.2457205054976228,-0.01681268297065197
risk_parity_reference,Risk Parity reference,base,2023-11-30,False,0.007445483450619332,0.0,0.0,0.007445483450619332,0.0,False,1.2576097391073846,1.2549954969054025,-0.009492378072851193
risk_parity_reference,Risk Parity reference,base,2023-12-01,True,0.008586934839573524,0.041321252864987945,4.132125286498795e-05,0.008545613586708536,0.0,False,1.2684087519907128,1.2657202034750155,-0.0010278826811720432
risk_parity_reference,Risk Parity reference,base,2023-12-04,False,-0.0008530101036238827,0.0,0.0,-0.0008530101036238827,0.0,False,1.2673267865097397,1.2646405313530904,-0.0018800159904835967
risk_parity_reference,Risk Parity reference,base,2023-12-05,False,-0.0038101691036163984,0.0,0.0,-0.0038101691036163984,0.0,False,1.2624980571435949,1.2598220370733477,-0.0056830219152588235
risk_parity_reference,Risk Parity reference,base,2023-12-06,False,-7.939006591020311e-07,0.0,0.0,-7.939006591020311e-07,0.0,False,1.2624970548455552,1.2598210368998022,-0.005683811304162956
risk_parity_reference,Risk Parity reference,base,2023-12-07,False,0.0030563299012140678,0.0,0.0,0.0030563299012140678,0.0,False,1.2663556623444743,1.2636714656050576,-0.002644853005390635
risk_parity_reference,Risk Parity reference,base,2023-12-08,False,0.002324983767206062,0.0,0.0,0.002324983767206062,0.0,False,1.2692999187029348,1.2666094812496709,-0.0003260184784887876
risk_parity_reference,Risk Parity reference,base,2023-12-11,False,0.006724630096654158,0.0,0.0,0.006724630096654158,0.0,False,1.2778354911379253,1.2751269614879899,0.0
risk_parity_reference,Risk Parity reference,base,2023-12-12,False,0.001269618992707321,0.0,0.0,0.001269618992707321,0.0,False,1.2794578553470295,1.276745886896408,0.0
risk_parity_reference,Risk Parity reference,base,2023-12-13,False,0.020060158275822297,0.0,0.0,0.020060158275822297,0.0,False,1.305123982432535,1.302357611465555,0.0
risk_parity_reference,Risk Parity reference,base,2023-12-14,False,0.010473075465181843,0.0,0.0,0.010473075465181843,0.0,False,1.3187926443919695,1.3159973010130879,0.0
risk_parity_reference,Risk Parity reference,base,2023-12-15,False,-0.003953727944103641,0.0,0.0,-0.003953727944103641,0.0,False,1.3135784970613587,1.3107942057097075,-0.003953727944103647
risk_parity_reference,Risk Parity reference,base,2023-12-18,False,-0.0007055128132724981,0.0,0.0,-0.0007055128132724981,0.0,False,1.3126517506004427,1.309869423602016,-0.0046564513516512696
risk_parity_reference,Risk Parity reference,base,2023-12-19,False,0.00719440520778278,0.0,0.0,0.00719440520778278,0.0,False,1.3220954991909677,1.3192931550046938,0.0
risk_parity_reference,Risk Parity reference,base,2023-12-20,False,-0.014170442733644331,0.0,0.0,-0.014170442733644331,0.0,False,1.3033608206312732,1.300598186902811,-0.014170442733644206
risk_parity_reference,Risk Parity reference,base,2023-12-21,False,0.00768487623202418,0.0,0.0,0.00768487623202418,0.0,False,1.313376987223494,1.310593122996754,-0.006594464600181205
risk_parity_reference,Risk Parity reference,base,2023-12-22,False,0.003057303295681839,0.0,0.0,0.003057303295681839,0.0,False,1.3173923790150048,1.31460000367099,-0.003557322582854683
risk_parity_reference,Risk Parity reference,base,2023-12-26,False,0.00549073629992874,0.0,0.0,0.00549073629992874,0.0,False,1.324625833171712,1.3218181256310328,0.0
risk_parity_reference,Risk Parity reference,base,2023-12-27,False,0.0019406587053082478,0.0,0.0,0.0019406587053082478,0.0,False,1.327196479826133,1.324383323483373,0.0
risk_parity_reference,Risk Parity reference,base,2023-12-28,False,0.0016488745103687048,0.0,0.0,0.0016488745103687048,0.0,False,1.3293848602719693,1.3265670653874222,0.0
risk_parity_reference,Risk Parity reference,base,2023-12-29,False,-0.00234134338040066,0.0,0.0,-0.00234134338040066,0.0,False,1.3262723138293666,1.3234611163702197,-0.0023413433804008177
