date,benchmark_id,benchmark_name,market_reference,source_ticker,adjusted_close,daily_return,growth_of_1,source,return_basis,retrieved_on
2020-01-03,sp500_spy,S&P 500 (SPY total-return proxy),S&P 500,SPY,293.8829040527344,-0.0075724738273068,0.9924275261726933,Yahoo Finance via yfinance,"Adjusted close; dividends, capital distributions and splits included",2026-08-13
2020-01-06,sp500_spy,S&P 500 (SPY total-return proxy),S&P 500,SPY,295.0040283203125,0.0038148672553506,0.996213505445598,Yahoo Finance via yfinance,"Adjusted close; dividends, capital distributions and splits included",2026-08-13
2020-01-07,sp500_spy,S&P 500 (SPY total-return proxy),S&P 500,SPY,294.1745910644531,-0.0028116133212892,0.9934125382828388,Yahoo Finance via yfinance,"Adjusted close; dividends, capital distributions and splits included",2026-08-13
2020-01-08,sp500_spy,S&P 500 (SPY total-return proxy),S&P 500,SPY,295.74249267578125,0.0053298335714677,0.9987072617796958,Yahoo Finance via yfinance,"Adjusted close; dividends, capital distributions and splits included",2026-08-13
2020-01-09,sp500_spy,S&P 500 (SPY total-return proxy),S&P 500,SPY,297.7477111816406,0.0067802854020631,1.0054787820476752,Yahoo Finance via yfinance,"Adjusted close; dividends, capital distributions and splits included",2026-08-13
2020-01-10,sp500_spy,S&P 500 (SPY total-return proxy),S&P 500,SPY,296.8909606933594,-0.0028774376967707,1.002585579496908,Yahoo Finance via yfinance,"Adjusted close; dividends, capital distributions and splits included",2026-08-13
2020-01-13,sp500_spy,S&P 500 (SPY total-return proxy),S&P 500,SPY,298.9327697753906,0.0068773029574993,1.0094806642679284,Yahoo Finance via yfinance,"Adjusted close; dividends, capital distributions and splits included",2026-08-13
2020-01-14,sp500_spy,S&P 500 (SPY total-return proxy),S&P 500,SPY,298.4770812988281,-0.0015243844858657,1.0079418276045369,Yahoo Finance via yfinance,"Adjusted close; dividends, capital distributions and splits included",2026-08-13
2020-01-15,sp500_spy,S&P 500 (SPY total-return proxy),S&P 500,SPY,299.1514892578125,0.0022594966288522,1.0102192687660885,Yahoo Finance via yfinance,"Adjusted close; dividends, capital distributions and splits included",2026-08-13
2020-01-16,sp500_spy,S&P 500 (SPY total-return proxy),S&P 500,SPY,301.6400756835937,0.0083188167705778,1.0186230977610606,Yahoo Finance via yfinance,"Adjusted close; dividends, capital distributions and splits included",2026-08-13
2020-01-17,sp500_spy,S&P 500 (SPY total-return proxy),S&P 500,SPY,302.5788269042969,0.003112156826561,1.0217932125884506,Yahoo Finance via yfinance,"Adjusted close; dividends, capital distributions and splits included",2026-08-13
2020-01-21,sp500_spy,S&P 500 (SPY total-return proxy),S&P 500,SPY,301.986328125,-0.0019581633829397,1.0197923745346236,Yahoo Finance via yfinance,"Adjusted close; dividends, capital distributions and splits included",2026-08-13
2020-01-22,sp500_spy,S&P 500 (SPY total-return proxy),S&P 500,SPY,302.0228271484375,0.0001208631651112,1.0199156298687662,Yahoo Finance via yfinance,"Adjusted close; dividends, capital distributions and splits included",2026-08-13
2020-01-23,sp500_spy,S&P 500 (SPY total-return proxy),S&P 500,SPY,302.36920166015625,0.0011468487828851,1.0210853188675266,Yahoo Finance via yfinance,"Adjusted close; dividends, capital distributions and splits included",2026-08-13
2020-01-24,sp500_spy,S&P 500 (SPY total-return proxy),S&P 500,SPY,299.6802062988281,-0.0088930861561435,1.0120047191540644,Yahoo Finance via yfinance,"Adjusted close; dividends, capital distributions and splits included",2026-08-13
2020-01-27,sp500_spy,S&P 500 (SPY total-return proxy),S&P 500,SPY,294.8764953613281,-0.0160294568561193,0.9957828331701952,Yahoo Finance via yfinance,"Adjusted close; dividends, capital distributions and splits included",2026-08-13
2020-01-28,sp500_spy,S&P 500 (SPY total-return proxy),S&P 500,SPY,297.96661376953125,0.0104793649436745,1.0062180048836318,Yahoo Finance via yfinance,"Adjusted close; dividends, capital distributions and splits included",2026-08-13
2020-01-29,sp500_spy,S&P 500 (SPY total-return proxy),S&P 500,SPY,297.7204895019531,-0.0008260129028029,1.0053868558285652,Yahoo Finance via yfinance,"Adjusted close; dividends, capital distributions and splits included",2026-08-13
2020-01-30,sp500_spy,S&P 500 (SPY total-return proxy),S&P 500,SPY,298.6865234375,0.0032447680613547,1.0086491029876636,Yahoo Finance via yfinance,"Adjusted close; dividends, capital distributions and splits included",2026-08-13
2020-01-31,sp500_spy,S&P 500 (SPY total-return proxy),S&P 500,SPY,293.2630920410156,-0.0181576032760621,0.9903344527308576,Yahoo Finance via yfinance,"Adjusted close; dividends, capital distributions and splits included",2026-08-13
2020-02-03,sp500_spy,S&P 500 (SPY total-return proxy),S&P 500,SPY,295.44158935546875,0.0074284742048222,0.9976911266671156,Yahoo Finance via yfinance,"Adjusted close; dividends, capital distributions and splits included",2026-08-13
2020-02-04,sp500_spy,S&P 500 (SPY total-return proxy),S&P 500,SPY,299.9445495605469,0.0152414567458214,1.0128973928199023,Yahoo Finance via yfinance,"Adjusted close; dividends, capital distributions and splits included",2026-08-13
2020-02-05,sp500_spy,S&P 500 (SPY total-return proxy),S&P 500,SPY,303.40826416015625,0.011547849776514,1.0245941797512093,Yahoo Finance via yfinance,"Adjusted close; dividends, capital distributions and splits included",2026-08-13
2020-02-06,sp500_spy,S&P 500 (SPY total-return proxy),S&P 500,SPY,304.42926025390625,0.0033650899278441,1.0280420313056178,Yahoo Finance via yfinance,"Adjusted close; dividends, capital distributions and splits included",2026-08-13
2020-02-07,sp500_spy,S&P 500 (SPY total-return proxy),S&P 500,SPY,302.8066711425781,-0.0053299380945669,1.022562630920146,Yahoo Finance via yfinance,"Adjusted close; dividends, capital distributions and splits included",2026-08-13
2020-02-10,sp500_spy,S&P 500 (SPY total-return proxy),S&P 500,SPY,305.0672912597656,0.0074655558566709,1.0301966293582243,Yahoo Finance via yfinance,"Adjusted close; dividends, capital distributions and splits included",2026-08-13
2020-02-11,sp500_spy,S&P 500 (SPY total-return proxy),S&P 500,SPY,305.5959777832031,0.001733016087219,1.0319819766899012,Yahoo Finance via yfinance,"Adjusted close; dividends, capital distributions and splits included",2026-08-13
2020-02-12,sp500_spy,S&P 500 (SPY total-return proxy),S&P 500,SPY,307.5648803710937,0.0064428288689304,1.0386308599615348,Yahoo Finance via yfinance,"Adjusted close; dividends, capital distributions and splits included",2026-08-13
2020-02-13,sp500_spy,S&P 500 (SPY total-return proxy),S&P 500,SPY,307.2366638183594,-0.0010671457428376,1.0375224894609472,Yahoo Finance via yfinance,"Adjusted close; dividends, capital distributions and splits included",2026-08-13
2020-02-14,sp500_spy,S&P 500 (SPY total-return proxy),S&P 500,SPY,307.7289428710937,0.0016022796453272,1.0391848906273795,Yahoo Finance via yfinance,"Adjusted close; dividends, capital distributions and splits included",2026-08-13
2020-02-18,sp500_spy,S&P 500 (SPY total-return proxy),S&P 500,SPY,306.9359436035156,-0.0025769407978966,1.0365069726861642,Yahoo Finance via yfinance,"Adjusted close; dividends, capital distributions and splits included",2026-08-13
2020-02-19,sp500_spy,S&P 500 (SPY total-return proxy),S&P 500,SPY,308.4034423828125,0.0047811239116148,1.0414626409578296,Yahoo Finance via yfinance,"Adjusted close; dividends, capital distributions and splits included",2026-08-13
2020-02-20,sp500_spy,S&P 500 (SPY total-return proxy),S&P 500,SPY,307.13641357421875,-0.0041083484633126,1.037183949517253,Yahoo Finance via yfinance,"Adjusted close; dividends, capital distributions and splits included",2026-08-13
2020-02-21,sp500_spy,S&P 500 (SPY total-return proxy),S&P 500,SPY,303.9735107421875,-0.0102980392172449,1.0265029885296273,Yahoo Finance via yfinance,"Adjusted close; dividends, capital distributions and splits included",2026-08-13
2020-02-24,sp500_spy,S&P 500 (SPY total-return proxy),S&P 500,SPY,293.89208984375,-0.0331654586408615,0.9924585461188272,Yahoo Finance via yfinance,"Adjusted close; dividends, capital distributions and splits included",2026-08-13
2020-02-25,sp500_spy,S&P 500 (SPY total-return proxy),S&P 500,SPY,284.986572265625,-0.0303019982023323,0.9623850690384452,Yahoo Finance via yfinance,"Adjusted close; dividends, capital distributions and splits included",2026-08-13
2020-02-26,sp500_spy,S&P 500 (SPY total-return proxy),S&P 500,SPY,283.938232421875,-0.0036785587314369,0.9588448790397291,Yahoo Finance via yfinance,"Adjusted close; dividends, capital distributions and splits included",2026-08-13
2020-02-27,sp500_spy,S&P 500 (SPY total-return proxy),S&P 500,SPY,271.18609619140625,-0.0449116560376471,0.9157815676388374,Yahoo Finance via yfinance,"Adjusted close; dividends, capital distributions and splits included",2026-08-13
2020-02-28,sp500_spy,S&P 500 (SPY total-return proxy),S&P 500,SPY,270.0467529296875,-0.0042013336145175,0.9119340637551608,Yahoo Finance via yfinance,"Adjusted close; dividends, capital distributions and splits included",2026-08-13
2020-03-02,sp500_spy,S&P 500 (SPY total-return proxy),S&P 500,SPY,281.7414855957031,0.0433063258089261,0.9514265774363998,Yahoo Finance via yfinance,"Adjusted close; dividends, capital distributions and splits included",2026-08-13
2020-03-03,sp500_spy,S&P 500 (SPY total-return proxy),S&P 500,SPY,273.6746520996094,-0.0286320400385394,0.9241852935775102,Yahoo Finance via yfinance,"Adjusted close; dividends, capital distributions and splits included",2026-08-13
2020-03-04,sp500_spy,S&P 500 (SPY total-return proxy),S&P 500,SPY,285.1778869628906,0.0420325184485643,0.9630311289796988,Yahoo Finance via yfinance,"Adjusted close; dividends, capital distributions and splits included",2026-08-13
2020-03-05,sp500_spy,S&P 500 (SPY total-return proxy),S&P 500,SPY,275.6981506347656,-0.033241484566293,0.9310185445688604,Yahoo Finance via yfinance,"Adjusted close; dividends, capital distributions and splits included",2026-08-13
2020-03-06,sp500_spy,S&P 500 (SPY total-return proxy),S&P 500,SPY,271.1405334472656,-0.0165311852002146,0.9156277045837582,Yahoo Finance via yfinance,"Adjusted close; dividends, capital distributions and splits included",2026-08-13
2020-03-09,sp500_spy,S&P 500 (SPY total-return proxy),S&P 500,SPY,249.9659423828125,-0.0780945246188039,0.8441221942664829,Yahoo Finance via yfinance,"Adjusted close; dividends, capital distributions and splits included",2026-08-13
2020-03-10,sp500_spy,S&P 500 (SPY total-return proxy),S&P 500,SPY,262.9004211425781,0.0517449642798018,0.88780126705659,Yahoo Finance via yfinance,"Adjusted close; dividends, capital distributions and splits included",2026-08-13
2020-03-11,sp500_spy,S&P 500 (SPY total-return proxy),S&P 500,SPY,250.0844116210937,-0.0487485317284216,0.8445222588209489,Yahoo Finance via yfinance,"Adjusted close; dividends, capital distributions and splits included",2026-08-13
2020-03-12,sp500_spy,S&P 500 (SPY total-return proxy),S&P 500,SPY,226.15704345703125,-0.0956771675969759,0.7637207611243603,Yahoo Finance via yfinance,"Adjusted close; dividends, capital distributions and splits included",2026-08-13
2020-03-13,sp500_spy,S&P 500 (SPY total-return proxy),S&P 500,SPY,245.4903717041016,0.0854862972717609,0.8290084211424529,Yahoo Finance via yfinance,"Adjusted close; dividends, capital distributions and splits included",2026-08-13
2020-03-16,sp500_spy,S&P 500 (SPY total-return proxy),S&P 500,SPY,218.6279144287109,-0.1094236694047167,0.7382952777336349,Yahoo Finance via yfinance,"Adjusted close; dividends, capital distributions and splits included",2026-08-13
2020-03-17,sp500_spy,S&P 500 (SPY total-return proxy),S&P 500,SPY,230.4321136474609,0.0539921869062107,0.7781574543610021,Yahoo Finance via yfinance,"Adjusted close; dividends, capital distributions and splits included",2026-08-13
2020-03-18,sp500_spy,S&P 500 (SPY total-return proxy),S&P 500,SPY,218.7646484375,-0.0506329826397853,0.738757021483322,Yahoo Finance via yfinance,"Adjusted close; dividends, capital distributions and splits included",2026-08-13
2020-03-19,sp500_spy,S&P 500 (SPY total-return proxy),S&P 500,SPY,219.22950744628903,0.0021249274602146,0.7403268265646983,Yahoo Finance via yfinance,"Adjusted close; dividends, capital distributions and splits included",2026-08-13
2020-03-20,sp500_spy,S&P 500 (SPY total-return proxy),S&P 500,SPY,209.7820281982422,-0.0430940130190343,0.7084231726623788,Yahoo Finance via yfinance,"Adjusted close; dividends, capital distributions and splits included",2026-08-13
2020-03-23,sp500_spy,S&P 500 (SPY total-return proxy),S&P 500,SPY,204.418212890625,-0.0255685167775593,0.690309842886549,Yahoo Finance via yfinance,"Adjusted close; dividends, capital distributions and splits included",2026-08-13
2020-03-24,sp500_spy,S&P 500 (SPY total-return proxy),S&P 500,SPY,222.93917846679688,0.0906033044427485,0.7528541957414249,Yahoo Finance via yfinance,"Adjusted close; dividends, capital distributions and splits included",2026-08-13
2020-03-25,sp500_spy,S&P 500 (SPY total-return proxy),S&P 500,SPY,226.27664184570312,0.0149702865232514,0.7641246387619061,Yahoo Finance via yfinance,"Adjusted close; dividends, capital distributions and splits included",2026-08-13
2020-03-26,sp500_spy,S&P 500 (SPY total-return proxy),S&P 500,SPY,239.4888610839844,0.0583896735010349,0.8087416269333101,Yahoo Finance via yfinance,"Adjusted close; dividends, capital distributions and splits included",2026-08-13
2020-03-27,sp500_spy,S&P 500 (SPY total-return proxy),S&P 500,SPY,232.3555450439453,-0.0297855858838359,0.7846527837464548,Yahoo Finance via yfinance,"Adjusted close; dividends, capital distributions and splits included",2026-08-13
2020-03-30,sp500_spy,S&P 500 (SPY total-return proxy),S&P 500,SPY,239.9014892578125,0.0324758516627612,0.8101350511581773,Yahoo Finance via yfinance,"Adjusted close; dividends, capital distributions and splits included",2026-08-13
2020-03-31,sp500_spy,S&P 500 (SPY total-return proxy),S&P 500,SPY,236.32568359375,-0.0149053083210322,0.7980597384389895,Yahoo Finance via yfinance,"Adjusted close; dividends, capital distributions and splits included",2026-08-13
2020-04-01,sp500_spy,S&P 500 (SPY total-return proxy),S&P 500,SPY,225.68983459472656,-0.0450050491224083,0.7621430207079264,Yahoo Finance via yfinance,"Adjusted close; dividends, capital distributions and splits included",2026-08-13
2020-04-02,sp500_spy,S&P 500 (SPY total-return proxy),S&P 500,SPY,230.8977203369141,0.0230754112232807,0.7797297843217151,Yahoo Finance via yfinance,"Adjusted close; dividends, capital distributions and splits included",2026-08-13
2020-04-03,sp500_spy,S&P 500 (SPY total-return proxy),S&P 500,SPY,227.5603179931641,-0.0144540289911924,0.7684595474138328,Yahoo Finance via yfinance,"Adjusted close; dividends, capital distributions and splits included",2026-08-13
2020-04-06,sp500_spy,S&P 500 (SPY total-return proxy),S&P 500,SPY,242.8446350097656,0.067166003068517,0.8200739037334616,Yahoo Finance via yfinance,"Adjusted close; dividends, capital distributions and splits included",2026-08-13
2020-04-07,sp500_spy,S&P 500 (SPY total-return proxy),S&P 500,SPY,243.0922088623047,0.0010194742516305,0.820909947962752,Yahoo Finance via yfinance,"Adjusted close; dividends, capital distributions and splits included",2026-08-13
2020-04-08,sp500_spy,S&P 500 (SPY total-return proxy),S&P 500,SPY,251.2524871826172,0.033568654291733,0.8484667902105582,Yahoo Finance via yfinance,"Adjusted close; dividends, capital distributions and splits included",2026-08-13
2020-04-09,sp500_spy,S&P 500 (SPY total-return proxy),S&P 500,SPY,255.0758209228516,0.0152170980797314,0.8613779925745871,Yahoo Finance via yfinance,"Adjusted close; dividends, capital distributions and splits included",2026-08-13
2020-04-13,sp500_spy,S&P 500 (SPY total-return proxy),S&P 500,SPY,252.7469940185547,-0.0091299398581617,0.853513663307237,Yahoo Finance via yfinance,"Adjusted close; dividends, capital distributions and splits included",2026-08-13
2020-04-14,sp500_spy,S&P 500 (SPY total-return proxy),S&P 500,SPY,260.2012939453125,0.0294931299013216,0.8786864526517103,Yahoo Finance via yfinance,"Adjusted close; dividends, capital distributions and splits included",2026-08-13
2020-04-15,sp500_spy,S&P 500 (SPY total-return proxy),S&P 500,SPY,254.6724395751953,-0.0212483738504359,0.8600157944084533,Yahoo Finance via yfinance,"Adjusted close; dividends, capital distributions and splits included",2026-08-13
2020-04-16,sp500_spy,S&P 500 (SPY total-return proxy),S&P 500,SPY,255.90098571777344,0.004824024714364,0.8641645318554232,Yahoo Finance via yfinance,"Adjusted close; dividends, capital distributions and splits included",2026-08-13
2020-04-17,sp500_spy,S&P 500 (SPY total-return proxy),S&P 500,SPY,262.8143005371094,0.0270155849534727,0.8875104421795414,Yahoo Finance via yfinance,"Adjusted close; dividends, capital distributions and splits included",2026-08-13
2020-04-20,sp500_spy,S&P 500 (SPY total-return proxy),S&P 500,SPY,258.1840515136719,-0.0176179493047933,0.8718743282017476,Yahoo Finance via yfinance,"Adjusted close; dividends, capital distributions and splits included",2026-08-13
2020-04-21,sp500_spy,S&P 500 (SPY total-return proxy),S&P 500,SPY,250.3447265625,-0.0303633199076851,0.8454013290552599,Yahoo Finance via yfinance,"Adjusted close; dividends, capital distributions and splits included",2026-08-13
2020-04-22,sp500_spy,S&P 500 (SPY total-return proxy),S&P 500,SPY,255.90098571777344,0.0221944325792948,0.8641645318554232,Yahoo Finance via yfinance,"Adjusted close; dividends, capital distributions and splits included",2026-08-13
2020-04-23,sp500_spy,S&P 500 (SPY total-return proxy),S&P 500,SPY,255.8826599121093,-7.161287641255232e-05,0.8641026465476033,Yahoo Finance via yfinance,"Adjusted close; dividends, capital distributions and splits included",2026-08-13
2020-04-24,sp500_spy,S&P 500 (SPY total-return proxy),S&P 500,SPY,259.4493713378906,0.0139388555168464,0.8761472484895549,Yahoo Finance via yfinance,"Adjusted close; dividends, capital distributions and splits included",2026-08-13
2020-04-27,sp500_spy,S&P 500 (SPY total-return proxy),S&P 500,SPY,263.190185546875,0.0144182820320368,0.8887797866198704,Yahoo Finance via yfinance,"Adjusted close; dividends, capital distributions and splits included",2026-08-13
2020-04-28,sp500_spy,S&P 500 (SPY total-return proxy),S&P 500,SPY,261.9798889160156,-0.0045985629302419,0.884692676839972,Yahoo Finance via yfinance,"Adjusted close; dividends, capital distributions and splits included",2026-08-13
2020-04-29,sp500_spy,S&P 500 (SPY total-return proxy),S&P 500,SPY,268.8382263183594,0.0261788698007363,0.9078529312406306,Yahoo Finance via yfinance,"Adjusted close; dividends, capital distributions and splits included",2026-08-13
2020-04-30,sp500_spy,S&P 500 (SPY total-return proxy),S&P 500,SPY,266.33514404296875,-0.0093107379470153,0.8994001505034194,Yahoo Finance via yfinance,"Adjusted close; dividends, capital distributions and splits included",2026-08-13
2020-05-01,sp500_spy,S&P 500 (SPY total-return proxy),S&P 500,SPY,259.2842712402344,-0.0264736853563599,0.875589713909529,Yahoo Finance via yfinance,"Adjusted close; dividends, capital distributions and splits included",2026-08-13
2020-05-04,sp500_spy,S&P 500 (SPY total-return proxy),S&P 500,SPY,259.99951171875,0.0027585185753629,0.8780050443997451,Yahoo Finance via yfinance,"Adjusted close; dividends, capital distributions and splits included",2026-08-13
2020-05-05,sp500_spy,S&P 500 (SPY total-return proxy),S&P 500,SPY,262.4017333984375,0.0092393315041532,0.8861172240672731,Yahoo Finance via yfinance,"Adjusted close; dividends, capital distributions and splits included",2026-08-13
2020-05-06,sp500_spy,S&P 500 (SPY total-return proxy),S&P 500,SPY,260.6230163574219,-0.0067786024809324,0.8801105876538138,Yahoo Finance via yfinance,"Adjusted close; dividends, capital distributions and splits included",2026-08-13
2020-05-07,sp500_spy,S&P 500 (SPY total-return proxy),S&P 500,SPY,263.7677917480469,0.0120663763108022,0.890730333199566,Yahoo Finance via yfinance,"Adjusted close; dividends, capital distributions and splits included",2026-08-13
2020-05-08,sp500_spy,S&P 500 (SPY total-return proxy),S&P 500,SPY,268.1322326660156,0.016546527114037,0.905468826809148,Yahoo Finance via yfinance,"Adjusted close; dividends, capital distributions and splits included",2026-08-13
2020-05-11,sp500_spy,S&P 500 (SPY total-return proxy),S&P 500,SPY,268.1871337890625,0.0002047539100427,0.9056542250918588,Yahoo Finance via yfinance,"Adjusted close; dividends, capital distributions and splits included",2026-08-13
2020-05-12,sp500_spy,S&P 500 (SPY total-return proxy),S&P 500,SPY,262.841796875,-0.0199313697064482,0.887603295905346,Yahoo Finance via yfinance,"Adjusted close; dividends, capital distributions and splits included",2026-08-13
2020-05-13,sp500_spy,S&P 500 (SPY total-return proxy),S&P 500,SPY,258.1932678222656,-0.0176856539104588,0.8719054512041815,Yahoo Finance via yfinance,"Adjusted close; dividends, capital distributions and splits included",2026-08-13
2020-05-14,sp500_spy,S&P 500 (SPY total-return proxy),S&P 500,SPY,261.2831115722656,0.011967173954849,0.882339695410923,Yahoo Finance via yfinance,"Adjusted close; dividends, capital distributions and splits included",2026-08-13
2020-05-15,sp500_spy,S&P 500 (SPY total-return proxy),S&P 500,SPY,262.4842529296875,0.0045970876196093,0.8863958883009865,Yahoo Finance via yfinance,"Adjusted close; dividends, capital distributions and splits included",2026-08-13
2020-05-18,sp500_spy,S&P 500 (SPY total-return proxy),S&P 500,SPY,270.4794311523437,0.030459649039586,0.9133951959687668,Yahoo Finance via yfinance,"Adjusted close; dividends, capital distributions and splits included",2026-08-13
2020-05-19,sp500_spy,S&P 500 (SPY total-return proxy),S&P 500,SPY,267.7012634277344,-0.0102712716925399,0.9040134657483108,Yahoo Finance via yfinance,"Adjusted close; dividends, capital distributions and splits included",2026-08-13
2020-05-20,sp500_spy,S&P 500 (SPY total-return proxy),S&P 500,SPY,272.2490234375,0.0169881903115982,0.9193710185486906,Yahoo Finance via yfinance,"Adjusted close; dividends, capital distributions and splits included",2026-08-13
2020-05-21,sp500_spy,S&P 500 (SPY total-return proxy),S&P 500,SPY,270.36944580078125,-0.0069038911985307,0.913023781065548,Yahoo Finance via yfinance,"Adjusted close; dividends, capital distributions and splits included",2026-08-13
2020-05-22,sp500_spy,S&P 500 (SPY total-return proxy),S&P 500,SPY,270.8827819824219,0.001898647164513,0.9147572910786012,Yahoo Finance via yfinance,"Adjusted close; dividends, capital distributions and splits included",2026-08-13
2020-05-26,sp500_spy,S&P 500 (SPY total-return proxy),S&P 500,SPY,274.22039794921875,0.012321255497935,0.9260282493805796,Yahoo Finance via yfinance,"Adjusted close; dividends, capital distributions and splits included",2026-08-13
2020-05-27,sp500_spy,S&P 500 (SPY total-return proxy),S&P 500,SPY,278.3004455566406,0.0148787166743789,0.9398063613355844,Yahoo Finance via yfinance,"Adjusted close; dividends, capital distributions and splits included",2026-08-13
2020-05-28,sp500_spy,S&P 500 (SPY total-return proxy),S&P 500,SPY,277.7868957519531,-0.0018453071595352,0.938072129928435,Yahoo Finance via yfinance,"Adjusted close; dividends, capital distributions and splits included",2026-08-13
2020-05-29,sp500_spy,S&P 500 (SPY total-return proxy),S&P 500,SPY,279.0246887207031,0.0044559084236115,0.9422520934341384,Yahoo Finance via yfinance,"Adjusted close; dividends, capital distributions and splits included",2026-08-13
2020-06-01,sp500_spy,S&P 500 (SPY total-return proxy),S&P 500,SPY,280.1524963378906,0.004041963535049,0.9460606420366228,Yahoo Finance via yfinance,"Adjusted close; dividends, capital distributions and splits included",2026-08-13
2020-06-02,sp500_spy,S&P 500 (SPY total-return proxy),S&P 500,SPY,282.4721374511719,0.0082799230547763,0.9538939513578384,Yahoo Finance via yfinance,"Adjusted close; dividends, capital distributions and splits included",2026-08-13
2020-06-03,sp500_spy,S&P 500 (SPY total-return proxy),S&P 500,SPY,286.2313842773437,0.0133083809967688,0.9665887354930216,Yahoo Finance via yfinance,"Adjusted close; dividends, capital distributions and splits included",2026-08-13
2020-06-04,sp500_spy,S&P 500 (SPY total-return proxy),S&P 500,SPY,285.4795227050781,-0.0026267614718905,0.9640497374434652,Yahoo Finance via yfinance,"Adjusted close; dividends, capital distributions and splits included",2026-08-13
2020-06-05,sp500_spy,S&P 500 (SPY total-return proxy),S&P 500,SPY,292.7962341308594,0.025629549035431,0.9887578974618668,Yahoo Finance via yfinance,"Adjusted close; dividends, capital distributions and splits included",2026-08-13
2020-06-08,sp500_spy,S&P 500 (SPY total-return proxy),S&P 500,SPY,296.3353576660156,0.0120873260056155,1.0007093365091155,Yahoo Finance via yfinance,"Adjusted close; dividends, capital distributions and splits included",2026-08-13
2020-06-09,sp500_spy,S&P 500 (SPY total-return proxy),S&P 500,SPY,294.12579345703125,-0.0074562962259625,0.9932477512600172,Yahoo Finance via yfinance,"Adjusted close; dividends, capital distributions and splits included",2026-08-13
2020-06-10,sp500_spy,S&P 500 (SPY total-return proxy),S&P 500,SPY,292.4844055175781,-0.0055805644250405,0.987704868194084,Yahoo Finance via yfinance,"Adjusted close; dividends, capital distributions and splits included",2026-08-13
2020-06-11,sp500_spy,S&P 500 (SPY total-return proxy),S&P 500,SPY,275.62310791015625,-0.0576485354068168,0.930765129128512,Yahoo Finance via yfinance,"Adjusted close; dividends, capital distributions and splits included",2026-08-13
2020-06-12,sp500_spy,S&P 500 (SPY total-return proxy),S&P 500,SPY,278.9237670898437,0.0119752629041662,0.9419112862518564,Yahoo Finance via yfinance,"Adjusted close; dividends, capital distributions and splits included",2026-08-13
2020-06-15,sp500_spy,S&P 500 (SPY total-return proxy),S&P 500,SPY,281.5277709960937,0.0093358982399345,0.9507048741713494,Yahoo Finance via yfinance,"Adjusted close; dividends, capital distributions and splits included",2026-08-13
2020-06-16,sp500_spy,S&P 500 (SPY total-return proxy),S&P 500,SPY,286.94659423828125,0.0192479172588011,0.9690039629269384,Yahoo Finance via yfinance,"Adjusted close; dividends, capital distributions and splits included",2026-08-13
2020-06-17,sp500_spy,S&P 500 (SPY total-return proxy),S&P 500,SPY,285.75457763671875,-0.00415414096385,0.9649785838704108,Yahoo Finance via yfinance,"Adjusted close; dividends, capital distributions and splits included",2026-08-13
2020-06-18,sp500_spy,S&P 500 (SPY total-return proxy),S&P 500,SPY,285.8646545410156,0.0003852148413763,0.965350307942528,Yahoo Finance via yfinance,"Adjusted close; dividends, capital distributions and splits included",2026-08-13
2020-06-19,sp500_spy,S&P 500 (SPY total-return proxy),S&P 500,SPY,284.23095703125,-0.0057149335666862,0.9598333950640562,Yahoo Finance via yfinance,"Adjusted close; dividends, capital distributions and splits included",2026-08-13
2020-06-22,sp500_spy,S&P 500 (SPY total-return proxy),S&P 500,SPY,286.05426025390625,0.0064148650157618,0.9659905967310124,Yahoo Finance via yfinance,"Adjusted close; dividends, capital distributions and splits included",2026-08-13
2020-06-23,sp500_spy,S&P 500 (SPY total-return proxy),S&P 500,SPY,287.3712158203125,0.0046038662917913,0.9704378882774898,Yahoo Finance via yfinance,"Adjusted close; dividends, capital distributions and splits included",2026-08-13
2020-06-24,sp500_spy,S&P 500 (SPY total-return proxy),S&P 500,SPY,280.0408020019531,-0.0255085179545014,0.945683455980635,Yahoo Finance via yfinance,"Adjusted close; dividends, capital distributions and splits included",2026-08-13
2020-06-25,sp500_spy,S&P 500 (SPY total-return proxy),S&P 500,SPY,283.04296875,0.0107204618990697,0.955821619439056,Yahoo Finance via yfinance,"Adjusted close; dividends, capital distributions and splits included",2026-08-13
2020-06-26,sp500_spy,S&P 500 (SPY total-return proxy),S&P 500,SPY,276.3201904296875,-0.0237517941180529,0.9331191411205556,Yahoo Finance via yfinance,"Adjusted close; dividends, capital distributions and splits included",2026-08-13
2020-06-29,sp500_spy,S&P 500 (SPY total-return proxy),S&P 500,SPY,280.3815002441406,0.0146978395177626,0.946833976507698,Yahoo Finance via yfinance,"Adjusted close; dividends, capital distributions and splits included",2026-08-13
2020-06-30,sp500_spy,S&P 500 (SPY total-return proxy),S&P 500,SPY,283.97314453125,0.0128098475968705,0.9589627754463004,Yahoo Finance via yfinance,"Adjusted close; dividends, capital distributions and splits included",2026-08-13
2020-07-01,sp500_spy,S&P 500 (SPY total-return proxy),S&P 500,SPY,285.96221923828125,0.0070044465307259,0.9656797789318706,Yahoo Finance via yfinance,"Adjusted close; dividends, capital distributions and splits included",2026-08-13
2020-07-02,sp500_spy,S&P 500 (SPY total-return proxy),S&P 500,SPY,287.5370178222656,0.0055070162351487,0.9709977931524032,Yahoo Finance via yfinance,"Adjusted close; dividends, capital distributions and splits included",2026-08-13
2020-07-06,sp500_spy,S&P 500 (SPY total-return proxy),S&P 500,SPY,291.975830078125,0.0154373592989098,0.9859874349637454,Yahoo Finance via yfinance,"Adjusted close; dividends, capital distributions and splits included",2026-08-13
2020-07-07,sp500_spy,S&P 500 (SPY total-return proxy),S&P 500,SPY,288.9644470214844,-0.0103138093856428,0.9758181485028904,Yahoo Finance via yfinance,"Adjusted close; dividends, capital distributions and splits included",2026-08-13
2020-07-08,sp500_spy,S&P 500 (SPY total-return proxy),S&P 500,SPY,291.174560546875,0.0076483925554562,0.983281588765379,Yahoo Finance via yfinance,"Adjusted close; dividends, capital distributions and splits included",2026-08-13
2020-07-09,sp500_spy,S&P 500 (SPY total-return proxy),S&P 500,SPY,289.5170288085937,-0.0056925705843536,0.9776841889170366,Yahoo Finance via yfinance,"Adjusted close; dividends, capital distributions and splits included",2026-08-13
2020-07-10,sp500_spy,S&P 500 (SPY total-return proxy),S&P 500,SPY,292.4730834960937,0.0102102964363257,0.9876666343069882,Yahoo Finance via yfinance,"Adjusted close; dividends, capital distributions and splits included",2026-08-13
2020-07-13,sp500_spy,S&P 500 (SPY total-return proxy),S&P 500,SPY,289.9406433105469,-0.0086587119582944,0.9791147134097058,Yahoo Finance via yfinance,"Adjusted close; dividends, capital distributions and splits included",2026-08-13
2020-07-14,sp500_spy,S&P 500 (SPY total-return proxy),S&P 500,SPY,293.6979675292969,0.0129589428230854,0.991803004998024,Yahoo Finance via yfinance,"Adjusted close; dividends, capital distributions and splits included",2026-08-13
2020-07-15,sp500_spy,S&P 500 (SPY total-return proxy),S&P 500,SPY,296.396240234375,0.0091872365606648,1.000914933826519,Yahoo Finance via yfinance,"Adjusted close; dividends, capital distributions and splits included",2026-08-13
2020-07-16,sp500_spy,S&P 500 (SPY total-return proxy),S&P 500,SPY,295.4200744628906,-0.0032934485630198,0.9976184719760032,Yahoo Finance via yfinance,"Adjusted close; dividends, capital distributions and splits included",2026-08-13
2020-07-17,sp500_spy,S&P 500 (SPY total-return proxy),S&P 500,SPY,296.2764892578125,0.002898972916715,1.0005105409074762,Yahoo Finance via yfinance,"Adjusted close; dividends, capital distributions and splits included",2026-08-13
2020-07-20,sp500_spy,S&P 500 (SPY total-return proxy),S&P 500,SPY,298.6708679199219,0.0080815682273927,1.0085962351060456,Yahoo Finance via yfinance,"Adjusted close; dividends, capital distributions and splits included",2026-08-13
2020-07-21,sp500_spy,S&P 500 (SPY total-return proxy),S&P 500,SPY,299.3063049316406,0.0021275493527179,1.010742073373199,Yahoo Finance via yfinance,"Adjusted close; dividends, capital distributions and splits included",2026-08-13
2020-07-22,sp500_spy,S&P 500 (SPY total-return proxy),S&P 500,SPY,301.01007080078125,0.0056923821552297,1.0164956035152088,Yahoo Finance via yfinance,"Adjusted close; dividends, capital distributions and splits included",2026-08-13
2020-07-23,sp500_spy,S&P 500 (SPY total-return proxy),S&P 500,SPY,297.4183654785156,-0.0119321765969842,1.004366598464007,Yahoo Finance via yfinance,"Adjusted close; dividends, capital distributions and splits included",2026-08-13
2020-07-24,sp500_spy,S&P 500 (SPY total-return proxy),S&P 500,SPY,295.5028991699219,-0.0064403094459616,0.9978981667727111,Yahoo Finance via yfinance,"Adjusted close; dividends, capital distributions and splits included",2026-08-13
2020-07-27,sp500_spy,S&P 500 (SPY total-return proxy),S&P 500,SPY,297.6578063964844,0.0072923386965599,1.0051751781894942,Yahoo Finance via yfinance,"Adjusted close; dividends, capital distributions and splits included",2026-08-13
2020-07-28,sp500_spy,S&P 500 (SPY total-return proxy),S&P 500,SPY,295.7699890136719,-0.0063422404594956,0.9988001155055,Yahoo Finance via yfinance,"Adjusted close; dividends, capital distributions and splits included",2026-08-13
2020-07-29,sp500_spy,S&P 500 (SPY total-return proxy),S&P 500,SPY,299.4076538085937,0.0122989651757863,1.0110843233436737,Yahoo Finance via yfinance,"Adjusted close; dividends, capital distributions and splits included",2026-08-13
2020-07-30,sp500_spy,S&P 500 (SPY total-return proxy),S&P 500,SPY,298.3393249511719,-0.0035681414413836,1.0074766314688175,Yahoo Finance via yfinance,"Adjusted close; dividends, capital distributions and splits included",2026-08-13
2020-07-31,sp500_spy,S&P 500 (SPY total-return proxy),S&P 500,SPY,300.6968688964844,0.007902223234226,1.0154379367139503,Yahoo Finance via yfinance,"Adjusted close; dividends, capital distributions and splits included",2026-08-13
2020-08-03,sp500_spy,S&P 500 (SPY total-return proxy),S&P 500,SPY,302.7873840332031,0.006952234469187,1.0224974993388931,Yahoo Finance via yfinance,"Adjusted close; dividends, capital distributions and splits included",2026-08-13
2020-08-04,sp500_spy,S&P 500 (SPY total-return proxy),S&P 500,SPY,303.9568786621094,0.0038624285243602,1.0264468228464267,Yahoo Finance via yfinance,"Adjusted close; dividends, capital distributions and splits included",2026-08-13
2020-08-05,sp500_spy,S&P 500 (SPY total-return proxy),S&P 500,SPY,305.84478759765625,0.0062111077856064,1.0328221946993192,Yahoo Finance via yfinance,"Adjusted close; dividends, capital distributions and splits included",2026-08-13
2020-08-06,sp500_spy,S&P 500 (SPY total-return proxy),S&P 500,SPY,307.8891906738281,0.0066844463566968,1.0397260392557928,Yahoo Finance via yfinance,"Adjusted close; dividends, capital distributions and splits included",2026-08-13
2020-08-07,sp500_spy,S&P 500 (SPY total-return proxy),S&P 500,SPY,308.1102600097656,0.0007180159051822,1.0404725790890106,Yahoo Finance via yfinance,"Adjusted close; dividends, capital distributions and splits included",2026-08-13
2020-08-10,sp500_spy,S&P 500 (SPY total-return proxy),S&P 500,SPY,309.03125,0.0029891571614824,1.0435827151501205,Yahoo Finance via yfinance,"Adjusted close; dividends, capital distributions and splits included",2026-08-13
2020-08-11,sp500_spy,S&P 500 (SPY total-return proxy),S&P 500,SPY,306.480224609375,-0.0082549107594296,1.034968032966473,Yahoo Finance via yfinance,"Adjusted close; dividends, capital distributions and splits included",2026-08-13
2020-08-12,sp500_spy,S&P 500 (SPY total-return proxy),S&P 500,SPY,310.7533264160156,0.0139425041602174,1.0493980790718,Yahoo Finance via yfinance,"Adjusted close; dividends, capital distributions and splits included",2026-08-13
2020-08-13,sp500_spy,S&P 500 (SPY total-return proxy),S&P 500,SPY,310.1914978027344,-0.0018079568761529,1.0475008125989205,Yahoo Finance via yfinance,"Adjusted close; dividends, capital distributions and splits included",2026-08-13
2020-08-14,sp500_spy,S&P 500 (SPY total-return proxy),S&P 500,SPY,310.2007141113281,2.97116737855152e-05,1.0475319356013544,Yahoo Finance via yfinance,"Adjusted close; dividends, capital distributions and splits included",2026-08-13
2020-08-17,sp500_spy,S&P 500 (SPY total-return proxy),S&P 500,SPY,311.1860656738281,0.0031764967573426,1.050859417398005,Yahoo Finance via yfinance,"Adjusted close; dividends, capital distributions and splits included",2026-08-13
2020-08-18,sp500_spy,S&P 500 (SPY total-return proxy),S&P 500,SPY,311.8583374023437,0.0021603529292351,1.0531296446185952,Yahoo Finance via yfinance,"Adjusted close; dividends, capital distributions and splits included",2026-08-13
2020-08-19,sp500_spy,S&P 500 (SPY total-return proxy),S&P 500,SPY,310.5599365234375,-0.0041634316713203,1.0487450113021837,Yahoo Finance via yfinance,"Adjusted close; dividends, capital distributions and splits included",2026-08-13
2020-08-20,sp500_spy,S&P 500 (SPY total-return proxy),S&P 500,SPY,311.52691650390625,0.0031136662097939,1.0520104532065653,Yahoo Finance via yfinance,"Adjusted close; dividends, capital distributions and splits included",2026-08-13
2020-08-21,sp500_spy,S&P 500 (SPY total-return proxy),S&P 500,SPY,312.6319274902344,0.0035470802931862,1.0557420187533602,Yahoo Finance via yfinance,"Adjusted close; dividends, capital distributions and splits included",2026-08-13
2020-08-24,sp500_spy,S&P 500 (SPY total-return proxy),S&P 500,SPY,315.7999267578125,0.0101333196932584,1.066440190142994,Yahoo Finance via yfinance,"Adjusted close; dividends, capital distributions and splits included",2026-08-13
2020-08-25,sp500_spy,S&P 500 (SPY total-return proxy),S&P 500,SPY,316.9049377441406,0.0034990856320735,1.0701717556897892,Yahoo Finance via yfinance,"Adjusted close; dividends, capital distributions and splits included",2026-08-13
2020-08-26,sp500_spy,S&P 500 (SPY total-return proxy),S&P 500,SPY,320.0821228027344,0.010025672307949,1.0809009470255575,Yahoo Finance via yfinance,"Adjusted close; dividends, capital distributions and splits included",2026-08-13
2020-08-27,sp500_spy,S&P 500 (SPY total-return proxy),S&P 500,SPY,320.78204345703125,0.0021866908659819,1.0832645432534496,Yahoo Finance via yfinance,"Adjusted close; dividends, capital distributions and splits included",2026-08-13
2020-08-28,sp500_spy,S&P 500 (SPY total-return proxy),S&P 500,SPY,322.85406494140625,0.0064592813925774,1.0902616537609255,Yahoo Finance via yfinance,"Adjusted close; dividends, capital distributions and splits included",2026-08-13
2020-08-31,sp500_spy,S&P 500 (SPY total-return proxy),S&P 500,SPY,321.6845703125,-0.0036223630299295,1.086312330253392,Yahoo Finance via yfinance,"Adjusted close; dividends, capital distributions and splits included",2026-08-13
2020-09-01,sp500_spy,S&P 500 (SPY total-return proxy),S&P 500,SPY,324.7142639160156,0.0094182123829329,1.096543450493917,Yahoo Finance via yfinance,"Adjusted close; dividends, capital distributions and splits included",2026-08-13
2020-09-02,sp500_spy,S&P 500 (SPY total-return proxy),S&P 500,SPY,329.4110107421875,0.0144642454862613,1.1124041241482134,Yahoo Finance via yfinance,"Adjusted close; dividends, capital distributions and splits included",2026-08-13
2020-09-03,sp500_spy,S&P 500 (SPY total-return proxy),S&P 500,SPY,318.0745849609375,-0.0344142284609982,1.07412159447882,Yahoo Finance via yfinance,"Adjusted close; dividends, capital distributions and splits included",2026-08-13
2020-09-04,sp500_spy,S&P 500 (SPY total-return proxy),S&P 500,SPY,315.47760009765625,-0.0081647040853647,1.0653517095082004,Yahoo Finance via yfinance,"Adjusted close; dividends, capital distributions and splits included",2026-08-13
2020-09-08,sp500_spy,S&P 500 (SPY total-return proxy),S&P 500,SPY,306.8578186035156,-0.0273229588771829,1.0362431485595711,Yahoo Finance via yfinance,"Adjusted close; dividends, capital distributions and splits included",2026-08-13
2020-09-09,sp500_spy,S&P 500 (SPY total-return proxy),S&P 500,SPY,312.9174499511719,0.0197473584842424,1.0567062134910172,Yahoo Finance via yfinance,"Adjusted close; dividends, capital distributions and splits included",2026-08-13
2020-09-10,sp500_spy,S&P 500 (SPY total-return proxy),S&P 500,SPY,307.4840087890625,-0.0173638164409086,1.0383577607679917,Yahoo Finance via yfinance,"Adjusted close; dividends, capital distributions and splits included",2026-08-13
2020-09-11,sp500_spy,S&P 500 (SPY total-return proxy),S&P 500,SPY,307.6405639648437,0.0005091490006188,1.0388864395841713,Yahoo Finance via yfinance,"Adjusted close; dividends, capital distributions and splits included",2026-08-13
2020-09-14,sp500_spy,S&P 500 (SPY total-return proxy),S&P 500,SPY,311.692626953125,0.0131714197115575,1.05257004891258,Yahoo Finance via yfinance,"Adjusted close; dividends, capital distributions and splits included",2026-08-13
2020-09-15,sp500_spy,S&P 500 (SPY total-return proxy),S&P 500,SPY,313.26739501953125,0.0050523109314455,1.0578879600768132,Yahoo Finance via yfinance,"Adjusted close; dividends, capital distributions and splits included",2026-08-13
2020-09-16,sp500_spy,S&P 500 (SPY total-return proxy),S&P 500,SPY,312.0241394042969,-0.0039686722429471,1.0536895494935083,Yahoo Finance via yfinance,"Adjusted close; dividends, capital distributions and splits included",2026-08-13
2020-09-17,sp500_spy,S&P 500 (SPY total-return proxy),S&P 500,SPY,309.27978515625,-0.0087953267118572,1.0444220056528433,Yahoo Finance via yfinance,"Adjusted close; dividends, capital distributions and splits included",2026-08-13
2020-09-18,sp500_spy,S&P 500 (SPY total-return proxy),S&P 500,SPY,305.7192077636719,-0.011512480166718,1.0323981180270811,Yahoo Finance via yfinance,"Adjusted close; dividends, capital distributions and splits included",2026-08-13
2020-09-21,sp500_spy,S&P 500 (SPY total-return proxy),S&P 500,SPY,302.316650390625,-0.011129681376373,1.0209078559198723,Yahoo Finance via yfinance,"Adjusted close; dividends, capital distributions and splits included",2026-08-13
2020-09-22,sp500_spy,S&P 500 (SPY total-return proxy),S&P 500,SPY,305.39556884765625,0.0101844157543191,1.0313052059714112,Yahoo Finance via yfinance,"Adjusted close; dividends, capital distributions and splits included",2026-08-13
2020-09-23,sp500_spy,S&P 500 (SPY total-return proxy),S&P 500,SPY,298.3131408691406,-0.0231909978433532,1.0073882091638893,Yahoo Finance via yfinance,"Adjusted close; dividends, capital distributions and splits included",2026-08-13
2020-09-24,sp500_spy,S&P 500 (SPY total-return proxy),S&P 500,SPY,299.10821533203125,0.0026652344599173,1.0100731349334673,Yahoo Finance via yfinance,"Adjusted close; dividends, capital distributions and splits included",2026-08-13
2020-09-25,sp500_spy,S&P 500 (SPY total-return proxy),S&P 500,SPY,303.9439697265625,0.016167240305196,1.0264032300317594,Yahoo Finance via yfinance,"Adjusted close; dividends, capital distributions and splits included",2026-08-13
2020-09-28,sp500_spy,S&P 500 (SPY total-return proxy),S&P 500,SPY,308.99224853515625,0.0166092415425624,1.0434510091994231,Yahoo Finance via yfinance,"Adjusted close; dividends, capital distributions and splits included",2026-08-13
2020-09-29,sp500_spy,S&P 500 (SPY total-return proxy),S&P 500,SPY,307.3094482421875,-0.0054460922594221,1.037768278735136,Yahoo Finance via yfinance,"Adjusted close; dividends, capital distributions and splits included",2026-08-13
2020-09-30,sp500_spy,S&P 500 (SPY total-return proxy),S&P 500,SPY,309.6394348144531,0.0075818904546969,1.045636524141865,Yahoo Finance via yfinance,"Adjusted close; dividends, capital distributions and splits included",2026-08-13
2020-10-01,sp500_spy,S&P 500 (SPY total-return proxy),S&P 500,SPY,311.62744140625,0.0064203921344454,1.0523499206569544,Yahoo Finance via yfinance,"Adjusted close; dividends, capital distributions and splits included",2026-08-13
2020-10-02,sp500_spy,S&P 500 (SPY total-return proxy),S&P 500,SPY,308.6686096191406,-0.0094947729049705,1.042358097143753,Yahoo Finance via yfinance,"Adjusted close; dividends, capital distributions and splits included",2026-08-13
2020-10-05,sp500_spy,S&P 500 (SPY total-return proxy),S&P 500,SPY,314.1423034667969,0.0177332377737085,1.0608424811257535,Yahoo Finance via yfinance,"Adjusted close; dividends, capital distributions and splits included",2026-08-13
2020-10-06,sp500_spy,S&P 500 (SPY total-return proxy),S&P 500,SPY,309.67645263671875,-0.014216012236474,1.0457615314330984,Yahoo Finance via yfinance,"Adjusted close; dividends, capital distributions and splits included",2026-08-13
2020-10-07,sp500_spy,S&P 500 (SPY total-return proxy),S&P 500,SPY,315.06689453125,0.0174066896227811,1.0639647778301986,Yahoo Finance via yfinance,"Adjusted close; dividends, capital distributions and splits included",2026-08-13
2020-10-08,sp500_spy,S&P 500 (SPY total-return proxy),S&P 500,SPY,317.8591003417969,0.0088622634082233,1.0733939139484017,Yahoo Finance via yfinance,"Adjusted close; dividends, capital distributions and splits included",2026-08-13
2020-10-09,sp500_spy,S&P 500 (SPY total-return proxy),S&P 500,SPY,320.6976928710937,0.0089303484664888,1.0829796956417692,Yahoo Finance via yfinance,"Adjusted close; dividends, capital distributions and splits included",2026-08-13
2020-10-12,sp500_spy,S&P 500 (SPY total-return proxy),S&P 500,SPY,325.8569641113281,0.016087646886528,1.1004022905705335,Yahoo Finance via yfinance,"Adjusted close; dividends, capital distributions and splits included",2026-08-13
2020-10-13,sp500_spy,S&P 500 (SPY total-return proxy),S&P 500,SPY,323.7303771972656,-0.0065261361525972,1.0932209153996406,Yahoo Finance via yfinance,"Adjusted close; dividends, capital distributions and splits included",2026-08-13
2020-10-14,sp500_spy,S&P 500 (SPY total-return proxy),S&P 500,SPY,321.6962890625,-0.0062832785491926,1.0863519038723812,Yahoo Finance via yfinance,"Adjusted close; dividends, capital distributions and splits included",2026-08-13
2020-10-15,sp500_spy,S&P 500 (SPY total-return proxy),S&P 500,SPY,321.2987060546875,-0.0012358955366602,1.0850092864031429,Yahoo Finance via yfinance,"Adjusted close; dividends, capital distributions and splits included",2026-08-13
2020-10-16,sp500_spy,S&P 500 (SPY total-return proxy),S&P 500,SPY,321.10455322265625,-0.0006042751756311,1.0843536422260402,Yahoo Finance via yfinance,"Adjusted close; dividends, capital distributions and splits included",2026-08-13
2020-10-19,sp500_spy,S&P 500 (SPY total-return proxy),S&P 500,SPY,316.2226257324219,-0.0152035448928973,1.06786762294668,Yahoo Finance via yfinance,"Adjusted close; dividends, capital distributions and splits included",2026-08-13
2020-10-20,sp500_spy,S&P 500 (SPY total-return proxy),S&P 500,SPY,317.48931884765625,0.0040057004532818,1.0721451807679625,Yahoo Finance via yfinance,"Adjusted close; dividends, capital distributions and splits included",2026-08-13
2020-10-21,sp500_spy,S&P 500 (SPY total-return proxy),S&P 500,SPY,316.88824462890625,-0.001893210835979,1.07011538389399,Yahoo Finance via yfinance,"Adjusted close; dividends, capital distributions and splits included",2026-08-13
2020-10-22,sp500_spy,S&P 500 (SPY total-return proxy),S&P 500,SPY,318.62664794921875,0.0054858561331243,1.0759858829358755,Yahoo Finance via yfinance,"Adjusted close; dividends, capital distributions and splits included",2026-08-13
2020-10-23,sp500_spy,S&P 500 (SPY total-return proxy),S&P 500,SPY,319.7083740234375,0.0033949642353552,1.07963881652619,Yahoo Finance via yfinance,"Adjusted close; dividends, capital distributions and splits included",2026-08-13
2020-10-26,sp500_spy,S&P 500 (SPY total-return proxy),S&P 500,SPY,313.8002319335937,-0.0184797852351863,1.059687323065215,Yahoo Finance via yfinance,"Adjusted close; dividends, capital distributions and splits included",2026-08-13
2020-10-27,sp500_spy,S&P 500 (SPY total-return proxy),S&P 500,SPY,312.7183532714844,-0.0034476668657731,1.0560338741934032,Yahoo Finance via yfinance,"Adjusted close; dividends, capital distributions and splits included",2026-08-13
2020-10-28,sp500_spy,S&P 500 (SPY total-return proxy),S&P 500,SPY,302.03009033203125,-0.0341785598051361,1.0199401572680344,Yahoo Finance via yfinance,"Adjusted close; dividends, capital distributions and splits included",2026-08-13
2020-10-29,sp500_spy,S&P 500 (SPY total-return proxy),S&P 500,SPY,305.0996398925781,0.0101630587772643,1.0303058690356417,Yahoo Finance via yfinance,"Adjusted close; dividends, capital distributions and splits included",2026-08-13
2020-10-30,sp500_spy,S&P 500 (SPY total-return proxy),S&P 500,SPY,301.9190368652344,-0.0104248009878464,1.019565135394335,Yahoo Finance via yfinance,"Adjusted close; dividends, capital distributions and splits included",2026-08-13
2020-11-02,sp500_spy,S&P 500 (SPY total-return proxy),S&P 500,SPY,305.3031616210937,0.0112087160551255,1.0309931514966757,Yahoo Finance via yfinance,"Adjusted close; dividends, capital distributions and splits included",2026-08-13
2020-11-03,sp500_spy,S&P 500 (SPY total-return proxy),S&P 500,SPY,310.6935119628906,0.0176557304980899,1.0491960887248777,Yahoo Finance via yfinance,"Adjusted close; dividends, capital distributions and splits included",2026-08-13
2020-11-04,sp500_spy,S&P 500 (SPY total-return proxy),S&P 500,SPY,317.6372985839844,0.0223493132419292,1.0726449007639969,Yahoo Finance via yfinance,"Adjusted close; dividends, capital distributions and splits included",2026-08-13
2020-11-05,sp500_spy,S&P 500 (SPY total-return proxy),S&P 500,SPY,323.8321228027344,0.0195028236493834,1.093564505102007,Yahoo Finance via yfinance,"Adjusted close; dividends, capital distributions and splits included",2026-08-13
2020-11-06,sp500_spy,S&P 500 (SPY total-return proxy),S&P 500,SPY,323.7581481933594,-0.0002284350568274,1.09331469663214,Yahoo Finance via yfinance,"Adjusted close; dividends, capital distributions and splits included",2026-08-13
2020-11-09,sp500_spy,S&P 500 (SPY total-return proxy),S&P 500,SPY,327.8263854980469,0.0125656676979071,1.1070529257992574,Yahoo Finance via yfinance,"Adjusted close; dividends, capital distributions and splits included",2026-08-13
2020-11-10,sp500_spy,S&P 500 (SPY total-return proxy),S&P 500,SPY,327.3455810546875,-0.0014666435181198,1.1054292738014182,Yahoo Finance via yfinance,"Adjusted close; dividends, capital distributions and splits included",2026-08-13
2020-11-11,sp500_spy,S&P 500 (SPY total-return proxy),S&P 500,SPY,329.7772827148437,0.0074285458576268,1.1136410058542152,Yahoo Finance via yfinance,"Adjusted close; dividends, capital distributions and splits included",2026-08-13
2020-11-12,sp500_spy,S&P 500 (SPY total-return proxy),S&P 500,SPY,326.5782165527344,-0.0097006868871425,1.102837923151741,Yahoo Finance via yfinance,"Adjusted close; dividends, capital distributions and splits included",2026-08-13
2020-11-13,sp500_spy,S&P 500 (SPY total-return proxy),S&P 500,SPY,331.09942626953125,0.0138441864387695,1.118105816971599,Yahoo Finance via yfinance,"Adjusted close; dividends, capital distributions and splits included",2026-08-13
2020-11-16,sp500_spy,S&P 500 (SPY total-return proxy),S&P 500,SPY,335.2323913574219,0.0124825498324065,1.1320626285498503,Yahoo Finance via yfinance,"Adjusted close; dividends, capital distributions and splits included",2026-08-13
2020-11-17,sp500_spy,S&P 500 (SPY total-return proxy),S&P 500,SPY,333.4294128417969,-0.0053782944670841,1.125974062378328,Yahoo Finance via yfinance,"Adjusted close; dividends, capital distributions and splits included",2026-08-13
2020-11-18,sp500_spy,S&P 500 (SPY total-return proxy),S&P 500,SPY,329.4166564941406,-0.0120348001499202,1.1124231895636112,Yahoo Finance via yfinance,"Adjusted close; dividends, capital distributions and splits included",2026-08-13
2020-11-19,sp500_spy,S&P 500 (SPY total-return proxy),S&P 500,SPY,330.8035583496094,0.0042101752541265,1.1171066861484285,Yahoo Finance via yfinance,"Adjusted close; dividends, capital distributions and splits included",2026-08-13
2020-11-20,sp500_spy,S&P 500 (SPY total-return proxy),S&P 500,SPY,328.538330078125,-0.0068476538849391,1.1094571262091326,Yahoo Finance via yfinance,"Adjusted close; dividends, capital distributions and splits included",2026-08-13
2020-11-23,sp500_spy,S&P 500 (SPY total-return proxy),S&P 500,SPY,330.50762939453125,0.0059941234739275,1.116107349212659,Yahoo Finance via yfinance,"Adjusted close; dividends, capital distributions and splits included",2026-08-13
2020-11-24,sp500_spy,S&P 500 (SPY total-return proxy),S&P 500,SPY,335.8333435058594,0.0161137403123929,1.1340920131986252,Yahoo Finance via yfinance,"Adjusted close; dividends, capital distributions and splits included",2026-08-13
2020-11-25,sp500_spy,S&P 500 (SPY total-return proxy),S&P 500,SPY,335.31561279296875,-0.0015416298676179,1.1323436630784511,Yahoo Finance via yfinance,"Adjusted close; dividends, capital distributions and splits included",2026-08-13
2020-11-27,sp500_spy,S&P 500 (SPY total-return proxy),S&P 500,SPY,336.2494812011719,0.002785043023868,1.135497288897929,Yahoo Finance via yfinance,"Adjusted close; dividends, capital distributions and splits included",2026-08-13
2020-11-30,sp500_spy,S&P 500 (SPY total-return proxy),S&P 500,SPY,334.76092529296875,-0.0044269388993125,1.1304705117796428,Yahoo Finance via yfinance,"Adjusted close; dividends, capital distributions and splits included",2026-08-13
2020-12-01,sp500_spy,S&P 500 (SPY total-return proxy),S&P 500,SPY,338.4223327636719,0.0109373800645902,1.1428348974187883,Yahoo Finance via yfinance,"Adjusted close; dividends, capital distributions and splits included",2026-08-13
2020-12-02,sp500_spy,S&P 500 (SPY total-return proxy),S&P 500,SPY,339.1342468261719,0.0021036261309537,1.1452389947723645,Yahoo Finance via yfinance,"Adjusted close; dividends, capital distributions and splits included",2026-08-13
2020-12-03,sp500_spy,S&P 500 (SPY total-return proxy),S&P 500,SPY,339.041748046875,-0.0002727497448651,1.1449266311287307,Yahoo Finance via yfinance,"Adjusted close; dividends, capital distributions and splits included",2026-08-13
2020-12-04,sp500_spy,S&P 500 (SPY total-return proxy),S&P 500,SPY,341.9635009765625,0.0086176789334024,1.1547932412381003,Yahoo Finance via yfinance,"Adjusted close; dividends, capital distributions and splits included",2026-08-13
2020-12-07,sp500_spy,S&P 500 (SPY total-return proxy),S&P 500,SPY,341.2608642578125,-0.0020547126133152,1.1524204729995573,Yahoo Finance via yfinance,"Adjusted close; dividends, capital distributions and splits included",2026-08-13
2020-12-08,sp500_spy,S&P 500 (SPY total-return proxy),S&P 500,SPY,342.25933837890625,0.0029258383414847,1.1557922690049711,Yahoo Finance via yfinance,"Adjusted close; dividends, capital distributions and splits included",2026-08-13
2020-12-09,sp500_spy,S&P 500 (SPY total-return proxy),S&P 500,SPY,339.1897277832031,-0.0089686686424457,1.145426351124765,Yahoo Finance via yfinance,"Adjusted close; dividends, capital distributions and splits included",2026-08-13
2020-12-10,sp500_spy,S&P 500 (SPY total-return proxy),S&P 500,SPY,339.0788269042969,-0.0003269582473238,1.145051844532563,Yahoo Finance via yfinance,"Adjusted close; dividends, capital distributions and splits included",2026-08-13
2020-12-11,sp500_spy,S&P 500 (SPY total-return proxy),S&P 500,SPY,338.6810913085937,-0.0011729885918692,1.1437087117818276,Yahoo Finance via yfinance,"Adjusted close; dividends, capital distributions and splits included",2026-08-13
2020-12-14,sp500_spy,S&P 500 (SPY total-return proxy),S&P 500,SPY,337.1648254394531,-0.0044769723142266,1.1385883595436406,Yahoo Finance via yfinance,"Adjusted close; dividends, capital distributions and splits included",2026-08-13
2020-12-15,sp500_spy,S&P 500 (SPY total-return proxy),S&P 500,SPY,341.7231140136719,0.0135194665347357,1.1539814667673305,Yahoo Finance via yfinance,"Adjusted close; dividends, capital distributions and splits included",2026-08-13
2020-12-16,sp500_spy,S&P 500 (SPY total-return proxy),S&P 500,SPY,342.25933837890625,0.0015691779199136,1.1557922690049711,Yahoo Finance via yfinance,"Adjusted close; dividends, capital distributions and splits included",2026-08-13
2020-12-17,sp500_spy,S&P 500 (SPY total-return proxy),S&P 500,SPY,344.1732788085937,0.0055920765778161,1.162255547881295,Yahoo Finance via yfinance,"Adjusted close; dividends, capital distributions and splits included",2026-08-13
2020-12-18,sp500_spy,S&P 500 (SPY total-return proxy),S&P 500,SPY,342.7990417480469,-0.0039928639007188,1.1576148196607496,Yahoo Finance via yfinance,"Adjusted close; dividends, capital distributions and splits included",2026-08-13
2020-12-21,sp500_spy,S&P 500 (SPY total-return proxy),S&P 500,SPY,341.5733642578125,-0.0035754985894482,1.153475769505928,Yahoo Finance via yfinance,"Adjusted close; dividends, capital distributions and splits included",2026-08-13
2020-12-22,sp500_spy,S&P 500 (SPY total-return proxy),S&P 500,SPY,340.9977722167969,-0.0016851198051297,1.1515320246419964,Yahoo Finance via yfinance,"Adjusted close; dividends, capital distributions and splits included",2026-08-13
2020-12-23,sp500_spy,S&P 500 (SPY total-return proxy),S&P 500,SPY,341.3041076660156,0.0008983502948634,1.1525665037758783,Yahoo Finance via yfinance,"Adjusted close; dividends, capital distributions and splits included",2026-08-13
2020-12-24,sp500_spy,S&P 500 (SPY total-return proxy),S&P 500,SPY,342.6319274902344,0.0038904302479654,1.1570504833649595,Yahoo Finance via yfinance,"Adjusted close; dividends, capital distributions and splits included",2026-08-13
2020-12-28,sp500_spy,S&P 500 (SPY total-return proxy),S&P 500,SPY,345.5754089355469,0.0085907973225769,1.166990469559538,Yahoo Finance via yfinance,"Adjusted close; dividends, capital distributions and splits included",2026-08-13
2020-12-29,sp500_spy,S&P 500 (SPY total-return proxy),S&P 500,SPY,344.9161071777344,-0.0019078375971348,1.164764041266214,Yahoo Finance via yfinance,"Adjusted close; dividends, capital distributions and splits included",2026-08-13
2020-12-30,sp500_spy,S&P 500 (SPY total-return proxy),S&P 500,SPY,345.40826416015625,0.0014268889511972,1.1664260302074487,Yahoo Finance via yfinance,"Adjusted close; dividends, capital distributions and splits included",2026-08-13
2020-12-31,sp500_spy,S&P 500 (SPY total-return proxy),S&P 500,SPY,347.1632385253906,0.005080869647116,1.172352488819936,Yahoo Finance via yfinance,"Adjusted close; dividends, capital distributions and splits included",2026-08-13
2021-01-04,sp500_spy,S&P 500 (SPY total-return proxy),S&P 500,SPY,342.4369506835937,-0.0136140216397111,1.156392056667772,Yahoo Finance via yfinance,"Adjusted close; dividends, capital distributions and splits included",2026-08-13
2021-01-05,sp500_spy,S&P 500 (SPY total-return proxy),S&P 500,SPY,344.79541015625,0.0068872809080566,1.1643564536018884,Yahoo Finance via yfinance,"Adjusted close; dividends, capital distributions and splits included",2026-08-13
2021-01-06,sp500_spy,S&P 500 (SPY total-return proxy),S&P 500,SPY,346.8567810058594,0.0059785333240811,1.1713175974608565,Yahoo Finance via yfinance,"Adjusted close; dividends, capital distributions and splits included",2026-08-13
2021-01-07,sp500_spy,S&P 500 (SPY total-return proxy),S&P 500,SPY,352.0101318359375,0.0148572872501837,1.1887201994675274,Yahoo Finance via yfinance,"Adjusted close; dividends, capital distributions and splits included",2026-08-13
2021-01-08,sp500_spy,S&P 500 (SPY total-return proxy),S&P 500,SPY,354.015869140625,0.0056979533351111,1.1954934716925971,Yahoo Finance via yfinance,"Adjusted close; dividends, capital distributions and splits included",2026-08-13
2021-01-11,sp500_spy,S&P 500 (SPY total-return proxy),S&P 500,SPY,351.62945556640625,-0.0067409790979476,1.1874346751881846,Yahoo Finance via yfinance,"Adjusted close; dividends, capital distributions and splits included",2026-08-13
2021-01-12,sp500_spy,S&P 500 (SPY total-return proxy),S&P 500,SPY,351.7037048339844,0.0002111577013892,1.1876854111647472,Yahoo Finance via yfinance,"Adjusted close; dividends, capital distributions and splits included",2026-08-13
2021-01-13,sp500_spy,S&P 500 (SPY total-return proxy),S&P 500,SPY,352.6509094238281,0.0026931891157953,1.190884072587085,Yahoo Finance via yfinance,"Adjusted close; dividends, capital distributions and splits included",2026-08-13
2021-01-14,sp500_spy,S&P 500 (SPY total-return proxy),S&P 500,SPY,351.4159240722656,-0.0035020052935075,1.1867135902609314,Yahoo Finance via yfinance,"Adjusted close; dividends, capital distributions and splits included",2026-08-13
2021-01-15,sp500_spy,S&P 500 (SPY total-return proxy),S&P 500,SPY,348.85321044921875,-0.0072925369839526,1.1780594375145943,Yahoo Finance via yfinance,"Adjusted close; dividends, capital distributions and splits included",2026-08-13
2021-01-19,sp500_spy,S&P 500 (SPY total-return proxy),S&P 500,SPY,351.5923767089844,0.0078519164442787,1.187309461784353,Yahoo Finance via yfinance,"Adjusted close; dividends, capital distributions and splits included",2026-08-13
2021-01-20,sp500_spy,S&P 500 (SPY total-return proxy),S&P 500,SPY,356.4579162597656,0.0138385809053205,1.2037401398309082,Yahoo Finance via yfinance,"Adjusted close; dividends, capital distributions and splits included",2026-08-13
2021-01-21,sp500_spy,S&P 500 (SPY total-return proxy),S&P 500,SPY,356.7828674316406,0.0009116116014047,1.2048374833074549,Yahoo Finance via yfinance,"Adjusted close; dividends, capital distributions and splits included",2026-08-13
2021-01-22,sp500_spy,S&P 500 (SPY total-return proxy),S&P 500,SPY,355.5200500488281,-0.0035394563419008,1.2005730136362025,Yahoo Finance via yfinance,"Adjusted close; dividends, capital distributions and splits included",2026-08-13
2021-01-25,sp500_spy,S&P 500 (SPY total-return proxy),S&P 500,SPY,356.92218017578125,0.0039438848153867,1.2053079353144451,Yahoo Finance via yfinance,"Adjusted close; dividends, capital distributions and splits included",2026-08-13
2021-01-26,sp500_spy,S&P 500 (SPY total-return proxy),S&P 500,SPY,356.3650817871094,-0.0015608399242588,1.2034266425679805,Yahoo Finance via yfinance,"Adjusted close; dividends, capital distributions and splits included",2026-08-13
2021-01-27,sp500_spy,S&P 500 (SPY total-return proxy),S&P 500,SPY,347.6553039550781,-0.0244406039681363,1.1740141685922725,Yahoo Finance via yfinance,"Adjusted close; dividends, capital distributions and splits included",2026-08-13
2021-01-28,sp500_spy,S&P 500 (SPY total-return proxy),S&P 500,SPY,350.6452331542969,0.0086002691896369,1.184111006474614,Yahoo Finance via yfinance,"Adjusted close; dividends, capital distributions and splits included",2026-08-13
2021-01-29,sp500_spy,S&P 500 (SPY total-return proxy),S&P 500,SPY,343.62554931640625,-0.0200193334292433,1.1604058934187618,Yahoo Finance via yfinance,"Adjusted close; dividends, capital distributions and splits included",2026-08-13
2021-02-01,sp500_spy,S&P 500 (SPY total-return proxy),S&P 500,SPY,349.34527587890625,0.0166452307573712,1.1797211172869306,Yahoo Finance via yfinance,"Adjusted close; dividends, capital distributions and splits included",2026-08-13
2021-02-02,sp500_spy,S&P 500 (SPY total-return proxy),S&P 500,SPY,354.2852478027344,0.0141406575812419,1.196403149647845,Yahoo Finance via yfinance,"Adjusted close; dividends, capital distributions and splits included",2026-08-13
2021-02-03,sp500_spy,S&P 500 (SPY total-return proxy),S&P 500,SPY,354.56365966796875,0.0007858409768994,1.1973433322677305,Yahoo Finance via yfinance,"Adjusted close; dividends, capital distributions and splits included",2026-08-13
2021-02-04,sp500_spy,S&P 500 (SPY total-return proxy),S&P 500,SPY,358.593505859375,0.0113656492466824,1.2109519166101392,Yahoo Finance via yfinance,"Adjusted close; dividends, capital distributions and splits included",2026-08-13
2021-02-05,sp500_spy,S&P 500 (SPY total-return proxy),S&P 500,SPY,360.0048828125,0.0039358686927211,1.2157180643471155,Yahoo Finance via yfinance,"Adjusted close; dividends, capital distributions and splits included",2026-08-13
2021-02-08,sp500_spy,S&P 500 (SPY total-return proxy),S&P 500,SPY,362.60491943359375,0.0072222259897734,1.2244982549476804,Yahoo Finance via yfinance,"Adjusted close; dividends, capital distributions and splits included",2026-08-13
2021-02-09,sp500_spy,S&P 500 (SPY total-return proxy),S&P 500,SPY,362.3634338378906,-0.0006659744056433,1.2236827704501303,Yahoo Finance via yfinance,"Adjusted close; dividends, capital distributions and splits included",2026-08-13
2021-02-10,sp500_spy,S&P 500 (SPY total-return proxy),S&P 500,SPY,362.2055969238281,-0.0004355762732205,1.2231497632693735,Yahoo Finance via yfinance,"Adjusted close; dividends, capital distributions and splits included",2026-08-13
2021-02-11,sp500_spy,S&P 500 (SPY total-return proxy),S&P 500,SPY,362.7905883789063,0.0016150812136708,1.2251252494735358,Yahoo Finance via yfinance,"Adjusted close; dividends, capital distributions and splits included",2026-08-13
2021-02-12,sp500_spy,S&P 500 (SPY total-return proxy),S&P 500,SPY,364.5826721191406,0.0049397194900842,1.2311770245461546,Yahoo Finance via yfinance,"Adjusted close; dividends, capital distributions and splits included",2026-08-13
2021-02-16,sp500_spy,S&P 500 (SPY total-return proxy),S&P 500,SPY,364.2668762207031,-0.0008661846066405,1.230110597959443,Yahoo Finance via yfinance,"Adjusted close; dividends, capital distributions and splits included",2026-08-13
2021-02-17,sp500_spy,S&P 500 (SPY total-return proxy),S&P 500,SPY,364.35052490234375,0.0002296357069533,1.2303930752762366,Yahoo Finance via yfinance,"Adjusted close; dividends, capital distributions and splits included",2026-08-13
2021-02-18,sp500_spy,S&P 500 (SPY total-return proxy),S&P 500,SPY,362.79986572265625,-0.0042559542904545,1.2251565785885692,Yahoo Finance via yfinance,"Adjusted close; dividends, capital distributions and splits included",2026-08-13
2021-02-19,sp500_spy,S&P 500 (SPY total-return proxy),S&P 500,SPY,362.1591796875,-0.0017659489313207,1.2229930146379102,Yahoo Finance via yfinance,"Adjusted close; dividends, capital distributions and splits included",2026-08-13
2021-02-22,sp500_spy,S&P 500 (SPY total-return proxy),S&P 500,SPY,359.3735046386719,-0.0076918526578059,1.2135859325677896,Yahoo Finance via yfinance,"Adjusted close; dividends, capital distributions and splits included",2026-08-13
2021-02-23,sp500_spy,S&P 500 (SPY total-return proxy),S&P 500,SPY,359.8099060058594,0.0012143392920027,1.2150596376499283,Yahoo Finance via yfinance,"Adjusted close; dividends, capital distributions and splits included",2026-08-13
2021-02-24,sp500_spy,S&P 500 (SPY total-return proxy),S&P 500,SPY,363.77484130859375,0.0110195279133582,1.228449021243407,Yahoo Finance via yfinance,"Adjusted close; dividends, capital distributions and splits included",2026-08-13
2021-02-25,sp500_spy,S&P 500 (SPY total-return proxy),S&P 500,SPY,355.0094299316406,-0.0240957053143687,1.198848675633801,Yahoo Finance via yfinance,"Adjusted close; dividends, capital distributions and splits included",2026-08-13
2021-02-26,sp500_spy,S&P 500 (SPY total-return proxy),S&P 500,SPY,353.1801452636719,-0.0051527776834575,1.1926712749321526,Yahoo Finance via yfinance,"Adjusted close; dividends, capital distributions and splits included",2026-08-13
2021-03-01,sp500_spy,S&P 500 (SPY total-return proxy),S&P 500,SPY,361.7413330078125,0.0242402860380193,1.2215819677858373,Yahoo Finance via yfinance,"Adjusted close; dividends, capital distributions and splits included",2026-08-13
2021-03-02,sp500_spy,S&P 500 (SPY total-return proxy),S&P 500,SPY,358.9185485839844,-0.0078033228891959,1.212049569255585,Yahoo Finance via yfinance,"Adjusted close; dividends, capital distributions and splits included",2026-08-13
2021-03-03,sp500_spy,S&P 500 (SPY total-return proxy),S&P 500,SPY,354.1643981933594,-0.0132457640023933,1.195995046702023,Yahoo Finance via yfinance,"Adjusted close; dividends, capital distributions and splits included",2026-08-13
2021-03-04,sp500_spy,S&P 500 (SPY total-return proxy),S&P 500,SPY,349.78173828125,-0.0123746484244772,1.1811950284816692,Yahoo Finance via yfinance,"Adjusted close; dividends, capital distributions and splits included",2026-08-13
2021-03-05,sp500_spy,S&P 500 (SPY total-return proxy),S&P 500,SPY,356.21649169921875,0.0183964819020789,1.202924861445958,Yahoo Finance via yfinance,"Adjusted close; dividends, capital distributions and splits included",2026-08-13
2021-03-08,sp500_spy,S&P 500 (SPY total-return proxy),S&P 500,SPY,354.44305419921875,-0.0049785384487405,1.1969360537723035,Yahoo Finance via yfinance,"Adjusted close; dividends, capital distributions and splits included",2026-08-13
2021-03-09,sp500_spy,S&P 500 (SPY total-return proxy),S&P 500,SPY,359.50347900390625,0.0142771165769359,1.2140248493471484,Yahoo Finance via yfinance,"Adjusted close; dividends, capital distributions and splits included",2026-08-13
2021-03-10,sp500_spy,S&P 500 (SPY total-return proxy),S&P 500,SPY,361.7413330078125,0.0062248465859267,1.221581967785837,Yahoo Finance via yfinance,"Adjusted close; dividends, capital distributions and splits included",2026-08-13
2021-03-11,sp500_spy,S&P 500 (SPY total-return proxy),S&P 500,SPY,365.4090576171875,0.0101390808146764,1.233967686078969,Yahoo Finance via yfinance,"Adjusted close; dividends, capital distributions and splits included",2026-08-13
2021-03-12,sp500_spy,S&P 500 (SPY total-return proxy),S&P 500,SPY,365.9010925292969,0.0013465317891074,1.2356292627950058,Yahoo Finance via yfinance,"Adjusted close; dividends, capital distributions and splits included",2026-08-13
2021-03-15,sp500_spy,S&P 500 (SPY total-return proxy),S&P 500,SPY,368.083251953125,0.0059637958682876,1.242998303487198,Yahoo Finance via yfinance,"Adjusted close; dividends, capital distributions and splits included",2026-08-13
2021-03-16,sp500_spy,S&P 500 (SPY total-return proxy),S&P 500,SPY,367.6189575195313,-0.0012613842958898,1.2414304049473617,Yahoo Finance via yfinance,"Adjusted close; dividends, capital distributions and splits included",2026-08-13
2021-03-17,sp500_spy,S&P 500 (SPY total-return proxy),S&P 500,SPY,368.87249755859375,0.0034098895430219,1.2456635455035812,Yahoo Finance via yfinance,"Adjusted close; dividends, capital distributions and splits included",2026-08-13
2021-03-18,sp500_spy,S&P 500 (SPY total-return proxy),S&P 500,SPY,363.5055541992188,-0.0145495893429205,1.2275396524570577,Yahoo Finance via yfinance,"Adjusted close; dividends, capital distributions and splits included",2026-08-13
2021-03-19,sp500_spy,S&P 500 (SPY total-return proxy),S&P 500,SPY,362.8329162597656,-0.0018504199775843,1.225268188560874,Yahoo Finance via yfinance,"Adjusted close; dividends, capital distributions and splits included",2026-08-13
2021-03-22,sp500_spy,S&P 500 (SPY total-return proxy),S&P 500,SPY,365.7301635742188,0.0079850729760662,1.2350520444617852,Yahoo Finance via yfinance,"Adjusted close; dividends, capital distributions and splits included",2026-08-13
2021-03-23,sp500_spy,S&P 500 (SPY total-return proxy),S&P 500,SPY,362.8515319824219,-0.0078709165349242,1.225331052903539,Yahoo Finance via yfinance,"Adjusted close; dividends, capital distributions and splits included",2026-08-13
2021-03-24,sp500_spy,S&P 500 (SPY total-return proxy),S&P 500,SPY,361.0070190429688,-0.0050833819809874,1.2191022271084648,Yahoo Finance via yfinance,"Adjusted close; dividends, capital distributions and splits included",2026-08-13
2021-03-25,sp500_spy,S&P 500 (SPY total-return proxy),S&P 500,SPY,363.0379638671875,0.0056257765558209,1.2259606238368808,Yahoo Finance via yfinance,"Adjusted close; dividends, capital distributions and splits included",2026-08-13
2021-03-26,sp500_spy,S&P 500 (SPY total-return proxy),S&P 500,SPY,368.8882751464844,0.0161148746455539,1.2457168256103972,Yahoo Finance via yfinance,"Adjusted close; dividends, capital distributions and splits included",2026-08-13
2021-03-29,sp500_spy,S&P 500 (SPY total-return proxy),S&P 500,SPY,368.701904296875,-0.0005052230232456,1.2450874607896545,Yahoo Finance via yfinance,"Adjusted close; dividends, capital distributions and splits included",2026-08-13
2021-03-30,sp500_spy,S&P 500 (SPY total-return proxy),S&P 500,SPY,367.7237854003906,-0.0026528718324622,1.2417844033359735,Yahoo Finance via yfinance,"Adjusted close; dividends, capital distributions and splits included",2026-08-13
2021-03-31,sp500_spy,S&P 500 (SPY total-return proxy),S&P 500,SPY,369.21429443359375,0.0040533386535772,1.2468177760574246,Yahoo Finance via yfinance,"Adjusted close; dividends, capital distributions and splits included",2026-08-13
2021-04-01,sp500_spy,S&P 500 (SPY total-return proxy),S&P 500,SPY,373.2014770507813,0.0107991014359403,1.2602822876932025,Yahoo Finance via yfinance,"Adjusted close; dividends, capital distributions and splits included",2026-08-13
2021-04-05,sp500_spy,S&P 500 (SPY total-return proxy),S&P 500,SPY,378.5580749511719,0.0143530994108627,1.2783712446542124,Yahoo Finance via yfinance,"Adjusted close; dividends, capital distributions and splits included",2026-08-13
2021-04-06,sp500_spy,S&P 500 (SPY total-return proxy),S&P 500,SPY,378.33447265625,-0.00059066840656,1.2776161511481403,Yahoo Finance via yfinance,"Adjusted close; dividends, capital distributions and splits included",2026-08-13
2021-04-07,sp500_spy,S&P 500 (SPY total-return proxy),S&P 500,SPY,378.7723693847656,0.0011574328013019,1.2790949059889525,Yahoo Finance via yfinance,"Adjusted close; dividends, capital distributions and splits included",2026-08-13
2021-04-08,sp500_spy,S&P 500 (SPY total-return proxy),S&P 500,SPY,380.57025146484375,0.0047466030402334,1.2851662617584665,Yahoo Finance via yfinance,"Adjusted close; dividends, capital distributions and splits included",2026-08-13
2021-04-09,sp500_spy,S&P 500 (SPY total-return proxy),S&P 500,SPY,383.3371276855469,0.0072703428868998,1.2945098611481258,Yahoo Finance via yfinance,"Adjusted close; dividends, capital distributions and splits included",2026-08-13
2021-04-12,sp500_spy,S&P 500 (SPY total-return proxy),S&P 500,SPY,383.4768371582031,0.0003644558863884,1.294981652887009,Yahoo Finance via yfinance,"Adjusted close; dividends, capital distributions and splits included",2026-08-13
2021-04-13,sp500_spy,S&P 500 (SPY total-return proxy),S&P 500,SPY,384.61334228515625,0.0029636865041844,1.2988195725348368,Yahoo Finance via yfinance,"Adjusted close; dividends, capital distributions and splits included",2026-08-13
2021-04-14,sp500_spy,S&P 500 (SPY total-return proxy),S&P 500,SPY,383.2998352050781,-0.0034151365427782,1.2943839263501975,Yahoo Finance via yfinance,"Adjusted close; dividends, capital distributions and splits included",2026-08-13
2021-04-15,sp500_spy,S&P 500 (SPY total-return proxy),S&P 500,SPY,387.4174499511719,0.0107425424378038,1.3082889006098255,Yahoo Finance via yfinance,"Adjusted close; dividends, capital distributions and splits included",2026-08-13
2021-04-16,sp500_spy,S&P 500 (SPY total-return proxy),S&P 500,SPY,388.71234130859375,0.0033423671483694,1.3126616824518005,Yahoo Finance via yfinance,"Adjusted close; dividends, capital distributions and splits included",2026-08-13
2021-04-19,sp500_spy,S&P 500 (SPY total-return proxy),S&P 500,SPY,386.8025512695313,-0.0049131191272013,1.3062124192322022,Yahoo Finance via yfinance,"Adjusted close; dividends, capital distributions and splits included",2026-08-13
2021-04-20,sp500_spy,S&P 500 (SPY total-return proxy),S&P 500,SPY,383.9706115722656,-0.00732140904441,1.2966491038121148,Yahoo Finance via yfinance,"Adjusted close; dividends, capital distributions and splits included",2026-08-13
2021-04-21,sp500_spy,S&P 500 (SPY total-return proxy),S&P 500,SPY,387.6037292480469,0.0094619680941323,1.3089179562616704,Yahoo Finance via yfinance,"Adjusted close; dividends, capital distributions and splits included",2026-08-13
2021-04-22,sp500_spy,S&P 500 (SPY total-return proxy),S&P 500,SPY,384.063720703125,-0.0091330611080278,1.2969635285817378,Yahoo Finance via yfinance,"Adjusted close; dividends, capital distributions and splits included",2026-08-13
2021-04-23,sp500_spy,S&P 500 (SPY total-return proxy),S&P 500,SPY,388.2278442382813,0.0108422725466825,1.311025560641728,Yahoo Finance via yfinance,"Adjusted close; dividends, capital distributions and splits included",2026-08-13
2021-04-26,sp500_spy,S&P 500 (SPY total-return proxy),S&P 500,SPY,389.038330078125,0.0020876551022093,1.3137625298425286,Yahoo Finance via yfinance,"Adjusted close; dividends, capital distributions and splits included",2026-08-13
2021-04-27,sp500_spy,S&P 500 (SPY total-return proxy),S&P 500,SPY,388.9544982910156,-0.0002154846466992,1.3134794341879388,Yahoo Finance via yfinance,"Adjusted close; dividends, capital distributions and splits included",2026-08-13
2021-04-28,sp500_spy,S&P 500 (SPY total-return proxy),S&P 500,SPY,388.8427429199219,-0.0002873224800967,1.3131020420193518,Yahoo Finance via yfinance,"Adjusted close; dividends, capital distributions and splits included",2026-08-13
2021-04-29,sp500_spy,S&P 500 (SPY total-return proxy),S&P 500,SPY,391.3207092285156,0.0063726695526991,1.3214700074221155,Yahoo Finance via yfinance,"Adjusted close; dividends, capital distributions and splits included",2026-08-13
2021-04-30,sp500_spy,S&P 500 (SPY total-return proxy),S&P 500,SPY,388.7496032714844,-0.0065703293906937,1.3127875141934295,Yahoo Finance via yfinance,"Adjusted close; dividends, capital distributions and splits included",2026-08-13
2021-05-03,sp500_spy,S&P 500 (SPY total-return proxy),S&P 500,SPY,389.5880737304688,0.0021568393946342,1.315618986020826,Yahoo Finance via yfinance,"Adjusted close; dividends, capital distributions and splits included",2026-08-13
2021-05-04,sp500_spy,S&P 500 (SPY total-return proxy),S&P 500,SPY,387.1844787597656,-0.0061695804691547,1.3075021688198227,Yahoo Finance via yfinance,"Adjusted close; dividends, capital distributions and splits included",2026-08-13
2021-05-05,sp500_spy,S&P 500 (SPY total-return proxy),S&P 500,SPY,387.3056640625,0.0003129911176258,1.30791140538494,Yahoo Finance via yfinance,"Adjusted close; dividends, capital distributions and splits included",2026-08-13
2021-05-06,sp500_spy,S&P 500 (SPY total-return proxy),S&P 500,SPY,390.39849853515625,0.0079855131479749,1.3183557491090276,Yahoo Finance via yfinance,"Adjusted close; dividends, capital distributions and splits included",2026-08-13
2021-05-07,sp500_spy,S&P 500 (SPY total-return proxy),S&P 500,SPY,393.2398376464844,0.0072780482557932,1.3279508058693457,Yahoo Finance via yfinance,"Adjusted close; dividends, capital distributions and splits included",2026-08-13
2021-05-10,sp500_spy,S&P 500 (SPY total-return proxy),S&P 500,SPY,389.3457946777344,-0.0099024630669557,1.3148008220594904,Yahoo Finance via yfinance,"Adjusted close; dividends, capital distributions and splits included",2026-08-13
2021-05-11,sp500_spy,S&P 500 (SPY total-return proxy),S&P 500,SPY,385.8710021972656,-0.0089246950345126,1.303066625691483,Yahoo Finance via yfinance,"Adjusted close; dividends, capital distributions and splits included",2026-08-13
2021-05-12,sp500_spy,S&P 500 (SPY total-return proxy),S&P 500,SPY,377.673095703125,-0.0212451996845041,1.2753827150264545,Yahoo Finance via yfinance,"Adjusted close; dividends, capital distributions and splits included",2026-08-13
2021-05-13,sp500_spy,S&P 500 (SPY total-return proxy),S&P 500,SPY,382.2098388671875,0.0120123546412971,1.2907030645027324,Yahoo Finance via yfinance,"Adjusted close; dividends, capital distributions and splits included",2026-08-13
2021-05-14,sp500_spy,S&P 500 (SPY total-return proxy),S&P 500,SPY,388.0787963867188,0.0153553282064269,1.310522233675213,Yahoo Finance via yfinance,"Adjusted close; dividends, capital distributions and splits included",2026-08-13
2021-05-17,sp500_spy,S&P 500 (SPY total-return proxy),S&P 500,SPY,387.0913696289063,-0.0025443975991631,1.3071877440501998,Yahoo Finance via yfinance,"Adjusted close; dividends, capital distributions and splits included",2026-08-13
2021-05-18,sp500_spy,S&P 500 (SPY total-return proxy),S&P 500,SPY,383.7563171386719,-0.0086156725566669,1.2959254424773752,Yahoo Finance via yfinance,"Adjusted close; dividends, capital distributions and splits included",2026-08-13
2021-05-19,sp500_spy,S&P 500 (SPY total-return proxy),S&P 500,SPY,382.7501525878906,-0.002621884007756,1.2925276762844995,Yahoo Finance via yfinance,"Adjusted close; dividends, capital distributions and splits included",2026-08-13
2021-05-20,sp500_spy,S&P 500 (SPY total-return proxy),S&P 500,SPY,386.8677673339844,0.0107579702274533,1.3064326505441275,Yahoo Finance via yfinance,"Adjusted close; dividends, capital distributions and splits included",2026-08-13
2021-05-21,sp500_spy,S&P 500 (SPY total-return proxy),S&P 500,SPY,386.551025390625,-0.0008187343844697,1.3053630292121332,Yahoo Finance via yfinance,"Adjusted close; dividends, capital distributions and splits included",2026-08-13
2021-05-24,sp500_spy,S&P 500 (SPY total-return proxy),S&P 500,SPY,390.4917297363281,0.0101945256560136,1.318670586103848,Yahoo Finance via yfinance,"Adjusted close; dividends, capital distributions and splits included",2026-08-13
2021-05-25,sp500_spy,S&P 500 (SPY total-return proxy),S&P 500,SPY,389.6252746582031,-0.0022188820201392,1.3157446116498557,Yahoo Finance via yfinance,"Adjusted close; dividends, capital distributions and splits included",2026-08-13
2021-05-26,sp500_spy,S&P 500 (SPY total-return proxy),S&P 500,SPY,390.39849853515625,0.0019845321318834,1.3183557491090272,Yahoo Finance via yfinance,"Adjusted close; dividends, capital distributions and splits included",2026-08-13
2021-05-27,sp500_spy,S&P 500 (SPY total-return proxy),S&P 500,SPY,390.6034240722656,0.000524913742953,1.3190477721598357,Yahoo Finance via yfinance,"Adjusted close; dividends, capital distributions and splits included",2026-08-13
2021-05-28,sp500_spy,S&P 500 (SPY total-return proxy),S&P 500,SPY,391.3020935058594,0.0017886925473149,1.3214071430794505,Yahoo Finance via yfinance,"Adjusted close; dividends, capital distributions and splits included",2026-08-13
2021-06-01,sp500_spy,S&P 500 (SPY total-return proxy),S&P 500,SPY,390.95745849609375,-0.0008807389878184,1.3202433282897583,Yahoo Finance via yfinance,"Adjusted close; dividends, capital distributions and splits included",2026-08-13
2021-06-02,sp500_spy,S&P 500 (SPY total-return proxy),S&P 500,SPY,391.572265625,0.0015725678473337,1.3223195004984836,Yahoo Finance via yfinance,"Adjusted close; dividends, capital distributions and splits included",2026-08-13
2021-06-03,sp500_spy,S&P 500 (SPY total-return proxy),S&P 500,SPY,390.1189880371094,-0.0037113905030301,1.317411856462362,Yahoo Finance via yfinance,"Adjusted close; dividends, capital distributions and splits included",2026-08-13
2021-06-04,sp500_spy,S&P 500 (SPY total-return proxy),S&P 500,SPY,393.68701171875,0.0091459882524385,1.32946088982519,Yahoo Finance via yfinance,"Adjusted close; dividends, capital distributions and splits included",2026-08-13
2021-06-07,sp500_spy,S&P 500 (SPY total-return proxy),S&P 500,SPY,393.3049926757813,-0.0009703623223457,1.3281708310686715,Yahoo Finance via yfinance,"Adjusted close; dividends, capital distributions and splits included",2026-08-13
2021-06-08,sp500_spy,S&P 500 (SPY total-return proxy),S&P 500,SPY,393.3888854980469,0.0002133022052297,1.3284541328358603,Yahoo Finance via yfinance,"Adjusted close; dividends, capital distributions and splits included",2026-08-13
2021-06-09,sp500_spy,S&P 500 (SPY total-return proxy),S&P 500,SPY,392.8019714355469,-0.0014919436825393,1.3264721540848323,Yahoo Finance via yfinance,"Adjusted close; dividends, capital distributions and splits included",2026-08-13
2021-06-10,sp500_spy,S&P 500 (SPY total-return proxy),S&P 500,SPY,394.6278381347656,0.0046483134810801,1.3326380124809425,Yahoo Finance via yfinance,"Adjusted close; dividends, capital distributions and splits included",2026-08-13
2021-06-11,sp500_spy,S&P 500 (SPY total-return proxy),S&P 500,SPY,395.2799987792969,0.0016525966531244,1.3348403256001948,Yahoo Finance via yfinance,"Adjusted close; dividends, capital distributions and splits included",2026-08-13
2021-06-14,sp500_spy,S&P 500 (SPY total-return proxy),S&P 500,SPY,396.16497802734375,0.0022388667546546,1.3378288552279536,Yahoo Finance via yfinance,"Adjusted close; dividends, capital distributions and splits included",2026-08-13
2021-06-15,sp500_spy,S&P 500 (SPY total-return proxy),S&P 500,SPY,395.4382934570313,-0.0018342978572486,1.3353748786254436,Yahoo Finance via yfinance,"Adjusted close; dividends, capital distributions and splits included",2026-08-13
2021-06-16,sp500_spy,S&P 500 (SPY total-return proxy),S&P 500,SPY,393.23052978515625,-0.0055830801123839,1.3279193736980128,Yahoo Finance via yfinance,"Adjusted close; dividends, capital distributions and splits included",2026-08-13
2021-06-17,sp500_spy,S&P 500 (SPY total-return proxy),S&P 500,SPY,393.1001281738281,-0.0003316161931764,1.3274790141304618,Yahoo Finance via yfinance,"Adjusted close; dividends, capital distributions and splits included",2026-08-13
2021-06-18,sp500_spy,S&P 500 (SPY total-return proxy),S&P 500,SPY,387.7970581054688,-0.0134903799014137,1.3095708179186876,Yahoo Finance via yfinance,"Adjusted close; dividends, capital distributions and splits included",2026-08-13
2021-06-21,sp500_spy,S&P 500 (SPY total-return proxy),S&P 500,SPY,393.3487243652344,0.0143159060743975,1.3283185107457836,Yahoo Finance via yfinance,"Adjusted close; dividends, capital distributions and splits included",2026-08-13
2021-06-22,sp500_spy,S&P 500 (SPY total-return proxy),S&P 500,SPY,395.45159912109375,0.0053460825613529,1.335419811172004,Yahoo Finance via yfinance,"Adjusted close; dividends, capital distributions and splits included",2026-08-13
2021-06-23,sp500_spy,S&P 500 (SPY total-return proxy),S&P 500,SPY,394.9749450683594,-0.0012053410677659,1.33381017483089,Yahoo Finance via yfinance,"Adjusted close; dividends, capital distributions and splits included",2026-08-13
2021-06-24,sp500_spy,S&P 500 (SPY total-return proxy),S&P 500,SPY,397.3115539550781,0.005915840779,1.3417007834546,Yahoo Finance via yfinance,"Adjusted close; dividends, capital distributions and splits included",2026-08-13
2021-06-25,sp500_spy,S&P 500 (SPY total-return proxy),S&P 500,SPY,398.7228088378906,0.0035520106796895,1.3464665189663785,Yahoo Finance via yfinance,"Adjusted close; dividends, capital distributions and splits included",2026-08-13
2021-06-28,sp500_spy,S&P 500 (SPY total-return proxy),S&P 500,SPY,399.526611328125,0.0020159430873221,1.3491809188375994,Yahoo Finance via yfinance,"Adjusted close; dividends, capital distributions and splits included",2026-08-13
2021-06-29,sp500_spy,S&P 500 (SPY total-return proxy),S&P 500,SPY,399.7416076660156,0.0005381277036238,1.3499069504672263,Yahoo Finance via yfinance,"Adjusted close; dividends, capital distributions and splits included",2026-08-13
2021-06-30,sp500_spy,S&P 500 (SPY total-return proxy),S&P 500,SPY,400.0780334472656,0.0008416081158384,1.3510430431123666,Yahoo Finance via yfinance,"Adjusted close; dividends, capital distributions and splits included",2026-08-13
2021-07-01,sp500_spy,S&P 500 (SPY total-return proxy),S&P 500,SPY,402.2930908203125,0.0055365633398085,1.358523178495366,Yahoo Finance via yfinance,"Adjusted close; dividends, capital distributions and splits included",2026-08-13
2021-07-02,sp500_spy,S&P 500 (SPY total-return proxy),S&P 500,SPY,405.3680114746094,0.007643483630372,1.3689070281716762,Yahoo Finance via yfinance,"Adjusted close; dividends, capital distributions and splits included",2026-08-13
2021-07-06,sp500_spy,S&P 500 (SPY total-return proxy),S&P 500,SPY,404.6296081542969,-0.0018215628747477,1.366413477950177,Yahoo Finance via yfinance,"Adjusted close; dividends, capital distributions and splits included",2026-08-13
2021-07-07,sp500_spy,S&P 500 (SPY total-return proxy),S&P 500,SPY,406.0596618652344,0.0035342290384052,1.3712426961424171,Yahoo Finance via yfinance,"Adjusted close; dividends, capital distributions and splits included",2026-08-13
2021-07-08,sp500_spy,S&P 500 (SPY total-return proxy),S&P 500,SPY,402.7510681152344,-0.0081480483306368,1.360069744381216,Yahoo Finance via yfinance,"Adjusted close; dividends, capital distributions and splits included",2026-08-13
2021-07-09,sp500_spy,S&P 500 (SPY total-return proxy),S&P 500,SPY,407.0503234863281,0.0106747212148017,1.3745881097351722,Yahoo Finance via yfinance,"Adjusted close; dividends, capital distributions and splits included",2026-08-13
2021-07-12,sp500_spy,S&P 500 (SPY total-return proxy),S&P 500,SPY,408.5084228515625,0.0035821108130953,1.379512036666607,Yahoo Finance via yfinance,"Adjusted close; dividends, capital distributions and splits included",2026-08-13
2021-07-13,sp500_spy,S&P 500 (SPY total-return proxy),S&P 500,SPY,407.1157836914063,-0.0034090830990338,1.374809165497493,Yahoo Finance via yfinance,"Adjusted close; dividends, capital distributions and splits included",2026-08-13
2021-07-14,sp500_spy,S&P 500 (SPY total-return proxy),S&P 500,SPY,407.7232666015625,0.0014921625112347,1.3768606041943503,Yahoo Finance via yfinance,"Adjusted close; dividends, capital distributions and splits included",2026-08-13
2021-07-15,sp500_spy,S&P 500 (SPY total-return proxy),S&P 500,SPY,406.3306884765625,-0.0034154983025799,1.3721579391378351,Yahoo Finance via yfinance,"Adjusted close; dividends, capital distributions and splits included",2026-08-13
2021-07-16,sp500_spy,S&P 500 (SPY total-return proxy),S&P 500,SPY,403.1435852050781,-0.0078436194013148,1.3613952545047456,Yahoo Finance via yfinance,"Adjusted close; dividends, capital distributions and splits included",2026-08-13
2021-07-19,sp500_spy,S&P 500 (SPY total-return proxy),S&P 500,SPY,397.1900329589844,-0.0147678208573384,1.3412904132701888,Yahoo Finance via yfinance,"Adjusted close; dividends, capital distributions and splits included",2026-08-13
2021-07-20,sp500_spy,S&P 500 (SPY total-return proxy),S&P 500,SPY,402.8819580078125,0.0143304830849466,1.3605117528495585,Yahoo Finance via yfinance,"Adjusted close; dividends, capital distributions and splits included",2026-08-13
2021-07-21,sp500_spy,S&P 500 (SPY total-return proxy),S&P 500,SPY,406.1437377929688,0.0080961177841898,1.3715266162474031,Yahoo Finance via yfinance,"Adjusted close; dividends, capital distributions and splits included",2026-08-13
2021-07-22,sp500_spy,S&P 500 (SPY total-return proxy),S&P 500,SPY,406.9942321777344,0.0020940723828153,1.374398692256783,Yahoo Finance via yfinance,"Adjusted close; dividends, capital distributions and splits included",2026-08-13
2021-07-23,sp500_spy,S&P 500 (SPY total-return proxy),S&P 500,SPY,411.1814575195313,0.0102881687521514,1.388538737935457,Yahoo Finance via yfinance,"Adjusted close; dividends, capital distributions and splits included",2026-08-13
2021-07-26,sp500_spy,S&P 500 (SPY total-return proxy),S&P 500,SPY,412.19085693359375,0.0024548758111606,1.3919474280960744,Yahoo Finance via yfinance,"Adjusted close; dividends, capital distributions and splits included",2026-08-13
2021-07-27,sp500_spy,S&P 500 (SPY total-return proxy),S&P 500,SPY,410.3123168945313,-0.0045574519848341,1.385603694527113,Yahoo Finance via yfinance,"Adjusted close; dividends, capital distributions and splits included",2026-08-13
2021-07-28,sp500_spy,S&P 500 (SPY total-return proxy),S&P 500,SPY,410.1440124511719,-0.0004101861836203,1.385035339035645,Yahoo Finance via yfinance,"Adjusted close; dividends, capital distributions and splits included",2026-08-13
2021-07-29,sp500_spy,S&P 500 (SPY total-return proxy),S&P 500,SPY,411.8450317382813,0.0041473707660473,1.3907795941107035,Yahoo Finance via yfinance,"Adjusted close; dividends, capital distributions and splits included",2026-08-13
2021-07-30,sp500_spy,S&P 500 (SPY total-return proxy),S&P 500,SPY,409.844970703125,-0.0048563437240326,1.3840254903573312,Yahoo Finance via yfinance,"Adjusted close; dividends, capital distributions and splits included",2026-08-13
2021-08-02,sp500_spy,S&P 500 (SPY total-return proxy),S&P 500,SPY,408.9850769042969,-0.0020980952806445,1.3811216730077207,Yahoo Finance via yfinance,"Adjusted close; dividends, capital distributions and splits included",2026-08-13
2021-08-03,sp500_spy,S&P 500 (SPY total-return proxy),S&P 500,SPY,412.3123168945313,0.008135357933886,1.392357592167886,Yahoo Finance via yfinance,"Adjusted close; dividends, capital distributions and splits included",2026-08-13
2021-08-04,sp500_spy,S&P 500 (SPY total-return proxy),S&P 500,SPY,410.2841796875,-0.0049189343221828,1.3855086766190197,Yahoo Finance via yfinance,"Adjusted close; dividends, capital distributions and splits included",2026-08-13
2021-08-05,sp500_spy,S&P 500 (SPY total-return proxy),S&P 500,SPY,412.8824768066406,0.0063329205652522,1.3942829930105156,Yahoo Finance via yfinance,"Adjusted close; dividends, capital distributions and splits included",2026-08-13
2021-08-06,sp500_spy,S&P 500 (SPY total-return proxy),S&P 500,SPY,413.5647277832031,0.0016524096198977,1.396586919641026,Yahoo Finance via yfinance,"Adjusted close; dividends, capital distributions and splits included",2026-08-13
2021-08-09,sp500_spy,S&P 500 (SPY total-return proxy),S&P 500,SPY,413.228271484375,-0.0008135517277587,1.3954507239395868,Yahoo Finance via yfinance,"Adjusted close; dividends, capital distributions and splits included",2026-08-13
2021-08-10,sp500_spy,S&P 500 (SPY total-return proxy),S&P 500,SPY,413.7423706054688,0.0012441044250119,1.3971868103601262,Yahoo Finance via yfinance,"Adjusted close; dividends, capital distributions and splits included",2026-08-13
2021-08-11,sp500_spy,S&P 500 (SPY total-return proxy),S&P 500,SPY,414.77044677734375,0.0024848220654087,1.400658570976007,Yahoo Finance via yfinance,"Adjusted close; dividends, capital distributions and splits included",2026-08-13
2021-08-12,sp500_spy,S&P 500 (SPY total-return proxy),S&P 500,SPY,416.0134887695313,0.002996939636962,1.4048562601652157,Yahoo Finance via yfinance,"Adjusted close; dividends, capital distributions and splits included",2026-08-13
2021-08-13,sp500_spy,S&P 500 (SPY total-return proxy),S&P 500,SPY,416.77056884765625,0.0018198450256126,1.407412880841978,Yahoo Finance via yfinance,"Adjusted close; dividends, capital distributions and splits included",2026-08-13
2021-08-16,sp500_spy,S&P 500 (SPY total-return proxy),S&P 500,SPY,417.7518615722656,0.0023545154047768,1.4107266561508018,Yahoo Finance via yfinance,"Adjusted close; dividends, capital distributions and splits included",2026-08-13
2021-08-17,sp500_spy,S&P 500 (SPY total-return proxy),S&P 500,SPY,415.0133972167969,-0.0065552415377927,1.401479002175931,Yahoo Finance via yfinance,"Adjusted close; dividends, capital distributions and splits included",2026-08-13
2021-08-18,sp500_spy,S&P 500 (SPY total-return proxy),S&P 500,SPY,410.4710693359375,-0.0109450150557104,1.3861397933968531,Yahoo Finance via yfinance,"Adjusted close; dividends, capital distributions and splits included",2026-08-13
2021-08-19,sp500_spy,S&P 500 (SPY total-return proxy),S&P 500,SPY,411.106689453125,0.0015485138044339,1.3882862500018034,Yahoo Finance via yfinance,"Adjusted close; dividends, capital distributions and splits included",2026-08-13
2021-08-20,sp500_spy,S&P 500 (SPY total-return proxy),S&P 500,SPY,414.3779296875,0.0079571564226468,1.3993330608524774,Yahoo Finance via yfinance,"Adjusted close; dividends, capital distributions and splits included",2026-08-13
2021-08-23,sp500_spy,S&P 500 (SPY total-return proxy),S&P 500,SPY,418.0229797363281,0.0087964386799679,1.411642208315118,Yahoo Finance via yfinance,"Adjusted close; dividends, capital distributions and splits included",2026-08-13
2021-08-24,sp500_spy,S&P 500 (SPY total-return proxy),S&P 500,SPY,418.6865234375,0.0015873378578143,1.413882961434065,Yahoo Finance via yfinance,"Adjusted close; dividends, capital distributions and splits included",2026-08-13
2021-08-25,sp500_spy,S&P 500 (SPY total-return proxy),S&P 500,SPY,419.5650634765625,0.0020983241396199,1.4168497461826397,Yahoo Finance via yfinance,"Adjusted close; dividends, capital distributions and splits included",2026-08-13
2021-08-26,sp500_spy,S&P 500 (SPY total-return proxy),S&P 500,SPY,417.08837890625,-0.0059029809340902,1.408486109144453,Yahoo Finance via yfinance,"Adjusted close; dividends, capital distributions and splits included",2026-08-13
2021-08-27,sp500_spy,S&P 500 (SPY total-return proxy),S&P 500,SPY,420.81744384765625,0.0089407068861164,1.4210789705994802,Yahoo Finance via yfinance,"Adjusted close; dividends, capital distributions and splits included",2026-08-13
2021-08-30,sp500_spy,S&P 500 (SPY total-return proxy),S&P 500,SPY,422.6680603027344,0.0043976704914068,1.4273284076544444,Yahoo Finance via yfinance,"Adjusted close; dividends, capital distributions and splits included",2026-08-13
2021-08-31,sp500_spy,S&P 500 (SPY total-return proxy),S&P 500,SPY,422.0419006347656,-0.0014814454338476,1.4252138985023235,Yahoo Finance via yfinance,"Adjusted close; dividends, capital distributions and splits included",2026-08-13
2021-09-01,sp500_spy,S&P 500 (SPY total-return proxy),S&P 500,SPY,422.2661743164063,0.0005314014587256,1.425971259246984,Yahoo Finance via yfinance,"Adjusted close; dividends, capital distributions and splits included",2026-08-13
2021-09-02,sp500_spy,S&P 500 (SPY total-return proxy),S&P 500,SPY,423.5653381347656,0.0030766466683307,1.4303584689708817,Yahoo Finance via yfinance,"Adjusted close; dividends, capital distributions and splits included",2026-08-13
2021-09-03,sp500_spy,S&P 500 (SPY total-return proxy),S&P 500,SPY,423.4624633789063,-0.0002428781266956,1.4300110661854348,Yahoo Finance via yfinance,"Adjusted close; dividends, capital distributions and splits included",2026-08-13
2021-09-07,sp500_spy,S&P 500 (SPY total-return proxy),S&P 500,SPY,421.9483947753906,-0.0035754493832452,1.4248981340008082,Yahoo Finance via yfinance,"Adjusted close; dividends, capital distributions and splits included",2026-08-13
2021-09-08,sp500_spy,S&P 500 (SPY total-return proxy),S&P 500,SPY,421.4343872070313,-0.0012181763806282,1.4231623567491671,Yahoo Finance via yfinance,"Adjusted close; dividends, capital distributions and splits included",2026-08-13
2021-09-09,sp500_spy,S&P 500 (SPY total-return proxy),S&P 500,SPY,419.6305236816406,-0.0042802950593219,1.4170708019449607,Yahoo Finance via yfinance,"Adjusted close; dividends, capital distributions and splits included",2026-08-13
2021-09-10,sp500_spy,S&P 500 (SPY total-return proxy),S&P 500,SPY,416.3218383789063,-0.0078847584148682,1.405897541014861,Yahoo Finance via yfinance,"Adjusted close; dividends, capital distributions and splits included",2026-08-13
2021-09-13,sp500_spy,S&P 500 (SPY total-return proxy),S&P 500,SPY,417.3874206542969,0.0025595156851243,1.4094959578227664,Yahoo Finance via yfinance,"Adjusted close; dividends, capital distributions and splits included",2026-08-13
2021-09-14,sp500_spy,S&P 500 (SPY total-return proxy),S&P 500,SPY,415.1349792480469,-0.0053965244154198,1.4018895784729404,Yahoo Finance via yfinance,"Adjusted close; dividends, capital distributions and splits included",2026-08-13
2021-09-15,sp500_spy,S&P 500 (SPY total-return proxy),S&P 500,SPY,418.6023864746094,0.0083524814816693,1.4135988352164808,Yahoo Finance via yfinance,"Adjusted close; dividends, capital distributions and splits included",2026-08-13
2021-09-16,sp500_spy,S&P 500 (SPY total-return proxy),S&P 500,SPY,417.9388122558594,-0.001585213654271,1.411357979041234,Yahoo Finance via yfinance,"Adjusted close; dividends, capital distributions and splits included",2026-08-13
2021-09-17,sp500_spy,S&P 500 (SPY total-return proxy),S&P 500,SPY,413.86767578125,-0.0097409868507667,1.3976099595256686,Yahoo Finance via yfinance,"Adjusted close; dividends, capital distributions and splits included",2026-08-13
2021-09-20,sp500_spy,S&P 500 (SPY total-return proxy),S&P 500,SPY,406.966796875,-0.0166741190725353,1.3743060446435762,Yahoo Finance via yfinance,"Adjusted close; dividends, capital distributions and splits included",2026-08-13
2021-09-21,sp500_spy,S&P 500 (SPY total-return proxy),S&P 500,SPY,406.5823364257813,-0.0009446973369103,1.3730077413831017,Yahoo Finance via yfinance,"Adjusted close; dividends, capital distributions and splits included",2026-08-13
2021-09-22,sp500_spy,S&P 500 (SPY total-return proxy),S&P 500,SPY,410.5484924316406,0.0097548654984016,1.386401247228558,Yahoo Finance via yfinance,"Adjusted close; dividends, capital distributions and splits included",2026-08-13
2021-09-23,sp500_spy,S&P 500 (SPY total-return proxy),S&P 500,SPY,415.53662109375,0.0121499134793192,1.4032459024300057,Yahoo Finance via yfinance,"Adjusted close; dividends, capital distributions and splits included",2026-08-13
2021-09-24,sp500_spy,S&P 500 (SPY total-return proxy),S&P 500,SPY,416.2210693359375,0.0016471430132583,1.4055572491140764,Yahoo Finance via yfinance,"Adjusted close; dividends, capital distributions and splits included",2026-08-13
2021-09-27,sp500_spy,S&P 500 (SPY total-return proxy),S&P 500,SPY,415.0303039550781,-0.0028608964528373,1.401536095365826,Yahoo Finance via yfinance,"Adjusted close; dividends, capital distributions and splits included",2026-08-13
2021-09-28,sp500_spy,S&P 500 (SPY total-return proxy),S&P 500,SPY,406.6666870117188,-0.0201518223215445,1.3732925889947825,Yahoo Finance via yfinance,"Adjusted close; dividends, capital distributions and splits included",2026-08-13
2021-09-29,sp500_spy,S&P 500 (SPY total-return proxy),S&P 500,SPY,407.3511962890625,0.0016832194502423,1.3756041417914522,Yahoo Finance via yfinance,"Adjusted close; dividends, capital distributions and splits included",2026-08-13
2021-09-30,sp500_spy,S&P 500 (SPY total-return proxy),S&P 500,SPY,402.3724060058594,-0.0122223534104221,1.358791021817637,Yahoo Finance via yfinance,"Adjusted close; dividends, capital distributions and splits included",2026-08-13
2021-10-01,sp500_spy,S&P 500 (SPY total-return proxy),S&P 500,SPY,407.1542053222656,0.0118840140253966,1.3749389133785004,Yahoo Finance via yfinance,"Adjusted close; dividends, capital distributions and splits included",2026-08-13
2021-10-04,sp500_spy,S&P 500 (SPY total-return proxy),S&P 500,SPY,401.9035949707031,-0.0128958765080335,1.3572078709454811,Yahoo Finance via yfinance,"Adjusted close; dividends, capital distributions and splits included",2026-08-13
2021-10-05,sp500_spy,S&P 500 (SPY total-return proxy),S&P 500,SPY,406.08538818359375,0.010404965930189,1.3713295726028534,Yahoo Finance via yfinance,"Adjusted close; dividends, capital distributions and splits included",2026-08-13
2021-10-06,sp500_spy,S&P 500 (SPY total-return proxy),S&P 500,SPY,407.7730712890625,0.0041559808714559,1.3770287920750528,Yahoo Finance via yfinance,"Adjusted close; dividends, capital distributions and splits included",2026-08-13
2021-10-07,sp500_spy,S&P 500 (SPY total-return proxy),S&P 500,SPY,411.2985534667969,0.0086456964080279,1.388934164956447,Yahoo Finance via yfinance,"Adjusted close; dividends, capital distributions and splits included",2026-08-13
2021-10-08,sp500_spy,S&P 500 (SPY total-return proxy),S&P 500,SPY,410.5484924316406,-0.0018236413156186,1.3864012472285585,Yahoo Finance via yfinance,"Adjusted close; dividends, capital distributions and splits included",2026-08-13
2021-10-11,sp500_spy,S&P 500 (SPY total-return proxy),S&P 500,SPY,407.5762023925781,-0.0072398025905732,1.376363975887299,Yahoo Finance via yfinance,"Adjusted close; dividends, capital distributions and splits included",2026-08-13
2021-10-12,sp500_spy,S&P 500 (SPY total-return proxy),S&P 500,SPY,406.5729370117188,-0.0024615406271758,1.372976000042871,Yahoo Finance via yfinance,"Adjusted close; dividends, capital distributions and splits included",2026-08-13
2021-10-13,sp500_spy,S&P 500 (SPY total-return proxy),S&P 500,SPY,408.0356140136719,0.0035975759053312,1.3779153854192234,Yahoo Finance via yfinance,"Adjusted close; dividends, capital distributions and splits included",2026-08-13
2021-10-14,sp500_spy,S&P 500 (SPY total-return proxy),S&P 500,SPY,414.8991394042969,0.0168208978699466,1.4010931593907885,Yahoo Finance via yfinance,"Adjusted close; dividends, capital distributions and splits included",2026-08-13
2021-10-15,sp500_spy,S&P 500 (SPY total-return proxy),S&P 500,SPY,418.0588684082031,0.0076156557192259,1.4117634025232713,Yahoo Finance via yfinance,"Adjusted close; dividends, capital distributions and splits included",2026-08-13
2021-10-18,sp500_spy,S&P 500 (SPY total-return proxy),S&P 500,SPY,419.2965087890625,0.0029604452252665,1.4159428507474772,Yahoo Finance via yfinance,"Adjusted close; dividends, capital distributions and splits included",2026-08-13
2021-10-19,sp500_spy,S&P 500 (SPY total-return proxy),S&P 500,SPY,422.53131103515625,0.0077148322923936,1.4268666123766078,Yahoo Finance via yfinance,"Adjusted close; dividends, capital distributions and splits included",2026-08-13
2021-10-20,sp500_spy,S&P 500 (SPY total-return proxy),S&P 500,SPY,424.1909790039063,0.0039279171162107,1.4324712261659116,Yahoo Finance via yfinance,"Adjusted close; dividends, capital distributions and splits included",2026-08-13
2021-10-21,sp500_spy,S&P 500 (SPY total-return proxy),S&P 500,SPY,425.2973327636719,0.0026081501364398,1.4362073261898824,Yahoo Finance via yfinance,"Adjusted close; dividends, capital distributions and splits included",2026-08-13
2021-10-22,sp500_spy,S&P 500 (SPY total-return proxy),S&P 500,SPY,424.8566589355469,-0.0010361546950257,1.4347191932258203,Yahoo Finance via yfinance,"Adjusted close; dividends, capital distributions and splits included",2026-08-13
2021-10-25,sp500_spy,S&P 500 (SPY total-return proxy),S&P 500,SPY,427.1350708007813,0.0053627778153291,1.442413273486479,Yahoo Finance via yfinance,"Adjusted close; dividends, capital distributions and splits included",2026-08-13
2021-10-26,sp500_spy,S&P 500 (SPY total-return proxy),S&P 500,SPY,427.5195007324219,0.0009000195908051,1.443711473690654,Yahoo Finance via yfinance,"Adjusted close; dividends, capital distributions and splits included",2026-08-13
2021-10-27,sp500_spy,S&P 500 (SPY total-return proxy),S&P 500,SPY,425.62548828125,-0.0044302363937248,1.4373154905778716,Yahoo Finance via yfinance,"Adjusted close; dividends, capital distributions and splits included",2026-08-13
2021-10-28,sp500_spy,S&P 500 (SPY total-return proxy),S&P 500,SPY,429.7322692871094,0.0096488136141548,1.451183879851195,Yahoo Finance via yfinance,"Adjusted close; dividends, capital distributions and splits included",2026-08-13
2021-10-29,sp500_spy,S&P 500 (SPY total-return proxy),S&P 500,SPY,430.6043395996094,0.0020293340175423,1.454128816664286,Yahoo Finance via yfinance,"Adjusted close; dividends, capital distributions and splits included",2026-08-13
2021-11-01,sp500_spy,S&P 500 (SPY total-return proxy),S&P 500,SPY,431.3450012207031,0.0017200514555484,1.4566299930519444,Yahoo Finance via yfinance,"Adjusted close; dividends, capital distributions and splits included",2026-08-13
2021-11-02,sp500_spy,S&P 500 (SPY total-return proxy),S&P 500,SPY,433.0890197753906,0.0040432103067196,1.462519454452929,Yahoo Finance via yfinance,"Adjusted close; dividends, capital distributions and splits included",2026-08-13
2021-11-03,sp500_spy,S&P 500 (SPY total-return proxy),S&P 500,SPY,435.7331237792969,0.0061052205970899,1.4714484583498997,Yahoo Finance via yfinance,"Adjusted close; dividends, capital distributions and splits included",2026-08-13
2021-11-04,sp500_spy,S&P 500 (SPY total-return proxy),S&P 500,SPY,437.7864379882813,0.0047123206773336,1.4783823953458126,Yahoo Finance via yfinance,"Adjusted close; dividends, capital distributions and splits included",2026-08-13
2021-11-05,sp500_spy,S&P 500 (SPY total-return proxy),S&P 500,SPY,439.3054809570313,0.0034698264654573,1.4835121257072497,Yahoo Finance via yfinance,"Adjusted close; dividends, capital distributions and splits included",2026-08-13
2021-11-08,sp500_spy,S&P 500 (SPY total-return proxy),S&P 500,SPY,439.6804809570313,0.0008536201259838,1.4847784815148946,Yahoo Finance via yfinance,"Adjusted close; dividends, capital distributions and splits included",2026-08-13
2021-11-09,sp500_spy,S&P 500 (SPY total-return proxy),S&P 500,SPY,438.2271423339844,-0.0033054426702852,1.479870631366174,Yahoo Finance via yfinance,"Adjusted close; dividends, capital distributions and splits included",2026-08-13
2021-11-10,sp500_spy,S&P 500 (SPY total-return proxy),S&P 500,SPY,434.70166015625,-0.0080448740782183,1.4679652584847798,Yahoo Finance via yfinance,"Adjusted close; dividends, capital distributions and splits included",2026-08-13
2021-11-11,sp500_spy,S&P 500 (SPY total-return proxy),S&P 500,SPY,434.8423156738281,0.0003235679328383,1.4684402449689462,Yahoo Finance via yfinance,"Adjusted close; dividends, capital distributions and splits included",2026-08-13
2021-11-12,sp500_spy,S&P 500 (SPY total-return proxy),S&P 500,SPY,438.1240234375,0.0075468914716512,1.479522404130332,Yahoo Finance via yfinance,"Adjusted close; dividends, capital distributions and splits included",2026-08-13
2021-11-15,sp500_spy,S&P 500 (SPY total-return proxy),S&P 500,SPY,438.2740783691406,0.0003424941879774,1.480029131954729,Yahoo Finance via yfinance,"Adjusted close; dividends, capital distributions and splits included",2026-08-13
2021-11-16,sp500_spy,S&P 500 (SPY total-return proxy),S&P 500,SPY,440.0086669921875,0.0039577714235381,1.4858867489591834,Yahoo Finance via yfinance,"Adjusted close; dividends, capital distributions and splits included",2026-08-13
2021-11-17,sp500_spy,S&P 500 (SPY total-return proxy),S&P 500,SPY,438.939697265625,-0.0024294287970956,1.4822768929020391,Yahoo Finance via yfinance,"Adjusted close; dividends, capital distributions and splits included",2026-08-13
2021-11-18,sp500_spy,S&P 500 (SPY total-return proxy),S&P 500,SPY,440.4305725097656,0.0033965377326954,1.4873115022990837,Yahoo Finance via yfinance,"Adjusted close; dividends, capital distributions and splits included",2026-08-13
2021-11-19,sp500_spy,S&P 500 (SPY total-return proxy),S&P 500,SPY,439.6429748535156,-0.0017882447436877,1.4846518253228709,Yahoo Finance via yfinance,"Adjusted close; dividends, capital distributions and splits included",2026-08-13
2021-11-22,sp500_spy,S&P 500 (SPY total-return proxy),S&P 500,SPY,438.4053039550781,-0.0028151726951849,1.4804722740423657,Yahoo Finance via yfinance,"Adjusted close; dividends, capital distributions and splits included",2026-08-13
2021-11-23,sp500_spy,S&P 500 (SPY total-return proxy),S&P 500,SPY,438.9866333007813,0.0013260089247522,1.4824353934905938,Yahoo Finance via yfinance,"Adjusted close; dividends, capital distributions and splits included",2026-08-13
2021-11-24,sp500_spy,S&P 500 (SPY total-return proxy),S&P 500,SPY,440.1587219238281,0.0026699870431903,1.4863934767835805,Yahoo Finance via yfinance,"Adjusted close; dividends, capital distributions and splits included",2026-08-13
2021-11-26,sp500_spy,S&P 500 (SPY total-return proxy),S&P 500,SPY,430.3417053222656,-0.0223033558409445,1.4532419141512176,Yahoo Finance via yfinance,"Adjusted close; dividends, capital distributions and splits included",2026-08-13
2021-11-29,sp500_spy,S&P 500 (SPY total-return proxy),S&P 500,SPY,435.6205139160156,0.0122665512741715,1.4710681806049286,Yahoo Finance via yfinance,"Adjusted close; dividends, capital distributions and splits included",2026-08-13
2021-11-30,sp500_spy,S&P 500 (SPY total-return proxy),S&P 500,SPY,427.1444396972656,-0.0194574726120085,1.442444911770411,Yahoo Finance via yfinance,"Adjusted close; dividends, capital distributions and splits included",2026-08-13
2021-12-01,sp500_spy,S&P 500 (SPY total-return proxy),S&P 500,SPY,422.3999633789063,-0.0111074284888783,1.426423058063775,Yahoo Finance via yfinance,"Adjusted close; dividends, capital distributions and splits included",2026-08-13
2021-12-02,sp500_spy,S&P 500 (SPY total-return proxy),S&P 500,SPY,428.8696899414063,0.0153165888338311,1.4482709935472335,Yahoo Finance via yfinance,"Adjusted close; dividends, capital distributions and splits included",2026-08-13
2021-12-03,sp500_spy,S&P 500 (SPY total-return proxy),S&P 500,SPY,425.1379089355469,-0.0087014333103587,1.435668960081555,Yahoo Finance via yfinance,"Adjusted close; dividends, capital distributions and splits included",2026-08-13
2021-12-06,sp500_spy,S&P 500 (SPY total-return proxy),S&P 500,SPY,430.1730041503906,0.0118434397615836,1.4526722189278567,Yahoo Finance via yfinance,"Adjusted close; dividends, capital distributions and splits included",2026-08-13
2021-12-07,sp500_spy,S&P 500 (SPY total-return proxy),S&P 500,SPY,439.071044921875,0.0206847958510514,1.4827204472148734,Yahoo Finance via yfinance,"Adjusted close; dividends, capital distributions and splits included",2026-08-13
2021-12-08,sp500_spy,S&P 500 (SPY total-return proxy),S&P 500,SPY,440.2337036132813,0.0026479967304906,1.48664668611133,Yahoo Finance via yfinance,"Adjusted close; dividends, capital distributions and splits included",2026-08-13
2021-12-09,sp500_spy,S&P 500 (SPY total-return proxy),S&P 500,SPY,437.2614135742188,-0.006751618548664,1.476609414770071,Yahoo Finance via yfinance,"Adjusted close; dividends, capital distributions and splits included",2026-08-13
2021-12-10,sp500_spy,S&P 500 (SPY total-return proxy),S&P 500,SPY,441.3775939941406,0.0094135459753372,1.490509545383625,Yahoo Finance via yfinance,"Adjusted close; dividends, capital distributions and splits included",2026-08-13
2021-12-13,sp500_spy,S&P 500 (SPY total-return proxy),S&P 500,SPY,437.46771240234375,-0.0088583599280954,1.477306075354355,Yahoo Finance via yfinance,"Adjusted close; dividends, capital distributions and splits included",2026-08-13
2021-12-14,sp500_spy,S&P 500 (SPY total-return proxy),S&P 500,SPY,434.4578857421875,-0.0068801115484108,1.467142044764772,Yahoo Finance via yfinance,"Adjusted close; dividends, capital distributions and splits included",2026-08-13
2021-12-15,sp500_spy,S&P 500 (SPY total-return proxy),S&P 500,SPY,441.2463684082031,0.0156251799974094,1.490066403295989,Yahoo Finance via yfinance,"Adjusted close; dividends, capital distributions and splits included",2026-08-13
2021-12-16,sp500_spy,S&P 500 (SPY total-return proxy),S&P 500,SPY,437.3551330566406,-0.0088187362665445,1.476925900665683,Yahoo Finance via yfinance,"Adjusted close; dividends, capital distributions and splits included",2026-08-13
2021-12-17,sp500_spy,S&P 500 (SPY total-return proxy),S&P 500,SPY,432.7005004882813,-0.0106426842091197,1.4612074447046284,Yahoo Finance via yfinance,"Adjusted close; dividends, capital distributions and splits included",2026-08-13
2021-12-20,sp500_spy,S&P 500 (SPY total-return proxy),S&P 500,SPY,428.099365234375,-0.0106335334687944,1.44566964643651,Yahoo Finance via yfinance,"Adjusted close; dividends, capital distributions and splits included",2026-08-13
2021-12-21,sp500_spy,S&P 500 (SPY total-return proxy),S&P 500,SPY,435.7019958496094,0.0177590326747438,1.4713433409244614,Yahoo Finance via yfinance,"Adjusted close; dividends, capital distributions and splits included",2026-08-13
2021-12-22,sp500_spy,S&P 500 (SPY total-return proxy),S&P 500,SPY,440.0584716796875,0.0099987511454546,1.486054936839887,Yahoo Finance via yfinance,"Adjusted close; dividends, capital distributions and splits included",2026-08-13
2021-12-23,sp500_spy,S&P 500 (SPY total-return proxy),S&P 500,SPY,442.7965393066406,0.0062220541204491,1.4953012510828654,Yahoo Finance via yfinance,"Adjusted close; dividends, capital distributions and splits included",2026-08-13
2021-12-27,sp500_spy,S&P 500 (SPY total-return proxy),S&P 500,SPY,449.0630493164063,0.0141521205643977,1.516462934668285,Yahoo Finance via yfinance,"Adjusted close; dividends, capital distributions and splits included",2026-08-13
2021-12-28,sp500_spy,S&P 500 (SPY total-return proxy),S&P 500,SPY,448.6960754394531,-0.0008171990047093,1.5152236826673957,Yahoo Finance via yfinance,"Adjusted close; dividends, capital distributions and splits included",2026-08-13
2021-12-29,sp500_spy,S&P 500 (SPY total-return proxy),S&P 500,SPY,449.2700805664063,0.0012792737854703,1.5171620686037557,Yahoo Finance via yfinance,"Adjusted close; dividends, capital distributions and splits included",2026-08-13
2021-12-30,sp500_spy,S&P 500 (SPY total-return proxy),S&P 500,SPY,448.0280151367188,-0.0027646297481497,1.5129676772161291,Yahoo Finance via yfinance,"Adjusted close; dividends, capital distributions and splits included",2026-08-13
2021-12-31,sp500_spy,S&P 500 (SPY total-return proxy),S&P 500,SPY,446.8988952636719,-0.0025201992618749,1.5091546971927683,Yahoo Finance via yfinance,"Adjusted close; dividends, capital distributions and splits included",2026-08-13
2022-01-03,sp500_spy,S&P 500 (SPY total-return proxy),S&P 500,SPY,449.4864196777344,0.0057899548230833,1.5178926347105586,Yahoo Finance via yfinance,"Adjusted close; dividends, capital distributions and splits included",2026-08-13
2022-01-04,sp500_spy,S&P 500 (SPY total-return proxy),S&P 500,SPY,449.3359069824219,-0.0003348548225782,1.5173843610416695,Yahoo Finance via yfinance,"Adjusted close; dividends, capital distributions and splits included",2026-08-13
2022-01-05,sp500_spy,S&P 500 (SPY total-return proxy),S&P 500,SPY,440.7076721191406,-0.0192021931236819,1.4882472534980928,Yahoo Finance via yfinance,"Adjusted close; dividends, capital distributions and splits included",2026-08-13
2022-01-06,sp500_spy,S&P 500 (SPY total-return proxy),S&P 500,SPY,440.2936401367188,-0.0009394707844113,1.486849088683451,Yahoo Finance via yfinance,"Adjusted close; dividends, capital distributions and splits included",2026-08-13
2022-01-07,sp500_spy,S&P 500 (SPY total-return proxy),S&P 500,SPY,438.5528869628906,-0.0039536187106576,1.4809706543065078,Yahoo Finance via yfinance,"Adjusted close; dividends, capital distributions and splits included",2026-08-13
2022-01-10,sp500_spy,S&P 500 (SPY total-return proxy),S&P 500,SPY,438.0072937011719,-0.0012440763199557,1.4791282137849358,Yahoo Finance via yfinance,"Adjusted close; dividends, capital distributions and splits included",2026-08-13
2022-01-11,sp500_spy,S&P 500 (SPY total-return proxy),S&P 500,SPY,441.9967346191406,0.0091081609264034,1.4926003515868729,Yahoo Finance via yfinance,"Adjusted close; dividends, capital distributions and splits included",2026-08-13
2022-01-12,sp500_spy,S&P 500 (SPY total-return proxy),S&P 500,SPY,443.1916809082031,0.0027035183644334,1.4966356240481478,Yahoo Finance via yfinance,"Adjusted close; dividends, capital distributions and splits included",2026-08-13
2022-01-13,sp500_spy,S&P 500 (SPY total-return proxy),S&P 500,SPY,437.0851440429688,-0.0137785457811858,1.4760141615844466,Yahoo Finance via yfinance,"Adjusted close; dividends, capital distributions and splits included",2026-08-13
2022-01-14,sp500_spy,S&P 500 (SPY total-return proxy),S&P 500,SPY,437.2639770507813,0.0004091491331832,1.4766180714992252,Yahoo Finance via yfinance,"Adjusted close; dividends, capital distributions and splits included",2026-08-13
2022-01-18,sp500_spy,S&P 500 (SPY total-return proxy),S&P 500,SPY,429.5200805664063,-0.0177098889705146,1.4504673294011186,Yahoo Finance via yfinance,"Adjusted close; dividends, capital distributions and splits included",2026-08-13
2022-01-19,sp500_spy,S&P 500 (SPY total-return proxy),S&P 500,SPY,425.0601806640625,-0.0103834491194509,1.435406475686856,Yahoo Finance via yfinance,"Adjusted close; dividends, capital distributions and splits included",2026-08-13
2022-01-20,sp500_spy,S&P 500 (SPY total-return proxy),S&P 500,SPY,420.3556213378906,-0.0110679841118546,1.4195194196199008,Yahoo Finance via yfinance,"Adjusted close; dividends, capital distributions and splits included",2026-08-13
2022-01-21,sp500_spy,S&P 500 (SPY total-return proxy),S&P 500,SPY,412.103759765625,-0.0196306678283543,1.3916533054174445,Yahoo Finance via yfinance,"Adjusted close; dividends, capital distributions and splits included",2026-08-13
2022-01-24,sp500_spy,S&P 500 (SPY total-return proxy),S&P 500,SPY,413.8538513183594,0.0042467255181795,1.3975632750220193,Yahoo Finance via yfinance,"Adjusted close; dividends, capital distributions and splits included",2026-08-13
2022-01-25,sp500_spy,S&P 500 (SPY total-return proxy),S&P 500,SPY,408.8011169433594,-0.0122089823712022,1.3805004496346358,Yahoo Finance via yfinance,"Adjusted close; dividends, capital distributions and splits included",2026-08-13
2022-01-26,sp500_spy,S&P 500 (SPY total-return proxy),S&P 500,SPY,407.7755126953125,-0.0025088097990421,1.3770370365790103,Yahoo Finance via yfinance,"Adjusted close; dividends, capital distributions and splits included",2026-08-13
2022-01-27,sp500_spy,S&P 500 (SPY total-return proxy),S&P 500,SPY,405.7619934082031,-0.0049378131457684,1.3702374849975805,Yahoo Finance via yfinance,"Adjusted close; dividends, capital distributions and splits included",2026-08-13
2022-01-28,sp500_spy,S&P 500 (SPY total-return proxy),S&P 500,SPY,415.8392333984375,0.024835347208324,1.4042678086953562,Yahoo Finance via yfinance,"Adjusted close; dividends, capital distributions and splits included",2026-08-13
2022-01-31,sp500_spy,S&P 500 (SPY total-return proxy),S&P 500,SPY,423.328857421875,0.0180108643482932,1.429559885706443,Yahoo Finance via yfinance,"Adjusted close; dividends, capital distributions and splits included",2026-08-13
2022-02-01,sp500_spy,S&P 500 (SPY total-return proxy),S&P 500,SPY,426.1893615722656,0.0067571678619111,1.4392196618228164,Yahoo Finance via yfinance,"Adjusted close; dividends, capital distributions and splits included",2026-08-13
2022-02-02,sp500_spy,S&P 500 (SPY total-return proxy),S&P 500,SPY,430.3294677734375,0.0097142410732602,1.4532005885751391,Yahoo Finance via yfinance,"Adjusted close; dividends, capital distributions and splits included",2026-08-13
2022-02-03,sp500_spy,S&P 500 (SPY total-return proxy),S&P 500,SPY,420.2144470214844,-0.0235052942209352,1.4190426811786443,Yahoo Finance via yfinance,"Adjusted close; dividends, capital distributions and splits included",2026-08-13
2022-02-04,sp500_spy,S&P 500 (SPY total-return proxy),S&P 500,SPY,422.1904296875,0.0047023196846789,1.42571547351175,Yahoo Finance via yfinance,"Adjusted close; dividends, capital distributions and splits included",2026-08-13
2022-02-07,sp500_spy,S&P 500 (SPY total-return proxy),S&P 500,SPY,420.83544921875,-0.0032094059302881,1.421139773816158,Yahoo Finance via yfinance,"Adjusted close; dividends, capital distributions and splits included",2026-08-13
2022-02-08,sp500_spy,S&P 500 (SPY total-return proxy),S&P 500,SPY,424.298095703125,0.0082280294846908,1.4328329537769842,Yahoo Finance via yfinance,"Adjusted close; dividends, capital distributions and splits included",2026-08-13
2022-02-09,sp500_spy,S&P 500 (SPY total-return proxy),S&P 500,SPY,430.5081481933594,0.0146360602442567,1.4538039832084204,Yahoo Finance via yfinance,"Adjusted close; dividends, capital distributions and splits included",2026-08-13
2022-02-10,sp500_spy,S&P 500 (SPY total-return proxy),S&P 500,SPY,422.7738037109375,-0.0179656169456473,1.4276854977320417,Yahoo Finance via yfinance,"Adjusted close; dividends, capital distributions and splits included",2026-08-13
2022-02-11,sp500_spy,S&P 500 (SPY total-return proxy),S&P 500,SPY,414.437255859375,-0.0197186953836487,1.3995334022986106,Yahoo Finance via yfinance,"Adjusted close; dividends, capital distributions and splits included",2026-08-13
2022-02-14,sp500_spy,S&P 500 (SPY total-return proxy),S&P 500,SPY,413.0822448730469,-0.003269520216078,1.3949575995467187,Yahoo Finance via yfinance,"Adjusted close; dividends, capital distributions and splits included",2026-08-13
2022-02-15,sp500_spy,S&P 500 (SPY total-return proxy),S&P 500,SPY,419.7440185546875,0.0161269910879078,1.417454068322618,Yahoo Finance via yfinance,"Adjusted close; dividends, capital distributions and splits included",2026-08-13
2022-02-16,sp500_spy,S&P 500 (SPY total-return proxy),S&P 500,SPY,420.2144470214844,0.0011207508529047,1.4190426811786438,Yahoo Finance via yfinance,"Adjusted close; dividends, capital distributions and splits included",2026-08-13
2022-02-17,sp500_spy,S&P 500 (SPY total-return proxy),S&P 500,SPY,411.2380676269531,-0.0213614250013453,1.3887299073709385,Yahoo Finance via yfinance,"Adjusted close; dividends, capital distributions and splits included",2026-08-13
2022-02-18,sp500_spy,S&P 500 (SPY total-return proxy),S&P 500,SPY,408.5753784179688,-0.0064748120823283,1.3797381421876025,Yahoo Finance via yfinance,"Adjusted close; dividends, capital distributions and splits included",2026-08-13
2022-02-22,sp500_spy,S&P 500 (SPY total-return proxy),S&P 500,SPY,404.190673828125,-0.0107316907025127,1.3649312191951852,Yahoo Finance via yfinance,"Adjusted close; dividends, capital distributions and splits included",2026-08-13
2022-02-23,sp500_spy,S&P 500 (SPY total-return proxy),S&P 500,SPY,397.0208435058594,-0.0177387326985047,1.3407190691460376,Yahoo Finance via yfinance,"Adjusted close; dividends, capital distributions and splits included",2026-08-13
2022-02-24,sp500_spy,S&P 500 (SPY total-return proxy),S&P 500,SPY,402.9956665039063,0.0150491418669274,1.3608957406213111,Yahoo Finance via yfinance,"Adjusted close; dividends, capital distributions and splits included",2026-08-13
2022-02-25,sp500_spy,S&P 500 (SPY total-return proxy),S&P 500,SPY,411.8873596191406,0.0220639918845086,1.3909225331980422,Yahoo Finance via yfinance,"Adjusted close; dividends, capital distributions and splits included",2026-08-13
2022-02-28,sp500_spy,S&P 500 (SPY total-return proxy),S&P 500,SPY,410.8334655761719,-0.0025586947944779,1.3873635869528262,Yahoo Finance via yfinance,"Adjusted close; dividends, capital distributions and splits included",2026-08-13
2022-03-01,sp500_spy,S&P 500 (SPY total-return proxy),S&P 500,SPY,404.5763854980469,-0.015230210297863,1.366233747763937,Yahoo Finance via yfinance,"Adjusted close; dividends, capital distributions and splits included",2026-08-13
2022-03-02,sp500_spy,S&P 500 (SPY total-return proxy),S&P 500,SPY,412.0190734863281,0.0183962491511189,1.3913673241864697,Yahoo Finance via yfinance,"Adjusted close; dividends, capital distributions and splits included",2026-08-13
2022-03-03,sp500_spy,S&P 500 (SPY total-return proxy),S&P 500,SPY,409.96783447265625,-0.0049785049908374,1.384440395018919,Yahoo Finance via yfinance,"Adjusted close; dividends, capital distributions and splits included",2026-08-13
2022-03-04,sp500_spy,S&P 500 (SPY total-return proxy),S&P 500,SPY,406.6370239257813,-0.0081245655556354,1.373192418271718,Yahoo Finance via yfinance,"Adjusted close; dividends, capital distributions and splits included",2026-08-13
2022-03-07,sp500_spy,S&P 500 (SPY total-return proxy),S&P 500,SPY,394.649658203125,-0.0294792776292898,1.3327116977350502,Yahoo Finance via yfinance,"Adjusted close; dividends, capital distributions and splits included",2026-08-13
2022-03-08,sp500_spy,S&P 500 (SPY total-return proxy),S&P 500,SPY,391.6575927734375,-0.0075815735995076,1.322607645911747,Yahoo Finance via yfinance,"Adjusted close; dividends, capital distributions and splits included",2026-08-13
2022-03-09,sp500_spy,S&P 500 (SPY total-return proxy),S&P 500,SPY,402.1582336425781,0.0268107680353715,1.3580677727080956,Yahoo Finance via yfinance,"Adjusted close; dividends, capital distributions and splits included",2026-08-13
2022-03-10,sp500_spy,S&P 500 (SPY total-return proxy),S&P 500,SPY,400.3423156738281,-0.004515431531271,1.3519355106656064,Yahoo Finance via yfinance,"Adjusted close; dividends, capital distributions and splits included",2026-08-13
2022-03-11,sp500_spy,S&P 500 (SPY total-return proxy),S&P 500,SPY,395.2519226074219,-0.0127151012199109,1.3347455138047013,Yahoo Finance via yfinance,"Adjusted close; dividends, capital distributions and splits included",2026-08-13
2022-03-14,sp500_spy,S&P 500 (SPY total-return proxy),S&P 500,SPY,392.36322021484375,-0.0073085094021093,1.3249905136676363,Yahoo Finance via yfinance,"Adjusted close; dividends, capital distributions and splits included",2026-08-13
2022-03-15,sp500_spy,S&P 500 (SPY total-return proxy),S&P 500,SPY,400.9914855957031,0.0219905050634838,1.3541277242675125,Yahoo Finance via yfinance,"Adjusted close; dividends, capital distributions and splits included",2026-08-13
2022-03-16,sp500_spy,S&P 500 (SPY total-return proxy),S&P 500,SPY,409.8831176757813,0.02217411690642,1.3841543107316447,Yahoo Finance via yfinance,"Adjusted close; dividends, capital distributions and splits included",2026-08-13
2022-03-17,sp500_spy,S&P 500 (SPY total-return proxy),S&P 500,SPY,415.01123046875,0.0125111588446176,1.4014716851786706,Yahoo Finance via yfinance,"Adjusted close; dividends, capital distributions and splits included",2026-08-13
2022-03-18,sp500_spy,S&P 500 (SPY total-return proxy),S&P 500,SPY,419.5567626953125,0.0109527933049629,1.4168217148691906,Yahoo Finance via yfinance,"Adjusted close; dividends, capital distributions and splits included",2026-08-13
2022-03-21,sp500_spy,S&P 500 (SPY total-return proxy),S&P 500,SPY,419.43402099609375,-0.0002925508778126,1.4164072224328017,Yahoo Finance via yfinance,"Adjusted close; dividends, capital distributions and splits included",2026-08-13
2022-03-22,sp500_spy,S&P 500 (SPY total-return proxy),S&P 500,SPY,424.3420104980469,0.011701457812834,1.4329812517918925,Yahoo Finance via yfinance,"Adjusted close; dividends, capital distributions and splits included",2026-08-13
2022-03-23,sp500_spy,S&P 500 (SPY total-return proxy),S&P 500,SPY,418.8771057128906,-0.0128785381837215,1.4145265480241336,Yahoo Finance via yfinance,"Adjusted close; dividends, capital distributions and splits included",2026-08-13
2022-03-24,sp500_spy,S&P 500 (SPY total-return proxy),S&P 500,SPY,425.1914367675781,0.0150744239027842,1.4358497208307914,Yahoo Finance via yfinance,"Adjusted close; dividends, capital distributions and splits included",2026-08-13
2022-03-25,sp500_spy,S&P 500 (SPY total-return proxy),S&P 500,SPY,427.2679138183594,0.0048836285757944,1.4428618775579871,Yahoo Finance via yfinance,"Adjusted close; dividends, capital distributions and splits included",2026-08-13
2022-03-28,sp500_spy,S&P 500 (SPY total-return proxy),S&P 500,SPY,430.30712890625,0.0071131367219459,1.453125151363941,Yahoo Finance via yfinance,"Adjusted close; dividends, capital distributions and splits included",2026-08-13
2022-03-29,sp500_spy,S&P 500 (SPY total-return proxy),S&P 500,SPY,435.63037109375,0.012370797111892,1.4711014677896517,Yahoo Finance via yfinance,"Adjusted close; dividends, capital distributions and splits included",2026-08-13
2022-03-30,sp500_spy,S&P 500 (SPY total-return proxy),S&P 500,SPY,432.9403991699219,-0.0061748952835274,1.462017570274607,Yahoo Finance via yfinance,"Adjusted close; dividends, capital distributions and splits included",2026-08-13
2022-03-31,sp500_spy,S&P 500 (SPY total-return proxy),S&P 500,SPY,426.2769165039063,-0.0153912240086431,1.4395153303459385,Yahoo Finance via yfinance,"Adjusted close; dividends, capital distributions and splits included",2026-08-13
2022-04-01,sp500_spy,S&P 500 (SPY total-return proxy),S&P 500,SPY,427.4850463867188,0.0028341433374363,1.443595123128576,Yahoo Finance via yfinance,"Adjusted close; dividends, capital distributions and splits included",2026-08-13
2022-04-04,sp500_spy,S&P 500 (SPY total-return proxy),S&P 500,SPY,431.1470336914063,0.0085663518189469,1.4559614668374117,Yahoo Finance via yfinance,"Adjusted close; dividends, capital distributions and splits included",2026-08-13
2022-04-05,sp500_spy,S&P 500 (SPY total-return proxy),S&P 500,SPY,425.7011413574219,-0.0126311719864047,1.43757096714421,Yahoo Finance via yfinance,"Adjusted close; dividends, capital distributions and splits included",2026-08-13
2022-04-06,sp500_spy,S&P 500 (SPY total-return proxy),S&P 500,SPY,421.4444580078125,-0.0099992293561539,1.423196365327987,Yahoo Finance via yfinance,"Adjusted close; dividends, capital distributions and splits included",2026-08-13
2022-04-07,sp500_spy,S&P 500 (SPY total-return proxy),S&P 500,SPY,423.5679626464844,0.0050386346250934,1.4303673318126358,Yahoo Finance via yfinance,"Adjusted close; dividends, capital distributions and splits included",2026-08-13
2022-04-08,sp500_spy,S&P 500 (SPY total-return proxy),S&P 500,SPY,422.43548583984375,-0.0026736602068881,1.4265430155963357,Yahoo Finance via yfinance,"Adjusted close; dividends, capital distributions and splits included",2026-08-13
2022-04-11,sp500_spy,S&P 500 (SPY total-return proxy),S&P 500,SPY,415.215087890625,-0.017092309219392,1.4021601012589988,Yahoo Finance via yfinance,"Adjusted close; dividends, capital distributions and splits included",2026-08-13
2022-04-12,sp500_spy,S&P 500 (SPY total-return proxy),S&P 500,SPY,413.6766357421875,-0.0037051932680316,1.3969648270911117,Yahoo Finance via yfinance,"Adjusted close; dividends, capital distributions and splits included",2026-08-13
2022-04-13,sp500_spy,S&P 500 (SPY total-return proxy),S&P 500,SPY,418.4146728515625,0.0114534800856576,1.4129649359185636,Yahoo Finance via yfinance,"Adjusted close; dividends, capital distributions and splits included",2026-08-13
2022-04-14,sp500_spy,S&P 500 (SPY total-return proxy),S&P 500,SPY,413.2046508789063,-0.0124518146965284,1.3953709583638134,Yahoo Finance via yfinance,"Adjusted close; dividends, capital distributions and splits included",2026-08-13
2022-04-18,sp500_spy,S&P 500 (SPY total-return proxy),S&P 500,SPY,413.3745727539063,0.0004112293379046,1.3959447758391528,Yahoo Finance via yfinance,"Adjusted close; dividends, capital distributions and splits included",2026-08-13
2022-04-19,sp500_spy,S&P 500 (SPY total-return proxy),S&P 500,SPY,420.0475158691406,0.0161426066213485,1.418478963220651,Yahoo Finance via yfinance,"Adjusted close; dividends, capital distributions and splits included",2026-08-13
2022-04-20,sp500_spy,S&P 500 (SPY total-return proxy),S&P 500,SPY,419.7360534667969,-0.0007414932610642,1.4174271706284616,Yahoo Finance via yfinance,"Adjusted close; dividends, capital distributions and splits included",2026-08-13
2022-04-21,sp500_spy,S&P 500 (SPY total-return proxy),S&P 500,SPY,413.45947265625,-0.0149536375508028,1.3962314784642236,Yahoo Finance via yfinance,"Adjusted close; dividends, capital distributions and splits included",2026-08-13
2022-04-22,sp500_spy,S&P 500 (SPY total-return proxy),S&P 500,SPY,402.1145629882813,-0.0274389883852071,1.357920299143583,Yahoo Finance via yfinance,"Adjusted close; dividends, capital distributions and splits included",2026-08-13
2022-04-25,sp500_spy,S&P 500 (SPY total-return proxy),S&P 500,SPY,404.4458312988281,0.0057975227090067,1.3657928729148892,Yahoo Finance via yfinance,"Adjusted close; dividends, capital distributions and splits included",2026-08-13
2022-04-26,sp500_spy,S&P 500 (SPY total-return proxy),S&P 500,SPY,392.7326965332031,-0.0289609481893031,1.3262382162850814,Yahoo Finance via yfinance,"Adjusted close; dividends, capital distributions and splits included",2026-08-13
2022-04-27,sp500_spy,S&P 500 (SPY total-return proxy),S&P 500,SPY,393.8370361328125,0.0028119369977539,1.3299675145932883,Yahoo Finance via yfinance,"Adjusted close; dividends, capital distributions and splits included",2026-08-13
2022-04-28,sp500_spy,S&P 500 (SPY total-return proxy),S&P 500,SPY,403.7851257324219,0.0252594060154733,1.3635617040317904,Yahoo Finance via yfinance,"Adjusted close; dividends, capital distributions and splits included",2026-08-13
2022-04-29,sp500_spy,S&P 500 (SPY total-return proxy),S&P 500,SPY,388.8629760742188,-0.0369556695064881,1.313170368345888,Yahoo Finance via yfinance,"Adjusted close; dividends, capital distributions and splits included",2026-08-13
2022-05-02,sp500_spy,S&P 500 (SPY total-return proxy),S&P 500,SPY,391.2037048339844,0.00601941790241,1.3210748895700235,Yahoo Finance via yfinance,"Adjusted close; dividends, capital distributions and splits included",2026-08-13
2022-05-03,sp500_spy,S&P 500 (SPY total-return proxy),S&P 500,SPY,392.9969787597656,0.004583990140232,1.3271306838383206,Yahoo Finance via yfinance,"Adjusted close; dividends, capital distributions and splits included",2026-08-13
2022-05-04,sp500_spy,S&P 500 (SPY total-return proxy),S&P 500,SPY,404.9648742675781,0.030452894435935,1.3675456544559392,Yahoo Finance via yfinance,"Adjusted close; dividends, capital distributions and splits included",2026-08-13
2022-05-05,sp500_spy,S&P 500 (SPY total-return proxy),S&P 500,SPY,390.5712890625,-0.0355427991899555,1.3189392538765154,Yahoo Finance via yfinance,"Adjusted close; dividends, capital distributions and splits included",2026-08-13
2022-05-06,sp500_spy,S&P 500 (SPY total-return proxy),S&P 500,SPY,388.2400207519531,-0.0059688675942942,1.311066680105209,Yahoo Finance via yfinance,"Adjusted close; dividends, capital distributions and splits included",2026-08-13
2022-05-09,sp500_spy,S&P 500 (SPY total-return proxy),S&P 500,SPY,375.80963134765625,-0.0320172798781057,1.269089891269422,Yahoo Finance via yfinance,"Adjusted close; dividends, capital distributions and splits included",2026-08-13
2022-05-10,sp500_spy,S&P 500 (SPY total-return proxy),S&P 500,SPY,376.6779479980469,0.0023105226102824,1.2720221521576809,Yahoo Finance via yfinance,"Adjusted close; dividends, capital distributions and splits included",2026-08-13
2022-05-11,sp500_spy,S&P 500 (SPY total-return proxy),S&P 500,SPY,370.6940307617188,-0.0158860301436046,1.2518147699051712,Yahoo Finance via yfinance,"Adjusted close; dividends, capital distributions and splits included",2026-08-13
2022-05-12,sp500_spy,S&P 500 (SPY total-return proxy),S&P 500,SPY,370.3070373535156,-0.0010439698945459,1.2505079129718422,Yahoo Finance via yfinance,"Adjusted close; dividends, capital distributions and splits included",2026-08-13
2022-05-13,sp500_spy,S&P 500 (SPY total-return proxy),S&P 500,SPY,379.1602783203125,0.0239078388303624,1.280404854611266,Yahoo Finance via yfinance,"Adjusted close; dividends, capital distributions and splits included",2026-08-13
2022-05-16,sp500_spy,S&P 500 (SPY total-return proxy),S&P 500,SPY,377.6218566894531,-0.0040574440911231,1.275209683499678,Yahoo Finance via yfinance,"Adjusted close; dividends, capital distributions and splits included",2026-08-13
2022-05-17,sp500_spy,S&P 500 (SPY total-return proxy),S&P 500,SPY,385.3896179199219,0.0205702108944842,1.3014410156239549,Yahoo Finance via yfinance,"Adjusted close; dividends, capital distributions and splits included",2026-08-13
2022-05-18,sp500_spy,S&P 500 (SPY total-return proxy),S&P 500,SPY,369.85400390625,-0.040311449222537,1.2489780422065029,Yahoo Finance via yfinance,"Adjusted close; dividends, capital distributions and splits included",2026-08-13
2022-05-19,sp500_spy,S&P 500 (SPY total-return proxy),S&P 500,SPY,367.5888366699219,-0.0061244902377811,1.241328688379806,Yahoo Finance via yfinance,"Adjusted close; dividends, capital distributions and splits included",2026-08-13
2022-05-20,sp500_spy,S&P 500 (SPY total-return proxy),S&P 500,SPY,367.7492370605469,0.0004363581660371,1.2418703522897168,Yahoo Finance via yfinance,"Adjusted close; dividends, capital distributions and splits included",2026-08-13
2022-05-23,sp500_spy,S&P 500 (SPY total-return proxy),S&P 500,SPY,374.6297912597656,0.0187099074744945,1.2651056316763754,Yahoo Finance via yfinance,"Adjusted close; dividends, capital distributions and splits included",2026-08-13
2022-05-24,sp500_spy,S&P 500 (SPY total-return proxy),S&P 500,SPY,371.7699890136719,-0.0076336754652562,1.2554482258548898,Yahoo Finance via yfinance,"Adjusted close; dividends, capital distributions and splits included",2026-08-13
2022-05-25,sp500_spy,S&P 500 (SPY total-return proxy),S&P 500,SPY,375.0545043945313,0.0088348050620583,1.2665398661958247,Yahoo Finance via yfinance,"Adjusted close; dividends, capital distributions and splits included",2026-08-13
2022-05-26,sp500_spy,S&P 500 (SPY total-return proxy),S&P 500,SPY,382.5486755371094,0.0199815521604689,1.2918472985955298,Yahoo Finance via yfinance,"Adjusted close; dividends, capital distributions and splits included",2026-08-13
2022-05-27,sp500_spy,S&P 500 (SPY total-return proxy),S&P 500,SPY,391.9399108886719,0.0245491252541312,1.3235610197379626,Yahoo Finance via yfinance,"Adjusted close; dividends, capital distributions and splits included",2026-08-13
2022-05-31,sp500_spy,S&P 500 (SPY total-return proxy),S&P 500,SPY,389.7407531738281,-0.0056109563066886,1.3161345766869768,Yahoo Finance via yfinance,"Adjusted close; dividends, capital distributions and splits included",2026-08-13
2022-06-01,sp500_spy,S&P 500 (SPY total-return proxy),S&P 500,SPY,386.58831787109375,-0.0080885441849812,1.3054889640100624,Yahoo Finance via yfinance,"Adjusted close; dividends, capital distributions and splits included",2026-08-13
2022-06-02,sp500_spy,S&P 500 (SPY total-return proxy),S&P 500,SPY,393.95025634765625,0.0190433547425954,1.3303498534642495,Yahoo Finance via yfinance,"Adjusted close; dividends, capital distributions and splits included",2026-08-13
2022-06-03,sp500_spy,S&P 500 (SPY total-return proxy),S&P 500,SPY,387.4849853515625,-0.0164113892348587,1.3085169642005103,Yahoo Finance via yfinance,"Adjusted close; dividends, capital distributions and splits included",2026-08-13
2022-06-06,sp500_spy,S&P 500 (SPY total-return proxy),S&P 500,SPY,388.6648254394531,0.0030448665948181,1.3125012237935574,Yahoo Finance via yfinance,"Adjusted close; dividends, capital distributions and splits included",2026-08-13
2022-06-07,sp500_spy,S&P 500 (SPY total-return proxy),S&P 500,SPY,392.3929138183594,0.0095920395541093,1.325090787447002,Yahoo Finance via yfinance,"Adjusted close; dividends, capital distributions and splits included",2026-08-13
2022-06-08,sp500_spy,S&P 500 (SPY total-return proxy),S&P 500,SPY,388.1267395019531,-0.0108722002007943,1.31068413512165,Yahoo Finance via yfinance,"Adjusted close; dividends, capital distributions and splits included",2026-08-13
2022-06-09,sp500_spy,S&P 500 (SPY total-return proxy),S&P 500,SPY,378.8960571289063,-0.0237826499274225,1.2795125931706253,Yahoo Finance via yfinance,"Adjusted close; dividends, capital distributions and splits included",2026-08-13
2022-06-10,sp500_spy,S&P 500 (SPY total-return proxy),S&P 500,SPY,367.9096374511719,-0.0289958669957777,1.2424120161996273,Yahoo Finance via yfinance,"Adjusted close; dividends, capital distributions and splits included",2026-08-13
2022-06-13,sp500_spy,S&P 500 (SPY total-return proxy),S&P 500,SPY,353.9407653808594,-0.0379682146058661,1.1952398501396528,Yahoo Finance via yfinance,"Adjusted close; dividends, capital distributions and splits included",2026-08-13
2022-06-14,sp500_spy,S&P 500 (SPY total-return proxy),S&P 500,SPY,352.8742370605469,-0.0030132960784126,1.1916382385864646,Yahoo Finance via yfinance,"Adjusted close; dividends, capital distributions and splits included",2026-08-13
2022-06-15,sp500_spy,S&P 500 (SPY total-return proxy),S&P 500,SPY,357.90496826171875,0.0142564423038586,1.2086267603819445,Yahoo Finance via yfinance,"Adjusted close; dividends, capital distributions and splits included",2026-08-13
2022-06-16,sp500_spy,S&P 500 (SPY total-return proxy),S&P 500,SPY,346.0596923828125,-0.0330961482217938,1.168625869975517,Yahoo Finance via yfinance,"Adjusted close; dividends, capital distributions and splits included",2026-08-13
2022-06-17,sp500_spy,S&P 500 (SPY total-return proxy),S&P 500,SPY,346.8057861328125,0.0021559683673724,1.1711453903844773,Yahoo Finance via yfinance,"Adjusted close; dividends, capital distributions and splits included",2026-08-13
2022-06-21,sp500_spy,S&P 500 (SPY total-return proxy),S&P 500,SPY,355.5361022949219,0.0251735020325354,1.200627221249715,Yahoo Finance via yfinance,"Adjusted close; dividends, capital distributions and splits included",2026-08-13
2022-06-22,sp500_spy,S&P 500 (SPY total-return proxy),S&P 500,SPY,354.8915710449219,-0.0018128433254447,1.1984506722053254,Yahoo Finance via yfinance,"Adjusted close; dividends, capital distributions and splits included",2026-08-13
2022-06-23,sp500_spy,S&P 500 (SPY total-return proxy),S&P 500,SPY,358.3703308105469,0.0098023172412418,1.2101982658922614,Yahoo Finance via yfinance,"Adjusted close; dividends, capital distributions and splits included",2026-08-13
2022-06-24,sp500_spy,S&P 500 (SPY total-return proxy),S&P 500,SPY,369.7643432617188,0.0317939613622628,1.2486752627987174,Yahoo Finance via yfinance,"Adjusted close; dividends, capital distributions and splits included",2026-08-13
2022-06-27,sp500_spy,S&P 500 (SPY total-return proxy),S&P 500,SPY,368.3519287109375,-0.0038197694735037,1.2439056111475597,Yahoo Finance via yfinance,"Adjusted close; dividends, capital distributions and splits included",2026-08-13
2022-06-28,sp500_spy,S&P 500 (SPY total-return proxy),S&P 500,SPY,360.8255310058594,-0.0204326273827778,1.218489351295635,Yahoo Finance via yfinance,"Adjusted close; dividends, capital distributions and splits included",2026-08-13
2022-06-29,sp500_spy,S&P 500 (SPY total-return proxy),S&P 500,SPY,360.5316162109375,-0.0008145620796359,1.2174968160756294,Yahoo Finance via yfinance,"Adjusted close; dividends, capital distributions and splits included",2026-08-13
2022-06-30,sp500_spy,S&P 500 (SPY total-return proxy),S&P 500,SPY,357.6025085449219,-0.0081244127680105,1.2076053693980924,Yahoo Finance via yfinance,"Adjusted close; dividends, capital distributions and splits included",2026-08-13
2022-07-01,sp500_spy,S&P 500 (SPY total-return proxy),S&P 500,SPY,361.3847351074219,0.0105766220094198,1.2203777549267618,Yahoo Finance via yfinance,"Adjusted close; dividends, capital distributions and splits included",2026-08-13
2022-07-05,sp500_spy,S&P 500 (SPY total-return proxy),S&P 500,SPY,362.0671997070313,0.0018884710207986,1.2226824029513683,Yahoo Finance via yfinance,"Adjusted close; dividends, capital distributions and splits included",2026-08-13
2022-07-06,sp500_spy,S&P 500 (SPY total-return proxy),S&P 500,SPY,363.2900695800781,0.0033774665974612,1.2268119719266404,Yahoo Finance via yfinance,"Adjusted close; dividends, capital distributions and splits included",2026-08-13
2022-07-07,sp500_spy,S&P 500 (SPY total-return proxy),S&P 500,SPY,368.7311706542969,0.014977290957906,1.245186291780828,Yahoo Finance via yfinance,"Adjusted close; dividends, capital distributions and splits included",2026-08-13
2022-07-08,sp500_spy,S&P 500 (SPY total-return proxy),S&P 500,SPY,368.4277648925781,-0.0008228373022556,1.2441617060516934,Yahoo Finance via yfinance,"Adjusted close; dividends, capital distributions and splits included",2026-08-13
2022-07-11,sp500_spy,S&P 500 (SPY total-return proxy),S&P 500,SPY,364.2190246582031,-0.0114235153683439,1.229949005681907,Yahoo Finance via yfinance,"Adjusted close; dividends, capital distributions and splits included",2026-08-13
2022-07-12,sp500_spy,S&P 500 (SPY total-return proxy),S&P 500,SPY,360.9960632324219,-0.0088489650665717,1.219065229896963,Yahoo Finance via yfinance,"Adjusted close; dividends, capital distributions and splits included",2026-08-13
2022-07-13,sp500_spy,S&P 500 (SPY total-return proxy),S&P 500,SPY,359.1002502441406,-0.0052516167941162,1.212663166462513,Yahoo Finance via yfinance,"Adjusted close; dividends, capital distributions and splits included",2026-08-13
2022-07-14,sp500_spy,S&P 500 (SPY total-return proxy),S&P 500,SPY,358.2281799316406,-0.0024284870642866,1.2097182296494218,Yahoo Finance via yfinance,"Adjusted close; dividends, capital distributions and splits included",2026-08-13
2022-07-15,sp500_spy,S&P 500 (SPY total-return proxy),S&P 500,SPY,365.0721130371094,0.0191049545760881,1.2328298414767398,Yahoo Finance via yfinance,"Adjusted close; dividends, capital distributions and splits included",2026-08-13
2022-07-18,sp500_spy,S&P 500 (SPY total-return proxy),S&P 500,SPY,362.0578002929688,-0.0082567597920968,1.2226506616111374,Yahoo Finance via yfinance,"Adjusted close; dividends, capital distributions and splits included",2026-08-13
2022-07-19,sp500_spy,S&P 500 (SPY total-return proxy),S&P 500,SPY,371.8403015136719,0.0270191699026711,1.2556856675688222,Yahoo Finance via yfinance,"Adjusted close; dividends, capital distributions and splits included",2026-08-13
2022-07-20,sp500_spy,S&P 500 (SPY total-return proxy),S&P 500,SPY,374.2101135253906,0.0063731983920833,1.263688401446334,Yahoo Finance via yfinance,"Adjusted close; dividends, capital distributions and splits included",2026-08-13
2022-07-21,sp500_spy,S&P 500 (SPY total-return proxy),S&P 500,SPY,378.0207214355469,0.0101830703458465,1.2765566293334922,Yahoo Finance via yfinance,"Adjusted close; dividends, capital distributions and splits included",2026-08-13
2022-07-22,sp500_spy,S&P 500 (SPY total-return proxy),S&P 500,SPY,374.5134887695313,-0.0092778846955711,1.2647128841191693,Yahoo Finance via yfinance,"Adjusted close; dividends, capital distributions and splits included",2026-08-13
2022-07-25,sp500_spy,S&P 500 (SPY total-return proxy),S&P 500,SPY,374.9684448242188,0.0012147921725924,1.266249247431374,Yahoo Finance via yfinance,"Adjusted close; dividends, capital distributions and splits included",2026-08-13
2022-07-26,sp500_spy,S&P 500 (SPY total-return proxy),S&P 500,SPY,370.5321350097656,-0.0118311550630155,1.2512680562365863,Yahoo Finance via yfinance,"Adjusted close; dividends, capital distributions and splits included",2026-08-13
2022-07-27,sp500_spy,S&P 500 (SPY total-return proxy),S&P 500,SPY,380.1535339355469,0.0259664358815401,1.2837590279894733,Yahoo Finance via yfinance,"Adjusted close; dividends, capital distributions and splits included",2026-08-13
2022-07-28,sp500_spy,S&P 500 (SPY total-return proxy),S&P 500,SPY,384.921630859375,0.0125425558312355,1.299860647271884,Yahoo Finance via yfinance,"Adjusted close; dividends, capital distributions and splits included",2026-08-13
2022-07-29,sp500_spy,S&P 500 (SPY total-return proxy),S&P 500,SPY,390.5332946777344,0.0145787177660834,1.3188109487836992,Yahoo Finance via yfinance,"Adjusted close; dividends, capital distributions and splits included",2026-08-13
2022-08-01,sp500_spy,S&P 500 (SPY total-return proxy),S&P 500,SPY,389.3767700195313,-0.0029613983595367,1.314905424203432,Yahoo Finance via yfinance,"Adjusted close; dividends, capital distributions and splits included",2026-08-13
2022-08-02,sp500_spy,S&P 500 (SPY total-return proxy),S&P 500,SPY,386.8079223632813,-0.0065973315668552,1.3062305571409054,Yahoo Finance via yfinance,"Adjusted close; dividends, capital distributions and splits included",2026-08-13
2022-08-03,sp500_spy,S&P 500 (SPY total-return proxy),S&P 500,SPY,392.865234375,0.0156597413380532,1.326685789793593,Yahoo Finance via yfinance,"Adjusted close; dividends, capital distributions and splits included",2026-08-13
2022-08-04,sp500_spy,S&P 500 (SPY total-return proxy),S&P 500,SPY,392.5997009277344,-0.000675889399295,1.3257890969320762,Yahoo Finance via yfinance,"Adjusted close; dividends, capital distributions and splits included",2026-08-13
2022-08-05,sp500_spy,S&P 500 (SPY total-return proxy),S&P 500,SPY,391.9361267089844,-0.0016902056144768,1.3235482407568295,Yahoo Finance via yfinance,"Adjusted close; dividends, capital distributions and splits included",2026-08-13
2022-08-08,sp500_spy,S&P 500 (SPY total-return proxy),S&P 500,SPY,391.4812316894531,-0.001160635594761,1.3220120835572238,Yahoo Finance via yfinance,"Adjusted close; dividends, capital distributions and splits included",2026-08-13
2022-08-09,sp500_spy,S&P 500 (SPY total-return proxy),S&P 500,SPY,389.9265747070313,-0.003971217153151,1.3167620864943284,Yahoo Finance via yfinance,"Adjusted close; dividends, capital distributions and splits included",2026-08-13
2022-08-10,sp500_spy,S&P 500 (SPY total-return proxy),S&P 500,SPY,398.1166076660156,0.021004038940249,1.3444194086340988,Yahoo Finance via yfinance,"Adjusted close; dividends, capital distributions and splits included",2026-08-13
2022-08-11,sp500_spy,S&P 500 (SPY total-return proxy),S&P 500,SPY,398.1166076660156,0.0,1.3444194086340988,Yahoo Finance via yfinance,"Adjusted close; dividends, capital distributions and splits included",2026-08-13
2022-08-12,sp500_spy,S&P 500 (SPY total-return proxy),S&P 500,SPY,404.8562927246094,0.0169289221519934,1.3671789801424945,Yahoo Finance via yfinance,"Adjusted close; dividends, capital distributions and splits included",2026-08-13
2022-08-15,sp500_spy,S&P 500 (SPY total-return proxy),S&P 500,SPY,406.5246887207031,0.0041209585378203,1.3728130680334412,Yahoo Finance via yfinance,"Adjusted close; dividends, capital distributions and splits included",2026-08-13
2022-08-16,sp500_spy,S&P 500 (SPY total-return proxy),S&P 500,SPY,407.3209533691406,0.0019587116613835,1.375502012998698,Yahoo Finance via yfinance,"Adjusted close; dividends, capital distributions and splits included",2026-08-13
2022-08-17,sp500_spy,S&P 500 (SPY total-return proxy),S&P 500,SPY,404.4296875,-0.0070982497836794,1.3657383561324792,Yahoo Finance via yfinance,"Adjusted close; dividends, capital distributions and splits included",2026-08-13
2022-08-18,sp500_spy,S&P 500 (SPY total-return proxy),S&P 500,SPY,405.605224609375,0.0029066538528406,1.3697080847873038,Yahoo Finance via yfinance,"Adjusted close; dividends, capital distributions and splits included",2026-08-13
2022-08-19,sp500_spy,S&P 500 (SPY total-return proxy),S&P 500,SPY,400.1546630859375,-0.0134380949572007,1.3513018174802864,Yahoo Finance via yfinance,"Adjusted close; dividends, capital distributions and splits included",2026-08-13
2022-08-22,sp500_spy,S&P 500 (SPY total-return proxy),S&P 500,SPY,391.8224792480469,-0.0208224084498578,1.3231644590976768,Yahoo Finance via yfinance,"Adjusted close; dividends, capital distributions and splits included",2026-08-13
2022-08-23,sp500_spy,S&P 500 (SPY total-return proxy),S&P 500,SPY,390.87451171875,-0.0024193801517363,1.319963221267853,Yahoo Finance via yfinance,"Adjusted close; dividends, capital distributions and splits included",2026-08-13
2022-08-24,sp500_spy,S&P 500 (SPY total-return proxy),S&P 500,SPY,392.1258239746094,0.0032013145353404,1.3241888387142124,Yahoo Finance via yfinance,"Adjusted close; dividends, capital distributions and splits included",2026-08-13
2022-08-25,sp500_spy,S&P 500 (SPY total-return proxy),S&P 500,SPY,397.66162109375,0.0141174000299941,1.3428829422655943,Yahoo Finance via yfinance,"Adjusted close; dividends, capital distributions and splits included",2026-08-13
2022-08-26,sp500_spy,S&P 500 (SPY total-return proxy),S&P 500,SPY,384.2012023925781,-0.0338489257880848,1.2974277972107613,Yahoo Finance via yfinance,"Adjusted close; dividends, capital distributions and splits included",2026-08-13
2022-08-29,sp500_spy,S&P 500 (SPY total-return proxy),S&P 500,SPY,381.6607360839844,-0.0066123330504257,1.2888487725067237,Yahoo Finance via yfinance,"Adjusted close; dividends, capital distributions and splits included",2026-08-13
2022-08-30,sp500_spy,S&P 500 (SPY total-return proxy),S&P 500,SPY,377.4709167480469,-0.0109778631643563,1.274699967042596,Yahoo Finance via yfinance,"Adjusted close; dividends, capital distributions and splits included",2026-08-13
2022-08-31,sp500_spy,S&P 500 (SPY total-return proxy),S&P 500,SPY,374.5987854003906,-0.0076088811620242,1.2650009264761326,Yahoo Finance via yfinance,"Adjusted close; dividends, capital distributions and splits included",2026-08-13
2022-09-01,sp500_spy,S&P 500 (SPY total-return proxy),S&P 500,SPY,375.7742004394531,0.0031377972510138,1.2689702429057594,Yahoo Finance via yfinance,"Adjusted close; dividends, capital distributions and splits included",2026-08-13
2022-09-02,sp500_spy,S&P 500 (SPY total-return proxy),S&P 500,SPY,371.8118591308594,-0.0105444740590491,1.2555896190977345,Yahoo Finance via yfinance,"Adjusted close; dividends, capital distributions and splits included",2026-08-13
2022-09-06,sp500_spy,S&P 500 (SPY total-return proxy),S&P 500,SPY,370.4089660644531,-0.0037731261979798,1.2508521210120052,Yahoo Finance via yfinance,"Adjusted close; dividends, capital distributions and splits included",2026-08-13
2022-09-07,sp500_spy,S&P 500 (SPY total-return proxy),S&P 500,SPY,377.0633850097656,0.0179650590427515,1.2733237532197368,Yahoo Finance via yfinance,"Adjusted close; dividends, capital distributions and splits included",2026-08-13
2022-09-08,sp500_spy,S&P 500 (SPY total-return proxy),S&P 500,SPY,379.5279235839844,0.0065361386764055,1.2816463738507422,Yahoo Finance via yfinance,"Adjusted close; dividends, capital distributions and splits included",2026-08-13
2022-09-09,sp500_spy,S&P 500 (SPY total-return proxy),S&P 500,SPY,385.4239501953125,0.0155351589302055,1.3015569539608352,Yahoo Finance via yfinance,"Adjusted close; dividends, capital distributions and splits included",2026-08-13
2022-09-12,sp500_spy,S&P 500 (SPY total-return proxy),S&P 500,SPY,389.5664367675781,0.0107478701574368,1.3155459191045151,Yahoo Finance via yfinance,"Adjusted close; dividends, capital distributions and splits included",2026-08-13
2022-09-13,sp500_spy,S&P 500 (SPY total-return proxy),S&P 500,SPY,372.6271362304688,-0.0434824433995468,1.258342768137548,Yahoo Finance via yfinance,"Adjusted close; dividends, capital distributions and splits included",2026-08-13
2022-09-14,sp500_spy,S&P 500 (SPY total-return proxy),S&P 500,SPY,374.0489501953125,0.0038156479402626,1.2631441611289365,Yahoo Finance via yfinance,"Adjusted close; dividends, capital distributions and splits included",2026-08-13
2022-09-15,sp500_spy,S&P 500 (SPY total-return proxy),S&P 500,SPY,369.8022766113281,-0.0113532562563454,1.2488033617789331,Yahoo Finance via yfinance,"Adjusted close; dividends, capital distributions and splits included",2026-08-13
2022-09-16,sp500_spy,S&P 500 (SPY total-return proxy),S&P 500,SPY,366.9811096191406,-0.0076288524182143,1.2392764252325517,Yahoo Finance via yfinance,"Adjusted close; dividends, capital distributions and splits included",2026-08-13
2022-09-19,sp500_spy,S&P 500 (SPY total-return proxy),S&P 500,SPY,369.8269653320313,0.0077547743965462,1.2488867343251884,Yahoo Finance via yfinance,"Adjusted close; dividends, capital distributions and splits included",2026-08-13
2022-09-20,sp500_spy,S&P 500 (SPY total-return proxy),S&P 500,SPY,365.5819091796875,-0.0114784927825166,1.2345513969590558,Yahoo Finance via yfinance,"Adjusted close; dividends, capital distributions and splits included",2026-08-13
2022-09-21,sp500_spy,S&P 500 (SPY total-return proxy),S&P 500,SPY,359.2047424316406,-0.0174438794369128,1.2130160312318297,Yahoo Finance via yfinance,"Adjusted close; dividends, capital distributions and splits included",2026-08-13
2022-09-22,sp500_spy,S&P 500 (SPY total-return proxy),S&P 500,SPY,356.1875,-0.0083997845106814,1.2028269579614803,Yahoo Finance via yfinance,"Adjusted close; dividends, capital distributions and splits included",2026-08-13
2022-09-23,sp500_spy,S&P 500 (SPY total-return proxy),S&P 500,SPY,350.2196960449219,-0.0167546698159765,1.1826739894350802,Yahoo Finance via yfinance,"Adjusted close; dividends, capital distributions and splits included",2026-08-13
2022-09-26,sp500_spy,S&P 500 (SPY total-return proxy),S&P 500,SPY,346.7550354003906,-0.0098928206598832,1.1709740077584905,Yahoo Finance via yfinance,"Adjusted close; dividends, capital distributions and splits included",2026-08-13
2022-09-27,sp500_spy,S&P 500 (SPY total-return proxy),S&P 500,SPY,345.8698425292969,-0.0025527902430361,1.1679847567366357,Yahoo Finance via yfinance,"Adjusted close; dividends, capital distributions and splits included",2026-08-13
2022-09-28,sp500_spy,S&P 500 (SPY total-return proxy),S&P 500,SPY,352.6753845214844,0.019676598405977,1.190966723739245,Yahoo Finance via yfinance,"Adjusted close; dividends, capital distributions and splits included",2026-08-13
2022-09-29,sp500_spy,S&P 500 (SPY total-return proxy),S&P 500,SPY,345.308349609375,-0.0208889966111615,1.1660886238830497,Yahoo Finance via yfinance,"Adjusted close; dividends, capital distributions and splits included",2026-08-13
2022-09-30,sp500_spy,S&P 500 (SPY total-return proxy),S&P 500,SPY,339.96856689453125,-0.0154638100146848,1.1480564509430369,Yahoo Finance via yfinance,"Adjusted close; dividends, capital distributions and splits included",2026-08-13
2022-10-03,sp500_spy,S&P 500 (SPY total-return proxy),S&P 500,SPY,348.9442138671875,0.0264014025021341,1.1783667513995555,Yahoo Finance via yfinance,"Adjusted close; dividends, capital distributions and splits included",2026-08-13
2022-10-04,sp500_spy,S&P 500 (SPY total-return proxy),S&P 500,SPY,359.7568054199219,0.0309865907587445,1.214880319688885,Yahoo Finance via yfinance,"Adjusted close; dividends, capital distributions and splits included",2026-08-13
2022-10-05,sp500_spy,S&P 500 (SPY total-return proxy),S&P 500,SPY,358.919189453125,-0.0023282838689296,1.212051733437873,Yahoo Finance via yfinance,"Adjusted close; dividends, capital distributions and splits included",2026-08-13
2022-10-06,sp500_spy,S&P 500 (SPY total-return proxy),S&P 500,SPY,355.2166442871094,-0.0103158183647329,1.1995484279070685,Yahoo Finance via yfinance,"Adjusted close; dividends, capital distributions and splits included",2026-08-13
2022-10-07,sp500_spy,S&P 500 (SPY total-return proxy),S&P 500,SPY,345.308349609375,-0.027893666687887,1.16608862388305,Yahoo Finance via yfinance,"Adjusted close; dividends, capital distributions and splits included",2026-08-13
2022-10-10,sp500_spy,S&P 500 (SPY total-return proxy),S&P 500,SPY,342.6717224121094,-0.0076355732499613,1.1571848687794442,Yahoo Finance via yfinance,"Adjusted close; dividends, capital distributions and splits included",2026-08-13
2022-10-11,sp500_spy,S&P 500 (SPY total-return proxy),S&P 500,SPY,340.5016174316406,-0.006332897751799,1.149856535325535,Yahoo Finance via yfinance,"Adjusted close; dividends, capital distributions and splits included",2026-08-13
2022-10-12,sp500_spy,S&P 500 (SPY total-return proxy),S&P 500,SPY,339.37847900390625,-0.0032984819167851,1.1460637543368666,Yahoo Finance via yfinance,"Adjusted close; dividends, capital distributions and splits included",2026-08-13
2022-10-13,sp500_spy,S&P 500 (SPY total-return proxy),S&P 500,SPY,348.3350830078125,0.0263911961365208,1.1763097476625284,Yahoo Finance via yfinance,"Adjusted close; dividends, capital distributions and splits included",2026-08-13
2022-10-14,sp500_spy,S&P 500 (SPY total-return proxy),S&P 500,SPY,340.39697265625,-0.0227887190776717,1.14950315527472,Yahoo Finance via yfinance,"Adjusted close; dividends, capital distributions and splits included",2026-08-13
2022-10-17,sp500_spy,S&P 500 (SPY total-return proxy),S&P 500,SPY,349.1441650390625,0.0256970334211692,1.1790419762735542,Yahoo Finance via yfinance,"Adjusted close; dividends, capital distributions and splits included",2026-08-13
2022-10-18,sp500_spy,S&P 500 (SPY total-return proxy),S&P 500,SPY,353.2464599609375,0.0117495731925407,1.1928952162708584,Yahoo Finance via yfinance,"Adjusted close; dividends, capital distributions and splits included",2026-08-13
2022-10-19,sp500_spy,S&P 500 (SPY total-return proxy),S&P 500,SPY,350.7431640625,-0.0070865420667324,1.1844417141395511,Yahoo Finance via yfinance,"Adjusted close; dividends, capital distributions and splits included",2026-08-13
2022-10-20,sp500_spy,S&P 500 (SPY total-return proxy),S&P 500,SPY,347.8020324707031,-0.0083854281227638,1.1745096632800307,Yahoo Finance via yfinance,"Adjusted close; dividends, capital distributions and splits included",2026-08-13
2022-10-21,sp500_spy,S&P 500 (SPY total-return proxy),S&P 500,SPY,356.254150390625,0.0243015196313836,1.20305203291948,Yahoo Finance via yfinance,"Adjusted close; dividends, capital distributions and splits included",2026-08-13
2022-10-24,sp500_spy,S&P 500 (SPY total-return proxy),S&P 500,SPY,360.6134948730469,0.0122366138826508,1.217773316127054,Yahoo Finance via yfinance,"Adjusted close; dividends, capital distributions and splits included",2026-08-13
2022-10-25,sp500_spy,S&P 500 (SPY total-return proxy),S&P 500,SPY,366.3719482421875,0.0159684910604021,1.2372193184392248,Yahoo Finance via yfinance,"Adjusted close; dividends, capital distributions and splits included",2026-08-13
2022-10-26,sp500_spy,S&P 500 (SPY total-return proxy),S&P 500,SPY,363.6116943359375,-0.0075340208754883,1.2278980822665462,Yahoo Finance via yfinance,"Adjusted close; dividends, capital distributions and splits included",2026-08-13
2022-10-27,sp500_spy,S&P 500 (SPY total-return proxy),S&P 500,SPY,361.66998291015625,-0.0053400686942354,1.2213410221577228,Yahoo Finance via yfinance,"Adjusted close; dividends, capital distributions and splits included",2026-08-13
2022-10-28,sp500_spy,S&P 500 (SPY total-return proxy),S&P 500,SPY,370.2743835449219,0.0237907513516351,1.250397642731429,Yahoo Finance via yfinance,"Adjusted close; dividends, capital distributions and splits included",2026-08-13
2022-10-31,sp500_spy,S&P 500 (SPY total-return proxy),S&P 500,SPY,367.5997619628906,-0.0072233503069401,1.2413655825350076,Yahoo Finance via yfinance,"Adjusted close; dividends, capital distributions and splits included",2026-08-13
2022-11-01,sp500_spy,S&P 500 (SPY total-return proxy),S&P 500,SPY,365.99114990234375,-0.0043759877644025,1.235933381934684,Yahoo Finance via yfinance,"Adjusted close; dividends, capital distributions and splits included",2026-08-13
2022-11-02,sp500_spy,S&P 500 (SPY total-return proxy),S&P 500,SPY,356.8062438964844,-0.0250959784363915,1.2049164244328348,Yahoo Finance via yfinance,"Adjusted close; dividends, capital distributions and splits included",2026-08-13
2022-11-03,sp500_spy,S&P 500 (SPY total-return proxy),S&P 500,SPY,353.1321716308594,-0.0102971075435858,1.192509270429417,Yahoo Finance via yfinance,"Adjusted close; dividends, capital distributions and splits included",2026-08-13
2022-11-04,sp500_spy,S&P 500 (SPY total-return proxy),S&P 500,SPY,358.2149658203125,0.0143934611394351,1.209673606271759,Yahoo Finance via yfinance,"Adjusted close; dividends, capital distributions and splits included",2026-08-13
2022-11-07,sp500_spy,S&P 500 (SPY total-return proxy),S&P 500,SPY,361.6414794921875,0.0095655234951679,1.221244767574036,Yahoo Finance via yfinance,"Adjusted close; dividends, capital distributions and splits included",2026-08-13
2022-11-08,sp500_spy,S&P 500 (SPY total-return proxy),S&P 500,SPY,363.5925903320313,0.005395152244658,1.22783356902309,Yahoo Finance via yfinance,"Adjusted close; dividends, capital distributions and splits included",2026-08-13
2022-11-09,sp500_spy,S&P 500 (SPY total-return proxy),S&P 500,SPY,356.1018981933594,-0.0206018833657511,1.2025378850415225,Yahoo Finance via yfinance,"Adjusted close; dividends, capital distributions and splits included",2026-08-13
2022-11-10,sp500_spy,S&P 500 (SPY total-return proxy),S&P 500,SPY,375.671142578125,0.0549540580492489,1.2686222217825152,Yahoo Finance via yfinance,"Adjusted close; dividends, capital distributions and splits included",2026-08-13
2022-11-11,sp500_spy,S&P 500 (SPY total-return proxy),S&P 500,SPY,379.30706787109375,0.0096784790761845,1.28090055541162,Yahoo Finance via yfinance,"Adjusted close; dividends, capital distributions and splits included",2026-08-13
2022-11-14,sp500_spy,S&P 500 (SPY total-return proxy),S&P 500,SPY,376.0803833007813,-0.0085067873594411,1.2700042067581434,Yahoo Finance via yfinance,"Adjusted close; dividends, capital distributions and splits included",2026-08-13
2022-11-15,sp500_spy,S&P 500 (SPY total-return proxy),S&P 500,SPY,379.2879943847656,0.0085290571548344,1.280836145224464,Yahoo Finance via yfinance,"Adjusted close; dividends, capital distributions and splits included",2026-08-13
2022-11-16,sp500_spy,S&P 500 (SPY total-return proxy),S&P 500,SPY,376.39459228515625,-0.0076285095822837,1.2710652744172837,Yahoo Finance via yfinance,"Adjusted close; dividends, capital distributions and splits included",2026-08-13
2022-11-17,sp500_spy,S&P 500 (SPY total-return proxy),S&P 500,SPY,375.2428283691406,-0.0030599906046021,1.2671758266197308,Yahoo Finance via yfinance,"Adjusted close; dividends, capital distributions and splits included",2026-08-13
2022-11-18,sp500_spy,S&P 500 (SPY total-return proxy),S&P 500,SPY,376.9465942382813,0.0045404355268972,1.2729293567617403,Yahoo Finance via yfinance,"Adjusted close; dividends, capital distributions and splits included",2026-08-13
2022-11-21,sp500_spy,S&P 500 (SPY total-return proxy),S&P 500,SPY,375.5759887695313,-0.0036360733581362,1.2683008922408294,Yahoo Finance via yfinance,"Adjusted close; dividends, capital distributions and splits included",2026-08-13
2022-11-22,sp500_spy,S&P 500 (SPY total-return proxy),S&P 500,SPY,380.6300964355469,0.0134569509690276,1.2853683551616883,Yahoo Finance via yfinance,"Adjusted close; dividends, capital distributions and splits included",2026-08-13
2022-11-23,sp500_spy,S&P 500 (SPY total-return proxy),S&P 500,SPY,383.0286865234375,0.0063016301400034,1.2934682711295815,Yahoo Finance via yfinance,"Adjusted close; dividends, capital distributions and splits included",2026-08-13
2022-11-25,sp500_spy,S&P 500 (SPY total-return proxy),S&P 500,SPY,382.9429931640625,-0.0002237256957248,1.2931788890407252,Yahoo Finance via yfinance,"Adjusted close; dividends, capital distributions and splits included",2026-08-13
2022-11-28,sp500_spy,S&P 500 (SPY total-return proxy),S&P 500,SPY,376.8323059082031,-0.0159571721246807,1.2725434109202989,Yahoo Finance via yfinance,"Adjusted close; dividends, capital distributions and splits included",2026-08-13
2022-11-29,sp500_spy,S&P 500 (SPY total-return proxy),S&P 500,SPY,376.18505859375,-0.0017176003869763,1.270357689865258,Yahoo Finance via yfinance,"Adjusted close; dividends, capital distributions and splits included",2026-08-13
2022-11-30,sp500_spy,S&P 500 (SPY total-return proxy),S&P 500,SPY,388.0352478027344,0.031500956612372,1.3103751723358967,Yahoo Finance via yfinance,"Adjusted close; dividends, capital distributions and splits included",2026-08-13
2022-12-01,sp500_spy,S&P 500 (SPY total-return proxy),S&P 500,SPY,387.7496948242188,-0.000735894432613,1.3094108745419404,Yahoo Finance via yfinance,"Adjusted close; dividends, capital distributions and splits included",2026-08-13
2022-12-02,sp500_spy,S&P 500 (SPY total-return proxy),S&P 500,SPY,387.3023071289063,-0.0011538054092223,1.3079000691919993,Yahoo Finance via yfinance,"Adjusted close; dividends, capital distributions and splits included",2026-08-13
2022-12-05,sp500_spy,S&P 500 (SPY total-return proxy),S&P 500,SPY,380.3350524902344,-0.0179891896082946,1.2843720068586026,Yahoo Finance via yfinance,"Adjusted close; dividends, capital distributions and splits included",2026-08-13
2022-12-06,sp500_spy,S&P 500 (SPY total-return proxy),S&P 500,SPY,374.8525085449219,-0.0144150372399695,1.2658577365497614,Yahoo Finance via yfinance,"Adjusted close; dividends, capital distributions and splits included",2026-08-13
2022-12-07,sp500_spy,S&P 500 (SPY total-return proxy),S&P 500,SPY,374.21484375,-0.001701108517046,1.263704375172748,Yahoo Finance via yfinance,"Adjusted close; dividends, capital distributions and splits included",2026-08-13
2022-12-08,sp500_spy,S&P 500 (SPY total-return proxy),S&P 500,SPY,377.14642333984375,0.0078339479013351,1.2736041694105404,Yahoo Finance via yfinance,"Adjusted close; dividends, capital distributions and splits included",2026-08-13
2022-12-09,sp500_spy,S&P 500 (SPY total-return proxy),S&P 500,SPY,374.3290710449219,-0.0074701816604082,1.2640901149015904,Yahoo Finance via yfinance,"Adjusted close; dividends, capital distributions and splits included",2026-08-13
2022-12-12,sp500_spy,S&P 500 (SPY total-return proxy),S&P 500,SPY,379.7258605957031,0.0144172333068237,1.2823147970089763,Yahoo Finance via yfinance,"Adjusted close; dividends, capital distributions and splits included",2026-08-13
2022-12-13,sp500_spy,S&P 500 (SPY total-return proxy),S&P 500,SPY,382.6003112792969,0.0075698049089529,1.292021669854198,Yahoo Finance via yfinance,"Adjusted close; dividends, capital distributions and splits included",2026-08-13
2022-12-14,sp500_spy,S&P 500 (SPY total-return proxy),S&P 500,SPY,380.1541748046875,-0.0063934513446427,1.283761192171761,Yahoo Finance via yfinance,"Adjusted close; dividends, capital distributions and splits included",2026-08-13
2022-12-15,sp500_spy,S&P 500 (SPY total-return proxy),S&P 500,SPY,370.85498046875,-0.0244616393880592,1.2523582888284706,Yahoo Finance via yfinance,"Adjusted close; dividends, capital distributions and splits included",2026-08-13
2022-12-16,sp500_spy,S&P 500 (SPY total-return proxy),S&P 500,SPY,366.47662353515625,-0.0118061160404523,1.2375728015463392,Yahoo Finance via yfinance,"Adjusted close; dividends, capital distributions and splits included",2026-08-13
2022-12-19,sp500_spy,S&P 500 (SPY total-return proxy),S&P 500,SPY,363.3689880371094,-0.0084797645974512,1.227078475517018,Yahoo Finance via yfinance,"Adjusted close; dividends, capital distributions and splits included",2026-08-13
2022-12-20,sp500_spy,S&P 500 (SPY total-return proxy),S&P 500,SPY,363.8662414550781,0.0013684530995747,1.2287576748602609,Yahoo Finance via yfinance,"Adjusted close; dividends, capital distributions and splits included",2026-08-13
2022-12-21,sp500_spy,S&P 500 (SPY total-return proxy),S&P 500,SPY,369.3069152832031,0.0149524006579122,1.247130551926256,Yahoo Finance via yfinance,"Adjusted close; dividends, capital distributions and splits included",2026-08-13
2022-12-22,sp500_spy,S&P 500 (SPY total-return proxy),S&P 500,SPY,364.0382995605469,-0.0142662254743213,1.229338706276561,Yahoo Finance via yfinance,"Adjusted close; dividends, capital distributions and splits included",2026-08-13
2022-12-23,sp500_spy,S&P 500 (SPY total-return proxy),S&P 500,SPY,366.1323852539063,0.0057523774171215,1.2364103264885398,Yahoo Finance via yfinance,"Adjusted close; dividends, capital distributions and splits included",2026-08-13
2022-12-27,sp500_spy,S&P 500 (SPY total-return proxy),S&P 500,SPY,364.68853759765625,-0.0039435125501087,1.2315345268489482,Yahoo Finance via yfinance,"Adjusted close; dividends, capital distributions and splits included",2026-08-13
2022-12-28,sp500_spy,S&P 500 (SPY total-return proxy),S&P 500,SPY,360.15625,-0.0124278312324049,1.2162292235923895,Yahoo Finance via yfinance,"Adjusted close; dividends, capital distributions and splits included",2026-08-13
2022-12-29,sp500_spy,S&P 500 (SPY total-return proxy),S&P 500,SPY,366.6391296386719,0.0180001864154013,1.2381215763409117,Yahoo Finance via yfinance,"Adjusted close; dividends, capital distributions and splits included",2026-08-13
2022-12-30,sp500_spy,S&P 500 (SPY total-return proxy),S&P 500,SPY,365.6734008789063,-0.0026340035247121,1.2348603597448076,Yahoo Finance via yfinance,"Adjusted close; dividends, capital distributions and splits included",2026-08-13
2023-01-03,sp500_spy,S&P 500 (SPY total-return proxy),S&P 500,SPY,364.1339111328125,-0.0042100129306467,1.229661581662739,Yahoo Finance via yfinance,"Adjusted close; dividends, capital distributions and splits included",2026-08-13
2023-01-04,sp500_spy,S&P 500 (SPY total-return proxy),S&P 500,SPY,366.9451599121094,0.007720370702501,1.239155024911799,Yahoo Finance via yfinance,"Adjusted close; dividends, capital distributions and splits included",2026-08-13
2023-01-05,sp500_spy,S&P 500 (SPY total-return proxy),S&P 500,SPY,362.7570495605469,-0.0114134503165694,1.2250119906004409,Yahoo Finance via yfinance,"Adjusted close; dividends, capital distributions and splits included",2026-08-13
2023-01-06,sp500_spy,S&P 500 (SPY total-return proxy),S&P 500,SPY,371.0758361816406,0.0229321156712773,1.253104107267592,Yahoo Finance via yfinance,"Adjusted close; dividends, capital distributions and splits included",2026-08-13
2023-01-09,sp500_spy,S&P 500 (SPY total-return proxy),S&P 500,SPY,370.8654479980469,-0.0005669681587425,1.2523936371391815,Yahoo Finance via yfinance,"Adjusted close; dividends, capital distributions and splits included",2026-08-13
2023-01-10,sp500_spy,S&P 500 (SPY total-return proxy),S&P 500,SPY,373.46630859375,0.0070129493317394,1.2611766102598316,Yahoo Finance via yfinance,"Adjusted close; dividends, capital distributions and splits included",2026-08-13
2023-01-11,sp500_spy,S&P 500 (SPY total-return proxy),S&P 500,SPY,378.1898498535156,0.0126478377060346,1.277127767345045,Yahoo Finance via yfinance,"Adjusted close; dividends, capital distributions and splits included",2026-08-13
2023-01-12,sp500_spy,S&P 500 (SPY total-return proxy),S&P 500,SPY,379.5667419433594,0.0036407431092533,1.2817774614636426,Yahoo Finance via yfinance,"Adjusted close; dividends, capital distributions and splits included",2026-08-13
2023-01-13,sp500_spy,S&P 500 (SPY total-return proxy),S&P 500,SPY,381.0392761230469,0.0038795131842905,1.2867501340247174,Yahoo Finance via yfinance,"Adjusted close; dividends, capital distributions and splits included",2026-08-13
2023-01-17,sp500_spy,S&P 500 (SPY total-return proxy),S&P 500,SPY,380.34130859375,-0.0018317469432507,1.28439313339999,Yahoo Finance via yfinance,"Adjusted close; dividends, capital distributions and splits included",2026-08-13
2023-01-18,sp500_spy,S&P 500 (SPY total-return proxy),S&P 500,SPY,374.3363952636719,-0.0157882228261776,1.2641148484134586,Yahoo Finance via yfinance,"Adjusted close; dividends, capital distributions and splits included",2026-08-13
2023-01-19,sp500_spy,S&P 500 (SPY total-return proxy),S&P 500,SPY,371.611328125,-0.0072797280017413,1.254912436154046,Yahoo Finance via yfinance,"Adjusted close; dividends, capital distributions and splits included",2026-08-13
2023-01-20,sp500_spy,S&P 500 (SPY total-return proxy),S&P 500,SPY,378.5340576171875,0.0186289517252253,1.278290139346545,Yahoo Finance via yfinance,"Adjusted close; dividends, capital distributions and splits included",2026-08-13
2023-01-23,sp500_spy,S&P 500 (SPY total-return proxy),S&P 500,SPY,383.0759887695313,0.0119987384515265,1.2936280083937293,Yahoo Finance via yfinance,"Adjusted close; dividends, capital distributions and splits included",2026-08-13
2023-01-24,sp500_spy,S&P 500 (SPY total-return proxy),S&P 500,SPY,382.6647644042969,-0.001073479876813,1.2922393247586368,Yahoo Finance via yfinance,"Adjusted close; dividends, capital distributions and splits included",2026-08-13
2023-01-25,sp500_spy,S&P 500 (SPY total-return proxy),S&P 500,SPY,382.8082580566406,0.0003749852761256,1.292723895478652,Yahoo Finance via yfinance,"Adjusted close; dividends, capital distributions and splits included",2026-08-13
2023-01-26,sp500_spy,S&P 500 (SPY total-return proxy),S&P 500,SPY,387.0154113769531,0.0109902365786738,1.3069312369208672,Yahoo Finance via yfinance,"Adjusted close; dividends, capital distributions and splits included",2026-08-13
2023-01-27,sp500_spy,S&P 500 (SPY total-return proxy),S&P 500,SPY,387.9046630859375,0.0022977165323223,1.3099341944305487,Yahoo Finance via yfinance,"Adjusted close; dividends, capital distributions and splits included",2026-08-13
2023-01-30,sp500_spy,S&P 500 (SPY total-return proxy),S&P 500,SPY,383.0377502441406,-0.0125466726877646,1.293498878850518,Yahoo Finance via yfinance,"Adjusted close; dividends, capital distributions and splits included",2026-08-13
2023-01-31,sp500_spy,S&P 500 (SPY total-return proxy),S&P 500,SPY,388.6696166992188,0.0147031629427869,1.3125174036325693,Yahoo Finance via yfinance,"Adjusted close; dividends, capital distributions and splits included",2026-08-13
2023-02-01,sp500_spy,S&P 500 (SPY total-return proxy),S&P 500,SPY,392.80029296875,0.0106277313483134,1.326466485988362,Yahoo Finance via yfinance,"Adjusted close; dividends, capital distributions and splits included",2026-08-13
2023-02-02,sp500_spy,S&P 500 (SPY total-return proxy),S&P 500,SPY,398.5183410644531,0.0145571380624149,1.3457760417600613,Yahoo Finance via yfinance,"Adjusted close; dividends, capital distributions and splits included",2026-08-13
2023-02-03,sp500_spy,S&P 500 (SPY total-return proxy),S&P 500,SPY,394.2824401855469,-0.0106291240387883,1.331471621283764,Yahoo Finance via yfinance,"Adjusted close; dividends, capital distributions and splits included",2026-08-13
2023-02-06,sp500_spy,S&P 500 (SPY total-return proxy),S&P 500,SPY,391.872802734375,-0.0061114500814134,1.3233343989354698,Yahoo Finance via yfinance,"Adjusted close; dividends, capital distributions and splits included",2026-08-13
2023-02-07,sp500_spy,S&P 500 (SPY total-return proxy),S&P 500,SPY,396.9980163574219,0.0130787683842426,1.3406419830340477,Yahoo Finance via yfinance,"Adjusted close; dividends, capital distributions and splits included",2026-08-13
2023-02-08,sp500_spy,S&P 500 (SPY total-return proxy),S&P 500,SPY,392.6569519042969,-0.0109347258028027,1.3259824305498449,Yahoo Finance via yfinance,"Adjusted close; dividends, capital distributions and splits included",2026-08-13
2023-02-09,sp500_spy,S&P 500 (SPY total-return proxy),S&P 500,SPY,389.2528991699219,-0.0086692791707013,1.3144871186839628,Yahoo Finance via yfinance,"Adjusted close; dividends, capital distributions and splits included",2026-08-13
2023-02-10,sp500_spy,S&P 500 (SPY total-return proxy),S&P 500,SPY,390.1612548828125,0.002333587533523,1.3175545894371004,Yahoo Finance via yfinance,"Adjusted close; dividends, capital distributions and splits included",2026-08-13
2023-02-13,sp500_spy,S&P 500 (SPY total-return proxy),S&P 500,SPY,394.7413635253906,0.0117390145363198,1.3330213819148975,Yahoo Finance via yfinance,"Adjusted close; dividends, capital distributions and splits included",2026-08-13
2023-02-14,sp500_spy,S&P 500 (SPY total-return proxy),S&P 500,SPY,394.5596923828125,-0.0004602282896214,1.33240788776427,Yahoo Finance via yfinance,"Adjusted close; dividends, capital distributions and splits included",2026-08-13
2023-02-15,sp500_spy,S&P 500 (SPY total-return proxy),S&P 500,SPY,395.841064453125,0.0032476000337846,1.3367350156655882,Yahoo Finance via yfinance,"Adjusted close; dividends, capital distributions and splits included",2026-08-13
2023-02-16,sp500_spy,S&P 500 (SPY total-return proxy),S&P 500,SPY,390.3907470703125,-0.0137689539369605,1.3183295728089666,Yahoo Finance via yfinance,"Adjusted close; dividends, capital distributions and splits included",2026-08-13
2023-02-17,sp500_spy,S&P 500 (SPY total-return proxy),S&P 500,SPY,389.4154968261719,-0.0024981387275682,1.315036202647434,Yahoo Finance via yfinance,"Adjusted close; dividends, capital distributions and splits included",2026-08-13
2023-02-21,sp500_spy,S&P 500 (SPY total-return proxy),S&P 500,SPY,381.60345458984375,-0.0200609433882269,1.288655335832655,Yahoo Finance via yfinance,"Adjusted close; dividends, capital distributions and splits included",2026-08-13
2023-02-22,sp500_spy,S&P 500 (SPY total-return proxy),S&P 500,SPY,381.07757568359375,-0.0013780769013614,1.2868794696805277,Yahoo Finance via yfinance,"Adjusted close; dividends, capital distributions and splits included",2026-08-13
2023-02-23,sp500_spy,S&P 500 (SPY total-return proxy),S&P 500,SPY,383.1046752929688,0.0053193883312043,1.293724881315213,Yahoo Finance via yfinance,"Adjusted close; dividends, capital distributions and splits included",2026-08-13
2023-02-24,sp500_spy,S&P 500 (SPY total-return proxy),S&P 500,SPY,379.01220703125,-0.0106823761902387,1.2799048254463317,Yahoo Finance via yfinance,"Adjusted close; dividends, capital distributions and splits included",2026-08-13
2023-02-27,sp500_spy,S&P 500 (SPY total-return proxy),S&P 500,SPY,380.3030395507813,0.0034057808576726,1.2842639008004797,Yahoo Finance via yfinance,"Adjusted close; dividends, capital distributions and splits included",2026-08-13
2023-02-28,sp500_spy,S&P 500 (SPY total-return proxy),S&P 500,SPY,378.89752197265625,-0.0036957831832877,1.2795175398729977,Yahoo Finance via yfinance,"Adjusted close; dividends, capital distributions and splits included",2026-08-13
2023-03-01,sp500_spy,S&P 500 (SPY total-return proxy),S&P 500,SPY,377.4440612792969,-0.0038360258620647,1.2746092774990794,Yahoo Finance via yfinance,"Adjusted close; dividends, capital distributions and splits included",2026-08-13
2023-03-02,sp500_spy,S&P 500 (SPY total-return proxy),S&P 500,SPY,380.3795776367188,0.0077773547356192,1.284522365999501,Yahoo Finance via yfinance,"Adjusted close; dividends, capital distributions and splits included",2026-08-13
2023-03-03,sp500_spy,S&P 500 (SPY total-return proxy),S&P 500,SPY,386.4800109863281,0.0160377520462877,1.305123217203312,Yahoo Finance via yfinance,"Adjusted close; dividends, capital distributions and splits included",2026-08-13
2023-03-06,sp500_spy,S&P 500 (SPY total-return proxy),S&P 500,SPY,386.7477722167969,0.0006928203861964,1.3060274331746888,Yahoo Finance via yfinance,"Adjusted close; dividends, capital distributions and splits included",2026-08-13
2023-03-07,sp500_spy,S&P 500 (SPY total-return proxy),S&P 500,SPY,380.81939697265625,-0.0153287896402345,1.2860076133871785,Yahoo Finance via yfinance,"Adjusted close; dividends, capital distributions and splits included",2026-08-13
2023-03-08,sp500_spy,S&P 500 (SPY total-return proxy),S&P 500,SPY,381.44091796875,0.0016320623398771,1.288106457981783,Yahoo Finance via yfinance,"Adjusted close; dividends, capital distributions and splits included",2026-08-13
2023-03-09,sp500_spy,S&P 500 (SPY total-return proxy),S&P 500,SPY,374.40338134765625,-0.0184498733344342,1.2643410569907525,Yahoo Finance via yfinance,"Adjusted close; dividends, capital distributions and splits included",2026-08-13
2023-03-10,sp500_spy,S&P 500 (SPY total-return proxy),S&P 500,SPY,369.0009765625,-0.014429369643272,1.2460974125242674,Yahoo Finance via yfinance,"Adjusted close; dividends, capital distributions and splits included",2026-08-13
2023-03-13,sp500_spy,S&P 500 (SPY total-return proxy),S&P 500,SPY,368.47503662109375,-0.0014253077222335,1.2443213402595412,Yahoo Finance via yfinance,"Adjusted close; dividends, capital distributions and splits included",2026-08-13
2023-03-14,sp500_spy,S&P 500 (SPY total-return proxy),S&P 500,SPY,374.56591796875,0.0165299701263603,1.264889934841624,Yahoo Finance via yfinance,"Adjusted close; dividends, capital distributions and splits included",2026-08-13
2023-03-15,sp500_spy,S&P 500 (SPY total-return proxy),S&P 500,SPY,372.2232666015625,-0.0062543100020726,1.256978921070623,Yahoo Finance via yfinance,"Adjusted close; dividends, capital distributions and splits included",2026-08-13
2023-03-16,sp500_spy,S&P 500 (SPY total-return proxy),S&P 500,SPY,378.7540588378906,0.0175453627494996,1.2790330722092818,Yahoo Finance via yfinance,"Adjusted close; dividends, capital distributions and splits included",2026-08-13
2023-03-17,sp500_spy,S&P 500 (SPY total-return proxy),S&P 500,SPY,374.3253173828125,-0.0116929214400146,1.264077438976758,Yahoo Finance via yfinance,"Adjusted close; dividends, capital distributions and splits included",2026-08-13
2023-03-20,sp500_spy,S&P 500 (SPY total-return proxy),S&P 500,SPY,377.9247741699219,0.0096158518271642,1.27623262032802,Yahoo Finance via yfinance,"Adjusted close; dividends, capital distributions and splits included",2026-08-13
2023-03-21,sp500_spy,S&P 500 (SPY total-return proxy),S&P 500,SPY,382.8870849609375,0.0131304194119448,1.292990089900132,Yahoo Finance via yfinance,"Adjusted close; dividends, capital distributions and splits included",2026-08-13
2023-03-22,sp500_spy,S&P 500 (SPY total-return proxy),S&P 500,SPY,376.3601989746094,-0.0170465033757771,1.270949129967803,Yahoo Finance via yfinance,"Adjusted close; dividends, capital distributions and splits included",2026-08-13
2023-03-23,sp500_spy,S&P 500 (SPY total-return proxy),S&P 500,SPY,377.3776245117188,0.0027033292571354,1.274384923935176,Yahoo Finance via yfinance,"Adjusted close; dividends, capital distributions and splits included",2026-08-13
2023-03-24,sp500_spy,S&P 500 (SPY total-return proxy),S&P 500,SPY,379.8540344238281,0.0065621535333832,1.2827476334666674,Yahoo Finance via yfinance,"Adjusted close; dividends, capital distributions and splits included",2026-08-13
2023-03-27,sp500_spy,S&P 500 (SPY total-return proxy),S&P 500,SPY,380.5642395019531,0.0018696789128547,1.2851459596674744,Yahoo Finance via yfinance,"Adjusted close; dividends, capital distributions and splits included",2026-08-13
2023-03-28,sp500_spy,S&P 500 (SPY total-return proxy),S&P 500,SPY,379.7099914550781,-0.0022446881714187,1.2822612077332622,Yahoo Finance via yfinance,"Adjusted close; dividends, capital distributions and splits included",2026-08-13
2023-03-29,sp500_spy,S&P 500 (SPY total-return proxy),S&P 500,SPY,385.2290344238281,0.0145348900290998,1.3008987333762458,Yahoo Finance via yfinance,"Adjusted close; dividends, capital distributions and splits included",2026-08-13
2023-03-30,sp500_spy,S&P 500 (SPY total-return proxy),S&P 500,SPY,387.4846801757813,0.0058553368266407,1.308515933637514,Yahoo Finance via yfinance,"Adjusted close; dividends, capital distributions and splits included",2026-08-13
2023-03-31,sp500_spy,S&P 500 (SPY total-return proxy),S&P 500,SPY,392.9461364746094,0.014094638003109,1.326958992043435,Yahoo Finance via yfinance,"Adjusted close; dividends, capital distributions and splits included",2026-08-13
2023-04-03,sp500_spy,S&P 500 (SPY total-return proxy),S&P 500,SPY,394.4434814453125,0.0038105603585694,1.332015449375963,Yahoo Finance via yfinance,"Adjusted close; dividends, capital distributions and splits included",2026-08-13
2023-04-04,sp500_spy,S&P 500 (SPY total-return proxy),S&P 500,SPY,392.2550659179688,-0.0055481092483136,1.3246252821423836,Yahoo Finance via yfinance,"Adjusted close; dividends, capital distributions and splits included",2026-08-13
2023-04-05,sp500_spy,S&P 500 (SPY total-return proxy),S&P 500,SPY,391.22802734375,-0.0026182926963995,1.321157025440684,Yahoo Finance via yfinance,"Adjusted close; dividends, capital distributions and splits included",2026-08-13
2023-04-06,sp500_spy,S&P 500 (SPY total-return proxy),S&P 500,SPY,392.754150390625,0.0039008530580915,1.3263106648635934,Yahoo Finance via yfinance,"Adjusted close; dividends, capital distributions and splits included",2026-08-13
2023-04-10,sp500_spy,S&P 500 (SPY total-return proxy),S&P 500,SPY,393.1573181152344,0.0010265142308703,1.327672141635631,Yahoo Finance via yfinance,"Adjusted close; dividends, capital distributions and splits included",2026-08-13
2023-04-11,sp500_spy,S&P 500 (SPY total-return proxy),S&P 500,SPY,393.2628784179688,0.0002684938010066,1.328028613375429,Yahoo Finance via yfinance,"Adjusted close; dividends, capital distributions and splits included",2026-08-13
2023-04-12,sp500_spy,S&P 500 (SPY total-return proxy),S&P 500,SPY,391.6599426269531,-0.0040759905879343,1.3226155812468037,Yahoo Finance via yfinance,"Adjusted close; dividends, capital distributions and splits included",2026-08-13
2023-04-13,sp500_spy,S&P 500 (SPY total-return proxy),S&P 500,SPY,396.8622131347656,0.0132826208187635,1.3401833825014933,Yahoo Finance via yfinance,"Adjusted close; dividends, capital distributions and splits included",2026-08-13
2023-04-14,sp500_spy,S&P 500 (SPY total-return proxy),S&P 500,SPY,395.8928527832031,-0.0024425614721684,1.336909902205755,Yahoo Finance via yfinance,"Adjusted close; dividends, capital distributions and splits included",2026-08-13
2023-04-17,sp500_spy,S&P 500 (SPY total-return proxy),S&P 500,SPY,397.3133544921875,0.003588096372536,1.3417068637762668,Yahoo Finance via yfinance,"Adjusted close; dividends, capital distributions and splits included",2026-08-13
2023-04-18,sp500_spy,S&P 500 (SPY total-return proxy),S&P 500,SPY,397.5725402832031,0.0006523460338927,1.342582120927498,Yahoo Finance via yfinance,"Adjusted close; dividends, capital distributions and splits included",2026-08-13
2023-04-19,sp500_spy,S&P 500 (SPY total-return proxy),S&P 500,SPY,397.5053405761719,-0.0001690250211531,1.3423551909561084,Yahoo Finance via yfinance,"Adjusted close; dividends, capital distributions and splits included",2026-08-13
2023-04-20,sp500_spy,S&P 500 (SPY total-return proxy),S&P 500,SPY,395.3360595703125,-0.0054572373863331,1.3350296400222843,Yahoo Finance via yfinance,"Adjusted close; dividends, capital distributions and splits included",2026-08-13
2023-04-21,sp500_spy,S&P 500 (SPY total-return proxy),S&P 500,SPY,395.6432800292969,0.0007771121595088,1.3360671077888504,Yahoo Finance via yfinance,"Adjusted close; dividends, capital distributions and splits included",2026-08-13
2023-04-24,sp500_spy,S&P 500 (SPY total-return proxy),S&P 500,SPY,396.0559387207031,0.0010430069515541,1.337460635070017,Yahoo Finance via yfinance,"Adjusted close; dividends, capital distributions and splits included",2026-08-13
2023-04-25,sp500_spy,S&P 500 (SPY total-return proxy),S&P 500,SPY,389.7690734863281,-0.0158736800025828,1.3162302129328642,Yahoo Finance via yfinance,"Adjusted close; dividends, capital distributions and splits included",2026-08-13
2023-04-26,sp500_spy,S&P 500 (SPY total-return proxy),S&P 500,SPY,388.1181640625,-0.0042356090724731,1.3106551763015026,Yahoo Finance via yfinance,"Adjusted close; dividends, capital distributions and splits included",2026-08-13
2023-04-27,sp500_spy,S&P 500 (SPY total-return proxy),S&P 500,SPY,395.84478759765625,0.0199079152964147,1.3367475885341205,Yahoo Finance via yfinance,"Adjusted close; dividends, capital distributions and splits included",2026-08-13
2023-04-28,sp500_spy,S&P 500 (SPY total-return proxy),S&P 500,SPY,399.2233581542969,0.0085350891624589,1.348156848389961,Yahoo Finance via yfinance,"Adjusted close; dividends, capital distributions and splits included",2026-08-13
2023-05-01,sp500_spy,S&P 500 (SPY total-return proxy),S&P 500,SPY,398.8202819824219,-0.0010096507722857,1.3467956807868218,Yahoo Finance via yfinance,"Adjusted close; dividends, capital distributions and splits included",2026-08-13
2023-05-02,sp500_spy,S&P 500 (SPY total-return proxy),S&P 500,SPY,394.33782958984375,-0.0112392789310943,1.3316586684672655,Yahoo Finance via yfinance,"Adjusted close; dividends, capital distributions and splits included",2026-08-13
2023-05-03,sp500_spy,S&P 500 (SPY total-return proxy),S&P 500,SPY,391.631103515625,-0.0068639777143219,1.3225181930438226,Yahoo Finance via yfinance,"Adjusted close; dividends, capital distributions and splits included",2026-08-13
2023-05-04,sp500_spy,S&P 500 (SPY total-return proxy),S&P 500,SPY,388.8572387695313,-0.0070828509819396,1.313150993761589,Yahoo Finance via yfinance,"Adjusted close; dividends, capital distributions and splits included",2026-08-13
2023-05-05,sp500_spy,S&P 500 (SPY total-return proxy),S&P 500,SPY,396.0559387207031,0.0185124493861832,1.337460635070017,Yahoo Finance via yfinance,"Adjusted close; dividends, capital distributions and splits included",2026-08-13
2023-05-08,sp500_spy,S&P 500 (SPY total-return proxy),S&P 500,SPY,396.1615295410156,0.0002666058250597,1.3378172098661143,Yahoo Finance via yfinance,"Adjusted close; dividends, capital distributions and splits included",2026-08-13
2023-05-09,sp500_spy,S&P 500 (SPY total-return proxy),S&P 500,SPY,394.4242248535156,-0.0043853442546851,1.3319504208510091,Yahoo Finance via yfinance,"Adjusted close; dividends, capital distributions and splits included",2026-08-13
2023-05-10,sp500_spy,S&P 500 (SPY total-return proxy),S&P 500,SPY,396.2671203613281,0.0046723689664267,1.3381737846622124,Yahoo Finance via yfinance,"Adjusted close; dividends, capital distributions and splits included",2026-08-13
2023-05-11,sp500_spy,S&P 500 (SPY total-return proxy),S&P 500,SPY,395.5760192871094,-0.0017440283049185,1.3358399717048617,Yahoo Finance via yfinance,"Adjusted close; dividends, capital distributions and splits included",2026-08-13
2023-05-12,sp500_spy,S&P 500 (SPY total-return proxy),S&P 500,SPY,395.0577697753906,-0.0013101135722349,1.334089869627597,Yahoo Finance via yfinance,"Adjusted close; dividends, capital distributions and splits included",2026-08-13
2023-05-15,sp500_spy,S&P 500 (SPY total-return proxy),S&P 500,SPY,396.4207763671875,0.0034501450068222,1.3386926731299449,Yahoo Finance via yfinance,"Adjusted close; dividends, capital distributions and splits included",2026-08-13
2023-05-16,sp500_spy,S&P 500 (SPY total-return proxy),S&P 500,SPY,393.7716064453125,-0.0066827221977416,1.329746561887265,Yahoo Finance via yfinance,"Adjusted close; dividends, capital distributions and splits included",2026-08-13
2023-05-17,sp500_spy,S&P 500 (SPY total-return proxy),S&P 500,SPY,398.5515441894531,0.0121388583277766,1.3458881670138625,Yahoo Finance via yfinance,"Adjusted close; dividends, capital distributions and splits included",2026-08-13
2023-05-18,sp500_spy,S&P 500 (SPY total-return proxy),S&P 500,SPY,402.3909301757813,0.009633348665444,1.3588535769914023,Yahoo Finance via yfinance,"Adjusted close; dividends, capital distributions and splits included",2026-08-13
2023-05-19,sp500_spy,S&P 500 (SPY total-return proxy),S&P 500,SPY,401.8053588867188,-0.0014552298403115,1.3568761327175505,Yahoo Finance via yfinance,"Adjusted close; dividends, capital distributions and splits included",2026-08-13
2023-05-22,sp500_spy,S&P 500 (SPY total-return proxy),S&P 500,SPY,401.9685668945313,0.0004061867374409,1.3574272778070104,Yahoo Finance via yfinance,"Adjusted close; dividends, capital distributions and splits included",2026-08-13
2023-05-23,sp500_spy,S&P 500 (SPY total-return proxy),S&P 500,SPY,397.4573364257813,-0.0112228438745899,1.3421930833970728,Yahoo Finance via yfinance,"Adjusted close; dividends, capital distributions and splits included",2026-08-13
2023-05-24,sp500_spy,S&P 500 (SPY total-return proxy),S&P 500,SPY,394.5777893066406,-0.0072449212915166,1.332469000149843,Yahoo Finance via yfinance,"Adjusted close; dividends, capital distributions and splits included",2026-08-13
2023-05-25,sp500_spy,S&P 500 (SPY total-return proxy),S&P 500,SPY,397.9948425292969,0.0086600242468304,1.3440082139992904,Yahoo Finance via yfinance,"Adjusted close; dividends, capital distributions and splits included",2026-08-13
2023-05-26,sp500_spy,S&P 500 (SPY total-return proxy),S&P 500,SPY,403.1491088867188,0.0129505858032381,1.361413907694945,Yahoo Finance via yfinance,"Adjusted close; dividends, capital distributions and splits included",2026-08-13
2023-05-30,sp500_spy,S&P 500 (SPY total-return proxy),S&P 500,SPY,403.30267333984375,0.000380912297063,1.3619324869937786,Yahoo Finance via yfinance,"Adjusted close; dividends, capital distributions and splits included",2026-08-13
2023-05-31,sp500_spy,S&P 500 (SPY total-return proxy),S&P 500,SPY,401.0662841796875,-0.0055451880386415,1.3543803152574634,Yahoo Finance via yfinance,"Adjusted close; dividends, capital distributions and splits included",2026-08-13
2023-06-01,sp500_spy,S&P 500 (SPY total-return proxy),S&P 500,SPY,404.8768615722656,0.009501116256561,1.3672484400883222,Yahoo Finance via yfinance,"Adjusted close; dividends, capital distributions and splits included",2026-08-13
2023-06-02,sp500_spy,S&P 500 (SPY total-return proxy),S&P 500,SPY,410.7318115234375,0.0144610633673538,1.3870203064193551,Yahoo Finance via yfinance,"Adjusted close; dividends, capital distributions and splits included",2026-08-13
2023-06-05,sp500_spy,S&P 500 (SPY total-return proxy),S&P 500,SPY,409.9447326660156,-0.0019162841429363,1.384362381400233,Yahoo Finance via yfinance,"Adjusted close; dividends, capital distributions and splits included",2026-08-13
2023-06-06,sp500_spy,S&P 500 (SPY total-return proxy),S&P 500,SPY,410.8374328613281,0.0021776110879798,1.3873769842717525,Yahoo Finance via yfinance,"Adjusted close; dividends, capital distributions and splits included",2026-08-13
2023-06-07,sp500_spy,S&P 500 (SPY total-return proxy),S&P 500,SPY,409.4168395996094,-0.0034577989932048,1.382579713532342,Yahoo Finance via yfinance,"Adjusted close; dividends, capital distributions and splits included",2026-08-13
2023-06-08,sp500_spy,S&P 500 (SPY total-return proxy),S&P 500,SPY,411.8932495117188,0.0060486273953244,1.3909424230638336,Yahoo Finance via yfinance,"Adjusted close; dividends, capital distributions and splits included",2026-08-13
2023-06-09,sp500_spy,S&P 500 (SPY total-return proxy),S&P 500,SPY,412.63226318359375,0.0017941873841125,1.3934380344113215,Yahoo Finance via yfinance,"Adjusted close; dividends, capital distributions and splits included",2026-08-13
2023-06-12,sp500_spy,S&P 500 (SPY total-return proxy),S&P 500,SPY,416.3756103515625,0.0090718722261018,1.4060791262144918,Yahoo Finance via yfinance,"Adjusted close; dividends, capital distributions and splits included",2026-08-13
2023-06-13,sp500_spy,S&P 500 (SPY total-return proxy),S&P 500,SPY,419.1208190917969,0.0065931064932369,1.4153495556315416,Yahoo Finance via yfinance,"Adjusted close; dividends, capital distributions and splits included",2026-08-13
2023-06-14,sp500_spy,S&P 500 (SPY total-return proxy),S&P 500,SPY,419.6198120117188,0.0011905705877439,1.4170346291838531,Yahoo Finance via yfinance,"Adjusted close; dividends, capital distributions and splits included",2026-08-13
2023-06-15,sp500_spy,S&P 500 (SPY total-return proxy),S&P 500,SPY,424.8221435546875,0.012397726213231,1.434602636551142,Yahoo Finance via yfinance,"Adjusted close; dividends, capital distributions and splits included",2026-08-13
2023-06-16,sp500_spy,S&P 500 (SPY total-return proxy),S&P 500,SPY,423.3751525878906,-0.0034061100362829,1.429716222112707,Yahoo Finance via yfinance,"Adjusted close; dividends, capital distributions and splits included",2026-08-13
2023-06-20,sp500_spy,S&P 500 (SPY total-return proxy),S&P 500,SPY,421.1785583496094,-0.0051882927584543,1.422298435790875,Yahoo Finance via yfinance,"Adjusted close; dividends, capital distributions and splits included",2026-08-13
2023-06-21,sp500_spy,S&P 500 (SPY total-return proxy),S&P 500,SPY,419.0205993652344,-0.0051236202356335,1.415011118744147,Yahoo Finance via yfinance,"Adjusted close; dividends, capital distributions and splits included",2026-08-13
2023-06-22,sp500_spy,S&P 500 (SPY total-return proxy),S&P 500,SPY,420.53314208984375,0.0036097097061593,1.420118898113801,Yahoo Finance via yfinance,"Adjusted close; dividends, capital distributions and splits included",2026-08-13
2023-06-23,sp500_spy,S&P 500 (SPY total-return proxy),S&P 500,SPY,417.3539123535156,-0.0075599980551566,1.4093828020059695,Yahoo Finance via yfinance,"Adjusted close; dividends, capital distributions and splits included",2026-08-13
2023-06-26,sp500_spy,S&P 500 (SPY total-return proxy),S&P 500,SPY,415.6486511230469,-0.0040858877321948,1.403624222105287,Yahoo Finance via yfinance,"Adjusted close; dividends, capital distributions and splits included",2026-08-13
2023-06-27,sp500_spy,S&P 500 (SPY total-return proxy),S&P 500,SPY,420.20556640625,0.0109633828255926,1.419012691795502,Yahoo Finance via yfinance,"Adjusted close; dividends, capital distributions and splits included",2026-08-13
2023-06-28,sp500_spy,S&P 500 (SPY total-return proxy),S&P 500,SPY,420.4175415039063,0.0005044557107349,1.4197285208514836,Yahoo Finance via yfinance,"Adjusted close; dividends, capital distributions and splits included",2026-08-13
2023-06-29,sp500_spy,S&P 500 (SPY total-return proxy),S&P 500,SPY,422.0745544433594,0.0039413506237768,1.4253241687427354,Yahoo Finance via yfinance,"Adjusted close; dividends, capital distributions and splits included",2026-08-13
2023-06-30,sp500_spy,S&P 500 (SPY total-return proxy),S&P 500,SPY,427.0553894042969,0.0118008416013286,1.442144193488614,Yahoo Finance via yfinance,"Adjusted close; dividends, capital distributions and splits included",2026-08-13
2023-07-03,sp500_spy,S&P 500 (SPY total-return proxy),S&P 500,SPY,427.5466613769531,0.0011503706189999,1.4438031937971645,Yahoo Finance via yfinance,"Adjusted close; dividends, capital distributions and splits included",2026-08-13
2023-07-05,sp500_spy,S&P 500 (SPY total-return proxy),S&P 500,SPY,426.9108276367188,-0.0014871680629819,1.441656015798118,Yahoo Finance via yfinance,"Adjusted close; dividends, capital distributions and splits included",2026-08-13
2023-07-06,sp500_spy,S&P 500 (SPY total-return proxy),S&P 500,SPY,423.5678405761719,-0.0078306448188557,1.4303669195874362,Yahoo Finance via yfinance,"Adjusted close; dividends, capital distributions and splits included",2026-08-13
2023-07-07,sp500_spy,S&P 500 (SPY total-return proxy),S&P 500,SPY,422.4984130859375,-0.0025248080420355,1.4267555176858002,Yahoo Finance via yfinance,"Adjusted close; dividends, capital distributions and splits included",2026-08-13
2023-07-10,sp500_spy,S&P 500 (SPY total-return proxy),S&P 500,SPY,423.5678405761719,0.0025311988332057,1.4303669195874364,Yahoo Finance via yfinance,"Adjusted close; dividends, capital distributions and splits included",2026-08-13
2023-07-11,sp500_spy,S&P 500 (SPY total-return proxy),S&P 500,SPY,426.2653198242188,0.0063684703833453,1.4394761689521458,Yahoo Finance via yfinance,"Adjusted close; dividends, capital distributions and splits included",2026-08-13
2023-07-12,sp500_spy,S&P 500 (SPY total-return proxy),S&P 500,SPY,429.6950378417969,0.0080459700990744,1.4510581511658651,Yahoo Finance via yfinance,"Adjusted close; dividends, capital distributions and splits included",2026-08-13
2023-07-13,sp500_spy,S&P 500 (SPY total-return proxy),S&P 500,SPY,433.1054992675781,0.0079369346290587,1.4625751048546314,Yahoo Finance via yfinance,"Adjusted close; dividends, capital distributions and splits included",2026-08-13
2023-07-14,sp500_spy,S&P 500 (SPY total-return proxy),S&P 500,SPY,432.835693359375,-0.00062295655137,1.4616639841111916,Yahoo Finance via yfinance,"Adjusted close; dividends, capital distributions and splits included",2026-08-13
2023-07-17,sp500_spy,S&P 500 (SPY total-return proxy),S&P 500,SPY,434.3385925292969,0.0034722163467098,1.4667391976902195,Yahoo Finance via yfinance,"Adjusted close; dividends, capital distributions and splits included",2026-08-13
2023-07-18,sp500_spy,S&P 500 (SPY total-return proxy),S&P 500,SPY,437.5660400390625,0.0074307177977694,1.4776381227511823,Yahoo Finance via yfinance,"Adjusted close; dividends, capital distributions and splits included",2026-08-13
2023-07-19,sp500_spy,S&P 500 (SPY total-return proxy),S&P 500,SPY,438.5390930175781,0.0022237854163196,1.4809240728591544,Yahoo Finance via yfinance,"Adjusted close; dividends, capital distributions and splits included",2026-08-13
2023-07-20,sp500_spy,S&P 500 (SPY total-return proxy),S&P 500,SPY,435.6295471191406,-0.0066346329090457,1.4710986852695649,Yahoo Finance via yfinance,"Adjusted close; dividends, capital distributions and splits included",2026-08-13
2023-07-21,sp500_spy,S&P 500 (SPY total-return proxy),S&P 500,SPY,435.6295471191406,0.0,1.4710986852695649,Yahoo Finance via yfinance,"Adjusted close; dividends, capital distributions and splits included",2026-08-13
2023-07-24,sp500_spy,S&P 500 (SPY total-return proxy),S&P 500,SPY,437.5756530761719,0.0044673415058757,1.477670585485509,Yahoo Finance via yfinance,"Adjusted close; dividends, capital distributions and splits included",2026-08-13
2023-07-25,sp500_spy,S&P 500 (SPY total-return proxy),S&P 500,SPY,438.770263671875,0.0027300664177838,1.48170472432749,Yahoo Finance via yfinance,"Adjusted close; dividends, capital distributions and splits included",2026-08-13
2023-07-26,sp500_spy,S&P 500 (SPY total-return proxy),S&P 500,SPY,438.8376770019531,0.0001536415196279,1.4819323756929754,Yahoo Finance via yfinance,"Adjusted close; dividends, capital distributions and splits included",2026-08-13
2023-07-27,sp500_spy,S&P 500 (SPY total-return proxy),S&P 500,SPY,435.9282531738281,-0.0066298405551719,1.472107400328584,Yahoo Finance via yfinance,"Adjusted close; dividends, capital distributions and splits included",2026-08-13
2023-07-28,sp500_spy,S&P 500 (SPY total-return proxy),S&P 500,SPY,440.1960754394531,0.0097901942224496,1.4865196176941062,Yahoo Finance via yfinance,"Adjusted close; dividends, capital distributions and splits included",2026-08-13
2023-07-31,sp500_spy,S&P 500 (SPY total-return proxy),S&P 500,SPY,441.03424072265625,0.0019040725939374,1.489350058958508,Yahoo Finance via yfinance,"Adjusted close; dividends, capital distributions and splits included",2026-08-13
2023-08-01,sp500_spy,S&P 500 (SPY total-return proxy),S&P 500,SPY,439.7721557617188,-0.0028616484717138,1.4850880626384424,Yahoo Finance via yfinance,"Adjusted close; dividends, capital distributions and splits included",2026-08-13
2023-08-02,sp500_spy,S&P 500 (SPY total-return proxy),S&P 500,SPY,433.6546020507813,-0.0139107345264763,1.46442939685064,Yahoo Finance via yfinance,"Adjusted close; dividends, capital distributions and splits included",2026-08-13
2023-08-03,sp500_spy,S&P 500 (SPY total-return proxy),S&P 500,SPY,432.411865234375,-0.0028657295703291,1.4602327382244258,Yahoo Finance via yfinance,"Adjusted close; dividends, capital distributions and splits included",2026-08-13
2023-08-04,sp500_spy,S&P 500 (SPY total-return proxy),S&P 500,SPY,430.4561462402344,-0.0045228152864875,1.4536283752741548,Yahoo Finance via yfinance,"Adjusted close; dividends, capital distributions and splits included",2026-08-13
2023-08-07,sp500_spy,S&P 500 (SPY total-return proxy),S&P 500,SPY,434.21337890625,0.0087284911571892,1.4663163576935745,Yahoo Finance via yfinance,"Adjusted close; dividends, capital distributions and splits included",2026-08-13
2023-08-08,sp500_spy,S&P 500 (SPY total-return proxy),S&P 500,SPY,432.3251037597656,-0.0043487263134102,1.4599397491650887,Yahoo Finance via yfinance,"Adjusted close; dividends, capital distributions and splits included",2026-08-13
2023-08-09,sp500_spy,S&P 500 (SPY total-return proxy),S&P 500,SPY,429.43499755859375,-0.0066850297982645,1.4501800084382492,Yahoo Finance via yfinance,"Adjusted close; dividends, capital distributions and splits included",2026-08-13
2023-08-10,sp500_spy,S&P 500 (SPY total-return proxy),S&P 500,SPY,429.5890808105469,0.0003588045986682,1.4507003396941736,Yahoo Finance via yfinance,"Adjusted close; dividends, capital distributions and splits included",2026-08-13
2023-08-11,sp500_spy,S&P 500 (SPY total-return proxy),S&P 500,SPY,429.3385925292969,-0.0005830881007901,1.4498544535882858,Yahoo Finance via yfinance,"Adjusted close; dividends, capital distributions and splits included",2026-08-13
2023-08-14,sp500_spy,S&P 500 (SPY total-return proxy),S&P 500,SPY,431.7085571289063,0.0055200362623997,1.4578577027472948,Yahoo Finance via yfinance,"Adjusted close; dividends, capital distributions and splits included",2026-08-13
2023-08-15,sp500_spy,S&P 500 (SPY total-return proxy),S&P 500,SPY,426.6795959472656,-0.0116489726659251,1.440875158217183,Yahoo Finance via yfinance,"Adjusted close; dividends, capital distributions and splits included",2026-08-13
2023-08-16,sp500_spy,S&P 500 (SPY total-return proxy),S&P 500,SPY,423.5485534667969,-0.007338158445373,1.4303017880061837,Yahoo Finance via yfinance,"Adjusted close; dividends, capital distributions and splits included",2026-08-13
2023-08-17,sp500_spy,S&P 500 (SPY total-return proxy),S&P 500,SPY,420.3211975097656,-0.0076198016274992,1.419403172114119,Yahoo Finance via yfinance,"Adjusted close; dividends, capital distributions and splits included",2026-08-13
2023-08-18,sp500_spy,S&P 500 (SPY total-return proxy),S&P 500,SPY,420.52349853515625,0.000481301030234,1.420086332323175,Yahoo Finance via yfinance,"Adjusted close; dividends, capital distributions and splits included",2026-08-13
2023-08-21,sp500_spy,S&P 500 (SPY total-return proxy),S&P 500,SPY,423.259521484375,0.0065062308259808,1.42932574179409,Yahoo Finance via yfinance,"Adjusted close; dividends, capital distributions and splits included",2026-08-13
2023-08-22,sp500_spy,S&P 500 (SPY total-return proxy),S&P 500,SPY,422.1130676269531,-0.0027086309916933,1.4254542257926417,Yahoo Finance via yfinance,"Adjusted close; dividends, capital distributions and splits included",2026-08-13
2023-08-23,sp500_spy,S&P 500 (SPY total-return proxy),S&P 500,SPY,426.814453125,0.0111377397636069,1.4413305640044538,Yahoo Finance via yfinance,"Adjusted close; dividends, capital distributions and splits included",2026-08-13
2023-08-24,sp500_spy,S&P 500 (SPY total-return proxy),S&P 500,SPY,420.899169921875,-0.0138591445528968,1.4213549553694078,Yahoo Finance via yfinance,"Adjusted close; dividends, capital distributions and splits included",2026-08-13
2023-08-25,sp500_spy,S&P 500 (SPY total-return proxy),S&P 500,SPY,423.8664855957031,0.0070499442286353,1.431375428533857,Yahoo Finance via yfinance,"Adjusted close; dividends, capital distributions and splits included",2026-08-13
2023-08-28,sp500_spy,S&P 500 (SPY total-return proxy),S&P 500,SPY,426.5543518066406,0.0063413039300805,1.4404522151642392,Yahoo Finance via yfinance,"Adjusted close; dividends, capital distributions and splits included",2026-08-13
2023-08-29,sp500_spy,S&P 500 (SPY total-return proxy),S&P 500,SPY,432.72015380859375,0.0144549035212941,1.4612738129614726,Yahoo Finance via yfinance,"Adjusted close; dividends, capital distributions and splits included",2026-08-13
2023-08-30,sp500_spy,S&P 500 (SPY total-return proxy),S&P 500,SPY,434.50244140625,0.0041187996028597,1.4672925069619678,Yahoo Finance via yfinance,"Adjusted close; dividends, capital distributions and splits included",2026-08-13
2023-08-31,sp500_spy,S&P 500 (SPY total-return proxy),S&P 500,SPY,433.8665771484375,-0.0014634308054853,1.4651452259066218,Yahoo Finance via yfinance,"Adjusted close; dividends, capital distributions and splits included",2026-08-13
2023-09-01,sp500_spy,S&P 500 (SPY total-return proxy),S&P 500,SPY,434.67584228515625,0.0018652396366587,1.467878072855444,Yahoo Finance via yfinance,"Adjusted close; dividends, capital distributions and splits included",2026-08-13
2023-09-05,sp500_spy,S&P 500 (SPY total-return proxy),S&P 500,SPY,432.7971801757813,-0.0043219841698554,1.461533927061285,Yahoo Finance via yfinance,"Adjusted close; dividends, capital distributions and splits included",2026-08-13
2023-09-06,sp500_spy,S&P 500 (SPY total-return proxy),S&P 500,SPY,429.8876953125,-0.0067225134463666,1.4517087455842943,Yahoo Finance via yfinance,"Adjusted close; dividends, capital distributions and splits included",2026-08-13
2023-09-07,sp500_spy,S&P 500 (SPY total-return proxy),S&P 500,SPY,428.5679016113281,-0.0030700895037539,1.4472518698019683,Yahoo Finance via yfinance,"Adjusted close; dividends, capital distributions and splits included",2026-08-13
2023-09-08,sp500_spy,S&P 500 (SPY total-return proxy),S&P 500,SPY,429.2133483886719,0.0015060548746581,1.4494315105353417,Yahoo Finance via yfinance,"Adjusted close; dividends, capital distributions and splits included",2026-08-13
2023-09-11,sp500_spy,S&P 500 (SPY total-return proxy),S&P 500,SPY,432.0361022949219,0.0065765753018796,1.4589638060092944,Yahoo Finance via yfinance,"Adjusted close; dividends, capital distributions and splits included",2026-08-13
2023-09-12,sp500_spy,S&P 500 (SPY total-return proxy),S&P 500,SPY,429.6661376953125,-0.0054855707359185,1.4509605568502857,Yahoo Finance via yfinance,"Adjusted close; dividends, capital distributions and splits included",2026-08-13
2023-09-13,sp500_spy,S&P 500 (SPY total-return proxy),S&P 500,SPY,430.1670837402344,0.0011658960317628,1.4526522260057615,Yahoo Finance via yfinance,"Adjusted close; dividends, capital distributions and splits included",2026-08-13
2023-09-14,sp500_spy,S&P 500 (SPY total-return proxy),S&P 500,SPY,433.8761901855469,0.0086224785333699,1.4651776886409484,Yahoo Finance via yfinance,"Adjusted close; dividends, capital distributions and splits included",2026-08-13
2023-09-15,sp500_spy,S&P 500 (SPY total-return proxy),S&P 500,SPY,428.6487426757813,-0.0120482470068941,1.447524865939212,Yahoo Finance via yfinance,"Adjusted close; dividends, capital distributions and splits included",2026-08-13
2023-09-18,sp500_spy,S&P 500 (SPY total-return proxy),S&P 500,SPY,428.9000854492188,0.0005863606921334,1.4483736376214846,Yahoo Finance via yfinance,"Adjusted close; dividends, capital distributions and splits included",2026-08-13
2023-09-19,sp500_spy,S&P 500 (SPY total-return proxy),S&P 500,SPY,428.0106506347656,-0.0020737576060904,1.4453700617740062,Yahoo Finance via yfinance,"Adjusted close; dividends, capital distributions and splits included",2026-08-13
2023-09-20,sp500_spy,S&P 500 (SPY total-return proxy),S&P 500,SPY,424.0757446289063,-0.0091934768446151,1.432082085579187,Yahoo Finance via yfinance,"Adjusted close; dividends, capital distributions and splits included",2026-08-13
2023-09-21,sp500_spy,S&P 500 (SPY total-return proxy),S&P 500,SPY,417.0665588378906,-0.0165281459262639,1.4084124238903457,Yahoo Finance via yfinance,"Adjusted close; dividends, capital distributions and splits included",2026-08-13
2023-09-22,sp500_spy,S&P 500 (SPY total-return proxy),S&P 500,SPY,416.1287536621094,-0.002248574372384,1.4052455038082383,Yahoo Finance via yfinance,"Adjusted close; dividends, capital distributions and splits included",2026-08-13
2023-09-25,sp500_spy,S&P 500 (SPY total-return proxy),S&P 500,SPY,417.8785705566406,0.0042049891509108,1.4111545459061183,Yahoo Finance via yfinance,"Adjusted close; dividends, capital distributions and splits included",2026-08-13
2023-09-26,sp500_spy,S&P 500 (SPY total-return proxy),S&P 500,SPY,411.7394714355469,-0.0146911077850105,1.3904231223709038,Yahoo Finance via yfinance,"Adjusted close; dividends, capital distributions and splits included",2026-08-13
2023-09-27,sp500_spy,S&P 500 (SPY total-return proxy),S&P 500,SPY,411.9037780761719,0.000399054868488,1.3909779774871442,Yahoo Finance via yfinance,"Adjusted close; dividends, capital distributions and splits included",2026-08-13
2023-09-28,sp500_spy,S&P 500 (SPY total-return proxy),S&P 500,SPY,414.291748046875,0.0057973975909042,1.399042029862829,Yahoo Finance via yfinance,"Adjusted close; dividends, capital distributions and splits included",2026-08-13
2023-09-29,sp500_spy,S&P 500 (SPY total-return proxy),S&P 500,SPY,413.2863464355469,-0.0024267961311514,1.3956468400774396,Yahoo Finance via yfinance,"Adjusted close; dividends, capital distributions and splits included",2026-08-13
2023-10-02,sp500_spy,S&P 500 (SPY total-return proxy),S&P 500,SPY,413.12200927734375,-0.000397635101233,1.3950918819049,Yahoo Finance via yfinance,"Adjusted close; dividends, capital distributions and splits included",2026-08-13
2023-10-03,sp500_spy,S&P 500 (SPY total-return proxy),S&P 500,SPY,407.5918884277344,-0.0133861685541348,1.3764169468252156,Yahoo Finance via yfinance,"Adjusted close; dividends, capital distributions and splits included",2026-08-13
2023-10-04,sp500_spy,S&P 500 (SPY total-return proxy),S&P 500,SPY,410.5599060058594,0.0072818367155784,1.386439790284552,Yahoo Finance via yfinance,"Adjusted close; dividends, capital distributions and splits included",2026-08-13
2023-10-05,sp500_spy,S&P 500 (SPY total-return proxy),S&P 500,SPY,410.4052429199219,-0.0003767125909642,1.385917500958938,Yahoo Finance via yfinance,"Adjusted close; dividends, capital distributions and splits included",2026-08-13
2023-10-06,sp500_spy,S&P 500 (SPY total-return proxy),S&P 500,SPY,415.2778930664063,0.0118727775303668,1.4023721911232654,Yahoo Finance via yfinance,"Adjusted close; dividends, capital distributions and splits included",2026-08-13
2023-10-09,sp500_spy,S&P 500 (SPY total-return proxy),S&P 500,SPY,417.9365539550781,0.0064021247773156,1.411350352875074,Yahoo Finance via yfinance,"Adjusted close; dividends, capital distributions and splits included",2026-08-13
2023-10-10,sp500_spy,S&P 500 (SPY total-return proxy),S&P 500,SPY,420.1119384765625,0.0052050592390111,1.418696515068788,Yahoo Finance via yfinance,"Adjusted close; dividends, capital distributions and splits included",2026-08-13
2023-10-11,sp500_spy,S&P 500 (SPY total-return proxy),S&P 500,SPY,421.8328247070313,0.0040962564327715,1.424507859794789,Yahoo Finance via yfinance,"Adjusted close; dividends, capital distributions and splits included",2026-08-13
2023-10-12,sp500_spy,S&P 500 (SPY total-return proxy),S&P 500,SPY,419.2611389160156,-0.0060964572702508,1.4158234084964136,Yahoo Finance via yfinance,"Adjusted close; dividends, capital distributions and splits included",2026-08-13
2023-10-13,sp500_spy,S&P 500 (SPY total-return proxy),S&P 500,SPY,417.1728210449219,-0.0049809478562525,1.408771265925031,Yahoo Finance via yfinance,"Adjusted close; dividends, capital distributions and splits included",2026-08-13
2023-10-16,sp500_spy,S&P 500 (SPY total-return proxy),S&P 500,SPY,421.5620422363281,0.0105213498338943,1.4235934412497664,Yahoo Finance via yfinance,"Adjusted close; dividends, capital distributions and splits included",2026-08-13
2023-10-17,sp500_spy,S&P 500 (SPY total-return proxy),S&P 500,SPY,421.5427551269531,-4.575153226005213e-05,1.4235283096685138,Yahoo Finance via yfinance,"Adjusted close; dividends, capital distributions and splits included",2026-08-13
2023-10-18,sp500_spy,S&P 500 (SPY total-return proxy),S&P 500,SPY,415.9256591796875,-0.0133250918891346,1.4045596641353963,Yahoo Finance via yfinance,"Adjusted close; dividends, capital distributions and splits included",2026-08-13
2023-10-19,sp500_spy,S&P 500 (SPY total-return proxy),S&P 500,SPY,412.2711486816406,-0.0087864511779689,1.3922185692199265,Yahoo Finance via yfinance,"Adjusted close; dividends, capital distributions and splits included",2026-08-13
2023-10-20,sp500_spy,S&P 500 (SPY total-return proxy),S&P 500,SPY,407.20513916015625,-0.0122880525054552,1.375110914342282,Yahoo Finance via yfinance,"Adjusted close; dividends, capital distributions and splits included",2026-08-13
2023-10-23,sp500_spy,S&P 500 (SPY total-return proxy),S&P 500,SPY,406.4993896484375,-0.0017331547268149,1.372727634361195,Yahoo Finance via yfinance,"Adjusted close; dividends, capital distributions and splits included",2026-08-13
2023-10-24,sp500_spy,S&P 500 (SPY total-return proxy),S&P 500,SPY,409.5641784667969,0.007539467208081,1.3830772693460878,Yahoo Finance via yfinance,"Adjusted close; dividends, capital distributions and splits included",2026-08-13
2023-10-25,sp500_spy,S&P 500 (SPY total-return proxy),S&P 500,SPY,403.6860046386719,-0.0143522654987306,1.3632269771711731,Yahoo Finance via yfinance,"Adjusted close; dividends, capital distributions and splits included",2026-08-13
2023-10-26,sp500_spy,S&P 500 (SPY total-return proxy),S&P 500,SPY,398.85205078125,-0.0119745391266378,1.3469029623945488,Yahoo Finance via yfinance,"Adjusted close; dividends, capital distributions and splits included",2026-08-13
2023-10-27,sp500_spy,S&P 500 (SPY total-return proxy),S&P 500,SPY,397.0441284179688,-0.004532814510393,1.3407977011025154,Yahoo Finance via yfinance,"Adjusted close; dividends, capital distributions and splits included",2026-08-13
2023-10-30,sp500_spy,S&P 500 (SPY total-return proxy),S&P 500,SPY,401.79107666015625,0.0119557195345056,1.356827902369407,Yahoo Finance via yfinance,"Adjusted close; dividends, capital distributions and splits included",2026-08-13
2023-10-31,sp500_spy,S&P 500 (SPY total-return proxy),S&P 500,SPY,404.3144836425781,0.0062803957803081,1.3653493186020522,Yahoo Finance via yfinance,"Adjusted close; dividends, capital distributions and splits included",2026-08-13
2023-11-01,sp500_spy,S&P 500 (SPY total-return proxy),S&P 500,SPY,408.6263122558594,0.0106645415579349,1.379910143151382,Yahoo Finance via yfinance,"Adjusted close; dividends, capital distributions and splits included",2026-08-13
2023-11-02,sp500_spy,S&P 500 (SPY total-return proxy),S&P 500,SPY,416.4574279785156,0.0191644920744917,1.4063554201533175,Yahoo Finance via yfinance,"Adjusted close; dividends, capital distributions and splits included",2026-08-13
2023-11-03,sp500_spy,S&P 500 (SPY total-return proxy),S&P 500,SPY,420.2569580078125,0.0091234536210333,1.4191862386037752,Yahoo Finance via yfinance,"Adjusted close; dividends, capital distributions and splits included",2026-08-13
2023-11-06,sp500_spy,S&P 500 (SPY total-return proxy),S&P 500,SPY,421.2237243652344,0.0023004172542548,1.4224509591140604,Yahoo Finance via yfinance,"Adjusted close; dividends, capital distributions and splits included",2026-08-13
2023-11-07,sp500_spy,S&P 500 (SPY total-return proxy),S&P 500,SPY,422.4225769042969,0.0028461182732979,1.4264994227816652,Yahoo Finance via yfinance,"Adjusted close; dividends, capital distributions and splits included",2026-08-13
2023-11-08,sp500_spy,S&P 500 (SPY total-return proxy),S&P 500,SPY,422.7319030761719,0.0007322671390859,1.4275440014328933,Yahoo Finance via yfinance,"Adjusted close; dividends, capital distributions and splits included",2026-08-13
2023-11-09,sp500_spy,S&P 500 (SPY total-return proxy),S&P 500,SPY,419.4351501464844,-0.0077986849483027,1.4164110355158788,Yahoo Finance via yfinance,"Adjusted close; dividends, capital distributions and splits included",2026-08-13
2023-11-10,sp500_spy,S&P 500 (SPY total-return proxy),S&P 500,SPY,425.9803161621094,0.0156047150872766,1.4385137261715786,Yahoo Finance via yfinance,"Adjusted close; dividends, capital distributions and splits included",2026-08-13
2023-11-13,sp500_spy,S&P 500 (SPY total-return proxy),S&P 500,SPY,425.5743713378906,-0.0009529661555165,1.437142871276291,Yahoo Finance via yfinance,"Adjusted close; dividends, capital distributions and splits included",2026-08-13
2023-11-14,sp500_spy,S&P 500 (SPY total-return proxy),S&P 500,SPY,433.8307495117188,0.0194005530640211,1.4650242378110665,Yahoo Finance via yfinance,"Adjusted close; dividends, capital distributions and splits included",2026-08-13
2023-11-15,sp500_spy,S&P 500 (SPY total-return proxy),S&P 500,SPY,434.7492065429688,0.0021170860578318,1.468125820199322,Yahoo Finance via yfinance,"Adjusted close; dividends, capital distributions and splits included",2026-08-13
2023-11-16,sp500_spy,S&P 500 (SPY total-return proxy),S&P 500,SPY,435.2808837890625,0.0012229516192141,1.4699212670483448,Yahoo Finance via yfinance,"Adjusted close; dividends, capital distributions and splits included",2026-08-13
2023-11-17,sp500_spy,S&P 500 (SPY total-return proxy),S&P 500,SPY,435.82232666015625,0.0012438930613736,1.4717496919131918,Yahoo Finance via yfinance,"Adjusted close; dividends, capital distributions and splits included",2026-08-13
2023-11-20,sp500_spy,S&P 500 (SPY total-return proxy),S&P 500,SPY,439.1771240234375,0.0076976262069685,1.4830786709117607,Yahoo Finance via yfinance,"Adjusted close; dividends, capital distributions and splits included",2026-08-13
2023-11-21,sp500_spy,S&P 500 (SPY total-return proxy),S&P 500,SPY,438.2200012207031,-0.0021793548670429,1.4798465161921015,Yahoo Finance via yfinance,"Adjusted close; dividends, capital distributions and splits included",2026-08-13
2023-11-22,sp500_spy,S&P 500 (SPY total-return proxy),S&P 500,SPY,439.9118957519531,0.0038608336601184,1.4855599574336251,Yahoo Finance via yfinance,"Adjusted close; dividends, capital distributions and splits included",2026-08-13
2023-11-24,sp500_spy,S&P 500 (SPY total-return proxy),S&P 500,SPY,440.18255615234375,0.0006152604714813,1.4864739637534496,Yahoo Finance via yfinance,"Adjusted close; dividends, capital distributions and splits included",2026-08-13
2023-11-27,sp500_spy,S&P 500 (SPY total-return proxy),S&P 500,SPY,439.3898620605469,-0.0018008303162347,1.4837970763752288,Yahoo Finance via yfinance,"Adjusted close; dividends, capital distributions and splits included",2026-08-13
2023-11-28,sp500_spy,S&P 500 (SPY total-return proxy),S&P 500,SPY,439.8249206542969,0.0009901425392697,1.485266246980192,Yahoo Finance via yfinance,"Adjusted close; dividends, capital distributions and splits included",2026-08-13
2023-11-29,sp500_spy,S&P 500 (SPY total-return proxy),S&P 500,SPY,439.5154724121094,-0.0007035714159333,1.4842212561037662,Yahoo Finance via yfinance,"Adjusted close; dividends, capital distributions and splits included",2026-08-13
2023-11-30,sp500_spy,S&P 500 (SPY total-return proxy),S&P 500,SPY,441.24609375,0.0039375663577729,1.490065475789292,Yahoo Finance via yfinance,"Adjusted close; dividends, capital distributions and splits included",2026-08-13
2023-12-01,sp500_spy,S&P 500 (SPY total-return proxy),S&P 500,SPY,443.8564453125,0.0059158632778264,1.4988804994190708,Yahoo Finance via yfinance,"Adjusted close; dividends, capital distributions and splits included",2026-08-13
2023-12-04,sp500_spy,S&P 500 (SPY total-return proxy),S&P 500,SPY,441.5264892578125,-0.005249345997549,1.491012357068641,Yahoo Finance via yfinance,"Adjusted close; dividends, capital distributions and splits included",2026-08-13
2023-12-05,sp500_spy,S&P 500 (SPY total-return proxy),S&P 500,SPY,441.439453125,-0.0001971255064646,1.4907184405026088,Yahoo Finance via yfinance,"Adjusted close; dividends, capital distributions and splits included",2026-08-13
2023-12-06,sp500_spy,S&P 500 (SPY total-return proxy),S&P 500,SPY,439.6605529785156,-0.0040297715437334,1.4847111857513529,Yahoo Finance via yfinance,"Adjusted close; dividends, capital distributions and splits included",2026-08-13
2023-12-07,sp500_spy,S&P 500 (SPY total-return proxy),S&P 500,SPY,443.0153198242188,0.0076303566989941,1.4960400616936222,Yahoo Finance via yfinance,"Adjusted close; dividends, capital distributions and splits included",2026-08-13
2023-12-08,sp500_spy,S&P 500 (SPY total-return proxy),S&P 500,SPY,444.919921875,0.0042991787542177,1.502471805342314,Yahoo Finance via yfinance,"Adjusted close; dividends, capital distributions and splits included",2026-08-13
2023-12-11,sp500_spy,S&P 500 (SPY total-return proxy),S&P 500,SPY,446.6504821777344,0.0038895994934129,1.5083158189152408,Yahoo Finance via yfinance,"Adjusted close; dividends, capital distributions and splits included",2026-08-13
2023-12-12,sp500_spy,S&P 500 (SPY total-return proxy),S&P 500,SPY,448.69036865234375,0.0045670755008782,1.5152044111393956,Yahoo Finance via yfinance,"Adjusted close; dividends, capital distributions and splits included",2026-08-13
2023-12-13,sp500_spy,S&P 500 (SPY total-return proxy),S&P 500,SPY,454.8778991699219,0.013790201327839,1.5360993850218376,Yahoo Finance via yfinance,"Adjusted close; dividends, capital distributions and splits included",2026-08-13
2023-12-14,sp500_spy,S&P 500 (SPY total-return proxy),S&P 500,SPY,456.33782958984375,0.0032094995658966,1.5410294953312391,Yahoo Finance via yfinance,"Adjusted close; dividends, capital distributions and splits included",2026-08-13
2023-12-15,sp500_spy,S&P 500 (SPY total-return proxy),S&P 500,SPY,455.5863952636719,-0.0016466623572436,1.538491940069875,Yahoo Finance via yfinance,"Adjusted close; dividends, capital distributions and splits included",2026-08-13
2023-12-18,sp500_spy,S&P 500 (SPY total-return proxy),S&P 500,SPY,458.1491088867188,0.005625088127497,1.5471460928162122,Yahoo Finance via yfinance,"Adjusted close; dividends, capital distributions and splits included",2026-08-13
2023-12-19,sp500_spy,S&P 500 (SPY total-return proxy),S&P 500,SPY,460.9350280761719,0.0060808132885443,1.5565539993367286,Yahoo Finance via yfinance,"Adjusted close; dividends, capital distributions and splits included",2026-08-13
2023-12-20,sp500_spy,S&P 500 (SPY total-return proxy),S&P 500,SPY,454.5478210449219,-0.013857065838343,1.5349847280869835,Yahoo Finance via yfinance,"Adjusted close; dividends, capital distributions and splits included",2026-08-13
2023-12-21,sp500_spy,S&P 500 (SPY total-return proxy),S&P 500,SPY,458.8577575683594,0.0094818109864209,1.5495391631457471,Yahoo Finance via yfinance,"Adjusted close; dividends, capital distributions and splits included",2026-08-13
2023-12-22,sp500_spy,S&P 500 (SPY total-return proxy),S&P 500,SPY,459.7799377441406,0.0020097299447832,1.5526533184025355,Yahoo Finance via yfinance,"Adjusted close; dividends, capital distributions and splits included",2026-08-13
2023-12-26,sp500_spy,S&P 500 (SPY total-return proxy),S&P 500,SPY,461.7213745117188,0.0042225347567437,1.5592094510046637,Yahoo Finance via yfinance,"Adjusted close; dividends, capital distributions and splits included",2026-08-13
2023-12-27,sp500_spy,S&P 500 (SPY total-return proxy),S&P 500,SPY,462.55615234375,0.0018079687840184,1.5620284530198267,Yahoo Finance via yfinance,"Adjusted close; dividends, capital distributions and splits included",2026-08-13
2023-12-28,sp500_spy,S&P 500 (SPY total-return proxy),S&P 500,SPY,462.7309265136719,0.0003778442228825,1.5626186564467786,Yahoo Finance via yfinance,"Adjusted close; dividends, capital distributions and splits included",2026-08-13
2023-12-29,sp500_spy,S&P 500 (SPY total-return proxy),S&P 500,SPY,461.3912963867188,-0.0028950520706412,1.5580947940698098,Yahoo Finance via yfinance,"Adjusted close; dividends, capital distributions and splits included",2026-08-13
2020-01-03,nasdaq_composite_oneq,Nasdaq Composite (ONEQ total-return proxy),Nasdaq Composite,ONEQ,33.55867385864258,-0.0050878780863525,0.9949121219136474,Yahoo Finance via yfinance,"Adjusted close; dividends, capital distributions and splits included",2026-08-13
2020-01-06,nasdaq_composite_oneq,Nasdaq Composite (ONEQ total-return proxy),Nasdaq Composite,ONEQ,33.66354751586914,0.0031250834782183,0.998021305348119,Yahoo Finance via yfinance,"Adjusted close; dividends, capital distributions and splits included",2026-08-13
2020-01-07,nasdaq_composite_oneq,Nasdaq Composite (ONEQ total-return proxy),Nasdaq Composite,ONEQ,33.65495681762695,-0.0002551928978411,0.9977666173991,Yahoo Finance via yfinance,"Adjusted close; dividends, capital distributions and splits included",2026-08-13
2020-01-08,nasdaq_composite_oneq,Nasdaq Composite (ONEQ total-return proxy),Nasdaq Composite,ONEQ,33.84564208984375,0.0056658896711738,1.0034198529708636,Yahoo Finance via yfinance,"Adjusted close; dividends, capital distributions and splits included",2026-08-13
2020-01-09,nasdaq_composite_oneq,Nasdaq Composite (ONEQ total-return proxy),Nasdaq Composite,ONEQ,34.22507858276367,0.0112107931624609,1.014668985397627,Yahoo Finance via yfinance,"Adjusted close; dividends, capital distributions and splits included",2026-08-13
2020-01-10,nasdaq_composite_oneq,Nasdaq Composite (ONEQ total-return proxy),Nasdaq Composite,ONEQ,34.09540939331055,-0.003788718531049,1.0108246902097702,Yahoo Finance via yfinance,"Adjusted close; dividends, capital distributions and splits included",2026-08-13
2020-01-13,nasdaq_composite_oneq,Nasdaq Composite (ONEQ total-return proxy),Nasdaq Composite,ONEQ,34.454837799072266,0.0105418416190725,1.0214806439986095,Yahoo Finance via yfinance,"Adjusted close; dividends, capital distributions and splits included",2026-08-13
2020-01-14,nasdaq_composite_oneq,Nasdaq Composite (ONEQ total-return proxy),Nasdaq Composite,ONEQ,34.355690002441406,-0.0028776161190788,1.0185412148321122,Yahoo Finance via yfinance,"Adjusted close; dividends, capital distributions and splits included",2026-08-13
2020-01-15,nasdaq_composite_oneq,Nasdaq Composite (ONEQ total-return proxy),Nasdaq Composite,ONEQ,34.454837799072266,0.0028859206909777,1.0214806439986095,Yahoo Finance via yfinance,"Adjusted close; dividends, capital distributions and splits included",2026-08-13
2020-01-16,nasdaq_composite_oneq,Nasdaq Composite (ONEQ total-return proxy),Nasdaq Composite,ONEQ,34.716064453125,0.0075817119086762,1.0292252159616964,Yahoo Finance via yfinance,"Adjusted close; dividends, capital distributions and splits included",2026-08-13
2020-01-17,nasdaq_composite_oneq,Nasdaq Composite (ONEQ total-return proxy),Nasdaq Composite,ONEQ,34.8218879699707,0.0030482578746386,1.0323625598310282,Yahoo Finance via yfinance,"Adjusted close; dividends, capital distributions and splits included",2026-08-13
2020-01-21,nasdaq_composite_oneq,Nasdaq Composite (ONEQ total-return proxy),Nasdaq Composite,ONEQ,34.784706115722656,-0.0010677724964284,1.0312602314832982,Yahoo Finance via yfinance,"Adjusted close; dividends, capital distributions and splits included",2026-08-13
2020-01-22,nasdaq_composite_oneq,Nasdaq Composite (ONEQ total-return proxy),Nasdaq Composite,ONEQ,34.90483093261719,0.003453380244033,1.0348215651931596,Yahoo Finance via yfinance,"Adjusted close; dividends, capital distributions and splits included",2026-08-13
2020-01-23,nasdaq_composite_oneq,Nasdaq Composite (ONEQ total-return proxy),Nasdaq Composite,ONEQ,34.90196990966797,-8.19663889718436e-05,1.0347367446062306,Yahoo Finance via yfinance,"Adjusted close; dividends, capital distributions and splits included",2026-08-13
2020-01-24,nasdaq_composite_oneq,Nasdaq Composite (ONEQ total-return proxy),Nasdaq Composite,ONEQ,34.67316818237305,-0.0065555533938943,1.02795347262834,Yahoo Finance via yfinance,"Adjusted close; dividends, capital distributions and splits included",2026-08-13
2020-01-27,nasdaq_composite_oneq,Nasdaq Composite (ONEQ total-return proxy),Nasdaq Composite,ONEQ,33.937164306640625,-0.021226900058893,1.006133206999666,Yahoo Finance via yfinance,"Adjusted close; dividends, capital distributions and splits included",2026-08-13
2020-01-28,nasdaq_composite_oneq,Nasdaq Composite (ONEQ total-return proxy),Nasdaq Composite,ONEQ,34.39668273925781,0.0135402719115005,1.0197565242016315,Yahoo Finance via yfinance,"Adjusted close; dividends, capital distributions and splits included",2026-08-13
2020-01-29,nasdaq_composite_oneq,Nasdaq Composite (ONEQ total-return proxy),Nasdaq Composite,ONEQ,34.374759674072266,-0.0006373598684423,1.0191065723175232,Yahoo Finance via yfinance,"Adjusted close; dividends, capital distributions and splits included",2026-08-13
2020-01-30,nasdaq_composite_oneq,Nasdaq Composite (ONEQ total-return proxy),Nasdaq Composite,ONEQ,34.50537109375,0.0037996315004422,1.0229788017520087,Yahoo Finance via yfinance,"Adjusted close; dividends, capital distributions and splits included",2026-08-13
2020-01-31,nasdaq_composite_oneq,Nasdaq Composite (ONEQ total-return proxy),Nasdaq Composite,ONEQ,33.92000198364258,-0.0169645794713232,1.0056243965722078,Yahoo Finance via yfinance,"Adjusted close; dividends, capital distributions and splits included",2026-08-13
2020-02-03,nasdaq_composite_oneq,Nasdaq Composite (ONEQ total-return proxy),Nasdaq Composite,ONEQ,34.34520721435547,0.0125355308327499,1.0182304322016045,Yahoo Finance via yfinance,"Adjusted close; dividends, capital distributions and splits included",2026-08-13
2020-02-04,nasdaq_composite_oneq,Nasdaq Composite (ONEQ total-return proxy),Nasdaq Composite,ONEQ,35.15843200683594,0.0236779701867853,1.0423400620185514,Yahoo Finance via yfinance,"Adjusted close; dividends, capital distributions and splits included",2026-08-13
2020-02-05,nasdaq_composite_oneq,Nasdaq Composite (ONEQ total-return proxy),Nasdaq Composite,ONEQ,35.31477355957031,0.0044467726178454,1.046975111264819,Yahoo Finance via yfinance,"Adjusted close; dividends, capital distributions and splits included",2026-08-13
2020-02-06,nasdaq_composite_oneq,Nasdaq Composite (ONEQ total-return proxy),Nasdaq Composite,ONEQ,35.5798225402832,0.0075053286202102,1.0548330035320426,Yahoo Finance via yfinance,"Adjusted close; dividends, capital distributions and splits included",2026-08-13
2020-02-07,nasdaq_composite_oneq,Nasdaq Composite (ONEQ total-return proxy),Nasdaq Composite,ONEQ,35.32622146606445,-0.0071276655169267,1.047314506706651,Yahoo Finance via yfinance,"Adjusted close; dividends, capital distributions and splits included",2026-08-13
2020-02-10,nasdaq_composite_oneq,Nasdaq Composite (ONEQ total-return proxy),Nasdaq Composite,ONEQ,35.70281219482422,0.0106603738846378,1.058479270922949,Yahoo Finance via yfinance,"Adjusted close; dividends, capital distributions and splits included",2026-08-13
2020-02-11,nasdaq_composite_oneq,Nasdaq Composite (ONEQ total-return proxy),Nasdaq Composite,ONEQ,35.77907943725586,0.0021361690506469,1.060740361582246,Yahoo Finance via yfinance,"Adjusted close; dividends, capital distributions and splits included",2026-08-13
2020-02-12,nasdaq_composite_oneq,Nasdaq Composite (ONEQ total-return proxy),Nasdaq Composite,ONEQ,36.17091751098633,0.0109515974109288,1.072357162979818,Yahoo Finance via yfinance,"Adjusted close; dividends, capital distributions and splits included",2026-08-13
2020-02-13,nasdaq_composite_oneq,Nasdaq Composite (ONEQ total-return proxy),Nasdaq Composite,ONEQ,36.15280151367188,-0.0005008442848858,1.071820079023383,Yahoo Finance via yfinance,"Adjusted close; dividends, capital distributions and splits included",2026-08-13
2020-02-14,nasdaq_composite_oneq,Nasdaq Composite (ONEQ total-return proxy),Nasdaq Composite,ONEQ,36.12324905395508,-0.0008174320793817,1.0709439389074638,Yahoo Finance via yfinance,"Adjusted close; dividends, capital distributions and splits included",2026-08-13
2020-02-18,nasdaq_composite_oneq,Nasdaq Composite (ONEQ total-return proxy),Nasdaq Composite,ONEQ,36.161380767822266,0.0010556003367867,1.0720744276900542,Yahoo Finance via yfinance,"Adjusted close; dividends, capital distributions and splits included",2026-08-13
2020-02-19,nasdaq_composite_oneq,Nasdaq Composite (ONEQ total-return proxy),Nasdaq Composite,ONEQ,36.4626350402832,0.0083308288031136,1.081005696211336,Yahoo Finance via yfinance,"Adjusted close; dividends, capital distributions and splits included",2026-08-13
2020-02-20,nasdaq_composite_oneq,Nasdaq Composite (ONEQ total-return proxy),Nasdaq Composite,ONEQ,36.24146270751953,-0.0060657254342514,1.0744486124652564,Yahoo Finance via yfinance,"Adjusted close; dividends, capital distributions and splits included",2026-08-13
2020-02-21,nasdaq_composite_oneq,Nasdaq Composite (ONEQ total-return proxy),Nasdaq Composite,ONEQ,35.51499557495117,-0.0200451934964983,1.052911082126346,Yahoo Finance via yfinance,"Adjusted close; dividends, capital distributions and splits included",2026-08-13
2020-02-24,nasdaq_composite_oneq,Nasdaq Composite (ONEQ total-return proxy),Nasdaq Composite,ONEQ,34.43101119995117,-0.0305218783629678,1.020774258150665,Yahoo Finance via yfinance,"Adjusted close; dividends, capital distributions and splits included",2026-08-13
2020-02-25,nasdaq_composite_oneq,Nasdaq Composite (ONEQ total-return proxy),Nasdaq Composite,ONEQ,33.24406433105469,-0.0344731922627403,0.9855849108925808,Yahoo Finance via yfinance,"Adjusted close; dividends, capital distributions and splits included",2026-08-13
2020-02-26,nasdaq_composite_oneq,Nasdaq Composite (ONEQ total-return proxy),Nasdaq Composite,ONEQ,33.32033157348633,0.0022941611973839,0.9878460015518776,Yahoo Finance via yfinance,"Adjusted close; dividends, capital distributions and splits included",2026-08-13
2020-02-27,nasdaq_composite_oneq,Nasdaq Composite (ONEQ total-return proxy),Nasdaq Composite,ONEQ,31.748226165771484,-0.0471815655329732,0.9412378806931722,Yahoo Finance via yfinance,"Adjusted close; dividends, capital distributions and splits included",2026-08-13
2020-02-28,nasdaq_composite_oneq,Nasdaq Composite (ONEQ total-return proxy),Nasdaq Composite,ONEQ,31.842607498168945,0.0029728064775857,0.944035998761846,Yahoo Finance via yfinance,"Adjusted close; dividends, capital distributions and splits included",2026-08-13
2020-03-02,nasdaq_composite_oneq,Nasdaq Composite (ONEQ total-return proxy),Nasdaq Composite,ONEQ,33.18210220336914,0.0420661123708923,0.9837479231679294,Yahoo Finance via yfinance,"Adjusted close; dividends, capital distributions and splits included",2026-08-13
2020-03-03,nasdaq_composite_oneq,Nasdaq Composite (ONEQ total-return proxy),Nasdaq Composite,ONEQ,32.21442031860352,-0.0291627660850062,0.9550591125979724,Yahoo Finance via yfinance,"Adjusted close; dividends, capital distributions and splits included",2026-08-13
2020-03-04,nasdaq_composite_oneq,Nasdaq Composite (ONEQ total-return proxy),Nasdaq Composite,ONEQ,33.51100158691406,0.0402484743008639,0.9934987847471778,Yahoo Finance via yfinance,"Adjusted close; dividends, capital distributions and splits included",2026-08-13
2020-03-05,nasdaq_composite_oneq,Nasdaq Composite (ONEQ total-return proxy),Nasdaq Composite,ONEQ,32.79597854614258,-0.0213369641882233,0.9723005367559838,Yahoo Finance via yfinance,"Adjusted close; dividends, capital distributions and splits included",2026-08-13
2020-03-06,nasdaq_composite_oneq,Nasdaq Composite (ONEQ total-return proxy),Nasdaq Composite,ONEQ,31.88741111755371,-0.0277036230924029,0.945364289153155,Yahoo Finance via yfinance,"Adjusted close; dividends, capital distributions and splits included",2026-08-13
2020-03-09,nasdaq_composite_oneq,Nasdaq Composite (ONEQ total-return proxy),Nasdaq Composite,ONEQ,29.64985084533692,-0.0701706470922953,0.8790274652453303,Yahoo Finance via yfinance,"Adjusted close; dividends, capital distributions and splits included",2026-08-13
2020-03-10,nasdaq_composite_oneq,Nasdaq Composite (ONEQ total-return proxy),Nasdaq Composite,ONEQ,30.984569549560547,0.0450160343532908,0.9185977958183004,Yahoo Finance via yfinance,"Adjusted close; dividends, capital distributions and splits included",2026-08-13
2020-03-11,nasdaq_composite_oneq,Nasdaq Composite (ONEQ total-return proxy),Nasdaq Composite,ONEQ,29.575489044189453,-0.0454768462449425,0.8768228650969283,Yahoo Finance via yfinance,"Adjusted close; dividends, capital distributions and splits included",2026-08-13
2020-03-12,nasdaq_composite_oneq,Nasdaq Composite (ONEQ total-return proxy),Nasdaq Composite,ONEQ,26.718231201171875,-0.0966089804550139,0.7921139020602698,Yahoo Finance via yfinance,"Adjusted close; dividends, capital distributions and splits included",2026-08-13
2020-03-13,nasdaq_composite_oneq,Nasdaq Composite (ONEQ total-return proxy),Nasdaq Composite,ONEQ,29.216064453125,0.0934879720572059,0.8661670244022046,Yahoo Finance via yfinance,"Adjusted close; dividends, capital distributions and splits included",2026-08-13
2020-03-16,nasdaq_composite_oneq,Nasdaq Composite (ONEQ total-return proxy),Nasdaq Composite,ONEQ,25.741029739379883,-0.1189426015718356,0.7631428651240707,Yahoo Finance via yfinance,"Adjusted close; dividends, capital distributions and splits included",2026-08-13
2020-03-17,nasdaq_composite_oneq,Nasdaq Composite (ONEQ total-return proxy),Nasdaq Composite,ONEQ,27.20063781738281,0.056703562086716,0.8064157839576678,Yahoo Finance via yfinance,"Adjusted close; dividends, capital distributions and splits included",2026-08-13
2020-03-18,nasdaq_composite_oneq,Nasdaq Composite (ONEQ total-return proxy),Nasdaq Composite,ONEQ,26.216758728027344,-0.0361711771599234,0.7772467757715764,Yahoo Finance via yfinance,"Adjusted close; dividends, capital distributions and splits included",2026-08-13
2020-03-19,nasdaq_composite_oneq,Nasdaq Composite (ONEQ total-return proxy),Nasdaq Composite,ONEQ,26.435083389282227,0.0083276755727046,0.7837194347601328,Yahoo Finance via yfinance,"Adjusted close; dividends, capital distributions and splits included",2026-08-13
2020-03-20,nasdaq_composite_oneq,Nasdaq Composite (ONEQ total-return proxy),Nasdaq Composite,ONEQ,25.55512046813965,-0.0332876922756123,0.7576312233854207,Yahoo Finance via yfinance,"Adjusted close; dividends, capital distributions and splits included",2026-08-13
2020-03-23,nasdaq_composite_oneq,Nasdaq Composite (ONEQ total-return proxy),Nasdaq Composite,ONEQ,25.464258193969727,-0.0035555408272561,0.7549374346386698,Yahoo Finance via yfinance,"Adjusted close; dividends, capital distributions and splits included",2026-08-13
2020-03-24,nasdaq_composite_oneq,Nasdaq Composite (ONEQ total-return proxy),Nasdaq Composite,ONEQ,27.55033302307129,0.0819216807028595,0.8167831781097749,Yahoo Finance via yfinance,"Adjusted close; dividends, capital distributions and splits included",2026-08-13
2020-03-25,nasdaq_composite_oneq,Nasdaq Composite (ONEQ total-return proxy),Nasdaq Composite,ONEQ,27.500600814819336,-0.001805140003582,0.815308770120716,Yahoo Finance via yfinance,"Adjusted close; dividends, capital distributions and splits included",2026-08-13
2020-03-26,nasdaq_composite_oneq,Nasdaq Composite (ONEQ total-return proxy),Nasdaq Composite,ONEQ,29.172515869140625,0.0607955828157884,0.8648759419750286,Yahoo Finance via yfinance,"Adjusted close; dividends, capital distributions and splits included",2026-08-13
2020-03-27,nasdaq_composite_oneq,Nasdaq Composite (ONEQ total-return proxy),Nasdaq Composite,ONEQ,27.979793548583984,-0.0408851374323299,0.8295153702254637,Yahoo Finance via yfinance,"Adjusted close; dividends, capital distributions and splits included",2026-08-13
2020-03-30,nasdaq_composite_oneq,Nasdaq Composite (ONEQ total-return proxy),Nasdaq Composite,ONEQ,28.843494415283203,0.0308687362256441,0.8551214613840711,Yahoo Finance via yfinance,"Adjusted close; dividends, capital distributions and splits included",2026-08-13
2020-03-31,nasdaq_composite_oneq,Nasdaq Composite (ONEQ total-return proxy),Nasdaq Composite,ONEQ,28.559415817260746,-0.0098489660764521,0.8466993991196532,Yahoo Finance via yfinance,"Adjusted close; dividends, capital distributions and splits included",2026-08-13
2020-04-01,nasdaq_composite_oneq,Nasdaq Composite (ONEQ total-return proxy),Nasdaq Composite,ONEQ,27.32843589782715,-0.0431024194370815,0.8102046064816729,Yahoo Finance via yfinance,"Adjusted close; dividends, capital distributions and splits included",2026-08-13
2020-04-02,nasdaq_composite_oneq,Nasdaq Composite (ONEQ total-return proxy),Nasdaq Composite,ONEQ,27.799978256225582,0.0172546412887073,0.8241843963369725,Yahoo Finance via yfinance,"Adjusted close; dividends, capital distributions and splits included",2026-08-13
2020-04-03,nasdaq_composite_oneq,Nasdaq Composite (ONEQ total-return proxy),Nasdaq Composite,ONEQ,27.368602752685547,-0.0155171165806015,0.811395430975099,Yahoo Finance via yfinance,"Adjusted close; dividends, capital distributions and splits included",2026-08-13
2020-04-06,nasdaq_composite_oneq,Nasdaq Composite (ONEQ total-return proxy),Nasdaq Composite,ONEQ,29.362855911254883,0.0728664585689764,0.8705189425293028,Yahoo Finance via yfinance,"Adjusted close; dividends, capital distributions and splits included",2026-08-13
2020-04-07,nasdaq_composite_oneq,Nasdaq Composite (ONEQ total-return proxy),Nasdaq Composite,ONEQ,29.45084953308105,0.0029967664620949,0.873127684500893,Yahoo Finance via yfinance,"Adjusted close; dividends, capital distributions and splits included",2026-08-13
2020-04-08,nasdaq_composite_oneq,Nasdaq Composite (ONEQ total-return proxy),Nasdaq Composite,ONEQ,30.148122787475582,0.0236758282171558,0.8937997055707791,Yahoo Finance via yfinance,"Adjusted close; dividends, capital distributions and splits included",2026-08-13
2020-04-09,nasdaq_composite_oneq,Nasdaq Composite (ONEQ total-return proxy),Nasdaq Composite,ONEQ,30.401592254638672,0.0084074709709085,0.901314300649172,Yahoo Finance via yfinance,"Adjusted close; dividends, capital distributions and splits included",2026-08-13
2020-04-13,nasdaq_composite_oneq,Nasdaq Composite (ONEQ total-return proxy),Nasdaq Composite,ONEQ,30.58045196533203,0.0058832349699076,0.9066169444616292,Yahoo Finance via yfinance,"Adjusted close; dividends, capital distributions and splits included",2026-08-13
2020-04-14,nasdaq_composite_oneq,Nasdaq Composite (ONEQ total-return proxy),Nasdaq Composite,ONEQ,31.62874412536621,0.0342798125162633,0.9376956033418412,Yahoo Finance via yfinance,"Adjusted close; dividends, capital distributions and splits included",2026-08-13
2020-04-15,nasdaq_composite_oneq,Nasdaq Composite (ONEQ total-return proxy),Nasdaq Composite,ONEQ,31.2662410736084,-0.0114611901857679,0.926948495695582,Yahoo Finance via yfinance,"Adjusted close; dividends, capital distributions and splits included",2026-08-13
2020-04-16,nasdaq_composite_oneq,Nasdaq Composite (ONEQ total-return proxy),Nasdaq Composite,ONEQ,31.847780227661133,0.0185995864575996,0.944189354383014,Yahoo Finance via yfinance,"Adjusted close; dividends, capital distributions and splits included",2026-08-13
2020-04-17,nasdaq_composite_oneq,Nasdaq Composite (ONEQ total-return proxy),Nasdaq Composite,ONEQ,32.137596130371094,0.0091000346221381,0.9527815101977536,Yahoo Finance via yfinance,"Adjusted close; dividends, capital distributions and splits included",2026-08-13
2020-04-20,nasdaq_composite_oneq,Nasdaq Composite (ONEQ total-return proxy),Nasdaq Composite,ONEQ,31.85065078735352,-0.0089286498546294,0.9442744577052328,Yahoo Finance via yfinance,"Adjusted close; dividends, capital distributions and splits included",2026-08-13
2020-04-21,nasdaq_composite_oneq,Nasdaq Composite (ONEQ total-return proxy),Nasdaq Composite,ONEQ,30.84730529785156,-0.0315015695032623,0.914528330245676,Yahoo Finance via yfinance,"Adjusted close; dividends, capital distributions and splits included",2026-08-13
2020-04-22,nasdaq_composite_oneq,Nasdaq Composite (ONEQ total-return proxy),Nasdaq Composite,ONEQ,31.61152648925781,0.024774325796927,0.937185153049702,Yahoo Finance via yfinance,"Adjusted close; dividends, capital distributions and splits included",2026-08-13
2020-04-23,nasdaq_composite_oneq,Nasdaq Composite (ONEQ total-return proxy),Nasdaq Composite,ONEQ,31.699525833129883,0.0027837739472016,0.939794064662466,Yahoo Finance via yfinance,"Adjusted close; dividends, capital distributions and splits included",2026-08-13
2020-04-24,nasdaq_composite_oneq,Nasdaq Composite (ONEQ total-return proxy),Nasdaq Composite,ONEQ,32.10507583618164,0.0127935668560665,0.9518173828596598,Yahoo Finance via yfinance,"Adjusted close; dividends, capital distributions and splits included",2026-08-13
2020-04-27,nasdaq_composite_oneq,Nasdaq Composite (ONEQ total-return proxy),Nasdaq Composite,ONEQ,32.52017974853516,0.0129295415613286,0.9641239452701388,Yahoo Finance via yfinance,"Adjusted close; dividends, capital distributions and splits included",2026-08-13
2020-04-28,nasdaq_composite_oneq,Nasdaq Composite (ONEQ total-return proxy),Nasdaq Composite,ONEQ,32.12036895751953,-0.0122942368125635,0.9522707771703246,Yahoo Finance via yfinance,"Adjusted close; dividends, capital distributions and splits included",2026-08-13
2020-04-29,nasdaq_composite_oneq,Nasdaq Composite (ONEQ total-return proxy),Nasdaq Composite,ONEQ,33.193546295166016,0.0334111148930389,0.9840872055156458,Yahoo Finance via yfinance,"Adjusted close; dividends, capital distributions and splits included",2026-08-13
2020-04-30,nasdaq_composite_oneq,Nasdaq Composite (ONEQ total-return proxy),Nasdaq Composite,ONEQ,33.0911979675293,-0.0030833803272061,0.9810528903859036,Yahoo Finance via yfinance,"Adjusted close; dividends, capital distributions and splits included",2026-08-13
2020-05-01,nasdaq_composite_oneq,Nasdaq Composite (ONEQ total-return proxy),Nasdaq Composite,ONEQ,32.05342102050781,-0.0313611174802375,0.9502859754361846,Yahoo Finance via yfinance,"Adjusted close; dividends, capital distributions and splits included",2026-08-13
2020-05-04,nasdaq_composite_oneq,Nasdaq Composite (ONEQ total-return proxy),Nasdaq Composite,ONEQ,32.36045837402344,0.0095789261720045,0.9593886946371792,Yahoo Finance via yfinance,"Adjusted close; dividends, capital distributions and splits included",2026-08-13
2020-05-05,nasdaq_composite_oneq,Nasdaq Composite (ONEQ total-return proxy),Nasdaq Composite,ONEQ,32.89799499511719,0.0166109087479813,0.9753250126976424,Yahoo Finance via yfinance,"Adjusted close; dividends, capital distributions and splits included",2026-08-13
2020-05-06,nasdaq_composite_oneq,Nasdaq Composite (ONEQ total-return proxy),Nasdaq Composite,ONEQ,32.92190170288086,0.0007266919387403,0.9760337735220216,Yahoo Finance via yfinance,"Adjusted close; dividends, capital distributions and splits included",2026-08-13
2020-05-07,nasdaq_composite_oneq,Nasdaq Composite (ONEQ total-return proxy),Nasdaq Composite,ONEQ,33.476661682128906,0.0168507877902903,0.9924807115157974,Yahoo Finance via yfinance,"Adjusted close; dividends, capital distributions and splits included",2026-08-13
2020-05-08,nasdaq_composite_oneq,Nasdaq Composite (ONEQ total-return proxy),Nasdaq Composite,ONEQ,34.050540924072266,0.0171426663564162,1.0094944772184913,Yahoo Finance via yfinance,"Adjusted close; dividends, capital distributions and splits included",2026-08-13
2020-05-11,nasdaq_composite_oneq,Nasdaq Composite (ONEQ total-return proxy),Nasdaq Composite,ONEQ,34.251407623291016,0.0058990751326579,1.0154495609856065,Yahoo Finance via yfinance,"Adjusted close; dividends, capital distributions and splits included",2026-08-13
2020-05-12,nasdaq_composite_oneq,Nasdaq Composite (ONEQ total-return proxy),Nasdaq Composite,ONEQ,33.64500045776367,-0.0177045910695649,0.9974714417565872,Yahoo Finance via yfinance,"Adjusted close; dividends, capital distributions and splits included",2026-08-13
2020-05-13,nasdaq_composite_oneq,Nasdaq Composite (ONEQ total-return proxy),Nasdaq Composite,ONEQ,32.950592041015625,-0.0206392749977748,0.976884354367746,Yahoo Finance via yfinance,"Adjusted close; dividends, capital distributions and splits included",2026-08-13
2020-05-14,nasdaq_composite_oneq,Nasdaq Composite (ONEQ total-return proxy),Nasdaq Composite,ONEQ,33.20884704589844,0.0078376438444973,0.984540826014542,Yahoo Finance via yfinance,"Adjusted close; dividends, capital distributions and splits included",2026-08-13
2020-05-15,nasdaq_composite_oneq,Nasdaq Composite (ONEQ total-return proxy),Nasdaq Composite,ONEQ,33.49674606323242,0.0086693469645626,0.9930761520360392,Yahoo Finance via yfinance,"Adjusted close; dividends, capital distributions and splits included",2026-08-13
2020-05-18,nasdaq_composite_oneq,Nasdaq Composite (ONEQ total-return proxy),Nasdaq Composite,ONEQ,34.4168701171875,0.0274690578069327,1.0203550182630037,Yahoo Finance via yfinance,"Adjusted close; dividends, capital distributions and splits included",2026-08-13
2020-05-19,nasdaq_composite_oneq,Nasdaq Composite (ONEQ total-return proxy),Nasdaq Composite,ONEQ,34.19401168823242,-0.0064752671639303,1.0137479469176938,Yahoo Finance via yfinance,"Adjusted close; dividends, capital distributions and splits included",2026-08-13
2020-05-20,nasdaq_composite_oneq,Nasdaq Composite (ONEQ total-return proxy),Nasdaq Composite,ONEQ,34.959197998046875,0.0223777869877077,1.036433382533044,Yahoo Finance via yfinance,"Adjusted close; dividends, capital distributions and splits included",2026-08-13
2020-05-21,nasdaq_composite_oneq,Nasdaq Composite (ONEQ total-return proxy),Nasdaq Composite,ONEQ,34.67893981933594,-0.008016722200738,1.0281245840257054,Yahoo Finance via yfinance,"Adjusted close; dividends, capital distributions and splits included",2026-08-13
2020-05-22,nasdaq_composite_oneq,Nasdaq Composite (ONEQ total-return proxy),Nasdaq Composite,ONEQ,34.74015808105469,0.0017652864256425,1.029939518397755,Yahoo Finance via yfinance,"Adjusted close; dividends, capital distributions and splits included",2026-08-13
2020-05-26,nasdaq_composite_oneq,Nasdaq Composite (ONEQ total-return proxy),Nasdaq Composite,ONEQ,34.91136932373047,0.0049283380425706,1.0350154085078218,Yahoo Finance via yfinance,"Adjusted close; dividends, capital distributions and splits included",2026-08-13
2020-05-27,nasdaq_composite_oneq,Nasdaq Composite (ONEQ total-return proxy),Nasdaq Composite,ONEQ,35.10362243652344,0.0055068912081397,1.0407151257612226,Yahoo Finance via yfinance,"Adjusted close; dividends, capital distributions and splits included",2026-08-13
2020-05-28,nasdaq_composite_oneq,Nasdaq Composite (ONEQ total-return proxy),Nasdaq Composite,ONEQ,34.925724029541016,-0.0050678076686846,1.0354409816659738,Yahoo Finance via yfinance,"Adjusted close; dividends, capital distributions and splits included",2026-08-13
2020-05-29,nasdaq_composite_oneq,Nasdaq Composite (ONEQ total-return proxy),Nasdaq Composite,ONEQ,35.33987045288086,0.0118579194804824,1.0477191574533606,Yahoo Finance via yfinance,"Adjusted close; dividends, capital distributions and splits included",2026-08-13
2020-06-01,nasdaq_composite_oneq,Nasdaq Composite (ONEQ total-return proxy),Nasdaq Composite,ONEQ,35.55221176147461,0.0060085480187843,1.0540144283211197,Yahoo Finance via yfinance,"Adjusted close; dividends, capital distributions and splits included",2026-08-13
2020-06-02,nasdaq_composite_oneq,Nasdaq Composite (ONEQ total-return proxy),Nasdaq Composite,ONEQ,35.77220153808594,0.0061877943934198,1.0605364528912686,Yahoo Finance via yfinance,"Adjusted close; dividends, capital distributions and splits included",2026-08-13
2020-06-03,nasdaq_composite_oneq,Nasdaq Composite (ONEQ total-return proxy),Nasdaq Composite,ONEQ,36.06870269775391,0.008288591334036,1.0693268061441326,Yahoo Finance via yfinance,"Adjusted close; dividends, capital distributions and splits included",2026-08-13
2020-06-04,nasdaq_composite_oneq,Nasdaq Composite (ONEQ total-return proxy),Nasdaq Composite,ONEQ,35.79801940917969,-0.0075046582862287,1.0613018738677165,Yahoo Finance via yfinance,"Adjusted close; dividends, capital distributions and splits included",2026-08-13
2020-06-05,nasdaq_composite_oneq,Nasdaq Composite (ONEQ total-return proxy),Nasdaq Composite,ONEQ,36.54408264160156,0.0208409080931042,1.0834203686800328,Yahoo Finance via yfinance,"Adjusted close; dividends, capital distributions and splits included",2026-08-13
2020-06-08,nasdaq_composite_oneq,Nasdaq Composite (ONEQ total-return proxy),Nasdaq Composite,ONEQ,36.99458312988281,0.0123275905623199,1.0967763313919978,Yahoo Finance via yfinance,"Adjusted close; dividends, capital distributions and splits included",2026-08-13
2020-06-09,nasdaq_composite_oneq,Nasdaq Composite (ONEQ total-return proxy),Nasdaq Composite,ONEQ,37.14952087402344,0.004188119747063,1.101369762003612,Yahoo Finance via yfinance,"Adjusted close; dividends, capital distributions and splits included",2026-08-13
2020-06-10,nasdaq_composite_oneq,Nasdaq Composite (ONEQ total-return proxy),Nasdaq Composite,ONEQ,37.35038757324219,0.0054069795381723,1.1073248457707274,Yahoo Finance via yfinance,"Adjusted close; dividends, capital distributions and splits included",2026-08-13
2020-06-11,nasdaq_composite_oneq,Nasdaq Composite (ONEQ total-return proxy),Nasdaq Composite,ONEQ,35.41639709472656,-0.0517796629211187,1.0499879385125392,Yahoo Finance via yfinance,"Adjusted close; dividends, capital distributions and splits included",2026-08-13
2020-06-12,nasdaq_composite_oneq,Nasdaq Composite (ONEQ total-return proxy),Nasdaq Composite,ONEQ,35.79324722290039,0.0106405551972406,1.0611603931287188,Yahoo Finance via yfinance,"Adjusted close; dividends, capital distributions and splits included",2026-08-13
2020-06-15,nasdaq_composite_oneq,Nasdaq Composite (ONEQ total-return proxy),Nasdaq Composite,ONEQ,36.12035751342773,0.0091388827755771,1.0708582135676077,Yahoo Finance via yfinance,"Adjusted close; dividends, capital distributions and splits included",2026-08-13
2020-06-16,nasdaq_composite_oneq,Nasdaq Composite (ONEQ total-return proxy),Nasdaq Composite,ONEQ,36.74779891967773,0.0173708526006906,1.0894599337517292,Yahoo Finance via yfinance,"Adjusted close; dividends, capital distributions and splits included",2026-08-13
2020-06-17,nasdaq_composite_oneq,Nasdaq Composite (ONEQ total-return proxy),Nasdaq Composite,ONEQ,36.906585693359375,0.0043209873339273,1.094167476326292,Yahoo Finance via yfinance,"Adjusted close; dividends, capital distributions and splits included",2026-08-13
2020-06-18,nasdaq_composite_oneq,Nasdaq Composite (ONEQ total-return proxy),Nasdaq Composite,ONEQ,37.102657318115234,0.0053126459972465,1.099980400789714,Yahoo Finance via yfinance,"Adjusted close; dividends, capital distributions and splits included",2026-08-13
2020-06-19,nasdaq_composite_oneq,Nasdaq Composite (ONEQ total-return proxy),Nasdaq Composite,ONEQ,36.95891952514648,-0.0038740565597863,1.0957190145023985,Yahoo Finance via yfinance,"Adjusted close; dividends, capital distributions and splits included",2026-08-13
2020-06-22,nasdaq_composite_oneq,Nasdaq Composite (ONEQ total-return proxy),Nasdaq Composite,ONEQ,37.46776580810547,0.0137678884961116,1.1108047517171369,Yahoo Finance via yfinance,"Adjusted close; dividends, capital distributions and splits included",2026-08-13
2020-06-23,nasdaq_composite_oneq,Nasdaq Composite (ONEQ total-return proxy),Nasdaq Composite,ONEQ,37.78592300415039,0.0084914909972051,1.1202371402659954,Yahoo Finance via yfinance,"Adjusted close; dividends, capital distributions and splits included",2026-08-13
2020-06-24,nasdaq_composite_oneq,Nasdaq Composite (ONEQ total-return proxy),Nasdaq Composite,ONEQ,36.94358444213867,-0.0222923907911207,1.0952643761564582,Yahoo Finance via yfinance,"Adjusted close; dividends, capital distributions and splits included",2026-08-13
2020-06-25,nasdaq_composite_oneq,Nasdaq Composite (ONEQ total-return proxy),Nasdaq Composite,ONEQ,37.27132797241211,0.0088714599631434,1.1049809702185875,Yahoo Finance via yfinance,"Adjusted close; dividends, capital distributions and splits included",2026-08-13
2020-06-26,nasdaq_composite_oneq,Nasdaq Composite (ONEQ total-return proxy),Nasdaq Composite,ONEQ,36.40695190429688,-0.0231914480953036,1.079354861401465,Yahoo Finance via yfinance,"Adjusted close; dividends, capital distributions and splits included",2026-08-13
2020-06-29,nasdaq_composite_oneq,Nasdaq Composite (ONEQ total-return proxy),Nasdaq Composite,ONEQ,36.709774017333984,0.0083177002522247,1.088332611604384,Yahoo Finance via yfinance,"Adjusted close; dividends, capital distributions and splits included",2026-08-13
2020-06-30,nasdaq_composite_oneq,Nasdaq Composite (ONEQ total-return proxy),Nasdaq Composite,ONEQ,37.485008239746094,0.0211179241268566,1.111315937121029,Yahoo Finance via yfinance,"Adjusted close; dividends, capital distributions and splits included",2026-08-13
2020-07-01,nasdaq_composite_oneq,Nasdaq Composite (ONEQ total-return proxy),Nasdaq Composite,ONEQ,37.91911697387695,0.0115808627106173,1.1241859344169487,Yahoo Finance via yfinance,"Adjusted close; dividends, capital distributions and splits included",2026-08-13
2020-07-02,nasdaq_composite_oneq,Nasdaq Composite (ONEQ total-return proxy),Nasdaq Composite,ONEQ,38.00535583496094,0.0022742845289196,1.1267426530952225,Yahoo Finance via yfinance,"Adjusted close; dividends, capital distributions and splits included",2026-08-13
2020-07-06,nasdaq_composite_oneq,Nasdaq Composite (ONEQ total-return proxy),Nasdaq Composite,ONEQ,38.83906173706055,0.0219365372007038,1.1514594852204654,Yahoo Finance via yfinance,"Adjusted close; dividends, capital distributions and splits included",2026-08-13
2020-07-07,nasdaq_composite_oneq,Nasdaq Composite (ONEQ total-return proxy),Nasdaq Composite,ONEQ,38.61483001708984,-0.0057733557388369,1.1448116999934297,Yahoo Finance via yfinance,"Adjusted close; dividends, capital distributions and splits included",2026-08-13
2020-07-08,nasdaq_composite_oneq,Nasdaq Composite (ONEQ total-return proxy),Nasdaq Composite,ONEQ,39.1370849609375,0.0135247246619114,1.1602949630255754,Yahoo Finance via yfinance,"Adjusted close; dividends, capital distributions and splits included",2026-08-13
2020-07-09,nasdaq_composite_oneq,Nasdaq Composite (ONEQ total-return proxy),Nasdaq Composite,ONEQ,39.35270309448242,0.0055093048897261,1.1666873817388967,Yahoo Finance via yfinance,"Adjusted close; dividends, capital distributions and splits included",2026-08-13
2020-07-10,nasdaq_composite_oneq,Nasdaq Composite (ONEQ total-return proxy),Nasdaq Composite,ONEQ,39.53956604003906,0.0047484144890377,1.1722272970065233,Yahoo Finance via yfinance,"Adjusted close; dividends, capital distributions and splits included",2026-08-13
2020-07-13,nasdaq_composite_oneq,Nasdaq Composite (ONEQ total-return proxy),Nasdaq Composite,ONEQ,38.83042907714844,-0.0179348696486079,1.1512035532361713,Yahoo Finance via yfinance,"Adjusted close; dividends, capital distributions and splits included",2026-08-13
2020-07-14,nasdaq_composite_oneq,Nasdaq Composite (ONEQ total-return proxy),Nasdaq Composite,ONEQ,39.04604721069336,0.0055528135709377,1.1575959719494928,Yahoo Finance via yfinance,"Adjusted close; dividends, capital distributions and splits included",2026-08-13
2020-07-15,nasdaq_composite_oneq,Nasdaq Composite (ONEQ total-return proxy),Nasdaq Composite,ONEQ,39.38240051269531,0.0086142727889197,1.1675678194312205,Yahoo Finance via yfinance,"Adjusted close; dividends, capital distributions and splits included",2026-08-13
2020-07-16,nasdaq_composite_oneq,Nasdaq Composite (ONEQ total-return proxy),Nasdaq Composite,ONEQ,38.99237060546875,-0.0099036600651306,1.156004624644588,Yahoo Finance via yfinance,"Adjusted close; dividends, capital distributions and splits included",2026-08-13
2020-07-17,nasdaq_composite_oneq,Nasdaq Composite (ONEQ total-return proxy),Nasdaq Composite,ONEQ,39.11025238037109,0.0030232010280957,1.1594994590142969,Yahoo Finance via yfinance,"Adjusted close; dividends, capital distributions and splits included",2026-08-13
2020-07-20,nasdaq_composite_oneq,Nasdaq Composite (ONEQ total-return proxy),Nasdaq Composite,ONEQ,40.11549758911133,0.0257028566055674,1.1893019073435744,Yahoo Finance via yfinance,"Adjusted close; dividends, capital distributions and splits included",2026-08-13
2020-07-21,nasdaq_composite_oneq,Nasdaq Composite (ONEQ total-return proxy),Nasdaq Composite,ONEQ,39.8481330871582,-0.0066648681437693,1.181375366947996,Yahoo Finance via yfinance,"Adjusted close; dividends, capital distributions and splits included",2026-08-13
2020-07-22,nasdaq_composite_oneq,Nasdaq Composite (ONEQ total-return proxy),Nasdaq Composite,ONEQ,39.87976837158203,0.0007938962750058,1.1823132564511998,Yahoo Finance via yfinance,"Adjusted close; dividends, capital distributions and splits included",2026-08-13
2020-07-23,nasdaq_composite_oneq,Nasdaq Composite (ONEQ total-return proxy),Nasdaq Composite,ONEQ,38.99622344970703,-0.0221552169922983,1.1561188497016526,Yahoo Finance via yfinance,"Adjusted close; dividends, capital distributions and splits included",2026-08-13
2020-07-24,nasdaq_composite_oneq,Nasdaq Composite (ONEQ total-return proxy),Nasdaq Composite,ONEQ,38.55732727050781,-0.0112548380425929,1.1431069192902716,Yahoo Finance via yfinance,"Adjusted close; dividends, capital distributions and splits included",2026-08-13
2020-07-27,nasdaq_composite_oneq,Nasdaq Composite (ONEQ total-return proxy),Nasdaq Composite,ONEQ,39.2654914855957,0.0183665275894151,1.164101824061068,Yahoo Finance via yfinance,"Adjusted close; dividends, capital distributions and splits included",2026-08-13
2020-07-28,nasdaq_composite_oneq,Nasdaq Composite (ONEQ total-return proxy),Nasdaq Composite,ONEQ,38.8936882019043,-0.0094689578463011,1.1530789929602312,Yahoo Finance via yfinance,"Adjusted close; dividends, capital distributions and splits included",2026-08-13
2020-07-29,nasdaq_composite_oneq,Nasdaq Composite (ONEQ total-return proxy),Nasdaq Composite,ONEQ,39.38527297973633,0.0126391916158767,1.1676529793004975,Yahoo Finance via yfinance,"Adjusted close; dividends, capital distributions and splits included",2026-08-13
2020-07-30,nasdaq_composite_oneq,Nasdaq Composite (ONEQ total-return proxy),Nasdaq Composite,ONEQ,39.47535705566406,0.0022872528006618,1.170323696847604,Yahoo Finance via yfinance,"Adjusted close; dividends, capital distributions and splits included",2026-08-13
2020-07-31,nasdaq_composite_oneq,Nasdaq Composite (ONEQ total-return proxy),Nasdaq Composite,ONEQ,39.97270202636719,0.0125988720001144,1.1850684553028878,Yahoo Finance via yfinance,"Adjusted close; dividends, capital distributions and splits included",2026-08-13
2020-08-03,nasdaq_composite_oneq,Nasdaq Composite (ONEQ total-return proxy),Nasdaq Composite,ONEQ,40.70387268066406,0.0182917495498446,1.2067454306867096,Yahoo Finance via yfinance,"Adjusted close; dividends, capital distributions and splits included",2026-08-13
2020-08-04,nasdaq_composite_oneq,Nasdaq Composite (ONEQ total-return proxy),Nasdaq Composite,ONEQ,40.72016143798828,0.0004001770900772,1.2072283425616257,Yahoo Finance via yfinance,"Adjusted close; dividends, capital distributions and splits included",2026-08-13
2020-08-05,nasdaq_composite_oneq,Nasdaq Composite (ONEQ total-return proxy),Nasdaq Composite,ONEQ,41.05459213256836,0.0082129019819672,1.2171431906089372,Yahoo Finance via yfinance,"Adjusted close; dividends, capital distributions and splits included",2026-08-13
2020-08-06,nasdaq_composite_oneq,Nasdaq Composite (ONEQ total-return proxy),Nasdaq Composite,ONEQ,41.35358428955078,0.0072827944805042,1.2260073943194874,Yahoo Finance via yfinance,"Adjusted close; dividends, capital distributions and splits included",2026-08-13
2020-08-07,nasdaq_composite_oneq,Nasdaq Composite (ONEQ total-return proxy),Nasdaq Composite,ONEQ,41.09773254394531,-0.0061869303471746,1.2184221719657116,Yahoo Finance via yfinance,"Adjusted close; dividends, capital distributions and splits included",2026-08-13
2020-08-10,nasdaq_composite_oneq,Nasdaq Composite (ONEQ total-return proxy),Nasdaq Composite,ONEQ,41.00094223022461,-0.0023551253981519,1.2155526349628436,Yahoo Finance via yfinance,"Adjusted close; dividends, capital distributions and splits included",2026-08-13
2020-08-11,nasdaq_composite_oneq,Nasdaq Composite (ONEQ total-return proxy),Nasdaq Composite,ONEQ,40.34260559082031,-0.0160566222041353,1.196034965534004,Yahoo Finance via yfinance,"Adjusted close; dividends, capital distributions and splits included",2026-08-13
2020-08-12,nasdaq_composite_oneq,Nasdaq Composite (ONEQ total-return proxy),Nasdaq Composite,ONEQ,41.01338958740234,0.0166271857446576,1.215921661063043,Yahoo Finance via yfinance,"Adjusted close; dividends, capital distributions and splits included",2026-08-13
2020-08-13,nasdaq_composite_oneq,Nasdaq Composite (ONEQ total-return proxy),Nasdaq Composite,ONEQ,41.45037460327149,0.0106546915596403,1.228876931322355,Yahoo Finance via yfinance,"Adjusted close; dividends, capital distributions and splits included",2026-08-13
2020-08-14,nasdaq_composite_oneq,Nasdaq Composite (ONEQ total-return proxy),Nasdaq Composite,ONEQ,41.18685150146485,-0.0063575565801,1.2210642767014936,Yahoo Finance via yfinance,"Adjusted close; dividends, capital distributions and splits included",2026-08-13
2020-08-17,nasdaq_composite_oneq,Nasdaq Composite (ONEQ total-return proxy),Nasdaq Composite,ONEQ,41.5941162109375,0.0098882214742288,1.2331384307037871,Yahoo Finance via yfinance,"Adjusted close; dividends, capital distributions and splits included",2026-08-13
2020-08-18,nasdaq_composite_oneq,Nasdaq Composite (ONEQ total-return proxy),Nasdaq Composite,ONEQ,41.84807205200195,0.0061055712730271,1.240667445281958,Yahoo Finance via yfinance,"Adjusted close; dividends, capital distributions and splits included",2026-08-13
2020-08-19,nasdaq_composite_oneq,Nasdaq Composite (ONEQ total-return proxy),Nasdaq Composite,ONEQ,41.6199836730957,-0.0054503915645819,1.2339053219037417,Yahoo Finance via yfinance,"Adjusted close; dividends, capital distributions and splits included",2026-08-13
2020-08-20,nasdaq_composite_oneq,Nasdaq Composite (ONEQ total-return proxy),Nasdaq Composite,ONEQ,42.15279006958008,0.0128016964319184,1.249701403260482,Yahoo Finance via yfinance,"Adjusted close; dividends, capital distributions and splits included",2026-08-13
2020-08-21,nasdaq_composite_oneq,Nasdaq Composite (ONEQ total-return proxy),Nasdaq Composite,ONEQ,42.39523315429688,0.005751531139851,1.2568890997968505,Yahoo Finance via yfinance,"Adjusted close; dividends, capital distributions and splits included",2026-08-13
2020-08-24,nasdaq_composite_oneq,Nasdaq Composite (ONEQ total-return proxy),Nasdaq Composite,ONEQ,42.64534759521485,0.0058995887581907,1.2643042286003043,Yahoo Finance via yfinance,"Adjusted close; dividends, capital distributions and splits included",2026-08-13
2020-08-25,nasdaq_composite_oneq,Nasdaq Composite (ONEQ total-return proxy),Nasdaq Composite,ONEQ,42.92804336547852,0.0066289943969266,1.2726852942477065,Yahoo Finance via yfinance,"Adjusted close; dividends, capital distributions and splits included",2026-08-13
2020-08-26,nasdaq_composite_oneq,Nasdaq Composite (ONEQ total-return proxy),Nasdaq Composite,ONEQ,43.60171508789063,0.0156930451424641,1.292657602022486,Yahoo Finance via yfinance,"Adjusted close; dividends, capital distributions and splits included",2026-08-13
2020-08-27,nasdaq_composite_oneq,Nasdaq Composite (ONEQ total-return proxy),Nasdaq Composite,ONEQ,43.49821853637695,-0.0023736807440957,1.2895892455638562,Yahoo Finance via yfinance,"Adjusted close; dividends, capital distributions and splits included",2026-08-13
2020-08-28,nasdaq_composite_oneq,Nasdaq Composite (ONEQ total-return proxy),Nasdaq Composite,ONEQ,43.7828254699707,0.0065429560834942,1.298026971363327,Yahoo Finance via yfinance,"Adjusted close; dividends, capital distributions and splits included",2026-08-13
2020-08-31,nasdaq_composite_oneq,Nasdaq Composite (ONEQ total-return proxy),Nasdaq Composite,ONEQ,44.05880737304688,0.0063034283446476,1.3062089913667358,Yahoo Finance via yfinance,"Adjusted close; dividends, capital distributions and splits included",2026-08-13
2020-09-01,nasdaq_composite_oneq,Nasdaq Composite (ONEQ total-return proxy),Nasdaq Composite,ONEQ,44.7085189819336,0.0147464638201755,1.3254709549995134,Yahoo Finance via yfinance,"Adjusted close; dividends, capital distributions and splits included",2026-08-13
2020-09-02,nasdaq_composite_oneq,Nasdaq Composite (ONEQ total-return proxy),Nasdaq Composite,ONEQ,45.05255126953125,0.0076950052346103,1.3356704609365586,Yahoo Finance via yfinance,"Adjusted close; dividends, capital distributions and splits included",2026-08-13
2020-09-03,nasdaq_composite_oneq,Nasdaq Composite (ONEQ total-return proxy),Nasdaq Composite,ONEQ,42.7708740234375,-0.0506447955065495,1.2680257035782878,Yahoo Finance via yfinance,"Adjusted close; dividends, capital distributions and splits included",2026-08-13
2020-09-04,nasdaq_composite_oneq,Nasdaq Composite (ONEQ total-return proxy),Nasdaq Composite,ONEQ,42.28407287597656,-0.0113816039203262,1.2535935372593667,Yahoo Finance via yfinance,"Adjusted close; dividends, capital distributions and splits included",2026-08-13
2020-09-08,nasdaq_composite_oneq,Nasdaq Composite (ONEQ total-return proxy),Nasdaq Composite,ONEQ,40.55055236816406,-0.0409970088003842,1.2021999519802395,Yahoo Finance via yfinance,"Adjusted close; dividends, capital distributions and splits included",2026-08-13
2020-09-09,nasdaq_composite_oneq,Nasdaq Composite (ONEQ total-return proxy),Nasdaq Composite,ONEQ,41.62286376953125,0.0264438173771721,1.2339907079612502,Yahoo Finance via yfinance,"Adjusted close; dividends, capital distributions and splits included",2026-08-13
2020-09-10,nasdaq_composite_oneq,Nasdaq Composite (ONEQ total-return proxy),Nasdaq Composite,ONEQ,40.858154296875,-0.0183723416267198,1.2113194091103885,Yahoo Finance via yfinance,"Adjusted close; dividends, capital distributions and splits included",2026-08-13
2020-09-11,nasdaq_composite_oneq,Nasdaq Composite (ONEQ total-return proxy),Nasdaq Composite,ONEQ,40.45183944702149,-0.0099445228705447,1.1992734155429554,Yahoo Finance via yfinance,"Adjusted close; dividends, capital distributions and splits included",2026-08-13
2020-09-14,nasdaq_composite_oneq,Nasdaq Composite (ONEQ total-return proxy),Nasdaq Composite,ONEQ,41.21368408203125,0.0188333743390711,1.2218597807127725,Yahoo Finance via yfinance,"Adjusted close; dividends, capital distributions and splits included",2026-08-13
2020-09-15,nasdaq_composite_oneq,Nasdaq Composite (ONEQ total-return proxy),Nasdaq Composite,ONEQ,41.811641693115234,0.0145087153551672,1.2395873964750612,Yahoo Finance via yfinance,"Adjusted close; dividends, capital distributions and splits included",2026-08-13
2020-09-16,nasdaq_composite_oneq,Nasdaq Composite (ONEQ total-return proxy),Nasdaq Composite,ONEQ,41.30087661743164,-0.0122158579524921,1.2244447729200223,Yahoo Finance via yfinance,"Adjusted close; dividends, capital distributions and splits included",2026-08-13
2020-09-17,nasdaq_composite_oneq,Nasdaq Composite (ONEQ total-return proxy),Nasdaq Composite,ONEQ,40.74029922485352,-0.0135730143883078,1.2078253663994905,Yahoo Finance via yfinance,"Adjusted close; dividends, capital distributions and splits included",2026-08-13
2020-09-18,nasdaq_composite_oneq,Nasdaq Composite (ONEQ total-return proxy),Nasdaq Composite,ONEQ,40.2015380859375,-0.0132242803603991,1.1918527451278218,Yahoo Finance via yfinance,"Adjusted close; dividends, capital distributions and splits included",2026-08-13
2020-09-21,nasdaq_composite_oneq,Nasdaq Composite (ONEQ total-return proxy),Nasdaq Composite,ONEQ,40.130462646484375,-0.0017679781132052,1.1897455755602722,Yahoo Finance via yfinance,"Adjusted close; dividends, capital distributions and splits included",2026-08-13
2020-09-22,nasdaq_composite_oneq,Nasdaq Composite (ONEQ total-return proxy),Nasdaq Composite,ONEQ,40.94867706298828,0.0203888607941475,1.2140031324808236,Yahoo Finance via yfinance,"Adjusted close; dividends, capital distributions and splits included",2026-08-13
2020-09-23,nasdaq_composite_oneq,Nasdaq Composite (ONEQ total-return proxy),Nasdaq Composite,ONEQ,39.66182708740234,-0.0314259230794311,1.1758519634212927,Yahoo Finance via yfinance,"Adjusted close; dividends, capital distributions and splits included",2026-08-13
2020-09-24,nasdaq_composite_oneq,Nasdaq Composite (ONEQ total-return proxy),Nasdaq Composite,ONEQ,39.89519119262695,0.0058838465689023,1.1827704959618062,Yahoo Finance via yfinance,"Adjusted close; dividends, capital distributions and splits included",2026-08-13
2020-09-25,nasdaq_composite_oneq,Nasdaq Composite (ONEQ total-return proxy),Nasdaq Composite,ONEQ,40.77774810791016,0.0221218870971675,1.2089356113353342,Yahoo Finance via yfinance,"Adjusted close; dividends, capital distributions and splits included",2026-08-13
2020-09-28,nasdaq_composite_oneq,Nasdaq Composite (ONEQ total-return proxy),Nasdaq Composite,ONEQ,41.57096862792969,0.0194522884863683,1.2324521756084732,Yahoo Finance via yfinance,"Adjusted close; dividends, capital distributions and splits included",2026-08-13
2020-09-29,nasdaq_composite_oneq,Nasdaq Composite (ONEQ total-return proxy),Nasdaq Composite,ONEQ,41.37217712402344,-0.0047819791182996,1.2265586150404104,Yahoo Finance via yfinance,"Adjusted close; dividends, capital distributions and splits included",2026-08-13
2020-09-30,nasdaq_composite_oneq,Nasdaq Composite (ONEQ total-return proxy),Nasdaq Composite,ONEQ,41.67853927612305,0.0074050285335773,1.23564131658289,Yahoo Finance via yfinance,"Adjusted close; dividends, capital distributions and splits included",2026-08-13
2020-10-01,nasdaq_composite_oneq,Nasdaq Composite (ONEQ total-return proxy),Nasdaq Composite,ONEQ,42.20672225952149,0.0126727805861714,1.251300327871153,Yahoo Finance via yfinance,"Adjusted close; dividends, capital distributions and splits included",2026-08-13
2020-10-02,nasdaq_composite_oneq,Nasdaq Composite (ONEQ total-return proxy),Nasdaq Composite,ONEQ,41.3212890625,-0.0209784875399021,1.2250499395342325,Yahoo Finance via yfinance,"Adjusted close; dividends, capital distributions and splits included",2026-08-13
2020-10-05,nasdaq_composite_oneq,Nasdaq Composite (ONEQ total-return proxy),Nasdaq Composite,ONEQ,42.23649215698242,0.0221484642722094,1.2521829143516787,Yahoo Finance via yfinance,"Adjusted close; dividends, capital distributions and splits included",2026-08-13
2020-10-06,nasdaq_composite_oneq,Nasdaq Composite (ONEQ total-return proxy),Nasdaq Composite,ONEQ,41.70253372192383,-0.0126421113068292,1.236352678571935,Yahoo Finance via yfinance,"Adjusted close; dividends, capital distributions and splits included",2026-08-13
2020-10-07,nasdaq_composite_oneq,Nasdaq Composite (ONEQ total-return proxy),Nasdaq Composite,ONEQ,42.490020751953125,0.0188834336848771,1.2596992623888683,Yahoo Finance via yfinance,"Adjusted close; dividends, capital distributions and splits included",2026-08-13
2020-10-08,nasdaq_composite_oneq,Nasdaq Composite (ONEQ total-return proxy),Nasdaq Composite,ONEQ,42.6283073425293,0.0032545663223715,1.263799037184555,Yahoo Finance via yfinance,"Adjusted close; dividends, capital distributions and splits included",2026-08-13
2020-10-09,nasdaq_composite_oneq,Nasdaq Composite (ONEQ total-return proxy),Nasdaq Composite,ONEQ,43.19969940185547,0.0134040522588638,1.280739065523679,Yahoo Finance via yfinance,"Adjusted close; dividends, capital distributions and splits included",2026-08-13
2020-10-12,nasdaq_composite_oneq,Nasdaq Composite (ONEQ total-return proxy),Nasdaq Composite,ONEQ,44.317527770996094,0.0258758367446558,1.3138792604956728,Yahoo Finance via yfinance,"Adjusted close; dividends, capital distributions and splits included",2026-08-13
2020-10-13,nasdaq_composite_oneq,Nasdaq Composite (ONEQ total-return proxy),Nasdaq Composite,ONEQ,44.36555480957031,0.0010837030175145,1.3153031154149215,Yahoo Finance via yfinance,"Adjusted close; dividends, capital distributions and splits included",2026-08-13
2020-10-14,nasdaq_composite_oneq,Nasdaq Composite (ONEQ total-return proxy),Nasdaq Composite,ONEQ,43.88345336914063,-0.0108665707551501,1.301010281046796,Yahoo Finance via yfinance,"Adjusted close; dividends, capital distributions and splits included",2026-08-13
2020-10-15,nasdaq_composite_oneq,Nasdaq Composite (ONEQ total-return proxy),Nasdaq Composite,ONEQ,43.673152923583984,-0.0047922492286016,1.2947755155310468,Yahoo Finance via yfinance,"Adjusted close; dividends, capital distributions and splits included",2026-08-13
2020-10-16,nasdaq_composite_oneq,Nasdaq Composite (ONEQ total-return proxy),Nasdaq Composite,ONEQ,43.52622222900391,-0.0033643253290451,1.290419469468718,Yahoo Finance via yfinance,"Adjusted close; dividends, capital distributions and splits included",2026-08-13
2020-10-19,nasdaq_composite_oneq,Nasdaq Composite (ONEQ total-return proxy),Nasdaq Composite,ONEQ,42.78195571899414,-0.0170992673357675,1.2683542419849931,Yahoo Finance via yfinance,"Adjusted close; dividends, capital distributions and splits included",2026-08-13
2020-10-20,nasdaq_composite_oneq,Nasdaq Composite (ONEQ total-return proxy),Nasdaq Composite,ONEQ,42.9692268371582,0.0043773388807684,1.2739062583230216,Yahoo Finance via yfinance,"Adjusted close; dividends, capital distributions and splits included",2026-08-13
2020-10-21,nasdaq_composite_oneq,Nasdaq Composite (ONEQ total-return proxy),Nasdaq Composite,ONEQ,42.85303115844727,-0.0027041603320275,1.2704614115525428,Yahoo Finance via yfinance,"Adjusted close; dividends, capital distributions and splits included",2026-08-13
2020-10-22,nasdaq_composite_oneq,Nasdaq Composite (ONEQ total-return proxy),Nasdaq Composite,ONEQ,43.01531982421875,0.0037870988675556,1.2752727745255066,Yahoo Finance via yfinance,"Adjusted close; dividends, capital distributions and splits included",2026-08-13
2020-10-23,nasdaq_composite_oneq,Nasdaq Composite (ONEQ total-return proxy),Nasdaq Composite,ONEQ,43.08926010131836,0.0017189289165293,1.2774648777741011,Yahoo Finance via yfinance,"Adjusted close; dividends, capital distributions and splits included",2026-08-13
2020-10-26,nasdaq_composite_oneq,Nasdaq Composite (ONEQ total-return proxy),Nasdaq Composite,ONEQ,42.39686584472656,-0.0160688360617873,1.2569375040784578,Yahoo Finance via yfinance,"Adjusted close; dividends, capital distributions and splits included",2026-08-13
2020-10-27,nasdaq_composite_oneq,Nasdaq Composite (ONEQ total-return proxy),Nasdaq Composite,ONEQ,42.63983917236328,0.0057309266332699,1.264140920696937,Yahoo Finance via yfinance,"Adjusted close; dividends, capital distributions and splits included",2026-08-13
2020-10-28,nasdaq_composite_oneq,Nasdaq Composite (ONEQ total-return proxy),Nasdaq Composite,ONEQ,41.11194610595703,-0.0358325241385184,1.218843560641575,Yahoo Finance via yfinance,"Adjusted close; dividends, capital distributions and splits included",2026-08-13
2020-10-29,nasdaq_composite_oneq,Nasdaq Composite (ONEQ total-return proxy),Nasdaq Composite,ONEQ,41.71791076660156,0.0147393815676539,1.2368085609531492,Yahoo Finance via yfinance,"Adjusted close; dividends, capital distributions and splits included",2026-08-13
2020-10-30,nasdaq_composite_oneq,Nasdaq Composite (ONEQ total-return proxy),Nasdaq Composite,ONEQ,40.7277946472168,-0.0237335979005313,1.2074546438875524,Yahoo Finance via yfinance,"Adjusted close; dividends, capital distributions and splits included",2026-08-13
2020-11-02,nasdaq_composite_oneq,Nasdaq Composite (ONEQ total-return proxy),Nasdaq Composite,ONEQ,40.788307189941406,0.0014857799998444,1.20924865584816,Yahoo Finance via yfinance,"Adjusted close; dividends, capital distributions and splits included",2026-08-13
2020-11-03,nasdaq_composite_oneq,Nasdaq Composite (ONEQ total-return proxy),Nasdaq Composite,ONEQ,41.79858016967773,0.0247686910621647,1.2392001622222009,Yahoo Finance via yfinance,"Adjusted close; dividends, capital distributions and splits included",2026-08-13
2020-11-04,nasdaq_composite_oneq,Nasdaq Composite (ONEQ total-return proxy),Nasdaq Composite,ONEQ,43.373531341552734,0.0376795375699754,1.285892651291372,Yahoo Finance via yfinance,"Adjusted close; dividends, capital distributions and splits included",2026-08-13
2020-11-05,nasdaq_composite_oneq,Nasdaq Composite (ONEQ total-return proxy),Nasdaq Composite,ONEQ,44.455814361572266,0.0249526147985714,1.3179790352913594,Yahoo Finance via yfinance,"Adjusted close; dividends, capital distributions and splits included",2026-08-13
2020-11-06,nasdaq_composite_oneq,Nasdaq Composite (ONEQ total-return proxy),Nasdaq Composite,ONEQ,44.572025299072266,0.0026140773522855,1.3214243344383017,Yahoo Finance via yfinance,"Adjusted close; dividends, capital distributions and splits included",2026-08-13
2020-11-09,nasdaq_composite_oneq,Nasdaq Composite (ONEQ total-return proxy),Nasdaq Composite,ONEQ,43.876739501953125,-0.0155991519894792,1.300811235402802,Yahoo Finance via yfinance,"Adjusted close; dividends, capital distributions and splits included",2026-08-13
2020-11-10,nasdaq_composite_oneq,Nasdaq Composite (ONEQ total-return proxy),Nasdaq Composite,ONEQ,43.14016342163086,-0.0167873932448758,1.2789740056567425,Yahoo Finance via yfinance,"Adjusted close; dividends, capital distributions and splits included",2026-08-13
2020-11-11,nasdaq_composite_oneq,Nasdaq Composite (ONEQ total-return proxy),Nasdaq Composite,ONEQ,43.99485778808594,0.0198120335822957,1.304313081607697,Yahoo Finance via yfinance,"Adjusted close; dividends, capital distributions and splits included",2026-08-13
2020-11-12,nasdaq_composite_oneq,Nasdaq Composite (ONEQ total-return proxy),Nasdaq Composite,ONEQ,43.81143569946289,-0.0041691710769142,1.2988751772326173,Yahoo Finance via yfinance,"Adjusted close; dividends, capital distributions and splits included",2026-08-13
2020-11-13,nasdaq_composite_oneq,Nasdaq Composite (ONEQ total-return proxy),Nasdaq Composite,ONEQ,44.14947891235352,0.007715867044612,1.308897125407691,Yahoo Finance via yfinance,"Adjusted close; dividends, capital distributions and splits included",2026-08-13
2020-11-16,nasdaq_composite_oneq,Nasdaq Composite (ONEQ total-return proxy),Nasdaq Composite,ONEQ,44.5864372253418,0.0098972473459026,1.321851604008192,Yahoo Finance via yfinance,"Adjusted close; dividends, capital distributions and splits included",2026-08-13
2020-11-17,nasdaq_composite_oneq,Nasdaq Composite (ONEQ total-return proxy),Nasdaq Composite,ONEQ,44.534576416015625,-0.0011631521277213,1.320314089502458,Yahoo Finance via yfinance,"Adjusted close; dividends, capital distributions and splits included",2026-08-13
2020-11-18,nasdaq_composite_oneq,Nasdaq Composite (ONEQ total-return proxy),Nasdaq Composite,ONEQ,44.17539596557617,-0.0080652041479906,1.3096654868311524,Yahoo Finance via yfinance,"Adjusted close; dividends, capital distributions and splits included",2026-08-13
2020-11-19,nasdaq_composite_oneq,Nasdaq Composite (ONEQ total-return proxy),Nasdaq Composite,ONEQ,44.46735000610352,0.0066089739355104,1.318321031897857,Yahoo Finance via yfinance,"Adjusted close; dividends, capital distributions and splits included",2026-08-13
2020-11-20,nasdaq_composite_oneq,Nasdaq Composite (ONEQ total-return proxy),Nasdaq Composite,ONEQ,44.397239685058594,-0.0015766696471748,1.3162424751416315,Yahoo Finance via yfinance,"Adjusted close; dividends, capital distributions and splits included",2026-08-13
2020-11-23,nasdaq_composite_oneq,Nasdaq Composite (ONEQ total-return proxy),Nasdaq Composite,ONEQ,44.35883712768555,-0.0008649762382856,1.3151039566768117,Yahoo Finance via yfinance,"Adjusted close; dividends, capital distributions and splits included",2026-08-13
2020-11-24,nasdaq_composite_oneq,Nasdaq Composite (ONEQ total-return proxy),Nasdaq Composite,ONEQ,44.88605499267578,0.011885294997086,1.3307343551537507,Yahoo Finance via yfinance,"Adjusted close; dividends, capital distributions and splits included",2026-08-13
2020-11-25,nasdaq_composite_oneq,Nasdaq Composite (ONEQ total-return proxy),Nasdaq Composite,ONEQ,45.20873641967773,0.007188901476296,1.340300873324073,Yahoo Finance via yfinance,"Adjusted close; dividends, capital distributions and splits included",2026-08-13
2020-11-27,nasdaq_composite_oneq,Nasdaq Composite (ONEQ total-return proxy),Nasdaq Composite,ONEQ,45.610145568847656,0.008879017220114,1.3522014278584518,Yahoo Finance via yfinance,"Adjusted close; dividends, capital distributions and splits included",2026-08-13
2020-11-30,nasdaq_composite_oneq,Nasdaq Composite (ONEQ total-return proxy),Nasdaq Composite,ONEQ,45.51602554321289,-0.0020635765236199,1.3494110567367177,Yahoo Finance via yfinance,"Adjusted close; dividends, capital distributions and splits included",2026-08-13
2020-12-01,nasdaq_composite_oneq,Nasdaq Composite (ONEQ total-return proxy),Nasdaq Composite,ONEQ,46.2257194519043,0.0155921766064048,1.370451312247992,Yahoo Finance via yfinance,"Adjusted close; dividends, capital distributions and splits included",2026-08-13
2020-12-02,nasdaq_composite_oneq,Nasdaq Composite (ONEQ total-return proxy),Nasdaq Composite,ONEQ,46.19498825073242,-0.000664807417521,1.369540226050258,Yahoo Finance via yfinance,"Adjusted close; dividends, capital distributions and splits included",2026-08-13
2020-12-03,nasdaq_composite_oneq,Nasdaq Composite (ONEQ total-return proxy),Nasdaq Composite,ONEQ,46.21035003662109,0.0003325422620585,1.369995656055009,Yahoo Finance via yfinance,"Adjusted close; dividends, capital distributions and splits included",2026-08-13
2020-12-04,nasdaq_composite_oneq,Nasdaq Composite (ONEQ total-return proxy),Nasdaq Composite,ONEQ,46.5503158569336,0.0073569193923672,1.380074603664499,Yahoo Finance via yfinance,"Adjusted close; dividends, capital distributions and splits included",2026-08-13
2020-12-07,nasdaq_composite_oneq,Nasdaq Composite (ONEQ total-return proxy),Nasdaq Composite,ONEQ,46.71645736694336,0.0035690737420639,1.3850001916945274,Yahoo Finance via yfinance,"Adjusted close; dividends, capital distributions and splits included",2026-08-13
2020-12-08,nasdaq_composite_oneq,Nasdaq Composite (ONEQ total-return proxy),Nasdaq Composite,ONEQ,47.09002304077149,0.0079964469671551,1.3960752722769123,Yahoo Finance via yfinance,"Adjusted close; dividends, capital distributions and splits included",2026-08-13
2020-12-09,nasdaq_composite_oneq,Nasdaq Composite (ONEQ total-return proxy),Nasdaq Composite,ONEQ,46.14793395996094,-0.020006129111359,1.368145210130565,Yahoo Finance via yfinance,"Adjusted close; dividends, capital distributions and splits included",2026-08-13
2020-12-10,nasdaq_composite_oneq,Nasdaq Composite (ONEQ total-return proxy),Nasdaq Composite,ONEQ,46.47924041748047,0.0071792262207659,1.3779674340969497,Yahoo Finance via yfinance,"Adjusted close; dividends, capital distributions and splits included",2026-08-13
2020-12-11,nasdaq_composite_oneq,Nasdaq Composite (ONEQ total-return proxy),Nasdaq Composite,ONEQ,46.27661895751953,-0.0043593969725187,1.371960327036518,Yahoo Finance via yfinance,"Adjusted close; dividends, capital distributions and splits included",2026-08-13
2020-12-14,nasdaq_composite_oneq,Nasdaq Composite (ONEQ total-return proxy),Nasdaq Composite,ONEQ,46.50133895874024,0.0048560159813531,1.3786225883103898,Yahoo Finance via yfinance,"Adjusted close; dividends, capital distributions and splits included",2026-08-13
2020-12-15,nasdaq_composite_oneq,Nasdaq Composite (ONEQ total-return proxy),Nasdaq Composite,ONEQ,47.056419372558594,0.0119368694804868,1.395079026209902,Yahoo Finance via yfinance,"Adjusted close; dividends, capital distributions and splits included",2026-08-13
2020-12-16,nasdaq_composite_oneq,Nasdaq Composite (ONEQ total-return proxy),Nasdaq Composite,ONEQ,47.38388442993164,0.006958987992274,1.40478736440157,Yahoo Finance via yfinance,"Adjusted close; dividends, capital distributions and splits included",2026-08-13
2020-12-17,nasdaq_composite_oneq,Nasdaq Composite (ONEQ total-return proxy),Nasdaq Composite,ONEQ,47.627811431884766,0.0051478895174545,1.4120190545490257,Yahoo Finance via yfinance,"Adjusted close; dividends, capital distributions and splits included",2026-08-13
2020-12-18,nasdaq_composite_oneq,Nasdaq Composite (ONEQ total-return proxy),Nasdaq Composite,ONEQ,47.619239807128906,-0.000179970997998,1.4117649320705865,Yahoo Finance via yfinance,"Adjusted close; dividends, capital distributions and splits included",2026-08-13
2020-12-21,nasdaq_composite_oneq,Nasdaq Composite (ONEQ total-return proxy),Nasdaq Composite,ONEQ,47.63655853271485,0.0003636917694629,1.4122783793567968,Yahoo Finance via yfinance,"Adjusted close; dividends, capital distributions and splits included",2026-08-13
2020-12-22,nasdaq_composite_oneq,Nasdaq Composite (ONEQ total-return proxy),Nasdaq Composite,ONEQ,47.96280670166016,0.0068486930835118,1.4219506405254911,Yahoo Finance via yfinance,"Adjusted close; dividends, capital distributions and splits included",2026-08-13
2020-12-23,nasdaq_composite_oneq,Nasdaq Composite (ONEQ total-return proxy),Nasdaq Composite,ONEQ,47.83384704589844,-0.002688742895383,1.418127380843193,Yahoo Finance via yfinance,"Adjusted close; dividends, capital distributions and splits included",2026-08-13
2020-12-24,nasdaq_composite_oneq,Nasdaq Composite (ONEQ total-return proxy),Nasdaq Composite,ONEQ,47.9329719543457,0.0020722754820901,1.4210661314449948,Yahoo Finance via yfinance,"Adjusted close; dividends, capital distributions and splits included",2026-08-13
2020-12-28,nasdaq_composite_oneq,Nasdaq Composite (ONEQ total-return proxy),Nasdaq Composite,ONEQ,48.30348205566406,0.007729754409371,1.4320506236405397,Yahoo Finance via yfinance,"Adjusted close; dividends, capital distributions and splits included",2026-08-13
2020-12-29,nasdaq_composite_oneq,Nasdaq Composite (ONEQ total-return proxy),Nasdaq Composite,ONEQ,48.0224723815918,-0.0058175862714914,1.4237195455923677,Yahoo Finance via yfinance,"Adjusted close; dividends, capital distributions and splits included",2026-08-13
2020-12-30,nasdaq_composite_oneq,Nasdaq Composite (ONEQ total-return proxy),Nasdaq Composite,ONEQ,48.196659088134766,0.0036271915606274,1.4288836491128407,Yahoo Finance via yfinance,"Adjusted close; dividends, capital distributions and splits included",2026-08-13
2020-12-31,nasdaq_composite_oneq,Nasdaq Composite (ONEQ total-return proxy),Nasdaq Composite,ONEQ,48.27652740478516,0.0016571338794322,1.4312515006175524,Yahoo Finance via yfinance,"Adjusted close; dividends, capital distributions and splits included",2026-08-13
2021-01-04,nasdaq_composite_oneq,Nasdaq Composite (ONEQ total-return proxy),Nasdaq Composite,ONEQ,47.54032516479492,-0.0152496933720477,1.4094253540948516,Yahoo Finance via yfinance,"Adjusted close; dividends, capital distributions and splits included",2026-08-13
2021-01-05,nasdaq_composite_oneq,Nasdaq Composite (ONEQ total-return proxy),Nasdaq Composite,ONEQ,47.9329719543457,0.00825923651531,1.4210661314449955,Yahoo Finance via yfinance,"Adjusted close; dividends, capital distributions and splits included",2026-08-13
2021-01-06,nasdaq_composite_oneq,Nasdaq Composite (ONEQ total-return proxy),Nasdaq Composite,ONEQ,47.609619140625,-0.0067459370979267,1.4114797087102735,Yahoo Finance via yfinance,"Adjusted close; dividends, capital distributions and splits included",2026-08-13
2021-01-07,nasdaq_composite_oneq,Nasdaq Composite (ONEQ total-return proxy),Nasdaq Composite,ONEQ,48.78466033935547,0.0246807519140142,1.4463160892326168,Yahoo Finance via yfinance,"Adjusted close; dividends, capital distributions and splits included",2026-08-13
2021-01-08,nasdaq_composite_oneq,Nasdaq Composite (ONEQ total-return proxy),Nasdaq Composite,ONEQ,49.29181289672852,0.0103957382063377,1.461351612659893,Yahoo Finance via yfinance,"Adjusted close; dividends, capital distributions and splits included",2026-08-13
2021-01-11,nasdaq_composite_oneq,Nasdaq Composite (ONEQ total-return proxy),Nasdaq Composite,ONEQ,48.69515228271485,-0.0121046595560146,1.4436624488970122,Yahoo Finance via yfinance,"Adjusted close; dividends, capital distributions and splits included",2026-08-13
2021-01-12,nasdaq_composite_oneq,Nasdaq Composite (ONEQ total-return proxy),Nasdaq Composite,ONEQ,48.88666534423828,0.003932897887074,1.4493402258919277,Yahoo Finance via yfinance,"Adjusted close; dividends, capital distributions and splits included",2026-08-13
2021-01-13,nasdaq_composite_oneq,Nasdaq Composite (ONEQ total-return proxy),Nasdaq Composite,ONEQ,49.13302993774414,0.0050395049809814,1.4566441831794468,Yahoo Finance via yfinance,"Adjusted close; dividends, capital distributions and splits included",2026-08-13
2021-01-14,nasdaq_composite_oneq,Nasdaq Composite (ONEQ total-return proxy),Nasdaq Composite,ONEQ,49.09164810180664,-0.000842240667631,1.4554173382101048,Yahoo Finance via yfinance,"Adjusted close; dividends, capital distributions and splits included",2026-08-13
2021-01-15,nasdaq_composite_oneq,Nasdaq Composite (ONEQ total-return proxy),Nasdaq Composite,ONEQ,48.57966995239258,-0.0104290275272957,1.440238750726208,Yahoo Finance via yfinance,"Adjusted close; dividends, capital distributions and splits included",2026-08-13
2021-01-19,nasdaq_composite_oneq,Nasdaq Composite (ONEQ total-return proxy),Nasdaq Composite,ONEQ,49.35725784301758,0.0160064465523752,1.4632918553123668,Yahoo Finance via yfinance,"Adjusted close; dividends, capital distributions and splits included",2026-08-13
2021-01-20,nasdaq_composite_oneq,Nasdaq Composite (ONEQ total-return proxy),Nasdaq Composite,ONEQ,50.26283264160156,0.0183473482555329,1.4901393805812675,Yahoo Finance via yfinance,"Adjusted close; dividends, capital distributions and splits included",2026-08-13
2021-01-21,nasdaq_composite_oneq,Nasdaq Composite (ONEQ total-return proxy),Nasdaq Composite,ONEQ,50.52362060546875,0.0051884852118608,1.4978709467210252,Yahoo Finance via yfinance,"Adjusted close; dividends, capital distributions and splits included",2026-08-13
2021-01-22,nasdaq_composite_oneq,Nasdaq Composite (ONEQ total-return proxy),Nasdaq Composite,ONEQ,50.6679801940918,0.0028572692711459,1.5021507673492334,Yahoo Finance via yfinance,"Adjusted close; dividends, capital distributions and splits included",2026-08-13
2021-01-25,nasdaq_composite_oneq,Nasdaq Composite (ONEQ total-return proxy),Nasdaq Composite,ONEQ,50.98460006713867,0.0062489144393365,1.5115375789693823,Yahoo Finance via yfinance,"Adjusted close; dividends, capital distributions and splits included",2026-08-13
2021-01-26,nasdaq_composite_oneq,Nasdaq Composite (ONEQ total-return proxy),Nasdaq Composite,ONEQ,50.89125061035156,-0.0018309343735987,1.508770052859061,Yahoo Finance via yfinance,"Adjusted close; dividends, capital distributions and splits included",2026-08-13
2021-01-27,nasdaq_composite_oneq,Nasdaq Composite (ONEQ total-return proxy),Nasdaq Composite,ONEQ,49.6267204284668,-0.0248476932030347,1.4712805974716927,Yahoo Finance via yfinance,"Adjusted close; dividends, capital distributions and splits included",2026-08-13
2021-01-28,nasdaq_composite_oneq,Nasdaq Composite (ONEQ total-return proxy),Nasdaq Composite,ONEQ,49.71429443359375,0.0017646542904881,1.473876899090533,Yahoo Finance via yfinance,"Adjusted close; dividends, capital distributions and splits included",2026-08-13
2021-01-29,nasdaq_composite_oneq,Nasdaq Composite (ONEQ total-return proxy),Nasdaq Composite,ONEQ,48.69515228271485,-0.0204999821980825,1.443662448897012,Yahoo Finance via yfinance,"Adjusted close; dividends, capital distributions and splits included",2026-08-13
2021-02-01,nasdaq_composite_oneq,Nasdaq Composite (ONEQ total-return proxy),Nasdaq Composite,ONEQ,49.99721908569336,0.026739146340871,1.4822647503848896,Yahoo Finance via yfinance,"Adjusted close; dividends, capital distributions and splits included",2026-08-13
2021-02-02,nasdaq_composite_oneq,Nasdaq Composite (ONEQ total-return proxy),Nasdaq Composite,ONEQ,50.86238861083984,0.0173043529413829,1.5079143827781207,Yahoo Finance via yfinance,"Adjusted close; dividends, capital distributions and splits included",2026-08-13
2021-02-03,nasdaq_composite_oneq,Nasdaq Composite (ONEQ total-return proxy),Nasdaq Composite,ONEQ,50.81233215332031,-0.0009841546747346,1.50643036178921,Yahoo Finance via yfinance,"Adjusted close; dividends, capital distributions and splits included",2026-08-13
2021-02-04,nasdaq_composite_oneq,Nasdaq Composite (ONEQ total-return proxy),Nasdaq Composite,ONEQ,51.37531280517578,0.0110796066229894,1.5231210176027623,Yahoo Finance via yfinance,"Adjusted close; dividends, capital distributions and splits included",2026-08-13
2021-02-05,nasdaq_composite_oneq,Nasdaq Composite (ONEQ total-return proxy),Nasdaq Composite,ONEQ,51.7679557800293,0.0076426391084465,1.53476168185879,Yahoo Finance via yfinance,"Adjusted close; dividends, capital distributions and splits included",2026-08-13
2021-02-08,nasdaq_composite_oneq,Nasdaq Composite (ONEQ total-return proxy),Nasdaq Composite,ONEQ,52.21160125732422,0.0085698859576384,1.5479144144444732,Yahoo Finance via yfinance,"Adjusted close; dividends, capital distributions and splits included",2026-08-13
2021-02-09,nasdaq_composite_oneq,Nasdaq Composite (ONEQ total-return proxy),Nasdaq Composite,ONEQ,52.30784225463867,0.0018432876026945,1.550767665894651,Yahoo Finance via yfinance,"Adjusted close; dividends, capital distributions and splits included",2026-08-13
2021-02-10,nasdaq_composite_oneq,Nasdaq Composite (ONEQ total-return proxy),Nasdaq Composite,ONEQ,52.08071899414063,-0.0043420498859882,1.5440341553277588,Yahoo Finance via yfinance,"Adjusted close; dividends, capital distributions and splits included",2026-08-13
2021-02-11,nasdaq_composite_oneq,Nasdaq Composite (ONEQ total-return proxy),Nasdaq Composite,ONEQ,52.31168365478516,0.0044347440877403,1.5508815516693677,Yahoo Finance via yfinance,"Adjusted close; dividends, capital distributions and splits included",2026-08-13
2021-02-12,nasdaq_composite_oneq,Nasdaq Composite (ONEQ total-return proxy),Nasdaq Composite,ONEQ,52.52725601196289,0.004120921792545,1.557272613253298,Yahoo Finance via yfinance,"Adjusted close; dividends, capital distributions and splits included",2026-08-13
2021-02-16,nasdaq_composite_oneq,Nasdaq Composite (ONEQ total-return proxy),Nasdaq Composite,ONEQ,52.4300651550293,-0.0018502938152995,1.55439120136826,Yahoo Finance via yfinance,"Adjusted close; dividends, capital distributions and splits included",2026-08-13
2021-02-17,nasdaq_composite_oneq,Nasdaq Composite (ONEQ total-return proxy),Nasdaq Composite,ONEQ,52.07976531982422,-0.0066812778921652,1.5440058817987825,Yahoo Finance via yfinance,"Adjusted close; dividends, capital distributions and splits included",2026-08-13
2021-02-18,nasdaq_composite_oneq,Nasdaq Composite (ONEQ total-return proxy),Nasdaq Composite,ONEQ,51.61589813232422,-0.0089068601721103,1.5302536373046844,Yahoo Finance via yfinance,"Adjusted close; dividends, capital distributions and splits included",2026-08-13
2021-02-19,nasdaq_composite_oneq,Nasdaq Composite (ONEQ total-return proxy),Nasdaq Composite,ONEQ,51.76699066162109,0.002927247897722,1.534733069047466,Yahoo Finance via yfinance,"Adjusted close; dividends, capital distributions and splits included",2026-08-13
2021-02-22,nasdaq_composite_oneq,Nasdaq Composite (ONEQ total-return proxy),Nasdaq Composite,ONEQ,50.54287338256836,-0.0236466764516846,1.4984417327239998,Yahoo Finance via yfinance,"Adjusted close; dividends, capital distributions and splits included",2026-08-13
2021-02-23,nasdaq_composite_oneq,Nasdaq Composite (ONEQ total-return proxy),Nasdaq Composite,ONEQ,50.19546890258789,-0.0068734612167951,1.488142251588494,Yahoo Finance via yfinance,"Adjusted close; dividends, capital distributions and splits included",2026-08-13
2021-02-24,nasdaq_composite_oneq,Nasdaq Composite (ONEQ total-return proxy),Nasdaq Composite,ONEQ,50.73054504394531,0.0106598494456904,1.504005623944198,Yahoo Finance via yfinance,"Adjusted close; dividends, capital distributions and splits included",2026-08-13
2021-02-25,nasdaq_composite_oneq,Nasdaq Composite (ONEQ total-return proxy),Nasdaq Composite,ONEQ,49.06181716918945,-0.0328939472917219,1.4545329422237243,Yahoo Finance via yfinance,"Adjusted close; dividends, capital distributions and splits included",2026-08-13
2021-02-26,nasdaq_composite_oneq,Nasdaq Composite (ONEQ total-return proxy),Nasdaq Composite,ONEQ,49.283145904541016,0.004511221722349,1.4610946628285564,Yahoo Finance via yfinance,"Adjusted close; dividends, capital distributions and splits included",2026-08-13
2021-03-01,nasdaq_composite_oneq,Nasdaq Composite (ONEQ total-return proxy),Nasdaq Composite,ONEQ,50.74689483642578,0.02970080146101,1.5044903453249687,Yahoo Finance via yfinance,"Adjusted close; dividends, capital distributions and splits included",2026-08-13
2021-03-02,nasdaq_composite_oneq,Nasdaq Composite (ONEQ total-return proxy),Nasdaq Composite,ONEQ,49.84998321533203,-0.0176742167966098,1.4778996567932887,Yahoo Finance via yfinance,"Adjusted close; dividends, capital distributions and splits included",2026-08-13
2021-03-03,nasdaq_composite_oneq,Nasdaq Composite (ONEQ total-return proxy),Nasdaq Composite,ONEQ,48.649932861328125,-0.0240732348659009,1.4423218312470694,Yahoo Finance via yfinance,"Adjusted close; dividends, capital distributions and splits included",2026-08-13
2021-03-04,nasdaq_composite_oneq,Nasdaq Composite (ONEQ total-return proxy),Nasdaq Composite,ONEQ,47.48548126220703,-0.0239353177000315,1.4077993999904794,Yahoo Finance via yfinance,"Adjusted close; dividends, capital distributions and splits included",2026-08-13
2021-03-05,nasdaq_composite_oneq,Nasdaq Composite (ONEQ total-return proxy),Nasdaq Composite,ONEQ,48.252471923828125,0.0161521088390343,1.430538329122653,Yahoo Finance via yfinance,"Adjusted close; dividends, capital distributions and splits included",2026-08-13
2021-03-08,nasdaq_composite_oneq,Nasdaq Composite (ONEQ total-return proxy),Nasdaq Composite,ONEQ,47.12458801269531,-0.0233746348355645,1.3971000180611324,Yahoo Finance via yfinance,"Adjusted close; dividends, capital distributions and splits included",2026-08-13
2021-03-09,nasdaq_composite_oneq,Nasdaq Composite (ONEQ total-return proxy),Nasdaq Composite,ONEQ,48.80486679077149,0.0356560948102826,1.4469151487645675,Yahoo Finance via yfinance,"Adjusted close; dividends, capital distributions and splits included",2026-08-13
2021-03-10,nasdaq_composite_oneq,Nasdaq Composite (ONEQ total-return proxy),Nasdaq Composite,ONEQ,48.832767486572266,0.000571678556575,1.4477423191283,Yahoo Finance via yfinance,"Adjusted close; dividends, capital distributions and splits included",2026-08-13
2021-03-11,nasdaq_composite_oneq,Nasdaq Composite (ONEQ total-return proxy),Nasdaq Composite,ONEQ,50.0501594543457,0.024929817219722,1.4838342705254253,Yahoo Finance via yfinance,"Adjusted close; dividends, capital distributions and splits included",2026-08-13
2021-03-12,nasdaq_composite_oneq,Nasdaq Composite (ONEQ total-return proxy),Nasdaq Composite,ONEQ,49.67963790893555,-0.0074030042950838,1.4728494390475328,Yahoo Finance via yfinance,"Adjusted close; dividends, capital distributions and splits included",2026-08-13
2021-03-15,nasdaq_composite_oneq,Nasdaq Composite (ONEQ total-return proxy),Nasdaq Composite,ONEQ,50.15890121459961,0.0096470772702201,1.4870581313934248,Yahoo Finance via yfinance,"Adjusted close; dividends, capital distributions and splits included",2026-08-13
2021-03-16,nasdaq_composite_oneq,Nasdaq Composite (ONEQ total-return proxy),Nasdaq Composite,ONEQ,50.33404159545898,0.0034917108752055,1.492250508442874,Yahoo Finance via yfinance,"Adjusted close; dividends, capital distributions and splits included",2026-08-13
2021-03-17,nasdaq_composite_oneq,Nasdaq Composite (ONEQ total-return proxy),Nasdaq Composite,ONEQ,50.43701934814453,0.0020458868277097,1.4953034841017403,Yahoo Finance via yfinance,"Adjusted close; dividends, capital distributions and splits included",2026-08-13
2021-03-18,nasdaq_composite_oneq,Nasdaq Composite (ONEQ total-return proxy),Nasdaq Composite,ONEQ,49.01850509643555,-0.0281244663154578,1.4532488716317342,Yahoo Finance via yfinance,"Adjusted close; dividends, capital distributions and splits included",2026-08-13
2021-03-19,nasdaq_composite_oneq,Nasdaq Composite (ONEQ total-return proxy),Nasdaq Composite,ONEQ,49.22952651977539,0.0043049338800662,1.4595050119353896,Yahoo Finance via yfinance,"Adjusted close; dividends, capital distributions and splits included",2026-08-13
2021-03-22,nasdaq_composite_oneq,Nasdaq Composite (ONEQ total-return proxy),Nasdaq Composite,ONEQ,49.89818954467773,0.0135825605520245,1.4793288271359857,Yahoo Finance via yfinance,"Adjusted close; dividends, capital distributions and splits included",2026-08-13
2021-03-23,nasdaq_composite_oneq,Nasdaq Composite (ONEQ total-return proxy),Nasdaq Composite,ONEQ,49.36441802978516,-0.0106972120584585,1.463504132967921,Yahoo Finance via yfinance,"Adjusted close; dividends, capital distributions and splits included",2026-08-13
2021-03-24,nasdaq_composite_oneq,Nasdaq Composite (ONEQ total-return proxy),Nasdaq Composite,ONEQ,48.49338150024414,-0.0176450278217694,1.4376805618244275,Yahoo Finance via yfinance,"Adjusted close; dividends, capital distributions and splits included",2026-08-13
2021-03-25,nasdaq_composite_oneq,Nasdaq Composite (ONEQ total-return proxy),Nasdaq Composite,ONEQ,48.45291519165039,-0.0008344707533655,1.4364808594429028,Yahoo Finance via yfinance,"Adjusted close; dividends, capital distributions and splits included",2026-08-13
2021-03-26,nasdaq_composite_oneq,Nasdaq Composite (ONEQ total-return proxy),Nasdaq Composite,ONEQ,49.12256622314453,0.0138206551421189,1.4563339660195178,Yahoo Finance via yfinance,"Adjusted close; dividends, capital distributions and splits included",2026-08-13
2021-03-29,nasdaq_composite_oneq,Nasdaq Composite (ONEQ total-return proxy),Nasdaq Composite,ONEQ,48.77376937866211,-0.0071005419972965,1.4459932055317066,Yahoo Finance via yfinance,"Adjusted close; dividends, capital distributions and splits included",2026-08-13
2021-03-30,nasdaq_composite_oneq,Nasdaq Composite (ONEQ total-return proxy),Nasdaq Composite,ONEQ,48.72077941894531,-0.0010864438076417,1.444422215167665,Yahoo Finance via yfinance,"Adjusted close; dividends, capital distributions and splits included",2026-08-13
2021-03-31,nasdaq_composite_oneq,Nasdaq Composite (ONEQ total-return proxy),Nasdaq Composite,ONEQ,49.48196029663086,0.0156233312923881,1.4669889019613145,Yahoo Finance via yfinance,"Adjusted close; dividends, capital distributions and splits included",2026-08-13
2021-04-01,nasdaq_composite_oneq,Nasdaq Composite (ONEQ total-return proxy),Nasdaq Composite,ONEQ,50.38189315795898,0.0181870899199076,1.4936691610327912,Yahoo Finance via yfinance,"Adjusted close; dividends, capital distributions and splits included",2026-08-13
2021-04-05,nasdaq_composite_oneq,Nasdaq Composite (ONEQ total-return proxy),Nasdaq Composite,ONEQ,51.26063919067383,0.0174417033111433,1.5197212953845296,Yahoo Finance via yfinance,"Adjusted close; dividends, capital distributions and splits included",2026-08-13
2021-04-06,nasdaq_composite_oneq,Nasdaq Composite (ONEQ total-return proxy),Nasdaq Composite,ONEQ,51.17776870727539,-0.0016166494352555,1.5172644388106005,Yahoo Finance via yfinance,"Adjusted close; dividends, capital distributions and splits included",2026-08-13
2021-04-07,nasdaq_composite_oneq,Nasdaq Composite (ONEQ total-return proxy),Nasdaq Composite,ONEQ,51.19993209838867,0.0004330667724115,1.517921515624011,Yahoo Finance via yfinance,"Adjusted close; dividends, capital distributions and splits included",2026-08-13
2021-04-08,nasdaq_composite_oneq,Nasdaq Composite (ONEQ total-return proxy),Nasdaq Composite,ONEQ,51.76070785522461,0.0109526660261642,1.5345468030385698,Yahoo Finance via yfinance,"Adjusted close; dividends, capital distributions and splits included",2026-08-13
2021-04-09,nasdaq_composite_oneq,Nasdaq Composite (ONEQ total-return proxy),Nasdaq Composite,ONEQ,52.00159454345703,0.0046538522793426,1.5416883571756488,Yahoo Finance via yfinance,"Adjusted close; dividends, capital distributions and splits included",2026-08-13
2021-04-12,nasdaq_composite_oneq,Nasdaq Composite (ONEQ total-return proxy),Nasdaq Composite,ONEQ,51.86670684814453,-0.0025939146000566,1.5376893492372334,Yahoo Finance via yfinance,"Adjusted close; dividends, capital distributions and splits included",2026-08-13
2021-04-13,nasdaq_composite_oneq,Nasdaq Composite (ONEQ total-return proxy),Nasdaq Composite,ONEQ,52.38698959350586,0.0100311505583845,1.5531141426114563,Yahoo Finance via yfinance,"Adjusted close; dividends, capital distributions and splits included",2026-08-13
2021-04-14,nasdaq_composite_oneq,Nasdaq Composite (ONEQ total-return proxy),Nasdaq Composite,ONEQ,51.8474235534668,-0.0102996191273023,1.5371176584813318,Yahoo Finance via yfinance,"Adjusted close; dividends, capital distributions and splits included",2026-08-13
2021-04-15,nasdaq_composite_oneq,Nasdaq Composite (ONEQ total-return proxy),Nasdaq Composite,ONEQ,52.53152847290039,0.0131945788729139,1.5573992786631126,Yahoo Finance via yfinance,"Adjusted close; dividends, capital distributions and splits included",2026-08-13
2021-04-16,nasdaq_composite_oneq,Nasdaq Composite (ONEQ total-return proxy),Nasdaq Composite,ONEQ,52.63751602172852,0.0020175988003623,1.5605414855794284,Yahoo Finance via yfinance,"Adjusted close; dividends, capital distributions and splits included",2026-08-13
2021-04-19,nasdaq_composite_oneq,Nasdaq Composite (ONEQ total-return proxy),Nasdaq Composite,ONEQ,52.18465423583984,-0.0086034034300124,1.5471155176097178,Yahoo Finance via yfinance,"Adjusted close; dividends, capital distributions and splits included",2026-08-13
2021-04-20,nasdaq_composite_oneq,Nasdaq Composite (ONEQ total-return proxy),Nasdaq Composite,ONEQ,51.7028923034668,-0.0092318697791079,1.5328327486179076,Yahoo Finance via yfinance,"Adjusted close; dividends, capital distributions and splits included",2026-08-13
2021-04-21,nasdaq_composite_oneq,Nasdaq Composite (ONEQ total-return proxy),Nasdaq Composite,ONEQ,52.22320938110352,0.0100635971114102,1.5482585598391738,Yahoo Finance via yfinance,"Adjusted close; dividends, capital distributions and splits included",2026-08-13
2021-04-22,nasdaq_composite_oneq,Nasdaq Composite (ONEQ total-return proxy),Nasdaq Composite,ONEQ,51.7414436340332,-0.0092251271566744,1.5339756777532478,Yahoo Finance via yfinance,"Adjusted close; dividends, capital distributions and splits included",2026-08-13
2021-04-23,nasdaq_composite_oneq,Nasdaq Composite (ONEQ total-return proxy),Nasdaq Composite,ONEQ,52.502628326416016,0.0147113153194307,1.5565424776410133,Yahoo Finance via yfinance,"Adjusted close; dividends, capital distributions and splits included",2026-08-13
2021-04-26,nasdaq_composite_oneq,Nasdaq Composite (ONEQ total-return proxy),Nasdaq Composite,ONEQ,52.87839889526367,0.0071571763324198,1.5676829266223915,Yahoo Finance via yfinance,"Adjusted close; dividends, capital distributions and splits included",2026-08-13
2021-04-27,nasdaq_composite_oneq,Nasdaq Composite (ONEQ total-return proxy),Nasdaq Composite,ONEQ,52.81095504760742,-0.0012754517736029,1.5656834226531842,Yahoo Finance via yfinance,"Adjusted close; dividends, capital distributions and splits included",2026-08-13
2021-04-28,nasdaq_composite_oneq,Nasdaq Composite (ONEQ total-return proxy),Nasdaq Composite,ONEQ,52.61823654174805,-0.0036492145556853,1.559969907917643,Yahoo Finance via yfinance,"Adjusted close; dividends, capital distributions and splits included",2026-08-13
2021-04-29,nasdaq_composite_oneq,Nasdaq Composite (ONEQ total-return proxy),Nasdaq Composite,ONEQ,52.75314331054688,0.0025638785650254,1.5639694813266378,Yahoo Finance via yfinance,"Adjusted close; dividends, capital distributions and splits included",2026-08-13
2021-04-30,nasdaq_composite_oneq,Nasdaq Composite (ONEQ total-return proxy),Nasdaq Composite,ONEQ,52.36773681640625,-0.0073058489021557,1.5525433566084823,Yahoo Finance via yfinance,"Adjusted close; dividends, capital distributions and splits included",2026-08-13
2021-05-03,nasdaq_composite_oneq,Nasdaq Composite (ONEQ total-return proxy),Nasdaq Composite,ONEQ,52.02086639404297,-0.0066237428510489,1.5422597086492036,Yahoo Finance via yfinance,"Adjusted close; dividends, capital distributions and splits included",2026-08-13
2021-05-04,nasdaq_composite_oneq,Nasdaq Composite (ONEQ total-return proxy),Nasdaq Composite,ONEQ,51.04770278930664,-0.0187071779498038,1.5134083818346904,Yahoo Finance via yfinance,"Adjusted close; dividends, capital distributions and splits included",2026-08-13
2021-05-05,nasdaq_composite_oneq,Nasdaq Composite (ONEQ total-return proxy),Nasdaq Composite,ONEQ,50.79718780517578,-0.004907468317719,1.5059813781490663,Yahoo Finance via yfinance,"Adjusted close; dividends, capital distributions and splits included",2026-08-13
2021-05-06,nasdaq_composite_oneq,Nasdaq Composite (ONEQ total-return proxy),Nasdaq Composite,ONEQ,50.94169998168945,0.0028448853717635,1.510265722541911,Yahoo Finance via yfinance,"Adjusted close; dividends, capital distributions and splits included",2026-08-13
2021-05-07,nasdaq_composite_oneq,Nasdaq Composite (ONEQ total-return proxy),Nasdaq Composite,ONEQ,51.42346954345703,0.0094572729598882,1.5245487177219528,Yahoo Finance via yfinance,"Adjusted close; dividends, capital distributions and splits included",2026-08-13
2021-05-10,nasdaq_composite_oneq,Nasdaq Composite (ONEQ total-return proxy),Nasdaq Composite,ONEQ,50.23833465576172,-0.0230465757798348,1.4894130901689238,Yahoo Finance via yfinance,"Adjusted close; dividends, capital distributions and splits included",2026-08-13
2021-05-11,nasdaq_composite_oneq,Nasdaq Composite (ONEQ total-return proxy),Nasdaq Composite,ONEQ,50.10343933105469,-0.0026851074111303,1.4854138560422765,Yahoo Finance via yfinance,"Adjusted close; dividends, capital distributions and splits included",2026-08-13
2021-05-12,nasdaq_composite_oneq,Nasdaq Composite (ONEQ total-return proxy),Nasdaq Composite,ONEQ,48.75450134277344,-0.0269230616957898,1.4454219671522692,Yahoo Finance via yfinance,"Adjusted close; dividends, capital distributions and splits included",2026-08-13
2021-05-13,nasdaq_composite_oneq,Nasdaq Composite (ONEQ total-return proxy),Nasdaq Composite,ONEQ,49.1784553527832,0.0086956895944667,1.4579909079116489,Yahoo Finance via yfinance,"Adjusted close; dividends, capital distributions and splits included",2026-08-13
2021-05-14,nasdaq_composite_oneq,Nasdaq Composite (ONEQ total-return proxy),Nasdaq Composite,ONEQ,50.315406799316406,0.0231188929863137,1.4916980436866767,Yahoo Finance via yfinance,"Adjusted close; dividends, capital distributions and splits included",2026-08-13
2021-05-17,nasdaq_composite_oneq,Nasdaq Composite (ONEQ total-return proxy),Nasdaq Composite,ONEQ,50.06489944458008,-0.0049787405224701,1.4842712661892845,Yahoo Finance via yfinance,"Adjusted close; dividends, capital distributions and splits included",2026-08-13
2021-05-18,nasdaq_composite_oneq,Nasdaq Composite (ONEQ total-return proxy),Nasdaq Composite,ONEQ,49.939640045166016,-0.0025019404973083,1.480557707799414,Yahoo Finance via yfinance,"Adjusted close; dividends, capital distributions and splits included",2026-08-13
2021-05-19,nasdaq_composite_oneq,Nasdaq Composite (ONEQ total-return proxy),Nasdaq Composite,ONEQ,49.7180290222168,-0.004437577498532,1.4739876182300051,Yahoo Finance via yfinance,"Adjusted close; dividends, capital distributions and splits included",2026-08-13
2021-05-20,nasdaq_composite_oneq,Nasdaq Composite (ONEQ total-return proxy),Nasdaq Composite,ONEQ,50.68156051635742,0.0193799213904892,1.502553382401857,Yahoo Finance via yfinance,"Adjusted close; dividends, capital distributions and splits included",2026-08-13
2021-05-21,nasdaq_composite_oneq,Nasdaq Composite (ONEQ total-return proxy),Nasdaq Composite,ONEQ,50.41176986694336,-0.0053232506391942,1.4945549141485632,Yahoo Finance via yfinance,"Adjusted close; dividends, capital distributions and splits included",2026-08-13
2021-05-24,nasdaq_composite_oneq,Nasdaq Composite (ONEQ total-return proxy),Nasdaq Composite,ONEQ,51.18258285522461,0.0152903377587363,1.517407163584874,Yahoo Finance via yfinance,"Adjusted close; dividends, capital distributions and splits included",2026-08-13
2021-05-25,nasdaq_composite_oneq,Nasdaq Composite (ONEQ total-return proxy),Nasdaq Composite,ONEQ,51.06696701049805,-0.0022588903935073,1.5139795071200128,Yahoo Finance via yfinance,"Adjusted close; dividends, capital distributions and splits included",2026-08-13
2021-05-26,nasdaq_composite_oneq,Nasdaq Composite (ONEQ total-return proxy),Nasdaq Composite,ONEQ,51.42346954345703,0.0069810790385436,1.524548717721953,Yahoo Finance via yfinance,"Adjusted close; dividends, capital distributions and splits included",2026-08-13
2021-05-27,nasdaq_composite_oneq,Nasdaq Composite (ONEQ total-return proxy),Nasdaq Composite,ONEQ,51.49091720581055,0.0013116124398513,1.5265483347852764,Yahoo Finance via yfinance,"Adjusted close; dividends, capital distributions and splits included",2026-08-13
2021-05-28,nasdaq_composite_oneq,Nasdaq Composite (ONEQ total-return proxy),Nasdaq Composite,ONEQ,51.54872512817383,0.0011226819311107,1.5282621630177071,Yahoo Finance via yfinance,"Adjusted close; dividends, capital distributions and splits included",2026-08-13
2021-06-01,nasdaq_composite_oneq,Nasdaq Composite (ONEQ total-return proxy),Nasdaq Composite,ONEQ,51.471641540527344,-0.0014953539094287,1.5259768702176064,Yahoo Finance via yfinance,"Adjusted close; dividends, capital distributions and splits included",2026-08-13
2021-06-02,nasdaq_composite_oneq,Nasdaq Composite (ONEQ total-return proxy),Nasdaq Composite,ONEQ,51.46201705932617,-0.000186986093956,1.5256915337631771,Yahoo Finance via yfinance,"Adjusted close; dividends, capital distributions and splits included",2026-08-13
2021-06-03,nasdaq_composite_oneq,Nasdaq Composite (ONEQ total-return proxy),Nasdaq Composite,ONEQ,51.01879119873047,-0.0086126795240991,1.5125512415302436,Yahoo Finance via yfinance,"Adjusted close; dividends, capital distributions and splits included",2026-08-13
2021-06-04,nasdaq_composite_oneq,Nasdaq Composite (ONEQ total-return proxy),Nasdaq Composite,ONEQ,51.66435241699219,0.0126534008958993,1.531690158764916,Yahoo Finance via yfinance,"Adjusted close; dividends, capital distributions and splits included",2026-08-13
2021-06-07,nasdaq_composite_oneq,Nasdaq Composite (ONEQ total-return proxy),Nasdaq Composite,ONEQ,51.94377899169922,0.0054084985417359,1.5399743027549877,Yahoo Finance via yfinance,"Adjusted close; dividends, capital distributions and splits included",2026-08-13
2021-06-08,nasdaq_composite_oneq,Nasdaq Composite (ONEQ total-return proxy),Nasdaq Composite,ONEQ,52.18465423583984,0.004637229882314,1.5471155176097189,Yahoo Finance via yfinance,"Adjusted close; dividends, capital distributions and splits included",2026-08-13
2021-06-09,nasdaq_composite_oneq,Nasdaq Composite (ONEQ total-return proxy),Nasdaq Composite,ONEQ,52.13649368286133,-0.0009228872679861,1.5456877043964128,Yahoo Finance via yfinance,"Adjusted close; dividends, capital distributions and splits included",2026-08-13
2021-06-10,nasdaq_composite_oneq,Nasdaq Composite (ONEQ total-return proxy),Nasdaq Composite,ONEQ,52.49298477172852,0.0068376498626023,1.5562565757160052,Yahoo Finance via yfinance,"Adjusted close; dividends, capital distributions and splits included",2026-08-13
2021-06-11,nasdaq_composite_oneq,Nasdaq Composite (ONEQ total-return proxy),Nasdaq Composite,ONEQ,52.61823654174805,0.0023860668347246,1.5599699079176432,Yahoo Finance via yfinance,"Adjusted close; dividends, capital distributions and splits included",2026-08-13
2021-06-14,nasdaq_composite_oneq,Nasdaq Composite (ONEQ total-return proxy),Nasdaq Composite,ONEQ,53.04219818115234,0.0080573137236918,1.5725390748652543,Yahoo Finance via yfinance,"Adjusted close; dividends, capital distributions and splits included",2026-08-13
2021-06-15,nasdaq_composite_oneq,Nasdaq Composite (ONEQ total-return proxy),Nasdaq Composite,ONEQ,52.75314331054688,-0.0054495266130991,1.5639694813266378,Yahoo Finance via yfinance,"Adjusted close; dividends, capital distributions and splits included",2026-08-13
2021-06-16,nasdaq_composite_oneq,Nasdaq Composite (ONEQ total-return proxy),Nasdaq Composite,ONEQ,52.60861206054688,-0.0027397656505352,1.5596845714632137,Yahoo Finance via yfinance,"Adjusted close; dividends, capital distributions and splits included",2026-08-13
2021-06-17,nasdaq_composite_oneq,Nasdaq Composite (ONEQ total-return proxy),Nasdaq Composite,ONEQ,53.08074569702149,0.0089744552836945,1.5736818909064787,Yahoo Finance via yfinance,"Adjusted close; dividends, capital distributions and splits included",2026-08-13
2021-06-18,nasdaq_composite_oneq,Nasdaq Composite (ONEQ total-return proxy),Nasdaq Composite,ONEQ,52.60895538330078,-0.0088881628832726,1.559694749933645,Yahoo Finance via yfinance,"Adjusted close; dividends, capital distributions and splits included",2026-08-13
2021-06-21,nasdaq_composite_oneq,Nasdaq Composite (ONEQ total-return proxy),Nasdaq Composite,ONEQ,53.0141716003418,0.0077024189910002,1.5717081723956976,Yahoo Finance via yfinance,"Adjusted close; dividends, capital distributions and splits included",2026-08-13
2021-06-22,nasdaq_composite_oneq,Nasdaq Composite (ONEQ total-return proxy),Nasdaq Composite,ONEQ,53.44831466674805,0.0081891889149778,1.5845791875386606,Yahoo Finance via yfinance,"Adjusted close; dividends, capital distributions and splits included",2026-08-13
2021-06-23,nasdaq_composite_oneq,Nasdaq Composite (ONEQ total-return proxy),Nasdaq Composite,ONEQ,53.50620269775391,0.0010830656002307,1.5862953907475252,Yahoo Finance via yfinance,"Adjusted close; dividends, capital distributions and splits included",2026-08-13
2021-06-24,nasdaq_composite_oneq,Nasdaq Composite (ONEQ total-return proxy),Nasdaq Composite,ONEQ,53.8631706237793,0.0066715241977053,1.5968783988316058,Yahoo Finance via yfinance,"Adjusted close; dividends, capital distributions and splits included",2026-08-13
2021-06-25,nasdaq_composite_oneq,Nasdaq Composite (ONEQ total-return proxy),Nasdaq Composite,ONEQ,53.911407470703125,0.0008955441420399,1.5983084739272295,Yahoo Finance via yfinance,"Adjusted close; dividends, capital distributions and splits included",2026-08-13
2021-06-28,nasdaq_composite_oneq,Nasdaq Composite (ONEQ total-return proxy),Nasdaq Composite,ONEQ,54.33590316772461,0.0078739494466393,1.610893474051068,Yahoo Finance via yfinance,"Adjusted close; dividends, capital distributions and splits included",2026-08-13
2021-06-29,nasdaq_composite_oneq,Nasdaq Composite (ONEQ total-return proxy),Nasdaq Composite,ONEQ,54.48061752319336,0.0026633284261796,1.6151838124320554,Yahoo Finance via yfinance,"Adjusted close; dividends, capital distributions and splits included",2026-08-13
2021-06-30,nasdaq_composite_oneq,Nasdaq Composite (ONEQ total-return proxy),Nasdaq Composite,ONEQ,54.364845275878906,-0.0021250171634924,1.6117515191084422,Yahoo Finance via yfinance,"Adjusted close; dividends, capital distributions and splits included",2026-08-13
2021-07-01,nasdaq_composite_oneq,Nasdaq Composite (ONEQ total-return proxy),Nasdaq Composite,ONEQ,54.364845275878906,0.0,1.6117515191084422,Yahoo Finance via yfinance,"Adjusted close; dividends, capital distributions and splits included",2026-08-13
2021-07-02,nasdaq_composite_oneq,Nasdaq Composite (ONEQ total-return proxy),Nasdaq Composite,ONEQ,54.87619018554688,0.0094058008824104,1.6269113329690987,Yahoo Finance via yfinance,"Adjusted close; dividends, capital distributions and splits included",2026-08-13
2021-07-06,nasdaq_composite_oneq,Nasdaq Composite (ONEQ total-return proxy),Nasdaq Composite,ONEQ,54.99195861816406,0.0021096295538329,1.6303435131985962,Yahoo Finance via yfinance,"Adjusted close; dividends, capital distributions and splits included",2026-08-13
2021-07-07,nasdaq_composite_oneq,Nasdaq Composite (ONEQ total-return proxy),Nasdaq Composite,ONEQ,55.00159454345703,0.0001752242606938,1.6306291889353737,Yahoo Finance via yfinance,"Adjusted close; dividends, capital distributions and splits included",2026-08-13
2021-07-08,nasdaq_composite_oneq,Nasdaq Composite (ONEQ total-return proxy),Nasdaq Composite,ONEQ,54.55779647827149,-0.0080688218017915,1.617471932585054,Yahoo Finance via yfinance,"Adjusted close; dividends, capital distributions and splits included",2026-08-13
2021-07-09,nasdaq_composite_oneq,Nasdaq Composite (ONEQ total-return proxy),Nasdaq Composite,ONEQ,55.07878494262695,0.0095492944727517,1.6329176483707195,Yahoo Finance via yfinance,"Adjusted close; dividends, capital distributions and splits included",2026-08-13
2021-07-12,nasdaq_composite_oneq,Nasdaq Composite (ONEQ total-return proxy),Nasdaq Composite,ONEQ,55.2427864074707,0.002977579571056,1.637779790601725,Yahoo Finance via yfinance,"Adjusted close; dividends, capital distributions and splits included",2026-08-13
2021-07-13,nasdaq_composite_oneq,Nasdaq Composite (ONEQ total-return proxy),Nasdaq Composite,ONEQ,55.04983139038086,-0.0034928545360947,1.6320592640309977,Yahoo Finance via yfinance,"Adjusted close; dividends, capital distributions and splits included",2026-08-13
2021-07-14,nasdaq_composite_oneq,Nasdaq Composite (ONEQ total-return proxy),Nasdaq Composite,ONEQ,54.9533576965332,-0.0017524793702549,1.62919911383975,Yahoo Finance via yfinance,"Adjusted close; dividends, capital distributions and splits included",2026-08-13
2021-07-15,nasdaq_composite_oneq,Nasdaq Composite (ONEQ total-return proxy),Nasdaq Composite,ONEQ,54.56745147705078,-0.0070224320343352,1.617758173792411,Yahoo Finance via yfinance,"Adjusted close; dividends, capital distributions and splits included",2026-08-13
2021-07-16,nasdaq_composite_oneq,Nasdaq Composite (ONEQ total-return proxy),Nasdaq Composite,ONEQ,54.03681945800781,-0.0097243320822145,1.6020265560817366,Yahoo Finance via yfinance,"Adjusted close; dividends, capital distributions and splits included",2026-08-13
2021-07-19,nasdaq_composite_oneq,Nasdaq Composite (ONEQ total-return proxy),Nasdaq Composite,ONEQ,53.47725677490234,-0.0103552112932979,1.5854372325960358,Yahoo Finance via yfinance,"Adjusted close; dividends, capital distributions and splits included",2026-08-13
2021-07-20,nasdaq_composite_oneq,Nasdaq Composite (ONEQ total-return proxy),Nasdaq Composite,ONEQ,54.39379119873047,0.0171387703689818,1.6126096772599332,Yahoo Finance via yfinance,"Adjusted close; dividends, capital distributions and splits included",2026-08-13
2021-07-21,nasdaq_composite_oneq,Nasdaq Composite (ONEQ total-return proxy),Nasdaq Composite,ONEQ,54.750762939453125,0.0065627295479082,1.6231927984381298,Yahoo Finance via yfinance,"Adjusted close; dividends, capital distributions and splits included",2026-08-13
2021-07-22,nasdaq_composite_oneq,Nasdaq Composite (ONEQ total-return proxy),Nasdaq Composite,ONEQ,55.01125717163086,0.0047578192191732,1.6309156563309624,Yahoo Finance via yfinance,"Adjusted close; dividends, capital distributions and splits included",2026-08-13
2021-07-23,nasdaq_composite_oneq,Nasdaq Composite (ONEQ total-return proxy),Nasdaq Composite,ONEQ,55.57080841064453,0.0101715770150083,1.6475046405343157,Yahoo Finance via yfinance,"Adjusted close; dividends, capital distributions and splits included",2026-08-13
2021-07-26,nasdaq_composite_oneq,Nasdaq Composite (ONEQ total-return proxy),Nasdaq Composite,ONEQ,55.63834381103516,0.001215303543752,1.649506858762305,Yahoo Finance via yfinance,"Adjusted close; dividends, capital distributions and splits included",2026-08-13
2021-07-27,nasdaq_composite_oneq,Nasdaq Composite (ONEQ total-return proxy),Nasdaq Composite,ONEQ,54.91476821899414,-0.0130049807826505,1.628055053763251,Yahoo Finance via yfinance,"Adjusted close; dividends, capital distributions and splits included",2026-08-13
2021-07-28,nasdaq_composite_oneq,Nasdaq Composite (ONEQ total-return proxy),Nasdaq Composite,ONEQ,55.33926773071289,0.0077301521154726,1.640640166981205,Yahoo Finance via yfinance,"Adjusted close; dividends, capital distributions and splits included",2026-08-13
2021-07-29,nasdaq_composite_oneq,Nasdaq Composite (ONEQ total-return proxy),Nasdaq Composite,ONEQ,55.44539642333984,0.0019177827423266,1.6437865583798097,Yahoo Finance via yfinance,"Adjusted close; dividends, capital distributions and splits included",2026-08-13
2021-07-30,nasdaq_composite_oneq,Nasdaq Composite (ONEQ total-return proxy),Nasdaq Composite,ONEQ,55.07878494262695,-0.0066121175852674,1.63291764837072,Yahoo Finance via yfinance,"Adjusted close; dividends, capital distributions and splits included",2026-08-13
2021-08-02,nasdaq_composite_oneq,Nasdaq Composite (ONEQ total-return proxy),Nasdaq Composite,ONEQ,55.08842849731445,0.0001750865546061,1.6332035502957287,Yahoo Finance via yfinance,"Adjusted close; dividends, capital distributions and splits included",2026-08-13
2021-08-03,nasdaq_composite_oneq,Nasdaq Composite (ONEQ total-return proxy),Nasdaq Composite,ONEQ,55.31032180786133,0.0040279477305782,1.6397820088297148,Yahoo Finance via yfinance,"Adjusted close; dividends, capital distributions and splits included",2026-08-13
2021-08-04,nasdaq_composite_oneq,Nasdaq Composite (ONEQ total-return proxy),Nasdaq Composite,ONEQ,55.464691162109375,0.0027909682895048,1.6443585884180592,Yahoo Finance via yfinance,"Adjusted close; dividends, capital distributions and splits included",2026-08-13
2021-08-05,nasdaq_composite_oneq,Nasdaq Composite (ONEQ total-return proxy),Nasdaq Composite,ONEQ,55.76376724243164,0.0053921886889831,1.6532252801991594,Yahoo Finance via yfinance,"Adjusted close; dividends, capital distributions and splits included",2026-08-13
2021-08-06,nasdaq_composite_oneq,Nasdaq Composite (ONEQ total-return proxy),Nasdaq Composite,ONEQ,55.60940170288086,-0.0027682050045091,1.648648813704931,Yahoo Finance via yfinance,"Adjusted close; dividends, capital distributions and splits included",2026-08-13
2021-08-09,nasdaq_composite_oneq,Nasdaq Composite (ONEQ total-return proxy),Nasdaq Composite,ONEQ,55.74446868896485,0.0024288516320611,1.652653137066794,Yahoo Finance via yfinance,"Adjusted close; dividends, capital distributions and splits included",2026-08-13
2021-08-10,nasdaq_composite_oneq,Nasdaq Composite (ONEQ total-return proxy),Nasdaq Composite,ONEQ,55.41645050048828,-0.0058843181429675,1.6429284002283198,Yahoo Finance via yfinance,"Adjusted close; dividends, capital distributions and splits included",2026-08-13
2021-08-11,nasdaq_composite_oneq,Nasdaq Composite (ONEQ total-return proxy),Nasdaq Composite,ONEQ,55.36820983886719,-0.0008705115752707,1.64149821203858,Yahoo Finance via yfinance,"Adjusted close; dividends, capital distributions and splits included",2026-08-13
2021-08-12,nasdaq_composite_oneq,Nasdaq Composite (ONEQ total-return proxy),Nasdaq Composite,ONEQ,55.5225715637207,0.0027879125097729,1.646074565438692,Yahoo Finance via yfinance,"Adjusted close; dividends, capital distributions and splits included",2026-08-13
2021-08-13,nasdaq_composite_oneq,Nasdaq Composite (ONEQ total-return proxy),Nasdaq Composite,ONEQ,55.5322265625,0.0001738932204935,1.646360806646049,Yahoo Finance via yfinance,"Adjusted close; dividends, capital distributions and splits included",2026-08-13
2021-08-16,nasdaq_composite_oneq,Nasdaq Composite (ONEQ total-return proxy),Nasdaq Composite,ONEQ,55.43573760986328,-0.0017375307746416,1.6435002040783375,Yahoo Finance via yfinance,"Adjusted close; dividends, capital distributions and splits included",2026-08-13
2021-08-17,nasdaq_composite_oneq,Nasdaq Composite (ONEQ total-return proxy),Nasdaq Composite,ONEQ,54.982303619384766,-0.0081794526424383,1.630057271991241,Yahoo Finance via yfinance,"Adjusted close; dividends, capital distributions and splits included",2026-08-13
2021-08-18,nasdaq_composite_oneq,Nasdaq Composite (ONEQ total-return proxy),Nasdaq Composite,ONEQ,54.48061752319336,-0.0091245012152333,1.615183812432057,Yahoo Finance via yfinance,"Adjusted close; dividends, capital distributions and splits included",2026-08-13
2021-08-19,nasdaq_composite_oneq,Nasdaq Composite (ONEQ total-return proxy),Nasdaq Composite,ONEQ,54.58673858642578,0.0019478682154665,1.6183299776424296,Yahoo Finance via yfinance,"Adjusted close; dividends, capital distributions and splits included",2026-08-13
2021-08-20,nasdaq_composite_oneq,Nasdaq Composite (ONEQ total-return proxy),Nasdaq Composite,ONEQ,55.21384811401367,0.0114883127995457,1.6369218586384675,Yahoo Finance via yfinance,"Adjusted close; dividends, capital distributions and splits included",2026-08-13
2021-08-23,nasdaq_composite_oneq,Nasdaq Composite (ONEQ total-return proxy),Nasdaq Composite,ONEQ,55.98566818237305,0.0139787407457203,1.6598039649213776,Yahoo Finance via yfinance,"Adjusted close; dividends, capital distributions and splits included",2026-08-13
2021-08-24,nasdaq_composite_oneq,Nasdaq Composite (ONEQ total-return proxy),Nasdaq Composite,ONEQ,56.29439163208008,0.0055143300014097,1.6689566717216024,Yahoo Finance via yfinance,"Adjusted close; dividends, capital distributions and splits included",2026-08-13
2021-08-25,nasdaq_composite_oneq,Nasdaq Composite (ONEQ total-return proxy),Nasdaq Composite,ONEQ,56.41981506347656,0.0022279915949035,1.6726750931584562,Yahoo Finance via yfinance,"Adjusted close; dividends, capital distributions and splits included",2026-08-13
2021-08-26,nasdaq_composite_oneq,Nasdaq Composite (ONEQ total-return proxy),Nasdaq Composite,ONEQ,56.111083984375,-0.005472032808938,1.6635221601699997,Yahoo Finance via yfinance,"Adjusted close; dividends, capital distributions and splits included",2026-08-13
2021-08-27,nasdaq_composite_oneq,Nasdaq Composite (ONEQ total-return proxy),Nasdaq Composite,ONEQ,56.69960021972656,0.0104884132253699,1.6809698679954228,Yahoo Finance via yfinance,"Adjusted close; dividends, capital distributions and splits included",2026-08-13
2021-08-30,nasdaq_composite_oneq,Nasdaq Composite (ONEQ total-return proxy),Nasdaq Composite,ONEQ,57.2881088256836,0.0103794136762234,1.698417349632614,Yahoo Finance via yfinance,"Adjusted close; dividends, capital distributions and splits included",2026-08-13
2021-08-31,nasdaq_composite_oneq,Nasdaq Composite (ONEQ total-return proxy),Nasdaq Composite,ONEQ,57.2784538269043,-0.000168534081107,1.6981311084252575,Yahoo Finance via yfinance,"Adjusted close; dividends, capital distributions and splits included",2026-08-13
2021-09-01,nasdaq_composite_oneq,Nasdaq Composite (ONEQ total-return proxy),Nasdaq Composite,ONEQ,57.44246292114258,0.0028633645512485,1.7029934768444948,Yahoo Finance via yfinance,"Adjusted close; dividends, capital distributions and splits included",2026-08-13
2021-09-02,nasdaq_composite_oneq,Nasdaq Composite (ONEQ total-return proxy),Nasdaq Composite,ONEQ,57.461761474609375,0.0003359631966561,1.70356561997686,Yahoo Finance via yfinance,"Adjusted close; dividends, capital distributions and splits included",2026-08-13
2021-09-03,nasdaq_composite_oneq,Nasdaq Composite (ONEQ total-return proxy),Nasdaq Composite,ONEQ,57.61613082885742,0.0026864709728096,1.7081421995652044,Yahoo Finance via yfinance,"Adjusted close; dividends, capital distributions and splits included",2026-08-13
2021-09-07,nasdaq_composite_oneq,Nasdaq Composite (ONEQ total-return proxy),Nasdaq Composite,ONEQ,57.68366241455078,0.0011720951185347,1.710144304699078,Yahoo Finance via yfinance,"Adjusted close; dividends, capital distributions and splits included",2026-08-13
2021-09-08,nasdaq_composite_oneq,Nasdaq Composite (ONEQ total-return proxy),Nasdaq Composite,ONEQ,57.35564041137695,-0.0056865668621464,1.700419454766488,Yahoo Finance via yfinance,"Adjusted close; dividends, capital distributions and splits included",2026-08-13
2021-09-09,nasdaq_composite_oneq,Nasdaq Composite (ONEQ total-return proxy),Nasdaq Composite,ONEQ,57.2302131652832,-0.0021868336783293,1.696700920235518,Yahoo Finance via yfinance,"Adjusted close; dividends, capital distributions and splits included",2026-08-13
2021-09-10,nasdaq_composite_oneq,Nasdaq Composite (ONEQ total-return proxy),Nasdaq Composite,ONEQ,56.74782943725586,-0.0084288298321413,1.682399716902815,Yahoo Finance via yfinance,"Adjusted close; dividends, capital distributions and splits included",2026-08-13
2021-09-13,nasdaq_composite_oneq,Nasdaq Composite (ONEQ total-return proxy),Nasdaq Composite,ONEQ,56.70924758911133,-0.0006798823589753,1.681255883014548,Yahoo Finance via yfinance,"Adjusted close; dividends, capital distributions and splits included",2026-08-13
2021-09-14,nasdaq_composite_oneq,Nasdaq Composite (ONEQ total-return proxy),Nasdaq Composite,ONEQ,56.47769546508789,-0.0040831457631241,1.6743910701790896,Yahoo Finance via yfinance,"Adjusted close; dividends, capital distributions and splits included",2026-08-13
2021-09-15,nasdaq_composite_oneq,Nasdaq Composite (ONEQ total-return proxy),Nasdaq Composite,ONEQ,56.90219879150391,0.0075163004248008,1.6869762964911594,Yahoo Finance via yfinance,"Adjusted close; dividends, capital distributions and splits included",2026-08-13
2021-09-16,nasdaq_composite_oneq,Nasdaq Composite (ONEQ total-return proxy),Nasdaq Composite,ONEQ,56.96973037719727,0.0011868009870901,1.6889784016250329,Yahoo Finance via yfinance,"Adjusted close; dividends, capital distributions and splits included",2026-08-13
2021-09-17,nasdaq_composite_oneq,Nasdaq Composite (ONEQ total-return proxy),Nasdaq Composite,ONEQ,56.53205108642578,-0.0076826638966623,1.6760025482366256,Yahoo Finance via yfinance,"Adjusted close; dividends, capital distributions and splits included",2026-08-13
2021-09-20,nasdaq_composite_oneq,Nasdaq Composite (ONEQ total-return proxy),Nasdaq Composite,ONEQ,55.29531097412109,-0.0218767953494906,1.6393369834836282,Yahoo Finance via yfinance,"Adjusted close; dividends, capital distributions and splits included",2026-08-13
2021-09-21,nasdaq_composite_oneq,Nasdaq Composite (ONEQ total-return proxy),Nasdaq Composite,ONEQ,55.38227462768555,0.0015727129847438,1.6419151900439235,Yahoo Finance via yfinance,"Adjusted close; dividends, capital distributions and splits included",2026-08-13
2021-09-22,nasdaq_composite_oneq,Nasdaq Composite (ONEQ total-return proxy),Nasdaq Composite,ONEQ,55.94266891479492,0.0101186578355023,1.658529168046892,Yahoo Finance via yfinance,"Adjusted close; dividends, capital distributions and splits included",2026-08-13
2021-09-23,nasdaq_composite_oneq,Nasdaq Composite (ONEQ total-return proxy),Nasdaq Composite,ONEQ,56.52238082885742,0.010362607385526,1.6757158546528053,Yahoo Finance via yfinance,"Adjusted close; dividends, capital distributions and splits included",2026-08-13
2021-09-24,nasdaq_composite_oneq,Nasdaq Composite (ONEQ total-return proxy),Nasdaq Composite,ONEQ,56.4450798034668,-0.0013676179994024,1.673424115488098,Yahoo Finance via yfinance,"Adjusted close; dividends, capital distributions and splits included",2026-08-13
2021-09-27,nasdaq_composite_oneq,Nasdaq Composite (ONEQ total-return proxy),Nasdaq Composite,ONEQ,56.24219131469727,-0.0035944406399275,1.6674090918395528,Yahoo Finance via yfinance,"Adjusted close; dividends, capital distributions and splits included",2026-08-13
2021-09-28,nasdaq_composite_oneq,Nasdaq Composite (ONEQ total-return proxy),Nasdaq Composite,ONEQ,54.72526931762695,-0.0269712463474712,1.6224369904615348,Yahoo Finance via yfinance,"Adjusted close; dividends, capital distributions and splits included",2026-08-13
2021-09-29,nasdaq_composite_oneq,Nasdaq Composite (ONEQ total-return proxy),Nasdaq Composite,ONEQ,54.52236175537109,-0.0037077489939461,1.61642140134241,Yahoo Finance via yfinance,"Adjusted close; dividends, capital distributions and splits included",2026-08-13
2021-09-30,nasdaq_composite_oneq,Nasdaq Composite (ONEQ total-return proxy),Nasdaq Composite,ONEQ,54.28081512451172,-0.0044302305161162,1.6092602819232795,Yahoo Finance via yfinance,"Adjusted close; dividends, capital distributions and splits included",2026-08-13
2021-10-01,nasdaq_composite_oneq,Nasdaq Composite (ONEQ total-return proxy),Nasdaq Composite,ONEQ,54.71559524536133,0.008009830358153,1.6221501837835983,Yahoo Finance via yfinance,"Adjusted close; dividends, capital distributions and splits included",2026-08-13
2021-10-04,nasdaq_composite_oneq,Nasdaq Composite (ONEQ total-return proxy),Nasdaq Composite,ONEQ,53.56582260131836,-0.0210136184918949,1.5880629386850127,Yahoo Finance via yfinance,"Adjusted close; dividends, capital distributions and splits included",2026-08-13
2021-10-05,nasdaq_composite_oneq,Nasdaq Composite (ONEQ total-return proxy),Nasdaq Composite,ONEQ,54.20350646972656,0.011904677972639,1.6069683165703406,Yahoo Finance via yfinance,"Adjusted close; dividends, capital distributions and splits included",2026-08-13
2021-10-06,nasdaq_composite_oneq,Nasdaq Composite (ONEQ total-return proxy),Nasdaq Composite,ONEQ,54.49337387084961,0.0053477610583172,1.6155619991556451,Yahoo Finance via yfinance,"Adjusted close; dividends, capital distributions and splits included",2026-08-13
2021-10-07,nasdaq_composite_oneq,Nasdaq Composite (ONEQ total-return proxy),Nasdaq Composite,ONEQ,54.98612976074219,0.0090424918644314,1.6301707053894945,Yahoo Finance via yfinance,"Adjusted close; dividends, capital distributions and splits included",2026-08-13
2021-10-08,nasdaq_composite_oneq,Nasdaq Composite (ONEQ total-return proxy),Nasdaq Composite,ONEQ,54.74457931518555,-0.0043929341200714,1.623009472876248,Yahoo Finance via yfinance,"Adjusted close; dividends, capital distributions and splits included",2026-08-13
2021-10-11,nasdaq_composite_oneq,Nasdaq Composite (ONEQ total-return proxy),Nasdaq Composite,ONEQ,54.42574691772461,-0.005823999406869,1.613557066668874,Yahoo Finance via yfinance,"Adjusted close; dividends, capital distributions and splits included",2026-08-13
2021-10-12,nasdaq_composite_oneq,Nasdaq Composite (ONEQ total-return proxy),Nasdaq Composite,ONEQ,54.37742233276367,-0.0008878993435587,1.612124390408584,Yahoo Finance via yfinance,"Adjusted close; dividends, capital distributions and splits included",2026-08-13
2021-10-13,nasdaq_composite_oneq,Nasdaq Composite (ONEQ total-return proxy),Nasdaq Composite,ONEQ,54.74457931518555,0.006752011527414,1.623009472876248,Yahoo Finance via yfinance,"Adjusted close; dividends, capital distributions and splits included",2026-08-13
2021-10-14,nasdaq_composite_oneq,Nasdaq Composite (ONEQ total-return proxy),Nasdaq Composite,ONEQ,55.62381362915039,0.016060664360991,1.6490760832748226,Yahoo Finance via yfinance,"Adjusted close; dividends, capital distributions and splits included",2026-08-13
2021-10-15,nasdaq_composite_oneq,Nasdaq Composite (ONEQ total-return proxy),Nasdaq Composite,ONEQ,55.97165298461914,0.0062534251568551,1.6593884571395414,Yahoo Finance via yfinance,"Adjusted close; dividends, capital distributions and splits included",2026-08-13
2021-10-18,nasdaq_composite_oneq,Nasdaq Composite (ONEQ total-return proxy),Nasdaq Composite,ONEQ,56.42576599121094,0.0081132677413795,1.6728515199792693,Yahoo Finance via yfinance,"Adjusted close; dividends, capital distributions and splits included",2026-08-13
2021-10-19,nasdaq_composite_oneq,Nasdaq Composite (ONEQ total-return proxy),Nasdaq Composite,ONEQ,56.87020492553711,0.0078765246074887,1.686027776141061,Yahoo Finance via yfinance,"Adjusted close; dividends, capital distributions and splits included",2026-08-13
2021-10-20,nasdaq_composite_oneq,Nasdaq Composite (ONEQ total-return proxy),Nasdaq Composite,ONEQ,56.792911529541016,-0.0013591193507619,1.6837362631645856,Yahoo Finance via yfinance,"Adjusted close; dividends, capital distributions and splits included",2026-08-13
2021-10-21,nasdaq_composite_oneq,Nasdaq Composite (ONEQ total-return proxy),Nasdaq Composite,ONEQ,57.18905258178711,0.006975184782348,1.6954806347248987,Yahoo Finance via yfinance,"Adjusted close; dividends, capital distributions and splits included",2026-08-13
2021-10-22,nasdaq_composite_oneq,Nasdaq Composite (ONEQ total-return proxy),Nasdaq Composite,ONEQ,56.73493957519531,-0.0079405583077698,1.682017571885171,Yahoo Finance via yfinance,"Adjusted close; dividends, capital distributions and splits included",2026-08-13
2021-10-25,nasdaq_composite_oneq,Nasdaq Composite (ONEQ total-return proxy),Nasdaq Composite,ONEQ,57.23736572265625,0.0088556743203196,1.696912971702841,Yahoo Finance via yfinance,"Adjusted close; dividends, capital distributions and splits included",2026-08-13
2021-10-26,nasdaq_composite_oneq,Nasdaq Composite (ONEQ total-return proxy),Nasdaq Composite,ONEQ,57.256683349609375,0.0003375002799173,1.697485680305786,Yahoo Finance via yfinance,"Adjusted close; dividends, capital distributions and splits included",2026-08-13
2021-10-27,nasdaq_composite_oneq,Nasdaq Composite (ONEQ total-return proxy),Nasdaq Composite,ONEQ,57.256683349609375,0.0,1.697485680305786,Yahoo Finance via yfinance,"Adjusted close; dividends, capital distributions and splits included",2026-08-13
2021-10-28,nasdaq_composite_oneq,Nasdaq Composite (ONEQ total-return proxy),Nasdaq Composite,ONEQ,57.92335891723633,0.0116436288067234,1.717250573471995,Yahoo Finance via yfinance,"Adjusted close; dividends, capital distributions and splits included",2026-08-13
2021-10-29,nasdaq_composite_oneq,Nasdaq Composite (ONEQ total-return proxy),Nasdaq Composite,ONEQ,58.222877502441406,0.0051709464161608,1.7261303841705402,Yahoo Finance via yfinance,"Adjusted close; dividends, capital distributions and splits included",2026-08-13
2021-11-01,nasdaq_composite_oneq,Nasdaq Composite (ONEQ total-return proxy),Nasdaq Composite,ONEQ,58.54173278808594,0.0054764604451431,1.73558346894261,Yahoo Finance via yfinance,"Adjusted close; dividends, capital distributions and splits included",2026-08-13
2021-11-02,nasdaq_composite_oneq,Nasdaq Composite (ONEQ total-return proxy),Nasdaq Composite,ONEQ,58.79293823242188,0.0042910490067875,1.7430309426632131,Yahoo Finance via yfinance,"Adjusted close; dividends, capital distributions and splits included",2026-08-13
2021-11-03,nasdaq_composite_oneq,Nasdaq Composite (ONEQ total-return proxy),Nasdaq Composite,ONEQ,59.401649475097656,0.010353475450902,1.7610773707382394,Yahoo Finance via yfinance,"Adjusted close; dividends, capital distributions and splits included",2026-08-13
2021-11-04,nasdaq_composite_oneq,Nasdaq Composite (ONEQ total-return proxy),Nasdaq Composite,ONEQ,59.87506866455078,0.0079697987115929,1.7751128028985643,Yahoo Finance via yfinance,"Adjusted close; dividends, capital distributions and splits included",2026-08-13
2021-11-05,nasdaq_composite_oneq,Nasdaq Composite (ONEQ total-return proxy),Nasdaq Composite,ONEQ,60.05864715576172,0.0030660255646541,1.7805553441323965,Yahoo Finance via yfinance,"Adjusted close; dividends, capital distributions and splits included",2026-08-13
2021-11-08,nasdaq_composite_oneq,Nasdaq Composite (ONEQ total-return proxy),Nasdaq Composite,ONEQ,60.02967071533203,-0.0004824690831702,1.7796962812279788,Yahoo Finance via yfinance,"Adjusted close; dividends, capital distributions and splits included",2026-08-13
2021-11-09,nasdaq_composite_oneq,Nasdaq Composite (ONEQ total-return proxy),Nasdaq Composite,ONEQ,59.749473571777344,-0.0046676441868791,1.7713892922264949,Yahoo Finance via yfinance,"Adjusted close; dividends, capital distributions and splits included",2026-08-13
2021-11-10,nasdaq_composite_oneq,Nasdaq Composite (ONEQ total-return proxy),Nasdaq Composite,ONEQ,58.7349739074707,-0.0169792234752983,1.7413124775720303,Yahoo Finance via yfinance,"Adjusted close; dividends, capital distributions and splits included",2026-08-13
2021-11-11,nasdaq_composite_oneq,Nasdaq Composite (ONEQ total-return proxy),Nasdaq Composite,ONEQ,59.034481048583984,0.0050992981044839,1.7501919489882276,Yahoo Finance via yfinance,"Adjusted close; dividends, capital distributions and splits included",2026-08-13
2021-11-12,nasdaq_composite_oneq,Nasdaq Composite (ONEQ total-return proxy),Nasdaq Composite,ONEQ,59.61421203613281,0.0098202097698076,1.7673792010647205,Yahoo Finance via yfinance,"Adjusted close; dividends, capital distributions and splits included",2026-08-13
2021-11-15,nasdaq_composite_oneq,Nasdaq Composite (ONEQ total-return proxy),Nasdaq Composite,ONEQ,59.633522033691406,0.0003239160075938,1.7679516834794338,Yahoo Finance via yfinance,"Adjusted close; dividends, capital distributions and splits included",2026-08-13
2021-11-16,nasdaq_composite_oneq,Nasdaq Composite (ONEQ total-return proxy),Nasdaq Composite,ONEQ,60.00068283081055,0.0061569530793721,1.7788368790412137,Yahoo Finance via yfinance,"Adjusted close; dividends, capital distributions and splits included",2026-08-13
2021-11-17,nasdaq_composite_oneq,Nasdaq Composite (ONEQ total-return proxy),Nasdaq Composite,ONEQ,59.88473129272461,-0.0019325036418817,1.7753992702941528,Yahoo Finance via yfinance,"Adjusted close; dividends, capital distributions and splits included",2026-08-13
2021-11-18,nasdaq_composite_oneq,Nasdaq Composite (ONEQ total-return proxy),Nasdaq Composite,ONEQ,60.16493988037109,0.0046791324198616,1.7837065985779847,Yahoo Finance via yfinance,"Adjusted close; dividends, capital distributions and splits included",2026-08-13
2021-11-19,nasdaq_composite_oneq,Nasdaq Composite (ONEQ total-return proxy),Nasdaq Composite,ONEQ,60.34850311279297,0.0030510000140757,1.7891486874353533,Yahoo Finance via yfinance,"Adjusted close; dividends, capital distributions and splits included",2026-08-13
2021-11-22,nasdaq_composite_oneq,Nasdaq Composite (ONEQ total-return proxy),Nasdaq Composite,ONEQ,59.68183517456055,-0.0110469672625749,1.769384020457376,Yahoo Finance via yfinance,"Adjusted close; dividends, capital distributions and splits included",2026-08-13
2021-11-23,nasdaq_composite_oneq,Nasdaq Composite (ONEQ total-return proxy),Nasdaq Composite,ONEQ,59.34366607666016,-0.0056661980468813,1.7593583401764774,Yahoo Finance via yfinance,"Adjusted close; dividends, capital distributions and splits included",2026-08-13
2021-11-24,nasdaq_composite_oneq,Nasdaq Composite (ONEQ total-return proxy),Nasdaq Composite,ONEQ,59.65285873413086,0.0052102048611437,1.768524957552959,Yahoo Finance via yfinance,"Adjusted close; dividends, capital distributions and splits included",2026-08-13
2021-11-26,nasdaq_composite_oneq,Nasdaq Composite (ONEQ total-return proxy),Nasdaq Composite,ONEQ,58.38713073730469,-0.0212182286597101,1.730999990613196,Yahoo Finance via yfinance,"Adjusted close; dividends, capital distributions and splits included",2026-08-13
2021-11-29,nasdaq_composite_oneq,Nasdaq Composite (ONEQ total-return proxy),Nasdaq Composite,ONEQ,59.35333251953125,0.0165481976940038,1.7596449206661815,Yahoo Finance via yfinance,"Adjusted close; dividends, capital distributions and splits included",2026-08-13
2021-11-30,nasdaq_composite_oneq,Nasdaq Composite (ONEQ total-return proxy),Nasdaq Composite,ONEQ,58.54173278808594,-0.0136740381204077,1.7355834689426104,Yahoo Finance via yfinance,"Adjusted close; dividends, capital distributions and splits included",2026-08-13
2021-12-01,nasdaq_composite_oneq,Nasdaq Composite (ONEQ total-return proxy),Nasdaq Composite,ONEQ,57.4016227722168,-0.0194751668864364,1.7017826912396128,Yahoo Finance via yfinance,"Adjusted close; dividends, capital distributions and splits included",2026-08-13
2021-12-02,nasdaq_composite_oneq,Nasdaq Composite (ONEQ total-return proxy),Nasdaq Composite,ONEQ,57.82674026489258,0.0074060187176718,1.7143861257043431,Yahoo Finance via yfinance,"Adjusted close; dividends, capital distributions and splits included",2026-08-13
2021-12-03,nasdaq_composite_oneq,Nasdaq Composite (ONEQ total-return proxy),Nasdaq Composite,ONEQ,56.80257415771485,-0.0177109431118931,1.684022730560175,Yahoo Finance via yfinance,"Adjusted close; dividends, capital distributions and splits included",2026-08-13
2021-12-06,nasdaq_composite_oneq,Nasdaq Composite (ONEQ total-return proxy),Nasdaq Composite,ONEQ,57.34364700317383,0.009525498685265,1.7000638868660825,Yahoo Finance via yfinance,"Adjusted close; dividends, capital distributions and splits included",2026-08-13
2021-12-07,nasdaq_composite_oneq,Nasdaq Composite (ONEQ total-return proxy),Nasdaq Composite,ONEQ,59.034481048583984,0.0294859872675445,1.750191948988228,Yahoo Finance via yfinance,"Adjusted close; dividends, capital distributions and splits included",2026-08-13
2021-12-08,nasdaq_composite_oneq,Nasdaq Composite (ONEQ total-return proxy),Nasdaq Composite,ONEQ,59.440277099609375,0.0068738819045675,1.762222561755898,Yahoo Finance via yfinance,"Adjusted close; dividends, capital distributions and splits included",2026-08-13
2021-12-09,nasdaq_composite_oneq,Nasdaq Composite (ONEQ total-return proxy),Nasdaq Composite,ONEQ,58.50307846069336,-0.0157670637595693,1.7344374862661411,Yahoo Finance via yfinance,"Adjusted close; dividends, capital distributions and splits included",2026-08-13
2021-12-10,nasdaq_composite_oneq,Nasdaq Composite (ONEQ total-return proxy),Nasdaq Composite,ONEQ,58.87023162841797,0.0062757922725602,1.745322455639689,Yahoo Finance via yfinance,"Adjusted close; dividends, capital distributions and splits included",2026-08-13
2021-12-13,nasdaq_composite_oneq,Nasdaq Composite (ONEQ total-return proxy),Nasdaq Composite,ONEQ,58.06829452514648,-0.0136221156446812,1.7215474713117058,Yahoo Finance via yfinance,"Adjusted close; dividends, capital distributions and splits included",2026-08-13
2021-12-14,nasdaq_composite_oneq,Nasdaq Composite (ONEQ total-return proxy),Nasdaq Composite,ONEQ,57.45958709716797,-0.0104826124644475,1.7035011563307956,Yahoo Finance via yfinance,"Adjusted close; dividends, capital distributions and splits included",2026-08-13
2021-12-15,nasdaq_composite_oneq,Nasdaq Composite (ONEQ total-return proxy),Nasdaq Composite,ONEQ,58.63834762573242,0.0205146014462493,1.7384478036161468,Yahoo Finance via yfinance,"Adjusted close; dividends, capital distributions and splits included",2026-08-13
2021-12-16,nasdaq_composite_oneq,Nasdaq Composite (ONEQ total-return proxy),Nasdaq Composite,ONEQ,57.256683349609375,-0.0235624694771707,1.6974856803057867,Yahoo Finance via yfinance,"Adjusted close; dividends, capital distributions and splits included",2026-08-13
2021-12-17,nasdaq_composite_oneq,Nasdaq Composite (ONEQ total-return proxy),Nasdaq Composite,ONEQ,57.13956069946289,-0.0020455716834195,1.694013351665143,Yahoo Finance via yfinance,"Adjusted close; dividends, capital distributions and splits included",2026-08-13
2021-12-20,nasdaq_composite_oneq,Nasdaq Composite (ONEQ total-return proxy),Nasdaq Composite,ONEQ,56.52973937988281,-0.0106724887646154,1.675934013202388,Yahoo Finance via yfinance,"Adjusted close; dividends, capital distributions and splits included",2026-08-13
2021-12-21,nasdaq_composite_oneq,Nasdaq Composite (ONEQ total-return proxy),Nasdaq Composite,ONEQ,57.82682037353516,0.0229451083249454,1.7143885006807775,Yahoo Finance via yfinance,"Adjusted close; dividends, capital distributions and splits included",2026-08-13
2021-12-22,nasdaq_composite_oneq,Nasdaq Composite (ONEQ total-return proxy),Nasdaq Composite,ONEQ,58.51408767700195,0.0118849229306983,1.734763875884644,Yahoo Finance via yfinance,"Adjusted close; dividends, capital distributions and splits included",2026-08-13
2021-12-23,nasdaq_composite_oneq,Nasdaq Composite (ONEQ total-return proxy),Nasdaq Composite,ONEQ,59.01742935180664,0.0086020596883118,1.7496864182901308,Yahoo Finance via yfinance,"Adjusted close; dividends, capital distributions and splits included",2026-08-13
2021-12-27,nasdaq_composite_oneq,Nasdaq Composite (ONEQ total-return proxy),Nasdaq Composite,ONEQ,59.84989547729492,0.0141054284239643,1.7743664948277047,Yahoo Finance via yfinance,"Adjusted close; dividends, capital distributions and splits included",2026-08-13
2021-12-28,nasdaq_composite_oneq,Nasdaq Composite (ONEQ total-return proxy),Nasdaq Composite,ONEQ,59.53046417236328,-0.0053372073983457,1.7648963328441334,Yahoo Finance via yfinance,"Adjusted close; dividends, capital distributions and splits included",2026-08-13
2021-12-29,nasdaq_composite_oneq,Nasdaq Composite (ONEQ total-return proxy),Nasdaq Composite,ONEQ,59.43367004394531,-0.0016259595782373,1.7620266827471496,Yahoo Finance via yfinance,"Adjusted close; dividends, capital distributions and splits included",2026-08-13
2021-12-30,nasdaq_composite_oneq,Nasdaq Composite (ONEQ total-return proxy),Nasdaq Composite,ONEQ,59.38525772094727,-0.0008145605506483,1.760591405322194,Yahoo Finance via yfinance,"Adjusted close; dividends, capital distributions and splits included",2026-08-13
2021-12-31,nasdaq_composite_oneq,Nasdaq Composite (ONEQ total-return proxy),Nasdaq Composite,ONEQ,58.949684143066406,-0.0073347088923589,1.7476779798857665,Yahoo Finance via yfinance,"Adjusted close; dividends, capital distributions and splits included",2026-08-13
2022-01-03,nasdaq_composite_oneq,Nasdaq Composite (ONEQ total-return proxy),Nasdaq Composite,ONEQ,59.69501495361328,0.0126435081269988,1.7697747606278291,Yahoo Finance via yfinance,"Adjusted close; dividends, capital distributions and splits included",2026-08-13
2022-01-04,nasdaq_composite_oneq,Nasdaq Composite (ONEQ total-return proxy),Nasdaq Composite,ONEQ,58.93031311035156,-0.0128101457693903,1.7471036879651989,Yahoo Finance via yfinance,"Adjusted close; dividends, capital distributions and splits included",2026-08-13
2022-01-05,nasdaq_composite_oneq,Nasdaq Composite (ONEQ total-return proxy),Nasdaq Composite,ONEQ,57.04276657104492,-0.0320301461112562,1.6911437015681587,Yahoo Finance via yfinance,"Adjusted close; dividends, capital distributions and splits included",2026-08-13
2022-01-06,nasdaq_composite_oneq,Nasdaq Composite (ONEQ total-return proxy),Nasdaq Composite,ONEQ,56.88787841796875,-0.0027152987554217,1.6865517411800517,Yahoo Finance via yfinance,"Adjusted close; dividends, capital distributions and splits included",2026-08-13
2022-01-07,nasdaq_composite_oneq,Nasdaq Composite (ONEQ total-return proxy),Nasdaq Composite,ONEQ,56.39422225952149,-0.0086777037951786,1.6719163447348482,Yahoo Finance via yfinance,"Adjusted close; dividends, capital distributions and splits included",2026-08-13
2022-01-10,nasdaq_composite_oneq,Nasdaq Composite (ONEQ total-return proxy),Nasdaq Composite,ONEQ,56.40390396118164,0.000171678964125,1.672203377601016,Yahoo Finance via yfinance,"Adjusted close; dividends, capital distributions and splits included",2026-08-13
2022-01-11,nasdaq_composite_oneq,Nasdaq Composite (ONEQ total-return proxy),Nasdaq Composite,ONEQ,57.13956069946289,0.0130426563875356,1.6940133516651428,Yahoo Finance via yfinance,"Adjusted close; dividends, capital distributions and splits included",2026-08-13
2022-01-12,nasdaq_composite_oneq,Nasdaq Composite (ONEQ total-return proxy),Nasdaq Composite,ONEQ,57.323486328125,0.0032188841918037,1.6994661844635222,Yahoo Finance via yfinance,"Adjusted close; dividends, capital distributions and splits included",2026-08-13
2022-01-13,nasdaq_composite_oneq,Nasdaq Composite (ONEQ total-return proxy),Nasdaq Composite,ONEQ,55.91023254394531,-0.0246540096338538,1.6575675287793497,Yahoo Finance via yfinance,"Adjusted close; dividends, capital distributions and splits included",2026-08-13
2022-01-14,nasdaq_composite_oneq,Nasdaq Composite (ONEQ total-return proxy),Nasdaq Composite,ONEQ,56.18126678466797,0.004847667920351,1.6656028657144288,Yahoo Finance via yfinance,"Adjusted close; dividends, capital distributions and splits included",2026-08-13
2022-01-18,nasdaq_composite_oneq,Nasdaq Composite (ONEQ total-return proxy),Nasdaq Composite,ONEQ,54.84545516967773,-0.0237768155016893,1.6260001336772518,Yahoo Finance via yfinance,"Adjusted close; dividends, capital distributions and splits included",2026-08-13
2022-01-19,nasdaq_composite_oneq,Nasdaq Composite (ONEQ total-return proxy),Nasdaq Composite,ONEQ,54.14850997924805,-0.0127074374398665,1.6053378387013335,Yahoo Finance via yfinance,"Adjusted close; dividends, capital distributions and splits included",2026-08-13
2022-01-20,nasdaq_composite_oneq,Nasdaq Composite (ONEQ total-return proxy),Nasdaq Composite,ONEQ,53.47093963623047,-0.0125131853725476,1.5852499487400988,Yahoo Finance via yfinance,"Adjusted close; dividends, capital distributions and splits included",2026-08-13
2022-01-21,nasdaq_composite_oneq,Nasdaq Composite (ONEQ total-return proxy),Nasdaq Composite,ONEQ,51.99961853027344,-0.0275162754940648,1.541629774423614,Yahoo Finance via yfinance,"Adjusted close; dividends, capital distributions and splits included",2026-08-13
2022-01-24,nasdaq_composite_oneq,Nasdaq Composite (ONEQ total-return proxy),Nasdaq Composite,ONEQ,52.30936813354492,0.0059567668384172,1.5508129035410174,Yahoo Finance via yfinance,"Adjusted close; dividends, capital distributions and splits included",2026-08-13
2022-01-25,nasdaq_composite_oneq,Nasdaq Composite (ONEQ total-return proxy),Nasdaq Composite,ONEQ,51.11874771118164,-0.0227611317981063,1.5155146466493163,Yahoo Finance via yfinance,"Adjusted close; dividends, capital distributions and splits included",2026-08-13
2022-01-26,nasdaq_composite_oneq,Nasdaq Composite (ONEQ total-return proxy),Nasdaq Composite,ONEQ,51.0219612121582,-0.0018933660028269,1.5126452227405642,Yahoo Finance via yfinance,"Adjusted close; dividends, capital distributions and splits included",2026-08-13
2022-01-27,nasdaq_composite_oneq,Nasdaq Composite (ONEQ total-return proxy),Nasdaq Composite,ONEQ,50.39277267456055,-0.0123317199623389,1.4939917054513578,Yahoo Finance via yfinance,"Adjusted close; dividends, capital distributions and splits included",2026-08-13
2022-01-28,nasdaq_composite_oneq,Nasdaq Composite (ONEQ total-return proxy),Nasdaq Composite,ONEQ,51.88345336914063,0.029581239837843,1.5381858324060629,Yahoo Finance via yfinance,"Adjusted close; dividends, capital distributions and splits included",2026-08-13
2022-01-31,nasdaq_composite_oneq,Nasdaq Composite (ONEQ total-return proxy),Nasdaq Composite,ONEQ,53.761329650878906,0.0361941266395196,1.5938591252192826,Yahoo Finance via yfinance,"Adjusted close; dividends, capital distributions and splits included",2026-08-13
2022-02-01,nasdaq_composite_oneq,Nasdaq Composite (ONEQ total-return proxy),Nasdaq Composite,ONEQ,54.11948394775391,0.0066619315258908,1.6044773055734098,Yahoo Finance via yfinance,"Adjusted close; dividends, capital distributions and splits included",2026-08-13
2022-02-02,nasdaq_composite_oneq,Nasdaq Composite (ONEQ total-return proxy),Nasdaq Composite,ONEQ,54.40987777709961,0.0053657908051385,1.613086595146709,Yahoo Finance via yfinance,"Adjusted close; dividends, capital distributions and splits included",2026-08-13
2022-02-03,nasdaq_composite_oneq,Nasdaq Composite (ONEQ total-return proxy),Nasdaq Composite,ONEQ,52.4932861328125,-0.0352250679948002,1.556265510151165,Yahoo Finance via yfinance,"Adjusted close; dividends, capital distributions and splits included",2026-08-13
2022-02-04,nasdaq_composite_oneq,Nasdaq Composite (ONEQ total-return proxy),Nasdaq Composite,ONEQ,53.23862838745117,0.0141988111156328,1.5783626301755758,Yahoo Finance via yfinance,"Adjusted close; dividends, capital distributions and splits included",2026-08-13
2022-02-07,nasdaq_composite_oneq,Nasdaq Composite (ONEQ total-return proxy),Nasdaq Composite,ONEQ,52.89015579223633,-0.0065454840924673,1.5680314826876165,Yahoo Finance via yfinance,"Adjusted close; dividends, capital distributions and splits included",2026-08-13
2022-02-08,nasdaq_composite_oneq,Nasdaq Composite (ONEQ total-return proxy),Nasdaq Composite,ONEQ,53.58709716796875,0.0131771473404267,1.588693664569419,Yahoo Finance via yfinance,"Adjusted close; dividends, capital distributions and splits included",2026-08-13
2022-02-09,nasdaq_composite_oneq,Nasdaq Composite (ONEQ total-return proxy),Nasdaq Composite,ONEQ,54.66154479980469,0.0200504914171424,1.6205477532553367,Yahoo Finance via yfinance,"Adjusted close; dividends, capital distributions and splits included",2026-08-13
2022-02-10,nasdaq_composite_oneq,Nasdaq Composite (ONEQ total-return proxy),Nasdaq Composite,ONEQ,53.61613464355469,-0.0191251484033019,1.5895545369796908,Yahoo Finance via yfinance,"Adjusted close; dividends, capital distributions and splits included",2026-08-13
2022-02-11,nasdaq_composite_oneq,Nasdaq Composite (ONEQ total-return proxy),Nasdaq Composite,ONEQ,52.07704925537109,-0.0287056386741711,1.5439253587882624,Yahoo Finance via yfinance,"Adjusted close; dividends, capital distributions and splits included",2026-08-13
2022-02-14,nasdaq_composite_oneq,Nasdaq Composite (ONEQ total-return proxy),Nasdaq Composite,ONEQ,52.04801177978516,-0.000557586806494,1.5430644863779903,Yahoo Finance via yfinance,"Adjusted close; dividends, capital distributions and splits included",2026-08-13
2022-02-15,nasdaq_composite_oneq,Nasdaq Composite (ONEQ total-return proxy),Nasdaq Composite,ONEQ,53.30638122558594,0.0241770896288013,1.5803712947681716,Yahoo Finance via yfinance,"Adjusted close; dividends, capital distributions and splits included",2026-08-13
2022-02-16,nasdaq_composite_oneq,Nasdaq Composite (ONEQ total-return proxy),Nasdaq Composite,ONEQ,53.29670333862305,-0.0001815521282889,1.5800843749961198,Yahoo Finance via yfinance,"Adjusted close; dividends, capital distributions and splits included",2026-08-13
2022-02-17,nasdaq_composite_oneq,Nasdaq Composite (ONEQ total-return proxy),Nasdaq Composite,ONEQ,51.82537460327149,-0.0276063741879757,1.536463974491403,Yahoo Finance via yfinance,"Adjusted close; dividends, capital distributions and splits included",2026-08-13
2022-02-18,nasdaq_composite_oneq,Nasdaq Composite (ONEQ total-return proxy),Nasdaq Composite,ONEQ,51.21556091308594,-0.0117667010581926,1.51838486221688,Yahoo Finance via yfinance,"Adjusted close; dividends, capital distributions and splits included",2026-08-13
2022-02-22,nasdaq_composite_oneq,Nasdaq Composite (ONEQ total-return proxy),Nasdaq Composite,ONEQ,50.51860046386719,-0.013608372861551,1.497722114864498,Yahoo Finance via yfinance,"Adjusted close; dividends, capital distributions and splits included",2026-08-13
2022-02-23,nasdaq_composite_oneq,Nasdaq Composite (ONEQ total-return proxy),Nasdaq Composite,ONEQ,49.231204986572266,-0.0254835934779253,1.4595547733463925,Yahoo Finance via yfinance,"Adjusted close; dividends, capital distributions and splits included",2026-08-13
2022-02-24,nasdaq_composite_oneq,Nasdaq Composite (ONEQ total-return proxy),Nasdaq Composite,ONEQ,50.82836151123047,0.0324419547539782,1.5069055832642488,Yahoo Finance via yfinance,"Adjusted close; dividends, capital distributions and splits included",2026-08-13
2022-02-25,nasdaq_composite_oneq,Nasdaq Composite (ONEQ total-return proxy),Nasdaq Composite,ONEQ,51.66082000732422,0.0163778345660388,1.531585433613591,Yahoo Finance via yfinance,"Adjusted close; dividends, capital distributions and splits included",2026-08-13
2022-02-28,nasdaq_composite_oneq,Nasdaq Composite (ONEQ total-return proxy),Nasdaq Composite,ONEQ,51.96088790893555,0.0058084231254709,1.540481529864827,Yahoo Finance via yfinance,"Adjusted close; dividends, capital distributions and splits included",2026-08-13
2022-03-01,nasdaq_composite_oneq,Nasdaq Composite (ONEQ total-return proxy),Nasdaq Composite,ONEQ,51.16716003417969,-0.01527548713461,1.516949924074272,Yahoo Finance via yfinance,"Adjusted close; dividends, capital distributions and splits included",2026-08-13
2022-03-02,nasdaq_composite_oneq,Nasdaq Composite (ONEQ total-return proxy),Nasdaq Composite,ONEQ,51.92218399047852,0.0147560262440689,1.5393340769648505,Yahoo Finance via yfinance,"Adjusted close; dividends, capital distributions and splits included",2026-08-13
2022-03-03,nasdaq_composite_oneq,Nasdaq Composite (ONEQ total-return proxy),Nasdaq Composite,ONEQ,51.10907745361328,-0.0156600989090586,1.5152279530654964,Yahoo Finance via yfinance,"Adjusted close; dividends, capital distributions and splits included",2026-08-13
2022-03-04,nasdaq_composite_oneq,Nasdaq Composite (ONEQ total-return proxy),Nasdaq Composite,ONEQ,50.29597854614258,-0.0159090898912952,1.491122055354374,Yahoo Finance via yfinance,"Adjusted close; dividends, capital distributions and splits included",2026-08-13
2022-03-07,nasdaq_composite_oneq,Nasdaq Composite (ONEQ total-return proxy),Nasdaq Composite,ONEQ,48.5052375793457,-0.0356040585859963,1.4380320583366657,Yahoo Finance via yfinance,"Adjusted close; dividends, capital distributions and splits included",2026-08-13
2022-03-08,nasdaq_composite_oneq,Nasdaq Composite (ONEQ total-return proxy),Nasdaq Composite,ONEQ,48.36002349853516,-0.0029937814565489,1.4337269046264944,Yahoo Finance via yfinance,"Adjusted close; dividends, capital distributions and splits included",2026-08-13
2022-03-09,nasdaq_composite_oneq,Nasdaq Composite (ONEQ total-return proxy),Nasdaq Composite,ONEQ,50.00558471679688,0.0340273039427196,1.4825127657810748,Yahoo Finance via yfinance,"Adjusted close; dividends, capital distributions and splits included",2026-08-13
2022-03-10,nasdaq_composite_oneq,Nasdaq Composite (ONEQ total-return proxy),Nasdaq Composite,ONEQ,49.62807846069336,-0.0075492819100405,1.4713208589769595,Yahoo Finance via yfinance,"Adjusted close; dividends, capital distributions and splits included",2026-08-13
2022-03-11,nasdaq_composite_oneq,Nasdaq Composite (ONEQ total-return proxy),Nasdaq Composite,ONEQ,48.60202407836914,-0.0206748762827252,1.4409014822454178,Yahoo Finance via yfinance,"Adjusted close; dividends, capital distributions and splits included",2026-08-13
2022-03-14,nasdaq_composite_oneq,Nasdaq Composite (ONEQ total-return proxy),Nasdaq Composite,ONEQ,47.53725814819336,-0.0219078515836887,1.409334426425668,Yahoo Finance via yfinance,"Adjusted close; dividends, capital distributions and splits included",2026-08-13
2022-03-15,nasdaq_composite_oneq,Nasdaq Composite (ONEQ total-return proxy),Nasdaq Composite,ONEQ,48.89242172241211,0.0285073987648623,1.449510884912833,Yahoo Finance via yfinance,"Adjusted close; dividends, capital distributions and splits included",2026-08-13
2022-03-16,nasdaq_composite_oneq,Nasdaq Composite (ONEQ total-return proxy),Nasdaq Composite,ONEQ,50.7993278503418,0.0390020796833545,1.5060448239480932,Yahoo Finance via yfinance,"Adjusted close; dividends, capital distributions and splits included",2026-08-13
2022-03-17,nasdaq_composite_oneq,Nasdaq Composite (ONEQ total-return proxy),Nasdaq Composite,ONEQ,51.457550048828125,0.0129573013333068,1.5255591005534557,Yahoo Finance via yfinance,"Adjusted close; dividends, capital distributions and splits included",2026-08-13
2022-03-18,nasdaq_composite_oneq,Nasdaq Composite (ONEQ total-return proxy),Nasdaq Composite,ONEQ,52.533424377441406,0.0209079975162513,1.557455486438722,Yahoo Finance via yfinance,"Adjusted close; dividends, capital distributions and splits included",2026-08-13
2022-03-21,nasdaq_composite_oneq,Nasdaq Composite (ONEQ total-return proxy),Nasdaq Composite,ONEQ,52.34925842285156,-0.0035056910295176,1.5519955287110407,Yahoo Finance via yfinance,"Adjusted close; dividends, capital distributions and splits included",2026-08-13
2022-03-22,nasdaq_composite_oneq,Nasdaq Composite (ONEQ total-return proxy),Nasdaq Composite,ONEQ,53.328216552734375,0.0187005157164839,1.5810186454876145,Yahoo Finance via yfinance,"Adjusted close; dividends, capital distributions and splits included",2026-08-13
2022-03-23,nasdaq_composite_oneq,Nasdaq Composite (ONEQ total-return proxy),Nasdaq Composite,ONEQ,52.66910934448242,-0.0123594459154692,1.5614781310473618,Yahoo Finance via yfinance,"Adjusted close; dividends, capital distributions and splits included",2026-08-13
2022-03-24,nasdaq_composite_oneq,Nasdaq Composite (ONEQ total-return proxy),Nasdaq Composite,ONEQ,53.657752990722656,0.0187708442110536,1.590788393784219,Yahoo Finance via yfinance,"Adjusted close; dividends, capital distributions and splits included",2026-08-13
2022-03-25,nasdaq_composite_oneq,Nasdaq Composite (ONEQ total-return proxy),Nasdaq Composite,ONEQ,53.58991241455078,-0.0012643201101545,1.5887771280269574,Yahoo Finance via yfinance,"Adjusted close; dividends, capital distributions and splits included",2026-08-13
2022-03-28,nasdaq_composite_oneq,Nasdaq Composite (ONEQ total-return proxy),Nasdaq Composite,ONEQ,54.26838684082031,0.0126604876869571,1.6088918212936618,Yahoo Finance via yfinance,"Adjusted close; dividends, capital distributions and splits included",2026-08-13
2022-03-29,nasdaq_composite_oneq,Nasdaq Composite (ONEQ total-return proxy),Nasdaq Composite,ONEQ,55.2957763671875,0.018931639324027,1.6393507809657704,Yahoo Finance via yfinance,"Adjusted close; dividends, capital distributions and splits included",2026-08-13
2022-03-30,nasdaq_composite_oneq,Nasdaq Composite (ONEQ total-return proxy),Nasdaq Composite,ONEQ,54.65607452392578,-0.0115687288485439,1.6203855762931283,Yahoo Finance via yfinance,"Adjusted close; dividends, capital distributions and splits included",2026-08-13
2022-03-31,nasdaq_composite_oneq,Nasdaq Composite (ONEQ total-return proxy),Nasdaq Composite,ONEQ,53.85160827636719,-0.0147186978678177,1.5965356105663002,Yahoo Finance via yfinance,"Adjusted close; dividends, capital distributions and splits included",2026-08-13
2022-04-01,nasdaq_composite_oneq,Nasdaq Composite (ONEQ total-return proxy),Nasdaq Composite,ONEQ,53.95822143554688,0.0019797581277898,1.5996963649176248,Yahoo Finance via yfinance,"Adjusted close; dividends, capital distributions and splits included",2026-08-13
2022-04-04,nasdaq_composite_oneq,Nasdaq Composite (ONEQ total-return proxy),Nasdaq Composite,ONEQ,54.927467346191406,0.0179628958267703,1.6284315440751034,Yahoo Finance via yfinance,"Adjusted close; dividends, capital distributions and splits included",2026-08-13
2022-04-05,nasdaq_composite_oneq,Nasdaq Composite (ONEQ total-return proxy),Nasdaq Composite,ONEQ,53.80313491821289,-0.0204694023282047,1.5950985236354904,Yahoo Finance via yfinance,"Adjusted close; dividends, capital distributions and splits included",2026-08-13
2022-04-06,nasdaq_composite_oneq,Nasdaq Composite (ONEQ total-return proxy),Nasdaq Composite,ONEQ,52.61095428466797,-0.0221582001747142,1.559754011250384,Yahoo Finance via yfinance,"Adjusted close; dividends, capital distributions and splits included",2026-08-13
2022-04-07,nasdaq_composite_oneq,Nasdaq Composite (ONEQ total-return proxy),Nasdaq Composite,ONEQ,52.61095428466797,0.0,1.559754011250384,Yahoo Finance via yfinance,"Adjusted close; dividends, capital distributions and splits included",2026-08-13
2022-04-08,nasdaq_composite_oneq,Nasdaq Composite (ONEQ total-return proxy),Nasdaq Composite,ONEQ,51.97125244140625,-0.0121590997912794,1.5407888065777422,Yahoo Finance via yfinance,"Adjusted close; dividends, capital distributions and splits included",2026-08-13
2022-04-11,nasdaq_composite_oneq,Nasdaq Composite (ONEQ total-return proxy),Nasdaq Composite,ONEQ,50.75,-0.023498614792536,1.5045824039353206,Yahoo Finance via yfinance,"Adjusted close; dividends, capital distributions and splits included",2026-08-13
2022-04-12,nasdaq_composite_oneq,Nasdaq Composite (ONEQ total-return proxy),Nasdaq Composite,ONEQ,50.58521270751953,-0.0032470402459205,1.4996969643164386,Yahoo Finance via yfinance,"Adjusted close; dividends, capital distributions and splits included",2026-08-13
2022-04-13,nasdaq_composite_oneq,Nasdaq Composite (ONEQ total-return proxy),Nasdaq Composite,ONEQ,51.58355712890625,0.0197358945025907,1.5292948253900434,Yahoo Finance via yfinance,"Adjusted close; dividends, capital distributions and splits included",2026-08-13
2022-04-14,nasdaq_composite_oneq,Nasdaq Composite (ONEQ total-return proxy),Nasdaq Composite,ONEQ,50.56583404541016,-0.0197296026125693,1.4991224462076391,Yahoo Finance via yfinance,"Adjusted close; dividends, capital distributions and splits included",2026-08-13
2022-04-18,nasdaq_composite_oneq,Nasdaq Composite (ONEQ total-return proxy),Nasdaq Composite,ONEQ,50.43984603881836,-0.0024915638982372,1.4953872868416311,Yahoo Finance via yfinance,"Adjusted close; dividends, capital distributions and splits included",2026-08-13
2022-04-19,nasdaq_composite_oneq,Nasdaq Composite (ONEQ total-return proxy),Nasdaq Composite,ONEQ,51.51570510864258,0.0213295470607948,1.527283220350434,Yahoo Finance via yfinance,"Adjusted close; dividends, capital distributions and splits included",2026-08-13
2022-04-20,nasdaq_composite_oneq,Nasdaq Composite (ONEQ total-return proxy),Nasdaq Composite,ONEQ,50.924461364746094,-0.0114769611063189,1.5097546502321386,Yahoo Finance via yfinance,"Adjusted close; dividends, capital distributions and splits included",2026-08-13
2022-04-21,nasdaq_composite_oneq,Nasdaq Composite (ONEQ total-return proxy),Nasdaq Composite,ONEQ,49.858280181884766,-0.0209365235151887,1.478145636495388,Yahoo Finance via yfinance,"Adjusted close; dividends, capital distributions and splits included",2026-08-13
2022-04-22,nasdaq_composite_oneq,Nasdaq Composite (ONEQ total-return proxy),Nasdaq Composite,ONEQ,48.59825897216797,-0.0252720552157073,1.4407898583530196,Yahoo Finance via yfinance,"Adjusted close; dividends, capital distributions and splits included",2026-08-13
2022-04-25,nasdaq_composite_oneq,Nasdaq Composite (ONEQ total-return proxy),Nasdaq Composite,ONEQ,49.19918823242188,0.0123652425614271,1.4586055744315989,Yahoo Finance via yfinance,"Adjusted close; dividends, capital distributions and splits included",2026-08-13
2022-04-26,nasdaq_composite_oneq,Nasdaq Composite (ONEQ total-return proxy),Nasdaq Composite,ONEQ,47.28977584838867,-0.0388098351341276,1.401997332562189,Yahoo Finance via yfinance,"Adjusted close; dividends, capital distributions and splits included",2026-08-13
2022-04-27,nasdaq_composite_oneq,Nasdaq Composite (ONEQ total-return proxy),Nasdaq Composite,ONEQ,47.25100326538086,-0.0008198935671024,1.4008478439681264,Yahoo Finance via yfinance,"Adjusted close; dividends, capital distributions and splits included",2026-08-13
2022-04-28,nasdaq_composite_oneq,Nasdaq Composite (ONEQ total-return proxy),Nasdaq Composite,ONEQ,48.68548202514648,0.030358694220925,1.443375755313197,Yahoo Finance via yfinance,"Adjusted close; dividends, capital distributions and splits included",2026-08-13
2022-04-29,nasdaq_composite_oneq,Nasdaq Composite (ONEQ total-return proxy),Nasdaq Composite,ONEQ,46.698516845703125,-0.0408122729157138,1.3844683100674302,Yahoo Finance via yfinance,"Adjusted close; dividends, capital distributions and splits included",2026-08-13
2022-05-02,nasdaq_composite_oneq,Nasdaq Composite (ONEQ total-return proxy),Nasdaq Composite,ONEQ,47.38669967651367,0.0147367170799959,1.404870827859114,Yahoo Finance via yfinance,"Adjusted close; dividends, capital distributions and splits included",2026-08-13
2022-05-03,nasdaq_composite_oneq,Nasdaq Composite (ONEQ total-return proxy),Nasdaq Composite,ONEQ,47.52238464355469,0.002863355497793,1.4088934724677535,Yahoo Finance via yfinance,"Adjusted close; dividends, capital distributions and splits included",2026-08-13
2022-05-04,nasdaq_composite_oneq,Nasdaq Composite (ONEQ total-return proxy),Nasdaq Composite,ONEQ,49.0828857421875,0.0328371800013294,1.4551575610258751,Yahoo Finance via yfinance,"Adjusted close; dividends, capital distributions and splits included",2026-08-13
2022-05-05,nasdaq_composite_oneq,Nasdaq Composite (ONEQ total-return proxy),Nasdaq Composite,ONEQ,46.67914581298828,-0.0489730767222018,1.3838940181468629,Yahoo Finance via yfinance,"Adjusted close; dividends, capital distributions and splits included",2026-08-13
2022-05-06,nasdaq_composite_oneq,Nasdaq Composite (ONEQ total-return proxy),Nasdaq Composite,ONEQ,46.0394401550293,-0.0137043137104918,1.3649287003801052,Yahoo Finance via yfinance,"Adjusted close; dividends, capital distributions and splits included",2026-08-13
2022-05-09,nasdaq_composite_oneq,Nasdaq Composite (ONEQ total-return proxy),Nasdaq Composite,ONEQ,44.10093688964844,-0.042105274496243,1.3074580027828009,Yahoo Finance via yfinance,"Adjusted close; dividends, capital distributions and splits included",2026-08-13
2022-05-10,nasdaq_composite_oneq,Nasdaq Composite (ONEQ total-return proxy),Nasdaq Composite,ONEQ,44.48863983154297,0.008791263162156,1.3189522101587312,Yahoo Finance via yfinance,"Adjusted close; dividends, capital distributions and splits included",2026-08-13
2022-05-11,nasdaq_composite_oneq,Nasdaq Composite (ONEQ total-return proxy),Nasdaq Composite,ONEQ,43.05413436889648,-0.0322443092906024,1.2764235071548495,Yahoo Finance via yfinance,"Adjusted close; dividends, capital distributions and splits included",2026-08-13
2022-05-12,nasdaq_composite_oneq,Nasdaq Composite (ONEQ total-return proxy),Nasdaq Composite,ONEQ,43.073524475097656,0.0004503657194692,1.2769983645459968,Yahoo Finance via yfinance,"Adjusted close; dividends, capital distributions and splits included",2026-08-13
2022-05-13,nasdaq_composite_oneq,Nasdaq Composite (ONEQ total-return proxy),Nasdaq Composite,ONEQ,44.67279052734375,0.0371287483839564,1.3244117155099489,Yahoo Finance via yfinance,"Adjusted close; dividends, capital distributions and splits included",2026-08-13
2022-05-16,nasdaq_composite_oneq,Nasdaq Composite (ONEQ total-return proxy),Nasdaq Composite,ONEQ,44.197845458984375,-0.0106316409329447,1.3103310457032618,Yahoo Finance via yfinance,"Adjusted close; dividends, capital distributions and splits included",2026-08-13
2022-05-17,nasdaq_composite_oneq,Nasdaq Composite (ONEQ total-return proxy),Nasdaq Composite,ONEQ,45.38034439086914,0.0267546736634962,1.3453885252222004,Yahoo Finance via yfinance,"Adjusted close; dividends, capital distributions and splits included",2026-08-13
2022-05-18,nasdaq_composite_oneq,Nasdaq Composite (ONEQ total-return proxy),Nasdaq Composite,ONEQ,43.2867546081543,-0.046134285907625,1.2833199863427611,Yahoo Finance via yfinance,"Adjusted close; dividends, capital distributions and splits included",2026-08-13
2022-05-19,nasdaq_composite_oneq,Nasdaq Composite (ONEQ total-return proxy),Nasdaq Composite,ONEQ,43.15107345581055,-0.0031344727404948,1.279297454828238,Yahoo Finance via yfinance,"Adjusted close; dividends, capital distributions and splits included",2026-08-13
2022-05-20,nasdaq_composite_oneq,Nasdaq Composite (ONEQ total-return proxy),Nasdaq Composite,ONEQ,43.01536560058594,-0.0031449473757259,1.275274131654903,Yahoo Finance via yfinance,"Adjusted close; dividends, capital distributions and splits included",2026-08-13
2022-05-23,nasdaq_composite_oneq,Nasdaq Composite (ONEQ total-return proxy),Nasdaq Composite,ONEQ,43.76169967651367,0.0173504064305236,1.2974006561494489,Yahoo Finance via yfinance,"Adjusted close; dividends, capital distributions and splits included",2026-08-13
2022-05-24,nasdaq_composite_oneq,Nasdaq Composite (ONEQ total-return proxy),Nasdaq Composite,ONEQ,42.72459411621094,-0.0236989323533823,1.2666536457641289,Yahoo Finance via yfinance,"Adjusted close; dividends, capital distributions and splits included",2026-08-13
2022-05-25,nasdaq_composite_oneq,Nasdaq Composite (ONEQ total-return proxy),Nasdaq Composite,ONEQ,43.31583786010742,0.0138384870851739,1.2841822158824243,Yahoo Finance via yfinance,"Adjusted close; dividends, capital distributions and splits included",2026-08-13
2022-05-26,nasdaq_composite_oneq,Nasdaq Composite (ONEQ total-return proxy),Nasdaq Composite,ONEQ,44.53709411621094,0.0281942198612821,1.3203887316189618,Yahoo Finance via yfinance,"Adjusted close; dividends, capital distributions and splits included",2026-08-13
2022-05-27,nasdaq_composite_oneq,Nasdaq Composite (ONEQ total-return proxy),Nasdaq Composite,ONEQ,45.97159576416016,0.0322091433313131,1.3629173215287278,Yahoo Finance via yfinance,"Adjusted close; dividends, capital distributions and splits included",2026-08-13
2022-05-31,nasdaq_composite_oneq,Nasdaq Composite (ONEQ total-return proxy),Nasdaq Composite,ONEQ,45.80681610107422,-0.0035843798838586,1.3580321080980775,Yahoo Finance via yfinance,"Adjusted close; dividends, capital distributions and splits included",2026-08-13
2022-06-01,nasdaq_composite_oneq,Nasdaq Composite (ONEQ total-return proxy),Nasdaq Composite,ONEQ,45.51604843139648,-0.0063476943919469,1.3494117353014197,Yahoo Finance via yfinance,"Adjusted close; dividends, capital distributions and splits included",2026-08-13
2022-06-02,nasdaq_composite_oneq,Nasdaq Composite (ONEQ total-return proxy),Nasdaq Composite,ONEQ,46.68882751464844,0.0257662763721593,1.3841810510130312,Yahoo Finance via yfinance,"Adjusted close; dividends, capital distributions and splits included",2026-08-13
2022-06-03,nasdaq_composite_oneq,Nasdaq Composite (ONEQ total-return proxy),Nasdaq Composite,ONEQ,45.60327911376953,-0.0232507102590725,1.351997858449829,Yahoo Finance via yfinance,"Adjusted close; dividends, capital distributions and splits included",2026-08-13
2022-06-06,nasdaq_composite_oneq,Nasdaq Composite (ONEQ total-return proxy),Nasdaq Composite,ONEQ,45.748653411865234,0.0031878036167756,1.356307762112868,Yahoo Finance via yfinance,"Adjusted close; dividends, capital distributions and splits included",2026-08-13
2022-06-07,nasdaq_composite_oneq,Nasdaq Composite (ONEQ total-return proxy),Nasdaq Composite,ONEQ,46.21389389038086,0.0101694901121387,1.3701007204886917,Yahoo Finance via yfinance,"Adjusted close; dividends, capital distributions and splits included",2026-08-13
2022-06-08,nasdaq_composite_oneq,Nasdaq Composite (ONEQ total-return proxy),Nasdaq Composite,ONEQ,45.855281829833984,-0.0077598321707644,1.359468968840656,Yahoo Finance via yfinance,"Adjusted close; dividends, capital distributions and splits included",2026-08-13
2022-06-09,nasdaq_composite_oneq,Nasdaq Composite (ONEQ total-return proxy),Nasdaq Composite,ONEQ,44.66310119628906,-0.0259987636313964,1.3241244564555497,Yahoo Finance via yfinance,"Adjusted close; dividends, capital distributions and splits included",2026-08-13
2022-06-10,nasdaq_composite_oneq,Nasdaq Composite (ONEQ total-return proxy),Nasdaq Composite,ONEQ,43.11229705810547,-0.0347222672999797,1.2781478531400596,Yahoo Finance via yfinance,"Adjusted close; dividends, capital distributions and splits included",2026-08-13
2022-06-13,nasdaq_composite_oneq,Nasdaq Composite (ONEQ total-return proxy),Nasdaq Composite,ONEQ,41.11563491821289,-0.0463130539577034,1.218952922651661,Yahoo Finance via yfinance,"Adjusted close; dividends, capital distributions and splits included",2026-08-13
2022-06-14,nasdaq_composite_oneq,Nasdaq Composite (ONEQ total-return proxy),Nasdaq Composite,ONEQ,41.15441131591797,0.0009431058959008,1.2201025243398396,Yahoo Finance via yfinance,"Adjusted close; dividends, capital distributions and splits included",2026-08-13
2022-06-15,nasdaq_composite_oneq,Nasdaq Composite (ONEQ total-return proxy),Nasdaq Composite,ONEQ,42.11396789550781,0.0233160079055414,1.2485504444429183,Yahoo Finance via yfinance,"Adjusted close; dividends, capital distributions and splits included",2026-08-13
2022-06-16,nasdaq_composite_oneq,Nasdaq Composite (ONEQ total-return proxy),Nasdaq Composite,ONEQ,40.48563003540039,-0.0386650306650662,1.2002752032216508,Yahoo Finance via yfinance,"Adjusted close; dividends, capital distributions and splits included",2026-08-13
2022-06-17,nasdaq_composite_oneq,Nasdaq Composite (ONEQ total-return proxy),Nasdaq Composite,ONEQ,41.00043487548828,0.0127157423421038,1.2155375934454336,Yahoo Finance via yfinance,"Adjusted close; dividends, capital distributions and splits included",2026-08-13
2022-06-21,nasdaq_composite_oneq,Nasdaq Composite (ONEQ total-return proxy),Nasdaq Composite,ONEQ,42.02033996582031,0.0248754700634108,1.245774662462136,Yahoo Finance via yfinance,"Adjusted close; dividends, capital distributions and splits included",2026-08-13
2022-06-22,nasdaq_composite_oneq,Nasdaq Composite (ONEQ total-return proxy),Nasdaq Composite,ONEQ,42.01063919067383,-0.000230859035276,1.2454870641253886,Yahoo Finance via yfinance,"Adjusted close; dividends, capital distributions and splits included",2026-08-13
2022-06-23,nasdaq_composite_oneq,Nasdaq Composite (ONEQ total-return proxy),Nasdaq Composite,ONEQ,42.64202117919922,0.0150290974069624,1.2642056105312407,Yahoo Finance via yfinance,"Adjusted close; dividends, capital distributions and splits included",2026-08-13
2022-06-24,nasdaq_composite_oneq,Nasdaq Composite (ONEQ total-return proxy),Nasdaq Composite,ONEQ,44.08930969238281,0.0339404294909355,1.3071132919175217,Yahoo Finance via yfinance,"Adjusted close; dividends, capital distributions and splits included",2026-08-13
2022-06-27,nasdaq_composite_oneq,Nasdaq Composite (ONEQ total-return proxy),Nasdaq Composite,ONEQ,43.78820037841797,-0.0068295311508781,1.298186320972644,Yahoo Finance via yfinance,"Adjusted close; dividends, capital distributions and splits included",2026-08-13
2022-06-28,nasdaq_composite_oneq,Nasdaq Composite (ONEQ total-return proxy),Nasdaq Composite,ONEQ,42.53516387939453,-0.0286158482923409,1.2610376181564984,Yahoo Finance via yfinance,"Adjusted close; dividends, capital distributions and splits included",2026-08-13
2022-06-29,nasdaq_composite_oneq,Nasdaq Composite (ONEQ total-return proxy),Nasdaq Composite,ONEQ,42.52544784545898,-0.0002284235688639,1.2607495674432874,Yahoo Finance via yfinance,"Adjusted close; dividends, capital distributions and splits included",2026-08-13
2022-06-30,nasdaq_composite_oneq,Nasdaq Composite (ONEQ total-return proxy),Nasdaq Composite,ONEQ,41.91350555419922,-0.0143900257907597,1.2426073486520892,Yahoo Finance via yfinance,"Adjusted close; dividends, capital distributions and splits included",2026-08-13
2022-07-01,nasdaq_composite_oneq,Nasdaq Composite (ONEQ total-return proxy),Nasdaq Composite,ONEQ,42.302032470703125,0.0092697308747293,1.2541259843570551,Yahoo Finance via yfinance,"Adjusted close; dividends, capital distributions and splits included",2026-08-13
2022-07-05,nasdaq_composite_oneq,Nasdaq Composite (ONEQ total-return proxy),Nasdaq Composite,ONEQ,43.059688568115234,0.0179106310775216,1.276588172187608,Yahoo Finance via yfinance,"Adjusted close; dividends, capital distributions and splits included",2026-08-13
2022-07-06,nasdaq_composite_oneq,Nasdaq Composite (ONEQ total-return proxy),Nasdaq Composite,ONEQ,43.24424362182617,0.0042860285303503,1.2820596655151115,Yahoo Finance via yfinance,"Adjusted close; dividends, capital distributions and splits included",2026-08-13
2022-07-07,nasdaq_composite_oneq,Nasdaq Composite (ONEQ total-return proxy),Nasdaq Composite,ONEQ,44.15731048583984,0.0211141827799903,1.3091293076276511,Yahoo Finance via yfinance,"Adjusted close; dividends, capital distributions and splits included",2026-08-13
2022-07-08,nasdaq_composite_oneq,Nasdaq Composite (ONEQ total-return proxy),Nasdaq Composite,ONEQ,44.244728088378906,0.0019796858453844,1.3117209723877394,Yahoo Finance via yfinance,"Adjusted close; dividends, capital distributions and splits included",2026-08-13
2022-07-11,nasdaq_composite_oneq,Nasdaq Composite (ONEQ total-return proxy),Nasdaq Composite,ONEQ,43.263671875,-0.0221734036068488,1.282635653847418,Yahoo Finance via yfinance,"Adjusted close; dividends, capital distributions and splits included",2026-08-13
2022-07-12,nasdaq_composite_oneq,Nasdaq Composite (ONEQ total-return proxy),Nasdaq Composite,ONEQ,42.85569763183594,-0.0094299495508103,1.270540464339566,Yahoo Finance via yfinance,"Adjusted close; dividends, capital distributions and splits included",2026-08-13
2022-07-13,nasdaq_composite_oneq,Nasdaq Composite (ONEQ total-return proxy),Nasdaq Composite,ONEQ,42.74885559082031,-0.0024930650279801,1.2673729243412877,Yahoo Finance via yfinance,"Adjusted close; dividends, capital distributions and splits included",2026-08-13
2022-07-14,nasdaq_composite_oneq,Nasdaq Composite (ONEQ total-return proxy),Nasdaq Composite,ONEQ,42.74885559082031,0.0,1.2673729243412877,Yahoo Finance via yfinance,"Adjusted close; dividends, capital distributions and splits included",2026-08-13
2022-07-15,nasdaq_composite_oneq,Nasdaq Composite (ONEQ total-return proxy),Nasdaq Composite,ONEQ,43.49678421020508,0.0174958746625575,1.2895467221762815,Yahoo Finance via yfinance,"Adjusted close; dividends, capital distributions and splits included",2026-08-13
2022-07-18,nasdaq_composite_oneq,Nasdaq Composite (ONEQ total-return proxy),Nasdaq Composite,ONEQ,43.195682525634766,-0.0069223895521837,1.2806199774196356,Yahoo Finance via yfinance,"Adjusted close; dividends, capital distributions and splits included",2026-08-13
2022-07-19,nasdaq_composite_oneq,Nasdaq Composite (ONEQ total-return proxy),Nasdaq Composite,ONEQ,44.53613662719727,0.0310321315276589,1.3203603449958694,Yahoo Finance via yfinance,"Adjusted close; dividends, capital distributions and splits included",2026-08-13
2022-07-20,nasdaq_composite_oneq,Nasdaq Composite (ONEQ total-return proxy),Nasdaq Composite,ONEQ,45.25492858886719,0.0161395221073346,1.3416703299735782,Yahoo Finance via yfinance,"Adjusted close; dividends, capital distributions and splits included",2026-08-13
2022-07-21,nasdaq_composite_oneq,Nasdaq Composite (ONEQ total-return proxy),Nasdaq Composite,ONEQ,45.88629150390625,0.0139512520453823,1.3603883109088508,Yahoo Finance via yfinance,"Adjusted close; dividends, capital distributions and splits included",2026-08-13
2022-07-22,nasdaq_composite_oneq,Nasdaq Composite (ONEQ total-return proxy),Nasdaq Composite,ONEQ,45.031524658203125,-0.018627934785934,1.3350470861696937,Yahoo Finance via yfinance,"Adjusted close; dividends, capital distributions and splits included",2026-08-13
2022-07-25,nasdaq_composite_oneq,Nasdaq Composite (ONEQ total-return proxy),Nasdaq Composite,ONEQ,44.83723831176758,-0.0043144518847676,1.3292870897525153,Yahoo Finance via yfinance,"Adjusted close; dividends, capital distributions and splits included",2026-08-13
2022-07-26,nasdaq_composite_oneq,Nasdaq Composite (ONEQ total-return proxy),Nasdaq Composite,ONEQ,43.99217224121094,-0.0188474157279854,1.3042334633501058,Yahoo Finance via yfinance,"Adjusted close; dividends, capital distributions and splits included",2026-08-13
2022-07-27,nasdaq_composite_oneq,Nasdaq Composite (ONEQ total-return proxy),Nasdaq Composite,ONEQ,45.73088455200195,0.0395232202051214,1.3557809697209802,Yahoo Finance via yfinance,"Adjusted close; dividends, capital distributions and splits included",2026-08-13
2022-07-28,nasdaq_composite_oneq,Nasdaq Composite (ONEQ total-return proxy),Nasdaq Composite,ONEQ,46.24569320678711,0.0112573517837764,1.3710434730388787,Yahoo Finance via yfinance,"Adjusted close; dividends, capital distributions and splits included",2026-08-13
2022-07-29,nasdaq_composite_oneq,Nasdaq Composite (ONEQ total-return proxy),Nasdaq Composite,ONEQ,47.15876007080078,0.0197438247910113,1.398113115151418,Yahoo Finance via yfinance,"Adjusted close; dividends, capital distributions and splits included",2026-08-13
2022-08-01,nasdaq_composite_oneq,Nasdaq Composite (ONEQ total-return proxy),Nasdaq Composite,ONEQ,47.07133483886719,-0.0018538492488424,1.395521224203098,Yahoo Finance via yfinance,"Adjusted close; dividends, capital distributions and splits included",2026-08-13
2022-08-02,nasdaq_composite_oneq,Nasdaq Composite (ONEQ total-return proxy),Nasdaq Composite,ONEQ,46.98391342163086,-0.0018572113481716,1.3929294463488937,Yahoo Finance via yfinance,"Adjusted close; dividends, capital distributions and splits included",2026-08-13
2022-08-03,nasdaq_composite_oneq,Nasdaq Composite (ONEQ total-return proxy),Nasdaq Composite,ONEQ,48.17866897583008,0.0254290344756418,1.4283502972622362,Yahoo Finance via yfinance,"Adjusted close; dividends, capital distributions and splits included",2026-08-13
2022-08-04,nasdaq_composite_oneq,Nasdaq Composite (ONEQ total-return proxy),Nasdaq Composite,ONEQ,48.37294387817383,0.0040323841748557,1.434109954397067,Yahoo Finance via yfinance,"Adjusted close; dividends, capital distributions and splits included",2026-08-13
2022-08-05,nasdaq_composite_oneq,Nasdaq Composite (ONEQ total-return proxy),Nasdaq Composite,ONEQ,48.1689567565918,-0.004216967280217,1.428062359643141,Yahoo Finance via yfinance,"Adjusted close; dividends, capital distributions and splits included",2026-08-13
2022-08-08,nasdaq_composite_oneq,Nasdaq Composite (ONEQ total-return proxy),Nasdaq Composite,ONEQ,48.130104064941406,-0.000806591926969,1.4269104960726444,Yahoo Finance via yfinance,"Adjusted close; dividends, capital distributions and splits included",2026-08-13
2022-08-09,nasdaq_composite_oneq,Nasdaq Composite (ONEQ total-return proxy),Nasdaq Composite,ONEQ,47.55701446533203,-0.0119070924682836,1.4099201408519428,Yahoo Finance via yfinance,"Adjusted close; dividends, capital distributions and splits included",2026-08-13
2022-08-10,nasdaq_composite_oneq,Nasdaq Composite (ONEQ total-return proxy),Nasdaq Composite,ONEQ,48.85860824584961,0.0273691230442232,1.448508418669448,Yahoo Finance via yfinance,"Adjusted close; dividends, capital distributions and splits included",2026-08-13
2022-08-11,nasdaq_composite_oneq,Nasdaq Composite (ONEQ total-return proxy),Nasdaq Composite,ONEQ,48.654632568359375,-0.0041748155506979,1.44246116319787,Yahoo Finance via yfinance,"Adjusted close; dividends, capital distributions and splits included",2026-08-13
2022-08-12,nasdaq_composite_oneq,Nasdaq Composite (ONEQ total-return proxy),Nasdaq Composite,ONEQ,49.65511322021485,0.0205629063265415,1.472122356976382,Yahoo Finance via yfinance,"Adjusted close; dividends, capital distributions and splits included",2026-08-13
2022-08-15,nasdaq_composite_oneq,Nasdaq Composite (ONEQ total-return proxy),Nasdaq Composite,ONEQ,49.95623779296875,0.0060643215416396,1.4810497802977232,Yahoo Finance via yfinance,"Adjusted close; dividends, capital distributions and splits included",2026-08-13
2022-08-16,nasdaq_composite_oneq,Nasdaq Composite (ONEQ total-return proxy),Nasdaq Composite,ONEQ,49.88823699951172,-0.0013612072578171,1.4790337645875933,Yahoo Finance via yfinance,"Adjusted close; dividends, capital distributions and splits included",2026-08-13
2022-08-17,nasdaq_composite_oneq,Nasdaq Composite (ONEQ total-return proxy),Nasdaq Composite,ONEQ,49.25686264038086,-0.0126557761328995,1.460315444369973,Yahoo Finance via yfinance,"Adjusted close; dividends, capital distributions and splits included",2026-08-13
2022-08-18,nasdaq_composite_oneq,Nasdaq Composite (ONEQ total-return proxy),Nasdaq Composite,ONEQ,49.38313293457031,0.0025635066348284,1.464058972700558,Yahoo Finance via yfinance,"Adjusted close; dividends, capital distributions and splits included",2026-08-13
2022-08-19,nasdaq_composite_oneq,Nasdaq Composite (ONEQ total-return proxy),Nasdaq Composite,ONEQ,48.38265228271485,-0.0202595621703678,1.434397778922046,Yahoo Finance via yfinance,"Adjusted close; dividends, capital distributions and splits included",2026-08-13
2022-08-22,nasdaq_composite_oneq,Nasdaq Composite (ONEQ total-return proxy),Nasdaq Composite,ONEQ,47.17817687988281,-0.024894778314217,1.3986887642013766,Yahoo Finance via yfinance,"Adjusted close; dividends, capital distributions and splits included",2026-08-13
2022-08-23,nasdaq_composite_oneq,Nasdaq Composite (ONEQ total-return proxy),Nasdaq Composite,ONEQ,47.14904022216797,-0.0006175876144817,1.397824951344091,Yahoo Finance via yfinance,"Adjusted close; dividends, capital distributions and splits included",2026-08-13
2022-08-24,nasdaq_composite_oneq,Nasdaq Composite (ONEQ total-return proxy),Nasdaq Composite,ONEQ,47.285037994384766,0.0028844229188116,1.4018568696702347,Yahoo Finance via yfinance,"Adjusted close; dividends, capital distributions and splits included",2026-08-13
2022-08-25,nasdaq_composite_oneq,Nasdaq Composite (ONEQ total-return proxy),Nasdaq Composite,ONEQ,48.09124755859375,0.017049992945014,1.4257585194080318,Yahoo Finance via yfinance,"Adjusted close; dividends, capital distributions and splits included",2026-08-13
2022-08-26,nasdaq_composite_oneq,Nasdaq Composite (ONEQ total-return proxy),Nasdaq Composite,ONEQ,46.22626876831055,-0.0387800043658866,1.3704675978006882,Yahoo Finance via yfinance,"Adjusted close; dividends, capital distributions and splits included",2026-08-13
2022-08-29,nasdaq_composite_oneq,Nasdaq Composite (ONEQ total-return proxy),Nasdaq Composite,ONEQ,45.721168518066406,-0.0109266930622443,1.3554929190077687,Yahoo Finance via yfinance,"Adjusted close; dividends, capital distributions and splits included",2026-08-13
2022-08-30,nasdaq_composite_oneq,Nasdaq Composite (ONEQ total-return proxy),Nasdaq Composite,ONEQ,45.19664001464844,-0.0114723337224136,1.339942251882543,Yahoo Finance via yfinance,"Adjusted close; dividends, capital distributions and splits included",2026-08-13
2022-08-31,nasdaq_composite_oneq,Nasdaq Composite (ONEQ total-return proxy),Nasdaq Composite,ONEQ,44.99265670776367,-0.0045132405156368,1.333894770222733,Yahoo Finance via yfinance,"Adjusted close; dividends, capital distributions and splits included",2026-08-13
2022-09-01,nasdaq_composite_oneq,Nasdaq Composite (ONEQ total-return proxy),Nasdaq Composite,ONEQ,44.88581466674805,-0.0023746550844859,1.3307272302244544,Yahoo Finance via yfinance,"Adjusted close; dividends, capital distributions and splits included",2026-08-13
2022-09-02,nasdaq_composite_oneq,Nasdaq Composite (ONEQ total-return proxy),Nasdaq Composite,ONEQ,44.31272506713867,-0.0127677219153589,1.3137368750037528,Yahoo Finance via yfinance,"Adjusted close; dividends, capital distributions and splits included",2026-08-13
2022-09-06,nasdaq_composite_oneq,Nasdaq Composite (ONEQ total-return proxy),Nasdaq Composite,ONEQ,43.972755432128906,-0.0076720543476997,1.3036578143001467,Yahoo Finance via yfinance,"Adjusted close; dividends, capital distributions and splits included",2026-08-13
2022-09-07,nasdaq_composite_oneq,Nasdaq Composite (ONEQ total-return proxy),Nasdaq Composite,ONEQ,44.90524291992188,0.0212060281105705,1.3313032185567606,Yahoo Finance via yfinance,"Adjusted close; dividends, capital distributions and splits included",2026-08-13
2022-09-08,nasdaq_composite_oneq,Nasdaq Composite (ONEQ total-return proxy),Nasdaq Composite,ONEQ,45.18692398071289,0.0062727878188595,1.339654201169332,Yahoo Finance via yfinance,"Adjusted close; dividends, capital distributions and splits included",2026-08-13
2022-09-09,nasdaq_composite_oneq,Nasdaq Composite (ONEQ total-return proxy),Nasdaq Composite,ONEQ,46.1971321105957,0.0223562048683374,1.3696037849434026,Yahoo Finance via yfinance,"Adjusted close; dividends, capital distributions and splits included",2026-08-13
2022-09-12,nasdaq_composite_oneq,Nasdaq Composite (ONEQ total-return proxy),Nasdaq Composite,ONEQ,46.77022933959961,0.0124054720027189,1.386594366352336,Yahoo Finance via yfinance,"Adjusted close; dividends, capital distributions and splits included",2026-08-13
2022-09-13,nasdaq_composite_oneq,Nasdaq Composite (ONEQ total-return proxy),Nasdaq Composite,ONEQ,44.31272506713867,-0.0525441997433228,1.3137368750037526,Yahoo Finance via yfinance,"Adjusted close; dividends, capital distributions and splits included",2026-08-13
2022-09-14,nasdaq_composite_oneq,Nasdaq Composite (ONEQ total-return proxy),Nasdaq Composite,ONEQ,44.6915397644043,0.0085486662508722,1.3249675730896235,Yahoo Finance via yfinance,"Adjusted close; dividends, capital distributions and splits included",2026-08-13
2022-09-15,nasdaq_composite_oneq,Nasdaq Composite (ONEQ total-return proxy),Nasdaq Composite,ONEQ,44.09902572631836,-0.0132578568831915,1.3074013426307316,Yahoo Finance via yfinance,"Adjusted close; dividends, capital distributions and splits included",2026-08-13
2022-09-16,nasdaq_composite_oneq,Nasdaq Composite (ONEQ total-return proxy),Nasdaq Composite,ONEQ,43.64148712158203,-0.0103752542647052,1.2938367212749209,Yahoo Finance via yfinance,"Adjusted close; dividends, capital distributions and splits included",2026-08-13
2022-09-19,nasdaq_composite_oneq,Nasdaq Composite (ONEQ total-return proxy),Nasdaq Composite,ONEQ,44.00167083740234,0.0082532411147417,1.3045150676987098,Yahoo Finance via yfinance,"Adjusted close; dividends, capital distributions and splits included",2026-08-13
2022-09-20,nasdaq_composite_oneq,Nasdaq Composite (ONEQ total-return proxy),Nasdaq Composite,ONEQ,43.62201690673828,-0.0086281707816728,1.29325948890734,Yahoo Finance via yfinance,"Adjusted close; dividends, capital distributions and splits included",2026-08-13
2022-09-21,nasdaq_composite_oneq,Nasdaq Composite (ONEQ total-return proxy),Nasdaq Composite,ONEQ,42.78482055664063,-0.0191920596401478,1.2684391756660431,Yahoo Finance via yfinance,"Adjusted close; dividends, capital distributions and splits included",2026-08-13
2022-09-22,nasdaq_composite_oneq,Nasdaq Composite (ONEQ total-return proxy),Nasdaq Composite,ONEQ,42.22018814086914,-0.0131970266189148,1.251699550100304,Yahoo Finance via yfinance,"Adjusted close; dividends, capital distributions and splits included",2026-08-13
2022-09-23,nasdaq_composite_oneq,Nasdaq Composite (ONEQ total-return proxy),Nasdaq Composite,ONEQ,41.441402435302734,-0.0184458132438434,1.2286109339617508,Yahoo Finance via yfinance,"Adjusted close; dividends, capital distributions and splits included",2026-08-13
2022-09-26,nasdaq_composite_oneq,Nasdaq Composite (ONEQ total-return proxy),Nasdaq Composite,ONEQ,41.22723388671875,-0.0051679850583806,1.2222614910124734,Yahoo Finance via yfinance,"Adjusted close; dividends, capital distributions and splits included",2026-08-13
2022-09-27,nasdaq_composite_oneq,Nasdaq Composite (ONEQ total-return proxy),Nasdaq Composite,ONEQ,41.314849853515625,0.0021251963456394,1.224859036666589,Yahoo Finance via yfinance,"Adjusted close; dividends, capital distributions and splits included",2026-08-13
2022-09-28,nasdaq_composite_oneq,Nasdaq Composite (ONEQ total-return proxy),Nasdaq Composite,ONEQ,42.1325798034668,0.0197926400035455,1.2491022306344204,Yahoo Finance via yfinance,"Adjusted close; dividends, capital distributions and splits included",2026-08-13
2022-09-29,nasdaq_composite_oneq,Nasdaq Composite (ONEQ total-return proxy),Nasdaq Composite,ONEQ,41.003326416015625,-0.0268023793633983,1.2156233187852896,Yahoo Finance via yfinance,"Adjusted close; dividends, capital distributions and splits included",2026-08-13
2022-09-30,nasdaq_composite_oneq,Nasdaq Composite (ONEQ total-return proxy),Nasdaq Composite,ONEQ,40.34135818481445,-0.016144256797239,1.1959979837581078,Yahoo Finance via yfinance,"Adjusted close; dividends, capital distributions and splits included",2026-08-13
2022-10-03,nasdaq_composite_oneq,Nasdaq Composite (ONEQ total-return proxy),Nasdaq Composite,ONEQ,41.28564453125,0.0234074009632874,1.2239931881152173,Yahoo Finance via yfinance,"Adjusted close; dividends, capital distributions and splits included",2026-08-13
2022-10-04,nasdaq_composite_oneq,Nasdaq Composite (ONEQ total-return proxy),Nasdaq Composite,ONEQ,42.599853515625,0.0318321053067307,1.262955468174022,Yahoo Finance via yfinance,"Adjusted close; dividends, capital distributions and splits included",2026-08-13
2022-10-05,nasdaq_composite_oneq,Nasdaq Composite (ONEQ total-return proxy),Nasdaq Composite,ONEQ,42.53170394897461,-0.0015997605866272,1.2609350417933718,Yahoo Finance via yfinance,"Adjusted close; dividends, capital distributions and splits included",2026-08-13
2022-10-06,nasdaq_composite_oneq,Nasdaq Composite (ONEQ total-return proxy),Nasdaq Composite,ONEQ,42.29806518554688,-0.0054932848142653,1.2540083664765131,Yahoo Finance via yfinance,"Adjusted close; dividends, capital distributions and splits included",2026-08-13
2022-10-07,nasdaq_composite_oneq,Nasdaq Composite (ONEQ total-return proxy),Nasdaq Composite,ONEQ,40.71128082275391,-0.0375143486074905,1.2069650594598034,Yahoo Finance via yfinance,"Adjusted close; dividends, capital distributions and splits included",2026-08-13
2022-10-10,nasdaq_composite_oneq,Nasdaq Composite (ONEQ total-return proxy),Nasdaq Composite,ONEQ,40.282958984375,-0.0105209619968407,1.1942666259377122,Yahoo Finance via yfinance,"Adjusted close; dividends, capital distributions and splits included",2026-08-13
2022-10-11,nasdaq_composite_oneq,Nasdaq Composite (ONEQ total-return proxy),Nasdaq Composite,ONEQ,39.80594253540039,-0.0118416437372347,1.1801245460260883,Yahoo Finance via yfinance,"Adjusted close; dividends, capital distributions and splits included",2026-08-13
2022-10-12,nasdaq_composite_oneq,Nasdaq Composite (ONEQ total-return proxy),Nasdaq Composite,ONEQ,39.78647232055664,-0.0004891283462622,1.179547313658507,Yahoo Finance via yfinance,"Adjusted close; dividends, capital distributions and splits included",2026-08-13
2022-10-13,nasdaq_composite_oneq,Nasdaq Composite (ONEQ total-return proxy),Nasdaq Composite,ONEQ,40.66261291503906,0.0220210675483722,1.205522204729082,Yahoo Finance via yfinance,"Adjusted close; dividends, capital distributions and splits included",2026-08-13
2022-10-14,nasdaq_composite_oneq,Nasdaq Composite (ONEQ total-return proxy),Nasdaq Composite,ONEQ,39.4652214050293,-0.0294469888718565,1.1700232057816489,Yahoo Finance via yfinance,"Adjusted close; dividends, capital distributions and splits included",2026-08-13
2022-10-17,nasdaq_composite_oneq,Nasdaq Composite (ONEQ total-return proxy),Nasdaq Composite,ONEQ,40.75022888183594,0.0325605034270219,1.2081197503831975,Yahoo Finance via yfinance,"Adjusted close; dividends, capital distributions and splits included",2026-08-13
2022-10-18,nasdaq_composite_oneq,Nasdaq Composite (ONEQ total-return proxy),Nasdaq Composite,ONEQ,41.11041259765625,0.0088388145466555,1.2187980968069865,Yahoo Finance via yfinance,"Adjusted close; dividends, capital distributions and splits included",2026-08-13
2022-10-19,nasdaq_composite_oneq,Nasdaq Composite (ONEQ total-return proxy),Nasdaq Composite,ONEQ,40.75996398925781,-0.0085245704495414,1.2084083665669882,Yahoo Finance via yfinance,"Adjusted close; dividends, capital distributions and splits included",2026-08-13
2022-10-20,nasdaq_composite_oneq,Nasdaq Composite (ONEQ total-return proxy),Nasdaq Composite,ONEQ,40.51658630371094,-0.0059709985418784,1.201192961972223,Yahoo Finance via yfinance,"Adjusted close; dividends, capital distributions and splits included",2026-08-13
2022-10-21,nasdaq_composite_oneq,Nasdaq Composite (ONEQ total-return proxy),Nasdaq Composite,ONEQ,41.451133728027344,0.023065798715397,1.228899437051426,Yahoo Finance via yfinance,"Adjusted close; dividends, capital distributions and splits included",2026-08-13
2022-10-24,nasdaq_composite_oneq,Nasdaq Composite (ONEQ total-return proxy),Nasdaq Composite,ONEQ,41.84053421020508,0.009394205831201,1.240443971308934,Yahoo Finance via yfinance,"Adjusted close; dividends, capital distributions and splits included",2026-08-13
2022-10-25,nasdaq_composite_oneq,Nasdaq Composite (ONEQ total-return proxy),Nasdaq Composite,ONEQ,42.73614501953125,0.0214053387757111,1.2669960947470904,Yahoo Finance via yfinance,"Adjusted close; dividends, capital distributions and splits included",2026-08-13
2022-10-26,nasdaq_composite_oneq,Nasdaq Composite (ONEQ total-return proxy),Nasdaq Composite,ONEQ,41.90867233276367,-0.0193623614481233,1.2424640584072366,Yahoo Finance via yfinance,"Adjusted close; dividends, capital distributions and splits included",2026-08-13
2022-10-27,nasdaq_composite_oneq,Nasdaq Composite (ONEQ total-return proxy),Nasdaq Composite,ONEQ,41.22723388671875,-0.0162600819380331,1.2222614910124736,Yahoo Finance via yfinance,"Adjusted close; dividends, capital distributions and splits included",2026-08-13
2022-10-28,nasdaq_composite_oneq,Nasdaq Composite (ONEQ total-return proxy),Nasdaq Composite,ONEQ,42.38568115234375,0.0280990781192864,1.2566059121306286,Yahoo Finance via yfinance,"Adjusted close; dividends, capital distributions and splits included",2026-08-13
2022-10-31,nasdaq_composite_oneq,Nasdaq Composite (ONEQ total-return proxy),Nasdaq Composite,ONEQ,41.96709060668945,-0.0098757536572265,1.244195981698212,Yahoo Finance via yfinance,"Adjusted close; dividends, capital distributions and splits included",2026-08-13
2022-11-01,nasdaq_composite_oneq,Nasdaq Composite (ONEQ total-return proxy),Nasdaq Composite,ONEQ,41.61663055419922,-0.0083508303154655,1.2338059121758662,Yahoo Finance via yfinance,"Adjusted close; dividends, capital distributions and splits included",2026-08-13
2022-11-02,nasdaq_composite_oneq,Nasdaq Composite (ONEQ total-return proxy),Nasdaq Composite,ONEQ,40.21480941772461,-0.0336841574583736,1.192246199557062,Yahoo Finance via yfinance,"Adjusted close; dividends, capital distributions and splits included",2026-08-13
2022-11-03,nasdaq_composite_oneq,Nasdaq Composite (ONEQ total-return proxy),Nasdaq Composite,ONEQ,39.54310607910156,-0.0167028850403303,1.1723322483460898,Yahoo Finance via yfinance,"Adjusted close; dividends, capital distributions and splits included",2026-08-13
2022-11-04,nasdaq_composite_oneq,Nasdaq Composite (ONEQ total-return proxy),Nasdaq Composite,ONEQ,40.0395736694336,0.0125550984623945,1.1870509951547157,Yahoo Finance via yfinance,"Adjusted close; dividends, capital distributions and splits included",2026-08-13
2022-11-07,nasdaq_composite_oneq,Nasdaq Composite (ONEQ total-return proxy),Nasdaq Composite,ONEQ,40.34135818481445,0.0075371560614603,1.1959979837581085,Yahoo Finance via yfinance,"Adjusted close; dividends, capital distributions and splits included",2026-08-13
2022-11-08,nasdaq_composite_oneq,Nasdaq Composite (ONEQ total-return proxy),Nasdaq Composite,ONEQ,40.62367248535156,0.0069981357405903,1.20436773999392,Yahoo Finance via yfinance,"Adjusted close; dividends, capital distributions and splits included",2026-08-13
2022-11-09,nasdaq_composite_oneq,Nasdaq Composite (ONEQ total-return proxy),Nasdaq Composite,ONEQ,39.64045715332031,-0.0242030144464606,1.1752184101839958,Yahoo Finance via yfinance,"Adjusted close; dividends, capital distributions and splits included",2026-08-13
2022-11-10,nasdaq_composite_oneq,Nasdaq Composite (ONEQ total-return proxy),Nasdaq Composite,ONEQ,42.47330093383789,0.0714634488083922,1.2592035708788598,Yahoo Finance via yfinance,"Adjusted close; dividends, capital distributions and splits included",2026-08-13
2022-11-11,nasdaq_composite_oneq,Nasdaq Composite (ONEQ total-return proxy),Nasdaq Composite,ONEQ,43.29103469848633,0.0192528893839036,1.283446877940807,Yahoo Finance via yfinance,"Adjusted close; dividends, capital distributions and splits included",2026-08-13
2022-11-14,nasdaq_composite_oneq,Nasdaq Composite (ONEQ total-return proxy),Nasdaq Composite,ONEQ,42.823760986328125,-0.0107937755568254,1.2695936404012056,Yahoo Finance via yfinance,"Adjusted close; dividends, capital distributions and splits included",2026-08-13
2022-11-15,nasdaq_composite_oneq,Nasdaq Composite (ONEQ total-return proxy),Nasdaq Composite,ONEQ,43.42731094360352,0.0140938101505863,1.287487052137412,Yahoo Finance via yfinance,"Adjusted close; dividends, capital distributions and splits included",2026-08-13
2022-11-16,nasdaq_composite_oneq,Nasdaq Composite (ONEQ total-return proxy),Nasdaq Composite,ONEQ,42.85295104980469,-0.013225776160645,1.270459036576114,Yahoo Finance via yfinance,"Adjusted close; dividends, capital distributions and splits included",2026-08-13
2022-11-17,nasdaq_composite_oneq,Nasdaq Composite (ONEQ total-return proxy),Nasdaq Composite,ONEQ,42.61932373046875,-0.0054518373557146,1.263532700541603,Yahoo Finance via yfinance,"Adjusted close; dividends, capital distributions and splits included",2026-08-13
2022-11-18,nasdaq_composite_oneq,Nasdaq Composite (ONEQ total-return proxy),Nasdaq Composite,ONEQ,42.60958480834961,-0.0002285095413697,1.2632439712636965,Yahoo Finance via yfinance,"Adjusted close; dividends, capital distributions and splits included",2026-08-13
2022-11-21,nasdaq_composite_oneq,Nasdaq Composite (ONEQ total-return proxy),Nasdaq Composite,ONEQ,42.22993087768555,-0.0089100593768204,1.2519883924723263,Yahoo Finance via yfinance,"Adjusted close; dividends, capital distributions and splits included",2026-08-13
2022-11-22,nasdaq_composite_oneq,Nasdaq Composite (ONEQ total-return proxy),Nasdaq Composite,ONEQ,42.73614501953125,0.0119870937821777,1.2669960947470902,Yahoo Finance via yfinance,"Adjusted close; dividends, capital distributions and splits included",2026-08-13
2022-11-23,nasdaq_composite_oneq,Nasdaq Composite (ONEQ total-return proxy),Nasdaq Composite,ONEQ,43.23262786865234,0.0116173990165513,1.2817152939321794,Yahoo Finance via yfinance,"Adjusted close; dividends, capital distributions and splits included",2026-08-13
2022-11-25,nasdaq_composite_oneq,Nasdaq Composite (ONEQ total-return proxy),Nasdaq Composite,ONEQ,43.00872421264648,-0.0051790433994924,1.2750772347991115,Yahoo Finance via yfinance,"Adjusted close; dividends, capital distributions and splits included",2026-08-13
2022-11-28,nasdaq_composite_oneq,Nasdaq Composite (ONEQ total-return proxy),Nasdaq Composite,ONEQ,42.3272819519043,-0.015844279811067,1.2548745543102326,Yahoo Finance via yfinance,"Adjusted close; dividends, capital distributions and splits included",2026-08-13
2022-11-29,nasdaq_composite_oneq,Nasdaq Composite (ONEQ total-return proxy),Nasdaq Composite,ONEQ,42.07416915893555,-0.005979897156079,1.247370533531677,Yahoo Finance via yfinance,"Adjusted close; dividends, capital distributions and splits included",2026-08-13
2022-11-30,nasdaq_composite_oneq,Nasdaq Composite (ONEQ total-return proxy),Nasdaq Composite,ONEQ,43.82645034790039,0.0416474341381665,1.299320315672827,Yahoo Finance via yfinance,"Adjusted close; dividends, capital distributions and splits included",2026-08-13
2022-12-01,nasdaq_composite_oneq,Nasdaq Composite (ONEQ total-return proxy),Nasdaq Composite,ONEQ,43.972469329833984,0.0033317547000606,1.3036493322414542,Yahoo Finance via yfinance,"Adjusted close; dividends, capital distributions and splits included",2026-08-13
2022-12-02,nasdaq_composite_oneq,Nasdaq Composite (ONEQ total-return proxy),Nasdaq Composite,ONEQ,43.89459991455078,-0.0017708674648019,1.301340742053477,Yahoo Finance via yfinance,"Adjusted close; dividends, capital distributions and splits included",2026-08-13
2022-12-05,nasdaq_composite_oneq,Nasdaq Composite (ONEQ total-return proxy),Nasdaq Composite,ONEQ,43.04765701293945,-0.0192949224565223,1.276231473346042,Yahoo Finance via yfinance,"Adjusted close; dividends, capital distributions and splits included",2026-08-13
2022-12-06,nasdaq_composite_oneq,Nasdaq Composite (ONEQ total-return proxy),Nasdaq Composite,ONEQ,42.122840881347656,-0.0214835416318665,1.248813501356514,Yahoo Finance via yfinance,"Adjusted close; dividends, capital distributions and splits included",2026-08-13
2022-12-07,nasdaq_composite_oneq,Nasdaq Composite (ONEQ total-return proxy),Nasdaq Composite,ONEQ,41.91841506958008,-0.0048530870067241,1.242752900779259,Yahoo Finance via yfinance,"Adjusted close; dividends, capital distributions and splits included",2026-08-13
2022-12-08,nasdaq_composite_oneq,Nasdaq Composite (ONEQ total-return proxy),Nasdaq Composite,ONEQ,42.356475830078125,0.0104503178321726,1.2557400635792568,Yahoo Finance via yfinance,"Adjusted close; dividends, capital distributions and splits included",2026-08-13
2022-12-09,nasdaq_composite_oneq,Nasdaq Composite (ONEQ total-return proxy),Nasdaq Composite,ONEQ,42.10337829589844,-0.0059754153106372,1.2482364951771647,Yahoo Finance via yfinance,"Adjusted close; dividends, capital distributions and splits included",2026-08-13
2022-12-12,nasdaq_composite_oneq,Nasdaq Composite (ONEQ total-return proxy),Nasdaq Composite,ONEQ,42.68746948242188,0.013872786701782,1.2655530138281377,Yahoo Finance via yfinance,"Adjusted close; dividends, capital distributions and splits included",2026-08-13
2022-12-13,nasdaq_composite_oneq,Nasdaq Composite (ONEQ total-return proxy),Nasdaq Composite,ONEQ,43.09633255004883,0.0095780582120315,1.2776745542649952,Yahoo Finance via yfinance,"Adjusted close; dividends, capital distributions and splits included",2026-08-13
2022-12-14,nasdaq_composite_oneq,Nasdaq Composite (ONEQ total-return proxy),Nasdaq Composite,ONEQ,42.7556037902832,-0.0079062124223663,1.267572987832324,Yahoo Finance via yfinance,"Adjusted close; dividends, capital distributions and splits included",2026-08-13
2022-12-15,nasdaq_composite_oneq,Nasdaq Composite (ONEQ total-return proxy),Nasdaq Composite,ONEQ,41.43166732788086,-0.0309652149668209,1.2283223177779603,Yahoo Finance via yfinance,"Adjusted close; dividends, capital distributions and splits included",2026-08-13
2022-12-16,nasdaq_composite_oneq,Nasdaq Composite (ONEQ total-return proxy),Nasdaq Composite,ONEQ,40.98141860961914,-0.0108672604145653,1.214973819277645,Yahoo Finance via yfinance,"Adjusted close; dividends, capital distributions and splits included",2026-08-13
2022-12-19,nasdaq_composite_oneq,Nasdaq Composite (ONEQ total-return proxy),Nasdaq Composite,ONEQ,40.34658050537109,-0.0154908767384406,1.1961528096027825,Yahoo Finance via yfinance,"Adjusted close; dividends, capital distributions and splits included",2026-08-13
2022-12-20,nasdaq_composite_oneq,Nasdaq Composite (ONEQ total-return proxy),Nasdaq Composite,ONEQ,40.38565444946289,0.0009684573909949,1.1973112326320017,Yahoo Finance via yfinance,"Adjusted close; dividends, capital distributions and splits included",2026-08-13
2022-12-21,nasdaq_composite_oneq,Nasdaq Composite (ONEQ total-return proxy),Nasdaq Composite,ONEQ,41.02048110961914,0.0157191128585187,1.2161319030245163,Yahoo Finance via yfinance,"Adjusted close; dividends, capital distributions and splits included",2026-08-13
2022-12-22,nasdaq_composite_oneq,Nasdaq Composite (ONEQ total-return proxy),Nasdaq Composite,ONEQ,40.14147186279297,-0.0214285455228375,1.1900719651787803,Yahoo Finance via yfinance,"Adjusted close; dividends, capital distributions and splits included",2026-08-13
2022-12-23,nasdaq_composite_oneq,Nasdaq Composite (ONEQ total-return proxy),Nasdaq Composite,ONEQ,40.13171005249024,-0.0002431851611246,1.1897825573361784,Yahoo Finance via yfinance,"Adjusted close; dividends, capital distributions and splits included",2026-08-13
2022-12-27,nasdaq_composite_oneq,Nasdaq Composite (ONEQ total-return proxy),Nasdaq Composite,ONEQ,39.614070892333984,-0.0128985074266509,1.1744361381842778,Yahoo Finance via yfinance,"Adjusted close; dividends, capital distributions and splits included",2026-08-13
2022-12-28,nasdaq_composite_oneq,Nasdaq Composite (ONEQ total-return proxy),Nasdaq Composite,ONEQ,39.08666229248047,-0.0133136682995026,1.1588000850015434,Yahoo Finance via yfinance,"Adjusted close; dividends, capital distributions and splits included",2026-08-13
2022-12-29,nasdaq_composite_oneq,Nasdaq Composite (ONEQ total-return proxy),Nasdaq Composite,ONEQ,40.13171005249024,0.0267366845546905,1.1897825573361782,Yahoo Finance via yfinance,"Adjusted close; dividends, capital distributions and splits included",2026-08-13
2022-12-30,nasdaq_composite_oneq,Nasdaq Composite (ONEQ total-return proxy),Nasdaq Composite,ONEQ,40.01450729370117,-0.0029204526454459,1.1863078537191003,Yahoo Finance via yfinance,"Adjusted close; dividends, capital distributions and splits included",2026-08-13
2023-01-03,nasdaq_composite_oneq,Nasdaq Composite (ONEQ total-return proxy),Nasdaq Composite,ONEQ,39.79963684082031,-0.0053698137853788,1.1799376014524965,Yahoo Finance via yfinance,"Adjusted close; dividends, capital distributions and splits included",2026-08-13
2023-01-04,nasdaq_composite_oneq,Nasdaq Composite (ONEQ total-return proxy),Nasdaq Composite,ONEQ,39.99497604370117,0.0049080649570276,1.1857288118456646,Yahoo Finance via yfinance,"Adjusted close; dividends, capital distributions and splits included",2026-08-13
2023-01-05,nasdaq_composite_oneq,Nasdaq Composite (ONEQ total-return proxy),Nasdaq Composite,ONEQ,39.46756362915039,-0.0131869666323714,1.1700926455688143,Yahoo Finance via yfinance,"Adjusted close; dividends, capital distributions and splits included",2026-08-13
2023-01-06,nasdaq_composite_oneq,Nasdaq Composite (ONEQ total-return proxy),Nasdaq Composite,ONEQ,40.47354507446289,0.0254888154426002,1.1999169210624618,Yahoo Finance via yfinance,"Adjusted close; dividends, capital distributions and splits included",2026-08-13
2023-01-09,nasdaq_composite_oneq,Nasdaq Composite (ONEQ total-return proxy),Nasdaq Composite,ONEQ,40.66888046264648,0.0048262485488783,1.205708018361514,Yahoo Finance via yfinance,"Adjusted close; dividends, capital distributions and splits included",2026-08-13
2023-01-10,nasdaq_composite_oneq,Nasdaq Composite (ONEQ total-return proxy),Nasdaq Composite,ONEQ,41.06932067871094,0.009846354546992,1.2175798469904526,Yahoo Finance via yfinance,"Adjusted close; dividends, capital distributions and splits included",2026-08-13
2023-01-11,nasdaq_composite_oneq,Nasdaq Composite (ONEQ total-return proxy),Nasdaq Composite,ONEQ,41.85066223144531,0.0190249446502142,1.2407442361866623,Yahoo Finance via yfinance,"Adjusted close; dividends, capital distributions and splits included",2026-08-13
2023-01-12,nasdaq_composite_oneq,Nasdaq Composite (ONEQ total-return proxy),Nasdaq Composite,ONEQ,42.05577087402344,0.0049009652808793,1.2468250806106642,Yahoo Finance via yfinance,"Adjusted close; dividends, capital distributions and splits included",2026-08-13
2023-01-13,nasdaq_composite_oneq,Nasdaq Composite (ONEQ total-return proxy),Nasdaq Composite,ONEQ,42.33899688720703,0.0067345338653281,1.2552218663401773,Yahoo Finance via yfinance,"Adjusted close; dividends, capital distributions and splits included",2026-08-13
2023-01-17,nasdaq_composite_oneq,Nasdaq Composite (ONEQ total-return proxy),Nasdaq Composite,ONEQ,42.485496520996094,0.0034601583542317,1.259565132767409,Yahoo Finance via yfinance,"Adjusted close; dividends, capital distributions and splits included",2026-08-13
2023-01-18,nasdaq_composite_oneq,Nasdaq Composite (ONEQ total-return proxy),Nasdaq Composite,ONEQ,41.91902542114258,-0.0133332818547518,1.242770995837803,Yahoo Finance via yfinance,"Adjusted close; dividends, capital distributions and splits included",2026-08-13
2023-01-19,nasdaq_composite_oneq,Nasdaq Composite (ONEQ total-return proxy),Nasdaq Composite,ONEQ,41.51858901977539,-0.0095526171551979,1.2308992803029803,Yahoo Finance via yfinance,"Adjusted close; dividends, capital distributions and splits included",2026-08-13
2023-01-20,nasdaq_composite_oneq,Nasdaq Composite (ONEQ total-return proxy),Nasdaq Composite,ONEQ,42.59294509887695,0.0258765074745157,1.2627506547301164,Yahoo Finance via yfinance,"Adjusted close; dividends, capital distributions and splits included",2026-08-13
2023-01-23,nasdaq_composite_oneq,Nasdaq Composite (ONEQ total-return proxy),Nasdaq Composite,ONEQ,43.501251220703125,0.0213252715847094,1.289679155386006,Yahoo Finance via yfinance,"Adjusted close; dividends, capital distributions and splits included",2026-08-13
2023-01-24,nasdaq_composite_oneq,Nasdaq Composite (ONEQ total-return proxy),Nasdaq Composite,ONEQ,43.39381408691406,-0.0024697481284844,1.286493972705646,Yahoo Finance via yfinance,"Adjusted close; dividends, capital distributions and splits included",2026-08-13
2023-01-25,nasdaq_composite_oneq,Nasdaq Composite (ONEQ total-return proxy),Nasdaq Composite,ONEQ,43.32544708251953,-0.0015755011591651,1.284467099960389,Yahoo Finance via yfinance,"Adjusted close; dividends, capital distributions and splits included",2026-08-13
2023-01-26,nasdaq_composite_oneq,Nasdaq Composite (ONEQ total-return proxy),Nasdaq Composite,ONEQ,44.03842544555664,0.0164563417355887,1.3056047295054578,Yahoo Finance via yfinance,"Adjusted close; dividends, capital distributions and splits included",2026-08-13
2023-01-27,nasdaq_composite_oneq,Nasdaq Composite (ONEQ total-return proxy),Nasdaq Composite,ONEQ,44.46815490722656,0.0097580569087598,1.318344894756318,Yahoo Finance via yfinance,"Adjusted close; dividends, capital distributions and splits included",2026-08-13
2023-01-30,nasdaq_composite_oneq,Nasdaq Composite (ONEQ total-return proxy),Nasdaq Composite,ONEQ,43.61845779418945,-0.019107991208761,1.2931539720971994,Yahoo Finance via yfinance,"Adjusted close; dividends, capital distributions and splits included",2026-08-13
2023-01-31,nasdaq_composite_oneq,Nasdaq Composite (ONEQ total-return proxy),Nasdaq Composite,ONEQ,44.321659088134766,0.0161216450444745,1.3140017414232028,Yahoo Finance via yfinance,"Adjusted close; dividends, capital distributions and splits included",2026-08-13
2023-02-01,nasdaq_composite_oneq,Nasdaq Composite (ONEQ total-return proxy),Nasdaq Composite,ONEQ,45.21043395996094,0.0200528339893328,1.3403512002056566,Yahoo Finance via yfinance,"Adjusted close; dividends, capital distributions and splits included",2026-08-13
2023-02-02,nasdaq_composite_oneq,Nasdaq Composite (ONEQ total-return proxy),Nasdaq Composite,ONEQ,46.69498443603516,0.0328364571193666,1.3843635849161011,Yahoo Finance via yfinance,"Adjusted close; dividends, capital distributions and splits included",2026-08-13
2023-02-03,nasdaq_composite_oneq,Nasdaq Composite (ONEQ total-return proxy),Nasdaq Composite,ONEQ,46.01131439208984,-0.0146411879606006,1.3640948574635336,Yahoo Finance via yfinance,"Adjusted close; dividends, capital distributions and splits included",2026-08-13
2023-02-06,nasdaq_composite_oneq,Nasdaq Composite (ONEQ total-return proxy),Nasdaq Composite,ONEQ,45.5034408569336,-0.0110380140595062,1.349037959248351,Yahoo Finance via yfinance,"Adjusted close; dividends, capital distributions and splits included",2026-08-13
2023-02-07,nasdaq_composite_oneq,Nasdaq Composite (ONEQ total-return proxy),Nasdaq Composite,ONEQ,46.38245391845703,0.0193175075328286,1.3750980101882029,Yahoo Finance via yfinance,"Adjusted close; dividends, capital distributions and splits included",2026-08-13
2023-02-08,nasdaq_composite_oneq,Nasdaq Composite (ONEQ total-return proxy),Nasdaq Composite,ONEQ,45.62063980102539,-0.0164246186450366,1.3525125497713129,Yahoo Finance via yfinance,"Adjusted close; dividends, capital distributions and splits included",2026-08-13
2023-02-09,nasdaq_composite_oneq,Nasdaq Composite (ONEQ total-return proxy),Nasdaq Composite,ONEQ,45.21043395996094,-0.0089916722530321,1.3403512002056563,Yahoo Finance via yfinance,"Adjusted close; dividends, capital distributions and splits included",2026-08-13
2023-02-10,nasdaq_composite_oneq,Nasdaq Composite (ONEQ total-return proxy),Nasdaq Composite,ONEQ,44.91743087768555,-0.0064808730333107,1.3316645542570775,Yahoo Finance via yfinance,"Adjusted close; dividends, capital distributions and splits included",2026-08-13
2023-02-13,nasdaq_composite_oneq,Nasdaq Composite (ONEQ total-return proxy),Nasdaq Composite,ONEQ,45.56203079223633,0.0143507743420607,1.350774971774542,Yahoo Finance via yfinance,"Adjusted close; dividends, capital distributions and splits included",2026-08-13
2023-02-14,nasdaq_composite_oneq,Nasdaq Composite (ONEQ total-return proxy),Nasdaq Composite,ONEQ,45.85503768920898,0.006430944623798,1.3594617308172363,Yahoo Finance via yfinance,"Adjusted close; dividends, capital distributions and splits included",2026-08-13
2023-02-15,nasdaq_composite_oneq,Nasdaq Composite (ONEQ total-return proxy),Nasdaq Composite,ONEQ,46.19688034057617,0.0074548548773221,1.369596320731752,Yahoo Finance via yfinance,"Adjusted close; dividends, capital distributions and splits included",2026-08-13
2023-02-16,nasdaq_composite_oneq,Nasdaq Composite (ONEQ total-return proxy),Nasdaq Composite,ONEQ,45.44483947753906,-0.0162790400021138,1.347300607439812,Yahoo Finance via yfinance,"Adjusted close; dividends, capital distributions and splits included",2026-08-13
2023-02-17,nasdaq_composite_oneq,Nasdaq Composite (ONEQ total-return proxy),Nasdaq Composite,ONEQ,45.18112182617188,-0.005803027459202,1.339482185019039,Yahoo Finance via yfinance,"Adjusted close; dividends, capital distributions and splits included",2026-08-13
2023-02-21,nasdaq_composite_oneq,Nasdaq Composite (ONEQ total-return proxy),Nasdaq Composite,ONEQ,44.048187255859375,-0.0250753970800307,1.3058941373480597,Yahoo Finance via yfinance,"Adjusted close; dividends, capital distributions and splits included",2026-08-13
2023-02-22,nasdaq_composite_oneq,Nasdaq Composite (ONEQ total-return proxy),Nasdaq Composite,ONEQ,44.03842544555664,-0.0002216166183192,1.3056047295054576,Yahoo Finance via yfinance,"Adjusted close; dividends, capital distributions and splits included",2026-08-13
2023-02-23,nasdaq_composite_oneq,Nasdaq Composite (ONEQ total-return proxy),Nasdaq Composite,ONEQ,44.360721588134766,0.0073185210260655,1.315159825170074,Yahoo Finance via yfinance,"Adjusted close; dividends, capital distributions and splits included",2026-08-13
2023-02-24,nasdaq_composite_oneq,Nasdaq Composite (ONEQ total-return proxy),Nasdaq Composite,ONEQ,43.66728210449219,-0.0156318350742981,1.2946014636866727,Yahoo Finance via yfinance,"Adjusted close; dividends, capital distributions and splits included",2026-08-13
2023-02-27,nasdaq_composite_oneq,Nasdaq Composite (ONEQ total-return proxy),Nasdaq Composite,ONEQ,43.89191055297852,0.0051440904416448,1.3012610107017628,Yahoo Finance via yfinance,"Adjusted close; dividends, capital distributions and splits included",2026-08-13
2023-02-28,nasdaq_composite_oneq,Nasdaq Composite (ONEQ total-return proxy),Nasdaq Composite,ONEQ,43.85286331176758,-0.0008896227281746,1.300103379331355,Yahoo Finance via yfinance,"Adjusted close; dividends, capital distributions and splits included",2026-08-13
2023-03-01,nasdaq_composite_oneq,Nasdaq Composite (ONEQ total-return proxy),Nasdaq Composite,ONEQ,43.62822341918945,-0.0051225820987119,1.2934434930339174,Yahoo Finance via yfinance,"Adjusted close; dividends, capital distributions and splits included",2026-08-13
2023-03-02,nasdaq_composite_oneq,Nasdaq Composite (ONEQ total-return proxy),Nasdaq Composite,ONEQ,43.96028137207031,0.0076110812418459,1.3032879965411357,Yahoo Finance via yfinance,"Adjusted close; dividends, capital distributions and splits included",2026-08-13
2023-03-03,nasdaq_composite_oneq,Nasdaq Composite (ONEQ total-return proxy),Nasdaq Composite,ONEQ,44.82952880859375,0.0197734729940948,1.3290585265442696,Yahoo Finance via yfinance,"Adjusted close; dividends, capital distributions and splits included",2026-08-13
2023-03-06,nasdaq_composite_oneq,Nasdaq Composite (ONEQ total-return proxy),Nasdaq Composite,ONEQ,44.75139617919922,-0.0017428831279518,1.326742132862295,Yahoo Finance via yfinance,"Adjusted close; dividends, capital distributions and splits included",2026-08-13
2023-03-07,nasdaq_composite_oneq,Nasdaq Composite (ONEQ total-return proxy),Nasdaq Composite,ONEQ,44.24352264404297,-0.0113487752007235,1.3116852346471124,Yahoo Finance via yfinance,"Adjusted close; dividends, capital distributions and splits included",2026-08-13
2023-03-08,nasdaq_composite_oneq,Nasdaq Composite (ONEQ total-return proxy),Nasdaq Composite,ONEQ,44.341190338134766,0.0022075026637813,1.3145807832966383,Yahoo Finance via yfinance,"Adjusted close; dividends, capital distributions and splits included",2026-08-13
2023-03-09,nasdaq_composite_oneq,Nasdaq Composite (ONEQ total-return proxy),Nasdaq Composite,ONEQ,43.45241165161133,-0.0200440872188102,1.288231211420069,Yahoo Finance via yfinance,"Adjusted close; dividends, capital distributions and splits included",2026-08-13
2023-03-10,nasdaq_composite_oneq,Nasdaq Composite (ONEQ total-return proxy),Nasdaq Composite,ONEQ,42.77851104736328,-0.0155089344557255,1.268252117998335,Yahoo Finance via yfinance,"Adjusted close; dividends, capital distributions and splits included",2026-08-13
2023-03-13,nasdaq_composite_oneq,Nasdaq Composite (ONEQ total-return proxy),Nasdaq Composite,ONEQ,42.85664367675781,0.0018264457430046,1.2705685116803096,Yahoo Finance via yfinance,"Adjusted close; dividends, capital distributions and splits included",2026-08-13
2023-03-14,nasdaq_composite_oneq,Nasdaq Composite (ONEQ total-return proxy),Nasdaq Composite,ONEQ,43.755184173583984,0.020966189130519,1.297207491399481,Yahoo Finance via yfinance,"Adjusted close; dividends, capital distributions and splits included",2026-08-13
2023-03-15,nasdaq_composite_oneq,Nasdaq Composite (ONEQ total-return proxy),Nasdaq Composite,ONEQ,43.92121887207031,0.003794629176457,1.3021299127942645,Yahoo Finance via yfinance,"Adjusted close; dividends, capital distributions and splits included",2026-08-13
2023-03-16,nasdaq_composite_oneq,Nasdaq Composite (ONEQ total-return proxy),Nasdaq Composite,ONEQ,44.95649337768555,0.02357116974897,1.3328226380039494,Yahoo Finance via yfinance,"Adjusted close; dividends, capital distributions and splits included",2026-08-13
2023-03-17,nasdaq_composite_oneq,Nasdaq Composite (ONEQ total-return proxy),Nasdaq Composite,ONEQ,44.6628532409668,-0.0065316512622957,1.3241171053380143,Yahoo Finance via yfinance,"Adjusted close; dividends, capital distributions and splits included",2026-08-13
2023-03-20,nasdaq_composite_oneq,Nasdaq Composite (ONEQ total-return proxy),Nasdaq Composite,ONEQ,44.829246520996094,0.0037255407560186,1.3290501575796927,Yahoo Finance via yfinance,"Adjusted close; dividends, capital distributions and splits included",2026-08-13
2023-03-21,nasdaq_composite_oneq,Nasdaq Composite (ONEQ total-return proxy),Nasdaq Composite,ONEQ,45.445899963378906,0.0137556057761085,1.347332047604034,Yahoo Finance via yfinance,"Adjusted close; dividends, capital distributions and splits included",2026-08-13
2023-03-22,nasdaq_composite_oneq,Nasdaq Composite (ONEQ total-return proxy),Nasdaq Composite,ONEQ,44.78031539916992,-0.0146456460262712,1.327599499354974,Yahoo Finance via yfinance,"Adjusted close; dividends, capital distributions and splits included",2026-08-13
2023-03-23,nasdaq_composite_oneq,Nasdaq Composite (ONEQ total-return proxy),Nasdaq Composite,ONEQ,45.2403564453125,0.0102732873147897,1.3412383104508183,Yahoo Finance via yfinance,"Adjusted close; dividends, capital distributions and splits included",2026-08-13
2023-03-24,nasdaq_composite_oneq,Nasdaq Composite (ONEQ total-return proxy),Nasdaq Composite,ONEQ,45.41653823852539,0.0038943502451369,1.3464615621939098,Yahoo Finance via yfinance,"Adjusted close; dividends, capital distributions and splits included",2026-08-13
2023-03-27,nasdaq_composite_oneq,Nasdaq Composite (ONEQ total-return proxy),Nasdaq Composite,ONEQ,45.11310577392578,-0.0066811006820025,1.3374657169324458,Yahoo Finance via yfinance,"Adjusted close; dividends, capital distributions and splits included",2026-08-13
2023-03-28,nasdaq_composite_oneq,Nasdaq Composite (ONEQ total-return proxy),Nasdaq Composite,ONEQ,45.02500915527344,-0.0019527943629911,1.334853921419726,Yahoo Finance via yfinance,"Adjusted close; dividends, capital distributions and splits included",2026-08-13
2023-03-29,nasdaq_composite_oneq,Nasdaq Composite (ONEQ total-return proxy),Nasdaq Composite,ONEQ,45.78847503662109,0.0169564847552781,1.357488351588803,Yahoo Finance via yfinance,"Adjusted close; dividends, capital distributions and splits included",2026-08-13
2023-03-30,nasdaq_composite_oneq,Nasdaq Composite (ONEQ total-return proxy),Nasdaq Composite,ONEQ,46.140846252441406,0.0076956311722216,1.3679350812632176,Yahoo Finance via yfinance,"Adjusted close; dividends, capital distributions and splits included",2026-08-13
2023-03-31,nasdaq_composite_oneq,Nasdaq Composite (ONEQ total-return proxy),Nasdaq Composite,ONEQ,46.933685302734375,0.0171830192700686,1.3914403361247665,Yahoo Finance via yfinance,"Adjusted close; dividends, capital distributions and splits included",2026-08-13
2023-04-03,nasdaq_composite_oneq,Nasdaq Composite (ONEQ total-return proxy),Nasdaq Composite,ONEQ,46.83580780029297,-0.0020854425091503,1.3885385672988653,Yahoo Finance via yfinance,"Adjusted close; dividends, capital distributions and splits included",2026-08-13
2023-04-04,nasdaq_composite_oneq,Nasdaq Composite (ONEQ total-return proxy),Nasdaq Composite,ONEQ,46.58131408691406,-0.0054337423721624,1.3809936064503516,Yahoo Finance via yfinance,"Adjusted close; dividends, capital distributions and splits included",2026-08-13
2023-04-05,nasdaq_composite_oneq,Nasdaq Composite (ONEQ total-return proxy),Nasdaq Composite,ONEQ,46.10169982910156,-0.0102962801117548,1.366774509445796,Yahoo Finance via yfinance,"Adjusted close; dividends, capital distributions and splits included",2026-08-13
2023-04-06,nasdaq_composite_oneq,Nasdaq Composite (ONEQ total-return proxy),Nasdaq Composite,ONEQ,46.41491317749024,0.0067939652886932,1.3760603280204415,Yahoo Finance via yfinance,"Adjusted close; dividends, capital distributions and splits included",2026-08-13
2023-04-10,nasdaq_composite_oneq,Nasdaq Composite (ONEQ total-return proxy),Nasdaq Composite,ONEQ,46.34639739990234,-0.0014761586933468,1.3740290446046646,Yahoo Finance via yfinance,"Adjusted close; dividends, capital distributions and splits included",2026-08-13
2023-04-11,nasdaq_composite_oneq,Nasdaq Composite (ONEQ total-return proxy),Nasdaq Composite,ONEQ,46.18000411987305,-0.0035902095818487,1.3690959923629864,Yahoo Finance via yfinance,"Adjusted close; dividends, capital distributions and splits included",2026-08-13
2023-04-12,nasdaq_composite_oneq,Nasdaq Composite (ONEQ total-return proxy),Nasdaq Composite,ONEQ,45.85699081420898,-0.0069946573591805,1.35951963500458,Yahoo Finance via yfinance,"Adjusted close; dividends, capital distributions and splits included",2026-08-13
2023-04-13,nasdaq_composite_oneq,Nasdaq Composite (ONEQ total-return proxy),Nasdaq Composite,ONEQ,46.70855331420898,0.0185699603240458,1.3847658606863764,Yahoo Finance via yfinance,"Adjusted close; dividends, capital distributions and splits included",2026-08-13
2023-04-14,nasdaq_composite_oneq,Nasdaq Composite (ONEQ total-return proxy),Nasdaq Composite,ONEQ,46.61067199707031,-0.0020955758676622,1.3818639787663594,Yahoo Finance via yfinance,"Adjusted close; dividends, capital distributions and splits included",2026-08-13
2023-04-17,nasdaq_composite_oneq,Nasdaq Composite (ONEQ total-return proxy),Nasdaq Composite,ONEQ,46.737918853759766,0.0027299940386495,1.385636459190616,Yahoo Finance via yfinance,"Adjusted close; dividends, capital distributions and splits included",2026-08-13
2023-04-18,nasdaq_composite_oneq,Nasdaq Composite (ONEQ total-return proxy),Nasdaq Composite,ONEQ,46.72813415527344,-0.000209352464258,1.3853463727833188,Yahoo Finance via yfinance,"Adjusted close; dividends, capital distributions and splits included",2026-08-13
2023-04-19,nasdaq_composite_oneq,Nasdaq Composite (ONEQ total-return proxy),Nasdaq Composite,ONEQ,46.659610748291016,-0.0014664272011102,1.38331486317931,Yahoo Finance via yfinance,"Adjusted close; dividends, capital distributions and splits included",2026-08-13
2023-04-20,nasdaq_composite_oneq,Nasdaq Composite (ONEQ total-return proxy),Nasdaq Composite,ONEQ,46.35618591308594,-0.0065029439881513,1.3743192441060776,Yahoo Finance via yfinance,"Adjusted close; dividends, capital distributions and splits included",2026-08-13
2023-04-21,nasdaq_composite_oneq,Nasdaq Composite (ONEQ total-return proxy),Nasdaq Composite,ONEQ,46.34639739990234,-0.000211158726517,1.3740290446046644,Yahoo Finance via yfinance,"Adjusted close; dividends, capital distributions and splits included",2026-08-13
2023-04-24,nasdaq_composite_oneq,Nasdaq Composite (ONEQ total-return proxy),Nasdaq Composite,ONEQ,46.25830459594727,-0.0019007476070893,1.3714173621860608,Yahoo Finance via yfinance,"Adjusted close; dividends, capital distributions and splits included",2026-08-13
2023-04-25,nasdaq_composite_oneq,Nasdaq Composite (ONEQ total-return proxy),Nasdaq Composite,ONEQ,45.33823013305664,-0.0198899304876649,1.3441399661826032,Yahoo Finance via yfinance,"Adjusted close; dividends, capital distributions and splits included",2026-08-13
2023-04-26,nasdaq_composite_oneq,Nasdaq Composite (ONEQ total-return proxy),Nasdaq Composite,ONEQ,45.49483871459961,0.0034542279458937,1.348782932016984,Yahoo Finance via yfinance,"Adjusted close; dividends, capital distributions and splits included",2026-08-13
2023-04-27,nasdaq_composite_oneq,Nasdaq Composite (ONEQ total-return proxy),Nasdaq Composite,ONEQ,46.57152938842773,0.0236662158664298,1.380703520043054,Yahoo Finance via yfinance,"Adjusted close; dividends, capital distributions and splits included",2026-08-13
2023-04-28,nasdaq_composite_oneq,Nasdaq Composite (ONEQ total-return proxy),Nasdaq Composite,ONEQ,46.96304702758789,0.0084068022738681,1.3923108215348896,Yahoo Finance via yfinance,"Adjusted close; dividends, capital distributions and splits included",2026-08-13
2023-05-01,nasdaq_composite_oneq,Nasdaq Composite (ONEQ total-return proxy),Nasdaq Composite,ONEQ,46.87495803833008,-0.0018757085588179,1.389699252210402,Yahoo Finance via yfinance,"Adjusted close; dividends, capital distributions and splits included",2026-08-13
2023-05-02,nasdaq_composite_oneq,Nasdaq Composite (ONEQ total-return proxy),Nasdaq Composite,ONEQ,46.39533996582031,-0.0102318613729227,1.3754800421117306,Yahoo Finance via yfinance,"Adjusted close; dividends, capital distributions and splits included",2026-08-13
2023-05-03,nasdaq_composite_oneq,Nasdaq Composite (ONEQ total-return proxy),Nasdaq Composite,ONEQ,46.21915817260742,-0.0037974027853375,1.3702567903686391,Yahoo Finance via yfinance,"Adjusted close; dividends, capital distributions and splits included",2026-08-13
2023-05-04,nasdaq_composite_oneq,Nasdaq Composite (ONEQ total-return proxy),Nasdaq Composite,ONEQ,45.94508361816406,-0.005929890661786,1.3621313174231835,Yahoo Finance via yfinance,"Adjusted close; dividends, capital distributions and splits included",2026-08-13
2023-05-05,nasdaq_composite_oneq,Nasdaq Composite (ONEQ total-return proxy),Nasdaq Composite,ONEQ,47.002201080322266,0.0230082824735633,1.393471619540543,Yahoo Finance via yfinance,"Adjusted close; dividends, capital distributions and splits included",2026-08-13
2023-05-08,nasdaq_composite_oneq,Nasdaq Composite (ONEQ total-return proxy),Nasdaq Composite,ONEQ,47.090293884277344,0.0018742272049032,1.3960833019591463,Yahoo Finance via yfinance,"Adjusted close; dividends, capital distributions and splits included",2026-08-13
2023-05-09,nasdaq_composite_oneq,Nasdaq Composite (ONEQ total-return proxy),Nasdaq Composite,ONEQ,46.81623077392578,-0.0058199490329167,1.3879581682960382,Yahoo Finance via yfinance,"Adjusted close; dividends, capital distributions and splits included",2026-08-13
2023-05-10,nasdaq_composite_oneq,Nasdaq Composite (ONEQ total-return proxy),Nasdaq Composite,ONEQ,47.24689865112305,0.0091991147103864,1.4007261546994114,Yahoo Finance via yfinance,"Adjusted close; dividends, capital distributions and splits included",2026-08-13
2023-05-11,nasdaq_composite_oneq,Nasdaq Composite (ONEQ total-return proxy),Nasdaq Composite,ONEQ,47.30563354492188,0.0012431481319554,1.4024674648020072,Yahoo Finance via yfinance,"Adjusted close; dividends, capital distributions and splits included",2026-08-13
2023-05-12,nasdaq_composite_oneq,Nasdaq Composite (ONEQ total-return proxy),Nasdaq Composite,ONEQ,47.149017333984375,-0.0033107306509018,1.3978242727793946,Yahoo Finance via yfinance,"Adjusted close; dividends, capital distributions and splits included",2026-08-13
2023-05-15,nasdaq_composite_oneq,Nasdaq Composite (ONEQ total-return proxy),Nasdaq Composite,ONEQ,47.481815338134766,0.0070584292731485,1.4076907165450985,Yahoo Finance via yfinance,"Adjusted close; dividends, capital distributions and splits included",2026-08-13
2023-05-16,nasdaq_composite_oneq,Nasdaq Composite (ONEQ total-return proxy),Nasdaq Composite,ONEQ,47.442665100097656,-0.000824531197013,1.4065300316335612,Yahoo Finance via yfinance,"Adjusted close; dividends, capital distributions and splits included",2026-08-13
2023-05-17,nasdaq_composite_oneq,Nasdaq Composite (ONEQ total-return proxy),Nasdaq Composite,ONEQ,48.059303283691406,0.0129975451904467,1.4248114692814389,Yahoo Finance via yfinance,"Adjusted close; dividends, capital distributions and splits included",2026-08-13
2023-05-18,nasdaq_composite_oneq,Nasdaq Composite (ONEQ total-return proxy),Nasdaq Composite,ONEQ,48.79341125488281,0.0152750439776041,1.4465755271345075,Yahoo Finance via yfinance,"Adjusted close; dividends, capital distributions and splits included",2026-08-13
2023-05-19,nasdaq_composite_oneq,Nasdaq Composite (ONEQ total-return proxy),Nasdaq Composite,ONEQ,48.68574905395508,-0.0022064905518767,1.4433836719013091,Yahoo Finance via yfinance,"Adjusted close; dividends, capital distributions and splits included",2026-08-13
2023-05-22,nasdaq_composite_oneq,Nasdaq Composite (ONEQ total-return proxy),Nasdaq Composite,ONEQ,48.910865783691406,0.0046238731889869,1.450057694963235,Yahoo Finance via yfinance,"Adjusted close; dividends, capital distributions and splits included",2026-08-13
2023-05-23,nasdaq_composite_oneq,Nasdaq Composite (ONEQ total-return proxy),Nasdaq Composite,ONEQ,48.294227600097656,-0.0126073863897816,1.4317762573153574,Yahoo Finance via yfinance,"Adjusted close; dividends, capital distributions and splits included",2026-08-13
2023-05-24,nasdaq_composite_oneq,Nasdaq Composite (ONEQ total-return proxy),Nasdaq Composite,ONEQ,47.941856384277344,-0.0072963423028138,1.4213295276409428,Yahoo Finance via yfinance,"Adjusted close; dividends, capital distributions and splits included",2026-08-13
2023-05-25,nasdaq_composite_oneq,Nasdaq Composite (ONEQ total-return proxy),Nasdaq Composite,ONEQ,48.78361892700195,0.017557988075753,1.4462852145389782,Yahoo Finance via yfinance,"Adjusted close; dividends, capital distributions and splits included",2026-08-13
2023-05-26,nasdaq_composite_oneq,Nasdaq Composite (ONEQ total-return proxy),Nasdaq Composite,ONEQ,49.87010192871094,0.0222714719737122,1.4784961151605776,Yahoo Finance via yfinance,"Adjusted close; dividends, capital distributions and splits included",2026-08-13
2023-05-30,nasdaq_composite_oneq,Nasdaq Composite (ONEQ total-return proxy),Nasdaq Composite,ONEQ,50.065860748291016,0.0039253743627778,1.4842997659064956,Yahoo Finance via yfinance,"Adjusted close; dividends, capital distributions and splits included",2026-08-13
2023-05-31,nasdaq_composite_oneq,Nasdaq Composite (ONEQ total-return proxy),Nasdaq Composite,ONEQ,49.76242065429688,-0.006060818479077,1.4753036944568,Yahoo Finance via yfinance,"Adjusted close; dividends, capital distributions and splits included",2026-08-13
2023-06-01,nasdaq_composite_oneq,Nasdaq Composite (ONEQ total-return proxy),Nasdaq Composite,ONEQ,50.30076599121094,0.0108183108827037,1.491263988469835,Yahoo Finance via yfinance,"Adjusted close; dividends, capital distributions and splits included",2026-08-13
2023-06-02,nasdaq_composite_oneq,Nasdaq Composite (ONEQ total-return proxy),Nasdaq Composite,ONEQ,50.86848068237305,0.0112864025025245,1.5080949940812258,Yahoo Finance via yfinance,"Adjusted close; dividends, capital distributions and splits included",2026-08-13
2023-06-05,nasdaq_composite_oneq,Nasdaq Composite (ONEQ total-return proxy),Nasdaq Composite,ONEQ,50.8978385925293,0.0005771336152058,1.5089653663972338,Yahoo Finance via yfinance,"Adjusted close; dividends, capital distributions and splits included",2026-08-13
2023-06-06,nasdaq_composite_oneq,Nasdaq Composite (ONEQ total-return proxy),Nasdaq Composite,ONEQ,51.04467010498047,0.0028848280499031,1.513318472012549,Yahoo Finance via yfinance,"Adjusted close; dividends, capital distributions and splits included",2026-08-13
2023-06-07,nasdaq_composite_oneq,Nasdaq Composite (ONEQ total-return proxy),Nasdaq Composite,ONEQ,50.42801284790039,-0.0120807374366772,1.4950364688940918,Yahoo Finance via yfinance,"Adjusted close; dividends, capital distributions and splits included",2026-08-13
2023-06-08,nasdaq_composite_oneq,Nasdaq Composite (ONEQ total-return proxy),Nasdaq Composite,ONEQ,50.85868453979492,0.008540326448982,1.5078045683915808,Yahoo Finance via yfinance,"Adjusted close; dividends, capital distributions and splits included",2026-08-13
2023-06-09,nasdaq_composite_oneq,Nasdaq Composite (ONEQ total-return proxy),Nasdaq Composite,ONEQ,51.02509307861328,0.0032719788237571,1.5127380730097224,Yahoo Finance via yfinance,"Adjusted close; dividends, capital distributions and splits included",2026-08-13
2023-06-12,nasdaq_composite_oneq,Nasdaq Composite (ONEQ total-return proxy),Nasdaq Composite,ONEQ,51.77876281738281,0.0147705705819756,1.5350820774891545,Yahoo Finance via yfinance,"Adjusted close; dividends, capital distributions and splits included",2026-08-13
2023-06-13,nasdaq_composite_oneq,Nasdaq Composite (ONEQ total-return proxy),Nasdaq Composite,ONEQ,52.19964218139648,0.0081284167699808,1.547559864391114,Yahoo Finance via yfinance,"Adjusted close; dividends, capital distributions and splits included",2026-08-13
2023-06-14,nasdaq_composite_oneq,Nasdaq Composite (ONEQ total-return proxy),Nasdaq Composite,ONEQ,52.47371673583984,0.0052505063826095,1.5556853373365702,Yahoo Finance via yfinance,"Adjusted close; dividends, capital distributions and splits included",2026-08-13
2023-06-15,nasdaq_composite_oneq,Nasdaq Composite (ONEQ total-return proxy),Nasdaq Composite,ONEQ,52.95333099365234,0.0091400855065584,1.5699044343411257,Yahoo Finance via yfinance,"Adjusted close; dividends, capital distributions and splits included",2026-08-13
2023-06-16,nasdaq_composite_oneq,Nasdaq Composite (ONEQ total-return proxy),Nasdaq Composite,ONEQ,52.68861389160156,-0.0049990642152901,1.5620563812619856,Yahoo Finance via yfinance,"Adjusted close; dividends, capital distributions and splits included",2026-08-13
2023-06-20,nasdaq_composite_oneq,Nasdaq Composite (ONEQ total-return proxy),Nasdaq Composite,ONEQ,52.61017608642578,-0.0014887050423675,1.5597309400507386,Yahoo Finance via yfinance,"Adjusted close; dividends, capital distributions and splits included",2026-08-13
2023-06-21,nasdaq_composite_oneq,Nasdaq Composite (ONEQ total-return proxy),Nasdaq Composite,ONEQ,51.96309280395508,-0.0122995840463963,1.54054689826382,Yahoo Finance via yfinance,"Adjusted close; dividends, capital distributions and splits included",2026-08-13
2023-06-22,nasdaq_composite_oneq,Nasdaq Composite (ONEQ total-return proxy),Nasdaq Composite,ONEQ,52.45330429077149,0.0094338396805182,1.5550801707223605,Yahoo Finance via yfinance,"Adjusted close; dividends, capital distributions and splits included",2026-08-13
2023-06-23,nasdaq_composite_oneq,Nasdaq Composite (ONEQ total-return proxy),Nasdaq Composite,ONEQ,51.9434814453125,-0.009719556324475,1.5399654814139505,Yahoo Finance via yfinance,"Adjusted close; dividends, capital distributions and splits included",2026-08-13
2023-06-26,nasdaq_composite_oneq,Nasdaq Composite (ONEQ total-return proxy),Nasdaq Composite,ONEQ,51.30620193481445,-0.0122687100049115,1.5210720915049083,Yahoo Finance via yfinance,"Adjusted close; dividends, capital distributions and splits included",2026-08-13
2023-06-27,nasdaq_composite_oneq,Nasdaq Composite (ONEQ total-return proxy),Nasdaq Composite,ONEQ,52.12976837158203,0.0160519860311221,1.545488319470075,Yahoo Finance via yfinance,"Adjusted close; dividends, capital distributions and splits included",2026-08-13
2023-06-28,nasdaq_composite_oneq,Nasdaq Composite (ONEQ total-return proxy),Nasdaq Composite,ONEQ,52.23760986328125,0.0020687122745399,1.5486854901267209,Yahoo Finance via yfinance,"Adjusted close; dividends, capital distributions and splits included",2026-08-13
2023-06-29,nasdaq_composite_oneq,Nasdaq Composite (ONEQ total-return proxy),Nasdaq Composite,ONEQ,52.34545516967773,0.002064514564865,1.5518827738774823,Yahoo Finance via yfinance,"Adjusted close; dividends, capital distributions and splits included",2026-08-13
2023-06-30,nasdaq_composite_oneq,Nasdaq Composite (ONEQ total-return proxy),Nasdaq Composite,ONEQ,53.02195739746094,0.0129238006545233,1.571938997486264,Yahoo Finance via yfinance,"Adjusted close; dividends, capital distributions and splits included",2026-08-13
2023-07-03,nasdaq_composite_oneq,Nasdaq Composite (ONEQ total-return proxy),Nasdaq Composite,ONEQ,53.16902923583984,0.0027737911913818,1.576299228030881,Yahoo Finance via yfinance,"Adjusted close; dividends, capital distributions and splits included",2026-08-13
2023-07-05,nasdaq_composite_oneq,Nasdaq Composite (ONEQ total-return proxy),Nasdaq Composite,ONEQ,53.09059143066406,-0.0014752536637044,1.5739737868196335,Yahoo Finance via yfinance,"Adjusted close; dividends, capital distributions and splits included",2026-08-13
2023-07-06,nasdaq_composite_oneq,Nasdaq Composite (ONEQ total-return proxy),Nasdaq Composite,ONEQ,52.6592025756836,-0.0081255236258548,1.561184425628355,Yahoo Finance via yfinance,"Adjusted close; dividends, capital distributions and splits included",2026-08-13
2023-07-07,nasdaq_composite_oneq,Nasdaq Composite (ONEQ total-return proxy),Nasdaq Composite,ONEQ,52.61997985839844,-0.0007448406995678,1.5600215919286151,Yahoo Finance via yfinance,"Adjusted close; dividends, capital distributions and splits included",2026-08-13
2023-07-10,nasdaq_composite_oneq,Nasdaq Composite (ONEQ total-return proxy),Nasdaq Composite,ONEQ,52.61017608642578,-0.0001863127275806,1.5597309400507384,Yahoo Finance via yfinance,"Adjusted close; dividends, capital distributions and splits included",2026-08-13
2023-07-11,nasdaq_composite_oneq,Nasdaq Composite (ONEQ total-return proxy),Nasdaq Composite,ONEQ,52.93373489379883,0.0061501183125012,1.5693234698677192,Yahoo Finance via yfinance,"Adjusted close; dividends, capital distributions and splits included",2026-08-13
2023-07-12,nasdaq_composite_oneq,Nasdaq Composite (ONEQ total-return proxy),Nasdaq Composite,ONEQ,53.62002944946289,0.0129651640308581,1.5896700060720297,Yahoo Finance via yfinance,"Adjusted close; dividends, capital distributions and splits included",2026-08-13
2023-07-13,nasdaq_composite_oneq,Nasdaq Composite (ONEQ total-return proxy),Nasdaq Composite,ONEQ,54.46320343017578,0.0157249816788629,1.6146675377929502,Yahoo Finance via yfinance,"Adjusted close; dividends, capital distributions and splits included",2026-08-13
2023-07-14,nasdaq_composite_oneq,Nasdaq Composite (ONEQ total-return proxy),Nasdaq Composite,ONEQ,54.31613540649414,-0.0027003190120865,1.610307420342449,Yahoo Finance via yfinance,"Adjusted close; dividends, capital distributions and splits included",2026-08-13
2023-07-17,nasdaq_composite_oneq,Nasdaq Composite (ONEQ total-return proxy),Nasdaq Composite,ONEQ,54.83576583862305,0.009566778421183,1.625712874622852,Yahoo Finance via yfinance,"Adjusted close; dividends, capital distributions and splits included",2026-08-13
2023-07-18,nasdaq_composite_oneq,Nasdaq Composite (ONEQ total-return proxy),Nasdaq Composite,ONEQ,55.26715850830078,0.0078669945259319,1.638502348908247,Yahoo Finance via yfinance,"Adjusted close; dividends, capital distributions and splits included",2026-08-13
2023-07-19,nasdaq_composite_oneq,Nasdaq Composite (ONEQ total-return proxy),Nasdaq Composite,ONEQ,55.32598114013672,0.0010643324792445,1.6402462601755086,Yahoo Finance via yfinance,"Adjusted close; dividends, capital distributions and splits included",2026-08-13
2023-07-20,nasdaq_composite_oneq,Nasdaq Composite (ONEQ total-return proxy),Nasdaq Composite,ONEQ,54.15926742553711,-0.021087989594697,1.6056567641081867,Yahoo Finance via yfinance,"Adjusted close; dividends, capital distributions and splits included",2026-08-13
2023-07-21,nasdaq_composite_oneq,Nasdaq Composite (ONEQ total-return proxy),Nasdaq Composite,ONEQ,54.05141830444336,-0.0019913327159019,1.602459367263309,Yahoo Finance via yfinance,"Adjusted close; dividends, capital distributions and splits included",2026-08-13
2023-07-24,nasdaq_composite_oneq,Nasdaq Composite (ONEQ total-return proxy),Nasdaq Composite,ONEQ,54.07102966308594,0.0003628278268688,1.6030407841131786,Yahoo Finance via yfinance,"Adjusted close; dividends, capital distributions and splits included",2026-08-13
2023-07-25,nasdaq_composite_oneq,Nasdaq Composite (ONEQ total-return proxy),Nasdaq Composite,ONEQ,54.46320343017578,0.007252936915266,1.6146675377929502,Yahoo Finance via yfinance,"Adjusted close; dividends, capital distributions and splits included",2026-08-13
2023-07-26,nasdaq_composite_oneq,Nasdaq Composite (ONEQ total-return proxy),Nasdaq Composite,ONEQ,54.41417694091797,-0.0009001763790972,1.613214052215334,Yahoo Finance via yfinance,"Adjusted close; dividends, capital distributions and splits included",2026-08-13
2023-07-27,nasdaq_composite_oneq,Nasdaq Composite (ONEQ total-return proxy),Nasdaq Composite,ONEQ,54.12004470825195,-0.0054054338262872,1.6044939304084471,Yahoo Finance via yfinance,"Adjusted close; dividends, capital distributions and splits included",2026-08-13
2023-07-28,nasdaq_composite_oneq,Nasdaq Composite (ONEQ total-return proxy),Nasdaq Composite,ONEQ,55.11029052734375,0.0182972099234206,1.633851692673985,Yahoo Finance via yfinance,"Adjusted close; dividends, capital distributions and splits included",2026-08-13
2023-07-31,nasdaq_composite_oneq,Nasdaq Composite (ONEQ total-return proxy),Nasdaq Composite,ONEQ,55.247554779052734,0.0024907190725274,1.637921158246609,Yahoo Finance via yfinance,"Adjusted close; dividends, capital distributions and splits included",2026-08-13
2023-08-01,nasdaq_composite_oneq,Nasdaq Composite (ONEQ total-return proxy),Nasdaq Composite,ONEQ,55.031856536865234,-0.0039042133728836,1.6315263645568538,Yahoo Finance via yfinance,"Adjusted close; dividends, capital distributions and splits included",2026-08-13
2023-08-02,nasdaq_composite_oneq,Nasdaq Composite (ONEQ total-return proxy),Nasdaq Composite,ONEQ,53.796504974365234,-0.0224479354366765,1.594901966062046,Yahoo Finance via yfinance,"Adjusted close; dividends, capital distributions and splits included",2026-08-13
2023-08-03,nasdaq_composite_oneq,Nasdaq Composite (ONEQ total-return proxy),Nasdaq Composite,ONEQ,53.776893615722656,-0.0003645470770252,1.5943205492121764,Yahoo Finance via yfinance,"Adjusted close; dividends, capital distributions and splits included",2026-08-13
2023-08-04,nasdaq_composite_oneq,Nasdaq Composite (ONEQ total-return proxy),Nasdaq Composite,ONEQ,53.45335006713867,-0.006016404571375,1.584728471771659,Yahoo Finance via yfinance,"Adjusted close; dividends, capital distributions and splits included",2026-08-13
2023-08-07,nasdaq_composite_oneq,Nasdaq Composite (ONEQ total-return proxy),Nasdaq Composite,ONEQ,53.75728225708008,0.0056859334271783,1.593739132362307,Yahoo Finance via yfinance,"Adjusted close; dividends, capital distributions and splits included",2026-08-13
2023-08-08,nasdaq_composite_oneq,Nasdaq Composite (ONEQ total-return proxy),Nasdaq Composite,ONEQ,53.43374633789063,-0.006018457511342,1.584147281110021,Yahoo Finance via yfinance,"Adjusted close; dividends, capital distributions and splits included",2026-08-13
2023-08-09,nasdaq_composite_oneq,Nasdaq Composite (ONEQ total-return proxy),Nasdaq Composite,ONEQ,52.82587432861328,-0.0113761817379122,1.566125733740494,Yahoo Finance via yfinance,"Adjusted close; dividends, capital distributions and splits included",2026-08-13
2023-08-10,nasdaq_composite_oneq,Nasdaq Composite (ONEQ total-return proxy),Nasdaq Composite,ONEQ,52.79645919799805,-0.0005568318743245,1.565253665012747,Yahoo Finance via yfinance,"Adjusted close; dividends, capital distributions and splits included",2026-08-13
2023-08-11,nasdaq_composite_oneq,Nasdaq Composite (ONEQ total-return proxy),Nasdaq Composite,ONEQ,52.59056091308594,-0.0038998502558655,1.559149410106753,Yahoo Finance via yfinance,"Adjusted close; dividends, capital distributions and splits included",2026-08-13
2023-08-14,nasdaq_composite_oneq,Nasdaq Composite (ONEQ total-return proxy),Nasdaq Composite,ONEQ,53.11020278930664,0.0098808962520764,1.574555203669504,Yahoo Finance via yfinance,"Adjusted close; dividends, capital distributions and splits included",2026-08-13
2023-08-15,nasdaq_composite_oneq,Nasdaq Composite (ONEQ total-return proxy),Nasdaq Composite,ONEQ,52.46311569213867,-0.012183856644928,1.555371048788469,Yahoo Finance via yfinance,"Adjusted close; dividends, capital distributions and splits included",2026-08-13
2023-08-16,nasdaq_composite_oneq,Nasdaq Composite (ONEQ total-return proxy),Nasdaq Composite,ONEQ,51.90426254272461,-0.0106523057588401,1.5388027608083266,Yahoo Finance via yfinance,"Adjusted close; dividends, capital distributions and splits included",2026-08-13
2023-08-17,nasdaq_composite_oneq,Nasdaq Composite (ONEQ total-return proxy),Nasdaq Composite,ONEQ,51.41404342651367,-0.0094446793422297,1.524269262161554,Yahoo Finance via yfinance,"Adjusted close; dividends, capital distributions and splits included",2026-08-13
2023-08-18,nasdaq_composite_oneq,Nasdaq Composite (ONEQ total-return proxy),Nasdaq Composite,ONEQ,51.23756408691406,-0.0034325123611771,1.519037189077422,Yahoo Finance via yfinance,"Adjusted close; dividends, capital distributions and splits included",2026-08-13
2023-08-21,nasdaq_composite_oneq,Nasdaq Composite (ONEQ total-return proxy),Nasdaq Composite,ONEQ,52.03172302246094,0.0154995451032713,1.5425815745030742,Yahoo Finance via yfinance,"Adjusted close; dividends, capital distributions and splits included",2026-08-13
2023-08-22,nasdaq_composite_oneq,Nasdaq Composite (ONEQ total-return proxy),Nasdaq Composite,ONEQ,52.07093811035156,0.0007536765191054,1.543744182014582,Yahoo Finance via yfinance,"Adjusted close; dividends, capital distributions and splits included",2026-08-13
2023-08-23,nasdaq_composite_oneq,Nasdaq Composite (ONEQ total-return proxy),Nasdaq Composite,ONEQ,52.767051696777344,0.0133685624205681,1.5643818224732329,Yahoo Finance via yfinance,"Adjusted close; dividends, capital distributions and splits included",2026-08-13
2023-08-24,nasdaq_composite_oneq,Nasdaq Composite (ONEQ total-return proxy),Nasdaq Composite,ONEQ,51.88465118408203,-0.0167225661529466,1.5382213439584569,Yahoo Finance via yfinance,"Adjusted close; dividends, capital distributions and splits included",2026-08-13
2023-08-25,nasdaq_composite_oneq,Nasdaq Composite (ONEQ total-return proxy),Nasdaq Composite,ONEQ,52.28662872314453,0.0077475232055876,1.5501387495161054,Yahoo Finance via yfinance,"Adjusted close; dividends, capital distributions and splits included",2026-08-13
2023-08-28,nasdaq_composite_oneq,Nasdaq Composite (ONEQ total-return proxy),Nasdaq Composite,ONEQ,52.66901016235352,0.0073131783124453,1.561475190600348,Yahoo Finance via yfinance,"Adjusted close; dividends, capital distributions and splits included",2026-08-13
2023-08-29,nasdaq_composite_oneq,Nasdaq Composite (ONEQ total-return proxy),Nasdaq Composite,ONEQ,53.65924072265625,0.0188010094978114,1.5908325004894222,Yahoo Finance via yfinance,"Adjusted close; dividends, capital distributions and splits included",2026-08-13
2023-08-30,nasdaq_composite_oneq,Nasdaq Composite (ONEQ total-return proxy),Nasdaq Composite,ONEQ,54.09062957763672,0.0080394140724082,1.6036218616807012,Yahoo Finance via yfinance,"Adjusted close; dividends, capital distributions and splits included",2026-08-13
2023-08-31,nasdaq_composite_oneq,Nasdaq Composite (ONEQ total-return proxy),Nasdaq Composite,ONEQ,54.169071197509766,0.0014501887015467,1.605947415986064,Yahoo Finance via yfinance,"Adjusted close; dividends, capital distributions and splits included",2026-08-13
2023-09-01,nasdaq_composite_oneq,Nasdaq Composite (ONEQ total-return proxy),Nasdaq Composite,ONEQ,54.14945983886719,-0.0003620397804324,1.6053659991361944,Yahoo Finance via yfinance,"Adjusted close; dividends, capital distributions and splits included",2026-08-13
2023-09-05,nasdaq_composite_oneq,Nasdaq Composite (ONEQ total-return proxy),Nasdaq Composite,ONEQ,54.12985229492188,-0.0003621004531468,1.6047846953804406,Yahoo Finance via yfinance,"Adjusted close; dividends, capital distributions and splits included",2026-08-13
2023-09-06,nasdaq_composite_oneq,Nasdaq Composite (ONEQ total-return proxy),Nasdaq Composite,ONEQ,53.57100296020508,-0.0103242353530165,1.588216520494414,Yahoo Finance via yfinance,"Adjusted close; dividends, capital distributions and splits included",2026-08-13
2023-09-07,nasdaq_composite_oneq,Nasdaq Composite (ONEQ total-return proxy),Nasdaq Composite,ONEQ,53.12000274658203,-0.0084187375390016,1.574845742453265,Yahoo Finance via yfinance,"Adjusted close; dividends, capital distributions and splits included",2026-08-13
2023-09-08,nasdaq_composite_oneq,Nasdaq Composite (ONEQ total-return proxy),Nasdaq Composite,ONEQ,53.051368713378906,-0.0012920562811443,1.5728109531198946,Yahoo Finance via yfinance,"Adjusted close; dividends, capital distributions and splits included",2026-08-13
2023-09-11,nasdaq_composite_oneq,Nasdaq Composite (ONEQ total-return proxy),Nasdaq Composite,ONEQ,53.776893615722656,0.0136758941369363,1.5943205492121764,Yahoo Finance via yfinance,"Adjusted close; dividends, capital distributions and splits included",2026-08-13
2023-09-12,nasdaq_composite_oneq,Nasdaq Composite (ONEQ total-return proxy),Nasdaq Composite,ONEQ,53.22785186767578,-0.0102096218493057,1.5780431392981429,Yahoo Finance via yfinance,"Adjusted close; dividends, capital distributions and splits included",2026-08-13
2023-09-13,nasdaq_composite_oneq,Nasdaq Composite (ONEQ total-return proxy),Nasdaq Composite,ONEQ,53.31609344482422,0.0016578083475509,1.5806592323872666,Yahoo Finance via yfinance,"Adjusted close; dividends, capital distributions and splits included",2026-08-13
2023-09-14,nasdaq_composite_oneq,Nasdaq Composite (ONEQ total-return proxy),Nasdaq Composite,ONEQ,53.81612014770508,0.0093785322699671,1.595483496006032,Yahoo Finance via yfinance,"Adjusted close; dividends, capital distributions and splits included",2026-08-13
2023-09-15,nasdaq_composite_oneq,Nasdaq Composite (ONEQ total-return proxy),Nasdaq Composite,ONEQ,52.92228317260742,-0.0166090935698153,1.5689839613317718,Yahoo Finance via yfinance,"Adjusted close; dividends, capital distributions and splits included",2026-08-13
2023-09-18,nasdaq_composite_oneq,Nasdaq Composite (ONEQ total-return proxy),Nasdaq Composite,ONEQ,52.902645111083984,-0.0003710735884048,1.5684017528230907,Yahoo Finance via yfinance,"Adjusted close; dividends, capital distributions and splits included",2026-08-13
2023-09-19,nasdaq_composite_oneq,Nasdaq Composite (ONEQ total-return proxy),Nasdaq Composite,ONEQ,52.93210983276367,0.0005569612184384,1.569275291774344,Yahoo Finance via yfinance,"Adjusted close; dividends, capital distributions and splits included",2026-08-13
2023-09-20,nasdaq_composite_oneq,Nasdaq Composite (ONEQ total-return proxy),Nasdaq Composite,ONEQ,52.09722518920898,-0.0157727444870885,1.544523513567286,Yahoo Finance via yfinance,"Adjusted close; dividends, capital distributions and splits included",2026-08-13
2023-09-21,nasdaq_composite_oneq,Nasdaq Composite (ONEQ total-return proxy),Nasdaq Composite,ONEQ,51.13463973999024,-0.0184767124491331,1.5159857967361785,Yahoo Finance via yfinance,"Adjusted close; dividends, capital distributions and splits included",2026-08-13
2023-09-22,nasdaq_composite_oneq,Nasdaq Composite (ONEQ total-return proxy),Nasdaq Composite,ONEQ,51.04623794555664,-0.0017288044832837,1.5133649536941864,Yahoo Finance via yfinance,"Adjusted close; dividends, capital distributions and splits included",2026-08-13
2023-09-25,nasdaq_composite_oneq,Nasdaq Composite (ONEQ total-return proxy),Nasdaq Composite,ONEQ,51.272159576416016,0.004425823331003,1.5200628396145686,Yahoo Finance via yfinance,"Adjusted close; dividends, capital distributions and splits included",2026-08-13
2023-09-26,nasdaq_composite_oneq,Nasdaq Composite (ONEQ total-return proxy),Nasdaq Composite,ONEQ,50.50600814819336,-0.0149428351478112,1.4973487911878942,Yahoo Finance via yfinance,"Adjusted close; dividends, capital distributions and splits included",2026-08-13
2023-09-27,nasdaq_composite_oneq,Nasdaq Composite (ONEQ total-return proxy),Nasdaq Composite,ONEQ,50.58458709716797,0.0015558336890146,1.4996784168814297,Yahoo Finance via yfinance,"Adjusted close; dividends, capital distributions and splits included",2026-08-13
2023-09-28,nasdaq_composite_oneq,Nasdaq Composite (ONEQ total-return proxy),Nasdaq Composite,ONEQ,50.9676628112793,0.0075729730357485,1.5110354410947668,Yahoo Finance via yfinance,"Adjusted close; dividends, capital distributions and splits included",2026-08-13
2023-09-29,nasdaq_composite_oneq,Nasdaq Composite (ONEQ total-return proxy),Nasdaq Composite,ONEQ,51.06588745117188,0.0019271952935389,1.513947501485215,Yahoo Finance via yfinance,"Adjusted close; dividends, capital distributions and splits included",2026-08-13
2023-10-02,nasdaq_composite_oneq,Nasdaq Composite (ONEQ total-return proxy),Nasdaq Composite,ONEQ,51.4980583190918,0.0084630051388641,1.526760046970255,Yahoo Finance via yfinance,"Adjusted close; dividends, capital distributions and splits included",2026-08-13
2023-10-03,nasdaq_composite_oneq,Nasdaq Composite (ONEQ total-return proxy),Nasdaq Composite,ONEQ,50.53548049926758,-0.0186915361713232,1.4982225563273792,Yahoo Finance via yfinance,"Adjusted close; dividends, capital distributions and splits included",2026-08-13
2023-10-04,nasdaq_composite_oneq,Nasdaq Composite (ONEQ total-return proxy),Nasdaq Composite,ONEQ,51.114994049072266,0.0114674589828642,1.5154033620392655,Yahoo Finance via yfinance,"Adjusted close; dividends, capital distributions and splits included",2026-08-13
2023-10-05,nasdaq_composite_oneq,Nasdaq Composite (ONEQ total-return proxy),Nasdaq Composite,ONEQ,51.18375015258789,0.0013451259223393,1.5174417703843448,Yahoo Finance via yfinance,"Adjusted close; dividends, capital distributions and splits included",2026-08-13
2023-10-06,nasdaq_composite_oneq,Nasdaq Composite (ONEQ total-return proxy),Nasdaq Composite,ONEQ,51.940067291259766,0.0147765088805951,1.539864262180215,Yahoo Finance via yfinance,"Adjusted close; dividends, capital distributions and splits included",2026-08-13
2023-10-09,nasdaq_composite_oneq,Nasdaq Composite (ONEQ total-return proxy),Nasdaq Composite,ONEQ,52.25437545776367,0.0060513623276878,1.549182538766125,Yahoo Finance via yfinance,"Adjusted close; dividends, capital distributions and splits included",2026-08-13
2023-10-10,nasdaq_composite_oneq,Nasdaq Composite (ONEQ total-return proxy),Nasdaq Composite,ONEQ,52.5097541809082,0.0048872218050133,1.556753737449529,Yahoo Finance via yfinance,"Adjusted close; dividends, capital distributions and splits included",2026-08-13
2023-10-11,nasdaq_composite_oneq,Nasdaq Composite (ONEQ total-return proxy),Nasdaq Composite,ONEQ,52.902645111083984,0.0074822466093096,1.568401752823091,Yahoo Finance via yfinance,"Adjusted close; dividends, capital distributions and splits included",2026-08-13
2023-10-12,nasdaq_composite_oneq,Nasdaq Composite (ONEQ total-return proxy),Nasdaq Composite,ONEQ,52.60797119140625,-0.0055701169395023,1.5596655716517458,Yahoo Finance via yfinance,"Adjusted close; dividends, capital distributions and splits included",2026-08-13
2023-10-13,nasdaq_composite_oneq,Nasdaq Composite (ONEQ total-return proxy),Nasdaq Composite,ONEQ,51.82219696044922,-0.0149364100755399,1.536369767092854,Yahoo Finance via yfinance,"Adjusted close; dividends, capital distributions and splits included",2026-08-13
2023-10-16,nasdaq_composite_oneq,Nasdaq Composite (ONEQ total-return proxy),Nasdaq Composite,ONEQ,52.41152572631836,0.0113721300993649,1.553841563964965,Yahoo Finance via yfinance,"Adjusted close; dividends, capital distributions and splits included",2026-08-13
2023-10-17,nasdaq_composite_oneq,Nasdaq Composite (ONEQ total-return proxy),Nasdaq Composite,ONEQ,52.31330490112305,-0.0018740310234088,1.5509296166686324,Yahoo Finance via yfinance,"Adjusted close; dividends, capital distributions and splits included",2026-08-13
2023-10-18,nasdaq_composite_oneq,Nasdaq Composite (ONEQ total-return proxy),Nasdaq Composite,ONEQ,51.48823547363281,-0.0157716938176567,1.526468829621799,Yahoo Finance via yfinance,"Adjusted close; dividends, capital distributions and splits included",2026-08-13
2023-10-19,nasdaq_composite_oneq,Nasdaq Composite (ONEQ total-return proxy),Nasdaq Composite,ONEQ,50.90873336791992,-0.0112550391440323,1.5092883631922605,Yahoo Finance via yfinance,"Adjusted close; dividends, capital distributions and splits included",2026-08-13
2023-10-20,nasdaq_composite_oneq,Nasdaq Composite (ONEQ total-return proxy),Nasdaq Composite,ONEQ,50.28010177612305,-0.0123482072762196,1.4906513576439762,Yahoo Finance via yfinance,"Adjusted close; dividends, capital distributions and splits included",2026-08-13
2023-10-23,nasdaq_composite_oneq,Nasdaq Composite (ONEQ total-return proxy),Nasdaq Composite,ONEQ,50.309566497802734,0.0005860115759288,1.4915248965952297,Yahoo Finance via yfinance,"Adjusted close; dividends, capital distributions and splits included",2026-08-13
2023-10-24,nasdaq_composite_oneq,Nasdaq Composite (ONEQ total-return proxy),Nasdaq Composite,ONEQ,50.85961151123047,0.0109332091631471,1.5078320502617466,Yahoo Finance via yfinance,"Adjusted close; dividends, capital distributions and splits included",2026-08-13
2023-10-25,nasdaq_composite_oneq,Nasdaq Composite (ONEQ total-return proxy),Nasdaq Composite,ONEQ,49.58272171020508,-0.0251061650508958,1.4699761699388445,Yahoo Finance via yfinance,"Adjusted close; dividends, capital distributions and splits included",2026-08-13
2023-10-26,nasdaq_composite_oneq,Nasdaq Composite (ONEQ total-return proxy),Nasdaq Composite,ONEQ,48.72818756103516,-0.0172345147602908,1.4446418439407578,Yahoo Finance via yfinance,"Adjusted close; dividends, capital distributions and splits included",2026-08-13
2023-10-27,nasdaq_composite_oneq,Nasdaq Composite (ONEQ total-return proxy),Nasdaq Composite,ONEQ,48.9541015625,0.0046362077633581,1.451339503672908,Yahoo Finance via yfinance,"Adjusted close; dividends, capital distributions and splits included",2026-08-13
2023-10-30,nasdaq_composite_oneq,Nasdaq Composite (ONEQ total-return proxy),Nasdaq Composite,ONEQ,49.4648551940918,0.0104333164186398,1.4664817879455991,Yahoo Finance via yfinance,"Adjusted close; dividends, capital distributions and splits included",2026-08-13
2023-10-31,nasdaq_composite_oneq,Nasdaq Composite (ONEQ total-return proxy),Nasdaq Composite,ONEQ,49.74970626831055,0.0057586557789575,1.474926751768488,Yahoo Finance via yfinance,"Adjusted close; dividends, capital distributions and splits included",2026-08-13
2023-11-01,nasdaq_composite_oneq,Nasdaq Composite (ONEQ total-return proxy),Nasdaq Composite,ONEQ,50.525657653808594,0.0155971048615479,1.4979313389789235,Yahoo Finance via yfinance,"Adjusted close; dividends, capital distributions and splits included",2026-08-13
2023-11-02,nasdaq_composite_oneq,Nasdaq Composite (ONEQ total-return proxy),Nasdaq Composite,ONEQ,51.4980583190918,0.0192456805202989,1.5267600469702556,Yahoo Finance via yfinance,"Adjusted close; dividends, capital distributions and splits included",2026-08-13
2023-11-03,nasdaq_composite_oneq,Nasdaq Composite (ONEQ total-return proxy),Nasdaq Composite,ONEQ,52.23473739624024,0.0143049874343579,1.5486003302574447,Yahoo Finance via yfinance,"Adjusted close; dividends, capital distributions and splits included",2026-08-13
2023-11-06,nasdaq_composite_oneq,Nasdaq Composite (ONEQ total-return proxy),Nasdaq Composite,ONEQ,52.39188766479492,0.0030085394583796,1.553259355456284,Yahoo Finance via yfinance,"Adjusted close; dividends, capital distributions and splits included",2026-08-13
2023-11-07,nasdaq_composite_oneq,Nasdaq Composite (ONEQ total-return proxy),Nasdaq Composite,ONEQ,52.88300323486328,0.0093738857666387,1.567819431220294,Yahoo Finance via yfinance,"Adjusted close; dividends, capital distributions and splits included",2026-08-13
2023-11-08,nasdaq_composite_oneq,Nasdaq Composite (ONEQ total-return proxy),Nasdaq Composite,ONEQ,52.87318420410156,-0.0001856746054703,1.5675283269659537,Yahoo Finance via yfinance,"Adjusted close; dividends, capital distributions and splits included",2026-08-13
2023-11-09,nasdaq_composite_oneq,Nasdaq Composite (ONEQ total-return proxy),Nasdaq Composite,ONEQ,52.37224578857422,-0.0094743379478265,1.5526770338534868,Yahoo Finance via yfinance,"Adjusted close; dividends, capital distributions and splits included",2026-08-13
2023-11-10,nasdaq_composite_oneq,Nasdaq Composite (ONEQ total-return proxy),Nasdaq Composite,ONEQ,53.45268249511719,0.0206299479862801,1.584708680301376,Yahoo Finance via yfinance,"Adjusted close; dividends, capital distributions and splits included",2026-08-13
2023-11-13,nasdaq_composite_oneq,Nasdaq Composite (ONEQ total-return proxy),Nasdaq Composite,ONEQ,53.364288330078125,-0.0016536899723813,1.5820880634476158,Yahoo Finance via yfinance,"Adjusted close; dividends, capital distributions and splits included",2026-08-13
2023-11-14,nasdaq_composite_oneq,Nasdaq Composite (ONEQ total-return proxy),Nasdaq Composite,ONEQ,54.6902961730957,0.0248482249930088,1.621400143606916,Yahoo Finance via yfinance,"Adjusted close; dividends, capital distributions and splits included",2026-08-13
2023-11-15,nasdaq_composite_oneq,Nasdaq Composite (ONEQ total-return proxy),Nasdaq Composite,ONEQ,54.70993423461914,0.0003590776224959,1.621982352115597,Yahoo Finance via yfinance,"Adjusted close; dividends, capital distributions and splits included",2026-08-13
2023-11-16,nasdaq_composite_oneq,Nasdaq Composite (ONEQ total-return proxy),Nasdaq Composite,ONEQ,54.68046569824219,-0.0005386322756408,1.6211087000702276,Yahoo Finance via yfinance,"Adjusted close; dividends, capital distributions and splits included",2026-08-13
2023-11-17,nasdaq_composite_oneq,Nasdaq Composite (ONEQ total-return proxy),Nasdaq Composite,ONEQ,54.7786865234375,0.0017962689955377,1.6240206473665602,Yahoo Finance via yfinance,"Adjusted close; dividends, capital distributions and splits included",2026-08-13
2023-11-20,nasdaq_composite_oneq,Nasdaq Composite (ONEQ total-return proxy),Nasdaq Composite,ONEQ,55.34838104248047,0.01039993025023,1.6409103488241057,Yahoo Finance via yfinance,"Adjusted close; dividends, capital distributions and splits included",2026-08-13
2023-11-21,nasdaq_composite_oneq,Nasdaq Composite (ONEQ total-return proxy),Nasdaq Composite,ONEQ,55.0537223815918,-0.00532370875785,1.632174620029224,Yahoo Finance via yfinance,"Adjusted close; dividends, capital distributions and splits included",2026-08-13
2023-11-22,nasdaq_composite_oneq,Nasdaq Composite (ONEQ total-return proxy),Nasdaq Composite,ONEQ,55.358211517333984,0.0055307638170529,1.6412017923607938,Yahoo Finance via yfinance,"Adjusted close; dividends, capital distributions and splits included",2026-08-13
2023-11-24,nasdaq_composite_oneq,Nasdaq Composite (ONEQ total-return proxy),Nasdaq Composite,ONEQ,55.23051834106445,-0.0023066709124002,1.637416079924976,Yahoo Finance via yfinance,"Adjusted close; dividends, capital distributions and splits included",2026-08-13
2023-11-27,nasdaq_composite_oneq,Nasdaq Composite (ONEQ total-return proxy),Nasdaq Composite,ONEQ,55.2403450012207,0.0001779208389023,1.6377074103675484,Yahoo Finance via yfinance,"Adjusted close; dividends, capital distributions and splits included",2026-08-13
2023-11-28,nasdaq_composite_oneq,Nasdaq Composite (ONEQ total-return proxy),Nasdaq Composite,ONEQ,55.37785339355469,0.002489274683765,1.6417841139635907,Yahoo Finance via yfinance,"Adjusted close; dividends, capital distributions and splits included",2026-08-13
2023-11-29,nasdaq_composite_oneq,Nasdaq Composite (ONEQ total-return proxy),Nasdaq Composite,ONEQ,55.23051834106445,-0.0026605410549803,1.637416079924976,Yahoo Finance via yfinance,"Adjusted close; dividends, capital distributions and splits included",2026-08-13
2023-11-30,nasdaq_composite_oneq,Nasdaq Composite (ONEQ total-return proxy),Nasdaq Composite,ONEQ,55.15194320678711,-0.0014226760247317,1.6350865673255564,Yahoo Finance via yfinance,"Adjusted close; dividends, capital distributions and splits included",2026-08-13
2023-12-01,nasdaq_composite_oneq,Nasdaq Composite (ONEQ total-return proxy),Nasdaq Composite,ONEQ,55.417137145996094,0.0048084242148034,1.6429487571691843,Yahoo Finance via yfinance,"Adjusted close; dividends, capital distributions and splits included",2026-08-13
2023-12-04,nasdaq_composite_oneq,Nasdaq Composite (ONEQ total-return proxy),Nasdaq Composite,ONEQ,55.014427185058594,-0.0072668849687518,1.631009637541282,Yahoo Finance via yfinance,"Adjusted close; dividends, capital distributions and splits included",2026-08-13
2023-12-05,nasdaq_composite_oneq,Nasdaq Composite (ONEQ total-return proxy),Nasdaq Composite,ONEQ,55.13229751586914,0.0021425349102346,1.6345041326286436,Yahoo Finance via yfinance,"Adjusted close; dividends, capital distributions and splits included",2026-08-13
2023-12-06,nasdaq_composite_oneq,Nasdaq Composite (ONEQ total-return proxy),Nasdaq Composite,ONEQ,54.83762741088867,-0.0053447818838975,1.6257680645514143,Yahoo Finance via yfinance,"Adjusted close; dividends, capital distributions and splits included",2026-08-13
2023-12-07,nasdaq_composite_oneq,Nasdaq Composite (ONEQ total-return proxy),Nasdaq Composite,ONEQ,55.59393310546875,0.0137917289694757,1.6481902170649367,Yahoo Finance via yfinance,"Adjusted close; dividends, capital distributions and splits included",2026-08-13
2023-12-08,nasdaq_composite_oneq,Nasdaq Composite (ONEQ total-return proxy),Nasdaq Composite,ONEQ,55.86896514892578,0.0049471593048697,1.656344076633485,Yahoo Finance via yfinance,"Adjusted close; dividends, capital distributions and splits included",2026-08-13
2023-12-11,nasdaq_composite_oneq,Nasdaq Composite (ONEQ total-return proxy),Nasdaq Composite,ONEQ,55.9868392944336,0.0021098322690173,1.659838684814962,Yahoo Finance via yfinance,"Adjusted close; dividends, capital distributions and splits included",2026-08-13
2023-12-12,nasdaq_composite_oneq,Nasdaq Composite (ONEQ total-return proxy),Nasdaq Composite,ONEQ,56.33061218261719,0.0061402446095537,1.670030500352126,Yahoo Finance via yfinance,"Adjusted close; dividends, capital distributions and splits included",2026-08-13
2023-12-13,nasdaq_composite_oneq,Nasdaq Composite (ONEQ total-return proxy),Nasdaq Composite,ONEQ,57.15568542480469,0.0146469780856048,1.6944914004930751,Yahoo Finance via yfinance,"Adjusted close; dividends, capital distributions and splits included",2026-08-13
2023-12-14,nasdaq_composite_oneq,Nasdaq Composite (ONEQ total-return proxy),Nasdaq Composite,ONEQ,57.28336715698242,0.00223392880741,1.6982767736465452,Yahoo Finance via yfinance,"Adjusted close; dividends, capital distributions and splits included",2026-08-13
2023-12-15,nasdaq_composite_oneq,Nasdaq Composite (ONEQ total-return proxy),Nasdaq Composite,ONEQ,57.5018424987793,0.0038139402873813,1.7047538998526797,Yahoo Finance via yfinance,"Adjusted close; dividends, capital distributions and splits included",2026-08-13
2023-12-18,nasdaq_composite_oneq,Nasdaq Composite (ONEQ total-return proxy),Nasdaq Composite,ONEQ,57.87581253051758,0.0065036182405149,1.7158409684113505,Yahoo Finance via yfinance,"Adjusted close; dividends, capital distributions and splits included",2026-08-13
2023-12-19,nasdaq_composite_oneq,Nasdaq Composite (ONEQ total-return proxy),Nasdaq Composite,ONEQ,58.230079650878906,0.0061211602027102,1.72634390586137,Yahoo Finance via yfinance,"Adjusted close; dividends, capital distributions and splits included",2026-08-13
2023-12-20,nasdaq_composite_oneq,Nasdaq Composite (ONEQ total-return proxy),Nasdaq Composite,ONEQ,57.33453750610352,-0.0153793735152802,1.6997938181173,Yahoo Finance via yfinance,"Adjusted close; dividends, capital distributions and splits included",2026-08-13
2023-12-21,nasdaq_composite_oneq,Nasdaq Composite (ONEQ total-return proxy),Nasdaq Composite,ONEQ,58.06278610229492,0.0127017436237952,1.721384163408338,Yahoo Finance via yfinance,"Adjusted close; dividends, capital distributions and splits included",2026-08-13
2023-12-22,nasdaq_composite_oneq,Nasdaq Composite (ONEQ total-return proxy),Nasdaq Composite,ONEQ,58.2005615234375,0.0023728696191023,1.7254687835924936,Yahoo Finance via yfinance,"Adjusted close; dividends, capital distributions and splits included",2026-08-13
2023-12-26,nasdaq_composite_oneq,Nasdaq Composite (ONEQ total-return proxy),Nasdaq Composite,ONEQ,58.51548004150391,0.0054109188953372,1.7348051552369488,Yahoo Finance via yfinance,"Adjusted close; dividends, capital distributions and splits included",2026-08-13
2023-12-27,nasdaq_composite_oneq,Nasdaq Composite (ONEQ total-return proxy),Nasdaq Composite,ONEQ,58.476112365722656,-0.0006727736960088,1.733638023960805,Yahoo Finance via yfinance,"Adjusted close; dividends, capital distributions and splits included",2026-08-13
2023-12-28,nasdaq_composite_oneq,Nasdaq Composite (ONEQ total-return proxy),Nasdaq Composite,ONEQ,58.58046340942383,0.0017845072026767,1.736731713501397,Yahoo Finance via yfinance,"Adjusted close; dividends, capital distributions and splits included",2026-08-13
2023-12-29,nasdaq_composite_oneq,Nasdaq Composite (ONEQ total-return proxy),Nasdaq Composite,ONEQ,58.31468200683594,-0.0045370314114847,1.7288521071639198,Yahoo Finance via yfinance,"Adjusted close; dividends, capital distributions and splits included",2026-08-13
