date,variant,variant_label,base_method,rebalanced,gross_return,turnover,transaction_cost,net_return,tilt_strength,growth_of_1_gross,growth_of_1_net,drawdown_net
2021-01-04,base,Base Equity Minimum Variance,minimum_variance,True,-0.007590613518175725,1.0,0.001,-0.008590613518175725,0.0,0.9924093864818243,0.9914093864818243,0.0
2021-01-05,base,Base Equity Minimum Variance,minimum_variance,False,0.0008779150474515771,0.0,0.0,0.0008779150474515771,0.0,0.9932806376154489,0.9922797597004015,0.0
2021-01-06,base,Base Equity Minimum Variance,minimum_variance,False,0.0012737046782066415,0.0,0.0,0.0012737046782066415,0.0,0.9945457838103517,0.9935436310724216,0.0
2021-01-07,base,Base Equity Minimum Variance,minimum_variance,False,0.007421792172245472,0.0,0.0,0.007421792172245472,0.0,1.001927095923575,1.0009175054162993,0.0
2021-01-08,base,Base Equity Minimum Variance,minimum_variance,False,-0.00025014896994770284,0.0,0.0,-0.00025014896994770284,0.0,1.0016764648925671,1.0006671269333167,-0.00025014896994779434
2021-01-11,base,Base Equity Minimum Variance,minimum_variance,False,-0.001386301845907058,0.0,0.0,-0.001386301845907058,0.0,1.000287838960285,0.9992799002481105,-0.0016361040338760402
2021-01-12,base,Base Equity Minimum Variance,minimum_variance,False,-0.003449168733594397,0.0,0.0,-0.003449168733594397,0.0,0.9968376774215485,0.9958332152600654,-0.005079629568591981
2021-01-13,base,Base Equity Minimum Variance,minimum_variance,False,-0.0021799982459469037,0.0,0.0,-0.0021799982459469037,0.0,0.9946645730332757,0.9936623005975428,-0.007248554230989246
2021-01-14,base,Base Equity Minimum Variance,minimum_variance,False,0.001065789262467625,0.0,0.0,0.001065789262467625,0.0,0.9957246758549716,0.9947213352080386,-0.006190490399789361
2021-01-15,base,Base Equity Minimum Variance,minimum_variance,False,-0.002549330786771351,0.0,0.0,-0.002549330786771351,0.0,0.9931862442836666,0.9921854614839345,-0.008724039578799303
2021-01-19,base,Base Equity Minimum Variance,minimum_variance,False,0.00909325451718831,0.0,0.0,0.00909325451718831,0.0,1.0022175395859083,1.0012076564134618,0.0
2021-01-20,base,Base Equity Minimum Variance,minimum_variance,False,0.015523045166721362,0.0,0.0,0.015523045166721362,0.0,1.0177750077197807,1.0167494480852353,0.0
2021-01-21,base,Base Equity Minimum Variance,minimum_variance,False,-0.008045538377086409,0.0,0.0,-0.008045538377086409,0.0,1.0095864598359316,1.008569151380784,-0.008045538377086547
2021-01-22,base,Base Equity Minimum Variance,minimum_variance,False,-0.002468440826968816,0.0,0.0,-0.002468440826968816,0.0,1.0070943554001177,1.0060795581106943,-0.010494119268650515
2021-01-25,base,Base Equity Minimum Variance,minimum_variance,False,0.00452989961629926,0.0,0.0,0.00452989961629926,0.0,1.0116563917342218,1.0106369975149465,-0.006011756959199532
2021-01-26,base,Base Equity Minimum Variance,minimum_variance,False,-0.0019234006996240276,0.0,0.0,-0.0019234006996240276,0.0,1.0097105711225811,1.0086931376068604,-0.007923594641282228
2021-01-27,base,Base Equity Minimum Variance,minimum_variance,False,-0.016119481374142857,0.0,0.0,-0.016119481374142857,0.0,0.9934345603780955,0.9924335273629808,-0.023915351779188798
2021-01-28,base,Base Equity Minimum Variance,minimum_variance,False,0.0009661431798548242,0.0,0.0,0.0009661431798548242,0.0,0.9943943604032369,0.9933923602469019,-0.022972314253349113
2021-01-29,base,Base Equity Minimum Variance,minimum_variance,False,-0.009593660449049433,0.0,0.0,-0.009593660449049433,0.0,0.9848544785570786,0.9838620912500133,-0.03234558611972316
2021-02-01,base,Base Equity Minimum Variance,minimum_variance,True,0.0036257215647992587,0.025462190364350094,2.5462190364350095e-05,0.0036002593744349086,0.0,0.9884252866781721,0.9874042499671873,-0.02886177924493727
2021-02-02,base,Base Equity Minimum Variance,minimum_variance,False,0.00794143201570563,0.0,0.0,0.00794143201570563,0.0,0.9962747988949311,0.9952456536903206,-0.021149551086957596
2021-02-03,base,Base Equity Minimum Variance,minimum_variance,False,-0.006310667174261837,0.0,0.0,-0.006310667174261837,0.0,0.9899876402250005,0.9889649896132503,-0.0273267504834247
2021-02-04,base,Base Equity Minimum Variance,minimum_variance,False,0.00074101524094349,0.0,0.0,0.00074101524094349,0.0,0.9907212361547529,0.9896978277433133,-0.026605984781074787
2021-02-05,base,Base Equity Minimum Variance,minimum_variance,False,0.014130044180683882,0.0,0.0,0.014130044180683882,0.0,1.0047201709923614,1.0036823017748533,-0.012851884340817965
2021-02-08,base,Base Equity Minimum Variance,minimum_variance,False,0.004296656730274463,0.0,0.0,0.004296656730274463,0.0,1.0090371086770982,1.0079947800918316,-0.008610447745893146
2021-02-09,base,Base Equity Minimum Variance,minimum_variance,False,-0.0029666755613049142,0.0,0.0,-0.0029666755613049142,0.0,1.006043622946336,1.0050043866118104,-0.01155157890229841
2021-02-10,base,Base Equity Minimum Variance,minimum_variance,False,-0.005752632329879538,0.0,0.0,-0.005752632329879538,0.0,1.0002562238757058,0.9992229658857165,-0.017237759245923412
2021-02-11,base,Base Equity Minimum Variance,minimum_variance,False,-0.0042024723778936665,0.0,0.0,-0.0042024723778936665,0.0,0.996052674724052,0.9950237589722248,-0.021367790416729204
2021-02-12,base,Base Equity Minimum Variance,minimum_variance,False,0.004638235750411951,0.0,0.0,0.004638235750411951,0.0,1.0006726018492507,0.9996389137435991,-0.01682866351573542
2021-02-16,base,Base Equity Minimum Variance,minimum_variance,False,-0.011241056783863975,0.0,0.0,-0.011241056783863975,0.0,0.9894239843098063,0.9884019159508473,-0.027880548337422484
2021-02-17,base,Base Equity Minimum Variance,minimum_variance,False,0.005772113540091479,0.0,0.0,0.005772113540091479,0.0,0.9951350518865322,0.9941070840329594,-0.022269364487894627
2021-02-18,base,Base Equity Minimum Variance,minimum_variance,False,-0.0021528065282907264,0.0,0.0,-0.0021528065282907264,0.0,0.9929927186502999,0.9919669638126332,-0.024374229382934987
2021-02-19,base,Base Equity Minimum Variance,minimum_variance,False,-0.008893976579889069,0.0,0.0,-0.008893976579889069,0.0,0.9841610646666238,0.9831444328684599,-0.03305142213753953
2021-02-22,base,Base Equity Minimum Variance,minimum_variance,False,0.0006116353489013202,0.0,0.0,0.0006116353489013202,0.0,0.9847630123627863,0.9837457587566778,-0.03246000220674894
2021-02-23,base,Base Equity Minimum Variance,minimum_variance,False,-0.005324723760280436,0.0,0.0,-0.005324723760280436,0.0,0.9795194213526128,0.978507584340951,-0.03761188542202032
2021-02-24,base,Base Equity Minimum Variance,minimum_variance,False,0.00026390351632918016,0.0,0.0,0.00026390351632918016,0.0,0.9797779199722205,0.9787658159332133,-0.03735790781450976
2021-02-25,base,Base Equity Minimum Variance,minimum_variance,False,-0.008545203734262541,0.0,0.0,-0.008545203734262541,0.0,0.9714055180317258,0.9704020626279323,-0.04558388061541163
2021-02-26,base,Base Equity Minimum Variance,minimum_variance,False,-0.0178615113136835,0.0,0.0,-0.0178615113136835,0.0,0.9540547473812275,0.9530692152074817,-0.06263119492976132
2021-03-01,base,Base Equity Minimum Variance,minimum_variance,True,0.009833342443441754,0.038455601208268325,3.8455601208268327e-05,0.009794886842233485,0.0,0.9634362944220185,0.9624044203232552,-0.05344977355465874
2021-03-02,base,Base Equity Minimum Variance,minimum_variance,False,0.005643403237255887,0.0,0.0,0.005643403237255887,0.0,0.9688733539248495,0.9678356565444569,-0.04810800894251177
2021-03-03,base,Base Equity Minimum Variance,minimum_variance,False,-0.012239588589028618,0.0,0.0,-0.012239588589028618,0.0,0.9570147426779371,0.9559897462865603,-0.05975877529424678
2021-03-04,base,Base Equity Minimum Variance,minimum_variance,False,-0.006110773060173708,0.0,0.0,-0.006110773060173708,0.0,0.9511666427701917,0.9501479098991501,-0.0655043760402434
2021-03-05,base,Base Equity Minimum Variance,minimum_variance,False,0.014048539764663684,0.0,0.0,0.014048539764663684,0.0,0.9645291451739704,0.9634961005936804,-0.05237607710714054
2021-03-08,base,Base Equity Minimum Variance,minimum_variance,False,-0.0053741074601134815,0.0,0.0,-0.0053741074601134815,0.0,0.9593456618993941,0.9583181690116896,-0.05746870990054109
2021-03-09,base,Base Equity Minimum Variance,minimum_variance,False,0.007202664380881395,0.0,0.0,0.007202664380881395,0.0,0.9662555067273099,0.9652206131531815,-0.050679973349475604
2021-03-10,base,Base Equity Minimum Variance,minimum_variance,False,0.006504624394004188,0.0,0.0,0.006504624394004188,0.0,0.9725406358672092,0.9714990106990933,-0.04450500314640804
2021-03-11,base,Base Equity Minimum Variance,minimum_variance,False,0.0019823211689517345,0.0,0.0,0.0019823211689517345,0.0,0.9744685237573546,0.9734248337536179,-0.04261090518731747
2021-03-12,base,Base Equity Minimum Variance,minimum_variance,False,0.003631823254070664,0.0,0.0,0.003631823254070664,0.0,0.9780076212022965,0.9769601407009341,-0.03913383720958319
2021-03-15,base,Base Equity Minimum Variance,minimum_variance,False,0.012688324090841393,0.0,0.0,0.012688324090841393,0.0,0.990416898863424,0.9893561275899815,-0.026942055928175335
2021-03-16,base,Base Equity Minimum Variance,minimum_variance,False,0.005710881834564531,0.0,0.0,0.005710881834564531,0.0,0.9960730527397889,0.9950062235269502,-0.021385036991396822
2021-03-17,base,Base Equity Minimum Variance,minimum_variance,False,-0.006603991345338246,0.0,0.0,-0.006603991345338246,0.0,0.9894949949201706,0.9884352110382205,-0.027847801737524214
2021-03-18,base,Base Equity Minimum Variance,minimum_variance,False,-0.00617358596627417,0.0,0.0,-0.00617358596627417,0.0,0.9833862625058329,0.9823330212907837,-0.03384946690579993
2021-03-19,base,Base Equity Minimum Variance,minimum_variance,False,-0.0025362062158668036,0.0,0.0,-0.0025362062158668036,0.0,0.9808921921542676,0.9798416221761348,-0.03629982389329656
2021-03-22,base,Base Equity Minimum Variance,minimum_variance,False,0.00826830839770823,0.0,0.0,0.00826830839770823,0.0,0.9890025113039032,0.9879432548891978,-0.028331653634320553
2021-03-23,base,Base Equity Minimum Variance,minimum_variance,False,-0.0005177100519681817,0.0,0.0,-0.0005177100519681817,0.0,0.9884904947623793,0.9874317867353675,-0.02883469610441336
2021-03-24,base,Base Equity Minimum Variance,minimum_variance,False,-0.0053962180133213765,0.0,0.0,-0.0053962180133213765,0.0,0.9831563845485456,0.98210338954086,-0.034075315811207485
2021-03-25,base,Base Equity Minimum Variance,minimum_variance,False,0.002473444058232372,0.0,0.0,0.002473444058232372,0.0,0.9855881668662204,0.9845325673342896,-0.03168615514040074
2021-03-26,base,Base Equity Minimum Variance,minimum_variance,False,0.018654075951079967,0.0,0.0,0.018654075951079967,0.0,1.0039734033874286,1.0028981126216552,-0.01362315513390755
2021-03-29,base,Base Equity Minimum Variance,minimum_variance,False,0.010804530038451214,0.0,0.0,0.010804530038451214,0.0,1.0148208641821341,1.0137339554049818,-0.0029658168843192945
2021-03-30,base,Base Equity Minimum Variance,minimum_variance,False,-0.009095713071083457,0.0,0.0,-0.009095713071083457,0.0,1.0055903447829844,1.0045133222162035,-0.012034553736001596
2021-03-31,base,Base Equity Minimum Variance,minimum_variance,False,0.00013022175261850693,0.0,0.0,0.00013022175261850693,0.0,1.0057212945200982,1.004644131701551,-0.011905899144062704
2021-04-01,base,Base Equity Minimum Variance,minimum_variance,True,0.00936868490003246,0.2540673208501055,0.0002540673208501055,0.009114617579182355,0.0,1.0151435804257098,1.0138010787651803,-0.0028997992825148255
2021-04-05,base,Base Equity Minimum Variance,minimum_variance,False,0.009447047911752276,0.0,0.0,0.009447047911752276,0.0,1.0247336904672992,1.0233785061292613,0.0
2021-04-06,base,Base Equity Minimum Variance,minimum_variance,False,-0.00020345785927595674,0.0,0.0,-0.00020345785927595674,0.0,1.0245252003443088,1.0231702917291752,-0.00020345785927600168
2021-04-07,base,Base Equity Minimum Variance,minimum_variance,False,-0.0010500186224276196,0.0,0.0,-0.0010500186224276196,0.0,1.023449429804801,1.0220959438689448,-0.0012532628471625396
2021-04-08,base,Base Equity Minimum Variance,minimum_variance,False,-0.0013083957217905203,0.0,0.0,-0.0013083957217905203,0.0,1.0221103529493754,1.0207586379087272,-0.0025600188052055106
2021-04-09,base,Base Equity Minimum Variance,minimum_variance,False,0.0037336992741842743,0.0,0.0,0.0037336992741842743,0.0,1.0259266056323186,1.0245698436942043,0.0
2021-04-12,base,Base Equity Minimum Variance,minimum_variance,False,0.0005727206074226208,0.0,0.0,0.0005727206074226208,0.0,1.0265141749410673,1.0251566359574318,0.0
2021-04-13,base,Base Equity Minimum Variance,minimum_variance,False,0.0028359290998068655,0.0,0.0,0.0028359290998068655,0.0,1.0294252963611468,1.0280639074932034,0.0
2021-04-14,base,Base Equity Minimum Variance,minimum_variance,False,-0.002568324701313976,0.0,0.0,-0.002568324701313976,0.0,1.026781397944345,1.0254235055650593,-0.002568324701313851
2021-04-15,base,Base Equity Minimum Variance,minimum_variance,False,0.007889242133442165,0.0,0.0,0.007889242133442165,0.0,1.0348819250108423,1.0335133198897852,0.0
2021-04-16,base,Base Equity Minimum Variance,minimum_variance,False,0.001946812124096235,0.0,0.0,0.001946812124096235,0.0,1.0368966456894615,1.0355253761513616,0.0
2021-04-19,base,Base Equity Minimum Variance,minimum_variance,False,-0.0013268419330341053,0.0,0.0,-0.0013268419330341053,0.0,1.0355208477397384,1.034151397659563,-0.0013268419330341175
2021-04-20,base,Base Equity Minimum Variance,minimum_variance,False,0.005201281409885588,0.0,0.0,0.005201281409885588,0.0,1.0409068830746362,1.039530310099217,0.0
2021-04-21,base,Base Equity Minimum Variance,minimum_variance,False,0.00517658860843313,0.0,0.0,0.00517658860843313,0.0,1.046295229788,1.0449115308605976,0.0
2021-04-22,base,Base Equity Minimum Variance,minimum_variance,False,0.0007290208058103229,0.0,0.0,0.0007290208058103229,0.0,1.0470580007795356,1.0456732931068262,0.0
2021-04-23,base,Base Equity Minimum Variance,minimum_variance,False,0.002200288189818035,0.0,0.0,0.002200288189818035,0.0,1.0493618301327052,1.0479740757040572,0.0
2021-04-26,base,Base Equity Minimum Variance,minimum_variance,False,-0.005106254081307909,0.0,0.0,-0.005106254081307909,0.0,1.0440035220048214,1.0426228538028885,-0.005106254081307826
2021-04-27,base,Base Equity Minimum Variance,minimum_variance,False,-0.006206307147521272,0.0,0.0,-0.006206307147521272,0.0,1.0375241154841655,1.0361520161331628,-0.01128087024762714
2021-04-28,base,Base Equity Minimum Variance,minimum_variance,False,-0.000394548809142072,0.0,0.0,-0.000394548809142072,0.0,1.037114761579945,1.0357432035891072,-0.011670968202846965
2021-04-29,base,Base Equity Minimum Variance,minimum_variance,False,0.005774107229420431,0.0,0.0,0.005774107229420431,0.0,1.0431031734225225,1.0417236959087741,-0.005964250395301018
2021-04-30,base,Base Equity Minimum Variance,minimum_variance,False,-0.0014353268727248106,0.0,0.0,-0.0014353268727248106,0.0,1.0416059794066845,1.040228481894082,-0.007391016619157864
2021-05-03,base,Base Equity Minimum Variance,minimum_variance,True,0.007146028404945404,0.13888942244485475,0.00013888942244485476,0.007007138982500549,0.0,1.0490493253222857,1.0475175074402694,-0.0004356675173295965
2021-05-04,base,Base Equity Minimum Variance,minimum_variance,False,-0.0044877189410173594,0.0,0.0,-0.0044877189410173594,0.0,1.0443414867949754,1.0428165432810823,-0.004921431304977575
2021-05-05,base,Base Equity Minimum Variance,minimum_variance,False,0.0023317980681591237,0.0,0.0,0.0023317980681591237,0.0,1.0467766802563825,1.0452481808821497,-0.0026011090208278853
2021-05-06,base,Base Equity Minimum Variance,minimum_variance,False,0.007318727846123169,0.0,0.0,0.007318727846123169,0.0,1.054437753894847,1.0528980678496813,0.0
2021-05-07,base,Base Equity Minimum Variance,minimum_variance,False,0.0023321162042651837,0.0,0.0,0.0023321162042651837,0.0,1.056896825267094,1.055353548495153,0.0
2021-05-10,base,Base Equity Minimum Variance,minimum_variance,False,0.005447686382381153,0.0,0.0,0.005447686382381153,0.0,1.0626544677096834,1.0611027836498876,0.0
2021-05-11,base,Base Equity Minimum Variance,minimum_variance,False,-0.008228122595358473,0.0,0.0,-0.008228122595358473,0.0,1.0539108164728628,1.0523718998597402,-0.008228122595358434
2021-05-12,base,Base Equity Minimum Variance,minimum_variance,False,-0.01278901863549935,0.0,0.0,-0.01278901863549935,0.0,1.040432331400837,1.0389130960209583,-0.02091191161765049
2021-05-13,base,Base Equity Minimum Variance,minimum_variance,False,0.011986109577917885,0.0,0.0,0.011986109577917885,0.0,1.052903067333416,1.0513656222317995,-0.009176454503865394
2021-05-14,base,Base Equity Minimum Variance,minimum_variance,False,0.002578981130219569,0.0,0.0,0.002578981130219569,0.0,1.0556184844760192,1.0540770743324968,-0.006621139276653754
2021-05-17,base,Base Equity Minimum Variance,minimum_variance,False,0.00021172725117903698,0.0,0.0,0.00021172725117903698,0.0,1.0558419876760312,1.054300251173976,-0.006410813901093326
2021-05-18,base,Base Equity Minimum Variance,minimum_variance,False,-0.005755374264337793,0.0,0.0,-0.005755374264337793,0.0,1.0497652218729534,1.0482323586414846,-0.012129291532091302
2021-05-19,base,Base Equity Minimum Variance,minimum_variance,False,0.0006761123323638699,0.0,0.0,0.0006761123323638699,0.0,1.0504749810855485,1.0489410814663451,-0.011461379963314977
2021-05-20,base,Base Equity Minimum Variance,minimum_variance,False,0.010684748631379642,0.0,0.0,0.010684748631379642,0.0,1.061699042202001,1.0601487532509406,-0.000899093295811948
2021-05-21,base,Base Equity Minimum Variance,minimum_variance,False,-0.0017296268177232387,0.0,0.0,-0.0017296268177232387,0.0,1.0598626990662572,1.0583150915365418,-0.00262716501765925
2021-05-24,base,Base Equity Minimum Variance,minimum_variance,False,-0.0013982476414340138,0.0,0.0,-0.0013982476414340138,0.0,1.0583807485470438,1.0568353049559067,-0.0040217392318037115
2021-05-25,base,Base Equity Minimum Variance,minimum_variance,False,-0.006573831155000864,0.0,0.0,-0.006573831155000864,0.0,1.051423132208392,1.0498878481024827,-0.010569132152145277
2021-05-26,base,Base Equity Minimum Variance,minimum_variance,False,0.0012435936631211208,0.0,0.0,0.0012435936631211208,0.0,1.0527306753528654,1.051193481977371,-0.009338682194793169
2021-05-27,base,Base Equity Minimum Variance,minimum_variance,False,-0.004559098049737455,0.0,0.0,-0.004559098049737455,0.0,1.0479311729839653,1.0464009878237912,-0.013855204276749244
2021-05-28,base,Base Equity Minimum Variance,minimum_variance,False,0.0017447336594901043,0.0,0.0,0.0017447336594901043,0.0,1.0497595337742993,1.048226678848571,-0.012134644258519955
2021-06-01,base,Base Equity Minimum Variance,minimum_variance,True,-0.004422938945337378,0.10275273400278959,0.00010275273400278959,-0.0045256916793401675,0.0,1.0451165114491296,1.0434827280900436,-0.016605418279307615
2021-06-02,base,Base Equity Minimum Variance,minimum_variance,False,0.0008501589200004948,0.0,0.0,0.0008501589200004948,0.0,1.046005026573778,1.044369854239196,-0.01576937660377753
2021-06-03,base,Base Equity Minimum Variance,minimum_variance,False,0.0043084684971284575,0.0,0.0,0.0043084684971284575,0.0,1.050511706278609,1.048869488855536,-0.011528849968965749
2021-06-04,base,Base Equity Minimum Variance,minimum_variance,False,0.006805185989588663,0.0,0.0,0.006805185989588663,0.0,1.0576606338240748,1.0560072408060026,-0.00480211994766222
2021-06-07,base,Base Equity Minimum Variance,minimum_variance,False,-0.003159554083797772,0.0,0.0,-0.003159554083797772,0.0,1.0543188978492037,1.052670728815794,-0.007946501473768519
2021-06-08,base,Base Equity Minimum Variance,minimum_variance,False,-0.004998754960739963,0.0,0.0,-0.004998754960739963,0.0,1.049048616028378,1.0474086857881002,-0.012905533820846027
2021-06-09,base,Base Equity Minimum Variance,minimum_variance,False,0.005469863179376855,0.0,0.0,0.005469863179376855,0.0,1.054786768426568,1.053137867992252,-0.007506262145725917
2021-06-10,base,Base Equity Minimum Variance,minimum_variance,False,0.00812723081599271,0.0,0.0,0.00812723081599271,0.0,1.0633592639552258,1.0616969625264876,0.0
2021-06-11,base,Base Equity Minimum Variance,minimum_variance,False,0.001346670175920757,0.0,0.0,0.001346670175920757,0.0,1.0647912581622834,1.0631267181617878,0.0
2021-06-14,base,Base Equity Minimum Variance,minimum_variance,False,0.0009115500989995373,0.0,0.0,0.0009115500989995373,0.0,1.065761868739075,1.0640958114269774,0.0
2021-06-15,base,Base Equity Minimum Variance,minimum_variance,False,-0.005154716153851212,0.0,0.0,-0.005154716153851212,0.0,1.060268168818127,1.0586106995585693,-0.005154716153851213
2021-06-16,base,Base Equity Minimum Variance,minimum_variance,False,-0.010849586575095611,0.0,0.0,-0.010849586575095611,0.0,1.0487646975277167,1.047125211124386,-0.015948376189765634
2021-06-17,base,Base Equity Minimum Variance,minimum_variance,False,-0.0006882685785120393,0.0,0.0,-0.0006882685785120393,0.0,1.0480428657401557,1.0464045077438013,-0.016625668002067995
2021-06-18,base,Base Equity Minimum Variance,minimum_variance,False,-0.01031441160077361,0.0,0.0,-0.01031441160077361,0.0,1.0372329202476573,1.0356114609500269,-0.026768595619930502
2021-06-21,base,Base Equity Minimum Variance,minimum_variance,False,0.010931703499141781,0.0,0.0,0.010931703499141781,0.0,1.0485716429913539,1.0469324583814457,-0.01612951847119415
2021-06-22,base,Base Equity Minimum Variance,minimum_variance,False,-0.0012324783867449945,0.0,0.0,-0.0012324783867449945,0.0,1.0472793011044133,1.0456421367541087,-0.017342117575034788
2021-06-23,base,Base Equity Minimum Variance,minimum_variance,False,-0.007285777782502913,0.0,0.0,-0.007285777782502913,0.0,1.0396490568403516,1.0380238205056966,-0.02450154454260811
2021-06-24,base,Base Equity Minimum Variance,minimum_variance,False,0.004830842874475475,0.0,0.0,0.004830842874475475,0.0,1.044671438078544,1.0430383504825222,-0.019789064779999976
2021-06-25,base,Base Equity Minimum Variance,minimum_variance,False,0.011452758754918352,0.0,0.0,0.011452758754918352,0.0,1.056635808037011,1.0549840170827265,-0.008562945409992584
2021-06-28,base,Base Equity Minimum Variance,minimum_variance,False,0.002806255086665102,0.0,0.0,0.002806255086665102,0.0,1.0596009976480676,1.0579445713470155,-0.0057807201324409085
2021-06-29,base,Base Equity Minimum Variance,minimum_variance,False,-0.0028615171429682137,0.0,0.0,-0.0028615171429682137,0.0,1.0565689312285913,1.0549172448197959,-0.00862569564565141
2021-06-30,base,Base Equity Minimum Variance,minimum_variance,False,0.005522146899180648,0.0,0.0,0.005522146899180648,0.0,1.0624034600759458,1.0607426528121697,-0.0031511811049336202
2021-07-01,base,Base Equity Minimum Variance,minimum_variance,True,0.0032922202389638984,0.15275980719040894,0.00015275980719040895,0.0031394604317734895,0.0,1.065901126249153,1.064072812398968,-2.161368155240151e-05
2021-07-02,base,Base Equity Minimum Variance,minimum_variance,False,0.004838406813804955,0.0,0.0,0.004838406813804955,0.0,1.071058389521239,1.0692212295448638,0.0
2021-07-06,base,Base Equity Minimum Variance,minimum_variance,False,-0.00189596302816066,0.0,0.0,-0.00189596302816066,0.0,1.0690277024137056,1.0671940256247223,-0.00189596302816053
2021-07-07,base,Base Equity Minimum Variance,minimum_variance,False,0.0027891264013492232,0.0,0.0,0.0027891264013492232,0.0,1.0720093558022814,1.0701705646569546,0.0
2021-07-08,base,Base Equity Minimum Variance,minimum_variance,False,-0.005229771920618492,0.0,0.0,-0.005229771920618492,0.0,1.0664029913746664,1.0645738166876393,-0.0052297719206184645
2021-07-09,base,Base Equity Minimum Variance,minimum_variance,False,0.007180004248087454,0.0,0.0,0.007180004248087454,0.0,1.0740597693829097,1.072217461213859,0.0
2021-07-12,base,Base Equity Minimum Variance,minimum_variance,False,0.0029456448895426816,0.0,0.0,0.0029456448895426816,0.0,1.0772235680536557,1.075375833098962,0.0
2021-07-13,base,Base Equity Minimum Variance,minimum_variance,False,-0.002696169949282673,0.0,0.0,-0.002696169949282673,0.0,1.0743191902408105,1.0724764370935758,-0.0026961699492826785
2021-07-14,base,Base Equity Minimum Variance,minimum_variance,False,0.0043669753703838,0.0,0.0,0.0043669753703838,0.0,1.0790107156845228,1.0771599152796805,0.0
2021-07-15,base,Base Equity Minimum Variance,minimum_variance,False,0.0014555423694583142,0.0,0.0,0.0014555423694583142,0.0,1.080581261498301,1.0787277671750521,0.0
2021-07-16,base,Base Equity Minimum Variance,minimum_variance,False,-0.0015107249829597721,0.0,0.0,-0.0015107249829597721,0.0,1.0789488003904373,1.0770981061873683,-0.001510724982959788
2021-07-19,base,Base Equity Minimum Variance,minimum_variance,False,-0.013684271029591496,0.0,0.0,-0.013684271029591496,0.0,1.064184172578842,1.0623588037768408,-0.015174322842433252
2021-07-20,base,Base Equity Minimum Variance,minimum_variance,False,0.006537474329970112,0.0,0.0,0.006537474329970112,0.0,1.0711412492894368,1.0693039471857497,-0.00873605025852009
2021-07-21,base,Base Equity Minimum Variance,minimum_variance,False,-0.0019350663470928025,0.0,0.0,-0.0019350663470928025,0.0,1.0690685199049539,1.067234773102737,-0.010654211768751254
2021-07-22,base,Base Equity Minimum Variance,minimum_variance,False,-0.0007341071285156849,0.0,0.0,-0.0007341071285156849,0.0,1.06828370908362,1.0664513084480023,-0.011380497564458913
2021-07-23,base,Base Equity Minimum Variance,minimum_variance,False,0.010250601953272816,0.0,0.0,0.010250601953272816,0.0,1.079234260158602,1.0773830763134498,-0.0012465525617495476
2021-07-26,base,Base Equity Minimum Variance,minimum_variance,False,0.0014182330382408398,0.0,0.0,0.0014182330382408398,0.0,1.0807648658423603,1.078911056587119,0.0
2021-07-27,base,Base Equity Minimum Variance,minimum_variance,False,0.0014346215436869937,0.0,0.0,0.0014346215436869937,0.0,1.0823153544025577,1.0804588856326207,0.0
2021-07-28,base,Base Equity Minimum Variance,minimum_variance,False,-0.0008902707865101966,0.0,0.0,-0.0008902707865101966,0.0,1.0813518006607417,1.0794969846507168,-0.0008902707865100501
2021-07-29,base,Base Equity Minimum Variance,minimum_variance,False,-0.0005843639485364443,0.0,0.0,-0.0005843639485364443,0.0,1.0807198976527506,1.078866165530333,-0.0014741144928944738
2021-07-30,base,Base Equity Minimum Variance,minimum_variance,False,-0.0038501163376271326,0.0,0.0,-0.0038501163376271326,0.0,1.076559000318399,1.0747124052803116,-0.00531855531822889
2021-08-02,base,Base Equity Minimum Variance,minimum_variance,True,-0.0012259332420490301,0.0675309465543587,6.753094655435871e-05,-0.0012934641886033888,0.0,1.0752392108528814,1.0733223032710337,-0.006605140145993116
2021-08-03,base,Base Equity Minimum Variance,minimum_variance,False,0.001440876435823863,0.0,0.0,0.001440876435823863,0.0,1.076788497694673,1.0748688280858611,-0.005173780900960878
2021-08-04,base,Base Equity Minimum Variance,minimum_variance,False,-0.007690187946300964,0.0,0.0,-0.007690187946300964,0.0,1.068507791768986,1.0666028847802607,-0.012824181499740517
2021-08-05,base,Base Equity Minimum Variance,minimum_variance,False,0.004737079166210462,0.0,0.0,0.004737079166210462,0.0,1.0735693977683085,1.0716554670843732,-0.008147851496536185
2021-08-06,base,Base Equity Minimum Variance,minimum_variance,False,-0.001187662743019106,0.0,0.0,-0.001187662743019106,0.0,1.0722943593925336,1.0703827018127643,-0.009325837339897225
2021-08-09,base,Base Equity Minimum Variance,minimum_variance,False,0.0009753477374403968,0.0,0.0,0.0009753477374403968,0.0,1.0733402192698371,1.0714266971591726,-0.008359585536806158
2021-08-10,base,Base Equity Minimum Variance,minimum_variance,False,0.004847174387572072,0.0,0.0,0.004847174387572072,0.0,1.0785428864898328,1.0766200892038034,-0.0035529315181388466
2021-08-11,base,Base Equity Minimum Variance,minimum_variance,False,0.004630222544261148,0.0,0.0,0.004630222544261148,0.0,1.0835367800778104,1.0816050798124393,0.0
2021-08-12,base,Base Equity Minimum Variance,minimum_variance,False,0.003172051963378272,0.0,0.0,0.003172051963378272,0.0,1.0869738150484487,1.0850359873294582,0.0
2021-08-13,base,Base Equity Minimum Variance,minimum_variance,False,0.0033370394185650077,0.0,0.0,0.0033370394185650077,0.0,1.0906010895162133,1.0886567951897381,0.0
2021-08-16,base,Base Equity Minimum Variance,minimum_variance,False,0.006848500037722477,0.0,0.0,0.006848500037722477,0.0,1.0980700711189053,1.0961124612926618,0.0
2021-08-17,base,Base Equity Minimum Variance,minimum_variance,False,0.0023300665828920077,0.0,0.0,0.0023300665828920077,0.0,1.1006286474972933,1.0986664763098113,0.0
2021-08-18,base,Base Equity Minimum Variance,minimum_variance,False,-0.011039008223748023,0.0,0.0,-0.011039008223748023,0.0,1.088478798806278,1.086538288042671,-0.011039008223748037
2021-08-19,base,Base Equity Minimum Variance,minimum_variance,False,0.0014832693130076673,0.0,0.0,0.0014832693130076673,0.0,1.0900933060064069,1.0881499169427324,-0.00957211273288483
2021-08-20,base,Base Equity Minimum Variance,minimum_variance,False,0.00437044975887547,0.0,0.0,0.00437044975887547,0.0,1.0948575040327944,1.0929056214848551,-0.005243497411794751
2021-08-23,base,Base Equity Minimum Variance,minimum_variance,False,-0.0009250603903122095,0.0,0.0,-0.0009250603903122095,0.0,1.0938446947227776,1.0918946177840698,-0.006163707250344763
2021-08-24,base,Base Equity Minimum Variance,minimum_variance,False,-0.004564727624383269,0.0,0.0,-0.004564727624383269,0.0,1.0888515916279913,1.0869104162593555,-0.010700299229973731
2021-08-25,base,Base Equity Minimum Variance,minimum_variance,False,-0.0030527636523805866,0.0,0.0,-0.0030527636523805866,0.0,1.0855275850662325,1.083592335647205,-0.013720397397795514
2021-08-26,base,Base Equity Minimum Variance,minimum_variance,False,-0.005024570856855184,0.0,0.0,-0.005024570856855184,0.0,1.0800732747979964,1.0781477491768006,-0.01867602914574107
2021-08-27,base,Base Equity Minimum Variance,minimum_variance,False,0.001783536866626865,0.0,0.0,0.001783536866626865,0.0,1.081999625302257,1.0800706654351282,-0.016925801665617857
2021-08-30,base,Base Equity Minimum Variance,minimum_variance,False,0.003855832166528618,0.0,0.0,0.003855832166528618,0.0,1.0861716342616692,1.0842352366490369,-0.01313523254959581
2021-08-31,base,Base Equity Minimum Variance,minimum_variance,False,0.0034488067524675375,0.0,0.0,0.0034488067524675375,0.0,1.0899176303282496,1.0879745544544555,-0.009731726675840435
2021-09-01,base,Base Equity Minimum Variance,minimum_variance,True,0.00031882319715527234,0.05228604392871519,5.228604392871519e-05,0.00026653715322655716,0.0,1.0902651213517869,1.0882645400949829,-0.009467783389337847
2021-09-02,base,Base Equity Minimum Variance,minimum_variance,False,0.00511301650022856,0.0,0.0,0.00511301650022856,0.0,1.0958396649068824,1.0938288546451023,-0.004403175821799499
2021-09-03,base,Base Equity Minimum Variance,minimum_variance,False,-0.0016194602312553656,0.0,0.0,-0.0016194602312553656,0.0,1.0940649961497335,1.092057442315205,-0.006015505284920231
2021-09-07,base,Base Equity Minimum Variance,minimum_variance,False,-0.014701722662602806,0.0,0.0,-0.014701722662602806,0.0,1.0779803560014785,1.0760023166666555,-0.02062878965714865
2021-09-08,base,Base Equity Minimum Variance,minimum_variance,False,0.004952974202594623,0.0,0.0,0.004952974202594623,0.0,1.0833195648956575,1.0813317283830375,-0.015777989317556695
2021-09-09,base,Base Equity Minimum Variance,minimum_variance,False,-0.011077713530316675,0.0,0.0,-0.011077713530316675,0.0,1.0713188610939561,1.069353045264768,-0.026680918802129083
2021-09-10,base,Base Equity Minimum Variance,minimum_variance,False,-0.007362908924573987,0.0,0.0,-0.007362908924573987,0.0,1.063430837890543,1.0614794961842675,-0.033847378551539076
2021-09-13,base,Base Equity Minimum Variance,minimum_variance,False,-0.0005782266328102066,0.0,0.0,-0.0005782266328102066,0.0,1.062815933857923,1.0608657204693919,-0.034406033728619945
2021-09-14,base,Base Equity Minimum Variance,minimum_variance,False,-0.0058353063634948,0.0,0.0,-0.0058353063634948,0.0,1.0566140772758583,1.0546752439799234,-0.04004057034455544
2021-09-15,base,Base Equity Minimum Variance,minimum_variance,False,0.0026855301493905305,0.0,0.0,0.0026855301493905305,0.0,1.059451646236653,1.0575076061454471,-0.03746257035402423
2021-09-16,base,Base Equity Minimum Variance,minimum_variance,False,-0.005068505110331992,0.0,0.0,-0.005068505110331992,0.0,1.054081810153553,1.052147623439484,-0.0423411962350706
2021-09-17,base,Base Equity Minimum Variance,minimum_variance,False,-0.008294530723742064,0.0,0.0,-0.008294530723742064,0.0,1.0453386961938966,1.043420552650953,-0.05028452660576088
2021-09-20,base,Base Equity Minimum Variance,minimum_variance,False,-0.009903922077425228,0.0,0.0,-0.009903922077425228,0.0,1.034985743202275,1.0330865968035141,-0.05969043464998236
2021-09-21,base,Base Equity Minimum Variance,minimum_variance,False,-0.004084118838434207,0.0,0.0,-0.004084118838434207,0.0,1.0307587384309518,1.028867348371775,-0.0635307706597883
2021-09-22,base,Base Equity Minimum Variance,minimum_variance,False,0.0006253826779145654,0.0,0.0,0.0006253826779145654,0.0,1.0314033570910757,1.0295107841893185,-0.06294511902535893
2021-09-23,base,Base Equity Minimum Variance,minimum_variance,False,0.0032268087403073825,0.0,0.0,0.0032268087403073825,0.0,1.0347314984585194,1.0328328185859812,-0.0599214221452824
2021-09-24,base,Base Equity Minimum Variance,minimum_variance,False,-0.0034166227152652323,0.0,0.0,-0.0034166227152652323,0.0,1.0311962113166857,1.0293040185169289,-0.06313331596851512
2021-09-27,base,Base Equity Minimum Variance,minimum_variance,False,-0.0036637086591454625,0.0,0.0,-0.0036637086591454625,0.0,1.0274182088280068,1.025532948471395,-0.06656572255126625
2021-09-28,base,Base Equity Minimum Variance,minimum_variance,False,-0.006099137107690156,0.0,0.0,-0.006099137107690156,0.0,1.0211518443054273,1.0192780824102143,-0.07225886619044375
2021-09-29,base,Base Equity Minimum Variance,minimum_variance,False,0.008304906778189139,0.0,0.0,0.008304906778189139,0.0,1.0296324151787597,1.0277430918656825,-0.06455406255986396
2021-09-30,base,Base Equity Minimum Variance,minimum_variance,False,-0.009933501586971646,0.0,0.0,-0.009933501586971646,0.0,1.0194045599485841,1.0175340042316356,-0.07384631626395166
2021-10-01,base,Base Equity Minimum Variance,minimum_variance,True,0.010652620999475173,0.15704538456016698,0.000157045384560167,0.010495575614915006,0.0,1.0302638903708532,1.028213609313796,-0.06412580024526793
2021-10-04,base,Base Equity Minimum Variance,minimum_variance,False,0.00136640788666867,0.0,0.0,0.00136640788666867,0.0,1.0316716510760058,1.0296185684987422,-0.0628470143577935
2021-10-05,base,Base Equity Minimum Variance,minimum_variance,False,0.0017588898630183118,0.0,0.0,0.0017588898630183118,0.0,1.0334862478850468,1.03142955416165,-0.06119866547125008
2021-10-06,base,Base Equity Minimum Variance,minimum_variance,False,0.0033871764717519704,0.0,0.0,0.0033871764717519704,0.0,1.0369868481877622,1.034923188079776,-0.058018779679284926
2021-10-07,base,Base Equity Minimum Variance,minimum_variance,False,0.007514985742998984,0.0,0.0,0.007514985742998984,0.0,1.0447797895675708,1.0427006210832945,-0.05093980423840205
2021-10-08,base,Base Equity Minimum Variance,minimum_variance,False,-0.004226777172890768,0.0,0.0,-0.004226777172890768,0.0,1.040363738202329,1.0382933578999407,-0.05495127020954638
2021-10-11,base,Base Equity Minimum Variance,minimum_variance,False,-0.008068491052278474,0.0,0.0,-0.008068491052278474,0.0,1.0319695726895286,1.0299158972320848,-0.06257638742982785
2021-10-12,base,Base Equity Minimum Variance,minimum_variance,False,5.506426916065607e-05,0.0,0.0,5.506426916065607e-05,0.0,1.0320263973398447,1.0299726087982628,-0.06252476888370773
2021-10-13,base,Base Equity Minimum Variance,minimum_variance,False,0.0018496872106575897,0.0,0.0,0.0018496872106575897,0.0,1.033935323368065,1.0318777359600844,-0.06079073293840387
2021-10-14,base,Base Equity Minimum Variance,minimum_variance,False,0.009623521820214177,0.0,0.0,0.009623521820214177,0.0,1.0438854225131877,1.0418080338678894,-0.05175223206308921
2021-10-15,base,Base Equity Minimum Variance,minimum_variance,False,-0.0010519203611994044,0.0,0.0,-0.0010519203611994044,0.0,1.0427873381824868,1.0407121347846027,-0.05274971319764399
2021-10-18,base,Base Equity Minimum Variance,minimum_variance,False,-0.001358968470786479,0.0,0.0,-0.001358968470786479,0.0,1.0413702230681614,1.0392978398062656,-0.05403699647135174
2021-10-19,base,Base Equity Minimum Variance,minimum_variance,False,0.012122560656604444,0.0,0.0,0.012122560656604444,0.0,1.053994296763287,1.0518967909095949,-0.04256950258217207
2021-10-20,base,Base Equity Minimum Variance,minimum_variance,False,0.009507363717583268,0.0,0.0,0.009507363717583268,0.0,1.064015003898874,1.061897556294131,-0.03346686260891407
2021-10-21,base,Base Equity Minimum Variance,minimum_variance,False,0.00601417943344526,0.0,0.0,0.00601417943344526,0.0,1.0704141810521997,1.068283998737621,-0.0276539588922734
2021-10-22,base,Base Equity Minimum Variance,minimum_variance,False,0.0034786638713738003,0.0,0.0,0.0034786638713738003,0.0,1.074137792191232,1.072000199688396,-0.024271493848598724
2021-10-25,base,Base Equity Minimum Variance,minimum_variance,False,0.0037523924504066944,0.0,0.0,0.0037523924504066944,0.0,1.078168378733347,1.076022765144541,-0.020610177568469723
2021-10-26,base,Base Equity Minimum Variance,minimum_variance,False,0.0007397558727387775,0.0,0.0,0.0007397558727387775,0.0,1.0789659601233161,1.0768187593042573,-0.01988566819562554
2021-10-27,base,Base Equity Minimum Variance,minimum_variance,False,-0.010649414832089227,0.0,0.0,-0.010649414832089227,0.0,1.0674756040242595,1.0653512696374505,-0.030323312297886318
2021-10-28,base,Base Equity Minimum Variance,minimum_variance,False,0.01559644362403341,0.0,0.0,0.01559644362403341,0.0,1.0841244271024548,1.0819669606541436,-0.015199804504600789
2021-10-29,base,Base Equity Minimum Variance,minimum_variance,False,-0.0018606960370917429,0.0,0.0,-0.0018606960370917429,0.0,1.082107201077231,1.0799537490181903,-0.017032218325686133
2021-11-01,base,Base Equity Minimum Variance,minimum_variance,True,0.0053355812469223236,0.14736423507044455,0.00014736423507044456,0.005188217011851879,0.0,1.087880871966458,1.0855567834308597,-0.011932368158701134
2021-11-02,base,Base Equity Minimum Variance,minimum_variance,False,0.004782858617075193,0.0,0.0,0.004782858617075193,0.0,1.0930840523692942,1.0907488480468166,-0.0072065803714957966
2021-11-03,base,Base Equity Minimum Variance,minimum_variance,False,0.0002387391955104316,0.0,0.0,0.0002387391955104316,0.0,1.0933450143765822,1.0910092525493034,-0.006969561669185498
2021-11-04,base,Base Equity Minimum Variance,minimum_variance,False,0.0006611006279422225,0.0,0.0,0.0006611006279422225,0.0,1.094067825452144,1.0917305194512545,-0.006313068622839202
2021-11-05,base,Base Equity Minimum Variance,minimum_variance,False,-0.012431043020810616,0.0,0.0,-0.012431043020810616,0.0,1.0804674212462637,1.078159170396824,-0.018665633616005928
2021-11-08,base,Base Equity Minimum Variance,minimum_variance,False,0.001978056387608544,0.0,0.0,0.001978056387608544,0.0,1.0826046467304629,1.0802918300306863,-0.016724498904200247
2021-11-09,base,Base Equity Minimum Variance,minimum_variance,False,0.0005813303362787867,0.0,0.0,0.0005813303362787867,0.0,1.0832339976538037,1.080919836443517,-0.016152891026493754
2021-11-10,base,Base Equity Minimum Variance,minimum_variance,False,0.0003016454447133561,0.0,0.0,0.0003016454447133561,0.0,1.0835607502547546,1.0812458909882805,-0.015856118027777533
2021-11-11,base,Base Equity Minimum Variance,minimum_variance,False,0.0025321575318923966,0.0,0.0,0.0025321575318923966,0.0,1.0863044967697753,1.0839837759149742,-0.01336411068457577
2021-11-12,base,Base Equity Minimum Variance,minimum_variance,False,0.0024858143653096704,0.0,0.0,0.0024858143653096704,0.0,1.0890048480929462,1.0866783583569062,-0.010911517017585415
2021-11-15,base,Base Equity Minimum Variance,minimum_variance,False,-0.0025618664119565794,0.0,0.0,-0.0025618664119565794,0.0,1.086214963150159,1.0838944335700316,-0.01344542958059114
2021-11-16,base,Base Equity Minimum Variance,minimum_variance,False,-0.0045533254888498,0.0,0.0,-0.0045533254888498,0.0,1.0812690728720773,1.0789591094184348,-0.01793753365222306
2021-11-17,base,Base Equity Minimum Variance,minimum_variance,False,-0.0029243355535253507,0.0,0.0,-0.0029243355535253507,0.0,1.0781070792793501,1.0758038709339623,-0.02080941383834667
2021-11-18,base,Base Equity Minimum Variance,minimum_variance,False,-0.001904086734029705,0.0,0.0,-0.001904086734029705,0.0,1.0760542698918307,1.0737554470548991,-0.022673877643543894
2021-11-19,base,Base Equity Minimum Variance,minimum_variance,False,-0.00762053766618316,0.0,0.0,-0.00762053766618316,0.0,1.0678541577972627,1.065572853226348,-0.030121628171105974
2021-11-22,base,Base Equity Minimum Variance,minimum_variance,False,0.0033082798123818605,0.0,0.0,0.0033082798123818605,0.0,1.0713869181500713,1.0690980663852987,-0.02691299913311873
2021-11-23,base,Base Equity Minimum Variance,minimum_variance,False,0.006413005551554323,0.0,0.0,0.006413005551554323,0.0,1.0782577284040304,1.0759541982201837,-0.020672586794414083
2021-11-24,base,Base Equity Minimum Variance,minimum_variance,False,-0.0004501531503299194,0.0,0.0,-0.0004501531503299194,0.0,1.0777723472907217,1.0754698540482441,-0.021113434114673035
2021-11-26,base,Base Equity Minimum Variance,minimum_variance,False,-0.014807284701907224,0.0,0.0,-0.014807284701907224,0.0,1.061813465300545,1.0595450657310332,-0.03560808618660927
2021-11-29,base,Base Equity Minimum Variance,minimum_variance,False,0.000549950576932943,0.0,0.0,0.000549950576932943,0.0,1.0623974102283822,1.0601277631512185,-0.03507771829721806
2021-11-30,base,Base Equity Minimum Variance,minimum_variance,False,-0.021808155485339487,0.0,0.0,-0.021808155485339487,0.0,1.0392284823188995,1.0370083320580914,-0.05612089344786109
2021-12-01,base,Base Equity Minimum Variance,minimum_variance,True,-0.0116879967203652,0.1843576130951549,0.0001843576130951549,-0.011872354333460355,0.0,1.027081983225846,1.0246966016931471,-0.06732696064879795
2021-12-02,base,Base Equity Minimum Variance,minimum_variance,False,0.01422502434550588,0.0,0.0,0.01422502434550588,0.0,1.0416922494420642,1.0392729357989894,-0.054059663957630066
2021-12-03,base,Base Equity Minimum Variance,minimum_variance,False,0.008999300130570412,0.0,0.0,0.008999300130570412,0.0,1.0510667506384823,1.0486256648658234,-0.04554686296797217
2021-12-06,base,Base Equity Minimum Variance,minimum_variance,False,0.010427024850947639,0.0,0.0,0.010427024850947639,0.0,1.0620262497673947,1.059559710732721,-0.03559475638907417
2021-12-07,base,Base Equity Minimum Variance,minimum_variance,False,0.003173177943140816,0.0,0.0,0.003173177943140816,0.0,1.065396248038193,1.0629218822362587,-0.0325345269417987
2021-12-08,base,Base Equity Minimum Variance,minimum_variance,False,0.0007950969379389962,0.0,0.0,0.0007950969379389962,0.0,1.0662433413327,1.063767008170093,-0.03176529810660855
2021-12-09,base,Base Equity Minimum Variance,minimum_variance,False,-0.003320677686080421,0.0,0.0,-0.003320677686080421,0.0,1.0627026908612045,1.060234580802874,-0.03498049347607479
2021-12-10,base,Base Equity Minimum Variance,minimum_variance,False,0.007419995460767213,0.0,0.0,0.007419995460767213,0.0,1.0705879400035399,1.0681015165797796,-0.027820053118115418
2021-12-13,base,Base Equity Minimum Variance,minimum_variance,False,0.005087251733578555,0.0,0.0,0.005087251733578555,0.0,1.076034290357271,1.073535217871638,-0.022874328997990245
2021-12-14,base,Base Equity Minimum Variance,minimum_variance,False,-0.0007741668015923112,0.0,0.0,-0.0007741668015923112,0.0,1.0752012603323016,1.0727041225456215,-0.02363078725346368
2021-12-15,base,Base Equity Minimum Variance,minimum_variance,False,0.012467149146059908,0.0,0.0,0.012467149146059908,0.0,1.088605954806896,1.0860776848309912,-0.011458246656531501
2021-12-16,base,Base Equity Minimum Variance,minimum_variance,False,0.010616321218396433,0.0,0.0,0.010616321218396433,0.0,1.1001629453033852,1.0976078344012894,-0.0009635698652402658
2021-12-17,base,Base Equity Minimum Variance,minimum_variance,False,-0.0119813900574386,0.0,0.0,-0.0119813900574386,0.0,1.0869814639289648,1.084456966807227,-0.012933415016275873
2021-12-20,base,Base Equity Minimum Variance,minimum_variance,False,0.0016968316642376599,0.0,0.0,0.0016968316642376599,0.0,1.0888258884953987,1.0862971077270087,-0.011258529180164567
2021-12-21,base,Base Equity Minimum Variance,minimum_variance,False,0.0036265869673237,0.0,0.0,0.0036265869673237,0.0,1.0927746102723008,1.090236658660533,-0.007672772248036752
2021-12-22,base,Base Equity Minimum Variance,minimum_variance,False,0.006392370802196396,0.0,0.0,0.006392370802196396,0.0,1.099760030784387,1.0972058556448387,-0.0013294486511306047
2021-12-23,base,Base Equity Minimum Variance,minimum_variance,False,0.0019138014441167665,0.0,0.0,0.0019138014441167665,0.0,1.101864753119484,1.099305689795865,0.0
2021-12-27,base,Base Equity Minimum Variance,minimum_variance,False,0.01053409576253754,0.0,0.0,0.01053409576253754,0.0,1.1134719019462094,1.110885881204477,0.0
2021-12-28,base,Base Equity Minimum Variance,minimum_variance,False,0.004300293935273745,0.0,0.0,0.004300293935273745,0.0,1.1182601584132463,1.1156630170222017,0.0
2021-12-29,base,Base Equity Minimum Variance,minimum_variance,False,0.0011792716558734055,0.0,0.0,0.0011792716558734055,0.0,1.1195788909219555,1.1169786867956821,0.0
2021-12-30,base,Base Equity Minimum Variance,minimum_variance,False,0.0006864743781789494,0.0,0.0,0.0006864743781789494,0.0,1.1203474531449233,1.1177454640451394,0.0
2021-12-31,base,Base Equity Minimum Variance,minimum_variance,False,-0.001369565921251843,0.0,0.0,-0.001369565921251843,0.0,1.1188130634531348,1.1162146379489495,-0.001369565921251703
2022-01-03,base,Base Equity Minimum Variance,minimum_variance,True,0.0023324073527264456,0.12601406773727664,0.00012601406773727665,0.002206393284989169,0.0,1.1214225912686593,1.1186774464307268,0.0
2022-01-04,base,Base Equity Minimum Variance,minimum_variance,False,-2.8664789216113328e-05,0.0,0.0,-2.8664789216113328e-05,0.0,1.1213904459264583,1.118645379777524,-2.8664789216148456e-05
2022-01-05,base,Base Equity Minimum Variance,minimum_variance,False,-0.002085434290571289,0.0,0.0,-0.002085434290571289,0.0,1.1190518598374042,1.1163125183435467,-0.00211403930125309
2022-01-06,base,Base Equity Minimum Variance,minimum_variance,False,-0.004230646508759145,0.0,0.0,-0.004230646508759145,0.0,1.1143175469934625,1.1115897946851325,-0.0063357420570230305
2022-01-07,base,Base Equity Minimum Variance,minimum_variance,False,0.00501657318420692,0.0,0.0,0.00501657318420692,0.0,1.1199076025184012,1.117166166240988,-0.0013509525865214034
2022-01-10,base,Base Equity Minimum Variance,minimum_variance,False,-0.0009610761166426203,0.0,0.0,-0.0009610761166426203,0.0,1.1188312860687741,1.1160924845202926,-0.00231073033489837
2022-01-11,base,Base Equity Minimum Variance,minimum_variance,False,0.003352132420667448,0.0,0.0,0.003352132420667448,0.0,1.1225817566960623,1.1198337743221163,0.0
2022-01-12,base,Base Equity Minimum Variance,minimum_variance,False,0.0008793890821170556,0.0,0.0,0.0008793890821170556,0.0,1.1235689428366846,1.120818543917041,0.0
2022-01-13,base,Base Equity Minimum Variance,minimum_variance,False,-0.0020160626827540815,0.0,0.0,-0.0020160626827540815,0.0,1.1213037574195301,1.118558903476511,-0.002016062682754116
2022-01-14,base,Base Equity Minimum Variance,minimum_variance,False,-0.0021785018558078155,0.0,0.0,-0.0021785018558078155,0.0,1.1188609951030675,1.1161221208294572,-0.004190172542266168
2022-01-18,base,Base Equity Minimum Variance,minimum_variance,False,-0.009038426278223675,0.0,0.0,-0.009038426278223675,0.0,1.1087482524832484,1.1060341333228454,-0.013190726254873608
2022-01-19,base,Base Equity Minimum Variance,minimum_variance,False,-0.0004804290546643531,0.0,0.0,-0.0004804290546643531,0.0,1.108215577608447,1.1055027623897467,-0.013664818101392862
2022-01-20,base,Base Equity Minimum Variance,minimum_variance,False,-0.010575186932651193,0.0,0.0,-0.010575186932651193,0.0,1.0964959907135616,1.0938118640229129,-0.024095497028221113
2022-01-21,base,Base Equity Minimum Variance,minimum_variance,False,-0.004607602344063226,0.0,0.0,-0.004607602344063226,0.0,1.0914437732164939,1.0887720139142767,-0.028592076903695807
2022-01-24,base,Base Equity Minimum Variance,minimum_variance,False,-0.005189464976294235,0.0,0.0,-0.005189464976294235,0.0,1.0857797639817925,1.0831218696808993,-0.03363316429829866
2022-01-25,base,Base Equity Minimum Variance,minimum_variance,False,-0.0044163512768730555,0.0,0.0,-0.0044163512768730555,0.0,1.0809845791347288,1.078338423028725,-0.03790097970707762
2022-01-26,base,Base Equity Minimum Variance,minimum_variance,False,-0.016587924200088724,0.0,0.0,-0.016587924200088724,0.0,1.0630532888745772,1.0604510270054812,-0.0538602053286763
2022-01-27,base,Base Equity Minimum Variance,minimum_variance,False,0.0009125953768459923,0.0,0.0,0.0009125953768459923,0.0,1.064023426391345,1.0614187897100982,-0.05299676252620911
2022-01-28,base,Base Equity Minimum Variance,minimum_variance,False,0.015244657964355968,0.0,0.0,0.015244657964355968,0.0,1.0802440995927431,1.0775997561161692,-0.038560022079783485
2022-01-31,base,Base Equity Minimum Variance,minimum_variance,False,0.010209262332750844,0.0,0.0,0.010209262332750844,0.0,1.0912725949888915,1.0886012547160675,-0.02874442912800179
2022-02-01,base,Base Equity Minimum Variance,minimum_variance,True,-0.00253450370609552,0.27915434857821014,0.0002791543485782101,-0.00281365805467373,0.0,1.0885067605525316,1.0855383030274077,-0.03147721018813254
2022-02-02,base,Base Equity Minimum Variance,minimum_variance,False,0.011171527802471774,0.0,0.0,0.011171527802471774,0.0,1.1006670440912227,1.0976654243603263,-0.02065733091442179
2022-02-03,base,Base Equity Minimum Variance,minimum_variance,False,-0.0059492097375227395,0.0,0.0,-0.0059492097375227395,0.0,1.0941189449947448,1.0911351825291797,-0.02648364585771734
2022-02-04,base,Base Equity Minimum Variance,minimum_variance,False,-0.0036772541684467297,0.0,0.0,-0.0036772541684467297,0.0,1.0900955915434862,1.0871228011308853,-0.030063512929038194
2022-02-07,base,Base Equity Minimum Variance,minimum_variance,False,-0.0008173068001584627,0.0,0.0,-0.0008173068001584627,0.0,1.089204649003695,1.0862342882729137,-0.030856248615643178
2022-02-08,base,Base Equity Minimum Variance,minimum_variance,False,-0.0012986645573710449,0.0,0.0,-0.0012986645573710449,0.0,1.0877901375303103,1.0848236343017326,-0.03211484125656361
2022-02-09,base,Base Equity Minimum Variance,minimum_variance,False,0.006468996791121382,0.0,0.0,0.006468996791121382,0.0,1.0948270484394074,1.0918413549109631,-0.025853595270478258
2022-02-10,base,Base Equity Minimum Variance,minimum_variance,False,-0.017143337017364455,0.0,0.0,-0.017143337017364455,0.0,1.0760580593722842,1.0731235505942287,-0.04255371539101027
2022-02-11,base,Base Equity Minimum Variance,minimum_variance,False,-0.0030510628526885654,0.0,0.0,-0.0030510628526885654,0.0,1.0727749385999972,1.0698493831926654,-0.04547494418342546
2022-02-14,base,Base Equity Minimum Variance,minimum_variance,False,-0.007848134694876658,0.0,0.0,-0.007848134694876658,0.0,1.0643556563845764,1.0614530611301387,-0.05296618539110853
2022-02-15,base,Base Equity Minimum Variance,minimum_variance,False,0.002314802488417921,0.0,0.0,0.002314802488417921,0.0,1.066819429506537,1.0639101153173816,-0.05077398916043596
2022-02-16,base,Base Equity Minimum Variance,minimum_variance,False,-0.0017823812254555906,0.0,0.0,-0.0017823812254555906,0.0,1.0649179505844333,1.0620138219022675,-0.05246587178087059
2022-02-17,base,Base Equity Minimum Variance,minimum_variance,False,-0.006722623501209798,0.0,0.0,-0.006722623501209798,0.0,1.0577589081429741,1.0548743028245378,-0.05883578697943481
2022-02-18,base,Base Equity Minimum Variance,minimum_variance,False,-0.005432998926004793,0.0,0.0,-0.005432998926004793,0.0,1.0520121051310614,1.049143171870222,-0.06394913113796963
2022-02-22,base,Base Equity Minimum Variance,minimum_variance,False,-0.004137572915478,0.0,0.0,-0.004137572915478,0.0,1.0476593283381161,1.044802265497833,-0.06782210986048287
2022-02-23,base,Base Equity Minimum Variance,minimum_variance,False,-0.0026586663485452526,0.0,0.0,-0.0026586663485452526,0.0,1.044873951737124,1.0420244848736702,-0.07030045984785471
2022-02-24,base,Base Equity Minimum Variance,minimum_variance,False,-0.0011741956335413687,0.0,0.0,-0.0011741956335413687,0.0,1.043647065305393,1.0408009442734882,-0.07139210898840676
2022-02-25,base,Base Equity Minimum Variance,minimum_variance,False,0.026188743138725414,0.0,0.0,0.026188743138725414,0.0,1.0709788702261605,1.0680582128616094,-0.04707303545411079
2022-02-28,base,Base Equity Minimum Variance,minimum_variance,False,-0.004787876775451652,0.0,0.0,-0.004787876775451652,0.0,1.0658511553664052,1.062944481749419,-0.051635532336361645
2022-03-01,base,Base Equity Minimum Variance,minimum_variance,True,-0.002199318463666236,0.24476435320515344,0.00024476435320515346,-0.0024440828168713893,0.0,1.0635070092408878,1.060346557406287,-0.053953413635909664
2022-03-02,base,Base Equity Minimum Variance,minimum_variance,False,0.012454985377955741,0.0,0.0,0.012454985377955741,0.0,1.0767529734903365,1.0735531582743478,-0.04217041723588011
2022-03-03,base,Base Equity Minimum Variance,minimum_variance,False,0.008221199205024026,0.0,0.0,0.008221199205024026,0.0,1.0856051741800026,1.082379052645704,-0.03429590943151117
2022-03-04,base,Base Equity Minimum Variance,minimum_variance,False,0.007367260686268121,0.0,0.0,0.007367260686268121,0.0,1.0936031105005481,1.0903532212879008,-0.02718131565049764
2022-03-07,base,Base Equity Minimum Variance,minimum_variance,False,-0.006839061593854414,0.0,0.0,-0.006839061593854414,0.0,1.0861238914686042,1.0828962284484553,-0.03383448255241628
2022-03-08,base,Base Equity Minimum Variance,minimum_variance,False,-0.013162181565029005,0.0,0.0,-0.013162181565029005,0.0,1.0718281316069787,1.0686429516735316,-0.0465513285149316
2022-03-09,base,Base Equity Minimum Variance,minimum_variance,False,0.004268069359173845,0.0,0.0,0.004268069359173845,0.0,1.076402768413791,1.0732039939114666,-0.042481943454621085
2022-03-10,base,Base Equity Minimum Variance,minimum_variance,False,0.002569475682573162,0.0,0.0,0.002569475682573162,0.0,1.0791685591518845,1.0759615654762624,-0.040021624092703045
2022-03-11,base,Base Equity Minimum Variance,minimum_variance,False,-0.005447509347518352,0.0,0.0,-0.005447509347518352,0.0,1.0732897783383566,1.07010025479076,-0.04525111526887349
2022-03-14,base,Base Equity Minimum Variance,minimum_variance,False,-0.005721576973038885,0.0,0.0,-0.005721576973038885,0.0,1.0671488682572179,1.0639775938141063,-0.05071378450278563
2022-03-15,base,Base Equity Minimum Variance,minimum_variance,False,0.006861993835977824,0.0,0.0,0.006861993835977824,0.0,1.0744716372132694,1.071278601504477,-0.04419978834346516
2022-03-16,base,Base Equity Minimum Variance,minimum_variance,False,0.005194036171683585,0.0,0.0,0.005194036171683585,0.0,1.0800524817624033,1.076842861310642,-0.03923532747121816
2022-03-17,base,Base Equity Minimum Variance,minimum_variance,False,0.011008609628920732,0.0,0.0,0.011008609628920732,0.0,1.0919423579128726,1.088697404002501,-0.02865864424609088
2022-03-18,base,Base Equity Minimum Variance,minimum_variance,False,0.0027110107250416207,0.0,0.0,0.0027110107250416207,0.0,1.0949026253563017,1.0916488743410768,-0.026025327412965482
2022-03-21,base,Base Equity Minimum Variance,minimum_variance,False,0.0036075798393900736,0.0,0.0,0.0036075798393900736,0.0,1.0988525739936321,1.0955870848118425,-0.022511636020064008
2022-03-22,base,Base Equity Minimum Variance,minimum_variance,False,0.004137721082227947,0.0,0.0,0.004137721082227947,0.0,1.103399319455306,1.1001203185900852,-0.01846706180879165
2022-03-23,base,Base Equity Minimum Variance,minimum_variance,False,-0.008105091597008007,0.0,0.0,-0.008105091597008007,0.0,1.0944561669030444,1.0912037426401828,-0.026422476178311838
2022-03-24,base,Base Equity Minimum Variance,minimum_variance,False,0.006282875928590017,0.0,0.0,0.006282875928590017,0.0,1.1013324992089764,1.098059640368004,-0.02030560938927639
2022-03-25,base,Base Equity Minimum Variance,minimum_variance,False,0.009354372920227068,0.0,0.0,0.009354372920227068,0.0,1.1116347741157426,1.1083312997326566,-0.011141182711649211
2022-03-28,base,Base Equity Minimum Variance,minimum_variance,False,0.004915040678024264,0.0,0.0,0.004915040678024264,0.0,1.1170985042496278,1.1137787931555703,-0.006280901399853933
2022-03-29,base,Base Equity Minimum Variance,minimum_variance,False,0.011877947714099016,0.0,0.0,0.011877947714099016,0.0,1.1303673418746032,1.1270081994257446,0.0
2022-03-30,base,Base Equity Minimum Variance,minimum_variance,False,0.001469061352517322,0.0,0.0,0.001469061352517322,0.0,1.1320279208506987,1.128663843615491,0.0
2022-03-31,base,Base Equity Minimum Variance,minimum_variance,False,-0.008666185620597766,0.0,0.0,-0.008666185620597766,0.0,1.1222175567609072,1.1188826332434618,-0.008666185620597733
2022-04-01,base,Base Equity Minimum Variance,minimum_variance,True,0.009700838688891432,0.14332197951617645,0.00014332197951617647,0.009557516709375255,0.0,1.1331040082528867,1.129576372706516,0.0
2022-04-04,base,Base Equity Minimum Variance,minimum_variance,False,0.0019497881463620922,0.0,0.0,0.0019497881463620922,0.0,1.1353133210167736,1.1317788073284298,0.0
2022-04-05,base,Base Equity Minimum Variance,minimum_variance,False,-0.003779596935362508,0.0,0.0,-0.003779596935362508,0.0,1.1310222942679824,1.127501139616743,-0.0037795969353626724
2022-04-06,base,Base Equity Minimum Variance,minimum_variance,False,0.011234880053265749,0.0,0.0,0.011234880053265749,0.0,1.1437291940816527,1.1401684796802576,0.0
2022-04-07,base,Base Equity Minimum Variance,minimum_variance,False,0.003982184013891105,0.0,0.0,0.003982184013891105,0.0,1.1482837341945453,1.1447088403731829,0.0
2022-04-08,base,Base Equity Minimum Variance,minimum_variance,False,0.006650309235721336,0.0,0.0,0.006650309235721336,0.0,1.155920176117288,1.1523215081465286,0.0
2022-04-11,base,Base Equity Minimum Variance,minimum_variance,False,-0.01472593576190369,0.0,0.0,-0.01472593576190369,0.0,1.1388981698578964,1.1353524956405028,-0.01472593576190373
2022-04-12,base,Base Equity Minimum Variance,minimum_variance,False,0.0028517689923682767,0.0,0.0,0.0028517689923682767,0.0,1.1421460443441622,1.1385902586829784,-0.011916161736524766
2022-04-13,base,Base Equity Minimum Variance,minimum_variance,False,0.005318814059592672,0.0,0.0,0.005318814059592672,0.0,1.1482209067829283,1.1446462085589768,-0.006660727525512611
2022-04-14,base,Base Equity Minimum Variance,minimum_variance,False,0.002126323590365923,0.0,0.0,0.002126323590365923,0.0,1.1506623959839721,1.1470800967948587,-0.0045485667972131605
2022-04-18,base,Base Equity Minimum Variance,minimum_variance,False,-0.004608406077590636,0.0,0.0,-0.004608406077590636,0.0,1.1453596764050646,1.141793885905306,-0.009136011231931085
2022-04-19,base,Base Equity Minimum Variance,minimum_variance,False,0.007354693805478178,0.0,0.0,0.007354693805478178,0.0,1.1537834461221657,1.1501914303251068,-0.00184850999166708
2022-04-20,base,Base Equity Minimum Variance,minimum_variance,False,0.0026686729297167957,0.0,0.0,0.0026686729297167957,0.0,1.1568625167715871,1.1532609150592077,0.0
2022-04-21,base,Base Equity Minimum Variance,minimum_variance,False,-0.01055070987987207,0.0,0.0,-0.01055070987987207,0.0,1.1446567959862315,1.1410931937286222,-0.010550709879872056
2022-04-22,base,Base Equity Minimum Variance,minimum_variance,False,-0.016128238047755396,0.0,0.0,-0.016128238047755396,0.0,1.1261954986975846,1.1226893710654935,-0.02650878356711206
2022-04-25,base,Base Equity Minimum Variance,minimum_variance,False,-0.0015310117534851264,0.0,0.0,-0.0015310117534851264,0.0,1.1244712801523566,1.1209705204428795,-0.027999210061385282
2022-04-26,base,Base Equity Minimum Variance,minimum_variance,False,-0.014596384462170056,0.0,0.0,-0.014596384462170056,0.0,1.1080580650305842,1.1046084037557364,-0.04218690728886232
2022-04-27,base,Base Equity Minimum Variance,minimum_variance,False,-0.0019714660429879577,0.0,0.0,-0.0019714660429879577,0.0,1.1058735661817176,1.102430705796933,-0.04407520327667147
2022-04-28,base,Base Equity Minimum Variance,minimum_variance,False,0.015938774290567878,0.0,0.0,0.015938774290567878,0.0,1.1234998353469934,1.1200020999876217,-0.02883893370294144
2022-04-29,base,Base Equity Minimum Variance,minimum_variance,False,-0.031142900742936325,0.0,0.0,-0.031142900742936325,0.0,1.0885107914900767,1.085121985755827,-0.059083706396034885
2022-05-02,base,Base Equity Minimum Variance,minimum_variance,True,-1.1709998968753577e-06,0.22167364537306353,0.00022167364537306353,-0.0002228446452699389,0.0,1.0885095168440522,1.0848801721318366,-0.05929338455371169
2022-05-03,base,Base Equity Minimum Variance,minimum_variance,False,0.002911824373230625,0.0,0.0,0.002911824373230625,0.0,1.0916790653856923,1.088039152659085,-0.056554212102795764
2022-05-04,base,Base Equity Minimum Variance,minimum_variance,False,0.02428042139925192,0.0,0.0,0.02428042139925192,0.0,1.1181854931259985,1.1144572017845327,-0.03364695080530222
2022-05-05,base,Base Equity Minimum Variance,minimum_variance,False,-0.01510872189271988,0.0,0.0,-0.01510872189271988,0.0,1.101291139485884,1.0976191778614315,-0.048247310275766675
2022-05-06,base,Base Equity Minimum Variance,minimum_variance,False,-0.005453127162760689,0.0,0.0,-0.005453127162760689,0.0,1.0952856588590458,1.0916337209082683,-0.053437338720332406
2022-05-09,base,Base Equity Minimum Variance,minimum_variance,False,-0.014874669287040784,0.0,0.0,-0.014874669287040784,0.0,1.078993646908679,1.0753960303271761,-0.06751714526632857
2022-05-10,base,Base Equity Minimum Variance,minimum_variance,False,-0.008077806953552097,0.0,0.0,-0.008077806953552097,0.0,1.0702777445248415,1.0667091887955769,-0.07504956175436439
2022-05-11,base,Base Equity Minimum Variance,minimum_variance,False,0.007313330805506118,0.0,0.0,0.007313330805506118,0.0,1.0781050397243228,1.0745103859665122,-0.06828509322077614
2022-05-12,base,Base Equity Minimum Variance,minimum_variance,False,0.006847879387978544,0.0,0.0,0.006847879387978544,0.0,1.0854877730039267,1.0818685034907412,-0.061904821915170216
2022-05-13,base,Base Equity Minimum Variance,minimum_variance,False,0.009720236025004547,0.0,0.0,0.009720236025004547,0.0,1.0960389703597815,1.0923845206926897,-0.05278631537026701
2022-05-16,base,Base Equity Minimum Variance,minimum_variance,False,0.0066995147646209145,0.0,0.0,0.0066995147646209145,0.0,1.1033818996243068,1.0997029669177136,-0.04644044330483921
2022-05-17,base,Base Equity Minimum Variance,minimum_variance,False,-0.0023264614462435024,0.0,0.0,-0.0023264614462435024,0.0,1.100814924174348,1.09714455036286,-0.04865886285018739
2022-05-18,base,Base Equity Minimum Variance,minimum_variance,False,-0.02289535161518048,0.0,0.0,-0.02289535161518048,0.0,1.0756113794221378,1.0720250401096232,-0.07044015269121806
2022-05-19,base,Base Equity Minimum Variance,minimum_variance,False,-0.004409703416417156,0.0,0.0,-0.004409703416417156,0.0,1.070868252247563,1.067297727627767,-0.07453923592565981
2022-05-20,base,Base Equity Minimum Variance,minimum_variance,False,0.002824677542842326,0.0,0.0,0.002824677542842326,0.0,1.0738931097510296,1.070312499550524,-0.07192510768859728
2022-05-23,base,Base Equity Minimum Variance,minimum_variance,False,0.016257344218830194,0.0,0.0,0.016257344218830194,0.0,1.0913517596904823,1.0877129382774335,-0.05683707470343691
2022-05-24,base,Base Equity Minimum Variance,minimum_variance,False,0.009883971506040923,0.0,0.0,0.009883971506040923,0.0,1.1021386493863305,1.0984638619661196,-0.04751487922425157
2022-05-25,base,Base Equity Minimum Variance,minimum_variance,False,0.00555813275434777,0.0,0.0,0.00555813275434777,0.0,1.1082644823133172,1.1045692699367806,-0.04222084047643915
2022-05-26,base,Base Equity Minimum Variance,minimum_variance,False,0.0053484342680859085,0.0,0.0,0.0053484342680859085,0.0,1.1141919620486243,1.110476986071585,-0.03709822159838494
2022-05-27,base,Base Equity Minimum Variance,minimum_variance,False,0.010639043688638357,0.0,0.0,0.010639043688638357,0.0,1.1260458990103892,1.1222913992416281,-0.026853867510102547
2022-05-31,base,Base Equity Minimum Variance,minimum_variance,False,-0.009670576751799394,0.0,0.0,-0.009670576751799394,0.0,1.1151563857179603,1.1114381941273777,-0.03626475187506284
2022-06-01,base,Base Equity Minimum Variance,minimum_variance,True,-0.005848567640560428,0.20897641796949856,0.00020897641796949857,-0.006057544058529927,0.0,1.1086343181662859,1.1047056082981181,-0.04210262060133785
2022-06-02,base,Base Equity Minimum Variance,minimum_variance,False,0.00462215100133351,0.0,0.0,0.00462215100133351,0.0,1.1137585933901109,1.109811724431692,-0.03767507426997552
2022-06-03,base,Base Equity Minimum Variance,minimum_variance,False,-0.005433313580483628,0.0,0.0,-0.005433313580483628,0.0,1.107707193699264,1.1037817693175573,-0.042903687357782494
2022-06-06,base,Base Equity Minimum Variance,minimum_variance,False,-0.0028824818770146355,0.0,0.0,-0.0028824818770146355,0.0,1.1045142477883871,1.1006001383713202,-0.045662500133531236
2022-06-07,base,Base Equity Minimum Variance,minimum_variance,False,0.007090352800237784,0.0,0.0,0.007090352800237784,0.0,1.112345643478096,1.1084037816443633,-0.03889591056898123
2022-06-08,base,Base Equity Minimum Variance,minimum_variance,False,-0.01020745592566287,0.0,0.0,-0.01020745592566287,0.0,1.1009914243481902,1.0970897988953905,-0.048706338201822574
2022-06-09,base,Base Equity Minimum Variance,minimum_variance,False,-0.022622125204539986,0.0,0.0,-0.022622125204539986,0.0,1.0760846584974606,1.0722712961041554,-0.07022662252530631
2022-06-10,base,Base Equity Minimum Variance,minimum_variance,False,-0.010863253405354488,0.0,0.0,-0.010863253405354488,0.0,1.0643948781665884,1.0606229412952881,-0.08032698633436619
2022-06-13,base,Base Equity Minimum Variance,minimum_variance,False,-0.032748097379860654,0.0,0.0,-0.032748097379860654,0.0,1.0295379710457642,1.025889557930436,-0.1104445277435181
2022-06-14,base,Base Equity Minimum Variance,minimum_variance,False,-0.013948161940929626,0.0,0.0,-0.013948161940929626,0.0,1.0151778087012817,1.0115802842429136,-0.12285219152599158
2022-06-15,base,Base Equity Minimum Variance,minimum_variance,False,0.0025394740657391076,0.0,0.0,0.0025394740657391076,0.0,1.0177558264185926,1.0141491661401616,-0.12062469741455184
2022-06-16,base,Base Equity Minimum Variance,minimum_variance,False,-0.008043857044873133,0.0,0.0,-0.008043857044873133,0.0,1.0095691440442949,1.0059914952255529,-0.12769826663734118
2022-06-17,base,Base Equity Minimum Variance,minimum_variance,False,-0.004457592667567791,0.0,0.0,-0.004457592667567791,0.0,1.0050688960304002,1.0015071949127998,-0.13158663244788538
2022-06-21,base,Base Equity Minimum Variance,minimum_variance,False,0.02204644244107351,0.0,0.0,0.02204644244107351,0.0,1.0272270895960478,1.023586865639766,-0.11244120712508876
2022-06-22,base,Base Equity Minimum Variance,minimum_variance,False,0.002669545199118177,0.0,0.0,0.002669545199118177,0.0,1.029969318741483,1.026319377042815,-0.11007182881063449
2022-06-23,base,Base Equity Minimum Variance,minimum_variance,False,0.01227231233409944,0.0,0.0,0.01227231233409944,0.0,1.042609423915618,1.0389146889924228,-0.09915035233888458
2022-06-24,base,Base Equity Minimum Variance,minimum_variance,False,0.014474935792396988,0.0,0.0,0.014474935792396988,0.0,1.0577011283833446,1.0539529124093663,-0.08611061153038646
2022-06-27,base,Base Equity Minimum Variance,minimum_variance,False,-0.002627570792373267,0.0,0.0,-0.002627570792373267,0.0,1.0549219437913442,1.0511835765201827,-0.08851192059498902
2022-06-28,base,Base Equity Minimum Variance,minimum_variance,False,-0.009240768526085734,0.0,0.0,-0.009240768526085734,0.0,1.04517365429568,1.0414698324111369,-0.09693477095105707
2022-06-29,base,Base Equity Minimum Variance,minimum_variance,False,0.0008043346004647604,0.0,0.0,0.0008043346004647604,0.0,1.0460143236293242,1.0423075226326852,-0.09620840434085653
2022-06-30,base,Base Equity Minimum Variance,minimum_variance,False,-0.0075535044091358475,0.0,0.0,-0.0075535044091358475,0.0,1.0381132498237708,1.0344344481648038,-0.10303519814360784
2022-07-01,base,Base Equity Minimum Variance,minimum_variance,True,0.015627027896852733,0.14153388731399685,0.00014153388731399686,0.015485494009538735,0.0,1.0543358745388594,1.0504531766151204,-0.08914525507769355
2022-07-05,base,Base Equity Minimum Variance,minimum_variance,False,-0.0036903614058846007,0.0,0.0,-0.0036903614058846007,0.0,1.0504449941186216,1.046576624753451,-0.09250663827472183
2022-07-06,base,Base Equity Minimum Variance,minimum_variance,False,0.0007315656433445252,0.0,0.0,0.0007315656433445252,0.0,1.051213463586542,1.047342264255248,-0.09184274730972042
2022-07-07,base,Base Equity Minimum Variance,minimum_variance,False,0.0023319246810090035,0.0,0.0,0.0023319246810090035,0.0,1.0536648142072884,1.0497845875307286,-0.08972499299793468
2022-07-08,base,Base Equity Minimum Variance,minimum_variance,False,-0.0023788705631783112,0.0,0.0,-0.0023788705631783112,0.0,1.051158281997314,1.0472872858777735,-0.09189041941648868
2022-07-11,base,Base Equity Minimum Variance,minimum_variance,False,-0.00026002193645397517,0.0,0.0,-0.00026002193645397517,0.0,1.0508849577853094,1.0470149682096759,-0.09212654782814456
2022-07-12,base,Base Equity Minimum Variance,minimum_variance,False,-0.00521151236647557,0.0,0.0,-0.00521151236647557,0.0,1.0454082578320683,1.0415584367549662,-0.09685794155133298
2022-07-13,base,Base Equity Minimum Variance,minimum_variance,False,-0.0022575617502231366,0.0,0.0,-0.0022575617502231366,0.0,1.0430481841358192,1.039207054267526,-0.09889684051750447
2022-07-14,base,Base Equity Minimum Variance,minimum_variance,False,-0.0037495344962963704,0.0,0.0,-0.0037495344962963704,0.0,1.0391372389881026,1.0353105115687555,-0.10227555789870557
2022-07-15,base,Base Equity Minimum Variance,minimum_variance,False,0.010771792977864068,0.0,0.0,0.010771792977864068,0.0,1.0503306102020717,1.0464626620671809,-0.09260545605722181
2022-07-18,base,Base Equity Minimum Variance,minimum_variance,False,-0.01109374623599689,0.0,0.0,-0.01109374623599689,0.0,1.0386785089485902,1.0348534708487618,-0.1026718608636511
2022-07-19,base,Base Equity Minimum Variance,minimum_variance,False,0.013130358929628012,0.0,0.0,0.013130358929628012,0.0,1.052316730583576,1.0484414683605774,-0.09088962031913561
2022-07-20,base,Base Equity Minimum Variance,minimum_variance,False,-0.00518268343908267,0.0,0.0,-0.00518268343908267,0.0,1.046862906091311,1.0430077281256576,-0.09560125162820576
2022-07-21,base,Base Equity Minimum Variance,minimum_variance,False,0.004678319051245701,0.0,0.0,0.004678319051245701,0.0,1.0517604647689203,1.0478872510507442,-0.09137018573377531
2022-07-22,base,Base Equity Minimum Variance,minimum_variance,False,0.0005778993992588184,0.0,0.0,0.0005778993992588184,0.0,1.0523682765096745,1.0484928244636176,-0.09084508910996203
2022-07-25,base,Base Equity Minimum Variance,minimum_variance,False,-0.002446000551773278,0.0,0.0,-0.002446000551773278,0.0,1.049794183124663,1.0459282104364493,-0.09306888252364642
2022-07-26,base,Base Equity Minimum Variance,minimum_variance,False,-0.004188926961363892,0.0,0.0,-0.004188926961363892,0.0,1.0453966719670893,1.041546893556101,-0.09686795073374299
2022-07-27,base,Base Equity Minimum Variance,minimum_variance,False,0.0029122689263648203,0.0,0.0,0.0029122689263648203,0.0,1.0484411482105842,1.0445801582095562,-0.09423778733026078
2022-07-28,base,Base Equity Minimum Variance,minimum_variance,False,0.009556177718274241,0.0,0.0,0.009556177718274241,0.0,1.058460238150036,1.0545623518423897,-0.08558216265549146
2022-07-29,base,Base Equity Minimum Variance,minimum_variance,False,0.0034097026998280455,0.0,0.0,0.0034097026998280455,0.0,1.062069272881717,1.0581580959406038,-0.08246426968672682
2022-08-01,base,Base Equity Minimum Variance,minimum_variance,True,-0.005026145143101785,0.0826361338621964,8.26361338621964e-05,-0.005108781276963981,0.0,1.056731158564185,1.0527521976719947,-0.0871517590466967
2022-08-02,base,Base Equity Minimum Variance,minimum_variance,False,-0.005933277278074976,0.0,0.0,-0.005933277278074976,0.0,1.0504612795920423,1.0465059269781039,-0.09256794077307573
2022-08-03,base,Base Equity Minimum Variance,minimum_variance,False,0.011134228002628406,0.0,0.0,0.011134228002628406,0.0,1.0621573549869527,1.05815796257518,-0.08246438532874856
2022-08-04,base,Base Equity Minimum Variance,minimum_variance,False,-0.005755654157432958,0.0,0.0,-0.005755654157432958,0.0,1.056043944590874,1.0520675712986634,-0.08774540300392397
2022-08-05,base,Base Equity Minimum Variance,minimum_variance,False,-0.004357789011638815,0.0,0.0,-0.004357789011638815,0.0,1.0514419278933282,1.0474828827969564,-0.09172081606253057
2022-08-08,base,Base Equity Minimum Variance,minimum_variance,False,0.0043828055832920865,0.0,0.0,0.0043828055832920865,0.0,1.0560501934454065,1.0520737966240818,-0.08774000498398138
2022-08-09,base,Base Equity Minimum Variance,minimum_variance,False,0.0018739799756574017,0.0,0.0,0.0018739799756574017,0.0,1.0580292103612123,1.054045361851869,-0.08603044802072823
2022-08-10,base,Base Equity Minimum Variance,minimum_variance,False,0.011311404707674583,0.0,0.0,0.011311404707674583,0.0,1.0699970069521494,1.0659680955200228,-0.0756921685277987
2022-08-11,base,Base Equity Minimum Variance,minimum_variance,False,-0.0008287479121746684,0.0,0.0,-0.0008287479121746684,0.0,1.0691102491666047,1.0650846766864157,-0.07645818671333804
2022-08-12,base,Base Equity Minimum Variance,minimum_variance,False,0.0147666093101914,0.0,0.0,0.0147666093101914,0.0,1.0848973825255694,1.0808123659893156,-0.0628206055749081
2022-08-15,base,Base Equity Minimum Variance,minimum_variance,False,0.008687680641216595,0.0,0.0,0.008687680641216595,0.0,1.0943226245134434,1.0902021186581086,-0.054678690292614074
2022-08-16,base,Base Equity Minimum Variance,minimum_variance,False,0.011721824075524225,0.0,0.0,0.011721824075524225,0.0,1.1071500817998559,1.1029812760997826,-0.043597800205380066
2022-08-17,base,Base Equity Minimum Variance,minimum_variance,False,-0.006552835299434703,0.0,0.0,-0.006552835299434703,0.0,1.0998951096620657,1.0957536214591403,-0.0498649463006513
2022-08-18,base,Base Equity Minimum Variance,minimum_variance,False,-0.0019919498609108945,0.0,0.0,-0.0019919498609108945,0.0,1.0977041737513578,1.0935709351852823,-0.0517575676887142
2022-08-19,base,Base Equity Minimum Variance,minimum_variance,False,-0.004666933168686192,0.0,0.0,-0.004666933168686192,0.0,1.0925812617334723,1.0884673127155549,-0.05618295174802346
2022-08-22,base,Base Equity Minimum Variance,minimum_variance,False,-0.014329151540085414,0.0,0.0,-0.014329151540085414,0.0,1.0769254992642356,1.072870499645224,-0.06970704925854221
2022-08-23,base,Base Equity Minimum Variance,minimum_variance,False,-0.004797527100397829,0.0,0.0,-0.004797527100397829,0.0,1.071758919996406,1.0677233743479588,-0.07417015490103329
2022-08-24,base,Base Equity Minimum Variance,minimum_variance,False,0.0003939157634205824,0.0,0.0,0.0003939157634205824,0.0,1.0721811027295791,1.068143967416087,-0.07380545593080357
2022-08-25,base,Base Equity Minimum Variance,minimum_variance,False,0.006682441449572998,0.0,0.0,0.006682441449572998,0.0,1.0793458901719082,1.0752817769380596,-0.0676162151191474
2022-08-26,base,Base Equity Minimum Variance,minimum_variance,False,-0.01911340324899072,0.0,0.0,-0.01911340324899072,0.0,1.0587159169279117,1.0547294827291511,-0.08543724238239536
2022-08-29,base,Base Equity Minimum Variance,minimum_variance,False,-0.004488304095269262,0.0,0.0,-0.004488304095269262,0.0,1.0539640779422375,1.0499955360724167,-0.08954207815279114
2022-08-30,base,Base Equity Minimum Variance,minimum_variance,False,-0.008814914180956632,0.0,0.0,-0.008814914180956632,0.0,1.0446734750453657,1.0407399155315509,-0.0975676865992463
2022-08-31,base,Base Equity Minimum Variance,minimum_variance,False,-0.0035691630320218255,0.0,0.0,-0.0035691630320218255,0.0,1.0409448650977,1.037025345099086,-0.10078861465113831
2022-09-01,base,Base Equity Minimum Variance,minimum_variance,True,0.011485089238693418,0.1091345382320558,0.0001091345382320558,0.011375954700461361,0.0,1.0529002097659068,1.0488224984481636,-0.09055922666527061
2022-09-02,base,Base Equity Minimum Variance,minimum_variance,False,-0.00951846432985291,0.0,0.0,-0.00951846432985291,0.0,1.0428782166763553,1.0388393189083376,-0.09921570622637099
2022-09-06,base,Base Equity Minimum Variance,minimum_variance,False,-0.0024033773650778585,0.0,0.0,-0.0024033773650778585,0.0,1.0403717867758626,1.0363425960033203,-0.10138063080884419
2022-09-07,base,Base Equity Minimum Variance,minimum_variance,False,0.01644766069812259,0.0,0.0,0.01644766069812259,0.0,1.0574834689246515,1.0533880073893944,-0.08660044432762715
2022-09-08,base,Base Equity Minimum Variance,minimum_variance,False,0.0021780099559984794,0.0,0.0,0.0021780099559984794,0.0,1.0597866784482732,1.0556822969570179,-0.08461105100156818
2022-09-09,base,Base Equity Minimum Variance,minimum_variance,False,0.009209038885544956,0.0,0.0,0.009209038885544956,0.0,1.069546295180486,1.0654041162804766,-0.0761811985748434
2022-09-12,base,Base Equity Minimum Variance,minimum_variance,False,0.008642277537693484,0.0,0.0,0.008642277537693484,0.0,1.0787896111028477,1.0746116343431735,-0.06819730009838787
2022-09-13,base,Base Equity Minimum Variance,minimum_variance,False,-0.02904143735989282,0.0,0.0,-0.02904143735989282,0.0,1.0474600101875011,1.0434033678781842,-0.09525818983935952
2022-09-14,base,Base Equity Minimum Variance,minimum_variance,False,0.005698120574468056,0.0,0.0,0.005698120574468056,0.0,1.053428563622483,1.04934880607616,-0.09010286191630179
2022-09-15,base,Base Equity Minimum Variance,minimum_variance,False,-0.010792470797950846,0.0,0.0,-0.010792470797950846,0.0,1.0420594666118599,1.0380237397297185,-0.09992290020820915
2022-09-16,base,Base Equity Minimum Variance,minimum_variance,False,0.00041418674144540375,0.0,0.0,0.00041418674144540375,0.0,1.0424910738267281,1.03845367540002,-0.0995501002071969
2022-09-19,base,Base Equity Minimum Variance,minimum_variance,False,0.0035845229800677324,0.0,0.0,0.0035845229800677324,0.0,1.0462279070373754,1.042176036463227,-0.0963224168489899
2022-09-20,base,Base Equity Minimum Variance,minimum_variance,False,-0.013112147970325018,0.0,0.0,-0.013112147970325018,0.0,1.032509611909618,1.0285108700619945,-0.10817157103673158
2022-09-21,base,Base Equity Minimum Variance,minimum_variance,False,-0.012673547995018034,0.0,0.0,-0.012673547995018034,0.0,1.019424051787764,1.015475988186866,-0.11947420143451914
2022-09-22,base,Base Equity Minimum Variance,minimum_variance,False,0.0029787377064400935,0.0,0.0,0.0029787377064400935,0.0,1.0224606486496761,1.0185008248028626,-0.116851346036839
2022-09-23,base,Base Equity Minimum Variance,minimum_variance,False,-0.016432515188197896,0.0,0.0,-0.016432515188197896,0.0,1.0056590485114056,1.0017642945300975,-0.13136369970652517
2022-09-26,base,Base Equity Minimum Variance,minimum_variance,False,-0.011054808377277136,0.0,0.0,-0.011054808377277136,0.0,0.9945416804372372,0.990689982214869,-0.14096630755581652
2022-09-27,base,Base Equity Minimum Variance,minimum_variance,False,-0.006299717922876806,0.0,0.0,-0.006299717922876806,0.0,0.9882763483879388,0.9844489147778955,-0.14637797750446213
2022-09-28,base,Base Equity Minimum Variance,minimum_variance,False,0.02175153919984094,0.0,0.0,0.02175153919984094,0.0,1.0097728801201746,1.0058621939379278,-0.12781038462030303
2022-09-29,base,Base Equity Minimum Variance,minimum_variance,False,-0.016390733804027738,0.0,0.0,-0.016390733804027738,0.0,0.9932219616395984,0.9893753744735558,-0.142106212432629
2022-09-30,base,Base Equity Minimum Variance,minimum_variance,False,-0.0176374989270083,0.0,0.0,-0.0176374989270083,0.0,0.9757040103568989,0.9719252673678701,-0.15723731319033551
2022-10-03,base,Base Equity Minimum Variance,minimum_variance,True,0.025737551455898202,0.14087631152860292,0.00014087631152860292,0.0255966751443696,0.0,1.0008162425291858,0.9968033227012901,-0.13566539047227233
2022-10-04,base,Base Equity Minimum Variance,minimum_variance,False,0.021789320166339356,0.0,0.0,0.021789320166339356,0.0,1.0226233480653268,1.0185229894424994,-0.1168321269344248
2022-10-05,base,Base Equity Minimum Variance,minimum_variance,False,-0.004469873588028582,0.0,0.0,-0.004469873588028582,0.0,1.0180523509713084,1.0139703204331905,-0.12077977568403597
2022-10-06,base,Base Equity Minimum Variance,minimum_variance,False,-0.008374496705111568,0.0,0.0,-0.008374496705111568,0.0,1.009526674912468,1.0054788293256418,-0.12814280255563748
2022-10-07,base,Base Equity Minimum Variance,minimum_variance,False,-0.014489667259019076,0.0,0.0,-0.014489667259019076,0.0,0.9948989693038824,0.9909097756527252,-0.14077572324398724
2022-10-10,base,Base Equity Minimum Variance,minimum_variance,False,0.00034297518927035647,0.0,0.0,0.00034297518927035647,0.0,0.9952401949661842,0.9912496331205795,-0.14048103063504125
2022-10-11,base,Base Equity Minimum Variance,minimum_variance,False,0.01222188269446206,0.0,0.0,0.01222188269446206,0.0,1.0074039038818745,1.0033645698575078,-0.1299760906177977
2022-10-12,base,Base Equity Minimum Variance,minimum_variance,False,-0.005110108869302146,0.0,0.0,-0.005110108869302146,0.0,1.0022559602576782,0.9982372676699354,-0.13442200751363664
2022-10-13,base,Base Equity Minimum Variance,minimum_variance,False,0.019934019060949274,0.0,0.0,0.019934019060949274,0.0,1.022234949673405,1.0181361483910178,-0.1171675593126752
2022-10-14,base,Base Equity Minimum Variance,minimum_variance,False,-0.011804457973995553,0.0,0.0,-0.011804457973995553,0.0,1.0101680201704357,1.0061176030155303,-0.12758891775684877
2022-10-17,base,Base Equity Minimum Variance,minimum_variance,False,0.01215840378397567,0.0,0.0,0.01215840378397567,0.0,1.0224500508493273,1.0183503870871589,-0.11698179155332133
2022-10-18,base,Base Equity Minimum Variance,minimum_variance,False,0.011057697813289101,0.0,0.0,0.011057697813289101,0.0,1.033755994540801,1.0296109979356145,-0.10721764304068615
2022-10-19,base,Base Equity Minimum Variance,minimum_variance,False,-0.007293221396290437,0.0,0.0,-0.007293221396290437,0.0,1.0262165832028727,1.0221018169756146,-0.11372890242869227
2022-10-20,base,Base Equity Minimum Variance,minimum_variance,False,-0.003119880261269884,0.0,0.0,-0.003119880261269884,0.0,1.0230149103411503,1.0189129816918243,-0.11649396213213903
2022-10-21,base,Base Equity Minimum Variance,minimum_variance,False,0.02068919826642258,0.0,0.0,0.02068919826642258,0.0,1.044180268650705,1.0399934743862782,-0.09821493054510944
2022-10-24,base,Base Equity Minimum Variance,minimum_variance,False,0.016328807521797054,0.0,0.0,0.016328807521797054,0.0,1.0612304872755607,1.0569753276534568,-0.08348985571995016
2022-10-25,base,Base Equity Minimum Variance,minimum_variance,False,0.009013124424625969,0.0,0.0,0.009013124424625969,0.0,1.0707954897005816,1.066501977795357,-0.07522923575312224
2022-10-26,base,Base Equity Minimum Variance,minimum_variance,False,0.01175542380688729,0.0,0.0,0.01175542380688729,0.0,1.0833831444925153,1.079039160535225,-0.0643581634951812
2022-10-27,base,Base Equity Minimum Variance,minimum_variance,False,0.0015559109823134766,0.0,0.0,0.0015559109823134766,0.0,1.0850687922250846,1.080718049415448,-0.06290238808625137
2022-10-28,base,Base Equity Minimum Variance,minimum_variance,False,0.021682769215410472,0.0,0.0,0.021682769215410472,0.0,1.1085960884297452,1.1041510094678517,-0.04258351683481332
2022-10-31,base,Base Equity Minimum Variance,minimum_variance,False,-0.007179938684801099,0.0,0.0,-0.007179938684801099,0.0,1.1006364364886094,1.0962232729211114,-0.04945770847975717
2022-11-01,base,Base Equity Minimum Variance,minimum_variance,True,-0.0007899516920563201,0.116577413003037,0.00011657741300303701,-0.0009065291050593571,0.0,1.0997669868732665,1.0952295146185649,-0.05031940273261015
2022-11-02,base,Base Equity Minimum Variance,minimum_variance,False,-0.012463651150533292,0.0,0.0,-0.012463651150533292,0.0,1.086059874802005,1.081578956018591,-0.06215589040138114
2022-11-03,base,Base Equity Minimum Variance,minimum_variance,False,-0.0029575607720401433,0.0,0.0,-0.0029575607720401433,0.0,1.0828477867202038,1.0783801205264063,-0.06492962135021896
2022-11-04,base,Base Equity Minimum Variance,minimum_variance,False,0.014331777412614974,0.0,0.0,0.014331777412614974,0.0,1.0983669201712205,1.0938352243799798,-0.051528400818280584
2022-11-07,base,Base Equity Minimum Variance,minimum_variance,False,0.01167977835010572,0.0,0.0,0.01167977835010572,0.0,1.1111956023459086,1.106610977352276,-0.040450462768467865
2022-11-08,base,Base Equity Minimum Variance,minimum_variance,False,0.00724479903782943,0.0,0.0,0.00724479903782943,0.0,1.1192459911766246,1.1146281514962495,-0.033498719204382965
2022-11-09,base,Base Equity Minimum Variance,minimum_variance,False,-0.011641893368306656,0.0,0.0,-0.011641893368306656,0.0,1.1062158486944416,1.1016517694112173,-0.04475062405573749
2022-11-10,base,Base Equity Minimum Variance,minimum_variance,False,0.024307860236909493,0.0,0.0,0.024307860236909493,0.0,1.1331055889363604,1.1284305666518093,-0.02153055573388929
2022-11-11,base,Base Equity Minimum Variance,minimum_variance,False,-0.0023175987590226886,0.0,0.0,-0.0023175987590226886,0.0,1.1304795048295997,1.1258153173708938,-0.023798255303661975
2022-11-14,base,Base Equity Minimum Variance,minimum_variance,False,-0.0028243784424326042,0.0,0.0,-0.0028243784424326042,0.0,1.1272866028865471,1.122635588858351,-0.026555418466847502
2022-11-15,base,Base Equity Minimum Variance,minimum_variance,False,0.007411817535088905,0.0,0.0,0.007411817535088905,0.0,1.1356418454968924,1.130956359001366,-0.019340424848002913
2022-11-16,base,Base Equity Minimum Variance,minimum_variance,False,-0.002099222745067695,0.0,0.0,-0.002099222745067695,0.0,1.1332578803045747,1.1285822296888715,-0.021399047733330345
2022-11-17,base,Base Equity Minimum Variance,minimum_variance,False,0.002787658570407808,0.0,0.0,0.002787658570407808,0.0,1.1364170163470881,1.1317283316138735,-0.018671042401735005
2022-11-18,base,Base Equity Minimum Variance,minimum_variance,False,0.008490770149837977,0.0,0.0,0.008490770149837977,0.0,1.146066072027256,1.1413375767496665,-0.010338803781388073
2022-11-21,base,Base Equity Minimum Variance,minimum_variance,False,0.00424621580010174,0.0,0.0,0.00424621580010174,0.0,1.1509325158902586,1.1461839424013107,-0.0061364887732570095
2022-11-22,base,Base Equity Minimum Variance,minimum_variance,False,0.009941061226574725,0.0,0.0,0.009941061226574725,0.0,1.1623740064983792,1.1575782271496389,0.0
2022-11-23,base,Base Equity Minimum Variance,minimum_variance,False,-0.000209815527012933,0.0,0.0,-0.000209815527012933,0.0,1.1621301223836196,1.1573353492638507,-0.00020981552701293538
2022-11-25,base,Base Equity Minimum Variance,minimum_variance,False,0.0011912972120855228,0.0,0.0,0.0011912972120855228,0.0,1.163514564758496,1.1587140796388768,0.0
2022-11-28,base,Base Equity Minimum Variance,minimum_variance,False,-0.011699258235452831,0.0,0.0,-0.011699258235452831,0.0,1.1499023074046757,1.1451579844001265,-0.011699258235452925
2022-11-29,base,Base Equity Minimum Variance,minimum_variance,False,0.0036689877447424225,0.0,0.0,0.0036689877447424225,0.0,1.1541212848781945,1.1493595550106845,-0.008073194925798832
2022-11-30,base,Base Equity Minimum Variance,minimum_variance,False,0.01823314159734982,0.0,0.0,0.01823314159734982,0.0,1.175164541685894,1.1703159905234612,0.0
2022-12-01,base,Base Equity Minimum Variance,minimum_variance,True,0.001660462536608119,0.09571929802648858,9.571929802648859e-05,0.0015647432385816303,0.0,1.1771158583817136,1.1721472345566368,0.0
2022-12-02,base,Base Equity Minimum Variance,minimum_variance,False,0.003084861460374208,0.0,0.0,0.003084861460374208,0.0,1.1807470977276306,1.175763146386405,0.0
2022-12-05,base,Base Equity Minimum Variance,minimum_variance,False,-0.009757050741877481,0.0,0.0,-0.009757050741877481,0.0,1.1692264883817776,1.1642911657066832,-0.009757050741877493
2022-12-06,base,Base Equity Minimum Variance,minimum_variance,False,-0.00744076770242947,0.0,0.0,-0.00744076770242947,0.0,1.1605265456902014,1.155627945604669,-0.017125218496275796
2022-12-07,base,Base Equity Minimum Variance,minimum_variance,False,0.0018933859309637683,0.0,0.0,0.0018933859309637683,0.0,1.1627238703243212,1.1578159952983054,-0.01526425721307767
2022-12-08,base,Base Equity Minimum Variance,minimum_variance,False,0.005160284154821895,0.0,0.0,0.005160284154821895,0.0,1.1687238558887891,1.1637906548330426,-0.010182740962887515
2022-12-09,base,Base Equity Minimum Variance,minimum_variance,False,-0.01403256177203519,0.0,0.0,-0.01403256177203519,0.0,1.1523236661865786,1.1474596905793806,-0.02407241279335237
2022-12-12,base,Base Equity Minimum Variance,minimum_variance,False,0.008742721870926739,0.0,0.0,0.008742721870926739,0.0,1.1623981115053346,1.1574916115122158,-0.015540149332240016
2022-12-13,base,Base Equity Minimum Variance,minimum_variance,False,0.003136273477129821,0.0,0.0,0.003136273477129821,0.0,1.1660437098723146,1.1611218217534018,-0.012452614013291452
2022-12-14,base,Base Equity Minimum Variance,minimum_variance,False,-0.0011445529616785897,0.0,0.0,-0.0011445529616785897,0.0,1.1647091110907335,1.1597928563334443,-0.013582914298720605
2022-12-15,base,Base Equity Minimum Variance,minimum_variance,False,-0.014568108614495801,0.0,0.0,-0.014568108614495801,0.0,1.1477415022560709,1.1428968680320624,-0.02795314554241124
2022-12-16,base,Base Equity Minimum Variance,minimum_variance,False,-0.0077681587981032925,0.0,0.0,-0.0077681587981032925,0.0,1.138825664007372,1.1340186636713343,-0.0355041598670347
2022-12-19,base,Base Equity Minimum Variance,minimum_variance,False,-0.001593317236799932,0.0,0.0,-0.001593317236799932,0.0,1.137011153447199,1.1322118121876539,-0.03704090771394042
2022-12-20,base,Base Equity Minimum Variance,minimum_variance,False,3.226425408942874e-05,0.0,0.0,3.226425408942874e-05,0.0,1.1370478382639564,1.1322483421572456,-0.03700983855710893
2022-12-21,base,Base Equity Minimum Variance,minimum_variance,False,0.011750774742170912,0.0,0.0,0.011750774742170912,0.0,1.1504090312824686,1.145553137378132,-0.02569395809106656
2022-12-22,base,Base Equity Minimum Variance,minimum_variance,False,-0.004617346998593025,0.0,0.0,-0.004617346998593025,0.0,1.145097193594722,1.1402637210375302,-0.030192667169385956
2022-12-23,base,Base Equity Minimum Variance,minimum_variance,False,0.005271548098266204,0.0,0.0,0.005271548098266204,0.0,1.151133628527946,1.1462746760876874,-0.025080281168318175
2022-12-27,base,Base Equity Minimum Variance,minimum_variance,False,0.002190368751513901,0.0,0.0,0.002190368751513901,0.0,1.1536550356566906,1.1487854403188416,-0.0229448474809546
2022-12-28,base,Base Equity Minimum Variance,minimum_variance,False,-0.010233328549038799,0.0,0.0,-0.010233328549038799,0.0,1.1418493046445626,1.1370295414757066,-0.032943373867213244
2022-12-29,base,Base Equity Minimum Variance,minimum_variance,False,0.007728621810397446,0.0,0.0,0.007728621810397446,0.0,1.1506742260846257,1.1458172127890218,-0.025469358934594122
2022-12-30,base,Base Equity Minimum Variance,minimum_variance,False,-0.0006886076583697706,0.0,0.0,-0.0006886076583697706,0.0,1.1498818630002552,1.1450281942812035,-0.02614042819734763
2023-01-03,base,Base Equity Minimum Variance,minimum_variance,True,0.0013845490502484381,0.05977576034787278,5.977576034787279e-05,0.0013247732899005654,0.0,1.15147393084157,1.1465450970491704,-0.02485028504850939
2023-01-04,base,Base Equity Minimum Variance,minimum_variance,False,0.008553138860652423,0.0,0.0,0.008553138860652423,0.0,1.161322647266479,1.156351656474232,-0.016509694126603858
2023-01-05,base,Base Equity Minimum Variance,minimum_variance,False,-0.0014417206282585388,0.0,0.0,-0.0014417206282585388,0.0,1.159648344449851,1.1546845204375722,-0.017927612388273784
2023-01-06,base,Base Equity Minimum Variance,minimum_variance,False,0.015392899933227787,0.0,0.0,0.015392899933227787,0.0,1.177498695373701,1.1724584637151148,-0.002810670398580517
2023-01-09,base,Base Equity Minimum Variance,minimum_variance,False,-0.013671170806076306,0.0,0.0,-0.013671170806076306,0.0,1.161400909585315,1.1564295837946357,-0.016443416049558124
2023-01-10,base,Base Equity Minimum Variance,minimum_variance,False,0.002401166576302013,0.0,0.0,0.002401166576302013,0.0,1.164189626631098,1.1592063638590901,-0.014081732854274609
2023-01-11,base,Base Equity Minimum Variance,minimum_variance,False,0.002893864231198845,0.0,0.0,0.002893864231198845,0.0,1.1675586333499386,1.1625609496920402,-0.011228619246095972
2023-01-12,base,Base Equity Minimum Variance,minimum_variance,False,-0.0036990010878443303,0.0,0.0,-0.0036990010878443303,0.0,1.163239832695055,1.1582606354744438,-0.014886085659134185
2023-01-13,base,Base Equity Minimum Variance,minimum_variance,False,0.00246429415086766,0.0,0.0,0.00246429415086766,0.0,1.1661063978108217,1.1611149303836237,-0.01245847520208565
2023-01-17,base,Base Equity Minimum Variance,minimum_variance,False,-0.005284816724045495,0.0,0.0,-0.005284816724045495,0.0,1.1599437392176546,1.1549786507809934,-0.017677451168027103
2023-01-18,base,Base Equity Minimum Variance,minimum_variance,False,-0.017715555051880195,0.0,0.0,-0.017715555051880195,0.0,1.1393946920484606,1.1345175629093365,-0.03507984036056311
2023-01-19,base,Base Equity Minimum Variance,minimum_variance,False,-0.0021810899416533575,0.0,0.0,-0.0021810899416533575,0.0,1.1369095697460605,1.1320430780642459,-0.037184418015251186
2023-01-20,base,Base Equity Minimum Variance,minimum_variance,False,0.008776888896845024,0.0,0.0,0.008776888896845024,0.0,1.1468880987254815,1.141978894386858,-0.02873389262401993
2023-01-23,base,Base Equity Minimum Variance,minimum_variance,False,0.002831329841122155,0.0,0.0,0.002831329841122155,0.0,1.1501353172238309,1.1452122133084672,-0.02598391791053578
2023-01-24,base,Base Equity Minimum Variance,minimum_variance,False,-0.0002196187602702584,0.0,0.0,-0.0002196187602702584,0.0,1.1498827259313191,1.1449607032219342,-0.026197830114967458
2023-01-25,base,Base Equity Minimum Variance,minimum_variance,False,0.0015334957298061738,0.0,0.0,0.0015334957298061738,0.0,1.1516460661813126,1.1467164955711209,-0.024704508645772782
2023-01-26,base,Base Equity Minimum Variance,minimum_variance,False,0.0018815160693733068,0.0,0.0,0.0018815160693733068,0.0,1.1538129067610632,1.1488740610845534,-0.022869474506402532
2023-01-27,base,Base Equity Minimum Variance,minimum_variance,False,-0.004972603771964176,0.0,0.0,-0.004972603771964176,0.0,1.1480754523487622,1.1431611655948926,-0.027728357443173257
2023-01-30,base,Base Equity Minimum Variance,minimum_variance,False,-0.004483382059866209,0.0,0.0,-0.004483382059866209,0.0,1.142928191462329,1.1380359373335287,-0.03208742268272924
2023-01-31,base,Base Equity Minimum Variance,minimum_variance,False,0.0072653612220833505,0.0,0.0,0.0072653612220833505,0.0,1.1512319776242055,1.146304179501969,-0.02505518817712149
2023-02-01,base,Base Equity Minimum Variance,minimum_variance,True,-0.013664650632566243,0.05187150142814769,5.187150142814769e-05,-0.01371652213399439,0.0,1.1355007948529323,1.13058087285154,-0.03842804026791291
2023-02-02,base,Base Equity Minimum Variance,minimum_variance,False,-0.010836508969589929,0.0,0.0,-0.010836508969589929,0.0,1.123195930304532,1.1183293230820377,-0.04884812343445577
2023-02-03,base,Base Equity Minimum Variance,minimum_variance,False,-0.007631339424243158,0.0,0.0,-0.007631339424243158,0.0,1.1146244409204495,1.1097949724295144,-0.05610668624853343
2023-02-06,base,Base Equity Minimum Variance,minimum_variance,False,-0.0007321321642177001,0.0,0.0,-0.0007321321642177001,0.0,1.1138083885162284,1.1089824558345116,-0.05679774090312095
2023-02-07,base,Base Equity Minimum Variance,minimum_variance,False,0.005422413185666024,0.0,0.0,0.005422413185666024,0.0,1.1198479178084242,1.1149958169257008,-0.05168330853664416
2023-02-08,base,Base Equity Minimum Variance,minimum_variance,False,-0.008311806513552247,0.0,0.0,-0.008311806513552247,0.0,1.1105399585909963,1.1057281874319942,-0.05956553338965964
2023-02-09,base,Base Equity Minimum Variance,minimum_variance,False,-0.0016061180770824083,0.0,0.0,-0.0016061180770824083,0.0,1.1087563002881808,1.1039522574018201,-0.06107598218679389
2023-02-10,base,Base Equity Minimum Variance,minimum_variance,False,0.012176981619149168,0.0,0.0,0.012176981619149168,0.0,1.122257605376906,1.1173950637486205,-0.04964272168010464
2023-02-13,base,Base Equity Minimum Variance,minimum_variance,False,0.008241645254813862,0.0,0.0,0.008241645254813862,0.0,1.1315068544449394,1.1266042374735168,-0.04181021412686159
2023-02-14,base,Base Equity Minimum Variance,minimum_variance,False,-0.008501941983068442,0.0,0.0,-0.008501941983068442,0.0,1.1218868488150042,1.117025913608638,-0.04995668809512366
2023-02-15,base,Base Equity Minimum Variance,minimum_variance,False,5.352010160029189e-05,0.0,0.0,5.352010160029189e-05,0.0,1.1219468923131368,1.1170856969490246,-0.04990584168054579
2023-02-16,base,Base Equity Minimum Variance,minimum_variance,False,-0.011314805354590509,0.0,0.0,-0.011314805354590509,0.0,1.109252281608426,1.1044460897236492,-0.06065597215046392
2023-02-17,base,Base Equity Minimum Variance,minimum_variance,False,0.01027573430985298,0.0,0.0,0.01027573430985298,0.0,1.1206506633368325,1.1157950843012054,-0.051003522494735054
2023-02-21,base,Base Equity Minimum Variance,minimum_variance,False,-0.004945228853518392,0.0,0.0,-0.004945228853518392,0.0,1.1151087893417846,1.1102772222557051,-0.05569652725718144
2023-02-22,base,Base Equity Minimum Variance,minimum_variance,False,-0.0047867225855588065,0.0,0.0,-0.0047867225855588065,0.0,1.1097710729144872,1.1049626331997022,-0.060216646017781095
2023-02-23,base,Base Equity Minimum Variance,minimum_variance,False,0.0008625912993104438,0.0,0.0,0.0008625912993104438,0.0,1.1107283517862097,1.1059157643531636,-0.05940599707339911
2023-02-24,base,Base Equity Minimum Variance,minimum_variance,False,-0.006429849702612678,0.0,0.0,-0.006429849702612678,0.0,1.1035865354237935,1.0988048922046227,-0.06545387514339596
2023-02-27,base,Base Equity Minimum Variance,minimum_variance,False,-0.00015772961244010374,0.0,0.0,-0.00015772961244010374,0.0,1.103412467147267,1.098631578134828,-0.06560128074147709
2023-02-28,base,Base Equity Minimum Variance,minimum_variance,False,-0.00787555131458515,0.0,0.0,-0.00787555131458515,0.0,1.0947224856410955,1.0899792487654034,-0.07296018580328023
2023-03-01,base,Base Equity Minimum Variance,minimum_variance,True,-0.003606933428727293,0.08667647507809816,8.667647507809815e-05,-0.0036936099038053912,0.0,1.0907738945124572,1.0859532906172211,-0.07638430924221917
2023-03-02,base,Base Equity Minimum Variance,minimum_variance,False,0.006797731484366155,0.0,0.0,0.006797731484366155,0.0,1.0981886825575091,1.093335309491401,-0.07010581778170033
2023-03-03,base,Base Equity Minimum Variance,minimum_variance,False,0.006321233124786815,0.0,0.0,0.006321233124786815,0.0,1.1051305892349577,1.100246536866257,-0.06422773987451547
2023-03-06,base,Base Equity Minimum Variance,minimum_variance,False,0.0055134139963028605,0.0,0.0,0.0055134139963028605,0.0,1.1112236316933881,1.1063126515219992,-0.05906843999818767
2023-03-07,base,Base Equity Minimum Variance,minimum_variance,False,-0.011387677607624958,0.0,0.0,-0.011387677607624958,0.0,1.0985693752256898,1.09371431971323,-0.06978346525432788
2023-03-08,base,Base Equity Minimum Variance,minimum_variance,False,-0.0044489548862012025,0.0,0.0,-0.0044489548862012025,0.0,1.0936818896359484,1.0888484340464335,-0.0739219566518099
2023-03-09,base,Base Equity Minimum Variance,minimum_variance,False,-0.012049670002649192,0.0,0.0,-0.012049670002649192,0.0,1.0805033837779614,1.0757281697332726,-0.08508089147085462
2023-03-10,base,Base Equity Minimum Variance,minimum_variance,False,-0.0040104588120764995,0.0,0.0,-0.0040104588120764995,0.0,1.0761700694610106,1.0714140062155668,-0.08875013687199262
2023-03-13,base,Base Equity Minimum Variance,minimum_variance,False,0.007786459519900507,0.0,0.0,0.007786459519900507,0.0,1.0845496241433972,1.0797565280040187,-0.08165472670023155
2023-03-14,base,Base Equity Minimum Variance,minimum_variance,False,0.008013491505077939,0.0,0.0,0.008013491505077939,0.0,1.093240653343306,1.0884091477687314,-0.07429557465391523
2023-03-15,base,Base Equity Minimum Variance,minimum_variance,False,0.0025738826877182755,0.0,0.0,0.0025738826877182755,0.0,1.096054526534456,1.0912105852313274,-0.07191292005957295
2023-03-16,base,Base Equity Minimum Variance,minimum_variance,False,0.002632773249248239,0.0,0.0,0.002632773249248239,0.0,1.098940189571633,1.094083495269421,-0.06946947722253283
2023-03-17,base,Base Equity Minimum Variance,minimum_variance,False,-0.010078793256247894,0.0,0.0,-0.010078793256247894,0.0,1.0878641985999586,1.0830564539155274,-0.07884810198023517
2023-03-20,base,Base Equity Minimum Variance,minimum_variance,False,0.012178529248314297,0.0,0.0,0.012178529248314297,0.0,1.1011127845608022,1.0962464886171133,-0.06762982664806128
2023-03-21,base,Base Equity Minimum Variance,minimum_variance,False,-0.0017139738248066637,0.0,0.0,-0.0017139738248066637,0.0,1.099225506069905,1.0943675508300874,-0.06922788472021679
2023-03-22,base,Base Equity Minimum Variance,minimum_variance,False,-0.015279082343147652,0.0,0.0,-0.015279082343147652,0.0,1.0824303490489748,1.0776466189072857,-0.08344922851228231
2023-03-23,base,Base Equity Minimum Variance,minimum_variance,False,0.00483043524116614,0.0,0.0,0.00483043524116614,0.0,1.0876589587531287,1.082852121112779,-0.07902188936537002
2023-03-24,base,Base Equity Minimum Variance,minimum_variance,False,0.017450576004168487,0.0,0.0,0.017450576004168487,0.0,1.106639234079465,1.1017485143535328,-0.06295029084756476
2023-03-27,base,Base Equity Minimum Variance,minimum_variance,False,0.004214903435697216,0.0,0.0,0.004214903435697216,0.0,1.111303611589264,1.106392277951956,-0.059000716809038956
2023-03-28,base,Base Equity Minimum Variance,minimum_variance,False,0.00025608395624211397,0.0,0.0,0.00025608395624211397,0.0,1.111588198614706,1.1066756072636497,-0.0587597419897784
2023-03-29,base,Base Equity Minimum Variance,minimum_variance,False,0.00748072946821436,0.0,0.0,0.00748072946821436,0.0,1.1199036892086025,1.114954348090661,-0.05171857825501158
2023-03-30,base,Base Equity Minimum Variance,minimum_variance,False,0.003846103126836569,0.0,0.0,0.003846103126836569,0.0,1.1242109542894236,1.1192425774951327,-0.04807139011371697
2023-03-31,base,Base Equity Minimum Variance,minimum_variance,False,0.007966368977249286,0.0,0.0,0.007966368977249286,0.0,1.1331668335595588,1.1281588768425066,-0.04048797556736272
2023-04-03,base,Base Equity Minimum Variance,minimum_variance,True,0.007624754263706791,0.05917570624878936,5.917570624878936e-05,0.0075655785574580015,0.0,1.1418069522052334,1.1366940514505521,-0.033228711969692126
2023-04-04,base,Base Equity Minimum Variance,minimum_variance,False,0.005085927705925926,0.0,0.0,0.005085927705925926,0.0,1.147614099818273,1.1424751952199856,-0.028311783090605114
2023-04-05,base,Base Equity Minimum Variance,minimum_variance,False,0.013149010717732416,0.0,0.0,0.013149010717732416,0.0,1.1627040899166041,1.1574976138066766,-0.015535044312169233
2023-04-06,base,Base Equity Minimum Variance,minimum_variance,False,0.0004223593218050961,0.0,0.0,0.0004223593218050961,0.0,1.1631951688274813,1.157986493713835,-0.015119246361143923
2023-04-10,base,Base Equity Minimum Variance,minimum_variance,False,-0.00163643494896335,0.0,0.0,-0.00163643494896335,0.0,1.1612916756007468,1.1560915241450942,-0.01673093964695993
2023-04-11,base,Base Equity Minimum Variance,minimum_variance,False,-0.00046030340566625234,0.0,0.0,-0.00046030340566625234,0.0,1.1607571290874958,1.1555593712792682,-0.01718354174412684
2023-04-12,base,Base Equity Minimum Variance,minimum_variance,False,0.0008295146443609815,0.0,0.0,0.0008295146443609815,0.0,1.1617199941246201,1.156517924700173,-0.016368281099284565
2023-04-13,base,Base Equity Minimum Variance,minimum_variance,False,0.00821007774621393,0.0,0.0,0.00821007774621393,0.0,1.1712578055957146,1.1660130267768514,-0.008292588213467678
2023-04-14,base,Base Equity Minimum Variance,minimum_variance,False,-0.005314601287963105,0.0,0.0,-0.005314601287963105,0.0,1.1650330373535587,1.1598161324429612,-0.013563117701431038
2023-04-17,base,Base Equity Minimum Variance,minimum_variance,False,0.0010720853498561464,0.0,0.0,0.0010720853498561464,0.0,1.166282052205004,1.1610595543270803,-0.012505573171360806
2023-04-18,base,Base Equity Minimum Variance,minimum_variance,False,-0.0021379504358953016,0.0,0.0,-0.0021379504358953016,0.0,1.1637885989831154,1.1585772665468064,-0.014616787311643176
2023-04-19,base,Base Equity Minimum Variance,minimum_variance,False,0.0008946995720560074,0.0,0.0,0.0008946995720560074,0.0,1.1648298401445891,1.1596138451313796,-0.01373516537293984
2023-04-20,base,Base Equity Minimum Variance,minimum_variance,False,-0.008024790258290952,0.0,0.0,-0.008024790258290952,0.0,1.1554823249908301,1.1503081872435899,-0.021649733809950056
2023-04-21,base,Base Equity Minimum Variance,minimum_variance,False,0.006285024967436074,0.0,0.0,0.006285024967436074,0.0,1.1627445602528286,1.1575379029206618,-0.015500777960048007
2023-04-24,base,Base Equity Minimum Variance,minimum_variance,False,0.0009774202343712627,0.0,0.0,0.0009774202343712627,0.0,1.163881050313425,1.1586693038890281,-0.014538508499703395
2023-04-25,base,Base Equity Minimum Variance,minimum_variance,False,-0.0016133750591762737,0.0,0.0,-0.0016133750591762737,0.0,1.1620032736550014,1.1567999357323004,-0.016128427491868602
2023-04-26,base,Base Equity Minimum Variance,minimum_variance,False,-0.018364579259762204,0.0,0.0,-0.018364579259762204,0.0,1.140663572435861,1.1355557916248569,-0.03419681496662097
2023-04-27,base,Base Equity Minimum Variance,minimum_variance,False,0.0016519106208346054,0.0,0.0,0.0016519106208346054,0.0,1.1425478467059669,1.1374316282975923,-0.03260139442762844
2023-04-28,base,Base Equity Minimum Variance,minimum_variance,False,0.0036245217758099258,0.0,0.0,0.0036245217758099258,0.0,1.1466890362562574,1.141554274002852,-0.02909503711584316
2023-05-01,base,Base Equity Minimum Variance,minimum_variance,True,0.0003062229399983054,0.06190604404604636,6.190604404604636e-05,0.00024431689595225906,0.0,1.1470401787442037,1.1418331749996373,-0.028857828629046622
2023-05-02,base,Base Equity Minimum Variance,minimum_variance,False,-0.010846870504607352,0.0,0.0,-0.010846870504607352,0.0,1.1345983824617838,1.1294478584125516,-0.03939168200347065
2023-05-03,base,Base Equity Minimum Variance,minimum_variance,False,-0.008478799552329316,0.0,0.0,-0.008478799552329316,0.0,1.1249783502044932,1.119871496416264,-0.04753648738006333
2023-05-04,base,Base Equity Minimum Variance,minimum_variance,False,4.3637950757911435e-05,0.0,0.0,4.3637950757911435e-05,0.0,1.1250274419543433,1.11992036531348,-0.04749492382420084
2023-05-05,base,Base Equity Minimum Variance,minimum_variance,False,0.01099799554616059,0.0,0.0,0.01099799554616059,0.0,1.1374004887502656,1.132237244503252,-0.03701927723872411
2023-05-08,base,Base Equity Minimum Variance,minimum_variance,False,-0.0014284363294748096,0.0,0.0,-0.0014284363294748096,0.0,1.1357757845709724,1.1306199156896193,-0.03839483388770004
2023-05-09,base,Base Equity Minimum Variance,minimum_variance,False,-0.004574138467302616,0.0,0.0,-0.004574138467302616,0.0,1.1305805888645355,1.125448303641365,-0.04279334906837129
2023-05-10,base,Base Equity Minimum Variance,minimum_variance,False,-0.0008865902752727237,0.0,0.0,-0.0008865902752727237,0.0,1.129578227109036,1.1244504921200342,-0.04364199917651368
2023-05-11,base,Base Equity Minimum Variance,minimum_variance,False,-0.002322223544946774,0.0,0.0,-0.002322223544946774,0.0,1.1269550939541841,1.121839266712106,-0.04586287624342433
2023-05-12,base,Base Equity Minimum Variance,minimum_variance,False,0.0012576264546945986,0.0,0.0,0.0012576264546945986,0.0,1.1283723824935938,1.1232501214518384,-0.0446629281551818
2023-05-15,base,Base Equity Minimum Variance,minimum_variance,False,-0.0029133796364122985,0.0,0.0,-0.0029133796364122985,0.0,1.125085005372147,1.119977667421403,-0.047446187726204236
2023-05-16,base,Base Equity Minimum Variance,minimum_variance,False,-0.016358220846156797,0.0,0.0,-0.016358220846156797,0.0,1.10668061638357,1.1016568253949601,-0.06302827335522754
2023-05-17,base,Base Equity Minimum Variance,minimum_variance,False,-2.8370557821122844e-05,0.0,0.0,-2.8370557821122844e-05,0.0,1.1066492192371535,1.1016255707762963,-0.06305485576577508
2023-05-18,base,Base Equity Minimum Variance,minimum_variance,False,-0.0003310665437572537,0.0,0.0,-0.0003310665437572537,0.0,1.106282844704989,1.1012608594060649,-0.06336504695636669
2023-05-19,base,Base Equity Minimum Variance,minimum_variance,False,-0.00018669602703380535,0.0,0.0,-0.00018669602703380535,0.0,1.106076306093107,1.101055258378886,-0.06353991298088091
2023-05-22,base,Base Equity Minimum Variance,minimum_variance,False,-0.004577216354066282,0.0,0.0,-0.004577216354066282,0.0,1.1010135555360123,1.0960154902435035,-0.06782629340611512
2023-05-23,base,Base Equity Minimum Variance,minimum_variance,False,-0.004017650746550288,0.0,0.0,-0.004017650746550288,0.0,1.0965900676026512,1.0916120827908962,-0.0715714417943265
2023-05-24,base,Base Equity Minimum Variance,minimum_variance,False,-0.006751135411636827,0.0,0.0,-0.006751135411636827,0.0,1.0891868395652098,1.084242461802996,-0.07783938871080365
2023-05-25,base,Base Equity Minimum Variance,minimum_variance,False,-0.014090576845472746,0.0,0.0,-0.014090576845472746,0.0,1.0738395687032385,1.0689648600758364,-0.09083316366804217
2023-05-26,base,Base Equity Minimum Variance,minimum_variance,False,0.00014687925892631505,0.0,0.0,0.00014687925892631505,0.0,1.0739972934632953,1.0691218688423025,-0.09069962591688141
2023-05-30,base,Base Equity Minimum Variance,minimum_variance,False,-0.003608398218753336,0.0,0.0,-0.003608398218753336,0.0,1.0701218835426165,1.0652640513951417,-0.09398074376703469
2023-05-31,base,Base Equity Minimum Variance,minimum_variance,False,0.006753068286498762,0.0,0.0,0.006753068286498762,0.0,1.0773484896970564,1.0724578522773653,-0.08786233386081066
2023-06-01,base,Base Equity Minimum Variance,minimum_variance,True,-0.0034578441696080046,0.1237736618535592,0.00012377366185355922,-0.0035816178314615637,0.0,1.0736231865033214,1.0686167181101578,-0.09112926239060248
2023-06-02,base,Base Equity Minimum Variance,minimum_variance,False,0.006007595179453561,0.0,0.0,0.006007595179453561,0.0,1.0800730799831084,1.0750365347545598,-0.08566913492859396
2023-06-05,base,Base Equity Minimum Variance,minimum_variance,False,0.002585523523193813,0.0,0.0,0.002585523523193813,0.0,1.082865634338173,1.0778160670034604,-0.08330511096896975
2023-06-06,base,Base Equity Minimum Variance,minimum_variance,False,-0.006156021418049855,0.0,0.0,-0.006156021418049855,0.0,1.0761994903003171,1.0711810082102688,-0.08894830433966161
2023-06-07,base,Base Equity Minimum Variance,minimum_variance,False,0.003902534540967188,0.0,0.0,0.003902534540967188,0.0,1.0803993959841853,1.0753613290944375,-0.08539289362874036
2023-06-08,base,Base Equity Minimum Variance,minimum_variance,False,0.006460279177994346,0.0,0.0,0.006460279177994346,0.0,1.0873790777059797,1.0823084634976068,-0.07948427638340438
2023-06-09,base,Base Equity Minimum Variance,minimum_variance,False,-0.000648613291647652,0.0,0.0,-0.000648613291647652,0.0,1.08667378918312,1.0816064638425196,-0.08008133511691262
2023-06-12,base,Base Equity Minimum Variance,minimum_variance,False,-0.0020319615226170582,0.0,0.0,-0.0020319615226170582,0.0,1.0844657098558634,1.0794086811253776,-0.08195057444789244
2023-06-13,base,Base Equity Minimum Variance,minimum_variance,False,0.005228386588314663,0.0,0.0,0.005228386588314663,0.0,1.090135715828761,1.085052246997084,-0.07715065714392566
2023-06-14,base,Base Equity Minimum Variance,minimum_variance,False,-0.0008276547762860121,0.0,0.0,-0.0008276547762860121,0.0,1.0892334597967555,1.084154198322337,-0.0779144578103329
2023-06-15,base,Base Equity Minimum Variance,minimum_variance,False,0.011418906117369211,0.0,0.0,0.011418906117369211,0.0,1.101671314414072,1.0965340533297316,-0.06738524957188552
2023-06-16,base,Base Equity Minimum Variance,minimum_variance,False,0.0008956801545734688,0.0,0.0,0.0008956801545734688,0.0,1.1026580595472555,1.097516197120113,-0.06654992504806456
2023-06-20,base,Base Equity Minimum Variance,minimum_variance,False,-0.008390951919371848,0.0,0.0,-0.008390951919371848,0.0,1.0934057087860864,1.0883069914793464,-0.07438245974612023
2023-06-21,base,Base Equity Minimum Variance,minimum_variance,False,-0.0023571018290894064,0.0,0.0,-0.0023571018290894064,0.0,1.09082844018997,1.0857417410791197,-0.07656423454328987
2023-06-22,base,Base Equity Minimum Variance,minimum_variance,False,0.004883026659478951,0.0,0.0,0.004883026659478951,0.0,1.0961549845443355,1.0910434469461183,-0.07205507308224823
2023-06-23,base,Base Equity Minimum Variance,minimum_variance,False,-0.0069513212700881,0.0,0.0,-0.0069513212700881,0.0,1.0885352590849593,1.0834592534267715,-0.07850551639020198
2023-06-26,base,Base Equity Minimum Variance,minimum_variance,False,0.004383969537220208,0.0,0.0,0.004383969537220208,0.0,1.0933073645009779,1.0882091057886139,-0.07446571264534019
2023-06-27,base,Base Equity Minimum Variance,minimum_variance,False,0.0027509547460861307,0.0,0.0,0.0027509547460861307,0.0,1.0963150035842828,1.0912027197929173,-0.07191960970487632
2023-06-28,base,Base Equity Minimum Variance,minimum_variance,False,-0.002782610601993359,0.0,0.0,-0.002782610601993359,0.0,1.0932643858321849,1.0881663275358975,-0.07450209603841373
2023-06-29,base,Base Equity Minimum Variance,minimum_variance,False,0.0014347835366525898,0.0,0.0,0.0014347835366525898,0.0,1.0948329835741855,1.0897276106677858,-0.07317420688260312
2023-06-30,base,Base Equity Minimum Variance,minimum_variance,False,0.007548893493871416,0.0,0.0,0.007548893493871416,0.0,1.1030977611607644,1.097953848338048,-0.06617769768298687
2023-07-03,base,Base Equity Minimum Variance,minimum_variance,True,0.004770708917215605,0.10801525906177593,0.00010801525906177594,0.004662693658153829,0.0,1.1083603194864946,1.1030732707836393,-0.06182357035613084
2023-07-05,base,Base Equity Minimum Variance,minimum_variance,False,0.002388622658901874,0.0,0.0,0.002388622658901874,0.0,1.1110077740598476,1.105708096592662,-0.05958262087823585
2023-07-06,base,Base Equity Minimum Variance,minimum_variance,False,-0.008235401042868885,0.0,0.0,-0.008235401042868885,0.0,1.1018581794787197,1.0966021469808742,-0.06732733514298728
2023-07-07,base,Base Equity Minimum Variance,minimum_variance,False,-0.011320741478751187,0.0,0.0,-0.011320741478751187,0.0,1.0893843278825937,1.0841877975698602,-0.0778858812661315
2023-07-10,base,Base Equity Minimum Variance,minimum_variance,False,0.002896142849881889,0.0,0.0,0.002896142849881889,0.0,1.0925393405145643,1.0873277603077214,-0.07521530705438517
2023-07-11,base,Base Equity Minimum Variance,minimum_variance,False,0.01048828684674793,0.0,0.0,0.01048828684674793,0.0,1.1039982065092377,1.0987319657542607,-0.06551589992328999
2023-07-12,base,Base Equity Minimum Variance,minimum_variance,False,-0.0003140553943642091,0.0,0.0,-0.0003140553943642091,0.0,1.103651489917115,1.0983869030534552,-0.06580937969586653
2023-07-13,base,Base Equity Minimum Variance,minimum_variance,False,0.0017785911924772199,0.0,0.0,0.0017785911924772199,0.0,1.1056144347366461,1.1003404843251585,-0.06414783648649869
2023-07-14,base,Base Equity Minimum Variance,minimum_variance,False,9.460527459080961e-05,0.0,0.0,9.460527459080961e-05,0.0,1.105719031693836,1.1004445823388214,-0.06405929993559323
2023-07-17,base,Base Equity Minimum Variance,minimum_variance,False,-0.005026205959306679,0.0,0.0,-0.005026205959306679,0.0,1.1001614601074174,1.0949135212211831,-0.06876353065981466
2023-07-18,base,Base Equity Minimum Variance,minimum_variance,False,0.002199261793223794,0.0,0.0,0.002199261793223794,0.0,1.102581003173009,1.097321522695289,-0.06671549787233821
2023-07-19,base,Base Equity Minimum Variance,minimum_variance,False,0.005938892109329,0.0,0.0,0.005938892109329,0.0,1.1091291127926493,1.1038383968278211,-0.061172821906892993
2023-07-20,base,Base Equity Minimum Variance,minimum_variance,False,0.013184716439342688,0.0,0.0,0.013184716439342688,0.0,1.1237526656394399,1.1183921930848546,-0.04879465177818709
2023-07-21,base,Base Equity Minimum Variance,minimum_variance,False,0.006029087834536751,0.0,0.0,0.006029087834536751,0.0,1.130527869164875,1.1251350778504234,-0.043059751185076656
2023-07-24,base,Base Equity Minimum Variance,minimum_variance,False,0.0029296023034056707,0.0,0.0,0.0029296023034056707,0.0,1.1338398662144449,1.1284312761661366,-0.04025629682792686
2023-07-25,base,Base Equity Minimum Variance,minimum_variance,False,-0.001502887678805497,0.0,0.0,-0.001502887678805497,0.0,1.1321358322497728,1.1267353707048078,-0.04169868381423525
2023-07-26,base,Base Equity Minimum Variance,minimum_variance,False,0.000792368721729936,0.0,0.0,0.000792368721729936,0.0,1.133032901271997,1.127628160570221,-0.040939355825297064
2023-07-27,base,Base Equity Minimum Variance,minimum_variance,False,-0.004443316104907585,0.0,0.0,-0.004443316104907585,0.0,1.127998477934385,1.122617752204012,-0.0452007654311416
2023-07-28,base,Base Equity Minimum Variance,minimum_variance,False,0.0023802499067819443,0.0,0.0,0.0023802499067819443,0.0,1.1306833962063385,1.1252898630040473,-0.04292810464206365
2023-07-31,base,Base Equity Minimum Variance,minimum_variance,False,-0.0035497776323533286,0.0,0.0,-0.0035497776323533286,0.0,1.126669721577212,1.1212953342184415,-0.04632549704875932
2023-08-01,base,Base Equity Minimum Variance,minimum_variance,True,-0.005396203165488295,0.06698154471124544,6.698154471124544e-05,-0.005463184710199541,0.0,1.1205899828591772,1.1151694906929213,-0.05153559701178967
2023-08-02,base,Base Equity Minimum Variance,minimum_variance,False,-0.010299504130141522,0.0,0.0,-0.010299504130141522,0.0,1.109048461702524,1.1036837979177219,-0.061304310047658794
2023-08-03,base,Base Equity Minimum Variance,minimum_variance,False,-0.005409637206613651,0.0,0.0,-0.005409637206613651,0.0,1.1030489118801603,1.0977132689801694,-0.06638231317771293
2023-08-04,base,Base Equity Minimum Variance,minimum_variance,False,-0.0010418517377898994,0.0,0.0,-0.0010418517377898994,0.0,1.1018996984544507,1.0965696145032873,-0.06735500438716024
2023-08-07,base,Base Equity Minimum Variance,minimum_variance,False,0.014358639068706706,0.0,0.0,0.014358639068706706,0.0,1.117721478514475,1.1123148618116507,-0.05396349151591995
2023-08-08,base,Base Equity Minimum Variance,minimum_variance,False,-0.0009952389433495637,0.0,0.0,-0.0009952389433495637,0.0,1.116609078571239,1.1112078427439094,-0.05490502389099372
2023-08-09,base,Base Equity Minimum Variance,minimum_variance,False,0.002371008604274259,0.0,0.0,0.002371008604274259,0.0,1.1192565683041422,1.1138425261001923,-0.052664195570782835
2023-08-10,base,Base Equity Minimum Variance,minimum_variance,False,-0.00010077726814782876,0.0,0.0,-0.00010077726814782876,0.0,1.1191437726848321,1.113730276093265,-0.05275966548517186
2023-08-11,base,Base Equity Minimum Variance,minimum_variance,False,0.005509862254268117,0.0,0.0,0.005509862254268117,0.0,1.1253101007150477,1.119866776502947,-0.047540501720308104
2023-08-14,base,Base Equity Minimum Variance,minimum_variance,False,-3.160988690599281e-05,0.0,0.0,-3.160988690599281e-05,0.0,1.12527452979003,1.119831377640792,-0.04757060885733133
2023-08-15,base,Base Equity Minimum Variance,minimum_variance,False,-0.0054673215952234615,0.0,0.0,-0.0054673215952234615,0.0,1.119122292052754,1.1137088993668076,-0.052777846635451264
2023-08-16,base,Base Equity Minimum Variance,minimum_variance,False,-0.003037040124869734,0.0,0.0,-0.003037040124869734,0.0,1.1157234727471534,1.110326520752006,-0.05565459832238484
2023-08-17,base,Base Equity Minimum Variance,minimum_variance,False,-0.006060089968618294,0.0,0.0,-0.006060089968618294,0.0,1.1089620881222064,1.103597842141706,-0.061377416418002206
2023-08-18,base,Base Equity Minimum Variance,minimum_variance,False,0.0019547994064344956,0.0,0.0,0.0019547994064344956,0.0,1.111129886553826,1.105755154548467,-0.05954259754875013
2023-08-21,base,Base Equity Minimum Variance,minimum_variance,False,-0.0021903431047747253,0.0,0.0,-0.0021903431047747253,0.0,1.1086961308683037,1.1033331713701326,-0.06160252193554361
2023-08-22,base,Base Equity Minimum Variance,minimum_variance,False,-0.004856654830942195,0.0,0.0,-0.004856654830942195,0.0,1.1033115764482753,1.0979746629932592,-0.06615999458072919
2023-08-23,base,Base Equity Minimum Variance,minimum_variance,False,0.008366680503256778,0.0,0.0,0.008366680503256778,0.0,1.1125426319039624,1.1071610661991949,-0.058346853614226535
2023-08-24,base,Base Equity Minimum Variance,minimum_variance,False,-0.009929430795446718,0.0,0.0,-0.009929430795446718,0.0,1.1014957168334878,1.096167587012957,-0.06769693336457872
2023-08-25,base,Base Equity Minimum Variance,minimum_variance,False,0.0026821633809749794,0.0,0.0,0.0026821633809749794,0.0,1.1044501083094795,1.099107687574255,-0.06519634421927845
2023-08-28,base,Base Equity Minimum Variance,minimum_variance,False,0.004004751999492823,0.0,0.0,0.004004751999492823,0.0,1.108873157089072,1.1035093412837258,-0.06145268740965748
2023-08-29,base,Base Equity Minimum Variance,minimum_variance,False,0.007126763089625307,0.0,0.0,0.007126763089625307,0.0,1.1167758333760907,1.1113737909262433,-0.0547638830644217
2023-08-30,base,Base Equity Minimum Variance,minimum_variance,False,0.001425654366492837,0.0,0.0,0.001425654366492837,0.0,1.118367969719337,1.1129582258240829,-0.05341630306694589
2023-08-31,base,Base Equity Minimum Variance,minimum_variance,False,-0.004749501814648933,0.0,0.0,-0.004749501814648933,0.0,1.1130562790177096,1.1076722287109029,-0.05791210405324654
2023-09-01,base,Base Equity Minimum Variance,minimum_variance,True,0.0026961095840503336,0.061925530261359114,6.192553026135911e-05,0.0026341840537889745,0.0,1.1160572007191567,1.110590041232598,-0.055430471140476056
2023-09-05,base,Base Equity Minimum Variance,minimum_variance,False,-0.009095726410545011,0.0,0.0,-0.009095726410545011,0.0,1.1059058497628966,1.1004884180632704,-0.06402201715071965
2023-09-06,base,Base Equity Minimum Variance,minimum_variance,False,-0.0048143562267385365,0.0,0.0,-0.0048143562267385365,0.0,1.100581625048904,1.0951902747953137,-0.06852814858054035
2023-09-07,base,Base Equity Minimum Variance,minimum_variance,False,0.009072537069649599,0.0,0.0,0.009072537069649599,0.0,1.1105666926403355,1.105126429161714,-0.06007733567920215
2023-09-08,base,Base Equity Minimum Variance,minimum_variance,False,0.004502245629088625,0.0,0.0,0.004502245629088625,0.0,1.1155667366780868,1.1101019797969975,-0.05584557297208259
2023-09-11,base,Base Equity Minimum Variance,minimum_variance,False,0.004160202154010327,0.0,0.0,0.004160202154010327,0.0,1.1202077198189573,1.1147202284445201,-0.05191769969104265
2023-09-12,base,Base Equity Minimum Variance,minimum_variance,False,-0.0013118381064792172,0.0,0.0,-0.0013118381064792172,0.0,1.1187381886449266,1.1132578959707835,-0.053161430180666325
2023-09-13,base,Base Equity Minimum Variance,minimum_variance,False,0.0008501814850867171,0.0,0.0,0.0008501814850867171,0.0,1.119689319139572,1.1142043672220645,-0.052356445559239906
2023-09-14,base,Base Equity Minimum Variance,minimum_variance,False,0.008655392961999776,0.0,0.0,0.008655392961999776,0.0,1.129380670192079,1.1238482438603477,-0.044154218207648976
2023-09-15,base,Base Equity Minimum Variance,minimum_variance,False,-0.008569949554161828,0.0,0.0,-0.008569949554161828,0.0,1.1197019348210875,1.1142169211039312,-0.05234576833916771
2023-09-18,base,Base Equity Minimum Variance,minimum_variance,False,0.0014025010944537241,0.0,0.0,0.0014025010944537241,0.0,1.121272318010136,1.1157796115552385,-0.05101668224209954
2023-09-19,base,Base Equity Minimum Variance,minimum_variance,False,0.0017382362829791202,0.0,0.0,0.0017382362829791202,0.0,1.1232213542364013,1.1177191001598523,-0.04936712500723073
2023-09-20,base,Base Equity Minimum Variance,minimum_variance,False,0.0018992691956537379,0.0,0.0,0.0018992691956537379,0.0,1.1253546539544028,1.1198419496161796,-0.04756161727138142
2023-09-21,base,Base Equity Minimum Variance,minimum_variance,False,-0.014311690548031986,0.0,0.0,-0.014311690548031986,0.0,1.1092489263902199,1.103815118170568,-0.06119262067106135
2023-09-22,base,Base Equity Minimum Variance,minimum_variance,False,-0.0029399079934550377,0.0,0.0,-0.0029399079934550377,0.0,1.105987836604794,1.100570003281362,-0.06395262798986501
2023-09-25,base,Base Equity Minimum Variance,minimum_variance,False,0.00022073810872012562,0.0,0.0,0.00022073810872012562,0.0,1.1062319702681134,1.1008129410224001,-0.06374600666329522
2023-09-26,base,Base Equity Minimum Variance,minimum_variance,False,-0.005550361584293058,0.0,0.0,-0.005550361584293058,0.0,1.1000919828370204,1.0947030311630568,-0.06894255486105227
2023-09-27,base,Base Equity Minimum Variance,minimum_variance,False,-0.004625203377536033,0.0,0.0,-0.004625203377536033,0.0,1.0950038336824022,1.0896398070059226,-0.07324888490098891
2023-09-28,base,Base Equity Minimum Variance,minimum_variance,False,0.003057779045116022,0.0,0.0,0.003057779045116022,0.0,1.098352113459358,1.0929716847745097,-0.07041508476120106
2023-09-29,base,Base Equity Minimum Variance,minimum_variance,False,-0.004549378916633396,0.0,0.0,-0.004549378916633396,0.0,1.0933552935113462,1.0879993424353192,-0.07464411877580901
2023-10-02,base,Base Equity Minimum Variance,minimum_variance,True,-0.0068726913499665,0.06977961167141351,6.977961167141351e-05,-0.0069424709616379135,0.0,1.0858410000431906,1.0804459385941807,-0.08106837511038889
2023-10-03,base,Base Equity Minimum Variance,minimum_variance,False,-0.008613174155125825,0.0,0.0,-0.008613174155125825,0.0,1.0764884624050426,1.0711398695598706,-0.08898329323221588
2023-10-04,base,Base Equity Minimum Variance,minimum_variance,False,0.007033803785881034,0.0,0.0,0.007033803785881034,0.0,1.0840602710273644,1.078674057229589,-0.08257538047115176
2023-10-05,base,Base Equity Minimum Variance,minimum_variance,False,-0.0026790874949391835,0.0,0.0,-0.0026790874949391835,0.0,1.0811559787114946,1.07578419505175,-0.08503324129688083
2023-10-06,base,Base Equity Minimum Variance,minimum_variance,False,0.0047333973884080205,0.0,0.0,0.0047333973884080205,0.0,1.0862735195975894,1.0808763091510984,-0.08070234003075538
2023-10-09,base,Base Equity Minimum Variance,minimum_variance,False,0.0070312286510978254,0.0,0.0,0.0070312286510978254,0.0,1.0939113570915129,1.0884761976242945,-0.07423854798509244
2023-10-10,base,Base Equity Minimum Variance,minimum_variance,False,0.007507473009778777,0.0,0.0,0.007507473009778777,0.0,1.102123867079968,1.0966479032997456,-0.06728841887059689
2023-10-11,base,Base Equity Minimum Variance,minimum_variance,False,0.004973800471346572,0.0,0.0,0.004973800471346572,0.0,1.1076056112895327,1.1021024111580793,-0.06264929756874482
2023-10-12,base,Base Equity Minimum Variance,minimum_variance,False,-0.0028546885962635786,0.0,0.0,-0.0028546885962635786,0.0,1.104443742181827,1.0989562519730316,-0.06532514192967509
2023-10-13,base,Base Equity Minimum Variance,minimum_variance,False,0.002322137176515287,0.0,0.0,0.002322137176515287,0.0,1.1070084120549168,1.1015081791411019,-0.06315469869379609
2023-10-16,base,Base Equity Minimum Variance,minimum_variance,False,0.005291353544501933,0.0,0.0,0.005291353544501933,0.0,1.112865984939837,1.1073366483490978,-0.05819751898807968
2023-10-17,base,Base Equity Minimum Variance,minimum_variance,False,0.0035285602806828446,0.0,0.0,0.0035285602806828446,0.0,1.1167927996520188,1.1112439524638071,-0.054874312161332206
2023-10-18,base,Base Equity Minimum Variance,minimum_variance,False,-0.009608283407305344,0.0,0.0,-0.009608283407305344,0.0,1.1060623379257242,1.1005668056338807,-0.06395534762561061
2023-10-19,base,Base Equity Minimum Variance,minimum_variance,False,-0.008532996047478382,0.0,0.0,-0.008532996047478382,0.0,1.0966243123679393,1.0911756734314209,-0.0719426129445846
2023-10-20,base,Base Equity Minimum Variance,minimum_variance,False,-0.0011366094225431468,0.0,0.0,-0.0011366094225431468,0.0,1.095377878841512,1.089935432879349,-0.07299745171537242
2023-10-23,base,Base Equity Minimum Variance,minimum_variance,False,-0.006034950114831002,0.0,0.0,-0.006034950114831002,0.0,1.088767327985814,1.0833577269135353,-0.07859186585059141
2023-10-24,base,Base Equity Minimum Variance,minimum_variance,False,0.012486474334663326,0.0,0.0,0.012486474334663326,0.0,1.102362193283129,1.0968850453659003,-0.06708672683178485
2023-10-25,base,Base Equity Minimum Variance,minimum_variance,False,-0.004833602041129176,0.0,0.0,-0.004833602041129176,0.0,1.0970338131356119,1.0915831395717357,-0.07159605833316718
2023-10-26,base,Base Equity Minimum Variance,minimum_variance,False,-0.0028080593764203926,0.0,0.0,-0.0028080593764203926,0.0,1.0939532770503861,1.088517909301519,-0.07420307172667029
2023-10-27,base,Base Equity Minimum Variance,minimum_variance,False,-0.0198786186737842,0.0,0.0,-0.0198786186737842,0.0,1.072206997008965,1.0668796768629292,-0.09260663583317663
2023-10-30,base,Base Equity Minimum Variance,minimum_variance,False,0.0029856427138165685,0.0,0.0,0.0029856427138165685,0.0,1.075408224017288,1.070064998396674,-0.08989748344688642
2023-10-31,base,Base Equity Minimum Variance,minimum_variance,False,0.005405680386614619,0.0,0.0,0.005405680386614619,0.0,1.0812215371614624,1.0758494277709096,-0.08497776012334668
2023-11-01,base,Base Equity Minimum Variance,minimum_variance,True,0.005553397046284908,0.12300569445480086,0.00012300569445480085,0.005430391351830107,0.0,1.0872259896523144,1.081691711199348,-0.08000883126518843
2023-11-02,base,Base Equity Minimum Variance,minimum_variance,False,0.01585376885097737,0.0,0.0,0.01585376885097737,0.0,1.1044626191810374,1.0988406015567207,-0.06542350393112617
2023-11-03,base,Base Equity Minimum Variance,minimum_variance,False,0.002975460774577051,0.0,0.0,0.002975460774577051,0.0,1.1077489043813973,1.1021101586641655,-0.06264270822623141
2023-11-06,base,Base Equity Minimum Variance,minimum_variance,False,-0.00025746376098800144,0.0,0.0,-0.00025746376098800144,0.0,1.1074636991822449,1.1018264052376927,-0.06288404375996104
2023-11-07,base,Base Equity Minimum Variance,minimum_variance,False,0.0007399877315001503,0.0,0.0,0.0007399877315001503,0.0,1.1082832087327215,1.1026417432598115,-0.06219058944935041
2023-11-08,base,Base Equity Minimum Variance,minimum_variance,False,-1.2696992700282845e-05,0.0,0.0,-1.2696992700282845e-05,0.0,1.1082691368689104,1.1026277430256464,-0.06220249680859036
2023-11-09,base,Base Equity Minimum Variance,minimum_variance,False,-0.010667717756017617,0.0,0.0,-0.010667717756017617,0.0,1.0964464345190876,1.090865221473094,-0.07220665588493436
2023-11-10,base,Base Equity Minimum Variance,minimum_variance,False,0.005428768099226171,0.0,0.0,0.005428768099226171,0.0,1.1023987879453152,1.0967872757879826,-0.06716988097572796
2023-11-13,base,Base Equity Minimum Variance,minimum_variance,False,0.001686838840115256,0.0,0.0,0.001686838840115256,0.0,1.1042583570381173,1.098637379164126,-0.0655963468997286
2023-11-14,base,Base Equity Minimum Variance,minimum_variance,False,0.00937003156691722,0.0,0.0,0.00937003156691722,0.0,1.1146052927015966,1.108931646087489,-0.05684095517393628
2023-11-15,base,Base Equity Minimum Variance,minimum_variance,False,0.002541785466493604,0.0,0.0,0.002541785466493604,0.0,1.1174383802354622,1.1117503124288488,-0.05444364722120554
2023-11-16,base,Base Equity Minimum Variance,minimum_variance,False,-0.005419439156512386,0.0,0.0,-0.005419439156512386,0.0,1.1113824909226242,1.1057252492534069,-0.059568032344144095
2023-11-17,base,Base Equity Minimum Variance,minimum_variance,False,0.00031737216102636185,0.0,0.0,0.00031737216102636185,0.0,1.1117352127854951,1.1060761756652637,-0.059269565418271
2023-11-20,base,Base Equity Minimum Variance,minimum_variance,False,0.004194975964016182,0.0,0.0,0.004194975964016182,0.0,1.1163989152814806,1.1107161386365503,-0.05532322385658228
2023-11-21,base,Base Equity Minimum Variance,minimum_variance,False,0.002621980341445875,0.0,0.0,0.002621980341445875,0.0,1.11932609129056,1.113628414516982,-0.05284629992051382
2023-11-22,base,Base Equity Minimum Variance,minimum_variance,False,0.00018131545303488796,0.0,0.0,0.00018131545303488796,0.0,1.119529042407896,1.1138303325574725,-0.05267456631829026
2023-11-24,base,Base Equity Minimum Variance,minimum_variance,False,0.0038664029438442342,0.0,0.0,0.0038664029438442342,0.0,1.123857592793181,1.1181368494342157,-0.049011824472724896
2023-11-27,base,Base Equity Minimum Variance,minimum_variance,False,0.00015257527049927398,0.0,0.0,0.00015257527049927398,0.0,1.124029065669404,1.118307449466473,-0.04886672719460239
2023-11-28,base,Base Equity Minimum Variance,minimum_variance,False,-0.0019725621471161645,0.0,0.0,-0.0019725621471161645,0.0,1.1218118484822062,1.1161015185228176,-0.050742896685400996
2023-11-29,base,Base Equity Minimum Variance,minimum_variance,False,0.0007726634409375398,0.0,0.0,0.0007726634409375398,0.0,1.122678631485139,1.116963889362555,-0.0500094404256195
2023-11-30,base,Base Equity Minimum Variance,minimum_variance,False,0.010534991727871439,0.0,0.0,0.010534991727871439,0.0,1.134506041580893,1.1287310946973208,-0.04000129773894734
2023-12-01,base,Base Equity Minimum Variance,minimum_variance,True,0.0049511505223210905,0.12121416275817526,0.00012121416275817526,0.004829936359562915,0.0,1.1401231517612425,1.1341827940517688,-0.035364565101763334
2023-12-04,base,Base Equity Minimum Variance,minimum_variance,False,0.001620630322717194,0.0,0.0,0.001620630322717194,0.0,1.1419708699126185,1.136020885079313,-0.03380124766559989
2023-12-05,base,Base Equity Minimum Variance,minimum_variance,False,0.0016582272577035744,0.0,0.0,0.0016582272577035744,0.0,1.143864517136611,1.137904665876272,-0.03219907055811999
2023-12-06,base,Base Equity Minimum Variance,minimum_variance,False,-0.0010322633441371765,0.0,0.0,-0.0010322633441371765,0.0,1.1426837477249117,1.1367300486005651,-0.03319809598200474
2023-12-07,base,Base Equity Minimum Variance,minimum_variance,False,0.00130571910281952,0.0,0.0,0.00130571910281952,0.0,1.1441757717227976,1.138214298739772,-0.03193572426728597
2023-12-08,base,Base Equity Minimum Variance,minimum_variance,False,-0.0006999787010140296,0.0,0.0,-0.0006999787010140296,0.0,1.1433748730523754,1.1374175729734646,-0.03261334864151144
2023-12-11,base,Base Equity Minimum Variance,minimum_variance,False,0.007227970895969442,0.0,0.0,0.007227970895969442,0.0,1.1516391533579808,1.145638794087481,-0.02562110608034296
2023-12-12,base,Base Equity Minimum Variance,minimum_variance,False,0.0044471544263327105,0.0,0.0,0.0044471544263327105,0.0,1.1567606705163749,1.1507336267215857,-0.02128789266932285
2023-12-13,base,Base Equity Minimum Variance,minimum_variance,False,0.014658680504101684,0.0,0.0,0.014658680504101684,0.0,1.173717255605185,1.167601863301024,-0.0069412645824662444
2023-12-14,base,Base Equity Minimum Variance,minimum_variance,False,-0.001208262320966939,0.0,0.0,-0.001208262320966939,0.0,1.1722990972697684,1.1661910939637066,-0.008141140034978234
2023-12-15,base,Base Equity Minimum Variance,minimum_variance,False,-0.005273593939737584,0.0,0.0,-0.005273593939737584,0.0,1.1661168678548468,1.1600410756780035,-0.01337180090796486
2023-12-18,base,Base Equity Minimum Variance,minimum_variance,False,0.0023717002877175425,0.0,0.0,0.0023717002877175425,0.0,1.1688825475658504,1.1627923454309532,-0.011031814524308015
2023-12-19,base,Base Equity Minimum Variance,minimum_variance,False,0.00414899313102507,0.0,0.0,0.00414899313102507,0.0,1.1737322332266762,1.1676167628849548,-0.006928592315967097
2023-12-20,base,Base Equity Minimum Variance,minimum_variance,False,-0.012383277004943318,0.0,0.0,-0.012383277004943318,0.0,1.1591975818529996,1.1531578410745351,-0.01922607064300752
2023-12-21,base,Base Equity Minimum Variance,minimum_variance,False,0.007881994004501323,0.0,0.0,0.007881994004501323,0.0,1.1683343702431974,1.1622470242641283,-0.01149561641204444
2023-12-22,base,Base Equity Minimum Variance,minimum_variance,False,0.00580162502065241,0.0,0.0,0.00580162502065241,0.0,1.1751126081580887,1.168989945680278,-0.005760684647195924
2023-12-26,base,Base Equity Minimum Variance,minimum_variance,False,0.0032406962312328193,0.0,0.0,0.0032406962312328193,0.0,1.1789207911586208,1.172778286991593,-0.002538657044988679
2023-12-27,base,Base Equity Minimum Variance,minimum_variance,False,0.003037030923978829,0.0,0.0,0.003037030923978829,0.0,1.1825012100582912,1.1763400509161575,0.0
2023-12-28,base,Base Equity Minimum Variance,minimum_variance,False,0.0027475797757561924,0.0,0.0,0.0027475797757561924,0.0,1.1857502264678546,1.1795721390494667,0.0
2023-12-29,base,Base Equity Minimum Variance,minimum_variance,False,-0.0004174424581548371,0.0,0.0,-0.0004174424581548371,0.0,1.1852552439785602,1.179079735556171,-0.00041744245815467096
2021-01-04,coverage_aware_finance,Coverage-aware finance tilt,minimum_variance,True,-0.00858682905388742,1.0,0.001,-0.00958682905388742,0.2,0.9914131709461126,0.9904131709461126,0.0
2021-01-05,coverage_aware_finance,Coverage-aware finance tilt,minimum_variance,False,0.0004642031698523642,0.0,0.0,0.0004642031698523642,0.2,0.9918733880826991,0.9908729238795292,0.0
2021-01-06,coverage_aware_finance,Coverage-aware finance tilt,minimum_variance,False,0.00048429903590312086,0.0,0.0,0.00048429903590312086,0.2,0.9923537514082854,0.9913528026812665,0.0
2021-01-07,coverage_aware_finance,Coverage-aware finance tilt,minimum_variance,False,0.006593328077103931,0.0,0.0,0.006593328077103931,0.2,0.9988966652598651,0.9978891169495006,0.0
2021-01-08,coverage_aware_finance,Coverage-aware finance tilt,minimum_variance,False,0.0005465846469334171,0.0,0.0,0.0005465846469334171,0.2,0.9994426468409692,0.9984345478201672,0.0
2021-01-11,coverage_aware_finance,Coverage-aware finance tilt,minimum_variance,False,-0.0014805839808615788,0.0,0.0,-0.0014805839808615788,0.2,0.9979628880682665,0.9969562816227259,-0.001480583980861594
2021-01-12,coverage_aware_finance,Coverage-aware finance tilt,minimum_variance,False,-0.0033890227913470684,0.0,0.0,-0.0033890227913470684,0.2,0.9945807690956846,0.9935775740623298,-0.00486458903935294
2021-01-13,coverage_aware_finance,Coverage-aware finance tilt,minimum_variance,False,-0.0021477802028824168,0.0,0.0,-0.0021477802028824168,0.2,0.9924446282096533,0.9914435878187308,-0.00700192117420162
2021-01-14,coverage_aware_finance,Coverage-aware finance tilt,minimum_variance,False,0.00035143271399334843,0.0,0.0,0.00035143271399334843,0.2,0.9927934057188331,0.9917920135295691,-0.006652949164369648
2021-01-15,coverage_aware_finance,Coverage-aware finance tilt,minimum_variance,False,-0.0028074866344475068,0.0,0.0,-0.0028074866344475068,0.2,0.9900061515015098,0.9890075707074331,-0.009441757732958633
2021-01-19,coverage_aware_finance,Coverage-aware finance tilt,minimum_variance,False,0.008929156976014605,0.0,0.0,0.008929156976014605,0.2,0.9988460718354869,0.9978385745567466,-0.0005969076938711071
2021-01-20,coverage_aware_finance,Coverage-aware finance tilt,minimum_variance,False,0.014751999389569484,0.0,0.0,0.014751999389569484,0.2,1.0135810484774779,1.0125586885994966,0.0
2021-01-21,coverage_aware_finance,Coverage-aware finance tilt,minimum_variance,False,-0.007536851116278354,0.0,0.0,-0.007536851116278354,0.2,1.005941839020822,1.0049271845170282,-0.00753685111627822
2021-01-22,coverage_aware_finance,Coverage-aware finance tilt,minimum_variance,False,-0.002748396511457204,0.0,0.0,-0.002748396511457204,0.2,1.0031771119797281,1.002165246148833,-0.01026453337242017
2021-01-25,coverage_aware_finance,Coverage-aware finance tilt,minimum_variance,False,0.004522510125463811,0.0,0.0,0.004522510125463811,0.2,1.00771399062629,1.0066975486219292,-0.0057884447030661645
2021-01-26,coverage_aware_finance,Coverage-aware finance tilt,minimum_variance,False,-0.0016601122201062917,0.0,0.0,-0.0016601122201062917,0.2,1.006041072316079,1.005026317719511,-0.007438947455385536
2021-01-27,coverage_aware_finance,Coverage-aware finance tilt,minimum_variance,False,-0.016144312567124383,0.0,0.0,-0.016144312567124383,0.2,0.9897992307892434,0.9888008587080611,-0.02346316332961962
2021-01-28,coverage_aware_finance,Coverage-aware finance tilt,minimum_variance,False,0.0013709240863217214,0.0,0.0,0.0013709240863217214,0.2,0.9911561703953551,0.9901564296218397,-0.022124405459047702
2021-01-29,coverage_aware_finance,Coverage-aware finance tilt,minimum_variance,False,-0.01027936828048973,0.0,0.0,-0.01027936828048973,0.2,0.9809677110963815,0.9799782470264621,-0.03217634882783693
2021-02-01,coverage_aware_finance,Coverage-aware finance tilt,minimum_variance,True,0.003779740833002582,0.06673150155515467,6.673150155515468e-05,0.0037130093314474274,0.2,0.9846755148098695,0.9836169154022869,-0.028582810579839135
2021-02-02,coverage_aware_finance,Coverage-aware finance tilt,minimum_variance,False,0.008805047781328398,0.0,0.0,0.008805047781328398,0.2,0.9933456297668746,0.9922777093409269,-0.02002943581139094
2021-02-03,coverage_aware_finance,Coverage-aware finance tilt,minimum_variance,False,-0.0069859108739542975,0.0,0.0,-0.0069859108739542975,0.2,0.9864062057302913,0.9853457457012597,-0.026875422831911133
2021-02-04,coverage_aware_finance,Coverage-aware finance tilt,minimum_variance,False,0.0008710844970581107,0.0,0.0,0.0008710844970581107,0.2,0.9872654488839048,0.9862040651045821,-0.026027749099033826
2021-02-05,coverage_aware_finance,Coverage-aware finance tilt,minimum_variance,False,0.014507333917435063,0.0,0.0,0.014507333917435063,0.2,1.00158803841601,1.0005112567877863,-0.011898008428897544
2021-02-08,coverage_aware_finance,Coverage-aware finance tilt,minimum_variance,False,0.004935194470780474,0.0,0.0,0.004935194470780474,0.2,1.0065310701652006,1.005448974410239,-0.007021532943528697
2021-02-09,coverage_aware_finance,Coverage-aware finance tilt,minimum_variance,False,-0.0034726897180784107,0.0,0.0,-0.0034726897180784107,0.2,1.0030357000669115,1.0019573620947522,-0.010469839056348906
2021-02-10,coverage_aware_finance,Coverage-aware finance tilt,minimum_variance,False,-0.0056442207811419325,0.0,0.0,-0.0056442207811419325,0.2,0.9973743451243666,0.9963020935297988,-0.016054965754313755
2021-02-11,coverage_aware_finance,Coverage-aware finance tilt,minimum_variance,False,-0.004203000843765797,0.0,0.0,-0.004203000843765797,0.2,0.9931823799102586,0.9921146349900475,-0.02019048756346753
2021-02-12,coverage_aware_finance,Coverage-aware finance tilt,minimum_variance,False,0.00493430092532747,0.0,0.0,0.00493430092532747,0.2,0.9980830406464688,0.9970100271515099,-0.015355812579607164
2021-02-16,coverage_aware_finance,Coverage-aware finance tilt,minimum_variance,False,-0.011137383366720748,0.0,0.0,-0.011137383366720748,0.2,0.9869670071909667,0.9859059442586589,-0.026322172374721342
2021-02-17,coverage_aware_finance,Coverage-aware finance tilt,minimum_variance,False,0.00510652013190417,0.0,0.0,0.00510652013190417,0.2,0.9920069740827128,0.9909404928111798,-0.021350066945964086
2021-02-18,coverage_aware_finance,Coverage-aware finance tilt,minimum_variance,False,-0.0018566371629819146,0.0,0.0,-0.0018566371629819146,0.2,0.9901651770686936,0.989100675865923,-0.02316706478122188
2021-02-19,coverage_aware_finance,Coverage-aware finance tilt,minimum_variance,False,-0.008805534410904708,0.0,0.0,-0.008805534410904708,0.2,0.9814462435295356,0.9803911158287365,-0.03176860080599586
2021-02-22,coverage_aware_finance,Coverage-aware finance tilt,minimum_variance,False,5.5332831374064676e-05,0.0,0.0,5.5332831374064676e-05,0.2,0.9815005497290316,0.9804453636450293,-0.031715025821253184
2021-02-23,coverage_aware_finance,Coverage-aware finance tilt,minimum_variance,False,-0.005613239862080754,0.0,0.0,-0.005613239862080754,0.2,0.9759911517186384,0.9749418886472248,-0.0371502416361672
2021-02-24,coverage_aware_finance,Coverage-aware finance tilt,minimum_variance,False,1.6236222748786415e-05,0.0,0.0,1.6236222748786415e-05,0.2,0.9760069981283784,0.9749577180208959,-0.03713460859301676
2021-02-25,coverage_aware_finance,Coverage-aware finance tilt,minimum_variance,False,-0.008831797922888514,0.0,0.0,-0.008831797922888514,0.2,0.9673871015495836,0.9663470884719749,-0.045638441156866105
2021-02-26,coverage_aware_finance,Coverage-aware finance tilt,minimum_variance,False,-0.017357714177299886,0.0,0.0,-0.017357714177299886,0.2,0.9505954727420793,0.9495735119142125,-0.062203976317067644
2021-03-01,coverage_aware_finance,Coverage-aware finance tilt,minimum_variance,True,0.010359557215136588,0.03332228438486759,3.332228438486759e-05,0.01032623493075172,0.2,0.9604432209304006,0.9593790310822576,-0.05252007425939287
2021-03-02,coverage_aware_finance,Coverage-aware finance tilt,minimum_variance,False,0.00562711154421628,0.0,0.0,0.00562711154421628,0.2,0.9658477420664624,0.9647775639033397,-0.04718849903134459
2021-03-03,coverage_aware_finance,Coverage-aware finance tilt,minimum_variance,False,-0.012661355795179194,0.0,0.0,-0.012661355795179194,0.2,0.9536188001601884,0.9525621719035532,-0.05925238445084757
2021-03-04,coverage_aware_finance,Coverage-aware finance tilt,minimum_variance,False,-0.006251206213272523,0.0,0.0,-0.006251206213272523,0.2,0.9476575323915335,0.9466075093360212,-0.06513319179028987
2021-03-05,coverage_aware_finance,Coverage-aware finance tilt,minimum_variance,False,0.013800268133815059,0.0,0.0,0.013800268133815059,0.2,0.9607354604375661,0.9596709467823411,-0.05223177916759203
2021-03-08,coverage_aware_finance,Coverage-aware finance tilt,minimum_variance,False,-0.0054020568414950435,0.0,0.0,-0.0054020568414950435,0.2,0.9555455128706424,0.9544867497786915,-0.05735167696909138
2021-03-09,coverage_aware_finance,Coverage-aware finance tilt,minimum_variance,False,0.007107168619333156,0.0,0.0,0.007107168619333156,0.2,0.9623367359540612,0.961270448054288,-0.05065211638857903
2021-03-10,coverage_aware_finance,Coverage-aware finance tilt,minimum_variance,False,0.0065640477587283474,0.0,0.0,0.0065640477587283474,0.2,0.9686535602488424,0.9675802731843705,-0.04442055154090607
2021-03-11,coverage_aware_finance,Coverage-aware finance tilt,minimum_variance,False,0.0022815441950352466,0.0,0.0,0.0022815441950352466,0.2,0.9708635861562284,0.9697878503398849,-0.0422403547973792
2021-03-12,coverage_aware_finance,Coverage-aware finance tilt,minimum_variance,False,0.0035462905069778873,0.0,0.0,0.0035462905069778873,0.2,0.9743065504753847,0.9732269997873277,-0.03884386085963054
2021-03-15,coverage_aware_finance,Coverage-aware finance tilt,minimum_variance,False,0.012238893567413379,0.0,0.0,0.012238893567413379,0.2,0.9862309846486866,0.9851382214546579,-0.02708037317102563
2021-03-16,coverage_aware_finance,Coverage-aware finance tilt,minimum_variance,False,0.005576953259048421,0.0,0.0,0.005576953259048421,0.2,0.9917311487526976,0.9906322912694125,-0.02165444588738963
2021-03-17,coverage_aware_finance,Coverage-aware finance tilt,minimum_variance,False,-0.006196207796378948,0.0,0.0,-0.006196207796378948,0.2,0.9855861764768843,0.9844941277429042,-0.02771647823733492
2021-03-18,coverage_aware_finance,Coverage-aware finance tilt,minimum_variance,False,-0.006473922866630915,0.0,0.0,-0.006473922866630915,0.2,0.9792055675919552,0.9781205886972455,-0.03401096676172277
2021-03-19,coverage_aware_finance,Coverage-aware finance tilt,minimum_variance,False,-0.0025698794774148765,0.0,0.0,-0.0025698794774148765,0.2,0.9766891272996303,0.9756069366699155,-0.03649344215364969
2021-03-22,coverage_aware_finance,Coverage-aware finance tilt,minimum_variance,False,0.007928307666610759,0.0,0.0,0.007928307666610759,0.2,0.9844326191954954,0.9833418486255142,-0.02885446572424677
2021-03-23,coverage_aware_finance,Coverage-aware finance tilt,minimum_variance,False,0.00041041859162851925,0.0,0.0,0.00041041859162851925,0.2,0.9848366486446187,0.9837454304021165,-0.028455889541802892
2021-03-24,coverage_aware_finance,Coverage-aware finance tilt,minimum_variance,False,-0.00534212640981227,0.0,0.0,-0.00534212640981227,0.2,0.9795755267745433,0.9784901379578332,-0.033646000992579195
2021-03-25,coverage_aware_finance,Coverage-aware finance tilt,minimum_variance,False,0.0026178691849778886,0.0,0.0,0.0026178691849778886,0.2,0.9821399273604449,0.9810516971377978,-0.031116212636797536
2021-03-26,coverage_aware_finance,Coverage-aware finance tilt,minimum_variance,False,0.01880738634899842,0.0,0.0,0.01880738634899842,0.2,1.00061141242309,0.9995027154342089,-0.012894040920576999
2021-03-29,coverage_aware_finance,Coverage-aware finance tilt,minimum_variance,False,0.010901204274825785,0.0,0.0,0.010901204274825785,0.2,1.0115192818296361,1.0103984987084003,-0.0021333972197543627
2021-03-30,coverage_aware_finance,Coverage-aware finance tilt,minimum_variance,False,-0.009079898198823733,0.0,0.0,-0.009079898198823733,0.2,1.0023347897244759,1.0012241831998836,-0.011193924389005128
2021-03-31,coverage_aware_finance,Coverage-aware finance tilt,minimum_variance,False,-0.00016859511255073371,0.0,0.0,-0.00016859511255073371,0.2,1.0021658009777887,1.0010553816960286,-0.011360632260613568
2021-04-01,coverage_aware_finance,Coverage-aware finance tilt,minimum_variance,True,0.00924894024271717,0.2546116830967234,0.0002546116830967234,0.008994328559620447,0.2,1.0114347725843271,1.0100592027053787,-0.0024684849601902537
2021-04-05,coverage_aware_finance,Coverage-aware finance tilt,minimum_variance,False,0.008886138032964463,0.0,0.0,0.008886138032964463,0.2,1.0204225215848515,1.0190347282020848,0.0
2021-04-06,coverage_aware_finance,Coverage-aware finance tilt,minimum_variance,False,-0.0003181785422796754,0.0,0.0,-0.0003181785422796754,0.2,1.0200978450344242,1.018710493217733,-0.0003181785422796679
2021-04-07,coverage_aware_finance,Coverage-aware finance tilt,minimum_variance,False,-0.0012840678237628841,0.0,0.0,-0.0012840678237628841,0.2,1.0187879702145257,1.0174023998516626,-0.0016018378032142122
2021-04-08,coverage_aware_finance,Coverage-aware finance tilt,minimum_variance,False,-0.0016444973998188481,0.0,0.0,-0.0016444973998188481,0.2,1.0171125760465412,1.015729284250537,-0.003243700984930875
2021-04-09,coverage_aware_finance,Coverage-aware finance tilt,minimum_variance,False,0.004035315105124461,0.0,0.0,0.004035315105124461,0.2,1.0212169457882738,1.0198280719739905,0.0
2021-04-12,coverage_aware_finance,Coverage-aware finance tilt,minimum_variance,False,0.0004050626572629446,0.0,0.0,0.0004050626572629446,0.2,1.0216306026379767,1.0202411662427755,0.0
2021-04-13,coverage_aware_finance,Coverage-aware finance tilt,minimum_variance,False,0.0024085889989625625,0.0,0.0,0.0024085889989625625,0.2,1.0240912908684938,1.0226985078920765,0.0
2021-04-14,coverage_aware_finance,Coverage-aware finance tilt,minimum_variance,False,-0.0022854072738797376,0.0,0.0,-0.0022854072738797376,0.2,1.0217508251832261,1.020361225283154,-0.0022854072738797138
2021-04-15,coverage_aware_finance,Coverage-aware finance tilt,minimum_variance,False,0.007665241066643669,0.0,0.0,0.007665241066643669,0.2,1.0295827915682976,1.028182540050005,0.0
2021-04-16,coverage_aware_finance,Coverage-aware finance tilt,minimum_variance,False,0.0026471085995324263,0.0,0.0,0.0026471085995324263,0.2,1.0323082090297886,1.0309042508936603,0.0
2021-04-19,coverage_aware_finance,Coverage-aware finance tilt,minimum_variance,False,-0.0015565091738494981,0.0,0.0,-0.0015565091738494981,0.2,1.0307014118321935,1.029299638969784,-0.0015565091738494186
2021-04-20,coverage_aware_finance,Coverage-aware finance tilt,minimum_variance,False,0.004575640321465728,0.0,0.0,0.004575640321465728,0.2,1.0354175307715645,1.034009343900724,0.0
2021-04-21,coverage_aware_finance,Coverage-aware finance tilt,minimum_variance,False,0.005539210932349885,0.0,0.0,0.005539210932349885,0.2,1.0411529268775612,1.039736939762611,0.0
2021-04-22,coverage_aware_finance,Coverage-aware finance tilt,minimum_variance,False,-0.0003239710145947162,0.0,0.0,-0.0003239710145947162,0.2,1.0408156235074926,1.0394000951313245,-0.0003239710145948038
2021-04-23,coverage_aware_finance,Coverage-aware finance tilt,minimum_variance,False,0.00221191122237768,0.0,0.0,0.00221191122237768,0.2,1.043117815265555,1.041699155866286,0.0
2021-04-26,coverage_aware_finance,Coverage-aware finance tilt,minimum_variance,False,-0.004771386632752393,0.0,0.0,-0.004771386632752393,0.2,1.038140696865411,1.0367288064386362,-0.004771386632752339
2021-04-27,coverage_aware_finance,Coverage-aware finance tilt,minimum_variance,False,-0.00616693282320192,0.0,0.0,-0.00616693282320192,0.2,1.03173855292681,1.0303353695334507,-0.010908894635116684
2021-04-28,coverage_aware_finance,Coverage-aware finance tilt,minimum_variance,False,-0.000643834891833391,0.0,0.0,-0.000643834891833391,0.2,1.031074283647186,1.029672003672255,-0.011545705999952638
2021-04-29,coverage_aware_finance,Coverage-aware finance tilt,minimum_variance,False,0.004728881567297666,0.0,0.0,0.004728881567297666,0.2,1.0359501118216399,1.0345412006307833,-0.00687142270893959
2021-04-30,coverage_aware_finance,Coverage-aware finance tilt,minimum_variance,False,-0.0011475669929635044,0.0,0.0,-0.0011475669929635044,0.2,1.0347612896669565,1.0333539952960786,-0.00801110428400753
2021-05-03,coverage_aware_finance,Coverage-aware finance tilt,minimum_variance,True,0.007637655156745601,0.15305436162516978,0.0001530543616251698,0.007484600795120431,0.2,1.042664439566982,1.0410882374309125,-0.0005864634063810215
2021-05-04,coverage_aware_finance,Coverage-aware finance tilt,minimum_variance,False,-0.004333090630618524,0.0,0.0,-0.004333090630618524,0.2,1.0381464800530151,1.0365771077436534,-0.00491701283790813
2021-05-05,coverage_aware_finance,Coverage-aware finance tilt,minimum_variance,False,0.0018697342894412913,0.0,0.0,0.0018697342894412913,0.2,1.0400875381242332,1.0385152315056516,-0.003056472055971482
2021-05-06,coverage_aware_finance,Coverage-aware finance tilt,minimum_variance,False,0.006999998554630931,0.0,0.0,0.006999998554630931,0.2,1.0473681493877924,1.0457848366251534,0.0
2021-05-07,coverage_aware_finance,Coverage-aware finance tilt,minimum_variance,False,0.002163047048264437,0.0,0.0,0.002163047048264437,0.2,1.049633655971772,1.0480469184291352,0.0
2021-05-10,coverage_aware_finance,Coverage-aware finance tilt,minimum_variance,False,0.006061653683701198,0.0,0.0,0.006061653683701198,0.2,1.0559961716890303,1.0543998158929229,0.0
2021-05-11,coverage_aware_finance,Coverage-aware finance tilt,minimum_variance,False,-0.008419599616061256,0.0,0.0,-0.008419599616061256,0.2,1.0471051067273152,1.0455221916078559,-0.008419599616061202
2021-05-12,coverage_aware_finance,Coverage-aware finance tilt,minimum_variance,False,-0.012661744085855976,0.0,0.0,-0.012661744085855976,0.2,1.033846929834941,1.0322840571816339,-0.02097473688627327
2021-05-13,coverage_aware_finance,Coverage-aware finance tilt,minimum_variance,False,0.012814719414051245,0.0,0.0,0.012814719414051245,0.2,1.0470953881578542,1.045512487730015,-0.008428802840203087
2021-05-14,coverage_aware_finance,Coverage-aware finance tilt,minimum_variance,False,0.002093531097917645,0.0,0.0,0.002093531097917645,0.2,1.0492875149154488,1.047701300636339,-0.006352917703149719
2021-05-17,coverage_aware_finance,Coverage-aware finance tilt,minimum_variance,False,3.4659626875400366e-05,0.0,0.0,3.4659626875400366e-05,0.2,1.0493238828292009,1.0477376135724958,-0.006318478266031491
2021-05-18,coverage_aware_finance,Coverage-aware finance tilt,minimum_variance,False,-0.005214862661607438,0.0,0.0,-0.005214862661607438,0.2,1.043851802892702,1.0422738058123149,-0.011500390931251325
2021-05-19,coverage_aware_finance,Coverage-aware finance tilt,minimum_variance,False,0.00011637735818135,0.0,0.0,0.00011637735818135,0.2,1.0439732836078555,1.042395102884337,-0.011385351958184464
2021-05-20,coverage_aware_finance,Coverage-aware finance tilt,minimum_variance,False,0.010156447393549055,0.0,0.0,0.010156447393549055,0.2,1.0545763433430895,1.0529821339100751,-0.0013445392928556066
2021-05-21,coverage_aware_finance,Coverage-aware finance tilt,minimum_variance,False,-0.0014341389764294535,0.0,0.0,-0.0014341389764294535,0.2,1.0530639343054808,1.0514720111903508,-0.002776750013079865
2021-05-24,coverage_aware_finance,Coverage-aware finance tilt,minimum_variance,False,-0.0019604429395810394,0.0,0.0,-0.0019604429395810394,0.2,1.050999462550544,1.0494106603098456,-0.004731749292702703
2021-05-25,coverage_aware_finance,Coverage-aware finance tilt,minimum_variance,False,-0.007126926974859778,0.0,0.0,-0.007126926974859778,0.2,1.0435090661303295,1.0419315871671782,-0.011824953435889962
2021-05-26,coverage_aware_finance,Coverage-aware finance tilt,minimum_variance,False,0.0010012387847772555,0.0,0.0,0.0010012387847772555,0.2,1.0445538678796058,1.0429748094833344,-0.010835554253120883
2021-05-27,coverage_aware_finance,Coverage-aware finance tilt,minimum_variance,False,-0.004861125173969594,0.0,0.0,-0.004861125173969594,0.2,1.039476160776889,1.0379047783811388,-0.01564400644153674
2021-05-28,coverage_aware_finance,Coverage-aware finance tilt,minimum_variance,False,0.0020794791127296684,0.0,0.0,0.0020794791127296684,0.2,1.041637729741405,1.0400630796887846,-0.013597058713441745
2021-06-01,coverage_aware_finance,Coverage-aware finance tilt,minimum_variance,True,-0.004399125646531018,0.14852074416329838,0.0001485207441632984,-0.004547646390694317,0.2,1.0370554344901053,1.0353332405783435,-0.0180828704891538
2021-06-02,coverage_aware_finance,Coverage-aware finance tilt,minimum_variance,False,-0.0011653387707441375,0.0,0.0,-0.0011653387707441375,0.2,1.0358469135848831,1.0341267266124574,-0.01922713658983055
2021-06-03,coverage_aware_finance,Coverage-aware finance tilt,minimum_variance,False,0.0038724273914299643,0.0,0.0,0.0038724273914299643,0.2,1.0398581555463773,1.0381313072748013,-0.01542916488878987
2021-06-04,coverage_aware_finance,Coverage-aware finance tilt,minimum_variance,False,0.008336114167336834,0.0,0.0,0.008336114167336834,0.2,1.0485265318488481,1.0467852883729307,-0.007221670001472558
2021-06-07,coverage_aware_finance,Coverage-aware finance tilt,minimum_variance,False,-0.002794425058716074,0.0,0.0,-0.002794425058716074,0.2,1.045596503033521,1.0438601253320061,-0.009995914644570725
2021-06-08,coverage_aware_finance,Coverage-aware finance tilt,minimum_variance,False,-0.0043978258032215944,0.0,0.0,-0.0043978258032215944,0.2,1.040998151752722,1.039269410337867,-0.014349780156441505
2021-06-09,coverage_aware_finance,Coverage-aware finance tilt,minimum_variance,False,0.00421699615231449,0.0,0.0,0.00421699615231449,0.2,1.0453880369532296,1.0436520054424798,-0.010193296971833465
2021-06-10,coverage_aware_finance,Coverage-aware finance tilt,minimum_variance,False,0.007347865297479486,0.0,0.0,0.007347865297479486,0.2,1.0530694074323583,1.0513206197959155,-0.002920330647440128
2021-06-11,coverage_aware_finance,Coverage-aware finance tilt,minimum_variance,False,0.001972574941368503,0.0,0.0,0.001972574941368503,0.2,1.0551466657569812,1.053394428505869,-0.0009535162771272532
2021-06-14,coverage_aware_finance,Coverage-aware finance tilt,minimum_variance,False,0.001253640775272478,0.0,0.0,0.001253640775272478,0.2,1.056469440641067,1.0547150067138888,0.0
2021-06-15,coverage_aware_finance,Coverage-aware finance tilt,minimum_variance,False,-0.007465518317431348,0.0,0.0,-0.007465518317431348,0.2,1.0485823486801547,1.0468410125115966,-0.007465518317431363
2021-06-16,coverage_aware_finance,Coverage-aware finance tilt,minimum_variance,False,-0.011974706226886213,0.0,0.0,-0.011974706226886213,0.2,1.0360258831000113,1.034305398920514,-0.019350827155634964
2021-06-17,coverage_aware_finance,Coverage-aware finance tilt,minimum_variance,False,-0.0013048911197138704,0.0,0.0,-0.0013048911197138704,0.2,1.0346739821253603,1.0329557429903904,-0.020630467552834486
2021-06-18,coverage_aware_finance,Coverage-aware finance tilt,minimum_variance,False,-0.009402197341311707,0.0,0.0,-0.009402197341311707,0.2,1.0249457731614968,1.0232436892499535,-0.029838693166970853
2021-06-21,coverage_aware_finance,Coverage-aware finance tilt,minimum_variance,False,0.010559747487128658,0.0,0.0,0.010559747487128658,0.2,1.035768941714082,1.034048884226231,-0.019594034745031297
2021-06-22,coverage_aware_finance,Coverage-aware finance tilt,minimum_variance,False,-0.0006823078452930077,0.0,0.0,-0.0006823078452930077,0.2,1.0350622284392397,1.033343344560107,-0.020262973426696806
2021-06-23,coverage_aware_finance,Coverage-aware finance tilt,minimum_variance,False,-0.007479759402508692,0.0,0.0,-0.007479759402508692,0.2,1.0273202120038898,1.0256141849626137,-0.027591170663194386
2021-06-24,coverage_aware_finance,Coverage-aware finance tilt,minimum_variance,False,0.00520033856084884,0.0,0.0,0.00520033856084884,0.2,1.032662624916713,1.0309477259572282,-0.022534315531084537
2021-06-25,coverage_aware_finance,Coverage-aware finance tilt,minimum_variance,False,0.012381053466070765,0.0,0.0,0.012381053466070765,0.2,1.0454480760882197,1.0437119448730285,-0.010432260630425572
2021-06-28,coverage_aware_finance,Coverage-aware finance tilt,minimum_variance,False,0.0042138363592603085,0.0,0.0,0.0042138363592603085,0.2,1.049853423202959,1.0481099762149289,-0.006262384110318986
2021-06-29,coverage_aware_finance,Coverage-aware finance tilt,minimum_variance,False,-0.001950734734530509,0.0,0.0,-0.001950734734530509,0.2,1.0478054376641512,1.0460653916787184,-0.008200902594644566
2021-06-30,coverage_aware_finance,Coverage-aware finance tilt,minimum_variance,False,0.004772062837314723,0.0,0.0,0.004772062837314723,0.2,1.0528056310539646,1.0510572814597494,-0.0034679749798341986
2021-07-01,coverage_aware_finance,Coverage-aware finance tilt,minimum_variance,True,0.0032139048436060193,0.1850519355948247,0.0001850519355948247,0.0030288529080111947,0.2,1.0561892481709847,1.0542407793631852,-0.000449626057925534
2021-07-02,coverage_aware_finance,Coverage-aware finance tilt,minimum_variance,False,0.004516908636437361,0.0,0.0,0.004516908636437361,0.2,1.0609599585077605,1.0590026886443753,0.0
2021-07-06,coverage_aware_finance,Coverage-aware finance tilt,minimum_variance,False,-0.0024761657439644493,0.0,0.0,-0.0024761657439644493,0.2,1.0583328458027856,1.056380422463988,-0.0024761657439643647
2021-07-07,coverage_aware_finance,Coverage-aware finance tilt,minimum_variance,False,0.0026652030535369805,0.0,0.0,0.0026652030535369805,0.2,1.0611535177350777,1.0591958907916357,0.0
2021-07-08,coverage_aware_finance,Coverage-aware finance tilt,minimum_variance,False,-0.005981917512062529,0.0,0.0,-0.005981917512062529,0.2,1.0548057849243515,1.0528598683438044,-0.005981917512062673
2021-07-09,coverage_aware_finance,Coverage-aware finance tilt,minimum_variance,False,0.0074271892712497855,0.0,0.0,0.0074271892712497855,0.2,1.062640027133394,1.060679657862097,0.0
2021-07-12,coverage_aware_finance,Coverage-aware finance tilt,minimum_variance,False,0.0032053297307082645,0.0,0.0,0.0032053297307082645,0.2,1.0660461388054052,1.0640794859041998,0.0
2021-07-13,coverage_aware_finance,Coverage-aware finance tilt,minimum_variance,False,-0.00261585015952148,0.0,0.0,-0.00261585015952148,0.2,1.063257521843154,1.0612960134112537,-0.0026158501595214823
2021-07-14,coverage_aware_finance,Coverage-aware finance tilt,minimum_variance,False,0.003924965522042649,0.0,0.0,0.003924965522042649,0.2,1.0674307709574407,1.0654615636725742,0.0
2021-07-15,coverage_aware_finance,Coverage-aware finance tilt,minimum_variance,False,0.001040724771556213,0.0,0.0,0.001040724771556213,0.2,1.0685416726026975,1.0665704159150293,0.0
2021-07-16,coverage_aware_finance,Coverage-aware finance tilt,minimum_variance,False,-0.0014449557089122006,0.0,0.0,-0.0014449557089122006,0.2,1.0669976772126597,1.065029268903596,-0.0014449557089122322
2021-07-19,coverage_aware_finance,Coverage-aware finance tilt,minimum_variance,False,-0.0138235894310401,0.0,0.0,-0.0138235894310401,0.2,1.0522479393989985,1.050306741558232,-0.015248570665486239
2021-07-20,coverage_aware_finance,Coverage-aware finance tilt,minimum_variance,False,0.006718739326455849,0.0,0.0,0.006718739326455849,0.2,1.0593177190106207,1.057363478767581,-0.008632282510432798
2021-07-21,coverage_aware_finance,Coverage-aware finance tilt,minimum_variance,False,-0.0013952889575725512,0.0,0.0,-0.0013952889575725512,0.2,1.0578396646947241,1.0558881511815161,-0.010015526939539887
2021-07-22,coverage_aware_finance,Coverage-aware finance tilt,minimum_variance,False,-0.000686451877774604,0.0,0.0,-0.000686451877774604,0.2,1.05711350867051,1.0551633347774176,-0.010695103640039894
2021-07-23,coverage_aware_finance,Coverage-aware finance tilt,minimum_variance,False,0.010071661390273906,0.0,0.0,0.010071661390273906,0.2,1.0677603979809236,1.065790582596728,-0.0007311597121624214
2021-07-26,coverage_aware_finance,Coverage-aware finance tilt,minimum_variance,False,0.0013212081705401297,0.0,0.0,0.0013212081705401297,0.2,1.0691711317429151,1.0671987138225394,0.0
2021-07-27,coverage_aware_finance,Coverage-aware finance tilt,minimum_variance,False,0.0006802884533988792,0.0,0.0,0.0006802884533988792,0.2,1.0698984765185473,1.067924716785035,0.0
2021-07-28,coverage_aware_finance,Coverage-aware finance tilt,minimum_variance,False,-7.388938892400351e-05,0.0,0.0,-7.388938892400351e-05,0.2,1.0698194223739066,1.0678458084802949,-7.388938892405328e-05
2021-07-29,coverage_aware_finance,Coverage-aware finance tilt,minimum_variance,False,-0.0005787606692595923,0.0,0.0,-0.0005787606692595923,0.2,1.0692002529690265,1.0672277813255129,-0.000652607293911367
2021-07-30,coverage_aware_finance,Coverage-aware finance tilt,minimum_variance,False,-0.003923813557640237,0.0,0.0,-0.003923813557640237,0.2,1.0650049105205943,1.0630401784880574,-0.004573860142203956
2021-08-02,coverage_aware_finance,Coverage-aware finance tilt,minimum_variance,True,-0.0013824327791854905,0.10658136976037778,0.00010658136976037778,-0.0014890141489458683,0.2,1.063532612822297,1.0614572966213909,-0.006056063748682727
2021-08-03,coverage_aware_finance,Coverage-aware finance tilt,minimum_variance,False,0.002502834981074271,0.0,0.0,0.002502834981074271,0.2,1.0661944594491821,1.0641139490742915,-0.003568386095806231
2021-08-04,coverage_aware_finance,Coverage-aware finance tilt,minimum_variance,False,-0.007820320504177917,0.0,0.0,-0.007820320504177917,0.2,1.0578564770565109,1.055792236939564,-0.011360800677032268
2021-08-05,coverage_aware_finance,Coverage-aware finance tilt,minimum_variance,False,0.004832963052271597,0.0,0.0,0.004832963052271597,0.2,1.0629690583247313,1.0608948418115682,-0.006582743954676951
2021-08-06,coverage_aware_finance,Coverage-aware finance tilt,minimum_variance,False,-0.0011904259810344771,0.0,0.0,-0.0011904259810344771,0.2,1.0617036723406659,1.0596319250287303,-0.007765333666281293
2021-08-09,coverage_aware_finance,Coverage-aware finance tilt,minimum_variance,False,0.0004189404815848403,0.0,0.0,0.0004189404815848403,0.2,1.0621484629884568,1.0600758477377046,-0.007349646397322163
2021-08-10,coverage_aware_finance,Coverage-aware finance tilt,minimum_variance,False,0.0053430514315565775,0.0,0.0,0.0053430514315565775,0.2,1.0678235768541529,1.0657398875135182,-0.002045864504470085
2021-08-11,coverage_aware_finance,Coverage-aware finance tilt,minimum_variance,False,0.004279138466381732,0.0,0.0,0.004279138466381732,0.2,1.072392941797179,1.0703003360613348,0.0
2021-08-12,coverage_aware_finance,Coverage-aware finance tilt,minimum_variance,False,0.003750429336718572,0.0,0.0,0.003750429336718572,0.2,1.076414875746585,1.074314421840799,0.0
2021-08-13,coverage_aware_finance,Coverage-aware finance tilt,minimum_variance,False,0.0034225805963592256,0.0,0.0,0.0034225805963592256,0.2,1.0800989924139477,1.0779913495353801,0.0
2021-08-16,coverage_aware_finance,Coverage-aware finance tilt,minimum_variance,False,0.00704261979629614,0.0,0.0,0.00704261979629614,0.2,1.0877057189598816,1.085583232753854,0.0
2021-08-17,coverage_aware_finance,Coverage-aware finance tilt,minimum_variance,False,0.0023892870408481954,0.0,0.0,0.0023892870408481954,0.2,1.090304560138449,1.0881770027036348,0.0
2021-08-18,coverage_aware_finance,Coverage-aware finance tilt,minimum_variance,False,-0.011629919059235957,0.0,0.0,-0.011629919059235957,0.2,1.077624406354123,1.0755215922400696,-0.011629919059235938
2021-08-19,coverage_aware_finance,Coverage-aware finance tilt,minimum_variance,False,0.0008199481894771385,0.0,0.0,0.0008199481894771385,0.2,1.0785080025350493,1.0764034642223703,-0.01081950680083521
2021-08-20,coverage_aware_finance,Coverage-aware finance tilt,minimum_variance,False,0.0047811426512136945,0.0,0.0,0.0047811426512136945,0.2,1.0836645031456449,1.0815499027350781,-0.006090093755052095
2021-08-23,coverage_aware_finance,Coverage-aware finance tilt,minimum_variance,False,-4.85521581356169e-05,0.0,0.0,-4.85521581356169e-05,0.2,1.0836118888953221,1.081497391153169,-0.006138350225992739
2021-08-24,coverage_aware_finance,Coverage-aware finance tilt,minimum_variance,False,-0.0038291423556586217,0.0,0.0,-0.0038291423556586217,0.2,1.0794625847144577,1.07735618368517,-0.00994398796480711
2021-08-25,coverage_aware_finance,Coverage-aware finance tilt,minimum_variance,False,-0.0028304059425802845,0.0,0.0,-0.0028304059425802845,0.2,1.0764072673998888,1.0743068283405919,-0.012746248384758907
2021-08-26,coverage_aware_finance,Coverage-aware finance tilt,minimum_variance,False,-0.004949600226954173,0.0,0.0,-0.004949600226954173,0.2,1.0710794817448712,1.068989439019219,-0.017632759777814977
2021-08-27,coverage_aware_finance,Coverage-aware finance tilt,minimum_variance,False,0.0014434672582817457,0.0,0.0,0.0014434672582817457,0.2,1.0726255499077872,1.0705324902738922,-0.016214744830945538
2021-08-30,coverage_aware_finance,Coverage-aware finance tilt,minimum_variance,False,0.004041533979915369,0.0,0.0,0.004041533979915369,0.2,1.076960602515465,1.0748590837099374,-0.012238743293240262
2021-08-31,coverage_aware_finance,Coverage-aware finance tilt,minimum_variance,False,0.0030862485903701406,0.0,0.0,0.0030862485903701406,0.2,1.0802843706568626,1.078176366041884,-0.009190266507106637
2021-09-01,coverage_aware_finance,Coverage-aware finance tilt,minimum_variance,True,0.0004827939658344801,0.12317859090818502,0.00012317859090818503,0.00035961537492629507,0.2,1.080805925432401,1.0785640948399948,-0.008833956093315942
2021-09-02,coverage_aware_finance,Coverage-aware finance tilt,minimum_variance,False,0.004780937237240756,0.0,0.0,0.004780937237240756,0.2,1.0859731907275312,1.0837206420837662,-0.00409525344571382
2021-09-03,coverage_aware_finance,Coverage-aware finance tilt,minimum_variance,False,-0.0017790509622157265,0.0,0.0,-0.0017790509622157265,0.2,1.084041189077627,1.081792647832694,-0.005867018743346497
2021-09-07,coverage_aware_finance,Coverage-aware finance tilt,minimum_variance,False,-0.014228314910134935,0.0,0.0,-0.014228314910134935,0.2,1.0686171096638732,1.0664005613718617,-0.02001185586321752
2021-09-08,coverage_aware_finance,Coverage-aware finance tilt,minimum_variance,False,0.0042866527352210665,0.0,0.0,0.0042866527352210665,0.2,1.073197900119918,1.0709718502551075,-0.01581098700466943
2021-09-09,coverage_aware_finance,Coverage-aware finance tilt,minimum_variance,False,-0.01019131241443809,0.0,0.0,-0.01019131241443809,0.2,1.062260605037277,1.060057241542089,-0.025841164710962206
2021-09-10,coverage_aware_finance,Coverage-aware finance tilt,minimum_variance,False,-0.00709292679977597,0.0,0.0,-0.00709292679977597,0.2,1.0547260683234618,1.0525383331242586,-0.03275080202102232
2021-09-13,coverage_aware_finance,Coverage-aware finance tilt,minimum_variance,False,-0.00035509621124618407,0.0,0.0,-0.00035509621124618407,0.2,1.0543515390926976,1.0521645807499749,-0.033094268546555505
2021-09-14,coverage_aware_finance,Coverage-aware finance tilt,minimum_variance,False,-0.006202593189495668,0.0,0.0,-0.006202593189495668,0.2,1.047811825416987,1.0456384318871865,-0.03909159145135299
2021-09-15,coverage_aware_finance,Coverage-aware finance tilt,minimum_variance,False,0.002407387107273226,0.0,0.0,0.002407387107273226,0.2,1.0503343140963441,1.0481556883669811,-0.03677831293734246
2021-09-16,coverage_aware_finance,Coverage-aware finance tilt,minimum_variance,False,-0.005116699609796773,0.0,0.0,-0.005116699609796773,0.2,1.0449600689212513,1.0427925905653075,-0.04170682896768385
2021-09-17,coverage_aware_finance,Coverage-aware finance tilt,minimum_variance,False,-0.008265428094563347,0.0,0.0,-0.008265428094563347,0.2,1.0363230266098926,1.0341734633904465,-0.04962753226636263
2021-09-20,coverage_aware_finance,Coverage-aware finance tilt,minimum_variance,False,-0.01088068271938061,0.0,0.0,-0.01088068271938061,0.2,1.025047124562562,1.0229209500584922,-0.059968233553006955
2021-09-21,coverage_aware_finance,Coverage-aware finance tilt,minimum_variance,False,-0.004590363777992538,0.0,0.0,-0.004590363777992538,0.2,1.0203417853712347,1.018225370781594,-0.06428332132386749
2021-09-22,coverage_aware_finance,Coverage-aware finance tilt,minimum_variance,False,0.0017091833965558081,0.0,0.0,0.0017091833965558081,0.2,1.0220857366096034,1.0199657046792858,-0.06268400991279388
2021-09-23,coverage_aware_finance,Coverage-aware finance tilt,minimum_variance,False,0.00385287404965154,0.0,0.0,0.00385287404965154,0.2,1.0260237042207054,1.0238955040743791,-0.059072649458263515
2021-09-24,coverage_aware_finance,Coverage-aware finance tilt,minimum_variance,False,-0.0042418016154925535,0.0,0.0,-0.0042418016154925535,0.2,1.0216715152146083,1.0195523424711008,-0.0630638766138526
2021-09-27,coverage_aware_finance,Coverage-aware finance tilt,minimum_variance,False,-0.0026951003753240407,0.0,0.0,-0.0026951003753240407,0.2,1.0189180079304956,1.0168045465702444,-0.06558901351164526
2021-09-28,coverage_aware_finance,Coverage-aware finance tilt,minimum_variance,False,-0.007013953960470838,0.0,0.0,-0.007013953960470838,0.2,1.0117713639333763,1.0096727262938032,-0.07214292915103282
2021-09-29,coverage_aware_finance,Coverage-aware finance tilt,minimum_variance,False,0.007288344444594695,0.0,0.0,0.007288344444594695,0.2,1.0191455021329001,1.0170315688993454,-0.06538038722333284
2021-09-30,coverage_aware_finance,Coverage-aware finance tilt,minimum_variance,False,-0.010417168607472327,0.0,0.0,-0.010417168607472327,0.2,1.0085288916016346,1.0064369795669987,-0.07511647731347804
2021-10-01,coverage_aware_finance,Coverage-aware finance tilt,minimum_variance,True,0.010136014346602544,0.15846817917277506,0.00015846817917277507,0.009977546167429768,0.2,1.018751354915872,1.016478750995237,-0.06588840926637807
2021-10-04,coverage_aware_finance,Coverage-aware finance tilt,minimum_variance,False,-3.8033144153387394e-05,0.0,0.0,-3.8033144153387394e-05,0.2,1.018712608598734,1.0164400911123717,-0.06592393646716377
2021-10-05,coverage_aware_finance,Coverage-aware finance tilt,minimum_variance,False,0.0030869481803184632,0.0,0.0,0.0030869481803184632,0.2,1.0218573216321152,1.0195777890020337,-0.06304049206256213
2021-10-06,coverage_aware_finance,Coverage-aware finance tilt,minimum_variance,False,0.002626518084303502,0.0,0.0,0.002626518084303502,0.2,1.0245412483669598,1.0222557285032017,-0.06057955097070433
2021-10-07,coverage_aware_finance,Coverage-aware finance tilt,minimum_variance,False,0.008389685401069939,0.0,0.0,0.008389685401069939,0.2,1.033136827121178,1.0308321324647851,-0.05269810894401672
2021-10-08,coverage_aware_finance,Coverage-aware finance tilt,minimum_variance,False,-0.0035934792716570884,0.0,0.0,-0.0035934792716570884,0.2,1.0294242713481325,1.0271278585642147,-0.056102218653528046
2021-10-11,coverage_aware_finance,Coverage-aware finance tilt,minimum_variance,False,-0.008054731078052602,0.0,0.0,-0.008054731078052602,0.2,1.0211325356772032,1.018854619880704,-0.06370506144744426
2021-10-12,coverage_aware_finance,Coverage-aware finance tilt,minimum_variance,False,-0.00023625489585614012,0.0,0.0,-0.00023625489585614012,0.2,1.0208912881163315,1.0186139104885916,-0.06392626571064264
2021-10-13,coverage_aware_finance,Coverage-aware finance tilt,minimum_variance,False,0.002103403940944549,0.0,0.0,0.002103403940944549,0.2,1.0230386348750313,1.0207564670022145,-0.06195732452892355
2021-10-14,coverage_aware_finance,Coverage-aware finance tilt,minimum_variance,False,0.009880293196800505,0.0,0.0,0.009880293196800505,0.2,1.0331465565392512,1.0308418401787265,-0.052689187864158105
2021-10-15,coverage_aware_finance,Coverage-aware finance tilt,minimum_variance,False,-0.0001455183245713046,0.0,0.0,-0.0001455183245713046,0.2,1.032996214783307,1.0306918338012456,-0.052827038946388516
2021-10-18,coverage_aware_finance,Coverage-aware finance tilt,minimum_variance,False,-0.00015153046275326147,0.0,0.0,-0.00015153046275326147,0.2,1.0328396843888585,1.0305356525907137,-0.05297056450348436
2021-10-19,coverage_aware_finance,Coverage-aware finance tilt,minimum_variance,False,0.01128330921845979,0.0,0.0,0.01128330921845979,0.2,1.0444935339209145,1.0421635050195421,-0.04228493854379356
2021-10-20,coverage_aware_finance,Coverage-aware finance tilt,minimum_variance,False,0.00885311000258741,0.0,0.0,0.00885311000258741,0.2,1.0537405500737076,1.0513898931701622,-0.03380618175358707
2021-10-21,coverage_aware_finance,Coverage-aware finance tilt,minimum_variance,False,0.006534103843868495,0.0,0.0,0.006534103843868495,0.2,1.0606258002523843,1.0582597839125298,-0.0274929710118611
2021-10-22,coverage_aware_finance,Coverage-aware finance tilt,minimum_variance,False,0.0031345392669193247,0.0,0.0,0.0031345392669193247,0.2,1.0639503734707831,1.0615769407598052,-0.02444460954214278
2021-10-25,coverage_aware_finance,Coverage-aware finance tilt,minimum_variance,False,0.004623730676986557,0.0,0.0,0.004623730676986557,0.2,1.0688697934513913,1.0664853866267778,-0.019933904156183235
2021-10-26,coverage_aware_finance,Coverage-aware finance tilt,minimum_variance,False,0.0005890037336221107,0.0,0.0,0.0005890037336221107,0.2,1.06949936175049,1.0671135505013543,-0.019356641566534938
2021-10-27,coverage_aware_finance,Coverage-aware finance tilt,minimum_variance,False,-0.011064148062436434,0.0,0.0,-0.011064148062436434,0.2,1.0576662624594013,1.0553068481791752,-0.030206624880687594
2021-10-28,coverage_aware_finance,Coverage-aware finance tilt,minimum_variance,False,0.014591228520352353,0.0,0.0,0.014591228520352353,0.2,1.0730989125932135,1.0707050715600503,-0.016056148126797898
2021-10-29,coverage_aware_finance,Coverage-aware finance tilt,minimum_variance,False,-0.0023649748724128097,0.0,0.0,-0.0023649748724128097,0.2,1.070561060629317,1.068172880970046,-0.01838315061234297
2021-11-01,coverage_aware_finance,Coverage-aware finance tilt,minimum_variance,True,0.005820154287291101,0.15303900767999024,0.00015303900767999024,0.005667115279611111,0.2,1.0767918911761456,1.0742263398250573,-0.012820214766454674
2021-11-02,coverage_aware_finance,Coverage-aware finance tilt,minimum_variance,False,0.004748575621265556,0.0,0.0,0.004748575621265556,0.2,1.081905118899761,1.0793273848340719,-0.008132516904488463
2021-11-03,coverage_aware_finance,Coverage-aware finance tilt,minimum_variance,False,-7.445058258341661e-05,0.0,0.0,-7.445058258341661e-05,0.2,1.0818245704333591,1.0792470282814728,-0.00820636201645053
2021-11-04,coverage_aware_finance,Coverage-aware finance tilt,minimum_variance,False,0.001202345543073095,0.0,0.0,0.001202345543073095,0.2,1.0831252973840066,1.080544656135802,-0.007013883356172479
2021-11-05,coverage_aware_finance,Coverage-aware finance tilt,minimum_variance,False,-0.012299581355984222,0.0,0.0,-0.012299581355984222,0.2,1.0698033096701074,1.0672544092288858,-0.019227196883196074
2021-11-08,coverage_aware_finance,Coverage-aware finance tilt,minimum_variance,False,0.0023243255572761136,0.0,0.0,0.0023243255572761136,0.2,1.0722898808440322,1.069735055928372,-0.016947561591030502
2021-11-09,coverage_aware_finance,Coverage-aware finance tilt,minimum_variance,False,0.0005564160217289746,0.0,0.0,0.0005564160217289746,0.2,1.0728865201136717,1.0703302736524958,-0.016400575464099898
2021-11-10,coverage_aware_finance,Coverage-aware finance tilt,minimum_variance,False,-0.0009055410426231127,0.0,0.0,-0.0009055410426231127,0.2,1.0719149773356318,1.0693610456605414,-0.017291265112517773
2021-11-11,coverage_aware_finance,Coverage-aware finance tilt,minimum_variance,False,0.0036607352342357363,0.0,0.0,0.0036607352342357363,0.2,1.0758389742612693,1.0732756933185101,-0.013693828621723858
2021-11-12,coverage_aware_finance,Coverage-aware finance tilt,minimum_variance,False,0.0026826948104573035,0.0,0.0,0.0026826948104573035,0.2,1.0787251218944076,1.0761549644511657,-0.011047870174245356
2021-11-15,coverage_aware_finance,Coverage-aware finance tilt,minimum_variance,False,-0.0033714796706519837,0.0,0.0,-0.0033714796706519837,0.2,1.075088222075719,1.0725267298660472,-0.014382102175200973
2021-11-16,coverage_aware_finance,Coverage-aware finance tilt,minimum_variance,False,-0.004386555279977784,0.0,0.0,-0.004386555279977784,0.2,1.0703722881587308,1.067822032076236,-0.01870556956894498
2021-11-17,coverage_aware_finance,Coverage-aware finance tilt,minimum_variance,False,-0.003516135449066881,0.0,0.0,-0.003516135449066881,0.2,1.066608714212637,1.064067425175958,-0.022155933701755504
2021-11-18,coverage_aware_finance,Coverage-aware finance tilt,minimum_variance,False,-0.0018108673545341122,0.0,0.0,-0.0018108673545341122,0.2,1.0646772273120078,1.0621405402126838,-0.023926679599239886
2021-11-19,coverage_aware_finance,Coverage-aware finance tilt,minimum_variance,False,-0.008310496950914906,0.0,0.0,-0.008310496950914906,0.2,1.0558292304607229,1.053313624491803,-0.032038333952299825
2021-11-22,coverage_aware_finance,Coverage-aware finance tilt,minimum_variance,False,0.0025590792359276174,0.0,0.0,0.0025590792359276174,0.2,1.0585311811210802,1.0560091375171596,-0.02956124335154331
2021-11-23,coverage_aware_finance,Coverage-aware finance tilt,minimum_variance,False,0.006854730080187818,0.0,0.0,0.006854730080187818,0.2,1.0657871266491277,1.0632477951170516,-0.022909147615365222
2021-11-24,coverage_aware_finance,Coverage-aware finance tilt,minimum_variance,False,-0.00042840024368985064,0.0,0.0,-0.00042840024368985064,0.2,1.0653305431843496,1.0627922995025207,-0.023327733574633913
2021-11-26,coverage_aware_finance,Coverage-aware finance tilt,minimum_variance,False,-0.014816143321522533,0.0,0.0,-0.014816143321522533,0.2,1.049546453171735,1.047045816472081,-0.03779824985214819
2021-11-29,coverage_aware_finance,Coverage-aware finance tilt,minimum_variance,False,0.0006821279772587278,0.0,0.0,0.0006821279772587278,0.2,1.050262378170876,1.0477600357169683,-0.037141905118605156
2021-11-30,coverage_aware_finance,Coverage-aware finance tilt,minimum_variance,False,-0.021477606516878068,0.0,0.0,-0.021477606516878068,0.2,1.0277052560730413,1.0252566579457292,-0.05782179241205854
2021-12-01,coverage_aware_finance,Coverage-aware finance tilt,minimum_variance,True,-0.011470646746030818,0.1787077526148928,0.0001787077526148928,-0.01164935449864571,0.2,1.0159168121215882,1.0133130796852226,-0.06879756035314921
2021-12-02,coverage_aware_finance,Coverage-aware finance tilt,minimum_variance,False,0.014386493126269929,0.0,0.0,0.014386493126269929,0.2,1.0305322923560374,1.0278911013408734,-0.055400822856004006
2021-12-03,coverage_aware_finance,Coverage-aware finance tilt,minimum_variance,False,0.008532470452706269,0.0,0.0,0.008532470452706269,0.2,1.039325278691125,1.0366615517916642,-0.04734105828737212
2021-12-06,coverage_aware_finance,Coverage-aware finance tilt,minimum_variance,False,0.010889452719242139,0.0,0.0,0.010889452719242139,0.2,1.050642962173345,1.0479502287457558,-0.03696712378402911
2021-12-07,coverage_aware_finance,Coverage-aware finance tilt,minimum_variance,False,0.003871423028112249,0.0,0.0,0.003871423028112249,0.2,1.0547104455314271,1.0520072873936377,-0.033238816130217286
2021-12-08,coverage_aware_finance,Coverage-aware finance tilt,minimum_variance,False,0.00040943477912137925,0.0,0.0,0.00040943477912137925,0.2,1.0551422806697304,1.052438015764986,-0.03284299047843631
2021-12-09,coverage_aware_finance,Coverage-aware finance tilt,minimum_variance,False,-0.0031777956409497978,0.0,0.0,-0.0031777956409497978,0.2,1.0517892541296363,1.049093582826118,-0.03591641780740806
2021-12-10,coverage_aware_finance,Coverage-aware finance tilt,minimum_variance,False,0.007264059249684542,0.0,0.0,0.007264059249684542,0.2,1.0594295135898155,1.056714260770231,-0.028913257544712856
2021-12-13,coverage_aware_finance,Coverage-aware finance tilt,minimum_variance,False,0.0050216662247161556,0.0,0.0,0.0050216662247161556,0.2,1.064749614995677,1.0620207270827167,-0.024036784048855564
2021-12-14,coverage_aware_finance,Coverage-aware finance tilt,minimum_variance,False,-0.0004330331653577212,0.0,0.0,-0.0004330331653577212,0.2,1.064288543099582,1.0615608368855924,-0.024459408489531653
2021-12-15,coverage_aware_finance,Coverage-aware finance tilt,minimum_variance,False,0.01200318033057334,0.0,0.0,0.01200318033057334,0.2,1.0770633904061695,1.0743029430426045,-0.01274981884983728
2021-12-16,coverage_aware_finance,Coverage-aware finance tilt,minimum_variance,False,0.010445494202894654,0.0,0.0,0.010445494202894654,0.2,1.0883138498068072,1.0855245682063088,-0.0024375028058265524
2021-12-17,coverage_aware_finance,Coverage-aware finance tilt,minimum_variance,False,-0.012937732758032955,0.0,0.0,-0.012937732758032955,0.2,1.0742335360611406,1.0714803414405765,-0.015343699803960775
2021-12-20,coverage_aware_finance,Coverage-aware finance tilt,minimum_variance,False,0.0007702723359245764,0.0,0.0,0.0007702723359245764,0.2,1.075060988436291,1.0723056731060752,-0.014585246295525933
2021-12-21,coverage_aware_finance,Coverage-aware finance tilt,minimum_variance,False,0.00426685190743019,0.0,0.0,0.00426685190743019,0.2,1.0796481144654042,1.076881042612716,-0.01038062747407209
2021-12-22,coverage_aware_finance,Coverage-aware finance tilt,minimum_variance,False,0.00633729780513331,0.0,0.0,0.00633729780513331,0.2,1.086490166091522,1.0837055584804551,-0.004109114796646218
2021-12-23,coverage_aware_finance,Coverage-aware finance tilt,minimum_variance,False,0.0020706237274648745,0.0,0.0,0.0020706237274648745,0.2,1.0887398784090883,1.0859495049234302,-0.002046999499778268
2021-12-27,coverage_aware_finance,Coverage-aware finance tilt,minimum_variance,False,0.010234481055189936,0.0,0.0,0.010234481055189936,0.2,1.099882566068696,1.0970636345584621,0.0
2021-12-28,coverage_aware_finance,Coverage-aware finance tilt,minimum_variance,False,0.004326553702589428,0.0,0.0,0.004326553702589428,0.2,1.104641267057334,1.101810139288537,0.0
2021-12-29,coverage_aware_finance,Coverage-aware finance tilt,minimum_variance,False,0.0010766528683255978,0.0,0.0,0.0010766528683255978,0.2,1.1058305822459822,1.1029964063353523,0.0
2021-12-30,coverage_aware_finance,Coverage-aware finance tilt,minimum_variance,False,0.0005980020134335432,0.0,0.0,0.0005980020134335432,0.2,1.1064918711606817,1.1036560004071507,0.0
2021-12-31,coverage_aware_finance,Coverage-aware finance tilt,minimum_variance,False,-0.0013019026934795622,0.0,0.0,-0.0013019026934795622,0.2,1.1050513264133044,1.1022191476875458,-0.0013019026934795175
2022-01-03,coverage_aware_finance,Coverage-aware finance tilt,minimum_variance,True,0.0034402290656275394,0.15311850112632386,0.00015311850112632386,0.0032871105645012155,0.2,1.1088529561054417,1.1058422638923049,0.0
2022-01-04,coverage_aware_finance,Coverage-aware finance tilt,minimum_variance,False,-0.0005513735666176852,0.0,0.0,-0.0005513735666176852,0.2,1.1082415638961791,1.105232531699146,-0.0005513735666177189
2022-01-05,coverage_aware_finance,Coverage-aware finance tilt,minimum_variance,False,-0.0034129922500896887,0.0,0.0,-0.0034129922500896887,0.2,1.104459144027374,1.1014603816339097,-0.0039624839829977
2022-01-06,coverage_aware_finance,Coverage-aware finance tilt,minimum_variance,False,-0.0038356644099985914,0.0,0.0,-0.0038356644099985914,0.2,1.1002228093963309,1.097235549249053,-0.007782949634207448
2022-01-07,coverage_aware_finance,Coverage-aware finance tilt,minimum_variance,False,0.004134764423072252,0.0,0.0,0.004134764423072252,0.2,1.1047719715260755,1.1017723597618183,-0.0036803658743892464
2022-01-10,coverage_aware_finance,Coverage-aware finance tilt,minimum_variance,False,0.00011450427303393162,0.0,0.0,0.00011450427303393162,0.2,1.1048984726375435,1.1018985174049218,-0.0035662830189741035
2022-01-11,coverage_aware_finance,Coverage-aware finance tilt,minimum_variance,False,0.003930329058217078,0.0,0.0,0.003930329058217078,0.2,1.1092410872109306,1.1062293411670847,0.0
2022-01-12,coverage_aware_finance,Coverage-aware finance tilt,minimum_variance,False,-0.0003222473591982944,0.0,0.0,-0.0003222473591982944,0.2,1.1088836371998627,1.105872861683226,-0.00032224735919816894
2022-01-13,coverage_aware_finance,Coverage-aware finance tilt,minimum_variance,False,-0.0029994340822405074,0.0,0.0,-0.0029994340822405074,0.2,1.1055576138252068,1.1025558689312687,-0.003320714881726472
2022-01-14,coverage_aware_finance,Coverage-aware finance tilt,minimum_variance,False,-0.002037813130224066,0.0,0.0,-0.002037813130224066,0.2,1.1033046940035345,1.100309066104755,-0.005351761015562784
2022-01-18,coverage_aware_finance,Coverage-aware finance tilt,minimum_variance,False,-0.010990933046687232,0.0,0.0,-0.010990933046687232,0.2,1.091178345981646,1.0882156428285348,-0.016283873215246047
2022-01-19,coverage_aware_finance,Coverage-aware finance tilt,minimum_variance,False,-0.0017299666568098282,0.0,0.0,-0.0017299666568098282,0.2,1.089290643826465,1.0863330660510226,-0.01798566931434964
2022-01-20,coverage_aware_finance,Coverage-aware finance tilt,minimum_variance,False,-0.011021096459311038,0.0,0.0,-0.011021096459311038,0.2,1.0772854665686284,1.0743604845431352,-0.02880854397726207
2022-01-21,coverage_aware_finance,Coverage-aware finance tilt,minimum_variance,False,-0.005181965186673525,0.0,0.0,-0.005181965186673525,0.2,1.0717030107847605,1.068793185914295,-0.033841224291966565
2022-01-24,coverage_aware_finance,Coverage-aware finance tilt,minimum_variance,False,-0.004864038734514444,0.0,0.0,-0.004864038734514444,0.2,1.0664902058284076,1.0635945344588227,-0.03854065800070161
2022-01-25,coverage_aware_finance,Coverage-aware finance tilt,minimum_variance,False,-0.004889800526846565,0.0,0.0,-0.004889800526846565,0.2,1.0612752814580713,1.058393769343875,-0.04324200239775111
2022-01-26,coverage_aware_finance,Coverage-aware finance tilt,minimum_variance,False,-0.015265224286436271,0.0,0.0,-0.015265224286436271,0.2,1.045074676256963,1.042237151071474,-0.05784712781899104
2022-01-27,coverage_aware_finance,Coverage-aware finance tilt,minimum_variance,False,-0.00013148337375045414,0.0,0.0,-0.00013148337375045414,0.2,1.0449372663127074,1.0421001142146031,-0.0579710052572141
2022-01-28,coverage_aware_finance,Coverage-aware finance tilt,minimum_variance,False,0.015935441397789504,0.0,0.0,0.015935441397789504,0.2,1.0615888028843998,1.0587064395152996,-0.042959357416471944
2022-01-31,coverage_aware_finance,Coverage-aware finance tilt,minimum_variance,False,0.011364933272153425,0.0,0.0,0.011364933272153425,0.2,1.0736536887916464,1.0707385675551901,-0.03208265437477131
2022-02-01,coverage_aware_finance,Coverage-aware finance tilt,minimum_variance,True,-0.002103163026799208,0.2930767736640548,0.00029307677366405483,-0.002396239800463263,0.2,1.0713956200497932,1.0681728211837234,-0.034402016441917316
2022-02-02,coverage_aware_finance,Coverage-aware finance tilt,minimum_variance,False,0.010413185025974074,0.0,0.0,0.010413185025974074,0.2,1.0825522608773899,1.0792959024104263,-0.024347065978419402
2022-02-03,coverage_aware_finance,Coverage-aware finance tilt,minimum_variance,False,-0.006210429072447006,0.0,0.0,-0.006210429072447006,0.2,1.0758291468439938,1.0725930117603237,-0.03040628932448519
2022-02-04,coverage_aware_finance,Coverage-aware finance tilt,minimum_variance,False,-0.0037508389074460565,0.0,0.0,-0.0037508389074460565,0.2,1.0717938850222468,1.0685698881599583,-0.03404307913890192
2022-02-07,coverage_aware_finance,Coverage-aware finance tilt,minimum_variance,False,-0.0008502909828998993,0.0,0.0,-0.0008502909828998993,0.2,1.0708825483462852,1.0676612928194575,-0.034864423598579886
2022-02-08,coverage_aware_finance,Coverage-aware finance tilt,minimum_variance,False,-0.001391353932590916,0.0,0.0,-0.001391353932590916,0.2,1.0693925717013006,1.066175798081018,-0.03620726877828939
2022-02-09,coverage_aware_finance,Coverage-aware finance tilt,minimum_variance,False,0.00634483441205798,0.0,0.0,0.00634483441205798,0.2,1.0761776904902303,1.072940506973986,-0.03009216349114252
2022-02-10,coverage_aware_finance,Coverage-aware finance tilt,minimum_variance,False,-0.016551316624146432,0.0,0.0,-0.016551316624146432,0.2,1.0583655327910837,1.0551819289241873,-0.046145415189441485
2022-02-11,coverage_aware_finance,Coverage-aware finance tilt,minimum_variance,False,-0.0032133956377446414,0.0,0.0,-0.0032133956377446414,0.2,1.0549645856048735,1.0517912119167554,-0.04921052735131437
2022-02-14,coverage_aware_finance,Coverage-aware finance tilt,minimum_variance,False,-0.007877915928575105,0.0,0.0,-0.007877915928575105,0.2,1.0466536632918542,1.043505289174861,-0.05670076688261494
2022-02-15,coverage_aware_finance,Coverage-aware finance tilt,minimum_variance,False,0.0027375681343788103,0.0,0.0,0.0027375681343788103,0.2,1.0495189490082129,1.0463619560025619,-0.054118420960848956
2022-02-16,coverage_aware_finance,Coverage-aware finance tilt,minimum_variance,False,-0.0016817862530559844,0.0,0.0,-0.0016817862530559844,0.2,1.047753882467449,1.044602198849236,-0.05570919159749588
2022-02-17,coverage_aware_finance,Coverage-aware finance tilt,minimum_variance,False,-0.006976384453030279,0.0,0.0,-0.006976384453030279,0.2,1.040444348571201,1.0373146523095829,-0.06229692731237457
2022-02-18,coverage_aware_finance,Coverage-aware finance tilt,minimum_variance,False,-0.005565203200410252,0.0,0.0,-0.005565203200410252,0.2,1.0346540643526838,1.0315417854867173,-0.06751543545353011
2022-02-22,coverage_aware_finance,Coverage-aware finance tilt,minimum_variance,False,-0.0040681843491286425,0.0,0.0,-0.0040681843491286425,0.2,1.030444900881322,1.027345283339528,-0.07130895456482211
2022-02-23,coverage_aware_finance,Coverage-aware finance tilt,minimum_variance,False,-0.0022045483918258406,0.0,0.0,-0.0022045483918258406,0.2,1.0281732352322188,1.025080450947292,-0.0733562989155393
2022-02-24,coverage_aware_finance,Coverage-aware finance tilt,minimum_variance,False,-0.0017105581993215962,0.0,0.0,-0.0017105581993215962,0.2,1.0264144850743693,1.0233269911769598,-0.074941376896279
2022-02-25,coverage_aware_finance,Coverage-aware finance tilt,minimum_variance,False,0.026133065496905812,0.0,0.0,0.026133065496905812,0.2,1.0532378420397908,1.0500696624621388,-0.050766759310232
2022-02-28,coverage_aware_finance,Coverage-aware finance tilt,minimum_variance,False,-0.005047980942970575,0.0,0.0,-0.005047980942970575,0.2,1.0479211174847585,1.0447689308172385,-0.05555847061966801
2022-03-01,coverage_aware_finance,Coverage-aware finance tilt,minimum_variance,True,-0.003107048960600903,0.28039288621147757,0.0002803928862114776,-0.0033874418468123803,0.2,1.0446651752658858,1.0412298368207389,-0.05875771137815833
2022-03-02,coverage_aware_finance,Coverage-aware finance tilt,minimum_variance,False,0.012663703899134881,0.0,0.0,0.012663703899134881,0.2,1.0578945057191906,1.0544156631651813,-0.046838097737707196
2022-03-03,coverage_aware_finance,Coverage-aware finance tilt,minimum_variance,False,0.006615017735591675,0.0,0.0,0.006615017735591675,0.2,1.064892496636908,1.0613906414777046,-0.04053291484935195
2022-03-04,coverage_aware_finance,Coverage-aware finance tilt,minimum_variance,False,0.005392006960113913,0.0,0.0,0.005392006960113913,0.2,1.0706344043905474,1.067113667203952,-0.03535946164821946
2022-03-07,coverage_aware_finance,Coverage-aware finance tilt,minimum_variance,False,-0.008985254160860752,0.0,0.0,-0.008985254160860752,0.2,1.0610144821537366,1.0575253796855963,-0.044027002059179865
2022-03-08,coverage_aware_finance,Coverage-aware finance tilt,minimum_variance,False,-0.012698860988563071,0.0,0.0,-0.012698860988563071,0.2,1.047540806738014,1.0440960118970914,-0.05616677026885031
2022-03-09,coverage_aware_finance,Coverage-aware finance tilt,minimum_variance,False,0.00537072649549936,0.0,0.0,0.00537072649549936,0.2,1.0531668619038788,1.0497035660120324,-0.051097700134600466
2022-03-10,coverage_aware_finance,Coverage-aware finance tilt,minimum_variance,False,0.0021529393760471383,0.0,0.0,0.0021529393760471383,0.2,1.0554342663104195,1.0519635141524768,-0.04905477100919853
2022-03-11,coverage_aware_finance,Coverage-aware finance tilt,minimum_variance,False,-0.006243027147411748,0.0,0.0,-0.006243027147411748,0.2,1.048845161533535,1.0453960773755362,-0.05499154788948979
2022-03-14,coverage_aware_finance,Coverage-aware finance tilt,minimum_variance,False,-0.0069500525424969605,0.0,0.0,-0.0069500525424969605,0.2,1.0415556325519333,1.038130519710056,-0.06155940628476153
2022-03-15,coverage_aware_finance,Coverage-aware finance tilt,minimum_variance,False,0.007654610780380038,0.0,0.0,0.007654610780380038,0.2,1.049528335525231,1.0460770047776702,-0.05437600879936266
2022-03-16,coverage_aware_finance,Coverage-aware finance tilt,minimum_variance,False,0.006917639279150661,0.0,0.0,0.006917639279150661,0.2,1.0567885939636419,1.0533133881549364,-0.047834523134525964
2022-03-17,coverage_aware_finance,Coverage-aware finance tilt,minimum_variance,False,0.01114873784207487,0.0,0.0,0.01114873784207487,0.2,1.0685704529522375,1.0650565029850234,-0.03721907985067863
2022-03-18,coverage_aware_finance,Coverage-aware finance tilt,minimum_variance,False,0.003310733795449279,0.0,0.0,0.003310733795449279,0.2,1.072108205263645,1.0685826215435188,-0.03403156852072664
2022-03-21,coverage_aware_finance,Coverage-aware finance tilt,minimum_variance,False,0.0028532844610964663,0.0,0.0,0.0028532844610964663,0.2,1.0751672349463377,1.0716315917329666,-0.03127538580527711
2022-03-22,coverage_aware_finance,Coverage-aware finance tilt,minimum_variance,False,0.004664863969817891,0.0,0.0,0.004664863969817891,0.2,1.0801827438421676,1.0766306073341603,-0.026756417255844434
2022-03-23,coverage_aware_finance,Coverage-aware finance tilt,minimum_variance,False,-0.009209560080913852,0.0,0.0,-0.009209560080913852,0.2,1.0702347359643867,1.0667153130709655,-0.03571956250449071
2022-03-24,coverage_aware_finance,Coverage-aware finance tilt,minimum_variance,False,0.006301744159498696,0.0,0.0,0.006301744159498696,0.2,1.076979081461043,1.0734374800649584,-0.029642913889384337
2022-03-25,coverage_aware_finance,Coverage-aware finance tilt,minimum_variance,False,0.009296243282921567,0.0,0.0,0.009296243282921567,0.2,1.0869909410129222,1.0834164160286486,-0.02062223834559318
2022-03-28,coverage_aware_finance,Coverage-aware finance tilt,minimum_variance,False,0.004835189929140879,0.0,0.0,0.004835189929140879,0.2,1.092246748663975,1.088654940172496,-0.015886760855617355
2022-03-29,coverage_aware_finance,Coverage-aware finance tilt,minimum_variance,False,0.012018915590789613,0.0,0.0,0.012018915590789613,0.2,1.105374370140482,1.1017393920059255,-0.004058786902562339
2022-03-30,coverage_aware_finance,Coverage-aware finance tilt,minimum_variance,False,0.0008343838252335051,0.0,0.0,0.0008343838252335051,0.2,1.106296676635755,1.1026586655342379,-0.0032277896634704817
2022-03-31,coverage_aware_finance,Coverage-aware finance tilt,minimum_variance,False,-0.009536327198370765,0.0,0.0,-0.009536327198370765,0.2,1.0957466695488862,1.0921433517115846,-0.012733335603482776
2022-04-01,coverage_aware_finance,Coverage-aware finance tilt,minimum_variance,True,0.009365581687200641,0.18384298775018204,0.00018384298775018205,0.00918173869945046,0.2,1.1060089744910244,1.1021711265893424,-0.0036685110643158714
2022-04-04,coverage_aware_finance,Coverage-aware finance tilt,minimum_variance,False,0.002096986474340193,0.0,0.0,0.002096986474340193,0.2,1.108328260351031,1.1044823645342083,-0.001579217408058664
2022-04-05,coverage_aware_finance,Coverage-aware finance tilt,minimum_variance,False,-0.004075265205619177,0.0,0.0,-0.004075265205619177,0.2,1.103811528755218,1.0999813059838022,-0.0056480468839226194
2022-04-06,coverage_aware_finance,Coverage-aware finance tilt,minimum_variance,False,0.010769739490504113,0.0,0.0,0.010769739490504113,0.2,1.115699291366527,1.1118278180936723,0.0
2022-04-07,coverage_aware_finance,Coverage-aware finance tilt,minimum_variance,False,0.0035952626765917662,0.0,0.0,0.0035952626765917662,0.2,1.119710523387077,1.115825131150861,0.0
2022-04-08,coverage_aware_finance,Coverage-aware finance tilt,minimum_variance,False,0.006268517705430752,0.0,0.0,0.006268517705430752,0.2,1.126729448627886,1.1228197007416445,0.0
2022-04-11,coverage_aware_finance,Coverage-aware finance tilt,minimum_variance,False,-0.014458681533064819,0.0,0.0,-0.014458681533064819,0.2,1.1104384263562497,1.10658520826957,-0.014458681533064732
2022-04-12,coverage_aware_finance,Coverage-aware finance tilt,minimum_variance,False,0.0025690676236381654,0.0,0.0,0.0025690676236381654,0.2,1.113291217765445,1.109428100500932,-0.011926759240033835
2022-04-13,coverage_aware_finance,Coverage-aware finance tilt,minimum_variance,False,0.0050347152651067945,0.0,0.0,0.0050347152651067945,0.2,1.1188963220540382,1.1150137550940626,-0.00695209181173595
2022-04-14,coverage_aware_finance,Coverage-aware finance tilt,minimum_variance,False,0.0023427722585293333,0.0,0.0,0.0023427722585293333,0.2,1.121517641317517,1.1176259783873757,-0.004625606721041953
2022-04-18,coverage_aware_finance,Coverage-aware finance tilt,minimum_variance,False,-0.004625012928930822,0.0,0.0,-0.004625012928930822,0.2,1.1163306077263995,1.112456943787625,-0.009229226159083836
2022-04-19,coverage_aware_finance,Coverage-aware finance tilt,minimum_variance,False,0.007380048297423332,0.0,0.0,0.007380048297423332,0.2,1.1245691815273122,1.1206669297615817,-0.0019172899964623458
2022-04-20,coverage_aware_finance,Coverage-aware finance tilt,minimum_variance,False,0.0025203359305777536,0.0,0.0,0.0025203359305777536,0.2,1.1274034736419358,1.12349138689087,0.0
2022-04-21,coverage_aware_finance,Coverage-aware finance tilt,minimum_variance,False,-0.010750325948966855,0.0,0.0,-0.010750325948966855,0.2,1.1152835188242876,1.1114134882809363,-0.010750325948966855
2022-04-22,coverage_aware_finance,Coverage-aware finance tilt,minimum_variance,False,-0.01634639438622548,0.0,0.0,-0.01634639438622548,0.2,1.0970526545731285,1.0932458850753257,-0.026920991267449956
2022-04-25,coverage_aware_finance,Coverage-aware finance tilt,minimum_variance,False,-0.001389635825911918,0.0,0.0,-0.001389635825911918,0.2,1.0955281509014219,1.0917266714268943,-0.028273216719427507
2022-04-26,coverage_aware_finance,Coverage-aware finance tilt,minimum_variance,False,-0.014743114133051984,0.0,0.0,-0.014743114133051984,0.2,1.079376654336711,1.0756312205079506,-0.042599495591476466
2022-04-27,coverage_aware_finance,Coverage-aware finance tilt,minimum_variance,False,-0.0017681890605932668,0.0,0.0,-0.0017681890605932668,0.2,1.0774681123442529,1.0737293011506157,-0.044292360689978216
2022-04-28,coverage_aware_finance,Coverage-aware finance tilt,minimum_variance,False,0.015455950573844017,0.0,0.0,0.015455950573844017,0.2,1.0941214062335387,1.0903248081588879,-0.02952099065375724
2022-04-29,coverage_aware_finance,Coverage-aware finance tilt,minimum_variance,False,-0.030683511740492914,0.0,0.0,-0.030683511740492914,0.2,1.0605499192198473,1.056869814106794,-0.05929869473093452
2022-05-02,coverage_aware_finance,Coverage-aware finance tilt,minimum_variance,True,0.0002852871200069956,0.21195652293786862,0.00021195652293786864,7.333059706912697e-05,0.2,1.0608524804519253,1.0569473150012867,-0.0592297125425556
2022-05-03,coverage_aware_finance,Coverage-aware finance tilt,minimum_variance,False,0.0028805699974970476,0.0,0.0,0.0028805699974970476,0.2,1.0639083402788854,1.0599919257258144,-0.056519757877969146
2022-05-04,coverage_aware_finance,Coverage-aware finance tilt,minimum_variance,False,0.024071291492140417,0.0,0.0,0.024071291492140417,0.2,1.0895179880586576,1.0855073003492757,-0.03380896995277449
2022-05-05,coverage_aware_finance,Coverage-aware finance tilt,minimum_variance,False,-0.015379334369587657,0.0,0.0,-0.015379334369587657,0.2,1.0727619266186232,1.0688129206165757,-0.04866834486876703
2022-05-06,coverage_aware_finance,Coverage-aware finance tilt,minimum_variance,False,-0.0060309984165592325,0.0,0.0,-0.0060309984165592325,0.2,1.0662921011378415,1.0623669115847392,-0.05440582457448617
2022-05-09,coverage_aware_finance,Coverage-aware finance tilt,minimum_variance,False,-0.014619303971442446,0.0,0.0,-0.014619303971442446,0.2,1.0507036527889593,1.0468358467750793,-0.06822975325865721
2022-05-10,coverage_aware_finance,Coverage-aware finance tilt,minimum_variance,False,-0.007913787886832847,0.0,0.0,-0.007913787886832847,0.2,1.042388606948867,1.0385514099313684,-0.07560358535063005
2022-05-11,coverage_aware_finance,Coverage-aware finance tilt,minimum_variance,False,0.007804760790245677,0.0,0.0,0.007804760790245677,0.2,1.0505242006765803,1.0466570552542551,-0.06838889245893098
2022-05-12,coverage_aware_finance,Coverage-aware finance tilt,minimum_variance,False,0.00655073374986651,0.0,0.0,0.00655073374986651,0.2,1.0574059050130038,1.053513426950645,-0.062286156135011206
2022-05-13,coverage_aware_finance,Coverage-aware finance tilt,minimum_variance,False,0.009694645575293318,0.0,0.0,0.009694645575293318,0.2,1.0676570804913272,1.0637268662337442,-0.05319535276769416
2022-05-16,coverage_aware_finance,Coverage-aware finance tilt,minimum_variance,False,0.006867474594876097,0.0,0.0,0.006867474594876097,0.2,1.074989188367641,1.0710319834634916,-0.04669319590651566
2022-05-17,coverage_aware_finance,Coverage-aware finance tilt,minimum_variance,False,-0.001353572939617199,0.0,0.0,-0.001353572939617199,0.2,1.0735341120918855,1.0695822635532108,-0.04798356619968969
2022-05-18,coverage_aware_finance,Coverage-aware finance tilt,minimum_variance,False,-0.022446035807761583,0.0,0.0,-0.022446035807761583,0.2,1.0494375269710174,1.0455743817661487,-0.069352561162349
2022-05-19,coverage_aware_finance,Coverage-aware finance tilt,minimum_variance,False,-0.00478970453254619,0.0,0.0,-0.00478970453254619,0.2,1.0444110312914603,1.0405663894106891,-0.07381008741835227
2022-05-20,coverage_aware_finance,Coverage-aware finance tilt,minimum_variance,False,0.0017398656366338578,0.0,0.0,0.0017398656366338578,0.2,1.0462281661553257,1.042376835114261,-0.07219864141645438
2022-05-23,coverage_aware_finance,Coverage-aware finance tilt,minimum_variance,False,0.01663520196768094,0.0,0.0,0.01663520196768094,0.2,1.063632383003596,1.059716984292819,-0.05676447843052834
2022-05-24,coverage_aware_finance,Coverage-aware finance tilt,minimum_variance,False,0.009864239515026692,0.0,0.0,0.009864239515026692,0.2,1.0741243075854823,1.0701702864440252,-0.047460177326685726
2022-05-25,coverage_aware_finance,Coverage-aware finance tilt,minimum_variance,False,0.005254983000560612,0.0,0.0,0.005254983000560612,0.2,1.0797688125623328,1.0757940131069936,-0.04245459675118046
2022-05-26,coverage_aware_finance,Coverage-aware finance tilt,minimum_variance,False,0.005267878818280502,0.0,0.0,0.005267878818280502,0.2,1.0854569038186699,1.081461165601473,-0.03741036360386418
2022-05-27,coverage_aware_finance,Coverage-aware finance tilt,minimum_variance,False,0.010735022388871463,0.0,0.0,0.010735022388871463,0.2,1.0971093079833183,1.0930706754268997,-0.02707694230585611
2022-05-31,coverage_aware_finance,Coverage-aware finance tilt,minimum_variance,False,-0.00888496143711813,0.0,0.0,-0.00888496143711813,0.2,1.0873615340895832,1.083358784627687,-0.03572132615475154
2022-06-01,coverage_aware_finance,Coverage-aware finance tilt,minimum_variance,True,-0.00613976911330119,0.24120761827415632,0.00024120761827415633,-0.006380976731575346,0.2,1.0806853853275882,1.07644589743103,-0.04187436593531246
2022-06-02,coverage_aware_finance,Coverage-aware finance tilt,minimum_variance,False,0.002723611670664953,0.0,0.0,0.002723611670664953,0.2,1.0836287526553836,1.0793777180401127,-0.039264803776410506
2022-06-03,coverage_aware_finance,Coverage-aware finance tilt,minimum_variance,False,-0.004668806272097824,0.0,0.0,-0.004668806272097824,0.2,1.0785694999383606,1.0743383125801644,-0.043750290286364346
2022-06-06,coverage_aware_finance,Coverage-aware finance tilt,minimum_variance,False,-0.00348198743890969,0.0,0.0,-0.00348198743890969,0.2,1.074813934487584,1.0705974800706208,-0.04707993976404823
2022-06-07,coverage_aware_finance,Coverage-aware finance tilt,minimum_variance,False,0.007365047527194754,0.0,0.0,0.007365047527194754,0.2,1.082729990197976,1.0784824813938358,-0.04006163823079323
2022-06-08,coverage_aware_finance,Coverage-aware finance tilt,minimum_variance,False,-0.00933587038161101,0.0,0.0,-0.00933587038161101,0.2,1.072621763351205,1.0684139087387048,-0.0490234983506066
2022-06-09,coverage_aware_finance,Coverage-aware finance tilt,minimum_variance,False,-0.02211460692546828,0.0,0.0,-0.02211460692546828,0.2,1.0489011546749905,1.0447863551132452,-0.07005396987993973
2022-06-10,coverage_aware_finance,Coverage-aware finance tilt,minimum_variance,False,-0.010849676018996557,0.0,0.0,-0.010849676018996557,0.2,1.0375209169708155,1.0334507616511983,-0.0801435830218944
2022-06-13,coverage_aware_finance,Coverage-aware finance tilt,minimum_variance,False,-0.03207665531077491,0.0,0.0,-0.03207665531077491,0.2,1.0042407161394236,1.000301117789055,-0.10964950024470554
2022-06-14,coverage_aware_finance,Coverage-aware finance tilt,minimum_variance,False,-0.013001274080838187,0.0,0.0,-0.013001274080838187,0.2,0.9911843073457577,0.9872959287933107,-0.12122519112003538
2022-06-15,coverage_aware_finance,Coverage-aware finance tilt,minimum_variance,False,0.0021161592763402426,0.0,0.0,0.0021161592763402426,0.2,0.9932818112123104,0.9893852042315198,-0.11936556365640982
2022-06-16,coverage_aware_finance,Coverage-aware finance tilt,minimum_variance,False,-0.008152210943324467,0.0,0.0,-0.008152210943324467,0.2,0.9851843683611402,0.9813195273424202,-0.1265446813454384
2022-06-17,coverage_aware_finance,Coverage-aware finance tilt,minimum_variance,False,-0.004398999729986893,0.0,0.0,-0.004398999729986893,0.2,0.9808505425907322,0.9770027030066101,-0.13038701105635542
2022-06-21,coverage_aware_finance,Coverage-aware finance tilt,minimum_variance,False,0.023455780896015268,0.0,0.0,0.023455780896015268,0.2,1.0038571580094782,0.9999190643431477,-0.1099895593233644
2022-06-22,coverage_aware_finance,Coverage-aware finance tilt,minimum_variance,False,0.004087391551003007,0.0,0.0,0.004087391551003007,0.2,1.0079603152755399,1.0040061250784307,-0.10635173816783827
2022-06-23,coverage_aware_finance,Coverage-aware finance tilt,minimum_variance,False,0.013413118691808164,0.0,0.0,0.013413118691808164,0.2,1.021480206620963,1.01747297840141,-0.09436512796315544
2022-06-24,coverage_aware_finance,Coverage-aware finance tilt,minimum_variance,False,0.014164925720137262,0.0,0.0,0.014164925720137262,0.2,1.0359493978723393,1.0318854075627129,-0.08153687727118752
2022-06-27,coverage_aware_finance,Coverage-aware finance tilt,minimum_variance,False,-0.000856523286022358,0.0,0.0,-0.000856523286022358,0.2,1.0350620830899209,1.0310015736826288,-0.08232356232315752
2022-06-28,coverage_aware_finance,Coverage-aware finance tilt,minimum_variance,False,-0.008850775811109018,0.0,0.0,-0.008850775811109018,0.2,1.0259009806419124,1.0218764098930633,-0.09044571074017238
2022-06-29,coverage_aware_finance,Coverage-aware finance tilt,minimum_variance,False,0.001558448895776861,0.0,0.0,0.001558448895776861,0.2,1.0274997948923703,1.0234689520556817,-0.08902821686242623
2022-06-30,coverage_aware_finance,Coverage-aware finance tilt,minimum_variance,False,-0.007103548642223608,0.0,0.0,-0.007103548642223608,0.2,1.0202009001194776,1.0161986905709486,-0.09549934923563708
2022-07-01,coverage_aware_finance,Coverage-aware finance tilt,minimum_variance,True,0.015621530581833225,0.18697918129019292,0.0001869791812901929,0.015434551400543032,0.2,1.0361379996803077,1.0318832614937303,-0.08153878744958998
2022-07-05,coverage_aware_finance,Coverage-aware finance tilt,minimum_variance,False,-0.003498636325823883,0.0,0.0,-0.003498636325823883,0.2,1.0325129296360596,1.0282730772310587,-0.08475214921167917
2022-07-06,coverage_aware_finance,Coverage-aware finance tilt,minimum_variance,False,0.0008084656368144515,0.0,0.0,0.0008084656368144515,0.2,1.0333476808592368,1.0291044006792613,-0.08401220277514854
2022-07-07,coverage_aware_finance,Coverage-aware finance tilt,minimum_variance,False,0.0023805115194469205,0.0,0.0,0.0023805115194469205,0.2,1.0358075769171158,1.0315541955597918,-0.08183168327218204
2022-07-08,coverage_aware_finance,Coverage-aware finance tilt,minimum_variance,False,-0.0026535931848589334,0.0,0.0,-0.0026535931848589334,0.2,1.0330589649901833,1.0288168703766416,-0.08426812846000442
2022-07-11,coverage_aware_finance,Coverage-aware finance tilt,minimum_variance,False,-0.0007823446172807428,0.0,0.0,-0.0007823446172807428,0.2,1.0322507568695896,1.0280119810359347,-0.08498454636057629
2022-07-12,coverage_aware_finance,Coverage-aware finance tilt,minimum_variance,False,-0.005100277979866017,0.0,0.0,-0.005100277979866017,0.2,1.0269859910646275,1.0227688341660186,-0.08965137953001068
2022-07-13,coverage_aware_finance,Coverage-aware finance tilt,minimum_variance,False,-0.0026202997301457832,0.0,0.0,-0.0026202997301457832,0.2,1.0242949799493775,1.020088873265852,-0.09203676577456665
2022-07-14,coverage_aware_finance,Coverage-aware finance tilt,minimum_variance,False,-0.0028100699814148887,0.0,0.0,-0.0028100699814148887,0.2,1.0214166393741078,1.0172223521447123,-0.09458820600329187
2022-07-15,coverage_aware_finance,Coverage-aware finance tilt,minimum_variance,False,0.011123143378911165,0.0,0.0,0.011123143378911165,0.2,1.0327780031034717,1.0285370622158512,-0.08451718080170934
2022-07-18,coverage_aware_finance,Coverage-aware finance tilt,minimum_variance,False,-0.010689342726939211,0.0,0.0,-0.010689342726939211,0.2,1.0217382850674548,1.0175426770504667,-0.09430309041674445
2022-07-19,coverage_aware_finance,Coverage-aware finance tilt,minimum_variance,False,0.01370719582139136,0.0,0.0,0.01370719582139136,0.2,1.0357434518190871,1.0314903337814203,-0.08188852552225767
2022-07-20,coverage_aware_finance,Coverage-aware finance tilt,minimum_variance,False,-0.004052115483567211,0.0,0.0,-0.004052115483567211,0.2,1.0315464997409676,1.0273106158287546,-0.08560881924362973
2022-07-21,coverage_aware_finance,Coverage-aware finance tilt,minimum_variance,False,0.005107236801206789,0.0,0.0,0.005107236801206789,0.2,1.0368148519866007,1.0325573344121857,-0.0809388069545719
2022-07-22,coverage_aware_finance,Coverage-aware finance tilt,minimum_variance,False,0.0006203254944247213,0.0,0.0,0.0006203254944247213,0.2,1.0374580146722863,1.033197856051177,-0.0803686898655892
2022-07-25,coverage_aware_finance,Coverage-aware finance tilt,minimum_variance,False,-0.0015329565919809233,0.0,0.0,-0.0015329565919809233,0.2,1.035867636569791,1.0316140085869228,-0.08177844474465179
2022-07-26,coverage_aware_finance,Coverage-aware finance tilt,minimum_variance,False,-0.004427119777997283,0.0,0.0,-0.004427119777997283,0.2,1.0312817264685457,1.0270469298062486,-0.08584352155250619
2022-07-27,coverage_aware_finance,Coverage-aware finance tilt,minimum_variance,False,0.003941600201886659,0.0,0.0,0.003941600201886659,0.2,1.035346626729796,1.0310951381921198,-0.08224028219250168
2022-07-28,coverage_aware_finance,Coverage-aware finance tilt,minimum_variance,False,0.010304463620767491,0.0,0.0,0.010304463620767491,0.2,1.0460153183798173,1.0417200205331707,-0.07278326056774853
2022-07-29,coverage_aware_finance,Coverage-aware finance tilt,minimum_variance,False,0.003485065791060085,0.0,0.0,0.003485065791060085,0.2,1.0496607505828277,1.0453504833405933,-0.06955184922825486
2022-08-01,coverage_aware_finance,Coverage-aware finance tilt,minimum_variance,True,-0.005101526861513741,0.11835958461928228,0.00011835958461928229,-0.005219886446133023,0.2,1.0443058780682528,1.039893872521145,-0.07440868291929792
2022-08-02,coverage_aware_finance,Coverage-aware finance tilt,minimum_variance,False,-0.006115504573307638,0.0,0.0,-0.006115504573307638,0.2,1.0379194206949944,1.0335343967879873,-0.08006914085191885
2022-08-03,coverage_aware_finance,Coverage-aware finance tilt,minimum_variance,False,0.010914063119011889,0.0,0.0,0.010914063119011889,0.2,1.049247338764908,1.0448144564302013,-0.07002895739004977
2022-08-04,coverage_aware_finance,Coverage-aware finance tilt,minimum_variance,False,-0.006393228232500621,0.0,0.0,-0.006393228232500621,0.2,1.04253926105584,1.0381347191496269,-0.07597447451507189
2022-08-05,coverage_aware_finance,Coverage-aware finance tilt,minimum_variance,False,-0.003884726863079443,0.0,0.0,-0.003884726863079443,0.2,1.0384892807826014,1.034101849318651,-0.07956406129609428
2022-08-08,coverage_aware_finance,Coverage-aware finance tilt,minimum_variance,False,0.004161171887561864,0.0,0.0,0.004161171887561864,0.2,1.0428106131833283,1.0384049248629115,-0.07573396914365793
2022-08-09,coverage_aware_finance,Coverage-aware finance tilt,minimum_variance,False,0.0025709462181819913,0.0,0.0,0.0025709462181819913,0.2,1.045491623185572,1.0410746080774294,-0.07335773088703368
2022-08-10,coverage_aware_finance,Coverage-aware finance tilt,minimum_variance,False,0.010713147558919257,0.0,0.0,0.010713147558919257,0.2,1.0566921292163731,1.0522277939736069,-0.06343047552369474
2022-08-11,coverage_aware_finance,Coverage-aware finance tilt,minimum_variance,False,-0.0003022531760217712,0.0,0.0,-0.0003022531760217712,0.2,1.0563727406642403,1.05190975478098,-0.06371355663703293
2022-08-12,coverage_aware_finance,Coverage-aware finance tilt,minimum_variance,False,0.014435795476319901,0.0,0.0,0.014435795476319901,0.2,1.0716223214952287,1.067094908860544,-0.050197517033394146
2022-08-15,coverage_aware_finance,Coverage-aware finance tilt,minimum_variance,False,0.008271042909257967,0.0,0.0,0.008271042909257967,0.2,1.0804857556988345,1.0759208966399803,-0.042341659941457555
2022-08-16,coverage_aware_finance,Coverage-aware finance tilt,minimum_variance,False,0.011646710802578496,0.0,0.0,0.011646710802578496,0.2,1.0930698608217642,1.088451836169597,-0.031188090207118435
2022-08-17,coverage_aware_finance,Coverage-aware finance tilt,minimum_variance,False,-0.005722487379940453,0.0,0.0,-0.005722487379940453,0.2,1.0868147823378185,1.0822231842734436,-0.036732104134444166
2022-08-18,coverage_aware_finance,Coverage-aware finance tilt,minimum_variance,False,-0.001353507855016359,0.0,0.0,-0.001353507855016359,0.2,1.0853437699929764,1.0807583866926487,-0.038035894797983194
2022-08-19,coverage_aware_finance,Coverage-aware finance tilt,minimum_variance,False,-0.004193816609723585,0.0,0.0,-0.004193816609723585,0.2,1.08079203726312,1.076225884219439,-0.04207019584033722
2022-08-22,coverage_aware_finance,Coverage-aware finance tilt,minimum_variance,False,-0.014343731279204264,0.0,0.0,-0.014343731279204264,0.2,1.065289446711914,1.0607887893404713,-0.0558104835355443
2022-08-23,coverage_aware_finance,Coverage-aware finance tilt,minimum_variance,False,-0.004356376441008561,0.0,0.0,-0.004356376441008561,0.2,1.0606486448634032,1.0561675940497024,-0.05992372850091743
2022-08-24,coverage_aware_finance,Coverage-aware finance tilt,minimum_variance,False,0.0005131699575574565,0.0,0.0,0.0005131699575574565,0.2,1.061192937883471,1.0567095875291144,-0.05944130960057148
2022-08-25,coverage_aware_finance,Coverage-aware finance tilt,minimum_variance,False,0.0065279010519576726,0.0,0.0,0.0065279010519576726,0.2,1.0681203003790105,1.0636076831571595,-0.05330143553608513
2022-08-26,coverage_aware_finance,Coverage-aware finance tilt,minimum_variance,False,-0.018005600123239287,0.0,0.0,-0.018005600123239287,0.2,1.048888153366872,1.0444567885262268,-0.07034731132506689
2022-08-29,coverage_aware_finance,Coverage-aware finance tilt,minimum_variance,False,-0.003626015868437302,0.0,0.0,-0.003626015868437302,0.2,1.0450848682785479,1.0406695716371337,-0.07371824672633753
2022-08-30,coverage_aware_finance,Coverage-aware finance tilt,minimum_variance,False,-0.009335528664148253,0.0,0.0,-0.009335528664148253,0.2,1.035328448534266,1.0309543710212083,-0.08236557658510135
2022-08-31,coverage_aware_finance,Coverage-aware finance tilt,minimum_variance,False,-0.003775558200895103,0.0,0.0,-0.003775558200895103,0.2,1.0314195057197824,1.0270619427909504,-0.08583015875784927
2022-09-01,coverage_aware_finance,Coverage-aware finance tilt,minimum_variance,True,0.009700646907811777,0.1392958332531911,0.00013929583325319108,0.009561351074558586,0.2,1.0414249421585997,1.036882042601293,-0.07708945996395944
2022-09-02,coverage_aware_finance,Coverage-aware finance tilt,minimum_variance,False,-0.008765270944783778,0.0,0.0,-0.008765270944783778,0.2,1.0322965703719238,1.0277934905601118,-0.08517902090517204
2022-09-06,coverage_aware_finance,Coverage-aware finance tilt,minimum_variance,False,-0.0026505295197149386,0.0,0.0,-0.0026505295197149386,0.2,1.0295604378390526,1.0250692935732115,-0.08760378091551735
2022-09-07,coverage_aware_finance,Coverage-aware finance tilt,minimum_variance,False,0.016104696087915163,0.0,0.0,0.016104696087915163,0.2,1.0461411957945914,1.041577723015262,-0.07290991709539885
2022-09-08,coverage_aware_finance,Coverage-aware finance tilt,minimum_variance,False,0.0012001793425043448,0.0,0.0,0.0012001793425043448,0.2,1.0473967528471269,1.0428278030820377,-0.07179724272925603
2022-09-09,coverage_aware_finance,Coverage-aware finance tilt,minimum_variance,False,0.010096769988904476,0.0,0.0,0.010096769988904476,0.2,1.0579720769477499,1.0533569955477917,-0.06242539298602634
2022-09-12,coverage_aware_finance,Coverage-aware finance tilt,minimum_variance,False,0.009244965614408983,0.0,0.0,0.009244965614408983,0.2,1.0677529924201365,1.0630952447513282,-0.05375754798323906
2022-09-13,coverage_aware_finance,Coverage-aware finance tilt,minimum_variance,False,-0.028335898932871736,0.0,0.0,-0.028335898932871736,0.2,1.0374972515416483,1.032971485340038,-0.08057017846957881
2022-09-14,coverage_aware_finance,Coverage-aware finance tilt,minimum_variance,False,0.005569912245701391,0.0,0.0,0.005569912245701391,0.2,1.0432760201878917,1.0387250458656938,-0.0754490350475735
2022-09-15,coverage_aware_finance,Coverage-aware finance tilt,minimum_variance,False,-0.012426836802769924,0.0,0.0,-0.012426836802769924,0.2,1.0303113993447734,1.0258169792377712,-0.08693827900488071
2022-09-16,coverage_aware_finance,Coverage-aware finance tilt,minimum_variance,False,-0.0009964333615266443,0.0,0.0,-0.0009964333615266443,0.2,1.0292847626937052,1.024794820976838,-0.08784808416481327
2022-09-19,coverage_aware_finance,Coverage-aware finance tilt,minimum_variance,False,0.00417971055261234,0.0,0.0,0.00417971055261234,0.2,1.033586875077979,1.0290781667043374,-0.08403555317661149
2022-09-20,coverage_aware_finance,Coverage-aware finance tilt,minimum_variance,False,-0.013078956070397569,0.0,0.0,-0.013078956070397569,0.2,1.0200686377438948,1.015618898569006,-0.09601541193866059
2022-09-21,coverage_aware_finance,Coverage-aware finance tilt,minimum_variance,False,-0.012534317114735271,0.0,0.0,-0.012534317114735271,0.2,1.0072827739596169,1.002888809226624,-0.1073462414322548
2022-09-22,coverage_aware_finance,Coverage-aware finance tilt,minimum_variance,False,0.0013763233854034666,0.0,0.0,0.0013763233854034666,0.2,1.0086691207971314,1.004269108547722,-0.10611766118926969
2022-09-23,coverage_aware_finance,Coverage-aware finance tilt,minimum_variance,False,-0.018178279960578116,0.0,0.0,-0.018178279960578116,0.2,0.990333251131691,0.9860132235367813,-0.12236690459598742
2022-09-26,coverage_aware_finance,Coverage-aware finance tilt,minimum_variance,False,-0.01190758333494816,0.0,0.0,-0.01190758333494816,0.2,0.9785407754144703,0.9742721889081563,-0.13281739381701918
2022-09-27,coverage_aware_finance,Coverage-aware finance tilt,minimum_variance,False,-0.007221280325769222,0.0,0.0,-0.007221280325769222,0.2,0.9714744581650069,0.9672366963184497,-0.13907956250989761
2022-09-28,coverage_aware_finance,Coverage-aware finance tilt,minimum_variance,False,0.022110362134733844,0.0,0.0,0.022110362134733844,0.2,0.9929541102396795,0.9886226499440541,-0.12004429986779808
2022-09-29,coverage_aware_finance,Coverage-aware finance tilt,minimum_variance,False,-0.01743854200117111,0.0,0.0,-0.01743854200117111,0.2,0.9756384382830293,0.9713825123396956,-0.13538944430372335
2022-09-30,coverage_aware_finance,Coverage-aware finance tilt,minimum_variance,False,-0.016327149730550754,0.0,0.0,-0.016327149730550754,0.2,0.9597090434183017,0.9555226046150869,-0.14950607030519114
2022-10-03,coverage_aware_finance,Coverage-aware finance tilt,minimum_variance,True,0.025437385264025777,0.1921754520127263,0.0001921754520127263,0.02524520981201305,0.2,0.9841215320971026,0.9796449732487159,-0.12803517260620223
2022-10-04,coverage_aware_finance,Coverage-aware finance tilt,minimum_variance,False,0.021499192785138784,0.0,0.0,0.021499192785138784,0.2,1.0052793506396642,1.0007065493895821,-0.10928863268020272
2022-10-05,coverage_aware_finance,Coverage-aware finance tilt,minimum_variance,False,-0.0042125538913180445,0.0,0.0,-0.0042125538913180445,0.2,1.0010445571992654,0.9964910191208837,-0.11304080231664693
2022-10-06,coverage_aware_finance,Coverage-aware finance tilt,minimum_variance,False,-0.008646403834484295,0.0,0.0,-0.008646403834484295,0.2,0.992389121701408,0.9878749553521277,-0.1207098097245275
2022-10-07,coverage_aware_finance,Coverage-aware finance tilt,minimum_variance,False,-0.014084576381534503,0.0,0.0,-0.014084576381534503,0.2,0.9784117413166006,0.9739611550880657,-0.1330942395709963
2022-10-10,coverage_aware_finance,Coverage-aware finance tilt,minimum_variance,False,0.0003846865926726115,0.0,0.0,0.0003846865926726115,0.2,0.9787881231955986,0.9743358248862121,-0.13276075254784858
2022-10-11,coverage_aware_finance,Coverage-aware finance tilt,minimum_variance,False,0.012433086945473393,0.0,0.0,0.012433086945473393,0.2,0.9909574810324863,0.9864498269111119,-0.121978291581749
2022-10-12,coverage_aware_finance,Coverage-aware finance tilt,minimum_variance,False,-0.004535336467363274,0.0,0.0,-0.004535336467363274,0.2,0.9864631554311531,0.9819759450378978,-0.12596041545507486
2022-10-13,coverage_aware_finance,Coverage-aware finance tilt,minimum_variance,False,0.020183847566274928,0.0,0.0,0.020183847566274928,0.2,1.0063737773901222,1.0017959978262916,-0.10831893371372969
2022-10-14,coverage_aware_finance,Coverage-aware finance tilt,minimum_variance,False,-0.011969084807606046,0.0,0.0,-0.011969084807606046,0.2,0.994328404300389,0.9898054165683884,-0.11899154001744672
2022-10-17,coverage_aware_finance,Coverage-aware finance tilt,minimum_variance,False,0.012044986485767774,0.0,0.0,0.012044986485767774,0.2,1.0063050764926023,1.0017276094344942,-0.10837980502310984
2022-10-18,coverage_aware_finance,Coverage-aware finance tilt,minimum_variance,False,0.010920811796232867,0.0,0.0,0.010920811796232867,0.2,1.0172947448425718,1.0126672881282186,-0.09864258868004683
2022-10-19,coverage_aware_finance,Coverage-aware finance tilt,minimum_variance,False,-0.006911229990790723,0.0,0.0,-0.006911229990790723,0.2,1.010263986892542,1.0056685115958142,-0.1048720770535827
2022-10-20,coverage_aware_finance,Coverage-aware finance tilt,minimum_variance,False,-0.003270239121472923,0.0,0.0,-0.003270239121472923,0.2,1.0069601820795908,1.00237973508596,-0.107799359405925
2022-10-21,coverage_aware_finance,Coverage-aware finance tilt,minimum_variance,False,0.02073267091503611,0.0,0.0,0.02073267091503611,0.2,1.027837156159192,1.0231617442653984,-0.08930165713430349
2022-10-24,coverage_aware_finance,Coverage-aware finance tilt,minimum_variance,False,0.016800308064123054,0.0,0.0,0.016800308064123054,0.2,1.0451051370224185,1.0403511767684825,-0.07400164442067347
2022-10-25,coverage_aware_finance,Coverage-aware finance tilt,minimum_variance,False,0.009078897687117747,0.0,0.0,0.009078897687117747,0.2,1.054593539633726,1.049796418661036,-0.06559460009192963
2022-10-26,coverage_aware_finance,Coverage-aware finance tilt,minimum_variance,False,0.01184213383663921,0.0,0.0,0.01184213383663921,0.2,1.0670821774733237,1.0622282483520447,-0.05452924628853972
2022-10-27,coverage_aware_finance,Coverage-aware finance tilt,minimum_variance,False,0.0016723780631139357,0.0,0.0,0.0016723780631139357,0.2,1.0688667422984701,1.0640046955726086,-0.05294806174071687
2022-10-28,coverage_aware_finance,Coverage-aware finance tilt,minimum_variance,False,0.021841569732854834,0.0,0.0,0.021841569732854834,0.2,1.0922124697855116,1.0872442283270427,-0.03226296079059143
2022-10-31,coverage_aware_finance,Coverage-aware finance tilt,minimum_variance,False,-0.007071566205367315,0.0,0.0,-0.007071566205367315,0.2,1.0844888169950955,1.0795557087850245,-0.03910637733274691
2022-11-01,coverage_aware_finance,Coverage-aware finance tilt,minimum_variance,True,-0.0005371702482688686,0.10851507210752775,0.00010851507210752775,-0.0006456853203763963,0.2,1.0839062618680255,1.0788586555113335,-0.039726812239346376
2022-11-02,coverage_aware_finance,Coverage-aware finance tilt,minimum_variance,False,-0.012128614364132848,0.0,0.0,-0.012128614364132848,0.2,1.0707599808109596,1.0657735949252298,-0.051373595417911866
2022-11-03,coverage_aware_finance,Coverage-aware finance tilt,minimum_variance,False,-0.00234477261465282,0.0,0.0,-0.00234477261465282,0.2,1.0682492921310878,1.063274598186429,-0.05359790863291247
2022-11-04,coverage_aware_finance,Coverage-aware finance tilt,minimum_variance,False,0.013516375874244006,0.0,0.0,0.013516375874244006,0.2,1.0826881510909268,1.0776462173130528,-0.04080598223782417
2022-11-07,coverage_aware_finance,Coverage-aware finance tilt,minimum_variance,False,0.01063167195123014,0.0,0.0,0.01063167195123014,0.2,1.0941989363388094,1.0891033983750091,-0.03060814610339435
2022-11-08,coverage_aware_finance,Coverage-aware finance tilt,minimum_variance,False,0.005880577014117086,0.0,0.0,0.005880577014117086,0.2,1.1006334574527148,1.09550795478549,-0.024907562649697623
2022-11-09,coverage_aware_finance,Coverage-aware finance tilt,minimum_variance,False,-0.011630852834149823,0.0,0.0,-0.011630852834149823,0.2,1.087832151684741,1.0827662629847397,-0.03624871928821127
2022-11-10,coverage_aware_finance,Coverage-aware finance tilt,minimum_variance,False,0.024896347682606727,0.0,0.0,0.024896347682606727,0.2,1.1149151991534023,1.1097231883270045,-0.012254832324053222
2022-11-11,coverage_aware_finance,Coverage-aware finance tilt,minimum_variance,False,-0.0021083375041816075,0.0,0.0,-0.0021083375041816075,0.2,1.1125645816250451,1.1073835173097946,-0.014337332505638622
2022-11-14,coverage_aware_finance,Coverage-aware finance tilt,minimum_variance,False,-0.00320089576540423,0.0,0.0,-0.00320089576540423,0.2,1.1090033783669828,1.1038388980985592,-0.01749233596413835
2022-11-15,coverage_aware_finance,Coverage-aware finance tilt,minimum_variance,False,0.008188126673725466,0.0,0.0,0.008188126673725466,0.2,1.118084038510641,1.1128772708235757,-0.009447438753106607
2022-11-16,coverage_aware_finance,Coverage-aware finance tilt,minimum_variance,False,-0.0020296860178488298,0.0,0.0,-0.0020296860178488298,0.2,1.115814678970896,1.1106184793874034,-0.011457949436613712
2022-11-17,coverage_aware_finance,Coverage-aware finance tilt,minimum_variance,False,0.0021957798576562586,0.0,0.0,0.0021957798576562586,0.2,1.1182647623678574,1.113057153073983,-0.009287328713540544
2022-11-18,coverage_aware_finance,Coverage-aware finance tilt,minimum_variance,False,0.008420492153576814,0.0,0.0,0.008420492153576814,0.2,1.1276811020249975,1.1224296420979252,-0.0009450404385236144
2022-11-21,coverage_aware_finance,Coverage-aware finance tilt,minimum_variance,False,0.003962103888544142,0.0,0.0,0.003962103888544142,0.2,1.1321490917043686,1.1268768249474987,0.0
2022-11-22,coverage_aware_finance,Coverage-aware finance tilt,minimum_variance,False,0.009839016080330418,0.0,0.0,0.009839016080330418,0.2,1.1432883248229793,1.1379641841487087,0.0
2022-11-23,coverage_aware_finance,Coverage-aware finance tilt,minimum_variance,False,9.492318064158693e-05,0.0,0.0,9.492318064158693e-05,0.2,1.1433968493871618,1.1380722033285242,0.0
2022-11-25,coverage_aware_finance,Coverage-aware finance tilt,minimum_variance,False,0.0014344882342697516,0.0,0.0,0.0014344882342697516,0.2,1.1450370387147089,1.1397047545139485,0.0
2022-11-28,coverage_aware_finance,Coverage-aware finance tilt,minimum_variance,False,-0.01202757054434694,0.0,0.0,-0.01202757054434694,0.2,1.1312650249556777,1.1259968751793044,-0.012027570544346888
2022-11-29,coverage_aware_finance,Coverage-aware finance tilt,minimum_variance,False,0.003262086082336279,0.0,0.0,0.003262086082336279,0.2,1.1349553088490194,1.1296699739145808,-0.00880471943248784
2022-11-30,coverage_aware_finance,Coverage-aware finance tilt,minimum_variance,False,0.018194673159324513,0.0,0.0,0.018194673159324513,0.2,1.1556054497439676,1.1502239498678593,0.0
2022-12-01,coverage_aware_finance,Coverage-aware finance tilt,minimum_variance,True,0.0017556437784084188,0.10036024870946314,0.00010036024870946315,0.0016552835296989557,0.2,1.1576342812621054,1.1521278966275408,0.0
2022-12-02,coverage_aware_finance,Coverage-aware finance tilt,minimum_variance,False,0.003115831831929437,0.0,0.0,0.003115831831929437,0.2,1.1612412750053949,1.155717733402307,0.0
2022-12-05,coverage_aware_finance,Coverage-aware finance tilt,minimum_variance,False,-0.01005924353828972,0.0,0.0,-0.01005924353828972,0.2,1.1495600662134016,1.144092087260493,-0.010059243538289797
2022-12-06,coverage_aware_finance,Coverage-aware finance tilt,minimum_variance,False,-0.00741704037923861,0.0,0.0,-0.00741704037923861,0.2,1.1410337327839366,1.1356063100517144,-0.017401674102020315
2022-12-07,coverage_aware_finance,Coverage-aware finance tilt,minimum_variance,False,0.0022284479230686278,0.0,0.0,0.0022284479230686278,0.2,1.14357646703591,1.1381369495747726,-0.015212004903462417
2022-12-08,coverage_aware_finance,Coverage-aware finance tilt,minimum_variance,False,0.005374063299741367,0.0,0.0,0.005374063299741367,0.2,1.1497221193578557,1.1442533695855621,-0.00991969188098818
2022-12-09,coverage_aware_finance,Coverage-aware finance tilt,minimum_variance,False,-0.014723179271274693,0.0,0.0,-0.014723179271274693,0.2,1.1327945544824003,1.1274063220933939,-0.024496821750383146
2022-12-12,coverage_aware_finance,Coverage-aware finance tilt,minimum_variance,False,0.008648389654497235,0.0,0.0,0.008648389654497235,0.2,1.1425914031880569,1.1371565712658012,-0.01606029015568
2022-12-13,coverage_aware_finance,Coverage-aware finance tilt,minimum_variance,False,0.003419215730022065,0.0,0.0,0.003419215730022065,0.2,1.1464981696868255,1.1410447549017713,-0.012695988022386806
2022-12-14,coverage_aware_finance,Coverage-aware finance tilt,minimum_variance,False,-0.000977354576539296,0.0,0.0,-0.000977354576539296,0.2,1.1453776344536881,1.139929549588532,-0.013660934116928591
2022-12-15,coverage_aware_finance,Coverage-aware finance tilt,minimum_variance,False,-0.014734679570871413,0.0,0.0,-0.014734679570871413,0.2,1.1285008620223704,1.1231330529419772,-0.028194324200948362
2022-12-16,coverage_aware_finance,Coverage-aware finance tilt,minimum_variance,False,-0.007386530570688764,0.0,0.0,-0.007386530570688764,0.2,1.1201651559059935,1.1148369963114704,-0.03537259653400682
2022-12-19,coverage_aware_finance,Coverage-aware finance tilt,minimum_variance,False,-0.0013862824067975728,0.0,0.0,-0.0013862824067975728,0.2,1.1186122906576534,1.1132915173970366,-0.03670984253254661
2022-12-20,coverage_aware_finance,Coverage-aware finance tilt,minimum_variance,False,0.00045440605771434917,0.0,0.0,0.00045440605771434917,0.2,1.119120594858762,1.1137974038065437,-0.036272117649656876
2022-12-21,coverage_aware_finance,Coverage-aware finance tilt,minimum_variance,False,0.011265775894943177,0.0,0.0,0.011265775894943177,0.2,1.1317283566798564,1.1263451957501978,-0.025414975303389764
2022-12-22,coverage_aware_finance,Coverage-aware finance tilt,minimum_variance,False,-0.004517250862145555,0.0,0.0,-0.004517250862145555,0.2,1.1266160557849296,1.1212572119436217,-0.029817420346434642
2022-12-23,coverage_aware_finance,Coverage-aware finance tilt,minimum_variance,False,0.005340267825956972,0.0,0.0,0.005340267825956972,0.2,1.1326324872598443,1.1272450257571864,-0.024636385531006777
2022-12-27,coverage_aware_finance,Coverage-aware finance tilt,minimum_variance,False,0.0026739274785162115,0.0,0.0,0.0026739274785162115,0.2,1.1356610643905884,1.1302591972065792,-0.022028333960733337
2022-12-28,coverage_aware_finance,Coverage-aware finance tilt,minimum_variance,False,-0.010457428490523588,0.0,0.0,-0.010457428490523588,0.2,1.123784970020252,1.1184395924760349,-0.032255402724097104
2022-12-29,coverage_aware_finance,Coverage-aware finance tilt,minimum_variance,False,0.0073164144403353205,0.0,0.0,0.0073164144403353205,0.2,1.1320070466027399,1.1266225600610693,-0.025174982178031158
2022-12-30,coverage_aware_finance,Coverage-aware finance tilt,minimum_variance,False,-0.0005323904369613516,0.0,0.0,-0.0005323904369613516,0.2,1.1314043768765556,1.1260227569840278,-0.025693969695230412
2023-01-03,coverage_aware_finance,Coverage-aware finance tilt,minimum_variance,True,0.00020667546681863612,0.08937733754793668,8.937733754793669e-05,0.00011729812927069944,0.2,1.1316382104043072,1.1261548373469383,-0.025579685420538345
2023-01-04,coverage_aware_finance,Coverage-aware finance tilt,minimum_variance,False,0.007617360126193583,0.0,0.0,0.007617360126193583,0.2,1.140258306185518,1.134733164300865,-0.018157174970107826
2023-01-05,coverage_aware_finance,Coverage-aware finance tilt,minimum_variance,False,-0.001032873826813907,0.0,0.0,-0.001032873826813907,0.2,1.1390805632252519,1.1335611281150408,-0.01917129472612622
2023-01-06,coverage_aware_finance,Coverage-aware finance tilt,minimum_variance,False,0.015355518166007205,0.0,0.0,0.015355518166007205,0.2,1.156571735506403,1.150967546610091,-0.0041101617245518085
2023-01-09,coverage_aware_finance,Coverage-aware finance tilt,minimum_variance,False,-0.013428290210045192,0.0,0.0,-0.013428290210045192,0.2,1.1410409545932874,1.135512020371867,-0.017483259490149616
2023-01-10,coverage_aware_finance,Coverage-aware finance tilt,minimum_variance,False,0.0024576610363616245,0.0,0.0,0.0024576610363616245,0.2,1.143845246488284,1.1383027240206551,-0.015068566379425552
2023-01-11,coverage_aware_finance,Coverage-aware finance tilt,minimum_variance,False,0.002570366016057901,0.0,0.0,0.002570366016057901,0.2,1.1467853474374867,1.141228578658464,-0.012536932094299957
2023-01-12,coverage_aware_finance,Coverage-aware finance tilt,minimum_variance,False,-0.003298267517754968,0.0,0.0,-0.003298267517754968,0.2,1.1430029425761963,1.137464501507141,-0.01579384945615614
2023-01-13,coverage_aware_finance,Coverage-aware finance tilt,minimum_variance,False,0.0024509275383383677,0.0,0.0,0.0024509275383383677,0.2,1.1458043599645582,1.1402523445777673,-0.013381631498386115
2023-01-17,coverage_aware_finance,Coverage-aware finance tilt,minimum_variance,False,-0.004457296638244793,0.0,0.0,-0.004457296638244793,0.2,1.140697170042802,1.13516990163553,-0.017779282235538818
2023-01-18,coverage_aware_finance,Coverage-aware finance tilt,minimum_variance,False,-0.017966201843615373,0.0,0.0,-0.017966201843615373,0.2,1.120203174443372,1.1147752100559492,-0.03542605790587594
2023-01-19,coverage_aware_finance,Coverage-aware finance tilt,minimum_variance,False,-0.0017743728536305978,0.0,0.0,-0.0017743728536305978,0.2,1.1182155163400889,1.1127971831853256,-0.03713757172404719
2023-01-20,coverage_aware_finance,Coverage-aware finance tilt,minimum_variance,False,0.008553779217571738,0.0,0.0,0.008553779217571738,0.2,1.127780484984525,1.1223158046042288,-0.028901459095679538
2023-01-23,coverage_aware_finance,Coverage-aware finance tilt,minimum_variance,False,0.0024645001776412664,0.0,0.0,0.0024645001776412664,0.2,1.1305599001901099,1.1250817521040455,-0.02650818656911369
2023-01-24,coverage_aware_finance,Coverage-aware finance tilt,minimum_variance,False,-9.60647303077975e-05,0.0,0.0,-9.60647303077975e-05,0.2,1.1304512932582014,1.1249736714289553,-0.0266017047976278
2023-01-25,coverage_aware_finance,Coverage-aware finance tilt,minimum_variance,False,0.0009082613554446068,0.0,0.0,0.0009082613554446068,0.2,1.1314780384820802,1.1259954415406068,-0.025717604742639844
2023-01-26,coverage_aware_finance,Coverage-aware finance tilt,minimum_variance,False,0.0035712613385987047,0.0,0.0,0.0035712613385987047,0.2,1.1355188422563849,1.1300166655284192,-0.022238187691579925
2023-01-27,coverage_aware_finance,Coverage-aware finance tilt,minimum_variance,False,-0.006356330289981578,0.0,0.0,-0.006356330289981578,0.2,1.1283011094445057,1.1228339063691368,-0.028453164715543267
2023-01-30,coverage_aware_finance,Coverage-aware finance tilt,minimum_variance,False,-0.005294531928159448,0.0,0.0,-0.005294531928159448,0.2,1.122327283195974,1.1168890264018454,-0.033597050454659105
2023-01-31,coverage_aware_finance,Coverage-aware finance tilt,minimum_variance,False,0.007206413119767356,0.0,0.0,0.007206413119767356,0.2,1.1304152372542704,1.124937790135032,-0.02663275156007361
2023-02-01,coverage_aware_finance,Coverage-aware finance tilt,minimum_variance,True,-0.011278646640845654,0.07358886910997145,7.358886910997145e-05,-0.011352235509955625,0.2,1.1176656832358518,1.1121672314073698,-0.03768264580204128
2023-02-02,coverage_aware_finance,Coverage-aware finance tilt,minimum_variance,False,-0.011444948042030265,0.0,0.0,-0.011444948042030265,0.2,1.1048740575628573,1.099438535229864,-0.048696317920780885
2023-02-03,coverage_aware_finance,Coverage-aware finance tilt,minimum_variance,False,-0.006843709774733577,0.0,0.0,-0.006843709774733577,0.2,1.0973126201752648,1.0919142969795925,-0.05520676422856652
2023-02-06,coverage_aware_finance,Coverage-aware finance tilt,minimum_variance,False,0.0008691974545700463,0.0,0.0,0.0008691974545700463,0.2,1.0982664015115886,1.0928633861071357,-0.05438555235293907
2023-02-07,coverage_aware_finance,Coverage-aware finance tilt,minimum_variance,False,0.004678985132750952,0.0,0.0,0.004678985132750952,0.2,1.103405173676061,1.097976877642859,-0.04996103641108396
2023-02-08,coverage_aware_finance,Coverage-aware finance tilt,minimum_variance,False,-0.008737803048063767,0.0,0.0,-0.008737803048063767,0.2,1.093763836586265,1.0883829719346876,-0.05826228976291059
2023-02-09,coverage_aware_finance,Coverage-aware finance tilt,minimum_variance,False,-0.002104215992480899,0.0,0.0,-0.002104215992480899,0.2,1.0914623212293229,1.0860927790791988,-0.060243909313513755
2023-02-10,coverage_aware_finance,Coverage-aware finance tilt,minimum_variance,False,0.013106444071460454,0.0,0.0,0.013106444071460454,0.2,1.1057675110986216,1.1003275933446175,-0.04792704867011688
2023-02-13,coverage_aware_finance,Coverage-aware finance tilt,minimum_variance,False,0.0077348839613050335,0.0,0.0,0.0077348839613050335,0.2,1.1143204944851504,1.10883849959856,-0.0405628748688831
2023-02-14,coverage_aware_finance,Coverage-aware finance tilt,minimum_variance,False,-0.008432209296201004,0.0,0.0,-0.008432209296201004,0.2,1.1049243108526055,1.0994885412942594,-0.048653049514534086
2023-02-15,coverage_aware_finance,Coverage-aware finance tilt,minimum_variance,False,-0.0006447431300506733,0.0,0.0,-0.0006447431300506733,0.2,1.1042119184939572,1.0987796536106904,-0.049266423925154346
2023-02-16,coverage_aware_finance,Coverage-aware finance tilt,minimum_variance,False,-0.01097226286461278,0.0,0.0,-0.01097226286461278,0.2,1.0920962150660032,1.086723554420986,-0.05969812263606078
2023-02-17,coverage_aware_finance,Coverage-aware finance tilt,minimum_variance,False,0.010234427423696915,0.0,0.0,0.010234427423696915,0.2,1.1032731945187904,1.0978455477683295,-0.050074671315813446
2023-02-21,coverage_aware_finance,Coverage-aware finance tilt,minimum_variance,False,-0.005388758169721654,0.0,0.0,-0.005388758169721654,0.2,1.0973279220783922,1.0919295236037005,-0.05519358919138573
2023-02-22,coverage_aware_finance,Coverage-aware finance tilt,minimum_variance,False,-0.004987236635161108,0.0,0.0,-0.004987236635161108,0.2,1.0918552880646177,1.0864838126805703,-0.05990556233650546
2023-02-23,coverage_aware_finance,Coverage-aware finance tilt,minimum_variance,False,0.0010061368830313372,0.0,0.0,0.0010061368830313372,0.2,1.0929538439408724,1.0875769641173247,-0.058959698649239556
2023-02-24,coverage_aware_finance,Coverage-aware finance tilt,minimum_variance,False,-0.006119026999200059,0.0,0.0,-0.006119026999200059,0.2,1.0862660298609186,1.0809220513101827,-0.06471794966054034
2023-02-27,coverage_aware_finance,Coverage-aware finance tilt,minimum_variance,False,-0.0006865273477518526,0.0,0.0,-0.0006865273477518526,0.2,1.0855202785244853,1.0801799687611702,-0.06536004636595982
2023-02-28,coverage_aware_finance,Coverage-aware finance tilt,minimum_variance,False,-0.00842798541017389,0.0,0.0,-0.00842798541017389,0.2,1.076371529454633,1.071076227744089,-0.07323717825895304
2023-03-01,coverage_aware_finance,Coverage-aware finance tilt,minimum_variance,True,-0.003925918236762937,0.11643788814872191,0.00011643788814872192,-0.004042356124911659,0.2,1.0721457828376146,1.0667465561946206,-0.07698348362775831
2023-03-02,coverage_aware_finance,Coverage-aware finance tilt,minimum_variance,False,0.007088396110130062,0.0,0.0,0.007088396110130062,0.2,1.079745576834173,1.074308078334045,-0.07044077694351958
2023-03-03,coverage_aware_finance,Coverage-aware finance tilt,minimum_variance,False,0.006468901746870489,0.0,0.0,0.006468901746870489,0.2,1.0867303448823313,1.0812576717386573,-0.06442754966166986
2023-03-06,coverage_aware_finance,Coverage-aware finance tilt,minimum_variance,False,0.005328360904572467,0.0,0.0,0.005328360904572467,0.2,1.092520836365815,1.0870190028445186,-0.05944248199389213
2023-03-07,coverage_aware_finance,Coverage-aware finance tilt,minimum_variance,False,-0.01117199713225675,0.0,0.0,-0.01117199713225675,0.2,1.0803151967150053,1.074874829662031,-0.06995038788777885
2023-03-08,coverage_aware_finance,Coverage-aware finance tilt,minimum_variance,False,-0.004327314167304936,0.0,0.0,-0.004327314167304936,0.2,1.0756403334591056,1.070223508583555,-0.07397500475056862
2023-03-09,coverage_aware_finance,Coverage-aware finance tilt,minimum_variance,False,-0.012177784176344825,0.0,0.0,-0.012177784176344825,0.2,1.062541417626869,1.0571905576755738,-0.085251937284617
2023-03-10,coverage_aware_finance,Coverage-aware finance tilt,minimum_variance,False,-0.004078875894550688,0.0,0.0,-0.004078875894550688,0.2,1.0582074430515491,1.0528784085939242,-0.08898308110721376
2023-03-13,coverage_aware_finance,Coverage-aware finance tilt,minimum_variance,False,0.007354488591180805,0.0,0.0,0.007354488591180805,0.2,1.0659900176185741,1.0606217908378288,-0.08228301757084411
2023-03-14,coverage_aware_finance,Coverage-aware finance tilt,minimum_variance,False,0.008149328225850315,0.0,0.0,0.008149328225850315,0.2,1.0746771201576277,1.0692651459348554,-0.07480424066259206
2023-03-15,coverage_aware_finance,Coverage-aware finance tilt,minimum_variance,False,0.0019401358029330585,0.0,0.0,0.0019401358029330585,0.2,1.0767621397150384,1.071339665527312,-0.07300923524517977
2023-03-16,coverage_aware_finance,Coverage-aware finance tilt,minimum_variance,False,0.0028348667041626138,0.0,0.0,0.0028348667041626138,0.2,1.0798146168532194,1.0743767706739642,-0.07038133999110996
2023-03-17,coverage_aware_finance,Coverage-aware finance tilt,minimum_variance,False,-0.009926639926178107,0.0,0.0,-0.009926639926178107,0.2,1.0690956859646936,1.0637118193264337,-0.07960932969767454
2023-03-20,coverage_aware_finance,Coverage-aware finance tilt,minimum_variance,False,0.012175857102315203,0.0,0.0,0.012175857102315203,0.2,1.0821128422657014,1.076663422436596,-0.06840278441776926
2023-03-21,coverage_aware_finance,Coverage-aware finance tilt,minimum_variance,False,-0.001239644432102493,0.0,0.0,-0.001239644432102493,0.2,1.08077140710588,1.0753287426197242,-0.0695576337190279
2023-03-22,coverage_aware_finance,Coverage-aware finance tilt,minimum_variance,False,-0.015296383188594912,0.0,0.0,-0.015296383188594912,0.2,1.0642395135235116,1.058880102118903,-0.08379003668856466
2023-03-23,coverage_aware_finance,Coverage-aware finance tilt,minimum_variance,False,0.004743932416453598,0.0,0.0,0.004743932416453598,0.2,1.0692881938505865,1.0639033577604824,-0.07944359854333383
2023-03-24,coverage_aware_finance,Coverage-aware finance tilt,minimum_variance,False,0.01721958389318537,0.0,0.0,0.01721958389318537,0.2,1.0877008916105895,1.0822233308836806,-0.06359200036004198
2023-03-27,coverage_aware_finance,Coverage-aware finance tilt,minimum_variance,False,0.004420551936059618,0.0,0.0,0.004420551936059618,0.2,1.0925091298928524,1.0870073553242674,-0.05945256016429179
2023-03-28,coverage_aware_finance,Coverage-aware finance tilt,minimum_variance,False,0.00012875965870006237,0.0,0.0,0.00012875965870006237,0.2,1.092649800995544,1.0871473180203435,-0.0593314555969473
2023-03-29,coverage_aware_finance,Coverage-aware finance tilt,minimum_variance,False,0.007703247468423493,0.0,0.0,0.007703247468423493,0.2,1.1010667528089366,1.0955218828456872,-0.05208525301364875
2023-03-30,coverage_aware_finance,Coverage-aware finance tilt,minimum_variance,False,0.0038460901950666026,0.0,0.0,0.0038460901950666026,0.2,1.1053015548510288,1.0997353588177807,-0.048439487399505654
2023-03-31,coverage_aware_finance,Coverage-aware finance tilt,minimum_variance,False,0.008016649899703486,0.0,0.0,0.008016649899703486,0.2,1.1141623704498673,1.1085515521717475,-0.04081115991160522
2023-04-03,coverage_aware_finance,Coverage-aware finance tilt,minimum_variance,True,0.008340847029529676,0.07252715073439973,7.252715073439974e-05,0.008268319878795276,0.2,1.1234554283478477,1.1177174110072383,-0.0328802797575839
2023-04-04,coverage_aware_finance,Coverage-aware finance tilt,minimum_variance,False,0.005031792530630906,0.0,0.0,0.005031792530630906,0.2,1.1291084229807051,1.1233415331273007,-0.028013933973042304
2023-04-05,coverage_aware_finance,Coverage-aware finance tilt,minimum_variance,False,0.012967889128456603,0.0,0.0,0.012967889128456603,0.2,1.1437505758239255,1.1379089015822859,-0.015409326434400072
2023-04-06,coverage_aware_finance,Coverage-aware finance tilt,minimum_variance,False,8.644698212750162e-05,0.0,0.0,8.644698212750162e-05,0.2,1.1438494496095122,1.1380072703727637,-0.015324211542039445
2023-04-10,coverage_aware_finance,Coverage-aware finance tilt,minimum_variance,False,-0.0015036284907102482,0.0,0.0,-0.0015036284907102482,0.2,1.1421295249879961,1.1362961302183958,-0.016804798111677455
2023-04-11,coverage_aware_finance,Coverage-aware finance tilt,minimum_variance,False,-0.00028248025169001734,0.0,0.0,-0.00028248025169001734,0.2,1.1418068959523149,1.1359751490015373,-0.017082531339767226
2023-04-12,coverage_aware_finance,Coverage-aware finance tilt,minimum_variance,False,0.0009592971387082508,0.0,0.0,0.0009592971387082508,0.2,1.1429022280405592,1.1370648867116182,-0.0161396214244951
2023-04-13,coverage_aware_finance,Coverage-aware finance tilt,minimum_variance,False,0.008378729676819099,0.0,0.0,0.008378729676819099,0.2,1.1524782968563454,1.146592046022378,-0.007896121272677914
2023-04-14,coverage_aware_finance,Coverage-aware finance tilt,minimum_variance,False,-0.005064344295782891,0.0,0.0,-0.005064344295782891,0.2,1.1466417499676473,1.1407853091345146,-0.012920476891734589
2023-04-17,coverage_aware_finance,Coverage-aware finance tilt,minimum_variance,False,0.0008045012022828545,0.0,0.0,0.0008045012022828545,0.2,1.147564224634084,1.1417030722872599,-0.012126370228645267
2023-04-18,coverage_aware_finance,Coverage-aware finance tilt,minimum_variance,False,-0.0020897249570779614,0.0,0.0,-0.0020897249570779614,0.2,1.1451661310340164,1.1393172268835285,-0.014190754407217732
2023-04-19,coverage_aware_finance,Coverage-aware finance tilt,minimum_variance,False,0.0007765520792500258,0.0,0.0,0.0007765520792500258,0.2,1.1460554121741575,1.1402019660449902,-0.013425222187808838
2023-04-20,coverage_aware_finance,Coverage-aware finance tilt,minimum_variance,False,-0.00884114775317448,0.0,0.0,-0.00884114775317448,0.2,1.1359229669418005,1.1301212719947265,-0.02214767556800168
2023-04-21,coverage_aware_finance,Coverage-aware finance tilt,minimum_variance,False,0.006413384778523337,0.0,0.0,0.006413384778523337,0.2,1.14320807800756,1.1373691745584227,-0.01587633235484598
2023-04-24,coverage_aware_finance,Coverage-aware finance tilt,minimum_variance,False,0.0009001811516434401,0.0,0.0,0.0009001811516434401,0.2,1.1442371723717888,1.1383930128518203,-0.014990442778345714
2023-04-25,coverage_aware_finance,Coverage-aware finance tilt,minimum_variance,False,-0.0016151675507820856,0.0,0.0,-0.0016151675507820856,0.2,1.1423890376205752,1.136554317397425,-0.016581398252380253
2023-04-26,coverage_aware_finance,Coverage-aware finance tilt,minimum_variance,False,-0.01856156682470011,0.0,0.0,-0.01856156682470011,0.2,1.121184507158976,1.1154580884851513,-0.034835188345371915
2023-04-27,coverage_aware_finance,Coverage-aware finance tilt,minimum_variance,False,0.0016758748504180588,0.0,0.0,0.0016758748504180588,0.2,1.1230634720772021,1.1173274566423388,-0.03321769291101162
2023-04-28,coverage_aware_finance,Coverage-aware finance tilt,minimum_variance,False,0.0038353953193445162,0.0,0.0,0.0038353953193445162,0.2,1.127370864461334,1.1216128491397201,-0.029509700575577225
2023-05-01,coverage_aware_finance,Coverage-aware finance tilt,minimum_variance,True,4.086239419032482e-05,0.08837789070125615,8.837789070125616e-05,-4.7515496510931336e-05,0.2,1.1274169315339964,1.1215595551483002,-0.029555813904013406
2023-05-02,coverage_aware_finance,Coverage-aware finance tilt,minimum_variance,False,-0.011619336833598035,0.0,0.0,-0.011619336833598035,0.2,1.1143170944546013,1.1085277768980917,-0.040831731780469616
2023-05-03,coverage_aware_finance,Coverage-aware finance tilt,minimum_variance,False,-0.008442243895207587,0.0,0.0,-0.008442243895207587,0.2,1.1049097577666165,1.0991693150409059,-0.04892926423732269
2023-05-04,coverage_aware_finance,Coverage-aware finance tilt,minimum_variance,False,0.0005392881602814792,0.0,0.0,0.0005392881602814792,0.2,1.1055056225171596,1.0997620840386522,-0.048416363049935685
2023-05-05,coverage_aware_finance,Coverage-aware finance tilt,minimum_variance,False,0.011148905418925423,0.0,0.0,0.011148905418925423,0.2,1.1178308001426935,1.1120232274969193,-0.037807247083382456
2023-05-08,coverage_aware_finance,Coverage-aware finance tilt,minimum_variance,False,-0.0015261297200912633,0.0,0.0,-0.0015261297200912633,0.2,1.1161248453365624,1.1103261358000045,-0.03927567804006482
2023-05-09,coverage_aware_finance,Coverage-aware finance tilt,minimum_variance,False,-0.004611174871203185,0.0,0.0,-0.004611174871203185,0.2,1.110978198496621,1.1052062278237633,-0.043705745891640224
2023-05-10,coverage_aware_finance,Coverage-aware finance tilt,minimum_variance,False,-0.0009113599706074085,0.0,0.0,-0.0009113599706074085,0.2,1.1099656974382937,1.1041989871084588,-0.044577274194956495
2023-05-11,coverage_aware_finance,Coverage-aware finance tilt,minimum_variance,False,-0.002718330268413604,0.0,0.0,-0.002718330268413604,0.2,1.1069484440860462,1.1011974095794501,-0.04717442870964261
2023-05-12,coverage_aware_finance,Coverage-aware finance tilt,minimum_variance,False,0.001270369776277207,0.0,0.0,0.001270369776277207,0.2,1.1083546779333102,1.1025963374862946,-0.04596398790181133
2023-05-15,coverage_aware_finance,Coverage-aware finance tilt,minimum_variance,False,-0.0028844574550259006,0.0,0.0,-0.0028844574550259006,0.2,1.1051576760197328,1.0994159452607482,-0.048715864189270985
2023-05-16,coverage_aware_finance,Coverage-aware finance tilt,minimum_variance,False,-0.016943749854207824,0.0,0.0,-0.016943749854207824,0.2,1.086432160807797,1.0807877164985227,-0.06483418462672419
2023-05-17,coverage_aware_finance,Coverage-aware finance tilt,minimum_variance,False,0.00016035835198450143,0.0,0.0,0.00016035835198450143,0.2,1.086606379278647,1.0809610298355854,-0.06468422297773868
2023-05-18,coverage_aware_finance,Coverage-aware finance tilt,minimum_variance,False,-0.0005570025920997799,0.0,0.0,-0.0005570025920997799,0.2,1.0860011367087965,1.0803589317400082,-0.0652051962899719
2023-05-19,coverage_aware_finance,Coverage-aware finance tilt,minimum_variance,False,-0.00023844931285471398,0.0,0.0,-0.00023844931285471398,0.2,1.0857421804839889,1.0801013208950985,-0.06542809746857658
2023-05-22,coverage_aware_finance,Coverage-aware finance tilt,minimum_variance,False,-0.004926543737763798,0.0,0.0,-0.004926543737763798,0.2,1.0803932241438994,1.0747801544964923,-0.07003230682248274
2023-05-23,coverage_aware_finance,Coverage-aware finance tilt,minimum_variance,False,-0.003451175524785325,0.0,0.0,-0.003451175524785325,0.2,1.07666459749159,1.0710708995327691,-0.07324178856401797
2023-05-24,coverage_aware_finance,Coverage-aware finance tilt,minimum_variance,False,-0.006759002819984878,0.0,0.0,-0.006759002819984878,0.2,1.0693874184409664,1.0638315283024233,-0.07950574992855797
2023-05-25,coverage_aware_finance,Coverage-aware finance tilt,minimum_variance,False,-0.01410589051154491,0.0,0.0,-0.01410589051154491,0.2,1.0543027566020144,1.04882523724146,-0.09249014103657227
2023-05-26,coverage_aware_finance,Coverage-aware finance tilt,minimum_variance,False,2.828029299238512e-05,0.0,0.0,2.828029299238512e-05,0.2,1.0543325725928738,1.0488548983264667,-0.0924644763918675
2023-05-30,coverage_aware_finance,Coverage-aware finance tilt,minimum_variance,False,-0.0037083058329608187,0.0,0.0,-0.0037083058329608187,0.2,1.050422784964047,1.0449654235890733,-0.09582989566768263
2023-05-31,coverage_aware_finance,Coverage-aware finance tilt,minimum_variance,False,0.006339703109690593,0.0,0.0,0.006339703109690593,0.2,1.0570821535603734,1.05159019413452,-0.09009772564555774
2023-06-01,coverage_aware_finance,Coverage-aware finance tilt,minimum_variance,True,-0.0031896305517779724,0.1460118773543336,0.00014601187735433362,-0.003335642429132306,0.2,1.053710452027638,1.0480824652649054,-0.09313283427825847
2023-06-02,coverage_aware_finance,Coverage-aware finance tilt,minimum_variance,False,0.006298155975870462,0.0,0.0,0.006298155975870462,0.2,1.0603468848079127,1.0546834521067185,-0.08742124341914748
2023-06-05,coverage_aware_finance,Coverage-aware finance tilt,minimum_variance,False,0.0024384263252153517,0.0,0.0,0.0024384263252153517,0.2,1.0629324625656884,1.0572552200011045,-0.08519598735526845
2023-06-06,coverage_aware_finance,Coverage-aware finance tilt,minimum_variance,False,-0.006095347030516211,0.0,0.0,-0.006095347030516211,0.2,1.0564535203363494,1.050810882535373,-0.09077203527724687
2023-06-07,coverage_aware_finance,Coverage-aware finance tilt,minimum_variance,False,0.0040861306996709725,0.0,0.0,0.0040861306996709725,0.2,1.0607703274985711,1.055104633142049,-0.08705681097759388
2023-06-08,coverage_aware_finance,Coverage-aware finance tilt,minimum_variance,False,0.006296966946808933,0.0,0.0,0.006296966946808933,0.2,1.0674499631889853,1.0617485921423695,-0.08130803789200547
2023-06-09,coverage_aware_finance,Coverage-aware finance tilt,minimum_variance,False,-0.0006040247825159438,0.0,0.0,-0.0006040247825159438,0.2,1.0668051969571235,1.061107269679914,-0.08186295060461701
2023-06-12,coverage_aware_finance,Coverage-aware finance tilt,minimum_variance,False,-0.0021945150035677322,0.0,0.0,-0.0021945150035677322,0.2,1.064464076946517,1.0587786538562067,-0.08387781613484646
2023-06-13,coverage_aware_finance,Coverage-aware finance tilt,minimum_variance,False,0.0054082721185877945,0.0,0.0,0.0054082721185877945,0.2,1.070220988335105,1.0645048169296132,-0.07892317807062887
2023-06-14,coverage_aware_finance,Coverage-aware finance tilt,minimum_variance,False,-0.0010193179537403333,0.0,0.0,-0.0010193179537403333,0.2,1.0691300928672254,1.0634197480578738,-0.0798620482119955
2023-06-15,coverage_aware_finance,Coverage-aware finance tilt,minimum_variance,False,0.01133851179392193,0.0,0.0,0.01133851179392193,0.2,1.0812524370344374,1.0754773454131175,-0.06942905319361203
2023-06-16,coverage_aware_finance,Coverage-aware finance tilt,minimum_variance,False,0.0006970001422942577,0.0,0.0,0.0006970001422942577,0.2,1.0820060701369065,1.0762269532759048,-0.06878044511127301
2023-06-20,coverage_aware_finance,Coverage-aware finance tilt,minimum_variance,False,-0.008579573241741483,0.0,0.0,-0.008579573241741483,0.2,1.072722919810158,1.0669933853055378,-0.07676991148658285
2023-06-21,coverage_aware_finance,Coverage-aware finance tilt,minimum_variance,False,-0.002232340798663156,0.0,0.0,-0.002232340798663156,0.2,1.0703282366706046,1.0646114924396164,-0.0788308756797248
2023-06-22,coverage_aware_finance,Coverage-aware finance tilt,minimum_variance,False,0.004747795737386285,0.0,0.0,0.004747795737386285,0.2,1.0754099365102734,1.0696660503453936,-0.07445735283786514
2023-06-23,coverage_aware_finance,Coverage-aware finance tilt,minimum_variance,False,-0.006864623248890688,0.0,0.0,-0.006864623248890688,0.2,1.0680276524580168,1.0623231959076436,-0.08081085441141422
2023-06-26,coverage_aware_finance,Coverage-aware finance tilt,minimum_variance,False,0.004432162014190813,0.0,0.0,0.004432162014190813,0.2,1.0727613240493465,1.0670315844233391,-0.07673685919647999
2023-06-27,coverage_aware_finance,Coverage-aware finance tilt,minimum_variance,False,0.0026812858467356146,0.0,0.0,0.0026812858467356146,0.2,1.0756377038044453,1.0698926011086731,-0.07426132680423103
2023-06-28,coverage_aware_finance,Coverage-aware finance tilt,minimum_variance,False,-0.002410222886351978,0.0,0.0,-0.002410222886351978,0.2,1.0730451771933127,1.0673139214755423,-0.07649256334114862
2023-06-29,coverage_aware_finance,Coverage-aware finance tilt,minimum_variance,False,0.0015721207610601105,0.0,0.0,0.0015721207610601105,0.2,1.0747321337939337,1.0689918678500625,-0.07504069812698377
2023-06-30,coverage_aware_finance,Coverage-aware finance tilt,minimum_variance,False,0.007505017045127107,0.0,0.0,0.007505017045127107,0.2,1.082798016777003,1.0770146700393797,-0.0680988628003778
2023-07-03,coverage_aware_finance,Coverage-aware finance tilt,minimum_variance,True,0.004850545625812589,0.11018278765287434,0.00011018278765287434,0.004740362838159714,0.2,1.0880501779609193,1.0821201103573872,-0.06368131328075799
2023-07-05,coverage_aware_finance,Coverage-aware finance tilt,minimum_variance,False,0.002608935256937593,0.0,0.0,0.002608935256937593,0.2,1.0908888304315187,1.0849432916655397,-0.061238518447246704
2023-07-06,coverage_aware_finance,Coverage-aware finance tilt,minimum_variance,False,-0.008395710613850797,0.0,0.0,-0.008395710613850797,0.2,1.0817300434993335,1.0758344217562772,-0.06912008818179338
2023-07-07,coverage_aware_finance,Coverage-aware finance tilt,minimum_variance,False,-0.011203573930058556,0.0,0.0,-0.011203573930058556,0.2,1.0696108009846232,1.063781231275629,-0.07954927009385504
2023-07-10,coverage_aware_finance,Coverage-aware finance tilt,minimum_variance,False,0.002719529349439556,0.0,0.0,0.002719529349439556,0.2,1.0725196389503784,1.066674215555466,-0.07704607731916213
2023-07-11,coverage_aware_finance,Coverage-aware finance tilt,minimum_variance,False,0.010320608071197045,0.0,0.0,0.010320608071197045,0.2,1.083588693792647,1.0776829420738656,-0.06752063161539923
2023-07-12,coverage_aware_finance,Coverage-aware finance tilt,minimum_variance,False,5.010048080313035e-05,0.0,0.0,5.010048080313035e-05,0.2,1.083642982107199,1.0777369345074168,-0.06747391395070423
2023-07-13,coverage_aware_finance,Coverage-aware finance tilt,minimum_variance,False,0.0017859974889805586,0.0,0.0,0.0017859974889805586,0.2,1.0855783657521936,1.0796617699662285,-0.06580842470261139
2023-07-14,coverage_aware_finance,Coverage-aware finance tilt,minimum_variance,False,5.205543352343971e-05,0.0,0.0,5.205543352343971e-05,0.2,1.0856348760046466,1.0797179722277228,-0.06575979495516537
2023-07-17,coverage_aware_finance,Coverage-aware finance tilt,minimum_variance,False,-0.0052512324799297095,0.0,0.0,-0.0052512324799297095,0.2,1.0799339548824265,1.0740481221427967,-0.07066570746395306
2023-07-18,coverage_aware_finance,Coverage-aware finance tilt,minimum_variance,False,0.0019579580248687187,0.0,0.0,0.0019579580248687187,0.2,1.0820484202357168,1.0761510632826414,-0.06884610992809637
2023-07-19,coverage_aware_finance,Coverage-aware finance tilt,minimum_variance,False,0.006087497103096311,0.0,0.0,0.006087497103096311,0.2,1.0886353868593117,1.0827021297628687,-0.06317771331974653
2023-07-20,coverage_aware_finance,Coverage-aware finance tilt,minimum_variance,False,0.013337348412442471,0.0,0.0,0.013337348412442471,0.2,1.1031548963079683,1.0971425052944095,-0.05068298808175109
2023-07-21,coverage_aware_finance,Coverage-aware finance tilt,minimum_variance,False,0.006330779084515226,0.0,0.0,0.006330779084515226,0.2,1.1101387262524953,1.10408827211966,-0.04467307179812441
2023-07-24,coverage_aware_finance,Coverage-aware finance tilt,minimum_variance,False,0.002848427647243423,0.0,0.0,0.002848427647243423,0.2,1.1133008760926284,1.107233187678963,-0.04195189216367812
2023-07-25,coverage_aware_finance,Coverage-aware finance tilt,minimum_variance,False,-0.0014237765062854496,0.0,0.0,-0.0014237765062854496,0.2,1.1117157844608208,1.105656735079366,-0.04331593855150673
2023-07-26,coverage_aware_finance,Coverage-aware finance tilt,minimum_variance,False,0.0009015609459163997,0.0,0.0,0.0009015609459163997,0.2,1.1127180639950496,1.106653552011303,-0.04245342956412412
2023-07-27,coverage_aware_finance,Coverage-aware finance tilt,minimum_variance,False,-0.004477590487461149,0.0,0.0,-0.004477590487461149,0.2,1.1077357681764792,1.101698410593902,-0.04674093097920884
2023-07-28,coverage_aware_finance,Coverage-aware finance tilt,minimum_variance,False,0.0022239406550711572,0.0,0.0,0.0022239406550711572,0.2,1.1101993067864036,1.1041485224788492,-0.04462093938079814
2023-07-31,coverage_aware_finance,Coverage-aware finance tilt,minimum_variance,False,-0.0033632617766855616,0.0,0.0,-0.0033632617766855616,0.2,1.106465415893386,1.1004349819574122,-0.047834129257624536
2023-08-01,coverage_aware_finance,Coverage-aware finance tilt,minimum_variance,True,-0.005642011477569851,0.07324922874769742,7.324922874769742e-05,-0.005715260706317548,0.2,1.1002227253173815,1.0941457091451736,-0.053276005444575114
2023-08-02,coverage_aware_finance,Coverage-aware finance tilt,minimum_variance,False,-0.010175082904936709,0.0,0.0,-0.010175082904936709,0.2,1.0890278678733818,1.0830126858445406,-0.06290900057726956
2023-08-03,coverage_aware_finance,Coverage-aware finance tilt,minimum_variance,False,-0.00511937010553767,0.0,0.0,-0.00511937010553767,0.2,1.0834527311624933,1.07746834307671,-0.06770631622588263
2023-08-04,coverage_aware_finance,Coverage-aware finance tilt,minimum_variance,False,-0.00041637320353109285,0.0,0.0,-0.00041637320353109285,0.2,1.0830016104779447,1.0770197141309998,-0.06809449833362746
2023-08-07,coverage_aware_finance,Coverage-aware finance tilt,minimum_variance,False,0.014392167034304355,0.0,0.0,0.014392167034304355,0.2,1.0985883505543639,1.092520361756012,-0.05468235869345783
2023-08-08,coverage_aware_finance,Coverage-aware finance tilt,minimum_variance,False,-0.0004046457847972011,0.0,0.0,-0.0004046457847972011,0.2,1.098143811409085,1.0920782779968223,-0.05506487749230693
2023-08-09,coverage_aware_finance,Coverage-aware finance tilt,minimum_variance,False,0.002263280489343223,0.0,0.0,0.002263280489343223,0.2,1.10062921887194,1.094549957456248,-0.05292622426584015
2023-08-10,coverage_aware_finance,Coverage-aware finance tilt,minimum_variance,False,0.0001780809832355433,0.0,0.0,0.0001780809832355433,0.2,1.1008252200054143,1.0947448759888723,-0.052757568436660796
2023-08-11,coverage_aware_finance,Coverage-aware finance tilt,minimum_variance,False,0.00600066285706349,0.0,0.0,0.00600066285706349,0.2,1.1074309010152195,1.1013140709041793,-0.047073485960944184
2023-08-14,coverage_aware_finance,Coverage-aware finance tilt,minimum_variance,False,-0.0002074147895085938,0.0,0.0,-0.0002074147895085938,0.2,1.1072012034679901,1.10108564207798,-0.04727113701327057
2023-08-15,coverage_aware_finance,Coverage-aware finance tilt,minimum_variance,False,-0.005617169517528395,0.0,0.0,-0.005617169517528395,0.2,1.1009818666180988,1.0949006573731113,-0.0526227765409093
2023-08-16,coverage_aware_finance,Coverage-aware finance tilt,minimum_variance,False,-0.003068378861707163,0.0,0.0,-0.003068378861707163,0.2,1.0976036371314448,1.0915410873403584,-0.05552968878743392
2023-08-17,coverage_aware_finance,Coverage-aware finance tilt,minimum_variance,False,-0.005339726805984753,0.0,0.0,-0.005339726805984753,0.2,1.0917427335679077,1.0857125561364533,-0.060572902225672354
2023-08-18,coverage_aware_finance,Coverage-aware finance tilt,minimum_variance,False,0.0020515658228603888,0.0,0.0,0.0020515658228603888,0.2,1.0939825156474519,1.0879399669100733,-0.05864560569880961
2023-08-21,coverage_aware_finance,Coverage-aware finance tilt,minimum_variance,False,-0.0022842796394243526,0.0,0.0,-0.0022842796394243526,0.2,1.091483553661072,1.0854548077947446,-0.06079592237519449
2023-08-22,coverage_aware_finance,Coverage-aware finance tilt,minimum_variance,False,-0.005246676698283577,0.0,0.0,-0.005246676698283577,0.2,1.0857568923335188,1.079759777347648,-0.06572362252420161
2023-08-23,coverage_aware_finance,Coverage-aware finance tilt,minimum_variance,False,0.00795198642606238,0.0,0.0,0.00795198642606238,0.2,1.0943908164033587,1.0883460124405246,-0.05829426945232319
2023-08-24,coverage_aware_finance,Coverage-aware finance tilt,minimum_variance,False,-0.009701436447199025,0.0,0.0,-0.009701436447199025,0.2,1.0837736534496232,1.0777874927682705,-0.06743016774919464
2023-08-25,coverage_aware_finance,Coverage-aware finance tilt,minimum_variance,False,0.0027693996462533083,0.0,0.0,0.0027693996462533083,0.2,1.0867750558221052,1.080772317069479,-0.06484750918565285
2023-08-28,coverage_aware_finance,Coverage-aware finance tilt,minimum_variance,False,0.003934390540477013,0.0,0.0,0.003934390540477013,0.2,1.091050853321358,1.0850244974501664,-0.06116825407188953
2023-08-29,coverage_aware_finance,Coverage-aware finance tilt,minimum_variance,False,0.006974856478142879,0.0,0.0,0.006974856478142879,0.2,1.0986607764336298,1.0925923875951504,-0.054620037386916676
2023-08-30,coverage_aware_finance,Coverage-aware finance tilt,minimum_variance,False,0.001355675208516037,0.0,0.0,0.001355675208516037,0.2,1.1001502036108097,1.0940735880080266,-0.05333840920897426
2023-08-31,coverage_aware_finance,Coverage-aware finance tilt,minimum_variance,False,-0.004551865254290587,0.0,0.0,-0.004551865254290587,0.2,1.095142468124493,1.0890935124571357,-0.057647485211667404
2023-09-01,coverage_aware_finance,Coverage-aware finance tilt,minimum_variance,True,0.0025378622744819243,0.09477284334498132,9.477284334498131e-05,0.002443089431136943,0.2,1.0979217888795292,1.0917542653069394,-0.05534523374238287
2023-09-05,coverage_aware_finance,Coverage-aware finance tilt,minimum_variance,False,-0.009036088714099798,0.0,0.0,-0.009036088714099798,0.2,1.0880008701940707,1.0818890769116292,-0.06388121801448376
2023-09-06,coverage_aware_finance,Coverage-aware finance tilt,minimum_variance,False,-0.004876040015543476,0.0,0.0,-0.004876040015543476,0.2,1.0826957344140582,1.0766137424802287,-0.068445770654747
2023-09-07,coverage_aware_finance,Coverage-aware finance tilt,minimum_variance,False,0.009111892443222294,0.0,0.0,0.009111892443222294,0.2,1.0925611414947747,1.0864237311046037,-0.05995754871192405
2023-09-08,coverage_aware_finance,Coverage-aware finance tilt,minimum_variance,False,0.004354655446250046,0.0,0.0,0.004354655446250046,0.2,1.0973188688199462,1.0911547321221937,-0.05586398773171619
2023-09-11,coverage_aware_finance,Coverage-aware finance tilt,minimum_variance,False,0.0044574754629169554,0.0,0.0,0.0044574754629169554,0.2,1.102210140752707,1.0960185275668741,-0.05165552462337397
2023-09-12,coverage_aware_finance,Coverage-aware finance tilt,minimum_variance,False,-0.001539367344848892,0.0,0.0,-0.001539367344848892,0.2,1.1005134344548708,1.0943313524361882,-0.05311537514043674
2023-09-13,coverage_aware_finance,Coverage-aware finance tilt,minimum_variance,False,0.0010455043765551194,0.0,0.0,0.0010455043765551194,0.2,1.1016640260670512,1.0954754806545617,-0.05212540312105329
2023-09-14,coverage_aware_finance,Coverage-aware finance tilt,minimum_variance,False,0.008695393820771323,0.0,0.0,0.008695393820771323,0.2,1.1112434286318806,1.1050010713798517,-0.04388326020848621
2023-09-15,coverage_aware_finance,Coverage-aware finance tilt,minimum_variance,False,-0.00857923620495226,0.0,0.0,-0.00857923620495226,0.2,1.1017098087764468,1.0955210061817586,-0.052086011558666434
2023-09-18,coverage_aware_finance,Coverage-aware finance tilt,minimum_variance,False,0.0010676457088782073,0.0,0.0,0.0010676457088782073,0.2,1.102886044526216,1.0966906344829945,-0.051073975256521464
2023-09-19,coverage_aware_finance,Coverage-aware finance tilt,minimum_variance,False,0.0019235730225042355,0.0,0.0,0.0019235730225042355,0.2,1.1050075263683632,1.098800199001519,-0.04924864675497276
2023-09-20,coverage_aware_finance,Coverage-aware finance tilt,minimum_variance,False,0.0018486303710695384,0.0,0.0,0.0018486303710695384,0.2,1.1070502768418682,1.1008314744211307,-0.047491058928028296
2023-09-21,coverage_aware_finance,Coverage-aware finance tilt,minimum_variance,False,-0.014538506700554805,0.0,0.0,-0.014538506700554805,0.2,1.0909554189741517,1.0848270286540775,-0.06133911655014146
2023-09-22,coverage_aware_finance,Coverage-aware finance tilt,minimum_variance,False,-0.0028878609028757216,0.0,0.0,-0.0028878609028757216,0.2,1.087804891472916,1.0816941990916447,-0.06404983861651503
2023-09-25,coverage_aware_finance,Coverage-aware finance tilt,minimum_variance,False,0.00017511188038271588,0.0,0.0,0.00017511188038271588,0.2,1.0879953790329513,1.0818836165968468,-0.06388594262381053
2023-09-26,coverage_aware_finance,Coverage-aware finance tilt,minimum_variance,False,-0.0055306463223375605,0.0,0.0,-0.0055306463223375605,0.2,1.0819780613911825,1.0759001009515181,-0.0690632583925268
2023-09-27,coverage_aware_finance,Coverage-aware finance tilt,minimum_variance,False,-0.004744487050087506,0.0,0.0,-0.004744487050087506,0.2,1.0768446304904333,1.0707955068553658,-0.07348007570753401
2023-09-28,coverage_aware_finance,Coverage-aware finance tilt,minimum_variance,False,0.0031132040229615784,0.0,0.0,0.0031132040229615784,0.2,1.0801970675261807,1.074129111735077,-0.07059563015187276
2023-09-29,coverage_aware_finance,Coverage-aware finance tilt,minimum_variance,False,-0.004229249410402703,0.0,0.0,-0.004229249410402703,0.2,1.0756286447152268,1.0695863518225752,-0.0745263130350785
2023-10-02,coverage_aware_finance,Coverage-aware finance tilt,minimum_variance,True,-0.006696750637500625,0.07400027623131282,7.400027623131282e-05,-0.006770750913731937,0.2,1.068425427903016,1.0623444490536573,-0.08079246484673108
2023-10-03,coverage_aware_finance,Coverage-aware finance tilt,minimum_variance,False,-0.008527771587197988,0.0,0.0,-0.008527771587197988,0.2,1.059314139895905,1.0532850182452,-0.08863125674774952
2023-10-04,coverage_aware_finance,Coverage-aware finance tilt,minimum_variance,False,0.006783689354126191,0.0,0.0,0.006783689354126191,0.2,1.0665001979493922,1.0604301766103306,-0.08244881430646589
2023-10-05,coverage_aware_finance,Coverage-aware finance tilt,minimum_variance,False,-0.002338970993560208,0.0,0.0,-0.002338970993560208,0.2,1.0640056849217625,1.0579498611865432,-0.08459493991490974
2023-10-06,coverage_aware_finance,Coverage-aware finance tilt,minimum_variance,False,0.00476688879556602,0.0,0.0,0.00476688879556602,0.2,1.0690776816996346,1.062992990526104,-0.08023130579058568
2023-10-09,coverage_aware_finance,Coverage-aware finance tilt,minimum_variance,False,0.007225204848854874,0.0,0.0,0.007225204848854874,0.2,1.0768019869492533,1.0706733326355518,-0.073585788561359
2023-10-10,coverage_aware_finance,Coverage-aware finance tilt,minimum_variance,False,0.00789266014649904,0.0,0.0,0.00789266014649904,0.2,1.0853008190773186,1.0791237933779636,-0.06627391603558697
2023-10-11,coverage_aware_finance,Coverage-aware finance tilt,minimum_variance,False,0.004436912121133405,0.0,0.0,0.004436912121133405,0.2,1.0901162034365588,1.0839117708170058,-0.062131055455826756
2023-10-12,coverage_aware_finance,Coverage-aware finance tilt,minimum_variance,False,-0.002622798026320451,0.0,0.0,-0.002622798026320451,0.2,1.0872570488097255,1.0810688891638014,-0.06459089627252457
2023-10-13,coverage_aware_finance,Coverage-aware finance tilt,minimum_variance,False,0.0023894596546102926,0.0,0.0,0.0023894596546102926,0.2,1.089855005662047,1.0836520596583128,-0.06235577395861247
2023-10-16,coverage_aware_finance,Coverage-aware finance tilt,minimum_variance,False,0.005330204314186196,0.0,0.0,0.005330204314186196,0.2,1.0956641555150644,1.0894281465417803,-0.05735793865979488
2023-10-17,coverage_aware_finance,Coverage-aware finance tilt,minimum_variance,False,0.00360326120218705,0.0,0.0,0.00360326120218705,0.2,1.0996121196572588,1.0933536407147848,-0.05396135309261807
2023-10-18,coverage_aware_finance,Coverage-aware finance tilt,minimum_variance,False,-0.009540629499103767,0.0,0.0,-0.009540629499103767,0.2,1.0891211278308848,1.082922358717229,-0.06298715731459481
2023-10-19,coverage_aware_finance,Coverage-aware finance tilt,minimum_variance,False,-0.008282767334015919,0.0,0.0,-0.008282767334015919,0.2,1.0801001909305006,1.0739527647791705,-0.07074821667954279
2023-10-20,coverage_aware_finance,Coverage-aware finance tilt,minimum_variance,False,-0.0012137595487078218,0.0,0.0,-0.0012137595487078218,0.2,1.0787892090101976,1.0726492443560585,-0.07187610490470187
2023-10-23,coverage_aware_finance,Coverage-aware finance tilt,minimum_variance,False,-0.0063640365934135995,0.0,0.0,-0.0063640365934135995,0.2,1.071923755007477,1.065822865313079,-0.07778271933630998
2023-10-24,coverage_aware_finance,Coverage-aware finance tilt,minimum_variance,False,0.01231353553968117,0.0,0.0,0.01231353553968117,0.2,1.08512292626059,1.0789469130441163,-0.0664269640755496
2023-10-25,coverage_aware_finance,Coverage-aware finance tilt,minimum_variance,False,-0.004945660546589518,0.0,0.0,-0.004945660546589518,0.2,1.0797562766159832,1.0736108078644095,-0.07104409940668088
2023-10-26,coverage_aware_finance,Coverage-aware finance tilt,minimum_variance,False,-0.0034179769979320136,0.0,0.0,-0.0034179769979320136,0.2,1.0760656944991371,1.0699412308183978,-0.07421924930700208
2023-10-27,coverage_aware_finance,Coverage-aware finance tilt,minimum_variance,False,-0.019879218694574808,0.0,0.0,-0.019879218694574808,0.2,1.0546743492284594,1.0486716351006162,-0.09262304731325588
2023-10-30,coverage_aware_finance,Coverage-aware finance tilt,minimum_variance,False,0.0036447194260174672,0.0,0.0,0.0036447194260174672,0.2,1.0585183413172146,1.0524937489805808,-0.08931591290707819
2023-10-31,coverage_aware_finance,Coverage-aware finance tilt,minimum_variance,False,0.005456497160142912,0.0,0.0,0.005456497160142912,0.2,1.0642941436405713,1.0582366781329615,-0.08434676777206829
2023-11-01,coverage_aware_finance,Coverage-aware finance tilt,minimum_variance,True,0.005489809318342613,0.1251165390300127,0.00012511653903001272,0.0053646927793126,0.2,1.070136915547787,1.063913792798945,-0.07943456948878092
2023-11-02,coverage_aware_finance,Coverage-aware finance tilt,minimum_variance,False,0.015859719409894665,0.0,0.0,0.015859719409894665,0.2,1.0871089867585448,1.080787167029053,-0.06483466006242422
2023-11-03,coverage_aware_finance,Coverage-aware finance tilt,minimum_variance,False,0.0026224326617082933,0.0,0.0,0.0026224326617082933,0.2,1.089959856872257,1.0836214585962252,-0.06238225193087443
2023-11-06,coverage_aware_finance,Coverage-aware finance tilt,minimum_variance,False,-0.00040934672492731836,0.0,0.0,-0.00040934672492731836,0.2,1.0895136853745442,1.0831778817010878,-0.06276606268528029
2023-11-07,coverage_aware_finance,Coverage-aware finance tilt,minimum_variance,False,0.000622248557253527,0.0,0.0,0.000622248557253527,0.2,1.0901916336933766,1.0838518875752252,-0.06218287021997715
2023-11-08,coverage_aware_finance,Coverage-aware finance tilt,minimum_variance,False,-0.0003034637605824558,0.0,0.0,-0.0003034637605824558,0.2,1.0898608000404604,1.0835229778055073,-0.06246746373291878
2023-11-09,coverage_aware_finance,Coverage-aware finance tilt,minimum_variance,False,-0.009931806871634741,0.0,0.0,-0.009931806871634741,0.2,1.0790365130574933,1.0727616368489645,-0.07177885581899723
2023-11-10,coverage_aware_finance,Coverage-aware finance tilt,minimum_variance,False,0.005548376694760648,0.0,0.0,0.005548376694760648,0.2,1.0850234140993371,1.0787137225138905,-0.06662873525503932
2023-11-13,coverage_aware_finance,Coverage-aware finance tilt,minimum_variance,False,0.0019585130378675557,0.0,0.0,0.0019585130378675557,0.2,1.0871484466022423,1.0808263974035608,-0.06480071546386523
2023-11-14,coverage_aware_finance,Coverage-aware finance tilt,minimum_variance,False,0.00815922408848357,0.0,0.0,0.00815922408848357,0.2,1.0960187343955168,1.0896451021807247,-0.057170214933945473
2023-11-15,coverage_aware_finance,Coverage-aware finance tilt,minimum_variance,False,0.002495887320067329,0.0,0.0,0.002495887320067329,0.2,1.0987542736572509,1.0923647335746312,-0.05481701802841732
2023-11-16,coverage_aware_finance,Coverage-aware finance tilt,minimum_variance,False,-0.006186646497635266,0.0,0.0,-0.006186646497635266,0.2,1.0919566693783676,1.0856066591215214,-0.06066453101345615
2023-11-17,coverage_aware_finance,Coverage-aware finance tilt,minimum_variance,False,0.00061473325304606,0.0,0.0,0.00061473325304606,0.2,1.0926279314539198,1.0862740176346115,-0.06008709026490466
2023-11-20,coverage_aware_finance,Coverage-aware finance tilt,minimum_variance,False,0.004534286674937736,0.0,0.0,0.004534286674937736,0.2,1.0975822197241762,1.0911994954381032,-0.05582525568269092
2023-11-21,coverage_aware_finance,Coverage-aware finance tilt,minimum_variance,False,0.0025107182721256427,0.0,0.0,0.0025107182721256427,0.2,1.1003379394583979,1.0939391899498339,-0.05345469890005394
2023-11-22,coverage_aware_finance,Coverage-aware finance tilt,minimum_variance,False,0.00017513903707038142,0.0,0.0,0.00017513903707038142,0.2,1.1005306515855666,1.0941307814061751,-0.053288921867475914
2023-11-24,coverage_aware_finance,Coverage-aware finance tilt,minimum_variance,False,0.0036733515114758973,0.0,0.0,0.0036733515114758973,0.2,1.104573287517994,1.098149908365806,-0.049811319297686674
2023-11-27,coverage_aware_finance,Coverage-aware finance tilt,minimum_variance,False,6.037950039357591e-05,0.0,0.0,6.037950039357591e-05,0.2,1.1046399811012424,1.0982162141086302,-0.04975394737986627
2023-11-28,coverage_aware_finance,Coverage-aware finance tilt,minimum_variance,False,-0.0018214997887548586,0.0,0.0,-0.0018214997887548586,0.2,1.1026278796090163,1.0962158135066242,-0.051484820363979056
2023-11-29,coverage_aware_finance,Coverage-aware finance tilt,minimum_variance,False,0.0008942370604367123,0.0,0.0,0.0008942370604367123,0.2,1.1036138903228336,1.0971960903132987,-0.05063662293796167
2023-11-30,coverage_aware_finance,Coverage-aware finance tilt,minimum_variance,False,0.010327334581651275,0.0,0.0,0.010327334581651275,0.2,1.1150112802171552,1.1085272014396437,-0.040832229703475775
2023-12-01,coverage_aware_finance,Coverage-aware finance tilt,minimum_variance,True,0.0051262859302571365,0.1250445446661941,0.0001250445446661941,0.005001241385590942,0.2,1.1207271468550106,1.114071213556537,-0.03603520015494377
2023-12-04,coverage_aware_finance,Coverage-aware finance tilt,minimum_variance,False,0.0015116827385813188,0.0,0.0,0.0015116827385813188,0.2,1.1224213307375708,1.1157553357796206,-0.034577991206418024
2023-12-05,coverage_aware_finance,Coverage-aware finance tilt,minimum_variance,False,0.0018748845800422714,0.0,0.0,0.0018748845800422714,0.2,1.124525741182881,1.1178472482537738,-0.03276793636889741
2023-12-06,coverage_aware_finance,Coverage-aware finance tilt,minimum_variance,False,-0.0009099500104154146,0.0,0.0,-0.0009099500104154146,0.2,1.1235024789729793,1.1168300631385826,-0.033648069195272634
2023-12-07,coverage_aware_finance,Coverage-aware finance tilt,minimum_variance,False,0.0012846697739314012,0.0,0.0,0.0012846697739314012,0.2,1.124945808648653,1.1182648209633148,-0.032406626078787304
2023-12-08,coverage_aware_finance,Coverage-aware finance tilt,minimum_variance,False,-0.00034702937877370023,0.0,0.0,-0.00034702937877370023,0.2,1.1245554194035237,1.1178767502171914,-0.03274240940624484
2023-12-11,coverage_aware_finance,Coverage-aware finance tilt,minimum_variance,False,0.007077715743276452,0.0,0.0,0.007077715743276452,0.2,1.1325147029996228,1.1257887640912463,-0.0258964351294958
2023-12-12,coverage_aware_finance,Coverage-aware finance tilt,minimum_variance,False,0.004358840048670089,0.0,0.0,0.004358840048670089,0.2,1.1374511534427652,1.1306958972425099,-0.02165047349938598
2023-12-13,coverage_aware_finance,Coverage-aware finance tilt,minimum_variance,False,0.014326066090821012,0.0,0.0,0.014326066090821012,0.2,1.153746353842067,1.1468943213950262,-0.007634573522814825
2023-12-14,coverage_aware_finance,Coverage-aware finance tilt,minimum_variance,False,-0.0010014706904859496,0.0,0.0,-0.0010014706904859496,0.2,1.152590910684439,1.1457457403470643,-0.00862839841168328
2023-12-15,coverage_aware_finance,Coverage-aware finance tilt,minimum_variance,False,-0.005626460193759061,0.0,0.0,-0.005626460193759061,0.2,1.1461059038057846,1.1392992475468326,-0.014206311265243077
2023-12-18,coverage_aware_finance,Coverage-aware finance tilt,minimum_variance,False,0.0019766517087258053,0.0,0.0,0.0019766517087258053,0.2,1.148371355998923,1.1415512453512462,-0.012257740485954294
2023-12-19,coverage_aware_finance,Coverage-aware finance tilt,minimum_variance,False,0.004213174246328154,0.0,0.0,0.004213174246328154,0.2,1.1532096446212385,1.1463607996590237,-0.008096210236159918
2023-12-20,coverage_aware_finance,Coverage-aware finance tilt,minimum_variance,False,-0.012253893227884703,0.0,0.0,-0.012253893227884703,0.2,1.139078336766683,1.1323134168193696,-0.020250893368260137
2023-12-21,coverage_aware_finance,Coverage-aware finance tilt,minimum_variance,False,0.007814466197490327,0.0,0.0,0.007814466197490327,0.2,1.1479796259256398,1.1411618417400693,-0.01259467709246509
2023-12-22,coverage_aware_finance,Coverage-aware finance tilt,minimum_variance,False,0.005513004004339142,0.0,0.0,0.005513004004339142,0.2,1.1543084422002676,1.1474530715431814,-0.00715110759337001
2023-12-26,coverage_aware_finance,Coverage-aware finance tilt,minimum_variance,False,0.0031377732990479842,0.0,0.0,0.0031377732990479842,0.2,1.1579304004090694,1.1510535191529803,-0.004035772848787089
2023-12-27,coverage_aware_finance,Coverage-aware finance tilt,minimum_variance,False,0.0027230724117047107,0.0,0.0,0.0027230724117047107,0.2,1.1610835287370975,1.1541879212353814,-0.0013236901387867483
2023-12-28,coverage_aware_finance,Coverage-aware finance tilt,minimum_variance,False,0.0028432260582974297,0.0,0.0,0.0028432260582974297,0.2,1.1643847516818626,1.15746953840921,0.0
2023-12-29,coverage_aware_finance,Coverage-aware finance tilt,minimum_variance,False,-0.0002815313520284812,0.0,0.0,-0.0002815313520284812,0.2,1.1640569408684402,1.1571436744451298,-0.0002815313520285745
2021-01-04,finance_sentiment,Finance-VADER tilt,minimum_variance,True,-0.008099841081998939,1.0,0.001,-0.00909984108199894,0.2,0.9919001589180011,0.9909001589180011,0.0
2021-01-05,finance_sentiment,Finance-VADER tilt,minimum_variance,False,0.00046224345342302004,0.0,0.0,0.00046224345342302004,0.2,0.9923586582729101,0.9913581960294567,0.0
2021-01-06,finance_sentiment,Finance-VADER tilt,minimum_variance,False,0.0007146591998576806,0.0,0.0,0.0007146591998576806,0.2,0.9930678565176033,0.9920666792846036,0.0
2021-01-07,finance_sentiment,Finance-VADER tilt,minimum_variance,False,0.006499617082636737,0.0,0.0,0.006499617082636737,0.2,0.9995224173220426,0.9985147328203965,0.0
2021-01-08,finance_sentiment,Finance-VADER tilt,minimum_variance,False,0.0003110171335866051,0.0,0.0,0.0003110171335866051,0.2,0.9998332859192336,0.9988252880104421,0.0
2021-01-11,finance_sentiment,Finance-VADER tilt,minimum_variance,False,-0.00154090012623505,0.0,0.0,-0.00154090012623505,0.2,0.9982926426827466,0.9972861979980601,-0.0015409001262350897
2021-01-12,finance_sentiment,Finance-VADER tilt,minimum_variance,False,-0.003278218219305105,0.0,0.0,-0.003278218219305105,0.2,0.9950200215533058,0.9940168762139213,-0.004814066938672146
2021-01-13,finance_sentiment,Finance-VADER tilt,minimum_variance,False,-0.0021621306331735496,0.0,0.0,-0.0021621306331735496,0.2,0.9928686582840844,0.9918676818759677,-0.006965788930247463
2021-01-14,finance_sentiment,Finance-VADER tilt,minimum_variance,False,0.0004663460009778856,0.0,0.0,0.0004663460009778856,0.2,0.9933316786123716,0.9923302354029099,-0.0065026913970808176
2021-01-15,finance_sentiment,Finance-VADER tilt,minimum_variance,False,-0.0029545082268054193,0.0,0.0,-0.0029545082268054193,0.2,0.9903968719959649,0.9893983875587042,-0.009437987368657197
2021-01-19,finance_sentiment,Finance-VADER tilt,minimum_variance,False,0.008864369107717616,0.0,0.0,0.008864369107717616,0.2,0.9991761154324662,0.9981687800606053,-0.0006572800646091892
2021-01-20,finance_sentiment,Finance-VADER tilt,minimum_variance,False,0.014746541565649054,0.0,0.0,0.014746541565649054,0.2,1.013910507550095,1.0128883174653023,0.0
2021-01-21,finance_sentiment,Finance-VADER tilt,minimum_variance,False,-0.00763346226913657,0.0,0.0,-0.00763346226913657,0.2,1.0061708599464303,1.0051564727110818,-0.007633462269136415
2021-01-22,finance_sentiment,Finance-VADER tilt,minimum_variance,False,-0.002791938019262323,0.0,0.0,-0.002791938019262323,0.2,1.003361693268672,1.002350138139612,-0.010404088134871037
2021-01-25,finance_sentiment,Finance-VADER tilt,minimum_variance,False,0.004472940142387177,0.0,0.0,0.004472940142387177,0.2,1.0078496700638269,1.006833590309224,-0.005977684855947296
2021-01-26,finance_sentiment,Finance-VADER tilt,minimum_variance,False,-0.0016943827869602742,0.0,0.0,-0.0016943827869602742,0.2,1.006141986931027,1.0051276288044706,-0.007661939156581865
2021-01-27,finance_sentiment,Finance-VADER tilt,minimum_variance,False,-0.016464900550020263,0.0,0.0,-0.016464900550020263,0.2,0.9895759591770079,0.9885783023561273,-0.024000686640368696
2021-01-28,finance_sentiment,Finance-VADER tilt,minimum_variance,False,0.0015141847702451715,0.0,0.0,0.0015141847702451715,0.2,0.9910743600233944,0.9900751925657497,-0.022522843344309873
2021-01-29,finance_sentiment,Finance-VADER tilt,minimum_variance,False,-0.010234379714816447,0.0,0.0,-0.010234379714816447,0.2,0.9809313286972964,0.9799423870988119,-0.03252671572808319
2021-02-01,finance_sentiment,Finance-VADER tilt,minimum_variance,True,0.003697666805536277,0.05689968728780464,5.689968728780464e-05,0.0036407671182484723,0.2,0.9845584859099309,0.9835101291195393,-0.029004370806922086
2021-02-02,finance_sentiment,Finance-VADER tilt,minimum_variance,False,0.008551252728454257,0.0,0.0,0.008551252728454257,0.2,0.992977694348891,0.9919203727946352,-0.02070114178346749
2021-02-03,finance_sentiment,Finance-VADER tilt,minimum_variance,False,-0.006774914319964898,0.0,0.0,-0.006774914319964898,0.2,0.986250355548041,0.9852001972567239,-0.02733580764152399
2021-02-04,finance_sentiment,Finance-VADER tilt,minimum_variance,False,0.0008389286116274207,0.0,0.0,0.0008389286116274207,0.2,0.9870777491895381,0.9860267098903837,-0.0265198118210489
2021-02-05,finance_sentiment,Finance-VADER tilt,minimum_variance,False,0.014447949535092583,0.0,0.0,0.014447949535092583,0.2,1.0013389986970413,1.0002727740351334,-0.012455019188826855
2021-02-08,finance_sentiment,Finance-VADER tilt,minimum_variance,False,0.004674255680452733,0.0,0.0,0.004674255680452733,0.2,1.0060195131997598,1.0049483047311691,-0.007838981452567784
2021-02-09,finance_sentiment,Finance-VADER tilt,minimum_variance,False,-0.003238936927937166,0.0,0.0,-0.003238936927937166,0.2,1.0027610794482318,1.0016933405563075,-0.01105252841400084
2021-02-10,finance_sentiment,Finance-VADER tilt,minimum_variance,False,-0.00565784810955129,0.0,0.0,-0.00565784810955129,0.2,0.997087609570544,0.996025911783091,-0.016647842996559192
2021-02-11,finance_sentiment,Finance-VADER tilt,minimum_variance,False,-0.00415471788221209,0.0,0.0,-0.00415471788221209,0.2,0.9929449918489291,0.9918877051162591,-0.02073339378777317
2021-02-12,finance_sentiment,Finance-VADER tilt,minimum_variance,False,0.004867788301981787,0.0,0.0,0.004867788301981787,0.2,0.9977784378647628,0.9967160044841037,-0.01596653125753189
2021-02-16,finance_sentiment,Finance-VADER tilt,minimum_variance,False,-0.011162269853117746,0.0,0.0,-0.011162269853117746,0.2,0.9866409656876941,0.9855903914751308,-0.026950578380134704
2021-02-17,finance_sentiment,Finance-VADER tilt,minimum_variance,False,0.005217232132441558,0.0,0.0,0.005217232132441558,0.2,0.991788500637063,0.9907324453349605,-0.021873953671205926
2021-02-18,finance_sentiment,Finance-VADER tilt,minimum_variance,False,-0.0018995036530491248,0.0,0.0,-0.0018995036530491248,0.2,0.9899045947570508,0.9888505454358525,-0.02373190766934996
2021-02-19,finance_sentiment,Finance-VADER tilt,minimum_variance,False,-0.008881824441288048,0.0,0.0,-0.008881824441288048,0.2,0.9811124359327943,0.9800677484926194,-0.03240294947306199
2021-02-22,finance_sentiment,Finance-VADER tilt,minimum_variance,False,0.0002865580191462863,0.0,0.0,0.0002865580191462863,0.2,0.9813935815689949,0.9803485947652565,-0.03212567677893119
2021-02-23,finance_sentiment,Finance-VADER tilt,minimum_variance,False,-0.005566766815455951,0.0,0.0,-0.005566766815455951,0.2,0.9759303923462151,0.9748912227403383,-0.037513607442970165
2021-02-24,finance_sentiment,Finance-VADER tilt,minimum_variance,False,8.86558891838897e-05,0.0,0.0,8.86558891838897e-05,0.2,0.9760169143229303,0.974977652588548,-0.03742827735601062
2021-02-25,finance_sentiment,Finance-VADER tilt,minimum_variance,False,-0.00878958384295205,0.0,0.0,-0.00878958384295205,0.2,0.9674381318223495,0.9664080047661163,-0.04588888221704479
2021-02-26,finance_sentiment,Finance-VADER tilt,minimum_variance,False,-0.01750139277639703,0.0,0.0,-0.01750139277639703,0.2,0.9505066170904628,0.9494945186924503,-0.0625871556416916
2021-03-01,finance_sentiment,Finance-VADER tilt,minimum_variance,True,0.010517749401325016,0.0523854426821863,5.23854426821863e-05,0.01046536395864283,0.2,0.9605038074933215,0.959431324407303,-0.05277678904597538
2021-03-02,finance_sentiment,Finance-VADER tilt,minimum_variance,False,0.005616667462591901,0.0,0.0,0.005616667462591901,0.2,0.9658986379765649,0.964820131109693,-0.047456551257198165
2021-03-03,finance_sentiment,Finance-VADER tilt,minimum_variance,False,-0.013041153693802153,0.0,0.0,-0.013041153693802153,0.2,0.9533022053860785,0.9522377634930173,-0.059878816772277244
2021-03-04,finance_sentiment,Finance-VADER tilt,minimum_variance,False,-0.006500388795302882,0.0,0.0,-0.006500388795302882,0.2,0.9471053704116492,0.9460478478047429,-0.0659899699779577
2021-03-05,finance_sentiment,Finance-VADER tilt,minimum_variance,False,0.013558573060444477,0.0,0.0,0.013558573060444477,0.2,0.9599467677723148,0.9588749066678797,-0.053326126746715996
2021-03-08,finance_sentiment,Finance-VADER tilt,minimum_variance,False,-0.005960470581518713,0.0,0.0,-0.005960470581518713,0.2,0.954225033303184,0.9531595609953293,-0.05896874851853451
2021-03-09,finance_sentiment,Finance-VADER tilt,minimum_variance,False,0.007499760591935921,0.0,0.0,0.007499760591935921,0.2,0.96138149260379,0.9603080295087091,-0.05191123942289366
2021-03-10,finance_sentiment,Finance-VADER tilt,minimum_variance,False,0.006381220499488094,0.0,0.0,0.006381220499488094,0.2,0.9675162798922219,0.9664359667924332,-0.04586127598856471
2021-03-11,finance_sentiment,Finance-VADER tilt,minimum_variance,False,0.0026744567215738423,0.0,0.0,0.0026744567215738423,0.2,0.9701038603102117,0.9690206579597918,-0.04330947326481849
2021-03-12,finance_sentiment,Finance-VADER tilt,minimum_variance,False,0.0035450499499483793,0.0,0.0,0.0035450499499483793,0.2,0.973542926951649,0.972455884594791,-0.039917957560899886
2021-03-15,finance_sentiment,Finance-VADER tilt,minimum_variance,False,0.01181594861869276,0.0,0.0,0.01181594861869276,0.2,0.9850462601546015,0.9839463733611086,-0.02857367747770978
2021-03-16,finance_sentiment,Finance-VADER tilt,minimum_variance,False,0.005648054196235692,0.0,0.0,0.005648054196235692,0.2,0.9906098548177539,0.9895037558040416,-0.023087008960454125
2021-03-17,finance_sentiment,Finance-VADER tilt,minimum_variance,False,-0.006263766817072504,0.0,0.0,-0.006263766817072504,0.2,0.9844049056804814,0.9833057350130676,-0.029206164136894586
2021-03-18,finance_sentiment,Finance-VADER tilt,minimum_variance,False,-0.006509548895477397,0.0,0.0,-0.006509548895477397,0.2,0.9779968738140066,0.9769048582517967,-0.03552559407887357
2021-03-19,finance_sentiment,Finance-VADER tilt,minimum_variance,False,-0.0024979067799572917,0.0,0.0,-0.0024979067799572917,0.2,0.9755539287921295,0.9744646409829963,-0.03793476123651929
2021-03-22,finance_sentiment,Finance-VADER tilt,minimum_variance,False,0.007898624502873788,0.0,0.0,0.007898624502873788,0.2,0.9832594629579618,0.9821615712734488,-0.030335769168258753
2021-03-23,finance_sentiment,Finance-VADER tilt,minimum_variance,False,0.0006880427064837177,0.0,0.0,0.0006880427064837177,0.2,0.9839359874600312,0.982837340379152,-0.029668598766496967
2021-03-24,finance_sentiment,Finance-VADER tilt,minimum_variance,False,-0.005434343179712038,0.0,0.0,-0.005434343179712038,0.2,0.9785889416373046,0.9774962649816963,-0.034941712598850705
2021-03-25,finance_sentiment,Finance-VADER tilt,minimum_variance,False,0.002672372320217668,0.0,0.0,0.002672372320217668,0.2,0.9812040956378073,0.9801084989433496,-0.03236271754420306
2021-03-26,finance_sentiment,Finance-VADER tilt,minimum_variance,False,0.018903562580957864,0.0,0.0,0.018903562580957864,0.2,0.9997523486643888,0.998636041289254,-0.014070925619631858
2021-03-29,finance_sentiment,Finance-VADER tilt,minimum_variance,False,0.010872641632847749,0.0,0.0,0.010872641632847749,0.2,1.0106222976730146,1.0094938530878377,-0.003351272118488846
2021-03-30,finance_sentiment,Finance-VADER tilt,minimum_variance,False,-0.008929116866565768,0.0,0.0,-0.008929116866565768,0.2,1.0015983330691351,1.0004799644975366,-0.012250465084656992
2021-03-31,finance_sentiment,Finance-VADER tilt,minimum_variance,False,-0.00017449737483166594,0.0,0.0,-0.00017449737483166594,0.2,1.0014235567893788,1.00030538337016,-0.012422824785490949
2021-04-01,finance_sentiment,Finance-VADER tilt,minimum_variance,True,0.009182795419044043,0.2547921105925811,0.0002547921105925811,0.008928003308451463,0.2,1.010619424439187,1.0092361131423508,-0.0036057324978244765
2021-04-05,finance_sentiment,Finance-VADER tilt,minimum_variance,False,0.008971156879065956,0.0,0.0,0.008971156879065956,0.2,1.0196858498408625,1.0182901286413697,0.0
2021-04-06,finance_sentiment,Finance-VADER tilt,minimum_variance,False,-0.0002808830592369821,0.0,0.0,-0.0002808830592369821,0.2,1.0193994373598985,1.018004108194846,-0.00028088305923701373
2021-04-07,finance_sentiment,Finance-VADER tilt,minimum_variance,False,-0.0012991928428977182,0.0,0.0,-0.0012991928428977182,0.2,1.0180750409068264,1.0166815245434389,-0.0015797109808745047
2021-04-08,finance_sentiment,Finance-VADER tilt,minimum_variance,False,-0.0015567478900784801,0.0,0.0,-0.0015567478900784801,0.2,1.0164901547349532,1.015098807725224,-0.0031339996592165686
2021-04-09,finance_sentiment,Finance-VADER tilt,minimum_variance,False,0.003951543045563249,0.0,0.0,0.003951543045563249,0.2,1.0205068593367796,1.0191100143594503,0.0
2021-04-12,finance_sentiment,Finance-VADER tilt,minimum_variance,False,0.00037166592084716645,0.0,0.0,0.00037166592084716645,0.2,1.020886146958386,1.019488782821382,0.0
2021-04-13,finance_sentiment,Finance-VADER tilt,minimum_variance,False,0.0026539528209674618,0.0,0.0,0.0026539528209674618,0.2,1.023595530627993,1.0221944579524953,0.0
2021-04-14,finance_sentiment,Finance-VADER tilt,minimum_variance,False,-0.0023364420694920035,0.0,0.0,-0.0023364420694920035,0.2,1.0212039589680897,1.0198061598177335,-0.0023364420694920174
2021-04-15,finance_sentiment,Finance-VADER tilt,minimum_variance,False,0.00788690372289268,0.0,0.0,0.00788690372289268,0.2,1.0292580962739077,1.0278492728162287,0.0
2021-04-16,finance_sentiment,Finance-VADER tilt,minimum_variance,False,0.002622792941741838,0.0,0.0,0.002622792941741838,0.2,1.0319576271440456,1.0305451086341457,0.0
2021-04-19,finance_sentiment,Finance-VADER tilt,minimum_variance,False,-0.001544340024652046,0.0,0.0,-0.001544340024652046,0.2,1.030363933676702,1.0289535965756726,-0.00154434002465198
2021-04-20,finance_sentiment,Finance-VADER tilt,minimum_variance,False,0.004820244063418284,0.0,0.0,0.004820244063418284,0.2,1.0353305393111674,1.0339134040410993,0.0
2021-04-21,finance_sentiment,Finance-VADER tilt,minimum_variance,False,0.005510779250871683,0.0,0.0,0.005510779250871683,0.2,1.0410360173649973,1.0396110725752872,0.0
2021-04-22,finance_sentiment,Finance-VADER tilt,minimum_variance,False,-0.0003351541938333637,0.0,0.0,-0.0003351541938333637,0.2,1.0406871097778458,1.039262642564358,-0.0003351541938332314
2021-04-23,finance_sentiment,Finance-VADER tilt,minimum_variance,False,0.002203341969995331,0.0,0.0,0.002203341969995331,0.2,1.0429800993644525,1.0415524935625684,0.0
2021-04-26,finance_sentiment,Finance-VADER tilt,minimum_variance,False,-0.004888729432368696,0.0,0.0,-0.004888729432368696,0.2,1.0378812518553147,1.036460625231932,-0.0048887294323688435
2021-04-27,finance_sentiment,Finance-VADER tilt,minimum_variance,False,-0.0062121623995338385,0.0,0.0,-0.0062121623995338385,0.2,1.031433764967358,1.030021963507269,-0.011070522250741233
2021-04-28,finance_sentiment,Finance-VADER tilt,minimum_variance,False,-0.0006481764609478563,0.0,0.0,-0.0006481764609478563,0.2,1.0307652138798793,1.0293543275162642,-0.011711523059755868
2021-04-29,finance_sentiment,Finance-VADER tilt,minimum_variance,False,0.004872340733679132,0.0,0.0,0.004872340733679132,0.2,1.0357874532183255,1.0343696925356105,-0.006896244856934186
2021-04-30,finance_sentiment,Finance-VADER tilt,minimum_variance,False,-0.0010766936179253043,0.0,0.0,-0.0010766936179253043,0.2,1.0346722274779183,1.0332559932890821,-0.007965513332034324
2021-05-03,finance_sentiment,Finance-VADER tilt,minimum_variance,True,0.0071212612946163125,0.13444035806357,0.00013444035806357,0.006986820936552743,0.2,1.0420403987640712,1.0404751678958128,-0.0010343460108003244
2021-05-04,finance_sentiment,Finance-VADER tilt,minimum_variance,False,-0.004303450009258692,0.0,0.0,-0.004303450009258692,0.2,1.037556030000362,1.0359975350248982,-0.005333344763709169
2021-05-05,finance_sentiment,Finance-VADER tilt,minimum_variance,False,0.0018621449841756017,0.0,0.0,0.0018621449841756017,0.2,1.0394881097574282,1.0379267126383631,-0.0034811312407342365
2021-05-06,finance_sentiment,Finance-VADER tilt,minimum_variance,False,0.007025147135895074,0.0,0.0,0.007025147135895074,0.2,1.0467906666744877,1.0452183005109235,0.0
2021-05-07,finance_sentiment,Finance-VADER tilt,minimum_variance,False,0.0022440915409600057,0.0,0.0,0.0022440915409600057,0.2,1.049139760754728,1.0475638660575566,0.0
2021-05-10,finance_sentiment,Finance-VADER tilt,minimum_variance,False,0.005754568928788973,0.0,0.0,0.005754568928788973,0.2,1.0551771078239243,1.0535921445320935,0.0
2021-05-11,finance_sentiment,Finance-VADER tilt,minimum_variance,False,-0.008421479703838768,0.0,0.0,-0.008421479703838768,0.2,1.04629095522643,1.0447193396707926,-0.008421479703838664
2021-05-12,finance_sentiment,Finance-VADER tilt,minimum_variance,False,-0.012613330969987978,0.0,0.0,-0.012613330969987978,0.2,1.033093741117254,1.0315419488687776,-0.020928587763065054
2021-05-13,finance_sentiment,Finance-VADER tilt,minimum_variance,False,0.012413450287761037,0.0,0.0,0.012413450287761037,0.2,1.0459179989152103,1.0443469435708004,-0.008774933459093859
2021-05-14,finance_sentiment,Finance-VADER tilt,minimum_variance,False,0.002095501333402406,0.0,0.0,0.002095501333402406,0.2,1.0481097214765667,1.0465353739835876,-0.006697820010455602
2021-05-17,finance_sentiment,Finance-VADER tilt,minimum_variance,False,7.700853233400667e-05,0.0,0.0,7.700853233400667e-05,0.2,1.0481904348679427,1.0466159661367738,-0.006621327267410382
2021-05-18,finance_sentiment,Finance-VADER tilt,minimum_variance,False,-0.005752169925312668,0.0,0.0,-0.005752169925312668,0.2,1.0421610653724949,1.0405956532530098,-0.012335410193149654
2021-05-19,finance_sentiment,Finance-VADER tilt,minimum_variance,False,0.0005204269180926425,0.0,0.0,0.0005204269180926425,0.2,1.042703434043903,1.041137207241813,-0.01182140295456724
2021-05-20,finance_sentiment,Finance-VADER tilt,minimum_variance,False,0.010514746983440855,0.0,0.0,0.010514746983440855,0.2,1.0536671968316396,1.0520845015510067,-0.0014309550321830455
2021-05-21,finance_sentiment,Finance-VADER tilt,minimum_variance,False,-0.0015571210770500754,0.0,0.0,-0.0015571210770500754,0.2,1.0520265094312566,1.050446278598804,-0.0029858479389921477
2021-05-24,finance_sentiment,Finance-VADER tilt,minimum_variance,False,-0.0017734659833695185,0.0,0.0,-0.0017734659833695185,0.2,1.0501607762031775,1.048583347856352,-0.004754018622610268
2021-05-25,finance_sentiment,Finance-VADER tilt,minimum_variance,False,-0.006914941369967293,0.0,0.0,-0.006914941369967293,0.2,1.0428989760066931,1.0413324554844012,-0.01163608623253054
2021-05-26,finance_sentiment,Finance-VADER tilt,minimum_variance,False,0.001111352446994882,0.0,0.0,0.001111352446994882,0.2,1.0440580043356464,1.0424897428569389,-0.010537665578443822
2021-05-27,finance_sentiment,Finance-VADER tilt,minimum_variance,False,-0.004695454704834268,0.0,0.0,-0.004695454704834268,0.2,1.0391556772670687,1.0375947794890998,-0.015183641151859772
2021-05-28,finance_sentiment,Finance-VADER tilt,minimum_variance,False,0.001981283709311051,0.0,0.0,0.001981283709311051,0.2,1.041214539481876,1.0396505491225676,-0.013232440543411106
2021-06-01,finance_sentiment,Finance-VADER tilt,minimum_variance,True,-0.004239330386616414,0.13954916596456735,0.00013954916596456735,-0.004378879552580981,0.2,1.0368004870456635,1.0350980445911853,-0.017553376832665668
2021-06-02,finance_sentiment,Finance-VADER tilt,minimum_variance,False,-0.0010817381826084345,0.0,0.0,-0.0010817381826084345,0.2,1.035678940371079,1.0339783395136075,-0.018616126857320614
2021-06-03,finance_sentiment,Finance-VADER tilt,minimum_variance,False,0.0038665216468729037,0.0,0.0,0.0038665216468729037,0.2,1.0396834154132344,1.0379762391457346,-0.01482158486792251
2021-06-04,finance_sentiment,Finance-VADER tilt,minimum_variance,False,0.008257784025912885,0.0,0.0,0.008257784025912885,0.2,1.0482688965130402,1.0465476227526294,-0.006686194288770708
2021-06-07,finance_sentiment,Finance-VADER tilt,minimum_variance,False,-0.0026302222334435633,0.0,0.0,-0.0026302222334435633,0.2,1.0455117163548042,1.0437949699269078,-0.009298830345338849
2021-06-08,finance_sentiment,Finance-VADER tilt,minimum_variance,False,-0.0042759608582538244,0.0,0.0,-0.0042759608582538244,0.2,1.0410411491788252,1.039331743491458,-0.013535029769008666
2021-06-09,finance_sentiment,Finance-VADER tilt,minimum_variance,False,0.004226817625545789,0.0,0.0,0.004226817625545789,0.2,1.0454414402570926,1.0437248092236369,-0.009365422245852795
2021-06-10,finance_sentiment,Finance-VADER tilt,minimum_variance,False,0.007360257896050932,0.0,0.0,0.007360257896050932,0.2,1.0531361588726038,1.0514068929920295,-0.002074096272836612
2021-06-11,finance_sentiment,Finance-VADER tilt,minimum_variance,False,0.001983698794660197,0.0,0.0,0.001983698794660197,0.2,1.0552252638015724,1.0534925675783553,-9.451186045283944e-05
2021-06-14,finance_sentiment,Finance-VADER tilt,minimum_variance,False,0.0013183856703417394,0.0,0.0,0.0013183856703417394,0.2,1.056616457668351,1.0548814770832622,0.0
2021-06-15,finance_sentiment,Finance-VADER tilt,minimum_variance,False,-0.007477168073067421,0.0,0.0,-0.007477168073067421,0.2,1.0487159588255957,1.046993950981945,-0.0074771680730674195
2021-06-16,finance_sentiment,Finance-VADER tilt,minimum_variance,False,-0.011893839361985112,0.0,0.0,-0.011893839361985112,0.2,1.0362426996749738,1.0345411731159957,-0.01928207519910885
2021-06-17,finance_sentiment,Finance-VADER tilt,minimum_variance,False,-0.0011153614487104703,0.0,0.0,-0.0011153614487104703,0.2,1.0350869145162487,1.0333872857743984,-0.02037593016449113
2021-06-18,finance_sentiment,Finance-VADER tilt,minimum_variance,False,-0.009140183974004321,0.0,0.0,-0.009140183974004321,0.2,1.0256260296884858,1.0239419358660236,-0.02932987438815038
2021-06-21,finance_sentiment,Finance-VADER tilt,minimum_variance,False,0.010595890929120841,0.0,0.0,0.010595890929120841,0.2,1.0364934512331323,1.0347915129362129,-0.019044759609011197
2021-06-22,finance_sentiment,Finance-VADER tilt,minimum_variance,False,-0.0007382166014060308,0.0,0.0,-0.0007382166014060308,0.2,1.0357282945601833,1.0340276126623693,-0.019768917052704005
2021-06-23,finance_sentiment,Finance-VADER tilt,minimum_variance,False,-0.007343156688967688,0.0,0.0,-0.007343156688967688,0.2,1.0281227794060306,1.0264345858818704,-0.026966907486182357
2021-06-24,finance_sentiment,Finance-VADER tilt,minimum_variance,False,0.005062393496971098,0.0,0.0,0.005062393496971098,0.2,1.0333275414785836,1.031630801654505,-0.02204103108630273
2021-06-25,finance_sentiment,Finance-VADER tilt,minimum_variance,False,0.012155519912037472,0.0,0.0,0.012155519912037472,0.2,1.0458881749846833,1.0441708104058876,-0.010153431366516696
2021-06-28,finance_sentiment,Finance-VADER tilt,minimum_variance,False,0.004191655252371223,0.0,0.0,0.004191655252371223,0.2,1.050272177646751,1.0485476144676982,-0.006004335798062477
2021-06-29,finance_sentiment,Finance-VADER tilt,minimum_variance,False,-0.0019953070521122407,0.0,0.0,-0.0019953070521122407,0.2,1.048176562164055,1.0464554400180752,-0.007987662356613634
2021-06-30,finance_sentiment,Finance-VADER tilt,minimum_variance,False,0.004587205759918272,0.0,0.0,0.004587205759918272,0.2,1.0529847637274254,1.051255746440024,-0.0034370976474658033
2021-07-01,finance_sentiment,Finance-VADER tilt,minimum_variance,True,0.003449643118121587,0.17806749454119142,0.00017806749454119143,0.0032715756235803953,0.2,1.0566171853711048,1.054695009114226,-0.00017676674876476728
2021-07-02,finance_sentiment,Finance-VADER tilt,minimum_variance,False,0.004301926118568538,0.0,0.0,0.004301926118568538,0.2,1.0611626744381812,1.0592322291210585,0.0
2021-07-06,finance_sentiment,Finance-VADER tilt,minimum_variance,False,-0.0027166034561084936,0.0,0.0,-0.0027166034561084936,0.2,1.0582799162493093,1.0563547151866068,-0.0027166034561083574
2021-07-07,finance_sentiment,Finance-VADER tilt,minimum_variance,False,0.002646090631006303,0.0,0.0,0.002646090631006303,0.2,1.0610802208206789,1.0591499255014816,-7.770120405536929e-05
2021-07-08,finance_sentiment,Finance-VADER tilt,minimum_variance,False,-0.006065721820679196,0.0,0.0,-0.006065721820679196,0.2,1.0546440033717557,1.0527254166869964,-0.006142951710845779
2021-07-09,finance_sentiment,Finance-VADER tilt,minimum_variance,False,0.006816442912879833,0.0,0.0,0.006816442912879833,0.2,1.0618329240141504,1.059901259392781,0.0
2021-07-12,finance_sentiment,Finance-VADER tilt,minimum_variance,False,0.003018582858468189,0.0,0.0,0.003018582858468189,0.2,1.0650381546771366,1.0631006591660528,0.0
2021-07-13,finance_sentiment,Finance-VADER tilt,minimum_variance,False,-0.00214760286815362,0.0,0.0,-0.00214760286815362,0.2,1.062750875681459,1.0608175411412917,-0.002147602868153742
2021-07-14,finance_sentiment,Finance-VADER tilt,minimum_variance,False,0.0037833490293814644,0.0,0.0,0.0037833490293814644,0.2,1.0667716331754427,1.0648309841559194,0.0
2021-07-15,finance_sentiment,Finance-VADER tilt,minimum_variance,False,0.000870184969459816,0.0,0.0,0.000870184969459816,0.2,1.0676999218164782,1.065757584073347,0.0
2021-07-16,finance_sentiment,Finance-VADER tilt,minimum_variance,False,-0.0008948037791414241,0.0,0.0,-0.0008948037791414241,0.2,1.066744539891448,1.0648039401594696,-0.0008948037791415286
2021-07-19,finance_sentiment,Finance-VADER tilt,minimum_variance,False,-0.013719179383211842,0.0,0.0,-0.013719179383211842,0.2,1.0521096801926153,1.0501957038964709,-0.01460170718879461
2021-07-20,finance_sentiment,Finance-VADER tilt,minimum_variance,False,0.0062316223197045675,0.0,0.0,0.0062316223197045675,0.2,1.0586660303584807,1.05674012688493,-0.008461077193513633
2021-07-21,finance_sentiment,Finance-VADER tilt,minimum_variance,False,-0.0015892759347110618,0.0,0.0,-0.0015892759347110618,0.2,1.0569835179135358,1.0550606752320282,-0.010036906141859259
2021-07-22,finance_sentiment,Finance-VADER tilt,minimum_variance,False,-0.00033652423537777233,0.0,0.0,-0.00033652423537777233,0.2,1.056627817343363,1.0547056217450186,-0.010370052715072076
2021-07-23,finance_sentiment,Finance-VADER tilt,minimum_variance,False,0.010276244015819688,0.0,0.0,0.010276244015819688,0.2,1.0674859826282863,1.0655440340789273,-0.00020037389140936668
2021-07-26,finance_sentiment,Finance-VADER tilt,minimum_variance,False,0.0014370868687214465,0.0,0.0,0.0014370868687214465,0.2,1.0690200527164657,1.0670753134183466,0.0
2021-07-27,finance_sentiment,Finance-VADER tilt,minimum_variance,False,0.00025579323270624233,0.0,0.0,0.00025579323270624233,0.2,1.069293500811578,1.0673482640623069,0.0
2021-07-28,finance_sentiment,Finance-VADER tilt,minimum_variance,False,0.0003118840984687272,0.0,0.0,0.0003118840984687272,0.2,1.0696269964510772,1.0676811530133963,0.0
2021-07-29,finance_sentiment,Finance-VADER tilt,minimum_variance,False,-0.0007686674870245468,0.0,0.0,-0.0007686674870245468,0.2,1.0688048089556614,1.066860461224566,-0.0007686674870245325
2021-07-30,finance_sentiment,Finance-VADER tilt,minimum_variance,False,-0.0035892838844989684,0.0,0.0,-0.0035892838844989684,0.2,1.0649685650792018,1.0630311961640835,-0.004355192405699815
2021-08-02,finance_sentiment,Finance-VADER tilt,minimum_variance,True,-0.0012937342823092963,0.1055319015972043,0.0001055319015972043,-0.0013992661839065006,0.2,1.0635907787369772,1.0615437325588535,-0.005748364516148574
2021-08-03,finance_sentiment,Finance-VADER tilt,minimum_variance,False,0.0022962090174415218,0.0,0.0,0.0022962090174415218,0.2,1.0660330054739806,1.0639812588499635,-0.003465354945144661
2021-08-04,finance_sentiment,Finance-VADER tilt,minimum_variance,False,-0.00787232498712688,0.0,0.0,-0.00787232498712688,0.2,1.0576408472078858,1.0556052526000843,-0.011310399531947568
2021-08-05,finance_sentiment,Finance-VADER tilt,minimum_variance,False,0.004745511286954444,0.0,0.0,0.004745511286954444,0.2,1.062659893785855,1.0606146392408666,-0.006618561873631745
2021-08-06,finance_sentiment,Finance-VADER tilt,minimum_variance,False,-0.0008597058713743334,0.0,0.0,-0.0008597058713743334,0.2,1.0617463188358933,1.0597028226082457,-0.0074725777285032935
2021-08-09,finance_sentiment,Finance-VADER tilt,minimum_variance,False,0.0006628201760614611,0.0,0.0,0.0006628201760614611,0.2,1.0624500657178768,1.0604052150196996,-0.00681471052772753
2021-08-10,finance_sentiment,Finance-VADER tilt,minimum_variance,False,0.00545191885356267,0.0,0.0,0.00545191885356267,0.2,1.068242457262133,1.0661864582038818,-0.0013999449229724625
2021-08-11,finance_sentiment,Finance-VADER tilt,minimum_variance,False,0.004562979017913142,0.0,0.0,0.004562979017913142,0.2,1.073116825180664,1.0710514446418493,0.0
2021-08-12,finance_sentiment,Finance-VADER tilt,minimum_variance,False,0.0036515216256022393,0.0,0.0,0.0036515216256022393,0.2,1.0770353344746089,1.0749624121540917,0.0
2021-08-13,finance_sentiment,Finance-VADER tilt,minimum_variance,False,0.0032217192331053255,0.0,0.0,0.0032217192331053255,0.2,1.08050523992642,1.078425639232194,0.0
2021-08-16,finance_sentiment,Finance-VADER tilt,minimum_variance,False,0.0069385604506560245,0.0,0.0,0.0069385604506560245,0.2,1.0880023908509,1.0859083607215438,0.0
2021-08-17,finance_sentiment,Finance-VADER tilt,minimum_variance,False,0.0024542135585914325,0.0,0.0,0.0024542135585914325,0.2,1.0906725810703062,1.0885734117438144,0.0
2021-08-18,finance_sentiment,Finance-VADER tilt,minimum_variance,False,-0.011583022844621066,0.0,0.0,-0.011583022844621066,0.2,1.078039295647767,1.0759644410475386,-0.011583022844621094
2021-08-19,finance_sentiment,Finance-VADER tilt,minimum_variance,False,0.001022876665522184,0.0,0.0,0.001022876665522184,0.2,1.079141996887801,1.0770650199672178,-0.010571994182882904
2021-08-20,finance_sentiment,Finance-VADER tilt,minimum_variance,False,0.004607617250592562,0.0,0.0,0.004607617250592562,0.2,1.0841142701685003,1.0820277233332287,-0.0060130886350604484
2021-08-23,finance_sentiment,Finance-VADER tilt,minimum_variance,False,-0.0002250815348881632,0.0,0.0,-0.0002250815348881632,0.2,1.0838702560645765,1.0817841788724694,-0.0062368167347292
2021-08-24,finance_sentiment,Finance-VADER tilt,minimum_variance,False,-0.0038623316478494877,0.0,0.0,-0.0038623316478494877,0.2,1.0796839896724157,1.0776059696022675,-0.010075059727922109
2021-08-25,finance_sentiment,Finance-VADER tilt,minimum_variance,False,-0.0027803532149978057,0.0,0.0,-0.0027803532149978057,0.2,1.0766820868205484,1.074609844380183,-0.012827400718214088
2021-08-26,finance_sentiment,Finance-VADER tilt,minimum_variance,False,-0.004834559789858632,0.0,0.0,-0.004834559789858632,0.2,1.0714768028971449,1.0694145788367564,-0.017599945672352013
2021-08-27,finance_sentiment,Finance-VADER tilt,minimum_variance,False,0.0015833063705462463,0.0,0.0,0.0015833063705462463,0.2,1.0731732789450643,1.0711077897521835,-0.016044505407910248
2021-08-30,finance_sentiment,Finance-VADER tilt,minimum_variance,False,0.0038373039721089535,0.0,0.0,0.0038373039721089535,0.2,1.0772913710311214,1.0752179559283563,-0.012268769080133635
2021-08-31,finance_sentiment,Finance-VADER tilt,minimum_variance,False,0.003299272048903311,0.0,0.0,0.003299272048903311,0.2,1.0808456483400892,1.0787653924768297,-0.009009975038130835
2021-09-01,finance_sentiment,Finance-VADER tilt,minimum_variance,True,0.0001790656993092667,0.10064353819209576,0.00010064353819209577,7.842216111717093e-05,0.2,1.0810391907219545,1.078849991590246,-0.008932259458727776
2021-09-02,finance_sentiment,Finance-VADER tilt,minimum_variance,False,0.004965759052546122,0.0,0.0,0.004965759052546122,0.2,1.086407370869439,1.0842073007023245,-0.004010855854448714
2021-09-03,finance_sentiment,Finance-VADER tilt,minimum_variance,False,-0.0017424169791429428,0.0,0.0,-0.0017424169791429428,0.2,1.0845143962201702,1.08231815949267,-0.005746284250249922
2021-09-07,finance_sentiment,Finance-VADER tilt,minimum_variance,False,-0.014347322009290613,0.0,0.0,-0.014347322009290613,0.2,1.068954518953888,1.066789792341926,-0.02001116246904522
2021-09-08,finance_sentiment,Finance-VADER tilt,minimum_variance,False,0.004128945995578505,0.0,0.0,0.004128945995578505,0.2,1.0733681744343782,1.0711945097831401,-0.015964841482610348
2021-09-09,finance_sentiment,Finance-VADER tilt,minimum_variance,False,-0.010591262868799165,0.0,0.0,-0.010591262868799165,0.2,1.0619998499439405,1.0598492071464125,-0.02638701651860831
2021-09-10,finance_sentiment,Finance-VADER tilt,minimum_variance,False,-0.007004611033911988,0.0,0.0,-0.007004611033911988,0.2,1.0545609540770102,1.0524253756957518,-0.03320679676546212
2021-09-13,finance_sentiment,Finance-VADER tilt,minimum_variance,False,-0.00016892954104849513,0.0,0.0,-0.00016892954104849513,0.2,1.0543828075790302,1.0522475899600476,-0.03337011669757339
2021-09-14,finance_sentiment,Finance-VADER tilt,minimum_variance,False,-0.006197375460190967,0.0,0.0,-0.006197375460190967,0.2,1.0478484014416927,1.0457264165679843,-0.0393606850154391
2021-09-15,finance_sentiment,Finance-VADER tilt,minimum_variance,False,0.0025207598527099435,0.0,0.0,0.0025207598527099435,0.2,1.0504897756237732,1.048362441735787,-0.036939143997291146
2021-09-16,finance_sentiment,Finance-VADER tilt,minimum_variance,False,-0.005089786467936866,0.0,0.0,-0.005089786467936866,0.2,1.0451430069790972,1.043026500766347,-0.04184091810997348
2021-09-17,finance_sentiment,Finance-VADER tilt,minimum_variance,False,-0.00816389393879264,0.0,0.0,-0.00816389393879264,0.2,1.036610570319249,1.0345113430387405,-0.049663227231014684
2021-09-20,finance_sentiment,Finance-VADER tilt,minimum_variance,False,-0.010967990418841382,0.0,0.0,-0.010967990418841382,0.2,1.0252410355159178,1.0231648325401088,-0.06008651184941749
2021-09-21,finance_sentiment,Finance-VADER tilt,minimum_variance,False,-0.004549525600898583,0.0,0.0,-0.004549525600898583,0.2,1.0205766751777463,1.0185099179405284,-0.06436267232638859
2021-09-22,finance_sentiment,Finance-VADER tilt,minimum_variance,False,0.001567175620294783,0.0,0.0,0.001567175620294783,0.2,1.0221760980617265,1.0201061018529534,-0.06289636431702061
2021-09-23,finance_sentiment,Finance-VADER tilt,minimum_variance,False,0.00399453300672303,0.0,0.0,0.00399453300672303,0.2,1.0262592142241174,1.0241809493471645,-0.059153072913564864
2021-09-24,finance_sentiment,Finance-VADER tilt,minimum_variance,False,-0.0037277031810034385,0.0,0.0,-0.0037277031810034385,0.2,1.02243362448672,1.02036310676436,-0.06266027099650229
2021-09-27,finance_sentiment,Finance-VADER tilt,minimum_variance,False,-0.0025216224819655324,0.0,0.0,-0.0025216224819655324,0.2,1.0198554328728968,1.0177901362145747,-0.06502388793039704
2021-09-28,finance_sentiment,Finance-VADER tilt,minimum_variance,False,-0.006745437269790235,0.0,0.0,-0.006745437269790235,0.2,1.0129760620261978,1.010924696696928,-0.0713307106431148
2021-09-29,finance_sentiment,Finance-VADER tilt,minimum_variance,False,0.007431537173039044,0.0,0.0,0.007431537173039044,0.2,1.0205040312865443,1.0184374211595746,-0.06442927029779932
2021-09-30,finance_sentiment,Finance-VADER tilt,minimum_variance,False,-0.010263394654973314,0.0,0.0,-0.010263394654973314,0.2,1.0100301956664592,1.0079847959748207,-0.0740314019243743
2021-10-01,finance_sentiment,Finance-VADER tilt,minimum_variance,True,0.010069462546360203,0.16072908864996835,0.00016072908864996836,0.009908733457710235,0.2,1.0202006568924156,1.0179726486475595,-0.0648562258958334
2021-10-04,finance_sentiment,Finance-VADER tilt,minimum_variance,False,0.00012978819310191774,0.0,0.0,0.00012978819310191774,0.2,1.020333066892275,1.0181047694782548,-0.06473485527510181
2021-10-05,finance_sentiment,Finance-VADER tilt,minimum_variance,False,0.0027928436001969916,0.0,0.0,0.0027928436001969916,0.2,1.0231826975682143,1.0209481768680222,-0.062122806001169484
2021-10-06,finance_sentiment,Finance-VADER tilt,minimum_variance,False,0.00277291709087127,0.0,0.0,0.00277291709087127,0.2,1.026019898357385,1.0237791815165533,-0.059522150300791776
2021-10-07,finance_sentiment,Finance-VADER tilt,minimum_variance,False,0.008136305042881382,0.0,0.0,0.008136305042881382,0.2,1.0343679092304867,1.0321089612339234,-0.051870135629565994
2021-10-08,finance_sentiment,Finance-VADER tilt,minimum_variance,False,-0.0037835245645553724,0.0,0.0,-0.0037835245645553724,0.2,1.0304543528371255,1.028203951625797,-0.05545740826180012
2021-10-11,finance_sentiment,Finance-VADER tilt,minimum_variance,False,-0.007963981676215919,0.0,0.0,-0.007963981676215919,0.2,1.0222478332529537,1.0200153541956363,-0.06297972815480879
2021-10-12,finance_sentiment,Finance-VADER tilt,minimum_variance,False,-3.802696401996068e-05,0.0,0.0,-3.802696401996068e-05,0.2,1.022208960271379,1.0199765661084623,-0.06301536019097231
2021-10-13,finance_sentiment,Finance-VADER tilt,minimum_variance,False,0.00201494642193186,0.0,0.0,0.00201494642193186,0.2,1.0242686565583445,1.022031764240797,-0.061127386343583945
2021-10-14,finance_sentiment,Finance-VADER tilt,minimum_variance,False,0.009941840361612629,0.0,0.0,0.009941840361612629,0.2,1.0344517720292512,1.0321926408853763,-0.05179326469872181
2021-10-15,finance_sentiment,Finance-VADER tilt,minimum_variance,False,-0.000407579913528565,0.0,0.0,-0.000407579913528565,0.2,1.034030150265458,1.0317719398980594,-0.05217973471790316
2021-10-18,finance_sentiment,Finance-VADER tilt,minimum_variance,False,-0.00038557982944689164,0.0,0.0,-0.00038557982944689164,0.2,1.0336314490964758,1.0313741094494455,-0.0525451950941368
2021-10-19,finance_sentiment,Finance-VADER tilt,minimum_variance,False,0.011478467601940249,0.0,0.0,0.011478467601940249,0.2,1.0454959541972761,1.0432127037502408,-0.041669865811722384
2021-10-20,finance_sentiment,Finance-VADER tilt,minimum_variance,False,0.008950512133611421,0.0,0.0,0.008950512133611421,0.2,1.0548536784209606,1.052549991713095,-0.033092320317664736
2021-10-21,finance_sentiment,Finance-VADER tilt,minimum_variance,False,0.006447024892145757,0.0,0.0,0.006447024892145757,0.2,1.0616543463433121,1.059335807709897,-0.026858642438345792
2021-10-22,finance_sentiment,Finance-VADER tilt,minimum_variance,False,0.003181866508399454,0.0,0.0,0.003181866508399454,0.2,1.0650323887514386,1.0627064728375974,-0.023762236544782045
2021-10-25,finance_sentiment,Finance-VADER tilt,minimum_variance,False,0.004478465956762795,0.0,0.0,0.004478465956762795,0.2,1.0698021000473115,1.067465767598232,-0.019390188955441756
2021-10-26,finance_sentiment,Finance-VADER tilt,minimum_variance,False,0.0006334966389894157,0.0,0.0,0.0006334966389894157,0.2,1.0704798160820752,1.0681420035742417,-0.018768975935984922
2021-10-27,finance_sentiment,Finance-VADER tilt,minimum_variance,False,-0.011083266893757888,0.0,0.0,-0.011083266893757888,0.2,1.0586154025760566,1.0563035006681951,-0.029644221260121784
2021-10-28,finance_sentiment,Finance-VADER tilt,minimum_variance,False,0.014920103010671046,0.0,0.0,0.014920103010671046,0.2,1.0744100534311745,1.072063657708697,-0.015166413084322872
2021-10-29,finance_sentiment,Finance-VADER tilt,minimum_variance,False,-0.0023233847577079528,0.0,0.0,-0.0023233847577079528,0.2,1.0719137854895042,1.069572841347084,-0.017454560429041588
2021-11-01,finance_sentiment,Finance-VADER tilt,minimum_variance,True,0.005861281707729569,0.1647693552121483,0.00016476935521214832,0.0056965123525174206,0.2,1.078196574152657,1.0756656762497347,-0.011857478195616
2021-11-02,finance_sentiment,Finance-VADER tilt,minimum_variance,False,0.004759333911127322,0.0,0.0,0.004759333911127322,0.2,1.083328071670883,1.0807851283797458,-0.00715457798256558
2021-11-03,finance_sentiment,Finance-VADER tilt,minimum_variance,False,-0.00018417785638055306,0.0,0.0,-0.00018417785638055306,0.2,1.0831285466288858,1.080586071691593,-0.0073374381241099185
2021-11-04,finance_sentiment,Finance-VADER tilt,minimum_variance,False,0.0010288422044613713,0.0,0.0,0.0010288422044613713,0.2,1.0842429149905144,1.0816978242477022,-0.006316144985663352
2021-11-05,finance_sentiment,Finance-VADER tilt,minimum_variance,False,-0.011971184563034315,0.0,0.0,-0.011971184563034315,0.2,1.0712632429440005,1.0687486199522003,-0.01821171781134745
2021-11-08,finance_sentiment,Finance-VADER tilt,minimum_variance,False,0.0022565735528040755,0.0,0.0,0.0022565735528040755,0.2,1.0736806272461192,1.0711603298225805,-0.015996240339307466
2021-11-09,finance_sentiment,Finance-VADER tilt,minimum_variance,False,0.0005686568188286689,0.0,0.0,0.0005686568188286689,0.2,1.0742911830560469,1.0717694524481927,-0.01543667989162345
2021-11-10,finance_sentiment,Finance-VADER tilt,minimum_variance,False,-0.0009912676976423082,0.0,0.0,-0.0009912676976423082,0.2,1.0732262729084214,1.070707042010661,-0.016412645707130413
2021-11-11,finance_sentiment,Finance-VADER tilt,minimum_variance,False,0.0036388643516484056,0.0,0.0,0.0036388643516484056,0.2,1.0771315977341605,1.0746031996968926,-0.012833504746861846
2021-11-12,finance_sentiment,Finance-VADER tilt,minimum_variance,False,0.0026200591120992657,0.0,0.0,0.0026200591120992657,0.2,1.079953746191734,1.0774187236021495,-0.010247070175814721
2021-11-15,finance_sentiment,Finance-VADER tilt,minimum_variance,False,-0.003292548310410959,0.0,0.0,-0.003292548310410959,0.2,1.0763979463093885,1.0738712704041482,-0.013505879512631491
2021-11-16,finance_sentiment,Finance-VADER tilt,minimum_variance,False,-0.004475182026025254,0.0,0.0,-0.004475182026025254,0.2,1.0715808695672142,1.0690655009965706,-0.01792062026941621
2021-11-17,finance_sentiment,Finance-VADER tilt,minimum_variance,False,-0.0034241192104494667,0.0,0.0,-0.0034241192104494667,0.2,1.0679116489261788,1.0654048932773794,-0.021283377139738047
2021-11-18,finance_sentiment,Finance-VADER tilt,minimum_variance,False,-0.0018402635111061856,0.0,0.0,-0.0018402635111061856,0.2,1.0659464100855747,1.0634442675277271,-0.023084473628500857
2021-11-19,finance_sentiment,Finance-VADER tilt,minimum_variance,False,-0.00826322872594118,0.0,0.0,-0.00826322872594118,0.2,1.0571382510894416,1.0546567843078545,-0.03115695006883179
2021-11-22,finance_sentiment,Finance-VADER tilt,minimum_variance,False,0.0025801255506370606,0.0,0.0,0.0025801255506370606,0.2,1.0598658005016333,1.0573779312241998,-0.02865721336114735
2021-11-23,finance_sentiment,Finance-VADER tilt,minimum_variance,False,0.0068883517800136015,0.0,0.0,0.0068883517800136015,0.2,1.0671665289750942,1.064661522378895,-0.021966262547800208
2021-11-24,finance_sentiment,Finance-VADER tilt,minimum_variance,False,-0.0004125019707167986,0.0,0.0,-0.0004125019707167986,0.2,1.066726320678809,1.0642223474027674,-0.022369703391926787
2021-11-26,finance_sentiment,Finance-VADER tilt,minimum_variance,False,-0.014828272963300412,0.0,0.0,-0.014828272963300412,0.2,1.0509086116186463,1.048441767941835,-0.03686627228722361
2021-11-29,finance_sentiment,Finance-VADER tilt,minimum_variance,False,0.0008356656095405714,0.0,0.0,0.0008356656095405714,0.2,1.051786819804146,1.0493179146709097,-0.03606141455358558
2021-11-30,finance_sentiment,Finance-VADER tilt,minimum_variance,False,-0.021529614039612628,0.0,0.0,-0.021529614039612628,0.2,1.0291422555218113,1.026726504963194,-0.05681464025613692
2021-12-01,finance_sentiment,Finance-VADER tilt,minimum_variance,True,-0.011392503363928299,0.19832613937063265,0.00019832613937063265,-0.011590829503298932,0.2,1.0174177489138183,1.0148258930976475,-0.06774694095093581
2021-12-02,finance_sentiment,Finance-VADER tilt,minimum_variance,False,0.01409368673109912,0.0,0.0,0.01409368673109912,0.2,1.0317569159416695,1.0291285313215734,-0.05460805838258953
2021-12-03,finance_sentiment,Finance-VADER tilt,minimum_variance,False,0.00924138271980188,0.0,0.0,0.00924138271980188,0.2,1.041291776475689,1.0386391019473837,-0.04587132962988649
2021-12-06,finance_sentiment,Finance-VADER tilt,minimum_variance,False,0.0108491065877163,0.0,0.0,0.0108491065877163,0.2,1.0525888619475863,1.0499074082705808,-0.03551988598664513
2021-12-07,finance_sentiment,Finance-VADER tilt,minimum_variance,False,0.0034391201162716316,0.0,0.0,0.0034391201162716316,0.2,1.0562088414768736,1.0535181659585868,-0.03220292302479777
2021-12-08,finance_sentiment,Finance-VADER tilt,minimum_variance,False,0.0004252763349155025,0.0,0.0,0.0004252763349155025,0.2,1.0566580221018822,1.0539662023029726,-0.031791341830959885
2021-12-09,finance_sentiment,Finance-VADER tilt,minimum_variance,False,-0.0030922497265805553,0.0,0.0,-0.0030922497265805553,0.2,1.0533905716219485,1.050707075602076,-0.034785284789456083
2021-12-10,finance_sentiment,Finance-VADER tilt,minimum_variance,False,0.007355896445099492,0.0,0.0,0.007355896445099492,0.2,1.0611392035830436,1.0584359680443383,-0.02768526529708104
2021-12-13,finance_sentiment,Finance-VADER tilt,minimum_variance,False,0.005323606096146596,0.0,0.0,0.005323606096146596,0.2,1.0667882907160984,1.0640706642162,-0.022509044648043486
2021-12-14,finance_sentiment,Finance-VADER tilt,minimum_variance,False,-0.000571491602784794,0.0,0.0,-0.000571491602784794,0.2,1.066178630166005,1.0634625567668308,-0.02306767252082509
2021-12-15,finance_sentiment,Finance-VADER tilt,minimum_variance,False,0.011891533271171397,0.0,0.0,0.011891533271171397,0.2,1.0788571288196358,1.0761087571432684,-0.011450449244923777
2021-12-16,finance_sentiment,Finance-VADER tilt,minimum_variance,False,0.010722588810835546,0.0,0.0,0.010722588810835546,0.2,1.0904252701976074,1.087647428861855,-0.0008506388930408226
2021-12-17,finance_sentiment,Finance-VADER tilt,minimum_variance,False,-0.012765823991115291,0.0,0.0,-0.012765823991115291,0.2,1.0765050931228004,1.0737627132206156,-0.013605603777767428
2021-12-20,finance_sentiment,Finance-VADER tilt,minimum_variance,False,0.0011575157361246803,0.0,0.0,0.0011575157361246803,0.2,1.0777511647081086,1.0750056104580326,-0.01246383674211482
2021-12-21,finance_sentiment,Finance-VADER tilt,minimum_variance,False,0.003816621004720262,0.0,0.0,0.003816621004720262,0.2,1.0818645324411955,1.0791084994510989,-0.008694785478503886
2021-12-22,finance_sentiment,Finance-VADER tilt,minimum_variance,False,0.00621163426284823,0.0,0.0,0.00621163426284823,0.2,1.0885846792386675,1.08581152677962,-0.0025371600430420527
2021-12-23,finance_sentiment,Finance-VADER tilt,minimum_variance,False,0.0020206065605045767,0.0,0.0,0.0020206065605045767,0.2,1.090784280583202,1.0880055246741025,-0.0005216800847653857
2021-12-27,finance_sentiment,Finance-VADER tilt,minimum_variance,False,0.009924586247615589,0.0,0.0,0.009924586247615589,0.2,1.1016098632533933,1.098803529341613,0.0
2021-12-28,finance_sentiment,Finance-VADER tilt,minimum_variance,False,0.004564227532747258,0.0,0.0,0.004564227532747258,0.2,1.1066378613216004,1.103818718663314,0.0
2021-12-29,finance_sentiment,Finance-VADER tilt,minimum_variance,False,0.0011950569373513713,0.0,0.0,0.0011950569373513713,0.2,1.1079603565749083,1.1051378448806308,0.0
2021-12-30,finance_sentiment,Finance-VADER tilt,minimum_variance,False,0.0007421092639378719,0.0,0.0,0.0007421092639378719,0.2,1.1087825842195984,1.1059579779132451,0.0
2021-12-31,finance_sentiment,Finance-VADER tilt,minimum_variance,False,-0.0012716751592671603,0.0,0.0,-0.0012716751592671603,0.2,1.1073725729502182,1.1045515586255394,-0.0012716751592671827
2022-01-03,finance_sentiment,Finance-VADER tilt,minimum_variance,True,0.0030490267650537346,0.1565246579181763,0.0001565246579181763,0.002892502107135558,0.2,1.11074898156403,1.1077464763363036,0.0
2022-01-04,finance_sentiment,Finance-VADER tilt,minimum_variance,False,-0.000594861851188888,0.0,0.0,-0.000594861851188888,0.2,1.1100882393686506,1.1070875202167423,-0.0005948618511888437
2022-01-05,finance_sentiment,Finance-VADER tilt,minimum_variance,False,-0.0029780524633117324,0.0,0.0,-0.0029780524633117324,0.2,1.1067823383529054,1.1037905555000591,-0.003571142784699388
2022-01-06,finance_sentiment,Finance-VADER tilt,minimum_variance,False,-0.0036880559237979483,0.0,0.0,-0.0036880559237979483,0.2,1.102700463193588,1.099719714203215,-0.0072460281341953925
2022-01-07,finance_sentiment,Finance-VADER tilt,minimum_variance,False,0.004276937776010136,0.0,0.0,0.004276937776010136,0.2,1.1074166444602445,1.1044231469919137,-0.0030000811696384577
2022-01-10,finance_sentiment,Finance-VADER tilt,minimum_variance,False,0.00022033180201356907,0.0,0.0,0.00022033180201356907,0.2,1.1076606435650982,1.1046664865340758,-0.0027804103809152547
2022-01-11,finance_sentiment,Finance-VADER tilt,minimum_variance,False,0.0037506007665443113,0.0,0.0,0.0037506007665443113,0.2,1.1118150364239243,1.1088096495052462,0.0
2022-01-12,finance_sentiment,Finance-VADER tilt,minimum_variance,False,-0.00018021475596057066,0.0,0.0,-0.00018021475596057066,0.2,1.111614670948462,1.108609825644854,-0.00018021475596041725
2022-01-13,finance_sentiment,Finance-VADER tilt,minimum_variance,False,-0.0029448342640864197,0.0,0.0,-0.0029448342640864197,0.2,1.1083411499769917,1.1053451534447922,-0.0031245183174585245
2022-01-14,finance_sentiment,Finance-VADER tilt,minimum_variance,False,-0.001817694386636448,0.0,0.0,-0.001817694386636448,0.2,1.1063265244902003,1.1033359737640798,-0.00493653328468846
2022-01-18,finance_sentiment,Finance-VADER tilt,minimum_variance,False,-0.010690571036106947,0.0,0.0,-0.010690571036106947,0.2,1.0944992621910086,1.0915406821598626,-0.015574329961043465
2022-01-19,finance_sentiment,Finance-VADER tilt,minimum_variance,False,-0.0016299606692946867,0.0,0.0,-0.0016299606692946867,0.2,1.0927152714410653,1.0897615137790069,-0.017178905085051044
2022-01-20,finance_sentiment,Finance-VADER tilt,minimum_variance,False,-0.01076802105570624,0.0,0.0,-0.01076802105570624,0.2,1.0809488903902962,1.0780269388529362,-0.027761943329087435
2022-01-21,finance_sentiment,Finance-VADER tilt,minimum_variance,False,-0.004934419077111036,0.0,0.0,-0.004934419077111036,0.2,1.0756150355641723,1.0727075021602206,-0.03255937334341785
2022-01-24,finance_sentiment,Finance-VADER tilt,minimum_variance,False,-0.004930708819275395,0.0,0.0,-0.004930708819275395,0.2,1.0703114910221707,1.0674182938188164,-0.03732954137339872
2022-01-25,finance_sentiment,Finance-VADER tilt,minimum_variance,False,-0.004427779696579593,0.0,0.0,-0.004427779696579593,0.2,1.0655723875332068,1.0626920007696878,-0.04159203408460255
2022-01-26,finance_sentiment,Finance-VADER tilt,minimum_variance,False,-0.015064806676137462,0.0,0.0,-0.015064806676137462,0.2,1.049519745515589,1.0466827512218149,-0.056030264807988006
2022-01-27,finance_sentiment,Finance-VADER tilt,minimum_variance,False,0.00031064521475535306,0.0,0.0,0.00031064521475535306,0.2,1.0498457738023246,1.047007898209849,-0.05573702512687673
2022-01-28,finance_sentiment,Finance-VADER tilt,minimum_variance,False,0.0160220449377271,0.0,0.0,0.0160220449377271,0.2,1.0666664499678682,1.0637831058051224,-0.04060800131042763
2022-01-31,finance_sentiment,Finance-VADER tilt,minimum_variance,False,0.010884398331147646,0.0,0.0,0.010884398331147646,0.2,1.0782764724957898,1.0753617448666508,-0.03016559664097429
2022-02-01,finance_sentiment,Finance-VADER tilt,minimum_variance,True,-0.002326669055197873,0.2825949571231233,0.0002825949571231233,-0.0026092640123209967,0.2,1.075767679994286,1.0725558421655437,-0.0326961506475697
2022-02-02,finance_sentiment,Finance-VADER tilt,minimum_variance,False,0.010532426100020906,0.0,0.0,0.010532426100020906,0.2,1.0870981235846167,1.0838524573112978,-0.022508094337999718
2022-02-03,finance_sentiment,Finance-VADER tilt,minimum_variance,False,-0.006053406959595607,0.0,0.0,-0.006053406959595607,0.2,1.0805174762375462,1.0772914573030348,-0.02842525064268242
2022-02-04,finance_sentiment,Finance-VADER tilt,minimum_variance,False,-0.003874560930026586,0.0,0.0,-0.003874560930026586,0.2,1.0763309454399053,1.073117425912317,-0.032189676207142526
2022-02-07,finance_sentiment,Finance-VADER tilt,minimum_variance,False,-0.0008946359132660297,0.0,0.0,-0.0008946359132660297,0.2,1.0753680211215553,1.0721573765239443,-0.033055514080037374
2022-02-08,finance_sentiment,Finance-VADER tilt,minimum_variance,False,-0.0012933517636118084,0.0,0.0,-0.0012933517636118084,0.2,1.073977191994906,1.0707706998901476,-0.03430611343621659
2022-02-09,finance_sentiment,Finance-VADER tilt,minimum_variance,False,0.006341221184842963,0.0,0.0,0.006341221184842963,0.2,1.0807875189168223,1.0775606937364002,-0.028182434904664988
2022-02-10,finance_sentiment,Finance-VADER tilt,minimum_variance,False,-0.016890917476743202,0.0,0.0,-0.016890917476743202,0.2,1.0625320261249043,1.0593597049823165,-0.04459732519913984
2022-02-11,finance_sentiment,Finance-VADER tilt,minimum_variance,False,-0.0030453828400601748,0.0,0.0,-0.0030453828400601748,0.2,1.0592962093255291,1.056133549115312,-0.04750689211032599
2022-02-14,finance_sentiment,Finance-VADER tilt,minimum_variance,False,-0.007931882789637558,0.0,0.0,-0.007931882789637558,0.2,1.0508939959536516,1.0477564215935256,-0.05506195580004447
2022-02-15,finance_sentiment,Finance-VADER tilt,minimum_variance,False,0.0024690717842161015,0.0,0.0,0.0024690717842161015,0.2,1.053488728667263,1.0503434074108133,-0.05272883593727795
2022-02-16,finance_sentiment,Finance-VADER tilt,minimum_variance,False,-0.0016938669928259343,0.0,0.0,-0.0016938669928259343,0.2,1.0517042588824594,1.0485642653818679,-0.05433338729533965
2022-02-17,finance_sentiment,Finance-VADER tilt,minimum_variance,False,-0.0070200683529480935,0.0,0.0,-0.0070200683529480935,0.2,1.044321223098018,1.0412032725664284,-0.06097203155562714
2022-02-18,finance_sentiment,Finance-VADER tilt,minimum_variance,False,-0.0054643136234286595,0.0,0.0,-0.0054643136234286595,0.2,1.0386147244114077,1.0355138113393851,-0.06610317487637829
2022-02-22,finance_sentiment,Finance-VADER tilt,minimum_variance,False,-0.003941542833120537,0.0,0.0,-0.003941542833120537,0.2,1.0345209799880304,1.031432289297703,-0.0697841692143184
2022-02-23,finance_sentiment,Finance-VADER tilt,minimum_variance,False,-0.0025051866922167028,0.0,0.0,-0.0025051866922167028,0.2,1.0319293117961454,1.0288483588526318,-0.07211453353449193
2022-02-24,finance_sentiment,Finance-VADER tilt,minimum_variance,False,-0.0016175794134664452,0.0,0.0,-0.0016175794134664452,0.2,1.0302600841852314,1.0271841149277732,-0.0736154619631012
2022-02-25,finance_sentiment,Finance-VADER tilt,minimum_variance,False,0.026315873569482555,0.0,0.0,0.026315873569482555,0.2,1.0573722783043344,1.0542153622287933,-0.04923684358339864
2022-02-28,finance_sentiment,Finance-VADER tilt,minimum_variance,False,-0.004929791066379489,0.0,0.0,-0.004929791066379489,0.2,1.0521596538929123,1.049018300754038,-0.05392390729814389
2022-03-01,finance_sentiment,Finance-VADER tilt,minimum_variance,True,-0.003286580571743498,0.28165014446279246,0.00028165014446279247,-0.0035682307162062904,0.2,1.0487016464160555,1.0452751614314248,-0.05729972507199099
2022-03-02,finance_sentiment,Finance-VADER tilt,minimum_variance,False,0.012511390410234484,0.0,0.0,0.012511390410234484,0.2,1.0618223621382223,1.0583530070622142,-0.04550523389253136
2022-03-03,finance_sentiment,Finance-VADER tilt,minimum_variance,False,0.0068550279323556194,0.0,0.0,0.0068550279323556194,0.2,1.0691011840898796,1.0656080464879183,-0.03896214560957745
2022-03-04,finance_sentiment,Finance-VADER tilt,minimum_variance,False,0.005664908264976144,0.0,0.0,0.005664908264976144,0.2,1.0751575442237262,1.0716446183176929,-0.03351795432528604
2022-03-07,finance_sentiment,Finance-VADER tilt,minimum_variance,False,-0.008465412626593484,0.0,0.0,-0.008465412626593484,0.2,1.0660558919732774,1.0625727044345652,-0.041699623638116856
2022-03-08,finance_sentiment,Finance-VADER tilt,minimum_variance,False,-0.013030449838764443,0.0,0.0,-0.013030449838764443,0.2,1.0521647041476003,1.0487269041093903,-0.05418670862276942
2022-03-09,finance_sentiment,Finance-VADER tilt,minimum_variance,False,0.005270570266873808,0.0,0.0,0.005270570266873808,0.2,1.0577102121531348,1.05425429294826,-0.049201733211222565
2022-03-10,finance_sentiment,Finance-VADER tilt,minimum_variance,False,0.002049606943449497,0.0,0.0,0.002049606943449497,0.2,1.0598781023481212,1.0564150998672481,-0.047252970481792445
2022-03-11,finance_sentiment,Finance-VADER tilt,minimum_variance,False,-0.0060953704367217604,0.0,0.0,-0.0060953704367217604,0.2,1.0534177526965396,1.0499758584986107,-0.0530603165591923
2022-03-14,finance_sentiment,Finance-VADER tilt,minimum_variance,False,-0.006651567289069512,0.0,0.0,-0.006651567289069512,0.2,1.0464108736309783,1.0429918734239088,-0.059358949582288933
2022-03-15,finance_sentiment,Finance-VADER tilt,minimum_variance,False,0.00768045665995783,0.0,0.0,0.00768045665995783,0.2,1.0544477869944096,1.0510025273044292,-0.05213439676197862
2022-03-16,finance_sentiment,Finance-VADER tilt,minimum_variance,False,0.006657054370460462,0.0,0.0,0.006657054370460462,0.2,1.0614673032432431,1.0579991082721862,-0.04582440390533371
2022-03-17,finance_sentiment,Finance-VADER tilt,minimum_variance,False,0.01102301936533752,0.0,0.0,0.01102301936533752,0.2,1.073167877882566,1.0696614529311803,-0.03530650783164979
2022-03-18,finance_sentiment,Finance-VADER tilt,minimum_variance,False,0.0031321070095564115,0.0,0.0,0.0031321070095564115,0.2,1.0765291545153128,1.0730117470657583,-0.03228498458275597
2022-03-21,finance_sentiment,Finance-VADER tilt,minimum_variance,False,0.002873799893699846,0.0,0.0,0.002873799893699846,0.2,1.0796228838851236,1.0760953681104146,-0.02950396527431809
2022-03-22,finance_sentiment,Finance-VADER tilt,minimum_variance,False,0.004619017183528093,0.0,0.0,0.004619017183528093,0.2,1.0846096805375192,1.0810658711068315,-0.025021227413374314
2022-03-23,finance_sentiment,Finance-VADER tilt,minimum_variance,False,-0.009307208806895204,0.0,0.0,-0.009307208806895204,0.2,1.0745149917667767,1.0710041653104323,-0.034095558432128414
2022-03-24,finance_sentiment,Finance-VADER tilt,minimum_variance,False,0.0063775501380475864,0.0,0.0,0.0063775501380475864,0.2,1.081367765000853,1.0778345480727574,-0.027935454427466477
2022-03-25,finance_sentiment,Finance-VADER tilt,minimum_variance,False,0.009415252336006659,0.0,0.0,0.009415252336006659,0.2,1.0915491153763597,1.087982632319328,-0.018783221444015452
2022-03-28,finance_sentiment,Finance-VADER tilt,minimum_variance,False,0.0050011267143850475,0.0,0.0,0.0050011267143850475,0.2,1.0970080908173316,1.093423771326607,-0.013876032000176397
2022-03-29,finance_sentiment,Finance-VADER tilt,minimum_variance,False,0.01186915503776945,0.0,0.0,0.01186915503776945,0.2,1.1100286499249299,1.106401787590465,-0.002171573737526189
2022-03-30,finance_sentiment,Finance-VADER tilt,minimum_variance,False,0.0008341306962717434,0.0,0.0,0.0008341306962717434,0.2,1.1109545588955734,1.1073246712839042,-0.0013392544175679921
2022-03-31,finance_sentiment,Finance-VADER tilt,minimum_variance,False,-0.00919751875543721,0.0,0.0,-0.00919751875543721,0.2,1.100736533503693,1.0971400318514122,-0.010524455355381379
2022-04-01,finance_sentiment,Finance-VADER tilt,minimum_variance,True,0.009852168122518773,0.1854417237261478,0.0001854417237261478,0.009666726398792624,0.2,1.11158117489037,1.1077457843604823,-0.0009594659870055811
2022-04-04,finance_sentiment,Finance-VADER tilt,minimum_variance,False,0.0019317303103188813,0.0,0.0,0.0019317303103188813,0.2,1.1137284499382853,1.1098856504682593,0.0
2022-04-05,finance_sentiment,Finance-VADER tilt,minimum_variance,False,-0.004068342391990311,0.0,0.0,-0.004068342391990311,0.2,1.1091974212722358,1.1053702556261975,-0.004068342391990276
2022-04-06,finance_sentiment,Finance-VADER tilt,minimum_variance,False,0.01083649103275076,0.0,0.0,0.01083649103275076,0.2,1.1212172291814027,1.1173485904891602,0.0
2022-04-07,finance_sentiment,Finance-VADER tilt,minimum_variance,False,0.0037400867897039456,0.0,0.0,0.0037400867897039456,0.2,1.1254106789286524,1.121527571191943,0.0
2022-04-08,finance_sentiment,Finance-VADER tilt,minimum_variance,False,0.00637712007637148,0.0,0.0,0.00637712007637148,0.2,1.1325875579634113,1.1286796871823954,0.0
2022-04-11,finance_sentiment,Finance-VADER tilt,minimum_variance,False,-0.014438820658781801,0.0,0.0,-0.014438820658781801,0.2,1.1162343293336099,1.112382883597959,-0.01443882065878166
2022-04-12,finance_sentiment,Finance-VADER tilt,minimum_variance,False,0.0025687715222079835,0.0,0.0,0.0025687715222079835,0.2,1.119101680290913,1.1152403410711371,-0.011907139167896208
2022-04-13,finance_sentiment,Finance-VADER tilt,minimum_variance,False,0.005009982096240064,0.0,0.0,0.005009982096240064,0.2,1.1247083596730427,1.1208276752129083,-0.006956811625704606
2022-04-14,finance_sentiment,Finance-VADER tilt,minimum_variance,False,0.0021335703258911574,0.0,0.0,0.0021335703258911574,0.2,1.1271080040545227,1.12321903988118,-0.00483808414666087
2022-04-18,finance_sentiment,Finance-VADER tilt,minimum_variance,False,-0.004692163470280616,0.0,0.0,-0.004692163470280616,0.2,1.1218194290508372,1.117948712533126,-0.009507546535242328
2022-04-19,finance_sentiment,Finance-VADER tilt,minimum_variance,False,0.0069461601854917746,0.0,0.0,0.0069461601854917746,0.2,1.1296117665042213,1.1257141633695456,-0.00262742729095522
2022-04-20,finance_sentiment,Finance-VADER tilt,minimum_variance,False,0.0024780459953659233,0.0,0.0,0.0024780459953659233,0.2,1.1324109964185254,1.1285037348440101,-0.000155892181265882
2022-04-21,finance_sentiment,Finance-VADER tilt,minimum_variance,False,-0.011236828440893007,0.0,0.0,-0.011236828440893007,0.2,1.1196862883271896,1.115822931980661,-0.011390968888462694
2022-04-22,finance_sentiment,Finance-VADER tilt,minimum_variance,False,-0.016159512595810267,0.0,0.0,-0.016159512595810267,0.2,1.1015927036476103,1.0977917772566255,-0.027366408979041412
2022-04-25,finance_sentiment,Finance-VADER tilt,minimum_variance,False,-0.0016174720123715387,0.0,0.0,-0.0016174720123715387,0.2,1.0998109082804277,1.0960161297815012,-0.028939616590810235
2022-04-26,finance_sentiment,Finance-VADER tilt,minimum_variance,False,-0.0141015947951748,0.0,0.0,-0.0141015947951748,0.2,1.084301820500544,1.0805605544303467,-0.04263311663929381
2022-04-27,finance_sentiment,Finance-VADER tilt,minimum_variance,False,-0.0017407694907723304,0.0,0.0,-0.0017407694907723304,0.2,1.0824143009726277,1.0786795475842623,-0.04429967170132387
2022-04-28,finance_sentiment,Finance-VADER tilt,minimum_variance,False,0.015519324035568091,0.0,0.0,0.015519324035568091,0.2,1.0992126392501547,1.0954199250137624,-0.02946784862555807
2022-04-29,finance_sentiment,Finance-VADER tilt,minimum_variance,False,-0.030618701929360427,0.0,0.0,-0.030618701929360427,0.2,1.0655561750919686,1.0618795888422836,-0.059184283281353056
2022-05-02,finance_sentiment,Finance-VADER tilt,minimum_variance,True,0.00015810608982180958,0.2091807515941445,0.0002091807515941445,-5.107466177233492e-05,0.2,1.065724646012298,1.0618253537014406,-0.05923233512587445
2022-05-03,finance_sentiment,Finance-VADER tilt,minimum_variance,False,0.002782312573445376,0.0,0.0,0.002782312573445376,0.2,1.0686898250947288,1.0647796837338472,-0.056614825423204285
2022-05-04,finance_sentiment,Finance-VADER tilt,minimum_variance,False,0.02383738889939457,0.0,0.0,0.02383738889939457,0.2,1.0941646000683378,1.0901612511471852,-0.034126986134894066
2022-05-05,finance_sentiment,Finance-VADER tilt,minimum_variance,False,-0.015113426964246994,0.0,0.0,-0.015113426964246994,0.2,1.0776280232983404,1.07368517869872,-0.048724637386681535
2022-05-06,finance_sentiment,Finance-VADER tilt,minimum_variance,False,-0.00584682729560331,0.0,0.0,-0.00584682729560331,0.2,1.0713273183572127,1.0674075268890197,-0.05428658014244392
2022-05-09,finance_sentiment,Finance-VADER tilt,minimum_variance,False,-0.01419124483643791,0.0,0.0,-0.01419124483643791,0.2,1.056123850082441,1.052259685334681,-0.06770743082874742
2022-05-10,finance_sentiment,Finance-VADER tilt,minimum_variance,False,-0.008100566826351992,0.0,0.0,-0.008100566826351992,0.2,1.047568648257944,1.0437357854349514,-0.0752595290870306
2022-05-11,finance_sentiment,Finance-VADER tilt,minimum_variance,False,0.008078106461363426,0.0,0.0,0.008078106461363426,0.2,1.0560310193241584,1.0521671942272297,-0.06778937711386424
2022-05-12,finance_sentiment,Finance-VADER tilt,minimum_variance,False,0.006544428800699945,0.0,0.0,0.006544428800699945,0.2,1.062942139141456,1.059053027516282,-0.061688591065129805
2022-05-13,finance_sentiment,Finance-VADER tilt,minimum_variance,False,0.009636769032179575,0.0,0.0,0.009636769032179575,0.2,1.0731854670309329,1.0692588769352867,-0.052646300736965745
2022-05-16,finance_sentiment,Finance-VADER tilt,minimum_variance,False,0.0069066406420323755,0.0,0.0,0.0069066406420323755,0.2,1.0805975733939672,1.0766438637515818,-0.04610326917525587
2022-05-17,finance_sentiment,Finance-VADER tilt,minimum_variance,False,-0.0016498377138739612,0.0,0.0,-0.0016498377138739612,0.2,1.0788147627638611,1.0748675761007536,-0.047677043976911526
2022-05-18,finance_sentiment,Finance-VADER tilt,minimum_variance,False,-0.021985135181556186,0.0,0.0,-0.021985135181556186,0.2,1.055096874368639,1.0512364671379069,-0.06861399290157832
2022-05-19,finance_sentiment,Finance-VADER tilt,minimum_variance,False,-0.004856033118849199,0.0,0.0,-0.004856033118849199,0.2,1.0499732890031106,1.046131628037743,-0.07313683419848105
2022-05-20,finance_sentiment,Finance-VADER tilt,minimum_variance,False,0.0019937954234807995,0.0,0.0,0.0019937954234807995,0.2,1.052066720941502,1.0482174004900833,-0.07128885866031309
2022-05-23,finance_sentiment,Finance-VADER tilt,minimum_variance,False,0.01649870992579299,0.0,0.0,0.01649870992579299,0.2,1.069424464592896,1.0655116353199379,-0.05596632293449755
2022-05-24,finance_sentiment,Finance-VADER tilt,minimum_variance,False,0.010333509010058356,0.0,0.0,0.010333509010058356,0.2,1.0804753719333435,1.0765221094038384,-0.046211142426742624
2022-05-25,finance_sentiment,Finance-VADER tilt,minimum_variance,False,0.0049572040911846065,0.0,0.0,0.0049572040911846065,0.2,1.0858315088675157,1.0818586492088258,-0.04148301639985419
2022-05-26,finance_sentiment,Finance-VADER tilt,minimum_variance,False,0.0050111730999480835,0.0,0.0,0.0050111730999480835,0.2,1.0912727985158286,1.0872800301696872,-0.036679721875793825
2022-05-27,finance_sentiment,Finance-VADER tilt,minimum_variance,False,0.010584218294409167,0.0,0.0,0.010584218294409167,0.2,1.102823068034071,1.0987880393561549,-0.026483729764696373
2022-05-31,finance_sentiment,Finance-VADER tilt,minimum_variance,False,-0.008838410767987494,0.0,0.0,-0.008838410767987494,0.2,1.0930758647543735,1.0890764993173736,-0.035088066450355004
2022-06-01,finance_sentiment,Finance-VADER tilt,minimum_variance,True,-0.00600810983837477,0.2264859284258714,0.0002264859284258714,-0.006234595766800641,0.2,1.0865085448972527,1.0822865475850074,-0.041103902306599105
2022-06-02,finance_sentiment,Finance-VADER tilt,minimum_variance,False,0.0028734959503381916,0.0,0.0,0.0028734959503381916,0.2,1.0896306228010229,1.0853964935965985,-0.03834851825308194
2022-06-03,finance_sentiment,Finance-VADER tilt,minimum_variance,False,-0.004582572227710151,0.0,0.0,-0.004582572227710151,0.2,1.0846373117705124,1.0804225857689886,-0.0427553556260718
2022-06-06,finance_sentiment,Finance-VADER tilt,minimum_variance,False,-0.0034183617292813094,0.0,0.0,-0.0034183617292813094,0.2,1.0809296290938055,1.0767293105503448,-0.04602756408395914
2022-06-07,finance_sentiment,Finance-VADER tilt,minimum_variance,False,0.007469132764619559,0.0,0.0,0.007469132764619559,0.2,1.089003236002718,1.0847715447224024,-0.038902217306314824
2022-06-08,finance_sentiment,Finance-VADER tilt,minimum_variance,False,-0.009345808468168036,0.0,0.0,-0.009345808468168036,0.2,1.0788256203378215,1.074633477633708,-0.04788445310255096
2022-06-09,finance_sentiment,Finance-VADER tilt,minimum_variance,False,-0.02215855929257688,0.0,0.0,-0.02215855929257688,0.2,1.0549203988632148,1.0508211480017735,-0.06898196190186234
2022-06-10,finance_sentiment,Finance-VADER tilt,minimum_variance,False,-0.01099007220909905,0.0,0.0,-0.01099007220909905,0.2,1.0433267475048564,1.0392725477063856,-0.07921391736853467
2022-06-13,finance_sentiment,Finance-VADER tilt,minimum_variance,False,-0.032065566139975854,0.0,0.0,-0.032065566139975854,0.2,1.0098718846771337,1.0059476850904452,-0.10873944440192329
2022-06-14,finance_sentiment,Finance-VADER tilt,minimum_variance,False,-0.012975569405591842,0.0,0.0,-0.012975569405591842,0.2,0.9967682219467497,0.9928949410841597,-0.12030405759955243
2022-06-15,finance_sentiment,Finance-VADER tilt,minimum_variance,False,0.002241428966797211,0.0,0.0,0.002241428966797211,0.2,0.999002407112604,0.995120444566092,-0.11833228163228215
2022-06-16,finance_sentiment,Finance-VADER tilt,minimum_variance,False,-0.0082570493395979,0.0,0.0,-0.0082570493395979,0.2,0.9907535949466981,0.9869036859564673,-0.12561225548397514
2022-06-17,finance_sentiment,Finance-VADER tilt,minimum_variance,False,-0.004255121417031408,0.0,0.0,-0.004255121417031408,0.2,0.9865378181058395,0.9827042909458067,-0.12933288150245503
2022-06-21,finance_sentiment,Finance-VADER tilt,minimum_variance,False,0.02337232903841221,0.0,0.0,0.02337232903841221,0.2,1.0095955045994465,1.0056723789812516,-0.1089833631260042
2022-06-22,finance_sentiment,Finance-VADER tilt,minimum_variance,False,0.003962455170017711,0.0,0.0,0.003962455170017711,0.2,1.0135959815262732,1.00965731069869,-0.10545274964665097
2022-06-23,finance_sentiment,Finance-VADER tilt,minimum_variance,False,0.013139947496891666,0.0,0.0,0.013139947496891666,0.2,1.0269145795065888,1.0229241547511234,-0.09369844574351927
2022-06-24,finance_sentiment,Finance-VADER tilt,minimum_variance,False,0.014281348405821674,0.0,0.0,0.014281348405821674,0.2,1.0415803043995404,1.037532890997855,-0.08075523748644475
2022-06-27,finance_sentiment,Finance-VADER tilt,minimum_variance,False,-0.0011168859564562245,0.0,0.0,-0.0011168859564562245,0.2,1.0404169779850352,1.036374085082538,-0.08178192905224202
2022-06-28,finance_sentiment,Finance-VADER tilt,minimum_variance,False,-0.009001022956714169,0.0,0.0,-0.009001022956714169,0.2,1.0310521608816368,1.0270456581509666,-0.0900468309881125
2022-06-29,finance_sentiment,Finance-VADER tilt,minimum_variance,False,0.0015159035635488132,0.0,0.0,0.0015159035635488132,0.2,1.032615136526522,1.028602560324085,-0.08866742973654484
2022-06-30,finance_sentiment,Finance-VADER tilt,minimum_variance,False,-0.007264505835847186,0.0,0.0,-0.007264505835847186,0.2,1.025113697841041,1.0211302710218433,-0.09528781051162138
2022-07-01,finance_sentiment,Finance-VADER tilt,minimum_variance,True,0.01545284994518414,0.1850262590833616,0.0001850262590833616,0.015267823686100778,0.2,1.0409546259905311,1.036720707960345,-0.08147482431584652
2022-07-05,finance_sentiment,Finance-VADER tilt,minimum_variance,False,-0.003252490661509626,0.0,0.0,-0.003252490661509626,0.2,1.0375689307904417,1.0333487835391104,-0.08446231887212075
2022-07-06,finance_sentiment,Finance-VADER tilt,minimum_variance,False,0.0008316685367260467,0.0,0.0,0.0008316685367260467,0.2,1.0384318442248646,1.034208187209844,-0.0837008949885395
2022-07-07,finance_sentiment,Finance-VADER tilt,minimum_variance,False,0.0023558533034187764,0.0,0.0,0.0023558533034187764,0.2,1.0408782373154568,1.036644629984105,-0.08154222871507877
2022-07-08,finance_sentiment,Finance-VADER tilt,minimum_variance,False,-0.002574363235236365,0.0,0.0,-0.002574363235236365,0.2,1.0381986386489541,1.0339759301606686,-0.08390667263459195
2022-07-11,finance_sentiment,Finance-VADER tilt,minimum_variance,False,-0.0006963135790865994,0.0,0.0,-0.0006963135790865994,0.2,1.0374757268390735,1.033255958680049,-0.0845445608581471
2022-07-12,finance_sentiment,Finance-VADER tilt,minimum_variance,False,-0.005139411241053897,0.0,0.0,-0.005139411241053897,0.2,1.0321437124262363,1.0279456313911228,-0.08924946283275659
2022-07-13,finance_sentiment,Finance-VADER tilt,minimum_variance,False,-0.002528728907401844,0.0,0.0,-0.002528728907401844,0.2,1.029533700784031,1.0253462355577867,-0.09155250404352322
2022-07-14,finance_sentiment,Finance-VADER tilt,minimum_variance,False,-0.0029340317315745368,0.0,0.0,-0.0029340317315745368,0.2,1.0265130162372054,1.0223378371668097,-0.09421791782312883
2022-07-15,finance_sentiment,Finance-VADER tilt,minimum_variance,False,0.01114519951516494,0.0,0.0,0.01114519951516494,0.2,1.0379537086080828,1.033731996333936,-0.08412279580000614
2022-07-18,finance_sentiment,Finance-VADER tilt,minimum_variance,False,-0.010931136530127915,0.0,0.0,-0.010931136530127915,0.2,1.0266076949073353,1.0224321307464481,-0.09413437456394802
2022-07-19,finance_sentiment,Finance-VADER tilt,minimum_variance,False,0.013658655829308725,0.0,0.0,0.013658655829308725,0.2,1.0406297760837946,1.0363971793291407,-0.08176146775851545
2022-07-20,finance_sentiment,Finance-VADER tilt,minimum_variance,False,-0.004267483585682799,0.0,0.0,-0.004267483585682799,0.2,1.0361889055955842,1.0319743713781055,-0.08568003562259752
2022-07-21,finance_sentiment,Finance-VADER tilt,minimum_variance,False,0.005068744030593276,0.0,0.0,0.005068744030593276,0.2,1.0414410819253888,1.0372051853127535,-0.08104558176110732
2022-07-22,finance_sentiment,Finance-VADER tilt,minimum_variance,False,0.0006105177323105234,0.0,0.0,0.0006105177323105234,0.2,1.042076900173061,1.0378384174704314,-0.08048454379358738
2022-07-25,finance_sentiment,Finance-VADER tilt,minimum_variance,False,-0.0017147244515936092,0.0,0.0,-0.0017147244515936092,0.2,1.0402900254318934,1.0360588105591917,-0.08206125942996267
2022-07-26,finance_sentiment,Finance-VADER tilt,minimum_variance,False,-0.004363306020775586,0.0,0.0,-0.004363306020775586,0.2,1.0357509217005736,1.031538168913201,-0.08606650706339525
2022-07-27,finance_sentiment,Finance-VADER tilt,minimum_variance,False,0.00383520651119,0.0,0.0,0.00383520651119,0.2,1.0397232403794507,1.0354943308151578,-0.08256138338049024
2022-07-28,finance_sentiment,Finance-VADER tilt,minimum_variance,False,0.010021680547895269,0.0,0.0,0.010021680547895269,0.2,1.0501430145527562,1.0458717242077438,-0.07336710664242674
2022-07-29,finance_sentiment,Finance-VADER tilt,minimum_variance,False,0.003090077309364352,0.0,0.0,0.003090077309364352,0.2,1.053388037653613,1.049103548691224,-0.07050373936455179
2022-08-01,finance_sentiment,Finance-VADER tilt,minimum_variance,True,-0.005368651663185524,0.12826128357855848,0.0001282612835785585,-0.0054969129467640826,0.2,1.0477327642132843,1.0433367178119268,-0.07561309939360772
2022-08-02,finance_sentiment,Finance-VADER tilt,minimum_variance,False,-0.00610617788723679,0.0,0.0,-0.00610617788723679,0.2,1.0413351215767117,1.0369659182166815,-0.08125757024534186
2022-08-03,finance_sentiment,Finance-VADER tilt,minimum_variance,False,0.011115458630808858,0.0,0.0,0.011115458630808858,0.2,1.052910039041406,1.0484922699821777,-0.07104532677503517
2022-08-04,finance_sentiment,Finance-VADER tilt,minimum_variance,False,-0.006370501031560545,0.0,0.0,-0.006370501031560545,0.2,1.0462024745515521,1.041812848894673,-0.07696323347908773
2022-08-05,finance_sentiment,Finance-VADER tilt,minimum_variance,False,-0.0037974018415594148,0.0,0.0,-0.0037974018415594148,0.2,1.0422296233480461,1.0378566668637201,-0.08046837499610127
2022-08-08,finance_sentiment,Finance-VADER tilt,minimum_variance,False,0.004265630181707929,0.0,0.0,0.004265630181707929,0.2,1.0466753894856695,1.0422837795861808,-0.07654599314344979
2022-08-09,finance_sentiment,Finance-VADER tilt,minimum_variance,False,0.0026110747749795633,0.0,0.0,0.0026110747749795633,0.2,1.0494083371927474,1.0450052604714286,-0.07413478568029286
2022-08-10,finance_sentiment,Finance-VADER tilt,minimum_variance,False,0.010578101329134188,0.0,0.0,0.010578101329134188,0.2,1.0605090849192105,1.0560594320061736,-0.06434088962609841
2022-08-11,finance_sentiment,Finance-VADER tilt,minimum_variance,False,-0.00048383680357507526,0.0,0.0,-0.00048383680357507526,0.2,1.0599959715934009,1.0555484715862065,-0.06479359593929757
2022-08-12,finance_sentiment,Finance-VADER tilt,minimum_variance,False,0.014140135057653217,0.0,0.0,0.014140135057653217,0.2,1.0749844577923,1.0704740695343349,-0.051569651079097056
2022-08-15,finance_sentiment,Finance-VADER tilt,minimum_variance,False,0.008321135710879161,0.0,0.0,0.008321135710879161,0.2,1.0839295493526757,1.0793816295419072,-0.04367763343340969
2022-08-16,finance_sentiment,Finance-VADER tilt,minimum_variance,False,0.011241519755855685,0.0,0.0,0.011241519755855685,0.2,1.0961145647956796,1.0915155194545103,-0.032927116656684685
2022-08-17,finance_sentiment,Finance-VADER tilt,minimum_variance,False,-0.005619483126264162,0.0,0.0,-0.005619483126264162,0.2,1.0899549674943578,1.0853817664108802,-0.038361566406500014
2022-08-18,finance_sentiment,Finance-VADER tilt,minimum_variance,False,-0.001372434096535336,0.0,0.0,-0.001372434096535336,0.2,1.0884590761332806,1.0838921514669002,-0.03968135178130261
2022-08-19,finance_sentiment,Finance-VADER tilt,minimum_variance,False,-0.003832552564790449,0.0,0.0,-0.003832552564790449,0.2,1.0842874995093765,1.0797380778218395,-0.04336182347954931
2022-08-22,finance_sentiment,Finance-VADER tilt,minimum_variance,False,-0.014305659574758694,0.0,0.0,-0.014305659574758694,0.2,1.068776051660229,1.064291712450616,-0.057047163569068804
2022-08-23,finance_sentiment,Finance-VADER tilt,minimum_variance,False,-0.00443456897426409,0.0,0.0,-0.00443456897426409,0.2,1.0640364905411,1.059572037443016,-0.06122875296169972
2022-08-24,finance_sentiment,Finance-VADER tilt,minimum_variance,False,0.00032957388733053657,0.0,0.0,0.00032957388733053657,0.2,1.0643871691835491,1.0599212447183028,-0.060919358472499185
2022-08-25,finance_sentiment,Finance-VADER tilt,minimum_variance,False,0.006471059114789686,0.0,0.0,0.006471059114789686,0.2,1.0712748814763595,1.0667800577498965,-0.054842512127620036
2022-08-26,finance_sentiment,Finance-VADER tilt,minimum_variance,False,-0.018082535121447058,0.0,0.0,-0.018082535121447058,0.2,1.051903515807339,1.0474899698887745,-0.07193335559737113
2022-08-29,finance_sentiment,Finance-VADER tilt,minimum_variance,False,-0.0038393458162682926,0.0,0.0,-0.0038393458162682926,0.2,1.0478648944448063,1.043468293655299,-0.07549652438577659
2022-08-30,finance_sentiment,Finance-VADER tilt,minimum_variance,False,-0.009229404726974009,0.0,0.0,-0.009229404726974009,0.2,1.0381937252347873,1.0338377024533894,-0.0840291411337144
2022-08-31,finance_sentiment,Finance-VADER tilt,minimum_variance,False,-0.0036841195899066322,0.0,0.0,-0.0036841195899066322,0.2,1.0343688953935315,1.0300289207209967,-0.08740368731864723
2022-09-01,finance_sentiment,Finance-VADER tilt,minimum_variance,True,0.009672961999364429,0.15774145714241833,0.00015774145714241833,0.00951522054222201,0.2,1.0443743064119977,1.0398298730665239,-0.07872013213746565
2022-09-02,finance_sentiment,Finance-VADER tilt,minimum_variance,False,-0.008640759420577692,0.0,0.0,-0.008640759420577692,0.2,1.0353501192852588,1.0308449532950261,-0.08668068983468746
2022-09-06,finance_sentiment,Finance-VADER tilt,minimum_variance,False,-0.002691227086008412,0.0,0.0,-0.002691227086008412,0.2,1.0325637570007362,1.0280707154352435,-0.08913863950037881
2022-09-07,finance_sentiment,Finance-VADER tilt,minimum_variance,False,0.015920969031157767,0.0,0.0,0.015920969031157767,0.2,1.0490031725986408,1.044438597457528,-0.07463684398818626
2022-09-08,finance_sentiment,Finance-VADER tilt,minimum_variance,False,0.0013244616966017753,0.0,0.0,0.0013244616966017753,0.2,1.0503925371203615,1.045821916374313,-0.07341123593260213
2022-09-09,finance_sentiment,Finance-VADER tilt,minimum_variance,False,0.010141874348633317,0.0,0.0,0.010141874348633317,0.2,1.0610454862485783,1.0564285108412281,-0.06401388911457517
2022-09-12,finance_sentiment,Finance-VADER tilt,minimum_variance,False,0.009266300184274481,0.0,0.0,0.009266300184274481,0.2,1.070877452233327,1.066217694545909,-0.055340760842799264
2022-09-13,finance_sentiment,Finance-VADER tilt,minimum_variance,False,-0.028231895321094803,0.0,0.0,-0.028231895321094803,0.2,1.040644552100155,1.03611634820399,-0.08201028159679036
2022-09-14,finance_sentiment,Finance-VADER tilt,minimum_variance,False,0.005798807234701437,0.0,0.0,0.005798807234701437,0.2,1.0466790492576261,1.0421245871799476,-0.07668703617633232
2022-09-15,finance_sentiment,Finance-VADER tilt,minimum_variance,False,-0.012490675065290197,0.0,0.0,-0.012490675065290197,0.2,1.0336053213557022,1.0291077475839332,-0.08821983839102376
2022-09-16,finance_sentiment,Finance-VADER tilt,minimum_variance,False,-0.0012898929643730885,0.0,0.0,-0.0012898929643730885,0.2,1.032272081123747,1.0277803087407429,-0.08939593720653816
2022-09-19,finance_sentiment,Finance-VADER tilt,minimum_variance,False,0.004232252310664778,0.0,0.0,0.004232252310664778,0.2,1.0366409170243176,1.0321301343272666,-0.08554203105767977
2022-09-20,finance_sentiment,Finance-VADER tilt,minimum_variance,False,-0.012970041335261867,0.0,0.0,-0.012970041335261867,0.2,1.0231956414806884,1.0187433638216725,-0.09740258871422136
2022-09-21,finance_sentiment,Finance-VADER tilt,minimum_variance,False,-0.012484881024059324,0.0,0.0,-0.012484881024059324,0.2,1.010421165632466,1.006024474130309,-0.10867141000674818
2022-09-22,finance_sentiment,Finance-VADER tilt,minimum_variance,False,0.0013895614293566434,0.0,0.0,0.0013895614293566434,0.2,1.0118252079116343,1.0074224069365494,-0.10743285417721071
2022-09-23,finance_sentiment,Finance-VADER tilt,minimum_variance,False,-0.018520359688230653,0.0,0.0,-0.018520359688230653,0.2,0.9930858411194922,0.9887645816021015,-0.12396351876374612
2022-09-26,finance_sentiment,Finance-VADER tilt,minimum_variance,False,-0.01204227426966123,0.0,0.0,-0.01204227426966123,0.2,0.981126829047414,0.9768576073223222,-0.13451299034102193
2022-09-27,finance_sentiment,Finance-VADER tilt,minimum_variance,False,-0.007105066275297818,0.0,0.0,-0.007105066275297818,0.2,0.9741558579025593,0.9699169692807682,-0.14066233290505836
2022-09-28,finance_sentiment,Finance-VADER tilt,minimum_variance,False,0.022095177522575227,0.0,0.0,0.022095177522575227,0.2,0.995680004517573,0.991347456899185,-0.1216751145987599
2022-09-29,finance_sentiment,Finance-VADER tilt,minimum_variance,False,-0.017398871292290286,0.0,0.0,-0.017398871292290286,0.2,0.9783562962706647,0.9740991300906567,-0.13695697623267167
2022-09-30,finance_sentiment,Finance-VADER tilt,minimum_variance,False,-0.016423625124565515,0.0,0.0,-0.016423625124565515,0.2,0.9622881392224569,0.9581008911438824,-0.1511312713213978
2022-10-03,finance_sentiment,Finance-VADER tilt,minimum_variance,True,0.02543590083373745,0.2047793119252943,0.0002047793119252943,0.025231121521812158,0.2,0.9867648049052011,0.9822748511584902,-0.1297133612720418
2022-10-04,finance_sentiment,Finance-VADER tilt,minimum_variance,False,0.021567857169394494,0.0,0.0,0.021567857169394494,0.2,1.008047207277182,1.0034604148493647,-0.11094314335152489
2022-10-05,finance_sentiment,Finance-VADER tilt,minimum_variance,False,-0.004160619263723649,0.0,0.0,-0.004160619263723649,0.2,1.0038531066478418,0.9992853981169583,-0.11464217043584213
2022-10-06,finance_sentiment,Finance-VADER tilt,minimum_variance,False,-0.008674564627291863,0.0,0.0,-0.008674564627291863,0.2,0.9951451179979174,0.9906170323498836,-0.12232226414667524
2022-10-07,finance_sentiment,Finance-VADER tilt,minimum_variance,False,-0.013875694964093147,0.0,0.0,-0.013875694964093147,0.2,0.9813367878955718,0.9768715325827615,-0.13450065268615186
2022-10-10,finance_sentiment,Finance-VADER tilt,minimum_variance,False,0.00023459973817353472,0.0,0.0,0.00023459973817353472,0.2,0.9815670092490723,0.9771007063885346,-0.13429760676588265
2022-10-11,finance_sentiment,Finance-VADER tilt,minimum_variance,False,0.012600476298518766,0.0,0.0,0.012600476298518766,0.2,0.9939352210845231,0.9894126406806494,-0.12338934427836512
2022-10-12,finance_sentiment,Finance-VADER tilt,minimum_variance,False,-0.004539387361718784,0.0,0.0,-0.004539387361718784,0.2,0.9894233641035649,0.9849213134440189,-0.12736861961009582
2022-10-13,finance_sentiment,Finance-VADER tilt,minimum_variance,False,0.020182916012318565,0.0,0.0,0.020182916012318565,0.2,1.009392812761893,1.004799897592002,-0.10975637374997282
2022-10-14,finance_sentiment,Finance-VADER tilt,minimum_variance,False,-0.012309309807491866,0.0,0.0,-0.012309309807491866,0.2,0.9969678839121512,0.992431504358006,-0.12071465834962936
2022-10-17,finance_sentiment,Finance-VADER tilt,minimum_variance,False,0.012244990629278696,0.0,0.0,0.012244990629278696,0.2,1.0091757463083473,1.0045838188290708,-0.10994781758065841
2022-10-18,finance_sentiment,Finance-VADER tilt,minimum_variance,False,0.01094635301051065,0.0,0.0,0.01094635301051065,0.2,1.0202225402770841,1.0155803479386207,-0.10020499219412082
2022-10-19,finance_sentiment,Finance-VADER tilt,minimum_variance,False,-0.006715925040007848,0.0,0.0,-0.006715925040007848,0.2,1.0133708021724568,1.00875978644976,-0.10624794801791837
2022-10-20,finance_sentiment,Finance-VADER tilt,minimum_variance,False,-0.0032335170428553226,0.0,0.0,-0.0032335170428553226,0.2,1.0100940504129001,1.0054979444881276,-0.10913791051008925
2022-10-21,finance_sentiment,Finance-VADER tilt,minimum_variance,False,0.02058738481697012,0.0,0.0,0.02058738481697012,0.2,1.0308892453300826,1.0261985176039772,-0.09079738985491037
2022-10-24,finance_sentiment,Finance-VADER tilt,minimum_variance,False,0.016901633296865747,0.0,0.0,0.016901633296865747,0.2,1.0483129573243344,1.0435429486383068,-0.07543038074568498
2022-10-25,finance_sentiment,Finance-VADER tilt,minimum_variance,False,0.009154369536983205,0.0,0.0,0.009154369536983205,0.2,1.057909601526089,1.0530959264178548,-0.06696652878836318
2022-10-26,finance_sentiment,Finance-VADER tilt,minimum_variance,False,0.011786822821516187,0.0,0.0,0.011786822821516187,0.2,1.0703789945604576,1.0655085815166023,-0.05596902857664754
2022-10-27,finance_sentiment,Finance-VADER tilt,minimum_variance,False,0.0018027763406248678,0.0,0.0,0.0018027763406248678,0.2,1.0723086484873532,1.0674294551780934,-0.05426715187654829
2022-10-28,finance_sentiment,Finance-VADER tilt,minimum_variance,False,0.021881274465402563,0.0,0.0,0.021881274465402563,0.2,1.09577212833653,1.0907861720593004,-0.03357331185581214
2022-10-31,finance_sentiment,Finance-VADER tilt,minimum_variance,False,-0.006804284064741049,0.0,0.0,-0.006804284064741049,0.2,1.0883161835051023,1.0833641530907174,-0.040149153569692064
2022-11-01,finance_sentiment,Finance-VADER tilt,minimum_variance,True,-0.0005781242557795058,0.11146373731299573,0.00011146373731299573,-0.0006895879930925015,0.2,1.0876870015214606,1.0826170781785993,-0.040811055188549994
2022-11-02,finance_sentiment,Finance-VADER tilt,minimum_variance,False,-0.012054097719944897,0.0,0.0,-0.012054097719944897,0.2,1.074575916116407,1.0695671061249532,-0.05237321246119808
2022-11-03,finance_sentiment,Finance-VADER tilt,minimum_variance,False,-0.002386831995765096,0.0,0.0,-0.002386831995765096,0.2,1.0720110839379418,1.0670142291344362,-0.054635038397739866
2022-11-04,finance_sentiment,Finance-VADER tilt,minimum_variance,False,0.013205293862709524,0.0,0.0,0.013205293862709524,0.2,1.0861673053254242,1.081104465585849,-0.04215121627227281
2022-11-07,finance_sentiment,Finance-VADER tilt,minimum_variance,False,0.010704142868037994,0.0,0.0,0.010704142868037994,0.2,1.0977937953402193,1.0926767622407538,-0.03189826604527479
2022-11-08,finance_sentiment,Finance-VADER tilt,minimum_variance,False,0.005369022445621891,0.0,0.0,0.005369022445621891,0.2,1.1036878748680654,1.098543368303034,-0.026700506106026367
2022-11-09,finance_sentiment,Finance-VADER tilt,minimum_variance,False,-0.011388137957198669,0.0,0.0,-0.011388137957198669,0.2,1.0911189250873805,1.0860330048728333,-0.037784575016162614
2022-11-10,finance_sentiment,Finance-VADER tilt,minimum_variance,False,0.024758961548756425,0.0,0.0,0.024758961548756425,0.2,1.1181338965987395,1.1129220542811602,-0.013961120307367403
2022-11-11,finance_sentiment,Finance-VADER tilt,minimum_variance,False,-0.0021864909960523926,0.0,0.0,-0.0021864909960523926,0.2,1.1156891069014454,1.1104886602301662,-0.01611708543957302
2022-11-14,finance_sentiment,Finance-VADER tilt,minimum_variance,False,-0.003058059355026377,0.0,0.0,-0.003058059355026377,0.2,1.1122772633907845,1.1070927199940988,-0.01912585779069509
2022-11-15,finance_sentiment,Finance-VADER tilt,minimum_variance,False,0.008057177545621018,0.0,0.0,0.008057177545621018,0.2,1.1212390787818816,1.1160127625985559,-0.011222780677005773
2022-11-16,finance_sentiment,Finance-VADER tilt,minimum_variance,False,-0.0020326209225450106,0.0,0.0,-0.0020326209225450106,0.2,1.1189600247711744,1.113744331707471,-0.013232589940737505
2022-11-17,finance_sentiment,Finance-VADER tilt,minimum_variance,False,0.0022915953739209363,0.0,0.0,0.0022915953739209363,0.2,1.1215242283875424,1.1162965830657423,-0.010971318308709788
2022-11-18,finance_sentiment,Finance-VADER tilt,minimum_variance,False,0.008421401883034224,0.0,0.0,0.008421401883034224,0.2,1.1309690346363537,1.1256973652123967,-0.002642310306340101
2022-11-21,finance_sentiment,Finance-VADER tilt,minimum_variance,False,0.003995875895380418,0.0,0.0,0.003995875895380418,0.2,1.1354882465402787,1.1301955121795422,0.0
2022-11-22,finance_sentiment,Finance-VADER tilt,minimum_variance,False,0.009829465055544124,0.0,0.0,0.009829465055544124,0.2,1.1466494885806275,1.1413047294724439,0.0
2022-11-23,finance_sentiment,Finance-VADER tilt,minimum_variance,False,0.00015131378279761994,0.0,0.0,0.00015131378279761994,0.2,1.1468229924522875,1.141477424608385,0.0
2022-11-25,finance_sentiment,Finance-VADER tilt,minimum_variance,False,0.0014657581231290661,0.0,0.0,0.0014657581231290661,0.2,1.1485039575692655,1.143150554415873,0.0
2022-11-28,finance_sentiment,Finance-VADER tilt,minimum_variance,False,-0.011932741321778411,0.0,0.0,-0.011932741321778411,0.2,1.1347991569365525,1.1295096345581808,-0.011932741321778573
2022-11-29,finance_sentiment,Finance-VADER tilt,minimum_variance,False,0.0032146201844695586,0.0,0.0,0.0032146201844695586,0.2,1.13844710521176,1.1331405790279845,-0.008756480368417918
2022-11-30,finance_sentiment,Finance-VADER tilt,minimum_variance,False,0.0182972734686909,0.0,0.0,0.0182972734686909,0.2,1.159277583225459,1.1538739620809302,0.0
2022-12-01,finance_sentiment,Finance-VADER tilt,minimum_variance,True,0.0016251690675121895,0.10356661968603531,0.00010356661968603532,0.0015216024478261541,0.2,1.1611616052943772,1.1556296995261155,0.0
2022-12-02,finance_sentiment,Finance-VADER tilt,minimum_variance,False,0.0030155127499014276,0.0,0.0,0.0030155127499014276,0.2,1.1646631029198384,1.1591145156192013,0.0
2022-12-05,finance_sentiment,Finance-VADER tilt,minimum_variance,False,-0.010045571063918944,0.0,0.0,-0.010045571063918944,0.2,1.1529633969539328,1.1474705483813288,-0.01004557106391879
2022-12-06,finance_sentiment,Finance-VADER tilt,minimum_variance,False,-0.0073566686775793574,0.0,0.0,-0.0073566686775793574,0.2,1.1444814272451662,1.1390289877396071,-0.017328337803503735
2022-12-07,finance_sentiment,Finance-VADER tilt,minimum_variance,False,0.002235844759257484,0.0,0.0,0.002235844759257484,0.2,1.1470403100463398,1.141575679732487,-0.015131236517511026
2022-12-08,finance_sentiment,Finance-VADER tilt,minimum_variance,False,0.005433178530769848,0.0,0.0,0.005433178530769848,0.2,1.153272384832811,1.1477780642068585,-0.009780268696132133
2022-12-09,finance_sentiment,Finance-VADER tilt,minimum_variance,False,-0.014769544562329501,0.0,0.0,-0.014769544562329501,0.2,1.1362390769525188,1.130825904939891,-0.02440536314412256
2022-12-12,finance_sentiment,Finance-VADER tilt,minimum_variance,False,0.00873319750757569,0.0,0.0,0.00873319750757569,0.2,1.1461620772273706,1.140701630914414,-0.015885302493128695
2022-12-13,finance_sentiment,Finance-VADER tilt,minimum_variance,False,0.003466973673332979,0.0,0.0,0.003466973673332979,0.2,1.1501357909744907,1.1446564134379222,-0.012473402745332263
2022-12-14,finance_sentiment,Finance-VADER tilt,minimum_variance,False,-0.0009780518482990334,0.0,0.0,-0.0009780518482990334,0.2,1.1490108985383332,1.143536880117092,-0.013439254959021651
2022-12-15,finance_sentiment,Finance-VADER tilt,minimum_variance,False,-0.01454759335705261,0.0,0.0,-0.01454759335705261,0.2,1.1322955552235758,1.1269011705963559,-0.02779133949990875
2022-12-16,finance_sentiment,Finance-VADER tilt,minimum_variance,False,-0.007560714001556005,0.0,0.0,-0.007560714001556005,0.2,1.1237345923652973,1.1183809931374582,-0.03514193113178565
2022-12-19,finance_sentiment,Finance-VADER tilt,minimum_variance,False,-0.001238427084695635,0.0,0.0,-0.001238427084695635,0.2,1.1223429290101026,1.116995959824548,-0.03633683749715921
2022-12-20,finance_sentiment,Finance-VADER tilt,minimum_variance,False,0.0003683259732981644,0.0,0.0,0.0003683259732981644,0.2,1.1227563170618045,1.1174073784486205,-0.035981895324898816
2022-12-21,finance_sentiment,Finance-VADER tilt,minimum_variance,False,0.011337370616637017,0.0,0.0,0.011337370616637017,0.2,1.1354854215405046,1.1300758400278574,-0.025052464791049056
2022-12-22,finance_sentiment,Finance-VADER tilt,minimum_variance,False,-0.004594047905116949,0.0,0.0,-0.004594047905116949,0.2,1.1302689471183855,1.1248842174823541,-0.029531420472774683
2022-12-23,finance_sentiment,Finance-VADER tilt,minimum_variance,False,0.00549489161666572,0.0,0.0,0.00549489161666572,0.2,1.1364796524804839,1.1310653343387176,-0.024198800810892984
2022-12-27,finance_sentiment,Finance-VADER tilt,minimum_variance,False,0.0026984765845963184,0.0,0.0,0.0026984765845963184,0.2,1.1395464162115727,1.1341174876590792,-0.021565624123660143
2022-12-28,finance_sentiment,Finance-VADER tilt,minimum_variance,False,-0.010419796660889793,0.0,0.0,-0.010419796660889793,0.2,1.1276725742690024,1.1223002140481124,-0.0317607113663162
2022-12-29,finance_sentiment,Finance-VADER tilt,minimum_variance,False,0.00729490458450454,0.0,0.0,0.00729490458450454,0.2,1.1358988381008575,1.1304872870247624,-0.02469749814076494
2022-12-30,finance_sentiment,Finance-VADER tilt,minimum_variance,False,-0.0005386687086729632,0.0,0.0,-0.0005386687086729632,0.2,1.1352869649405546,1.1298783288976897,-0.025222863080006874
2023-01-03,finance_sentiment,Finance-VADER tilt,minimum_variance,True,-8.259285073862433e-05,0.07730975969300029,7.73097596930003e-05,-0.00015990261043162464,0.2,1.1351931983537138,1.1296976584034288,-0.025378732488789413
2023-01-04,finance_sentiment,Finance-VADER tilt,minimum_variance,False,0.0074041995678657095,0.0,0.0,0.0074041995678657095,0.2,1.1435983953424085,1.1380621653175984,-0.018162442121050226
2023-01-05,finance_sentiment,Finance-VADER tilt,minimum_variance,False,-0.0007570726178527034,0.0,0.0,-0.0007570726178527034,0.2,1.1427326083114744,1.1372005696148222,-0.018905764451299878
2023-01-06,finance_sentiment,Finance-VADER tilt,minimum_variance,False,0.015530561608992736,0.0,0.0,0.015530561608992736,0.2,1.1604798874874607,1.1548619331230068,-0.0036688199818831757
2023-01-09,finance_sentiment,Finance-VADER tilt,minimum_variance,False,-0.013898393380736934,0.0,0.0,-0.013898393380736934,0.2,1.1443510815007265,1.1388112076760248,-0.017516222659268887
2023-01-10,finance_sentiment,Finance-VADER tilt,minimum_variance,False,0.0024245142640879915,0.0,0.0,0.0024245142640879915,0.2,1.1471255770209494,1.1415722716931387,-0.015134176726871118
2023-01-11,finance_sentiment,Finance-VADER tilt,minimum_variance,False,0.0024907161227803623,0.0,0.0,0.0024907161227803623,0.2,1.149982741190489,1.1444156041555638,-0.012681155542069389
2023-01-12,finance_sentiment,Finance-VADER tilt,minimum_variance,False,-0.0034978092255105696,0.0,0.0,-0.0034978092255105696,0.2,1.145960320949175,1.1404126566975301,-0.016134608504734915
2023-01-13,finance_sentiment,Finance-VADER tilt,minimum_variance,False,0.0024956749003299597,0.0,0.0,0.0024956749003299597,0.2,1.148820265358942,1.1432587559408687,-0.013679200341876863
2023-01-17,finance_sentiment,Finance-VADER tilt,minimum_variance,False,-0.004335941450691748,0.0,0.0,-0.004335941450691748,0.2,1.1438390479509777,1.1383016529121184,-0.017955829580794003
2023-01-18,finance_sentiment,Finance-VADER tilt,minimum_variance,False,-0.018075080585673784,0.0,0.0,-0.018075080585673784,0.2,1.1231640649822234,1.1177267588049262,-0.03570635709981218
2023-01-19,finance_sentiment,Finance-VADER tilt,minimum_variance,False,-0.0018516432253531138,0.0,0.0,-0.0018516432253531138,0.2,1.121084365850339,1.1156571276241891,-0.037491884890939464
2023-01-20,finance_sentiment,Finance-VADER tilt,minimum_variance,False,0.008390422996541448,0.0,0.0,0.008390422996541448,0.2,1.130490737894633,1.1250179628440624,-0.0294160346675707
2023-01-23,finance_sentiment,Finance-VADER tilt,minimum_variance,False,0.002341375103031864,0.0,0.0,0.002341375103031864,0.2,1.1331376407625475,1.127652051892729,-0.027143533535739506
2023-01-24,finance_sentiment,Finance-VADER tilt,minimum_variance,False,-0.00018036294802804538,0.0,0.0,-0.00018036294802804538,0.2,1.132933264717138,1.1274486652442999,-0.027319000796039106
2023-01-25,finance_sentiment,Finance-VADER tilt,minimum_variance,False,0.0006592181941256885,0.0,0.0,0.0006592181941256885,0.2,1.1336801149379696,1.1281918999173715,-0.026677791784283644
2023-01-26,finance_sentiment,Finance-VADER tilt,minimum_variance,False,0.0034747261652987647,0.0,0.0,0.0034747261652987647,0.2,1.1376193428964234,1.1321120578314925,-0.023295763640130085
2023-01-27,finance_sentiment,Finance-VADER tilt,minimum_variance,False,-0.006437709980038435,0.0,0.0,-0.006437709980038435,0.2,1.1302956794991743,1.124823848738269,-0.029583502250089766
2023-01-30,finance_sentiment,Finance-VADER tilt,minimum_variance,False,-0.005325882250462654,0.0,0.0,-0.005325882250462654,0.2,1.1242758578019552,1.1188331693673768,-0.03475182625101214
2023-01-31,finance_sentiment,Finance-VADER tilt,minimum_variance,False,0.007271297416264701,0.0,0.0,0.007271297416264701,0.2,1.1324508019419595,1.126968538101029,-0.02773321969917686
2023-02-01,finance_sentiment,Finance-VADER tilt,minimum_variance,True,-0.011421135243964134,0.05720210037890298,5.7202100378902976e-05,-0.011478337344343037,0.2,1.1195169281758446,1.1140328130442443,-0.03889322579216803
2023-02-02,finance_sentiment,Finance-VADER tilt,minimum_variance,False,-0.01137095409825993,0.0,0.0,-0.01137095409825993,0.2,1.106786952573332,1.1013651970631628,-0.049821926805211914
2023-02-03,finance_sentiment,Finance-VADER tilt,minimum_variance,False,-0.00702160404138258,0.0,0.0,-0.00702160404138258,0.2,1.0990155328341935,1.093631846744426,-0.05649370100398965
2023-02-06,finance_sentiment,Finance-VADER tilt,minimum_variance,False,0.000673339302102612,0.0,0.0,0.000673339302102612,0.2,1.099755543186072,1.09436823204887,-0.055858401131094304
2023-02-07,finance_sentiment,Finance-VADER tilt,minimum_variance,False,0.004960573659161941,0.0,0.0,0.004960573659161941,0.2,1.1052109615651182,1.0997969262741953,-0.05117491718522604
2023-02-08,finance_sentiment,Finance-VADER tilt,minimum_variance,False,-0.00888413231877802,0.0,0.0,-0.00888413231877802,0.2,1.0953921211424098,1.09002618485739,-0.05960440476832796
2023-02-09,finance_sentiment,Finance-VADER tilt,minimum_variance,False,-0.002189228325963588,0.0,0.0,-0.002189228325963588,0.2,1.0929940576827675,1.0876398686574582,-0.06166314544302054
2023-02-10,finance_sentiment,Finance-VADER tilt,minimum_variance,False,0.01313914983276011,0.0,0.0,0.01313914983276011,0.2,1.107355070372978,1.1019305318558321,-0.04933419691739549
2023-02-13,finance_sentiment,Finance-VADER tilt,minimum_variance,False,0.007622914340317461,0.0,0.0,0.007622914340317461,0.2,1.1157963432187474,1.1103304539091496,-0.04208735293422772
2023-02-14,finance_sentiment,Finance-VADER tilt,minimum_variance,False,-0.008266741367030133,0.0,0.0,-0.008266741367030133,0.2,1.1065723434310801,1.1011516392147456,-0.050006169039727544
2023-02-15,finance_sentiment,Finance-VADER tilt,minimum_variance,False,-0.0006538057973076094,0.0,0.0,-0.0006538057973076094,0.2,1.1058488600178047,1.1004316998893122,-0.05062728051381582
2023-02-16,finance_sentiment,Finance-VADER tilt,minimum_variance,False,-0.010954292515783996,0.0,0.0,-0.010954292515783996,0.2,1.0937350681269233,1.0883772491550834,-0.06102698698957276
2023-02-17,finance_sentiment,Finance-VADER tilt,minimum_variance,False,0.00982576563332651,0.0,0.0,0.00982576563332651,0.2,1.104481852571289,1.0990713889259258,-0.05180085822771385
2023-02-21,finance_sentiment,Finance-VADER tilt,minimum_variance,False,-0.0054420236753731045,0.0,0.0,-0.0054420236753731045,0.2,1.0984712361805762,1.0930902164064658,-0.05696098040620712
2023-02-22,finance_sentiment,Finance-VADER tilt,minimum_variance,False,-0.004947202699066741,0.0,0.0,-0.004947202699066741,0.2,1.0930368763160965,1.0876824775375362,-0.06162638558926681
2023-02-23,finance_sentiment,Finance-VADER tilt,minimum_variance,False,0.00110788313761089,0.0,0.0,0.00110788313761089,0.2,1.0942478334401537,1.0888875026134748,-0.060586777285082216
2023-02-24,finance_sentiment,Finance-VADER tilt,minimum_variance,False,-0.00598121582922965,0.0,0.0,-0.00598121582922965,0.2,1.0877029009776813,1.0823746314465927,-0.06620561052297236
2023-02-27,finance_sentiment,Finance-VADER tilt,minimum_variance,False,-0.0006709425197866685,0.0,0.0,-0.0006709425197866685,0.2,1.08697311485252,1.0816484202840166,-0.06683213288361078
2023-02-28,finance_sentiment,Finance-VADER tilt,minimum_variance,False,-0.008421751823708898,0.0,0.0,-0.008421751823708898,0.2,1.0778188970401883,1.0725390457278778,-0.07469104107032487
2023-03-01,finance_sentiment,Finance-VADER tilt,minimum_variance,True,-0.003922007292870818,0.11329208691381035,0.00011329208691381035,-0.004035299379784628,0.2,1.0735916834656027,1.0682110295818574,-0.07842493973840281
2023-03-02,finance_sentiment,Finance-VADER tilt,minimum_variance,False,0.0071275926246345475,0.0,0.0,0.0071275926246345475,0.2,1.0812438076305413,1.0758248026378583,-0.0718563281358352
2023-03-03,finance_sentiment,Finance-VADER tilt,minimum_variance,False,0.006584318623840099,0.0,0.0,0.006584318623840099,0.2,1.0883630613700348,1.0829083759218558,-0.0657451344715807
2023-03-06,finance_sentiment,Finance-VADER tilt,minimum_variance,False,0.0052160520662972954,0.0,0.0,0.0052160520662972954,0.2,1.0940400197651756,1.0885568823936937,-0.06087201244979279
2023-03-07,finance_sentiment,Finance-VADER tilt,minimum_variance,False,-0.011268855045169045,0.0,0.0,-0.011268855045169045,0.2,1.081711441368828,1.076290092677578,-0.0714549096103575
2023-03-08,finance_sentiment,Finance-VADER tilt,minimum_variance,False,-0.004105570418021949,0.0,0.0,-0.004105570418021949,0.2,1.0772703988743082,1.071871307911871,-0.07526711686526066
2023-03-09,finance_sentiment,Finance-VADER tilt,minimum_variance,False,-0.01220626267029782,0.0,0.0,-0.01220626267029782,0.2,1.064120953418712,1.058787765178743,-0.08655464933666512
2023-03-10,finance_sentiment,Finance-VADER tilt,minimum_variance,False,-0.004367048477301878,0.0,0.0,-0.004367048477301878,0.2,1.0594738856294197,1.0541639876810334,-0.09054370946437773
2023-03-13,finance_sentiment,Finance-VADER tilt,minimum_variance,False,0.007589263935132005,0.0,0.0,0.007589263935132005,0.2,1.0675145125798413,1.062164316414456,-0.0836416056380368
2023-03-14,finance_sentiment,Finance-VADER tilt,minimum_variance,False,0.008135989365817102,0.0,0.0,0.008135989365817102,0.2,1.0761997993020462,1.0708060739975545,-0.07618612348623066
2023-03-15,finance_sentiment,Finance-VADER tilt,minimum_variance,False,0.0015897037984312417,0.0,0.0,0.0015897037984312417,0.2,1.0779106382108676,1.0725083384807714,-0.07471753305769335
2023-03-16,finance_sentiment,Finance-VADER tilt,minimum_variance,False,0.0027340778048760587,0.0,0.0,0.0027340778048760587,0.2,1.0808577297624398,1.0754406597245563,-0.07218773880158535
2023-03-17,finance_sentiment,Finance-VADER tilt,minimum_variance,False,-0.00964393855820666,0.0,0.0,-0.00964393855820666,0.2,1.070434004226448,1.0650691760791755,-0.08113550324213359
2023-03-20,finance_sentiment,Finance-VADER tilt,minimum_variance,False,0.012030083279594313,0.0,0.0,0.012030083279594313,0.2,1.0833114144426017,1.077882046965937,-0.07008148682347393
2023-03-21,finance_sentiment,Finance-VADER tilt,minimum_variance,False,-0.0011460478135351662,0.0,0.0,-0.0011460478135351662,0.2,1.0820698877647021,1.0766467426027628,-0.07114721790226575
2023-03-22,finance_sentiment,Finance-VADER tilt,minimum_variance,False,-0.015359547232837584,0.0,0.0,-0.015359547232837584,0.2,1.0654497842143489,1.060109936106675,-0.08541397608124834
2023-03-23,finance_sentiment,Finance-VADER tilt,minimum_variance,False,0.0045920210570460805,0.0,0.0,0.0045920210570460805,0.2,1.0703423520586863,1.0649779832560606,-0.08121417780093343
2023-03-24,finance_sentiment,Finance-VADER tilt,minimum_variance,False,0.017289941711159152,0.0,0.0,0.017289941711159152,0.2,1.088848508936766,1.0833913905102257,-0.06532842449007226
2023-03-27,finance_sentiment,Finance-VADER tilt,minimum_variance,False,0.004378193877718108,0.0,0.0,0.004378193877718108,0.2,1.0936156988123555,1.08813468806333,-0.061236251120497576
2023-03-28,finance_sentiment,Finance-VADER tilt,minimum_variance,False,0.00030513925462523676,0.0,0.0,0.00030513925462523676,0.2,1.0939494038915376,1.0884667206709775,-0.06094979744989526
2023-03-29,finance_sentiment,Finance-VADER tilt,minimum_variance,False,0.007756393975054915,0.0,0.0,0.007756393975054915,0.2,1.1024345064568968,1.0969092973852377,-0.053666154116561504
2023-03-30,finance_sentiment,Finance-VADER tilt,minimum_variance,False,0.003949438758481848,0.0,0.0,0.003949438758481848,0.2,1.1067885040253853,1.10124147347887,-0.04992866654716632
2023-03-31,finance_sentiment,Finance-VADER tilt,minimum_variance,False,0.008019701119226782,0.0,0.0,0.008019701119226782,0.2,1.115664617029865,1.1100731009562674,-0.04230937841092941
2023-04-03,finance_sentiment,Finance-VADER tilt,minimum_variance,True,0.007900771962586782,0.08613810531048227,8.613810531048228e-05,0.0078146338572763,0.2,1.1244792287557446,1.118747915795052,-0.03482537685466347
2023-04-04,finance_sentiment,Finance-VADER tilt,minimum_variance,False,0.005387000314859212,0.0,0.0,0.005387000314859212,0.2,1.1305367987151045,1.1247746111696881,-0.029625980855885303
2023-04-05,finance_sentiment,Finance-VADER tilt,minimum_variance,False,0.01298586129579136,0.0,0.0,0.01298586129579136,0.2,1.145217792773007,1.1393807782593655,-0.017024838438240097
2023-04-06,finance_sentiment,Finance-VADER tilt,minimum_variance,False,0.00015538214026244047,0.0,0.0,0.00015538214026244047,0.2,1.1453957391647147,1.1395578176832653,-0.01687210165381181
2023-04-10,finance_sentiment,Finance-VADER tilt,minimum_variance,False,-0.0014681012776949665,0.0,0.0,-0.0014681012776949665,0.2,1.1437141822165806,1.1378848313951173,-0.01831543297751137
2023-04-11,finance_sentiment,Finance-VADER tilt,minimum_variance,False,-0.00029353459204621655,0.0,0.0,-0.00029353459204621655,0.2,1.1433784625406862,1.1375508228353381,-0.01860359135641032
2023-04-12,finance_sentiment,Finance-VADER tilt,minimum_variance,False,0.0009539364614331461,0.0,0.0,0.0009539364614331461,0.2,1.144469172945321,1.138635974041974,-0.017667401539085748
2023-04-13,finance_sentiment,Finance-VADER tilt,minimum_variance,False,0.0083792777832151,0.0,0.0,0.0083792777832151,0.2,1.1540589980597562,1.1481769211624333,-0.009436163821074373
2023-04-14,finance_sentiment,Finance-VADER tilt,minimum_variance,False,-0.005077667407623412,0.0,0.0,-0.005077667407623412,0.2,1.1481990702988336,1.1423468606316614,-0.014465917527210492
2023-04-17,finance_sentiment,Finance-VADER tilt,minimum_variance,False,0.0008939071705705743,0.0,0.0,0.0008939071705705743,0.2,1.149225453681016,1.1433680126816588,-0.013584941544046436
2023-04-18,finance_sentiment,Finance-VADER tilt,minimum_variance,False,-0.002156974180642345,0.0,0.0,-0.002156974180642345,0.2,1.1467466040496892,1.140901797399332,-0.015712613356532734
2023-04-19,finance_sentiment,Finance-VADER tilt,minimum_variance,False,0.0007193759350128254,0.0,0.0,0.0007193759350128254,0.2,1.1475715459602003,1.141722534696594,-0.015004540697444724
2023-04-20,finance_sentiment,Finance-VADER tilt,minimum_variance,False,-0.009409650708265951,0.0,0.0,-0.009409650708265951,0.2,1.1367732985499701,1.1309793244393431,-0.02427300391870968
2023-04-21,finance_sentiment,Finance-VADER tilt,minimum_variance,False,0.006593177827977902,0.0,0.0,0.006593177827977902,0.2,1.1442682470574073,1.138436072245138,-0.017839862321986977
2023-04-24,finance_sentiment,Finance-VADER tilt,minimum_variance,False,0.0006768697322861164,0.0,0.0,0.0006768697322861164,0.2,1.1450427675994566,1.1392066451645835,-0.017175067852534864
2023-04-25,finance_sentiment,Finance-VADER tilt,minimum_variance,False,-0.001396708164421692,0.0,0.0,-0.001396708164421692,0.2,1.1434434770173383,1.1376155059423185,-0.018547787459462506
2023-04-26,finance_sentiment,Finance-VADER tilt,minimum_variance,False,-0.018754458173710777,0.0,0.0,-0.018754458173710777,0.2,1.1219988141536141,1.1162801435183585,-0.03695439192904992
2023-04-27,finance_sentiment,Finance-VADER tilt,minimum_variance,False,0.0018794277111113663,0.0,0.0,0.0018794277111113663,0.2,1.1241075298167686,1.1183781113534503,-0.035144417326177235
2023-04-28,finance_sentiment,Finance-VADER tilt,minimum_variance,False,0.003762102366291351,0.0,0.0,0.003762102366291351,0.2,1.1283365374146581,1.1225855642925815,-0.03151453185547071
2023-05-01,finance_sentiment,Finance-VADER tilt,minimum_variance,True,-9.44744328685627e-06,0.09337473396324249,9.33747339632425e-05,-0.00010282217725009877,0.2,1.1283258775192124,1.1224701376007113,-0.03161411363994049
2023-05-02,finance_sentiment,Finance-VADER tilt,minimum_variance,False,-0.01173583078083281,0.0,0.0,-0.01173583078083281,0.2,1.1150840359550123,1.1092970180092911,-0.04297892653280899
2023-05-03,finance_sentiment,Finance-VADER tilt,minimum_variance,False,-0.008565033755618399,0.0,0.0,-0.008565033755618399,0.2,1.1055333035467065,1.0997958516050348,-0.051175844331893594
2023-05-04,finance_sentiment,Finance-VADER tilt,minimum_variance,False,0.00038108427363205973,0.0,0.0,0.00038108427363205973,0.2,1.1059546049026647,1.1002149665082872,-0.05081426236772635
2023-05-05,finance_sentiment,Finance-VADER tilt,minimum_variance,False,0.011253446837872765,0.0,0.0,0.011253446837872765,0.2,1.1184004062540374,1.11259617714412,-0.04013265113001463
2023-05-08,finance_sentiment,Finance-VADER tilt,minimum_variance,False,-0.0015092742878199746,0.0,0.0,-0.0015092742878199746,0.2,1.1167124332773908,1.1109169643412296,-0.04158135423938203
2023-05-09,finance_sentiment,Finance-VADER tilt,minimum_variance,False,-0.004582626765623162,0.0,0.0,-0.004582626765623162,0.2,1.1115949569911496,1.1058260465260545,-0.045973429178116976
2023-05-10,finance_sentiment,Finance-VADER tilt,minimum_variance,False,-0.0010531410359994994,0.0,0.0,-0.0010531410359994994,0.2,1.110424290726532,1.1046614557377807,-0.04697815370928349
2023-05-11,finance_sentiment,Finance-VADER tilt,minimum_variance,False,-0.002633623370784818,0.0,0.0,-0.002633623370784818,0.2,1.1074998513629875,1.1017521935111445,-0.04948805431654335
2023-05-12,finance_sentiment,Finance-VADER tilt,minimum_variance,False,0.0012920937615635117,0.0,0.0,0.0012920937615635117,0.2,1.108930845011866,1.103175760647169,-0.048259903761234235
2023-05-15,finance_sentiment,Finance-VADER tilt,minimum_variance,False,-0.002795844217878837,0.0,0.0,-0.002795844217878837,0.2,1.105830447120812,1.1000914530754595,-0.05092082080622684
2023-05-16,finance_sentiment,Finance-VADER tilt,minimum_variance,False,-0.016844998535571025,0.0,0.0,-0.016844998535571025,0.2,1.087202734858472,1.0815604141594093,-0.06690805818988688
2023-05-17,finance_sentiment,Finance-VADER tilt,minimum_variance,False,0.00028865068524247745,0.0,0.0,0.00028865068524247745,0.2,1.0875165566728864,1.0818726073140874,-0.06663872056148923
2023-05-18,finance_sentiment,Finance-VADER tilt,minimum_variance,False,-0.0004887142540247156,0.0,0.0,-0.0004887142540247156,0.2,1.0869850718301524,1.081343880749854,-0.06709486752290561
2023-05-19,finance_sentiment,Finance-VADER tilt,minimum_variance,False,-0.00016696528849919506,0.0,0.0,-0.00016696528849919506,0.2,1.08680358305404,1.0811633338568378,-0.06725063029749201
2023-05-22,finance_sentiment,Finance-VADER tilt,minimum_variance,False,-0.004984683459985858,0.0,0.0,-0.004984683459985858,0.2,1.081386211209337,1.0757740768690185,-0.07190009065296032
2023-05-23,finance_sentiment,Finance-VADER tilt,minimum_variance,False,-0.00324220364128086,0.0,0.0,-0.00324220364128086,0.2,1.0778801368977233,1.0722861982397982,-0.07490917955851772
2023-05-24,finance_sentiment,Finance-VADER tilt,minimum_variance,False,-0.006665098617786322,0.0,0.0,-0.006665098617786322,0.2,1.070695959487147,1.0651393049820388,-0.08107500110716914
2023-05-25,finance_sentiment,Finance-VADER tilt,minimum_variance,False,-0.014124120713318922,0.0,0.0,-0.014124120713318922,0.2,1.0555733205080877,1.0500951488619719,-0.09405400871801795
2023-05-26,finance_sentiment,Finance-VADER tilt,minimum_variance,False,7.997067582650664e-05,0.0,0.0,7.997067582650664e-05,0.2,1.0556577354199133,1.0501791256807085,-0.09398155960483279
2023-05-30,finance_sentiment,Finance-VADER tilt,minimum_variance,False,-0.0036835175439313013,0.0,0.0,-0.0036835175439313013,0.2,1.0517692016311073,1.046310772446993,-0.09731889442515373
2023-05-31,finance_sentiment,Finance-VADER tilt,minimum_variance,False,0.00617362204803861,0.0,0.0,0.00617362204803861,0.2,1.058262427163745,1.052770299700872,-0.09174608244942906
2023-06-01,finance_sentiment,Finance-VADER tilt,minimum_variance,True,-0.003202364522845733,0.14394638001080498,0.000143946380010805,-0.0033463109028565377,0.2,1.0548734851111352,1.0492474029687795,-0.09478538243629064
2023-06-02,finance_sentiment,Finance-VADER tilt,minimum_variance,False,0.007003746283722953,0.0,0.0,0.007003746283722953,0.2,1.0622615513622802,1.056596065568028,-0.08844548892255721
2023-06-05,finance_sentiment,Finance-VADER tilt,minimum_variance,False,0.0024094624264557798,0.0,0.0,0.0024094624264557798,0.2,1.064821030657356,1.0591418940879551,-0.0862491325784499
2023-06-06,finance_sentiment,Finance-VADER tilt,minimum_variance,False,-0.005995458552345179,0.0,0.0,-0.005995458552345179,0.2,1.0584369403023843,1.0527918527608984,-0.09172748803124531
2023-06-07,finance_sentiment,Finance-VADER tilt,minimum_variance,False,0.00455461201346829,0.0,0.0,0.00455461201346829,0.2,1.0632577099061842,1.0575869111811647,-0.08759065913672937
2023-06-08,finance_sentiment,Finance-VADER tilt,minimum_variance,False,0.006081664175521251,0.0,0.0,0.006081664175521251,0.2,1.0697240862298674,1.0640187996113952,-0.08204169193499034
2023-06-09,finance_sentiment,Finance-VADER tilt,minimum_variance,False,-0.0006426881582850033,0.0,0.0,-0.0006426881582850033,0.2,1.0690365872270151,1.0633349673286923,-0.08263165286938312
2023-06-12,finance_sentiment,Finance-VADER tilt,minimum_variance,False,-0.0023365265658652867,0.0,0.0,-0.0023365265658652867,0.2,1.0665387548410772,1.0608504569291153,-0.08477510838313773
2023-06-13,finance_sentiment,Finance-VADER tilt,minimum_variance,False,0.005401324653986804,0.0,0.0,0.005401324653986804,0.2,1.0722994769120326,1.0665804546563196,-0.0798316816121053
2023-06-14,finance_sentiment,Finance-VADER tilt,minimum_variance,False,-0.0011727580432188737,0.0,0.0,-0.0011727580432188737,0.2,1.0710419290757447,1.0653296138493813,-0.08091081640860998
2023-06-15,finance_sentiment,Finance-VADER tilt,minimum_variance,False,0.01116809339204988,0.0,0.0,0.01116809339204988,0.2,1.083003425366464,1.0772273144701676,-0.0706463425706384
2023-06-16,finance_sentiment,Finance-VADER tilt,minimum_variance,False,0.0007278904989362995,0.0,0.0,0.0007278904989362995,0.2,1.0837917332701037,1.078011417997565,-0.06996987487324391
2023-06-20,finance_sentiment,Finance-VADER tilt,minimum_variance,False,-0.008780934733493999,0.0,0.0,-0.008780934733493999,0.2,1.0742750287955587,1.0685454700941672,-0.0781364087021651
2023-06-21,finance_sentiment,Finance-VADER tilt,minimum_variance,False,-0.001988422777612264,0.0,0.0,-0.001988422777612264,0.2,1.0721389158588817,1.0664207499425176,-0.07996946326495324
2023-06-22,finance_sentiment,Finance-VADER tilt,minimum_variance,False,0.004418397239289442,0.0,0.0,0.004418397239289442,0.2,1.0768760514848474,1.0711326204399847,-0.075904402881381
2023-06-23,finance_sentiment,Finance-VADER tilt,minimum_variance,False,-0.006929427018061839,0.0,0.0,-0.006929427018061839,0.2,1.0694139174785846,1.0637102851199804,-0.08230785587932676
2023-06-26,finance_sentiment,Finance-VADER tilt,minimum_variance,False,0.004539292921262778,0.0,0.0,0.004539292921262778,0.2,1.0742683005040952,1.0685387776875002,-0.07814218242562121
2023-06-27,finance_sentiment,Finance-VADER tilt,minimum_variance,False,0.002313371420989434,0.0,0.0,0.002313371420989434,0.2,1.0767534820889564,1.0710107047580215,-0.07600958289622883
2023-06-28,finance_sentiment,Finance-VADER tilt,minimum_variance,False,-0.0023650519143997104,0.0,0.0,-0.0023650519143997104,0.2,1.0742069042048052,1.068477708840391,-0.07819486820108712
2023-06-29,finance_sentiment,Finance-VADER tilt,minimum_variance,False,0.0016633100981347446,0.0,0.0,0.0016633100981347446,0.2,1.075993643396055,1.070254918603137,-0.07666162041685365
2023-06-30,finance_sentiment,Finance-VADER tilt,minimum_variance,False,0.007526650586431812,0.0,0.0,0.007526650586431812,0.2,1.084092271583119,1.0783103534138727,-0.06971197506068916
2023-07-03,finance_sentiment,Finance-VADER tilt,minimum_variance,True,0.004845491607580419,0.12007347506837789,0.0001200734750683779,0.004725418132512041,0.2,1.0893452315869177,1.08340582071037,-0.0653159751591822
2023-07-05,finance_sentiment,Finance-VADER tilt,minimum_variance,False,0.0026161568514940377,0.0,0.0,0.0026161568514940377,0.2,1.092195129578176,1.0862401802711699,-0.06287069514361299
2023-07-06,finance_sentiment,Finance-VADER tilt,minimum_variance,False,-0.00839907687125084,0.0,0.0,-0.00839907687125084,0.2,1.0830216987264432,1.0771167654964309,-0.07074171621340375
2023-07-07,finance_sentiment,Finance-VADER tilt,minimum_variance,False,-0.011206399229223417,0.0,0.0,-0.011206399229223417,0.2,1.0708849251966028,1.065046165005788,-0.08115535552857922
2023-07-10,finance_sentiment,Finance-VADER tilt,minimum_variance,False,0.0027277115955168657,0.0,0.0,0.0027277115955168657,0.2,1.0738059904245258,1.0679513037798352,-0.07864901233737598
2023-07-11,finance_sentiment,Finance-VADER tilt,minimum_variance,False,0.010313827050260233,0.0,0.0,0.010313827050260233,0.2,1.084881039695298,1.0789659688251203,-0.06914635759803722
2023-07-12,finance_sentiment,Finance-VADER tilt,minimum_variance,False,4.003155202107766e-05,0.0,0.0,4.003155202107766e-05,0.2,1.0849244691670752,1.0790091615074302,-0.06910909408202748
2023-07-13,finance_sentiment,Finance-VADER tilt,minimum_variance,False,0.0018001724749481893,0.0,0.0,0.0018001724749481893,0.2,1.0868775203338674,1.0809515641001928,-0.06743332989601436
2023-07-14,finance_sentiment,Finance-VADER tilt,minimum_variance,False,6.672153843719777e-05,0.0,0.0,6.672153843719777e-05,0.2,1.0869500384741169,1.0810236868515255,-0.06737110761308995
2023-07-17,finance_sentiment,Finance-VADER tilt,minimum_variance,False,-0.005213184290867464,0.0,0.0,-0.005213184290867464,0.2,1.081283567608586,1.0753881111491754,-0.0722330739040905
2023-07-18,finance_sentiment,Finance-VADER tilt,minimum_variance,False,0.0019535192399328188,0.0,0.0,0.0019535192399328188,0.2,1.0833958758617326,1.0774889025147005,-0.07042066336378872
2023-07-19,finance_sentiment,Finance-VADER tilt,minimum_variance,False,0.006085344555167541,0.0,0.0,0.006085344555167541,0.2,1.0899887130559989,1.0840457937408718,-0.06476385280899322
2023-07-20,finance_sentiment,Finance-VADER tilt,minimum_variance,False,0.013337680253110388,0.0,0.0,0.013337680253110388,0.2,1.104526633990239,1.098504449917517,-0.052289972116608685
2023-07-21,finance_sentiment,Finance-VADER tilt,minimum_variance,False,0.006312961400334639,0.0,0.0,0.006312961400334639,0.2,1.1114994679962609,1.105439266107942,-0.046307115291870815
2023-07-24,finance_sentiment,Finance-VADER tilt,minimum_variance,False,0.0028535497811808678,0.0,0.0,0.0028535497811808678,0.2,1.1146711870599442,1.1085936920838528,-0.0435857051693983
2023-07-25,finance_sentiment,Finance-VADER tilt,minimum_variance,False,-0.0014258720331335579,0.0,0.0,-0.0014258720331335579,0.2,1.1130818085881755,1.107012979342202,-0.044949429564486554
2023-07-26,finance_sentiment,Finance-VADER tilt,minimum_variance,False,0.0009144744034801093,0.0,0.0,0.0009144744034801093,0.2,1.1140996934111087,1.108025314376131,-0.04407606026379407
2023-07-27,finance_sentiment,Finance-VADER tilt,minimum_variance,False,-0.004491569242645673,0.0,0.0,-0.004491569242645673,0.2,1.1090956374949423,1.1030485419540064,-0.048369658829821804
2023-07-28,finance_sentiment,Finance-VADER tilt,minimum_variance,False,0.0022051910846546913,0.0,0.0,0.0022051910846546913,0.2,1.1115414053067756,1.1054809747646648,-0.04627113208558642
2023-07-31,finance_sentiment,Finance-VADER tilt,minimum_variance,False,-0.003369398020770468,0.0,0.0,-0.003369398020770468,0.2,1.1077961798957305,1.1017561693562932,-0.04948462424548894
2023-08-01,finance_sentiment,Finance-VADER tilt,minimum_variance,True,-0.005660086024417265,0.07544508043534912,7.544508043534912e-05,-0.005735531104852614,0.2,1.1015259582199999,1.095437012576987,-0.05493633474876958
2023-08-02,finance_sentiment,Finance-VADER tilt,minimum_variance,False,-0.010414335343347415,0.0,0.0,-0.010414335343347415,0.2,1.0900542975016947,1.0840287641804955,-0.06477854467950894
2023-08-03,finance_sentiment,Finance-VADER tilt,minimum_variance,False,-0.005327264297490963,0.0,0.0,-0.005327264297490963,0.2,1.0842472901602873,1.0782538564476236,-0.06976071654868521
2023-08-04,finance_sentiment,Finance-VADER tilt,minimum_variance,False,-0.0005303222362315948,0.0,0.0,-0.0005303222362315948,0.2,1.0836722897127415,1.077682034451247,-0.07025404312571559
2023-08-07,finance_sentiment,Finance-VADER tilt,minimum_variance,False,0.01438298010124811,0.0,0.0,0.01438298010124811,0.2,1.0992587266919538,1.0931823137082317,-0.05688152552877701
2023-08-08,finance_sentiment,Finance-VADER tilt,minimum_variance,False,-0.0005329027661993141,0.0,0.0,-0.0005329027661993141,0.2,1.0986729286757309,1.0925997538292964,-0.05738411597267645
2023-08-09,finance_sentiment,Finance-VADER tilt,minimum_variance,False,0.0023141148754524904,0.0,0.0,0.0023141148754524904,0.2,1.1012153840432362,1.0951281551725485,-0.05520279453361099
2023-08-10,finance_sentiment,Finance-VADER tilt,minimum_variance,False,0.00010030421800851899,0.0,0.0,0.00010030421800851899,0.2,1.1013258405911917,1.0952380011457723,-0.05510802738873999
2023-08-11,finance_sentiment,Finance-VADER tilt,minimum_variance,False,0.005912881269740069,0.0,0.0,0.005912881269740069,0.2,1.107837849525904,1.1017140134086545,-0.04952099334195925
2023-08-14,finance_sentiment,Finance-VADER tilt,minimum_variance,False,-0.00018231799286246486,0.0,0.0,-0.00018231799286246486,0.2,1.1076358707527614,1.1015131511210214,-0.04969428276671106
2023-08-15,finance_sentiment,Finance-VADER tilt,minimum_variance,False,-0.005628291606792323,0.0,0.0,-0.005628291606792323,0.2,1.1014017730780215,1.0953135138977956,-0.05504288045890193
2023-08-16,finance_sentiment,Finance-VADER tilt,minimum_variance,False,-0.003100871131133319,0.0,0.0,-0.003100871131133319,0.2,1.0979864681161047,1.0919170878430098,-0.05797307071104574
2023-08-17,finance_sentiment,Finance-VADER tilt,minimum_variance,False,-0.005449293513934953,0.0,0.0,-0.005449293513934953,0.2,1.0920032175770111,1.0859669111384722,-0.06310645194677211
2023-08-18,finance_sentiment,Finance-VADER tilt,minimum_variance,False,0.0019546881576292838,0.0,0.0,0.0019546881576292838,0.2,1.094137743334502,1.088089637799252,-0.06127511722343304
2023-08-21,finance_sentiment,Finance-VADER tilt,minimum_variance,False,-0.0022736473378224295,0.0,0.0,-0.0022736473378224295,0.2,1.0916500599671586,1.0856157056909574,-0.06340944655410574
2023-08-22,finance_sentiment,Finance-VADER tilt,minimum_variance,False,-0.005133839586513071,0.0,0.0,-0.005133839586513071,0.2,1.0860457036746798,1.080042328805341,-0.06821775221374038
2023-08-23,finance_sentiment,Finance-VADER tilt,minimum_variance,False,0.008057056202503542,0.0,0.0,0.008057056202503542,0.2,1.0947960349476742,1.0887442905496083,-0.060710330274831414
2023-08-24,finance_sentiment,Finance-VADER tilt,minimum_variance,False,-0.009801486989917483,0.0,0.0,-0.009801486989917483,0.2,1.0840654058545214,1.0780729775504394,-0.06991676575240657
2023-08-25,finance_sentiment,Finance-VADER tilt,minimum_variance,False,0.002683505644352108,0.0,0.0,0.002683505644352108,0.2,1.086974501489979,1.0809659924707196,-0.06742088214358588
2023-08-28,finance_sentiment,Finance-VADER tilt,minimum_variance,False,0.003976453266436371,0.0,0.0,0.003976453266436371,0.2,1.0912968047969618,1.0852644032223864,-0.06371252486417534
2023-08-29,finance_sentiment,Finance-VADER tilt,minimum_variance,False,0.007046023835460604,0.0,0.0,0.007046023835460604,0.2,1.098986108095123,1.0929112020752683,-0.05711542099752509
2023-08-30,finance_sentiment,Finance-VADER tilt,minimum_variance,False,0.0013447534400037285,0.0,0.0,0.0013447534400037285,0.2,1.1004639734445003,1.0943808981738776,-0.05584747371638499
2023-08-31,finance_sentiment,Finance-VADER tilt,minimum_variance,False,-0.004634420083285729,0.0,0.0,-0.004634420083285729,0.2,1.0953639611050368,1.0893090773606162,-0.060223073145878825
2023-09-01,finance_sentiment,Finance-VADER tilt,minimum_variance,True,0.0025273703778330198,0.08846942075806119,8.846942075806119e-05,0.0024389009570749587,0.2,1.0981323515332795,1.0919657943119414,-0.05793105029953738
2023-09-05,finance_sentiment,Finance-VADER tilt,minimum_variance,False,-0.009193718391242412,0.0,0.0,-0.009193718391242412,0.2,1.0880364319369698,1.081926568306168,-0.06659216692821701
2023-09-06,finance_sentiment,Finance-VADER tilt,minimum_variance,False,-0.004927426686193144,0.0,0.0,-0.004927426686193144,0.2,1.0826752121866932,1.0765954544609948,-0.0711914655939967
2023-09-07,finance_sentiment,Finance-VADER tilt,minimum_variance,False,0.009222752111531066,0.0,0.0,0.009222752111531066,0.2,1.0926604572859904,1.0865246274618898,-0.06262529472209555
2023-09-08,finance_sentiment,Finance-VADER tilt,minimum_variance,False,0.0044509095438946215,0.0,0.0,0.0044509095438946215,0.2,1.097523790143561,1.0913606502959365,-0.05845312470016861
2023-09-11,finance_sentiment,Finance-VADER tilt,minimum_variance,False,0.004369375508520438,0.0,0.0,0.004369375508520438,0.2,1.1023192837122326,1.0961292147923025,-0.05433915284310964
2023-09-12,finance_sentiment,Finance-VADER tilt,minimum_variance,False,-0.001494398532040308,0.0,0.0,-0.001494398532040308,0.2,1.1006719793928135,1.0944911609027905,-0.05575234702490883
2023-09-13,finance_sentiment,Finance-VADER tilt,minimum_variance,False,0.0008782056614203284,0.0,0.0,0.0008782056614203284,0.2,1.101638595756483,1.09545234923667,-0.05492310339028317
2023-09-14,finance_sentiment,Finance-VADER tilt,minimum_variance,False,0.00884774218623738,0.0,0.0,0.00884774218623738,0.2,1.1113856100341448,1.105144629200024,-0.04656130666291114
2023-09-15,finance_sentiment,Finance-VADER tilt,minimum_variance,False,-0.008602618620646929,0.0,0.0,-0.008602618620646929,0.2,1.1018247834905461,1.0956374914343598,-0.054763376119858154
2023-09-18,finance_sentiment,Finance-VADER tilt,minimum_variance,False,0.0010759424045373982,0.0,0.0,0.0010759424045373982,0.2,1.103010283497474,1.096816334271395,-0.05374635595390376
2023-09-19,finance_sentiment,Finance-VADER tilt,minimum_variance,False,0.0018183607606247873,0.0,0.0,0.0018183607606247873,0.2,1.1050159541155515,1.0988107420552464,-0.05202572545797213
2023-09-20,finance_sentiment,Finance-VADER tilt,minimum_variance,False,0.0019607640050392514,0.0,0.0,0.0019607640050392514,0.2,1.1071826296233753,1.1009652506066188,-0.05016697162274697
2023-09-21,finance_sentiment,Finance-VADER tilt,minimum_variance,False,-0.014478126035442134,0.0,0.0,-0.014478126035442134,0.2,1.0911526999674357,1.0850253369476939,-0.06391877392021861
2023-09-22,finance_sentiment,Finance-VADER tilt,minimum_variance,False,-0.00285073127507633,0.0,0.0,-0.00285073127507633,0.2,1.0880421168397545,1.081932221285407,-0.06658728994741592
2023-09-25,finance_sentiment,Finance-VADER tilt,minimum_variance,False,0.00018560461551314113,0.0,0.0,0.00018560461551314113,0.2,1.0882440624785126,1.08213303289935,-0.06641404424025155
2023-09-26,finance_sentiment,Finance-VADER tilt,minimum_variance,False,-0.0054449099052166754,0.0,0.0,-0.0054449099052166754,0.2,1.08231867160343,1.0762409160297541,-0.07149733565813898
2023-09-27,finance_sentiment,Finance-VADER tilt,minimum_variance,False,-0.004682551562614969,0.0,0.0,-0.004682551562614969,0.2,1.077250658616466,1.0712013624466488,-0.07584509725994515
2023-09-28,finance_sentiment,Finance-VADER tilt,minimum_variance,False,0.00299803127668093,0.0,0.0,0.00299803127668093,0.2,1.0804802897838233,1.074412857634887,-0.07307445195703244
2023-09-29,finance_sentiment,Finance-VADER tilt,minimum_variance,False,-0.00440354558209829,0.0,0.0,-0.00440354558209829,0.2,1.0757223455772014,1.0696816316422992,-0.07715621085905122
2023-10-02,finance_sentiment,Finance-VADER tilt,minimum_variance,True,-0.0069204505157678484,0.08089305099945499,8.089305099945498e-05,-0.007001343566767303,0.2,1.0682778623159286,1.0621924230321114,-0.0836173572852843
2023-10-03,finance_sentiment,Finance-VADER tilt,minimum_variance,False,-0.008414251019300961,0.0,0.0,-0.008414251019300961,0.2,1.0592891042240402,1.0532548693539197,-0.09132803087081631
2023-10-04,finance_sentiment,Finance-VADER tilt,minimum_variance,False,0.006812719613660876,0.0,0.0,0.006812719613660876,0.2,1.0665057438809247,1.060430399460551,-0.0851375035243459
2023-10-05,finance_sentiment,Finance-VADER tilt,minimum_variance,False,-0.0024422306576570253,0.0,0.0,-0.0024422306576570253,0.2,1.0639010908566513,1.057840583828677,-0.08737180876077932
2023-10-06,finance_sentiment,Finance-VADER tilt,minimum_variance,False,0.00469407928205375,0.0,0.0,0.00469407928205375,0.2,1.068895126925396,1.062806171396943,-0.08308785967606502
2023-10-09,finance_sentiment,Finance-VADER tilt,minimum_variance,False,0.007299675136925473,0.0,0.0,0.007299675136925473,0.2,1.076697714107394,1.07056431118166,-0.07639469892259743
2023-10-10,finance_sentiment,Finance-VADER tilt,minimum_variance,False,0.008045675344708798,0.0,0.0,0.008045675344708798,0.2,1.0853604743594922,1.0791777240650595,-0.06896367052347663
2023-10-11,finance_sentiment,Finance-VADER tilt,minimum_variance,False,0.0044019568150099695,0.0,0.0,0.0044019568150099695,0.2,1.0901381842963416,1.0839282178021146,-0.06486528880791564
2023-10-12,finance_sentiment,Finance-VADER tilt,minimum_variance,False,-0.0029817867062299605,0.0,0.0,-0.0029817867062299605,0.2,1.086887624750453,1.0806961750517647,-0.0676536610582823
2023-10-13,finance_sentiment,Finance-VADER tilt,minimum_variance,False,0.002355924524029473,0.0,0.0,0.002355924524029473,0.2,1.0894482499604667,1.083242213673594,-0.06545712345348054
2023-10-16,finance_sentiment,Finance-VADER tilt,minimum_variance,False,0.005319226287834149,0.0,0.0,0.005319226287834149,0.2,1.0952432717308913,1.089004224132658,-0.06048607841744624
2023-10-17,finance_sentiment,Finance-VADER tilt,minimum_variance,False,0.003660387815975193,0.0,0.0,0.003660387815975193,0.2,1.0992522868582637,1.0929904019262187,-0.05704709310594647
2023-10-18,finance_sentiment,Finance-VADER tilt,minimum_variance,False,-0.009654649216444358,0.0,0.0,-0.009654649216444358,0.2,1.0886393916282728,1.0824379629986804,-0.0661509726496351
2023-10-19,finance_sentiment,Finance-VADER tilt,minimum_variance,False,-0.007803909513980762,0.0,0.0,-0.007803909513980762,0.2,1.0801437483226506,1.0739907150809411,-0.07343864595879634
2023-10-20,finance_sentiment,Finance-VADER tilt,minimum_variance,False,-0.0012277835665738578,0.0,0.0,-0.0012277835665738578,0.2,1.0788175655789225,1.072672086930312,-0.07457626276271045
2023-10-23,finance_sentiment,Finance-VADER tilt,minimum_variance,False,-0.006292646813688551,0.0,0.0,-0.006292646813688551,0.2,1.072028947662331,1.0659221403403571,-0.08039962749414853
2023-10-24,finance_sentiment,Finance-VADER tilt,minimum_variance,False,0.012597908818353654,0.0,0.0,0.012597908818353654,0.2,1.0855342705956168,1.0793505302718294,-0.06881458585199574
2023-10-25,finance_sentiment,Finance-VADER tilt,minimum_variance,False,-0.005262768348822377,0.0,0.0,-0.005262768348822377,0.2,1.0798213551947642,1.0736701584638302,-0.07371519897645884
2023-10-26,finance_sentiment,Finance-VADER tilt,minimum_variance,False,-0.0034013438727943015,0.0,0.0,-0.0034013438727943015,0.2,1.07614851144456,1.070018237048937,-0.07686581210888277
2023-10-27,finance_sentiment,Finance-VADER tilt,minimum_variance,False,-0.019541531267133566,0.0,0.0,-0.019541531267133566,0.2,1.055118921660087,1.0491084422132422,-0.09490526770531704
2023-10-30,finance_sentiment,Finance-VADER tilt,minimum_variance,False,0.003359592336892447,0.0,0.0,0.003359592336892447,0.2,1.0586636911038065,1.0526330188962711,-0.09186451837853793
2023-10-31,finance_sentiment,Finance-VADER tilt,minimum_variance,False,0.005705979583031668,0.0,0.0,0.005705979583031668,0.2,1.0647044045105418,1.0586393214105183,-0.08668271586177911
2023-11-01,finance_sentiment,Finance-VADER tilt,minimum_variance,True,0.00557523807927284,0.11869807091062554,0.00011869807091062554,0.005456540008362214,0.2,1.0706403850497386,1.0644158292222201,-0.08169916356055029
2023-11-02,finance_sentiment,Finance-VADER tilt,minimum_variance,False,0.016032217491653147,0.0,0.0,0.016032217491653147,0.2,1.0878051245582032,1.081480775297869,-0.06697676482798609
2023-11-03,finance_sentiment,Finance-VADER tilt,minimum_variance,False,0.002724886393333881,0.0,0.0,0.002724886393333881,0.2,1.0907692699407106,1.0844276875471301,-0.06443438250980171
2023-11-06,finance_sentiment,Finance-VADER tilt,minimum_variance,False,-0.0004183331082733665,0.0,0.0,-0.0004183331082733665,0.2,1.0903129650416072,1.083974035541901,-0.06482576058255995
2023-11-07,finance_sentiment,Finance-VADER tilt,minimum_variance,False,0.0006691703769162037,0.0,0.0,0.0006691703769162037,0.2,1.0910425701793807,1.0846993988558318,-0.06419996968428687
2023-11-08,finance_sentiment,Finance-VADER tilt,minimum_variance,False,-0.00019918186920828552,0.0,0.0,-0.00019918186920828552,0.2,1.0908252542808665,1.0844833464020385,-0.06438636408353038
2023-11-09,finance_sentiment,Finance-VADER tilt,minimum_variance,False,-0.009978801610608764,0.0,0.0,-0.009978801610608764,0.2,1.079940125476556,1.0736615022382834,-0.07372266694052121
2023-11-10,finance_sentiment,Finance-VADER tilt,minimum_variance,False,0.005524508342815085,0.0,0.0,0.005524508342815085,0.2,1.0859062637094918,1.0795929541647582,-0.06860544008627356
2023-11-13,finance_sentiment,Finance-VADER tilt,minimum_variance,False,0.001930133830090225,0.0,0.0,0.001930133830090225,0.2,1.0880022081253846,1.0816767130483187,-0.06680772393702206
2023-11-14,finance_sentiment,Finance-VADER tilt,minimum_variance,False,0.00840232566080122,0.0,0.0,0.00840232566080122,0.2,1.097143956997725,1.0907653130510557,-0.0589667385293966
2023-11-15,finance_sentiment,Finance-VADER tilt,minimum_variance,False,0.002515294808748839,0.0,0.0,0.002515294808748839,0.2,1.0999035974972116,1.0935089093805364,-0.05659976245195952
2023-11-16,finance_sentiment,Finance-VADER tilt,minimum_variance,False,-0.0060444409614803215,0.0,0.0,-0.0060444409614803215,0.2,1.09325529513882,1.086899259336933,-0.06230208949086513
2023-11-17,finance_sentiment,Finance-VADER tilt,minimum_variance,False,0.0005994786897841768,0.0,0.0,0.0005994786897841768,0.2,1.0939106783907495,1.0875508322808478,-0.06173995957605971
2023-11-20,finance_sentiment,Finance-VADER tilt,minimum_variance,False,0.004544301344687767,0.0,0.0,0.004544301344687767,0.2,1.0988817381575289,1.092492990990398,-0.05747622321269441
2023-11-21,finance_sentiment,Finance-VADER tilt,minimum_variance,False,0.002541686703937285,0.0,0.0,0.002541686703937285,0.2,1.1016747512606033,1.0952697658997428,-0.05508062306108952
2023-11-22,finance_sentiment,Finance-VADER tilt,minimum_variance,False,0.0001299927192757106,0.0,0.0,0.0001299927192757106,0.2,1.1018179609572771,1.0954121429949526,-0.054957790421784836
2023-11-24,finance_sentiment,Finance-VADER tilt,minimum_variance,False,0.0037283578833403157,0.0,0.0,0.0037283578833403157,0.2,1.105925932638018,1.0994962314937944,-0.05143433484961468
2023-11-27,finance_sentiment,Finance-VADER tilt,minimum_variance,False,9.350879915007268e-05,0.0,0.0,9.350879915007268e-05,0.2,1.106029346443928,1.0995990440660715,-0.05134563561335148
2023-11-28,finance_sentiment,Finance-VADER tilt,minimum_variance,False,-0.0018637273554011498,0.0,0.0,-0.0018637273554011498,0.2,1.1039680092950839,1.0975496912476725,-0.05311366870307954
2023-11-29,finance_sentiment,Finance-VADER tilt,minimum_variance,False,0.0008671904373211386,0.0,0.0,0.0008671904373211386,0.2,1.104925359795853,1.0985014758444074,-0.05229253793134869
2023-11-30,finance_sentiment,Finance-VADER tilt,minimum_variance,False,0.010342047799607075,0.0,0.0,0.010342047799607075,0.2,1.1163525506818597,1.109862230615529,-0.04249130205859053
2023-12-01,finance_sentiment,Finance-VADER tilt,minimum_variance,True,0.005126500443211165,0.13594610165731089,0.0001359461016573109,0.004990554341553854,0.2,1.12207553252771,1.115401058389054,-0.03771280286900347
2023-12-04,finance_sentiment,Finance-VADER tilt,minimum_variance,False,0.0014789514587029463,0.0,0.0,0.0014789514587029463,0.2,1.123735027773317,1.1170506824113973,-0.03628962681511538
2023-12-05,finance_sentiment,Finance-VADER tilt,minimum_variance,False,0.0017909588635780455,0.0,0.0,0.0017909588635780455,0.2,1.1257475909816206,1.119051274232128,-0.03456366118033771
2023-12-06,finance_sentiment,Finance-VADER tilt,minimum_variance,False,-0.0006773700773107681,0.0,0.0,-0.0006773700773107681,0.2,1.124985043248885,1.1182932623839867,-0.0352176188678025
2023-12-07,finance_sentiment,Finance-VADER tilt,minimum_variance,False,0.0013705085593032208,0.0,0.0,0.0013705085593032208,0.2,1.1265268448797456,1.1198258928718952,-0.0338953763565959
2023-12-08,finance_sentiment,Finance-VADER tilt,minimum_variance,False,-0.00034501882292685936,0.0,0.0,-0.00034501882292685936,0.2,1.1261381719137298,1.1194395318604535,-0.034228700636669496
2023-12-11,finance_sentiment,Finance-VADER tilt,minimum_variance,False,0.007105911894059619,0.0,0.0,0.007105911894059619,0.2,1.134140410543886,1.1273941705445811,-0.027366014873582256
2023-12-12,finance_sentiment,Finance-VADER tilt,minimum_variance,False,0.004278368877819198,0.0,0.0,0.004278368877819198,0.2,1.138992681579434,1.1322175786768738,-0.023204727902108258
2023-12-13,finance_sentiment,Finance-VADER tilt,minimum_variance,False,0.014517894251302624,0.0,0.0,0.014517894251302624,0.2,1.155528456883612,1.1486549937535706,-0.009023717436618561
2023-12-14,finance_sentiment,Finance-VADER tilt,minimum_variance,False,-0.0009065262612824862,0.0,0.0,-0.0009065262612824862,0.2,1.1544809399917877,1.1476137078365798,-0.009922063461070385
2023-12-15,finance_sentiment,Finance-VADER tilt,minimum_variance,False,-0.005811904592601081,0.0,0.0,-0.005811904592601081,0.2,1.1477712069145791,1.1409438864574724,-0.01567630196747405
2023-12-18,finance_sentiment,Finance-VADER tilt,minimum_variance,False,0.001969425696319836,0.0,0.0,0.001969425696319836,0.2,1.1500316570229727,1.1431908906655208,-0.013737749583072056
2023-12-19,finance_sentiment,Finance-VADER tilt,minimum_variance,False,0.004124162097562445,0.0,0.0,0.004124162097562445,0.2,1.154774573993864,1.1479055952070822,-0.009670244191645971
2023-12-20,finance_sentiment,Finance-VADER tilt,minimum_variance,False,-0.012223892673429703,0.0,0.0,-0.012223892673429703,0.2,1.1406587335393574,1.1338737204120415,-0.021775928837951097
2023-12-21,finance_sentiment,Finance-VADER tilt,minimum_variance,False,0.007789282319031626,0.0,0.0,0.007789282319031626,0.2,1.1495436464445645,1.1427057829344616,-0.014156265376397359
2023-12-22,finance_sentiment,Finance-VADER tilt,minimum_variance,False,0.0054377507057799535,0.0,0.0,0.0054377507057799535,0.2,1.1557945782193433,1.1489195321121122,-0.008795492912659242
2023-12-26,finance_sentiment,Finance-VADER tilt,minimum_variance,False,0.003105492448363839,0.0,0.0,0.003105492448363839,0.2,1.1593838895538633,1.152487493042864,-0.005717314801115481
2023-12-27,finance_sentiment,Finance-VADER tilt,minimum_variance,False,0.0025946861031089837,0.0,0.0,0.0025946861031089837,0.2,1.162392126820257,1.155477836325069,-0.003137463335268098
2023-12-28,finance_sentiment,Finance-VADER tilt,minimum_variance,False,0.0029040090200142202,0.0,0.0,0.0029040090200142202,0.2,1.1657677240413367,1.1588333543841838,-0.00024256553707924233
2023-12-29,finance_sentiment,Finance-VADER tilt,minimum_variance,False,-0.0002725869747960445,0.0,0.0,-0.0002725869747960445,0.2,1.1654499509441254,1.1585174715058195,-0.000515086391669306
2021-01-04,plain_sentiment,Plain-VADER tilt,minimum_variance,True,-0.008090450191273921,1.0,0.001,-0.00909045019127392,0.2,0.991909549808726,0.990909549808726,0.0
2021-01-05,plain_sentiment,Plain-VADER tilt,minimum_variance,False,0.0004601227539851006,0.0,0.0,0.0004601227539851006,0.2,0.9923659499624882,0.9913654898397342,0.0
2021-01-06,plain_sentiment,Plain-VADER tilt,minimum_variance,False,0.0007250930878927712,0.0,0.0,0.0007250930878927712,0.2,0.9930855076534661,0.9920843221039924,0.0
2021-01-07,plain_sentiment,Plain-VADER tilt,minimum_variance,False,0.006481663525175303,0.0,0.0,0.006481663525175303,0.2,0.9995223537658037,0.9985146788684721,0.0
2021-01-08,plain_sentiment,Plain-VADER tilt,minimum_variance,False,0.00029984086716245903,0.0,0.0,0.00029984086716245903,0.2,0.999822051415105,0.9988140743756584,0.0
2021-01-11,plain_sentiment,Plain-VADER tilt,minimum_variance,False,-0.0015389082853949063,0.0,0.0,-0.0015389082853949063,0.2,0.9982834169762618,0.9972769911210326,-0.0015389082853949354
2021-01-12,plain_sentiment,Plain-VADER tilt,minimum_variance,False,-0.0032713367052533016,0.0,0.0,-0.0032713367052533016,0.2,0.9950176957920617,0.9940145622946739,-0.004805210703488161
2021-01-13,plain_sentiment,Plain-VADER tilt,minimum_variance,False,-0.0021639887715246887,0.0,0.0,-0.0021639887715246887,0.2,0.9928644886708993,0.9918635259431362,-0.006958801053005614
2021-01-14,plain_sentiment,Plain-VADER tilt,minimum_variance,False,0.0004693158023149459,0.0,0.0,0.0004693158023149459,0.2,0.9933304556649899,0.9923290231696013,-0.006492751125989904
2021-01-15,plain_sentiment,Plain-VADER tilt,minimum_variance,False,-0.0029637749167368216,0.0,0.0,-0.0029637749167368216,0.2,0.9903864477764592,0.9893879833015813,-0.009437282989798845
2021-01-19,plain_sentiment,Plain-VADER tilt,minimum_variance,False,0.008868146352358667,0.0,0.0,0.008868146352358667,0.2,0.9991693397407336,0.9981620207367649,-0.0006528278441622071
2021-01-20,plain_sentiment,Plain-VADER tilt,minimum_variance,False,0.014739676983964282,0.0,0.0,0.014739676983964282,0.2,1.0138967730607928,1.0128746065000858,0.0
2021-01-21,plain_sentiment,Plain-VADER tilt,minimum_variance,False,-0.007629601029176959,0.0,0.0,-0.007629601029176959,0.2,1.006161145197569,1.0051467773599054,-0.00762960102917698
2021-01-22,plain_sentiment,Plain-VADER tilt,minimum_variance,False,-0.002796473846400951,0.0,0.0,-0.002796473846400951,0.2,1.0033474418697592,1.0023359106852243,-0.01040473889584137
2021-01-25,plain_sentiment,Plain-VADER tilt,minimum_variance,False,0.0044733195198680825,0.0,0.0,0.0044733195198680825,0.2,1.007835735566685,1.0068196794799573,-0.005977963097575145
2021-01-26,plain_sentiment,Plain-VADER tilt,minimum_variance,False,-0.0016871027256857845,0.0,0.0,-0.0016871027256857845,0.2,1.006135413150167,1.0051210712544327,-0.007654980385424781
2021-01-27,plain_sentiment,Plain-VADER tilt,minimum_variance,False,-0.016454522960079147,0.0,0.0,-0.016454522960079147,0.2,0.9895799348935389,0.9885822835098174,-0.023983544294992942
2021-01-28,plain_sentiment,Plain-VADER tilt,minimum_variance,False,0.0015125026097873046,0.0,0.0,0.0015125026097873046,0.2,0.9910766771276586,0.9900775167936154,-0.02250731685854379
2021-01-29,plain_sentiment,Plain-VADER tilt,minimum_variance,False,-0.010248007014055892,0.0,0.0,-0.010248007014055892,0.2,0.9809201163889871,0.9799311954570554,-0.03252466873156579
2021-02-01,plain_sentiment,Plain-VADER tilt,minimum_variance,True,0.0038277507530876643,0.06472095849323037,6.472095849323037e-05,0.003763029794594434,0.2,0.984674834103214,0.983618705742213,-0.028884030234467395
2021-02-02,plain_sentiment,Plain-VADER tilt,minimum_variance,False,0.008593879878900847,0.0,0.0,0.008593879878900847,0.2,0.9931370113472737,0.9920718067460016,-0.020538376241819978
2021-02-03,plain_sentiment,Plain-VADER tilt,minimum_variance,False,-0.006914810464475238,0.0,0.0,-0.006914810464475238,0.2,0.9862696571485519,0.9852118182352034,-0.027311167727335106
2021-02-04,plain_sentiment,Plain-VADER tilt,minimum_variance,False,0.0007787903570482164,0.0,0.0,0.0007787903570482164,0.2,0.9870377544469884,0.985979091698895,-0.02655364704435259
2021-02-05,plain_sentiment,Plain-VADER tilt,minimum_variance,False,0.014437299276714943,0.0,0.0,0.014437299276714943,0.2,1.0012879139053563,1.0002139669263355,-0.012499710716905255
2021-02-08,plain_sentiment,Plain-VADER tilt,minimum_variance,False,0.004948003402988772,0.0,0.0,0.004948003402988772,0.2,1.0062422899107315,1.005163029038404,-0.007613555925080062
2021-02-09,plain_sentiment,Plain-VADER tilt,minimum_variance,False,-0.003324040651733552,0.0,0.0,-0.003324040651733552,0.2,1.0028974996335749,1.0018218262682608,-0.010912288807414239
2021-02-10,plain_sentiment,Plain-VADER tilt,minimum_variance,False,-0.005653607762556483,0.0,0.0,-0.005653607762556483,0.2,0.997227510544598,0.996157918614572,-0.0165042027692619
2021-02-11,plain_sentiment,Plain-VADER tilt,minimum_variance,False,-0.0041381279841371564,0.0,0.0,-0.0041381279841371564,0.2,0.9931008554766619,0.9920356896549333,-0.020574034250063655
2021-02-12,plain_sentiment,Plain-VADER tilt,minimum_variance,False,0.004882441889549607,0.0,0.0,0.004882441889549607,0.2,0.9979496126939889,0.9968792462620328,-0.01579204388717348
2021-02-16,plain_sentiment,Plain-VADER tilt,minimum_variance,False,-0.011128162924864429,0.0,0.0,-0.011128162924864429,0.2,0.9868442668131248,0.9857858115932129,-0.02674447037474481
2021-02-17,plain_sentiment,Plain-VADER tilt,minimum_variance,False,0.005142311380699137,0.0,0.0,0.005142311380699137,0.2,0.9919189273173357,0.9908550291911005,-0.021739687388424467
2021-02-18,plain_sentiment,Plain-VADER tilt,minimum_variance,False,-0.0018399396380061662,0.0,0.0,-0.0018399396380061662,0.2,0.9900938563652759,0.9890319157473739,-0.023539627313886924
2021-02-19,plain_sentiment,Plain-VADER tilt,minimum_variance,False,-0.008824569643046683,0.0,0.0,-0.008824569643046683,0.2,0.9813567041766279,0.9803041347276653,-0.03215646987633081
2021-02-22,plain_sentiment,Plain-VADER tilt,minimum_variance,False,0.00019082839024211318,0.0,0.0,0.00019082839024211318,0.2,0.9815439748967392,0.980491204587643,-0.03197177785347116
2021-02-23,plain_sentiment,Plain-VADER tilt,minimum_variance,False,-0.005502774829468535,0.0,0.0,-0.005502774829468535,0.2,0.9761427594176609,0.9750957822665229,-0.03729861918851418
2021-02-24,plain_sentiment,Plain-VADER tilt,minimum_variance,False,3.5651423065442204e-05,0.0,0.0,3.5651423065442204e-05,0.2,0.9761775602961492,0.9751305458187859,-0.03726429751430116
2021-02-25,plain_sentiment,Plain-VADER tilt,minimum_variance,False,-0.008768112197081694,0.0,0.0,-0.008768112197081694,0.2,0.9676183259231991,0.9665804917862453,-0.04570567216983201
2021-02-26,plain_sentiment,Plain-VADER tilt,minimum_variance,False,-0.01757603460167978,0.0,0.0,-0.01757603460167978,0.2,0.9506114327455535,0.9495918396173015,-0.06247838229596181
2021-03-01,plain_sentiment,Plain-VADER tilt,minimum_variance,True,0.010594462611986405,0.04857045693757192,4.8570456937571924e-05,0.010545892155048833,0.2,0.9606826500283031,0.9596061327492199,-0.05259138042262823
2021-03-02,plain_sentiment,Plain-VADER tilt,minimum_variance,False,0.005610010475546713,0.0,0.0,0.005610010475546713,0.2,0.9660720897586379,0.964989533206342,-0.04727640814217582
2021-03-03,plain_sentiment,Plain-VADER tilt,minimum_variance,False,-0.01304090352987558,0.0,0.0,-0.01304090352987558,0.2,0.9534736368331902,0.9524051977964584,-0.05970078459423034
2021-03-04,plain_sentiment,Plain-VADER tilt,minimum_variance,False,-0.006476908389786111,0.0,0.0,-0.006476908389786111,0.2,0.9472980754353455,0.9462365565803746,-0.06579101647140118
2021-03-05,plain_sentiment,Plain-VADER tilt,minimum_variance,False,0.013588564012269138,0.0,0.0,0.013588564012269138,0.2,0.9601704959720979,0.9590945526002161,-0.053096457897885974
2021-03-08,plain_sentiment,Plain-VADER tilt,minimum_variance,False,-0.005900511322545676,0.0,0.0,-0.005900511322545676,0.2,0.9545049990890403,0.9534354043332067,-0.05868367296941801
2021-03-09,plain_sentiment,Plain-VADER tilt,minimum_variance,False,0.007435771129765959,0.0,0.0,0.007435771129765959,0.2,0.9616024798044838,0.9605249317868443,-0.05168426020090677
2021-03-10,plain_sentiment,Plain-VADER tilt,minimum_variance,False,0.006435906465236957,0.0,0.0,0.006435906465236957,0.2,0.9677912634212454,0.9667067804053526,-0.045580988800047684
2021-03-11,plain_sentiment,Plain-VADER tilt,minimum_variance,False,0.002675288846683134,0.0,0.0,0.002675288846683134,0.2,0.9703803845941937,0.9692930002729842,-0.043027642264321986
2021-03-12,plain_sentiment,Plain-VADER tilt,minimum_variance,False,0.0035366522522877093,0.0,0.0,0.0035366522522877093,0.2,0.9738122825669446,0.9727210525455263,-0.039643163819959026
2021-03-15,plain_sentiment,Plain-VADER tilt,minimum_variance,False,0.01174434046318198,0.0,0.0,0.01174434046318198,0.2,0.9852490655606393,0.9841450197623258,-0.02836440616971625
2021-03-16,plain_sentiment,Plain-VADER tilt,minimum_variance,False,0.005601937794873461,0.0,0.0,0.005601937794873461,0.2,0.9907683695383672,0.9896581389441689,-0.022921364013794077
2021-03-17,plain_sentiment,Plain-VADER tilt,minimum_variance,False,-0.006188616344937755,0.0,0.0,-0.006188616344937755,0.2,0.9846368842125948,0.9835335244095983,-0.02896812883074784
2021-03-18,plain_sentiment,Plain-VADER tilt,minimum_variance,False,-0.006545437714534924,0.0,0.0,-0.006545437714534924,0.2,0.9781920048155475,0.9770958669854182,-0.03532395746231454
2021-03-19,plain_sentiment,Plain-VADER tilt,minimum_variance,False,-0.002528001628566775,0.0,0.0,-0.002528001628566775,0.2,0.9757191338343227,0.9746257670424131,-0.037762660068889176
2021-03-22,plain_sentiment,Plain-VADER tilt,minimum_variance,False,0.007848311482185283,0.0,0.0,0.007848311482185283,0.2,0.9833768815157825,0.9822749336407257,-0.030210721705320465
2021-03-23,plain_sentiment,Plain-VADER tilt,minimum_variance,False,0.0007910999492028192,0.0,0.0,0.0007910999492028192,0.2,0.9841548309167969,0.9830520112908322,-0.029443521456523958
2021-03-24,plain_sentiment,Plain-VADER tilt,minimum_variance,False,-0.005399429582903743,0.0,0.0,-0.005399429582903743,0.2,0.9788409562085871,0.9777440911795354,-0.034683972818650544
2021-03-25,plain_sentiment,Plain-VADER tilt,minimum_variance,False,0.0027158792517416636,0.0,0.0,0.0027158792517416636,0.2,0.981499370052309,0.9803995260702829,-0.032062291049055
2021-03-26,plain_sentiment,Plain-VADER tilt,minimum_variance,False,0.0189247362631057,0.0,0.0,0.0189247362631057,0.2,1.0000739867729533,0.9989533285336369,-0.013744325188043582
2021-03-29,plain_sentiment,Plain-VADER tilt,minimum_variance,False,0.01087733200967523,0.0,0.0,0.01087733200967523,0.2,1.0109521235613224,1.0098192755502675,-0.0030164947666875275
2021-03-30,plain_sentiment,Plain-VADER tilt,minimum_variance,False,-0.008936031114549948,0.0,0.0,-0.008936031114549948,0.2,1.001918223929858,1.0007954990838779,-0.011925570390145634
2021-03-31,plain_sentiment,Plain-VADER tilt,minimum_variance,False,-0.00020793184137778175,0.0,0.0,-0.00020793184137778175,0.2,1.0017098932286463,1.0005874018329108,-0.012131022525712742
2021-04-01,plain_sentiment,Plain-VADER tilt,minimum_variance,True,0.009182795419044043,0.260360719786771,0.000260360719786771,0.008922434699257272,0.2,1.0109083902473974,1.0095150775866646,-0.0033168260827761697
2021-04-05,plain_sentiment,Plain-VADER tilt,minimum_variance,False,0.008971156879065956,0.0,0.0,0.008971156879065956,0.2,1.019977408006671,1.018571595719477,0.0
2021-04-06,plain_sentiment,Plain-VADER tilt,minimum_variance,False,-0.0002808830592369821,0.0,0.0,-0.0002808830592369821,0.2,1.0196909136319574,1.0182854962136194,-0.00028088305923701373
2021-04-07,plain_sentiment,Plain-VADER tilt,minimum_variance,False,-0.0012991928428977182,0.0,0.0,-0.0012991928428977182,0.2,1.018366138494999,1.0169625469849122,-0.0015797109808743937
2021-04-08,plain_sentiment,Plain-VADER tilt,minimum_variance,False,-0.0015567478900784801,0.0,0.0,-0.0015567478900784801,0.2,1.0167807991575695,1.0153793926856047,-0.0031339996592163466
2021-04-09,plain_sentiment,Plain-VADER tilt,minimum_variance,False,0.003951543045563249,0.0,0.0,0.003951543045563249,0.2,1.0207986522533428,1.0193917080633796,0.0
2021-04-12,plain_sentiment,Plain-VADER tilt,minimum_variance,False,0.00037166592084716645,0.0,0.0,0.00037166592084716645,0.2,1.0211780483244322,1.019770581221261,0.0
2021-04-13,plain_sentiment,Plain-VADER tilt,minimum_variance,False,0.0026539528209674618,0.0,0.0,0.0026539528209674618,0.2,1.023888206686493,1.0224770042320328,0.0
2021-04-14,plain_sentiment,Plain-VADER tilt,minimum_variance,False,-0.0023364420694920035,0.0,0.0,-0.0023364420694920035,0.2,1.0214959512059338,1.020088045944257,-0.0023364420694920174
2021-04-15,plain_sentiment,Plain-VADER tilt,minimum_variance,False,0.00788690372289268,0.0,0.0,0.00788690372289268,0.2,1.0295523914264195,1.0281333821514929,0.0
2021-04-16,plain_sentiment,Plain-VADER tilt,minimum_variance,False,0.002622792941741838,0.0,0.0,0.002622792941741838,0.2,1.0322526941718062,1.0308299631293691,0.0
2021-04-19,plain_sentiment,Plain-VADER tilt,minimum_variance,False,-0.001544340024652046,0.0,0.0,-0.001544340024652046,0.2,1.0306585450206418,1.0292380111586978,-0.001544340024652091
2021-04-20,plain_sentiment,Plain-VADER tilt,minimum_variance,False,0.004820244063418284,0.0,0.0,0.004820244063418284,0.2,1.0356265707536887,1.0341991895718299,0.0
2021-04-21,plain_sentiment,Plain-VADER tilt,minimum_variance,False,0.005510779250871683,0.0,0.0,0.005510779250871683,0.2,1.0413336801714497,1.0398984330069907,0.0
2021-04-22,plain_sentiment,Plain-VADER tilt,minimum_variance,False,-0.0003351541938333637,0.0,0.0,-0.0003351541938333637,0.2,1.0409846728213603,1.0395499066860077,-0.00033515419383334244
2021-04-23,plain_sentiment,Plain-VADER tilt,minimum_variance,False,0.002203341969995331,0.0,0.0,0.002203341969995331,0.2,1.0432783180411096,1.0418403906253138,0.0
2021-04-26,plain_sentiment,Plain-VADER tilt,minimum_variance,False,-0.004888729432368696,0.0,0.0,-0.004888729432368696,0.2,1.0381780126215499,1.0367471148438332,-0.0048887294323687325
2021-04-27,plain_sentiment,Plain-VADER tilt,minimum_variance,False,-0.0062121623995338385,0.0,0.0,-0.0062121623995338385,0.2,1.0317286822075196,1.0303066733991753,-0.011070522250741233
2021-04-28,plain_sentiment,Plain-VADER tilt,minimum_variance,False,-0.0006481764609478563,0.0,0.0,-0.0006481764609478563,0.2,1.0310599399616278,1.0296388528659204,-0.011711523059755868
2021-04-29,plain_sentiment,Plain-VADER tilt,minimum_variance,False,0.004872340733679132,0.0,0.0,0.004872340733679132,0.2,1.0360836153059676,1.0346556041897175,-0.006896244856934297
2021-04-30,plain_sentiment,Plain-VADER tilt,minimum_variance,False,-0.0010766936179253043,0.0,0.0,-0.0010766936179253043,0.2,1.0349680706897306,1.0335415971039357,-0.007965513332034657
2021-05-03,plain_sentiment,Plain-VADER tilt,minimum_variance,True,0.0069217647099341344,0.1416248356390273,0.00014162483563902732,0.006780139874295107,0.2,1.0421318761573395,1.0405491536982026,-0.0012393807523014555
2021-05-04,plain_sentiment,Plain-VADER tilt,minimum_variance,False,-0.004442988241706055,0.0,0.0,-0.004442988241706055,0.2,1.0375016964852652,1.0359260060434041,-0.005676862439898067
2021-05-05,plain_sentiment,Plain-VADER tilt,minimum_variance,False,0.001612566150433998,0.0,0.0,0.001612566150433998,0.2,1.0391747366020352,1.037596505255104,-0.004073450605675433
2021-05-06,plain_sentiment,Plain-VADER tilt,minimum_variance,False,0.007116889501862029,0.0,0.0,0.007116889501862029,0.2,1.0465704283755586,1.0449809649305228,0.0
2021-05-07,plain_sentiment,Plain-VADER tilt,minimum_variance,False,0.0022401156087709447,0.0,0.0,0.0022401156087709447,0.2,1.0489148671278408,1.0473218431009323,0.0
2021-05-10,plain_sentiment,Plain-VADER tilt,minimum_variance,False,0.005455861721663534,0.0,0.0,0.005455861721663534,0.2,1.0546376016006873,1.053035886254969,0.0
2021-05-11,plain_sentiment,Plain-VADER tilt,minimum_variance,False,-0.008254334217504785,0.0,0.0,-0.008254334217504785,0.2,1.0459322703587277,1.044343776106794,-0.008254334217504877
2021-05-12,plain_sentiment,Plain-VADER tilt,minimum_variance,False,-0.012559752613240455,0.0,0.0,-0.012559752613240455,0.2,1.0327956197928172,1.0312270766357152,-0.020710414434986446
2021-05-13,plain_sentiment,Plain-VADER tilt,minimum_variance,False,0.01219365228957517,0.0,0.0,0.01219365228957517,0.2,1.045389170466767,1.0438015010398063,-0.008769297737804438
2021-05-14,plain_sentiment,Plain-VADER tilt,minimum_variance,False,0.0021272296715045052,0.0,0.0,0.0021272296715045052,0.2,1.0476129533284535,1.046021906563979,-0.0066607223766460555
2021-05-17,plain_sentiment,Plain-VADER tilt,minimum_variance,False,-7.927551880555317e-05,0.0,0.0,-7.927551880555317e-05,0.2,1.047529903268071,1.0459389826346541,-0.006739469863229708
2021-05-18,plain_sentiment,Plain-VADER tilt,minimum_variance,False,-0.0056760622101580315,0.0,0.0,-0.0056760622101580315,0.2,1.0415840583701206,1.0400021679011904,-0.012377278423180593
2021-05-19,plain_sentiment,Plain-VADER tilt,minimum_variance,False,0.0006269188053724395,0.0,0.0,0.0006269188053724395,0.2,1.042237047003689,1.0406541648178758,-0.011758119166411007
2021-05-20,plain_sentiment,Plain-VADER tilt,minimum_variance,False,0.01067945108939236,0.0,0.0,0.01067945108939236,0.2,1.0533675665707176,1.0517677800720207,-0.0012042383355596042
2021-05-21,plain_sentiment,Plain-VADER tilt,minimum_variance,False,-0.0015857574587183406,0.0,0.0,-0.0015857574587183406,0.2,1.051697181095256,1.0500999314699317,-0.00278808616435533
2021-05-24,plain_sentiment,Plain-VADER tilt,minimum_variance,False,-0.0017708163249159034,0.0,0.0,-0.0017708163249159034,0.2,1.0498348185581046,1.0482403973684917,-0.004553965300776119
2021-05-25,plain_sentiment,Plain-VADER tilt,minimum_variance,False,-0.006840572714635718,0.0,0.0,-0.006840572714635718,0.2,1.0426533471434014,1.041069832707874,-0.011363386284631849
2021-05-26,plain_sentiment,Plain-VADER tilt,minimum_variance,False,0.0011610592778386979,0.0,0.0,0.0011610592778386979,0.2,1.0438639294856717,1.0422785764960174,-0.010215520571866699
2021-05-27,plain_sentiment,Plain-VADER tilt,minimum_variance,False,-0.004837339441599875,0.0,0.0,-0.004837339441599875,0.2,1.0388144053279071,1.0372367212287985,-0.015003444072887895
2021-05-28,plain_sentiment,Plain-VADER tilt,minimum_variance,False,0.0020079753088625097,0.0,0.0,0.0020079753088625097,0.2,1.0409003190042962,1.0393194669544714,-0.01302559530927172
2021-06-01,plain_sentiment,Plain-VADER tilt,minimum_variance,True,-0.004240653002194337,0.13679666221574885,0.00013679666221574885,-0.004377449664410086,0.2,1.0364862219415256,1.0347698983026368,-0.01734602608586644
2021-06-02,plain_sentiment,Plain-VADER tilt,minimum_variance,False,-0.0010825798369721391,0.0,0.0,-0.0010825798369721391,0.2,1.0353641428563523,1.0336496772748287,-0.018409827464746287
2021-06-03,plain_sentiment,Plain-VADER tilt,minimum_variance,False,0.0038646047867696796,0.0,0.0,0.0038646047867696796,0.2,1.0393654160788846,1.0376443247654679,-0.014616369385320627
2021-06-04,plain_sentiment,Plain-VADER tilt,minimum_variance,False,0.00825556303516502,0.0,0.0,0.00825556303516502,0.2,1.0479459627878944,1.0462106628966505,-0.006481472708961267
2021-06-07,plain_sentiment,Plain-VADER tilt,minimum_variance,False,-0.0026296250842956044,0.0,0.0,-0.0026296250842956044,0.2,1.045190257797161,1.0434595210940398,-0.009094053950038261
2021-06-08,plain_sentiment,Plain-VADER tilt,minimum_variance,False,-0.004275178714272944,0.0,0.0,-0.004275178714272944,0.2,1.0407218826546611,1.038998545160253,-0.013330353958437735
2021-06-09,plain_sentiment,Plain-VADER tilt,minimum_variance,False,0.004222947849485892,0.0,0.0,0.004222947849485892,0.2,1.0451167968909307,1.0433861818321566,-0.00916369949853335
2021-06-10,plain_sentiment,Plain-VADER tilt,minimum_variance,False,0.007357957038570229,0.0,0.0,0.007357957038570229,0.2,1.0528067213827423,1.0510633725327154,-0.0018731685671877774
2021-06-11,plain_sentiment,Plain-VADER tilt,minimum_variance,False,0.0019849572503894053,0.0,0.0,0.0019849572503894053,0.2,1.0548964977176096,1.053149688394643,0.0
2021-06-14,plain_sentiment,Plain-VADER tilt,minimum_variance,False,0.0013166989029243048,0.0,0.0,0.0013166989029243048,0.2,1.0562854787788531,1.0545363694339673,0.0
2021-06-15,plain_sentiment,Plain-VADER tilt,minimum_variance,False,-0.007477576912743117,0.0,0.0,-0.007477576912743117,0.2,1.0483870228694707,1.04665099262424,-0.007477576912743089
2021-06-16,plain_sentiment,Plain-VADER tilt,minimum_variance,False,-0.011892034149117357,0.0,0.0,-0.011892034149117357,0.2,1.0359195685920155,1.0342041832777449,-0.019280687461861512
2021-06-17,plain_sentiment,Plain-VADER tilt,minimum_variance,False,-0.0011167497792546846,0.0,0.0,-0.0011167497792546846,0.2,1.0347627056424649,1.0330492359843653,-0.02037590553764923
2021-06-18,plain_sentiment,Plain-VADER tilt,minimum_variance,False,-0.009138653267482606,0.0,0.0,-0.009138653267482606,0.2,1.0253063680614762,1.0236085572084663,-0.02932835046941229
2021-06-21,plain_sentiment,Plain-VADER tilt,minimum_variance,False,0.010596866758559626,0.0,0.0,0.010596866758559626,0.2,1.0361714030305265,1.034455600702126,-0.019042272333025356
2021-06-22,plain_sentiment,Plain-VADER tilt,minimum_variance,False,-0.0007352858104155023,0.0,0.0,-0.0007352858104155023,0.2,1.03540952090072,1.033694980177425,-0.01976355663079621
2021-06-23,plain_sentiment,Plain-VADER tilt,minimum_variance,False,-0.007339325864053495,0.0,0.0,-0.007339325864053495,0.2,1.027810313024086,1.0261083558738664,-0.026957831312503622
2021-06-24,plain_sentiment,Plain-VADER tilt,minimum_variance,False,0.005063232829963833,0.0,0.0,0.005063232829963833,0.2,1.033014355943965,1.0313037813884272,-0.022031092259065965
2021-06-25,plain_sentiment,Plain-VADER tilt,minimum_variance,False,0.012177096924358564,0.0,0.0,0.012177096924358564,0.2,1.0455934718805486,1.0438620674928516,-0.010122270080495488
2021-06-28,plain_sentiment,Plain-VADER tilt,minimum_variance,False,0.004186465452840496,0.0,0.0,0.004186465452840496,0.2,1.049970812828292,1.048232159975941,-0.005978181161651386
2021-06-29,plain_sentiment,Plain-VADER tilt,minimum_variance,False,-0.0019919528140070414,0.0,0.0,-0.0019919528140070414,0.2,1.0478793205130537,1.0461441309751442,-0.007958225720870793
2021-06-30,plain_sentiment,Plain-VADER tilt,minimum_variance,False,0.0045852851065398695,0.0,0.0,0.0045852851065398695,0.2,1.0526841459548533,1.0509410000781985,-0.0034094313482034844
2021-07-01,plain_sentiment,Plain-VADER tilt,minimum_variance,True,0.003520008540126434,0.17741362419267767,0.00017741362419267768,0.0033425949159337563,0.2,1.05638960313867,1.0544538701220063,-7.823278016039215e-05
2021-07-02,plain_sentiment,Plain-VADER tilt,minimum_variance,False,0.004334068902695363,0.0,0.0,0.004334068902695363,0.2,1.060968068466764,1.059023945849829,0.0
2021-07-06,plain_sentiment,Plain-VADER tilt,minimum_variance,False,-0.0026618342965240445,0.0,0.0,-0.0026618342965240445,0.2,1.0581439472746024,1.0562049995899256,-0.0026618342965240016
2021-07-07,plain_sentiment,Plain-VADER tilt,minimum_variance,False,0.002694757861270153,0.0,0.0,0.002694757861270153,0.2,1.060995388994876,1.0590512163156833,0.0
2021-07-08,plain_sentiment,Plain-VADER tilt,minimum_variance,False,-0.005980006866606519,0.0,0.0,-0.005980006866606519,0.2,1.0546506292832487,1.0527180827700275,-0.005980006866606491
2021-07-09,plain_sentiment,Plain-VADER tilt,minimum_variance,False,0.006713502550445963,0.0,0.0,0.006713502550445963,0.2,1.0617310289727713,1.0597855083036047,0.0
2021-07-12,plain_sentiment,Plain-VADER tilt,minimum_variance,False,0.0029301108487763804,0.0,0.0,0.0029301108487763804,0.2,1.064842018579247,1.0628907973188613,0.0
2021-07-13,plain_sentiment,Plain-VADER tilt,minimum_variance,False,-0.0021293331696993073,0.0,0.0,-0.0021293331696993073,0.2,1.0625746151485966,1.060627548688362,-0.002129333169699321
2021-07-14,plain_sentiment,Plain-VADER tilt,minimum_variance,False,0.003842247327679095,0.0,0.0,0.003842247327679095,0.2,1.066657289624111,1.0647027420529729,0.0
2021-07-15,plain_sentiment,Plain-VADER tilt,minimum_variance,False,0.0009115252956240581,0.0,0.0,0.0009115252956240581,0.2,1.0676295747253652,1.0656732455346745,0.0
2021-07-16,plain_sentiment,Plain-VADER tilt,minimum_variance,False,-0.0008178450541406945,0.0,0.0,-0.0008178450541406945,0.2,1.0667564191580217,1.0648016899414838,-0.0008178450541407312
2021-07-19,plain_sentiment,Plain-VADER tilt,minimum_variance,False,-0.01366807415778681,0.0,0.0,-0.01366807415778681,0.2,1.0521759133126747,1.050247901480027,-0.014474740845077827
2021-07-20,plain_sentiment,Plain-VADER tilt,minimum_variance,False,0.006161832435542097,0.0,0.0,0.006161832435542097,0.2,1.0586592449832208,1.0567193530647268,-0.008402099337170954
2021-07-21,plain_sentiment,Plain-VADER tilt,minimum_variance,False,-0.0017038703384426375,0.0,0.0,-0.0017038703384426375,0.2,1.056855426897176,1.0549188403029814,-0.01009165358777242
2021-07-22,plain_sentiment,Plain-VADER tilt,minimum_variance,False,-0.0003440111142849114,0.0,0.0,-0.0003440111142849114,0.2,1.0564918568841308,1.0545559364972485,-0.01043219306106169
2021-07-23,plain_sentiment,Plain-VADER tilt,minimum_variance,False,0.0102929140330011,0.0,0.0,0.0102929140330011,0.2,1.0673662367436048,1.0654103900946057,-0.00024665669441370497
2021-07-26,plain_sentiment,Plain-VADER tilt,minimum_variance,False,0.0014348901424427953,0.0,0.0,0.0014348901424427953,0.2,1.0688977900350844,1.0669391369610086,0.0
2021-07-27,plain_sentiment,Plain-VADER tilt,minimum_variance,False,0.0003237112954844136,0.0,0.0,0.0003237112954844136,0.2,1.0692438043234371,1.0672845172112373,0.0
2021-07-28,plain_sentiment,Plain-VADER tilt,minimum_variance,False,0.00029692229963003425,0.0,0.0,0.00029692229963003425,0.2,1.069561286652682,1.0676014177844473,0.0
2021-07-29,plain_sentiment,Plain-VADER tilt,minimum_variance,False,-0.0007941779288325795,0.0,0.0,-0.0007941779288325795,0.2,1.0687118646852887,1.0667535523016525,-0.0007941779288326289
2021-07-30,plain_sentiment,Plain-VADER tilt,minimum_variance,False,-0.00362288967799085,0.0,0.0,-0.00362288967799085,0.2,1.064840039501974,1.0628888218680588,-0.004414190387802552
2021-08-02,plain_sentiment,Plain-VADER tilt,minimum_variance,True,-0.0013253265393666034,0.09676675472577911,9.676675472577912e-05,-0.0014220932940923825,0.2,1.063428778737442,1.0613772948021145,-0.0058300062913455575
2021-08-03,plain_sentiment,Plain-VADER tilt,minimum_variance,False,0.0016066542656479536,0.0,0.0,0.0016066542656479536,0.2,1.0651373411210132,1.0630825611602701,-0.004232718830174398
2021-08-04,plain_sentiment,Plain-VADER tilt,minimum_variance,False,-0.007756437762514553,0.0,0.0,-0.007756437762514553,0.2,1.056875669626078,1.0548368274382158,-0.011956325772516596
2021-08-05,plain_sentiment,Plain-VADER tilt,minimum_variance,False,0.004609699108341369,0.0,0.0,0.004609699108341369,0.2,1.0617475484579808,1.0596993078211034,-0.00740174172842778
2021-08-06,plain_sentiment,Plain-VADER tilt,minimum_variance,False,-0.0013269219856688777,0.0,0.0,-0.0013269219856688777,0.2,1.0603386922927018,1.0582931695113575,-0.008718842180264974
2021-08-09,plain_sentiment,Plain-VADER tilt,minimum_variance,False,0.0007443509240020088,0.0,0.0,0.0007443509240020088,0.2,1.061127956378065,1.0590809110099482,-0.00798098113449619
2021-08-10,plain_sentiment,Plain-VADER tilt,minimum_variance,False,0.004997932203550286,0.0,0.0,0.004997932203550286,0.2,1.0664314019633343,1.0643741256012502,-0.0030229373335739496
2021-08-11,plain_sentiment,Plain-VADER tilt,minimum_variance,False,0.0045779639932365356,0.0,0.0,0.0045779639932365356,0.2,1.0713134865227794,1.0692467920235855,0.0
2021-08-12,plain_sentiment,Plain-VADER tilt,minimum_variance,False,0.0032618271481250844,0.0,0.0,0.0032618271481250844,0.2,1.0748079259372718,1.0727344902378537,0.0
2021-08-13,plain_sentiment,Plain-VADER tilt,minimum_variance,False,0.0034129199459124442,0.0,0.0,0.0034129199459124442,0.2,1.078476159345728,1.0763956471762548,0.0
2021-08-16,plain_sentiment,Plain-VADER tilt,minimum_variance,False,0.006877697589628854,0.0,0.0,0.006877697589628854,0.2,1.085893592227332,1.0837987709243257,0.0
2021-08-17,plain_sentiment,Plain-VADER tilt,minimum_variance,False,0.002309430261038058,0.0,0.0,0.002309430261038058,0.2,1.0884013877494891,1.0863017286027743,0.0
2021-08-18,plain_sentiment,Plain-VADER tilt,minimum_variance,False,-0.011265670476102501,0.0,0.0,-0.011265670476102501,0.2,1.0761398163693707,1.0740638112907148,-0.011265670476102607
2021-08-19,plain_sentiment,Plain-VADER tilt,minimum_variance,False,0.0011715967929394975,0.0,0.0,0.0011715967929394975,0.2,1.0774006183269835,1.0753221810074354,-0.01010727250656318
2021-08-20,plain_sentiment,Plain-VADER tilt,minimum_variance,False,0.00443818320262608,0.0,0.0,0.00443818320262608,0.2,1.0821823196537415,1.080094657848594,-0.005713947231000049
2021-08-23,plain_sentiment,Plain-VADER tilt,minimum_variance,False,-0.000521727811973153,0.0,0.0,-0.000521727811973153,0.2,1.0816177150399524,1.0795311424260308,-0.00623269391778658
2021-08-24,plain_sentiment,Plain-VADER tilt,minimum_variance,False,-0.004325834175077208,0.0,0.0,-0.004325834175077208,0.2,1.0769388161638636,1.074861269717064,-0.010531566492511413
2021-08-25,plain_sentiment,Plain-VADER tilt,minimum_variance,False,-0.0030388282399966093,0.0,0.0,-0.0030388282399966093,0.2,1.0736661840765562,1.0715949509365692,-0.01353839111083921
2021-08-26,plain_sentiment,Plain-VADER tilt,minimum_variance,False,-0.005126821061541205,0.0,0.0,-0.005126821061541205,0.2,1.068161689670968,1.0661010753726665,-0.018595803263693922
2021-08-27,plain_sentiment,Plain-VADER tilt,minimum_variance,False,0.0016576371191404477,0.0,0.0,0.0016576371191404477,0.2,1.0699323141370103,1.0678682840879596,-0.016968991238303754
2021-08-30,plain_sentiment,Plain-VADER tilt,minimum_variance,False,0.00393497582692484,0.0,0.0,0.00393497582692484,0.2,1.0741424719295853,1.0720703199721855,-0.013100787981708883
2021-08-31,plain_sentiment,Plain-VADER tilt,minimum_variance,False,0.003318978811135397,0.0,0.0,0.003318978811135397,0.2,1.0777075280340602,1.0756284986482203,-0.00982529040829394
2021-09-01,plain_sentiment,Plain-VADER tilt,minimum_variance,True,0.00018089508778342195,0.08458157763111843,8.458157763111843e-05,9.631351015230352e-05,0.2,1.077902480031949,1.0757320962045451,-0.009729923206349023
2021-09-02,plain_sentiment,Plain-VADER tilt,minimum_variance,False,0.0049691709126595115,0.0,0.0,0.0049691709126595115,0.2,1.0832587616824074,1.081077592846819,-0.004809101945068894
2021-09-03,plain_sentiment,Plain-VADER tilt,minimum_variance,False,-0.0017391294425908894,0.0,0.0,-0.0017391294425908894,0.2,1.081374834476021,1.079197458975374,-0.006539867736874649
2021-09-07,plain_sentiment,Plain-VADER tilt,minimum_variance,False,-0.014360354488105735,0.0,0.0,-0.014360354488105735,0.2,1.0658459085184286,1.0636998009018246,-0.020806307405973445
2021-09-08,plain_sentiment,Plain-VADER tilt,minimum_variance,False,0.0041481492247621085,0.0,0.0,0.0041481492247621085,0.2,1.0702671963975652,1.0681121864063152,-0.016744465849147572
2021-09-09,plain_sentiment,Plain-VADER tilt,minimum_variance,False,-0.010602802212934324,0.0,0.0,-0.010602802212934324,0.2,1.0589193649991702,1.0567872041526243,-0.02716972980252208
2021-09-10,plain_sentiment,Plain-VADER tilt,minimum_variance,False,-0.007011965340758162,0.0,0.0,-0.007011965340758162,0.2,1.0514942591131382,1.0493770489045493,-0.03399118193958717
2021-09-13,plain_sentiment,Plain-VADER tilt,minimum_variance,False,-0.00017793219934159705,0.0,0.0,-0.00017793219934159705,0.2,1.051307164427019,1.049190330938299,-0.0341630660131681
2021-09-14,plain_sentiment,Plain-VADER tilt,minimum_variance,False,-0.006190294289428423,0.0,0.0,-0.006190294289428423,0.2,1.0447992636906314,1.0426955340241681,-0.04014188087014592
2021-09-15,plain_sentiment,Plain-VADER tilt,minimum_variance,False,0.0025257302744307545,0.0,0.0,0.0025257302744307545,0.2,1.0474381448216379,1.0453291017014668,-0.03771753815950141
2021-09-16,plain_sentiment,Plain-VADER tilt,minimum_variance,False,-0.005088526902162423,0.0,0.0,-0.005088526902162423,0.2,1.042108227643362,1.0400099164458456,-0.04261413835405592
2021-09-17,plain_sentiment,Plain-VADER tilt,minimum_variance,False,-0.008165114006666203,0.0,0.0,-0.008165114006666203,0.2,1.0335992951573691,1.0315181169100018,-0.05043130306276544
2021-09-20,plain_sentiment,Plain-VADER tilt,minimum_variance,False,-0.010942821132839176,0.0,0.0,-0.010942821132839176,0.2,1.0222888029474335,1.0202303986613726,-0.06082226346669284
2021-09-21,plain_sentiment,Plain-VADER tilt,minimum_variance,False,-0.004541051752715678,0.0,0.0,-0.004541051752715678,0.2,1.0176465365870275,1.0155974796213576,-0.06508711817328883
2021-09-22,plain_sentiment,Plain-VADER tilt,minimum_variance,False,0.0015466120034246513,0.0,0.0,0.0015466120034246513,0.2,1.0192204409357566,1.0171682148739878,-0.06364117068809938
2021-09-23,plain_sentiment,Plain-VADER tilt,minimum_variance,False,0.003978227774377758,0.0,0.0,0.003978227774377758,0.2,1.0232751320021007,1.0212147417176138,-0.05991612198654683
2021-09-24,plain_sentiment,Plain-VADER tilt,minimum_variance,False,-0.0037213185010576857,0.0,0.0,-0.0037213185010576857,0.2,1.019467199321709,1.0174144764057071,-0.06341447351434437
2021-09-27,plain_sentiment,Plain-VADER tilt,minimum_variance,False,-0.0025465700394552366,0.0,0.0,-0.0025465700394552366,0.2,1.016871054695709,1.0148235591823844,-0.06579955415548011
2021-09-28,plain_sentiment,Plain-VADER tilt,minimum_variance,False,-0.006730942867662745,0.0,0.0,-0.006730942867662745,0.2,1.0100265537227722,1.0079928397847697,-0.07208760398340452
2021-09-29,plain_sentiment,Plain-VADER tilt,minimum_variance,False,0.0074510165054077,0.0,0.0,0.0074510165054077,0.2,1.0175522782454607,1.015503411071339,-0.06517371340511224
2021-09-30,plain_sentiment,Plain-VADER tilt,minimum_variance,False,-0.010258457140287799,0.0,0.0,-0.010258457140287799,0.2,1.0071137618110775,1.0050859128530476,-0.0747635887997603
2021-10-01,plain_sentiment,Plain-VADER tilt,minimum_variance,True,0.01005846779156604,0.16096918543807015,0.00016096918543807016,0.00989749860612797,0.2,1.0172437831466972,1.0150337492745496,-0.06560606270956704
2021-10-04,plain_sentiment,Plain-VADER tilt,minimum_variance,False,0.00014947799886409372,0.0,0.0,0.00014947799886409372,0.2,1.0173958387117588,1.0151854744881705,-0.06546639137367027
2021-10-05,plain_sentiment,Plain-VADER tilt,minimum_variance,False,0.0027693543681376856,0.0,0.0,0.0027693543681376856,0.2,1.0202133683218204,1.0179968828164143,-0.06287833664244946
2021-10-06,plain_sentiment,Plain-VADER tilt,minimum_variance,False,0.002816990594263667,0.0,0.0,0.002816990594263667,0.2,1.023087299784525,1.0208645704602979,-0.06023847373109048
2021-10-07,plain_sentiment,Plain-VADER tilt,minimum_variance,False,0.008119237027590095,0.0,0.0,0.008119237027590095,0.2,1.0313939880713927,1.029153211880934,-0.05260832714990349
2021-10-08,plain_sentiment,Plain-VADER tilt,minimum_variance,False,-0.0038224569124401106,0.0,0.0,-0.0038224569124401106,0.2,1.0274515289922401,1.0252193180722198,-0.05622969099857744
2021-10-11,plain_sentiment,Plain-VADER tilt,minimum_variance,False,-0.007956445468585715,0.0,0.0,-0.007956445468585715,0.2,1.0192766669301982,1.0170622164746375,-0.06373874799701762
2021-10-12,plain_sentiment,Plain-VADER tilt,minimum_variance,False,-2.7337339358239534e-05,0.0,0.0,-2.7337339358239534e-05,0.2,1.0192488026180544,1.0170344126996773,-0.06376434288859156
2021-10-13,plain_sentiment,Plain-VADER tilt,minimum_variance,False,0.002051296018819656,0.0,0.0,0.002051296018819656,0.2,1.0213395836290515,1.0191206513414508,-0.06184384641248186
2021-10-14,plain_sentiment,Plain-VADER tilt,minimum_variance,False,0.00996863079107906,0.0,0.0,0.00996863079107906,0.2,1.0315209408505641,1.0292798888462378,-0.05249171409298892
2021-10-15,plain_sentiment,Plain-VADER tilt,minimum_variance,False,-0.00042668965447693495,0.0,0.0,-0.00042668965447693495,0.2,1.031080801536727,1.028840705766106,-0.05289600607611655
2021-10-18,plain_sentiment,Plain-VADER tilt,minimum_variance,False,-0.00037917075212532173,0.0,0.0,-0.00037917075212532173,0.2,1.0306898458537064,1.0284505994618836,-0.053255120209833584
2021-10-19,plain_sentiment,Plain-VADER tilt,minimum_variance,False,0.011485439292998514,0.0,0.0,0.011485439292998514,0.2,1.042527771508169,1.040262806387851,-0.04238133936704647
2021-10-20,plain_sentiment,Plain-VADER tilt,minimum_variance,False,0.00895626567121162,0.0,0.0,0.00895626567121162,0.2,1.0518649271994125,1.0495796764497407,-0.03380465223070783
2021-10-21,plain_sentiment,Plain-VADER tilt,minimum_variance,False,0.006439046386906541,0.0,0.0,0.006439046386906541,0.2,1.0586379342584096,1.056337968673155,-0.02758327556760798
2021-10-22,plain_sentiment,Plain-VADER tilt,minimum_variance,False,0.003180509774244821,0.0,0.0,0.003180509774244821,0.2,1.0620049425557048,1.0596976619074259,-0.02449049467091169
2021-10-25,plain_sentiment,Plain-VADER tilt,minimum_variance,False,0.004475689573447906,0.0,0.0,0.004475689573447906,0.2,1.0667581470040515,1.0644405396838321,-0.020124416949110935
2021-10-26,plain_sentiment,Plain-VADER tilt,minimum_variance,False,0.0006402563269746207,0.0,0.0,0.0006402563269746207,0.2,1.0674411456570227,1.0651220544740532,-0.01949704540741448
2021-10-27,plain_sentiment,Plain-VADER tilt,minimum_variance,False,-0.011074322700472051,0.0,0.0,-0.011074322700472051,0.2,1.0556199579462553,1.0533265491274177,-0.03035545153533903
2021-10-28,plain_sentiment,Plain-VADER tilt,minimum_variance,False,0.01492213868188575,0.0,0.0,0.01492213868188575,0.2,1.071372065354096,1.0690444339708094,-0.015886281111014755
2021-10-29,plain_sentiment,Plain-VADER tilt,minimum_variance,False,-0.002317295051145963,0.0,0.0,-0.002317295051145963,0.2,1.0688893801691148,1.0665671425945138,-0.018166762961560945
2021-11-01,plain_sentiment,Plain-VADER tilt,minimum_variance,True,0.005681893399816538,0.1607853069075727,0.0001607853069075727,0.0055211080929089655,0.2,1.0749626956834317,1.072455775077123,-0.012745955530661046
2021-11-02,plain_sentiment,Plain-VADER tilt,minimum_variance,False,0.004648102929980114,0.0,0.0,0.004648102929980114,0.2,1.0799592329388572,1.077440659907533,-0.008157097113928535
2021-11-03,plain_sentiment,Plain-VADER tilt,minimum_variance,False,-0.00026034206694699026,0.0,0.0,-0.00026034206694699026,0.2,1.0796780741199354,1.07716015677912,-0.008415315545352575
2021-11-04,plain_sentiment,Plain-VADER tilt,minimum_variance,False,0.0008134816774820219,0.0,0.0,0.0008134816774820219,0.2,1.0805563724508112,1.0780364068303736,-0.007608679572876809
2021-11-05,plain_sentiment,Plain-VADER tilt,minimum_variance,False,-0.011917197635793315,0.0,0.0,-0.011917197635793315,0.2,1.0676791686036988,1.0651892339115956,-0.019435203070452656
2021-11-08,plain_sentiment,Plain-VADER tilt,minimum_variance,False,0.0016639584536082145,0.0,0.0,0.0016639584536082145,0.2,1.0694557423820383,1.0669616645420552,-0.017803583987291205
2021-11-09,plain_sentiment,Plain-VADER tilt,minimum_variance,False,0.0006593060933092022,0.0,0.0,0.0006593060933092022,0.2,1.0701608410695151,1.067665118868815,-0.01715601590538751
2021-11-10,plain_sentiment,Plain-VADER tilt,minimum_variance,False,-0.0006134339772077794,0.0,0.0,-0.0006134339772077794,0.2,1.0695043680485259,1.0670101768086213,-0.017758925799525538
2021-11-11,plain_sentiment,Plain-VADER tilt,minimum_variance,False,0.0033804647078605637,0.0,0.0,0.0033804647078605637,0.2,1.0731197898196168,1.070617167054251,-0.014438494513579703
2021-11-12,plain_sentiment,Plain-VADER tilt,minimum_variance,False,0.00255372327209387,0.0,0.0,0.00255372327209387,0.2,1.0758602408006235,1.0733512270292607,-0.011921643160939133
2021-11-15,plain_sentiment,Plain-VADER tilt,minimum_variance,False,-0.0032733707682195785,0.0,0.0,-0.0032733707682195785,0.2,1.072338551337697,1.0698377504986705,-0.015155989970926598
2021-11-16,plain_sentiment,Plain-VADER tilt,minimum_variance,False,-0.004770194002236255,0.0,0.0,-0.004770194002236255,0.2,1.0672232884117394,1.0647344168778758,-0.019853886960705447
2021-11-17,plain_sentiment,Plain-VADER tilt,minimum_variance,False,-0.0033195957622602296,0.0,0.0,-0.0033195957622602296,0.2,1.0636805385061423,1.0611999290196754,-0.023107575843946626
2021-11-18,plain_sentiment,Plain-VADER tilt,minimum_variance,False,-0.0020270091485296666,0.0,0.0,-0.0020270091485296666,0.2,1.0615244483234774,1.0590488670551335,-0.025087745724840294
2021-11-19,plain_sentiment,Plain-VADER tilt,minimum_variance,False,-0.008291609158374668,0.0,0.0,-0.008291609158374668,0.2,1.0527227024859198,1.0502676477698927,-0.033171337100999954
2021-11-22,plain_sentiment,Plain-VADER tilt,minimum_variance,False,0.00264672749791704,0.0,0.0,0.00264672749791704,0.2,1.0555089726102707,1.053047420033418,-0.03061240509313079
2021-11-23,plain_sentiment,Plain-VADER tilt,minimum_variance,False,0.006980281509128215,0.0,0.0,0.006980281509128215,0.2,1.062876722374501,1.0603979874677123,-0.02384580678922421
2021-11-24,plain_sentiment,Plain-VADER tilt,minimum_variance,False,-0.0007035081927724044,0.0,0.0,-0.0007035081927724044,0.2,1.0621289798924034,1.0596519887959295,-0.024532539261557074
2021-11-26,plain_sentiment,Plain-VADER tilt,minimum_variance,False,-0.014759143880595293,0.0,0.0,-0.014759143880595293,0.2,1.0464528654584215,1.0440124326299314,-0.03892960386543465
2021-11-29,plain_sentiment,Plain-VADER tilt,minimum_variance,False,0.0005990360485038451,0.0,0.0,0.0005990360485038451,0.2,1.0470797284478912,1.044637833712163,-0.03835388805300022
2021-11-30,plain_sentiment,Plain-VADER tilt,minimum_variance,False,-0.02156991351849201,0.0,0.0,-0.02156991351849201,0.2,1.024494309258304,1.0221050859808467,-0.05909651152309103
2021-12-01,plain_sentiment,Plain-VADER tilt,minimum_variance,True,-0.011357271698770701,0.19355392113489572,0.00019355392113489572,-0.011550825619905596,0.2,1.0128588490342132,1.0102989283674633,-0.0699647236436487
2021-12-02,plain_sentiment,Plain-VADER tilt,minimum_variance,False,0.014114939238091546,0.0,0.0,0.014114939238091546,0.2,1.0271552901450944,1.0245592363536788,-0.056837332228597326
2021-12-03,plain_sentiment,Plain-VADER tilt,minimum_variance,False,0.009233822915872578,0.0,0.0,0.009233822915872578,0.2,1.036639860201396,1.0340198349089904,-0.04812833517353421
2021-12-06,plain_sentiment,Plain-VADER tilt,minimum_variance,False,0.010923587141876488,0.0,0.0,0.010923587141876488,0.2,1.0479636860490487,1.0453150406820475,-0.03773048209491925
2021-12-07,plain_sentiment,Plain-VADER tilt,minimum_variance,False,0.003478029354310053,0.0,0.0,0.003478029354310053,0.2,1.0516085345113781,1.0489506770780415,-0.0343836804648876
2021-12-08,plain_sentiment,Plain-VADER tilt,minimum_variance,False,0.0004003770370524021,0.0,0.0,0.0004003770370524021,0.2,1.0520295744205648,1.049370652842144,-0.033997069863942686
2021-12-09,plain_sentiment,Plain-VADER tilt,minimum_variance,False,-0.0030817292541696533,0.0,0.0,-0.0030817292541696533,0.2,1.0487875041048214,1.0461367766028133,-0.036974029353356586
2021-12-10,plain_sentiment,Plain-VADER tilt,minimum_variance,False,0.007395955610952007,0.0,0.0,0.007395955610952007,0.2,1.0565442899305018,1.053873957765552,-0.029851532022260097
2021-12-13,plain_sentiment,Plain-VADER tilt,minimum_variance,False,0.005322603776146899,0.0,0.0,0.005322603776146899,0.2,1.0621678565577524,1.0594833112727378,-0.02468781612317872
2021-12-14,plain_sentiment,Plain-VADER tilt,minimum_variance,False,-0.0005672041231776352,0.0,0.0,-0.0005672041231776352,0.2,1.061565390570006,1.058882367970146,-0.025241017215259065
2021-12-15,plain_sentiment,Plain-VADER tilt,minimum_variance,False,0.01180694063660621,0.0,0.0,0.01180694063660621,0.2,1.0740992301183416,1.0713845292299184,-0.013732095770521036
2021-12-16,plain_sentiment,Plain-VADER tilt,minimum_variance,False,0.010713163161817014,0.0,0.0,0.010713163161817014,0.2,1.0856062304225813,1.082862446500605,-0.0031660467912474344
2021-12-17,plain_sentiment,Plain-VADER tilt,minimum_variance,False,-0.012855771977681849,0.0,0.0,-0.012855771977681849,0.2,1.071649924266718,1.0689414138051985,-0.015981116793310268
2021-12-20,plain_sentiment,Plain-VADER tilt,minimum_variance,False,0.0011238660907033555,0.0,0.0,0.0011238660907033555,0.2,1.0728543152777061,1.0701427608131227,-0.014875211337862515
2021-12-21,plain_sentiment,Plain-VADER tilt,minimum_variance,False,0.0038574957628773,0.0,0.0,0.0038574957628773,0.2,1.0769928462530745,1.074270831978633,-0.011075096639693083
2021-12-22,plain_sentiment,Plain-VADER tilt,minimum_variance,False,0.006207839830725063,0.0,0.0,0.006207839830725063,0.2,1.0836786453414502,1.080939733238376,-0.004936009235016914
2021-12-23,plain_sentiment,Plain-VADER tilt,minimum_variance,False,0.002019419420842494,0.0,0.0,0.002019419420842494,0.2,1.085867047043805,1.083122603928438,-0.002926557687085052
2021-12-27,plain_sentiment,Plain-VADER tilt,minimum_variance,False,0.009909070916838186,0.0,0.0,0.009909070916838186,0.2,1.0966269806192197,1.0938553426223954,0.0
2021-12-28,plain_sentiment,Plain-VADER tilt,minimum_variance,False,0.004575737994947338,0.0,0.0,0.004575737994947338,0.2,1.1016448583607235,1.0988605380746088,0.0
2021-12-29,plain_sentiment,Plain-VADER tilt,minimum_variance,False,0.00119922730513458,0.0,0.0,0.00119922730513458,0.2,1.1029659809554309,1.100178321636403,0.0
2021-12-30,plain_sentiment,Plain-VADER tilt,minimum_variance,False,0.0007314096221234514,0.0,0.0,0.0007314096221234514,0.2,1.1037727008867764,1.1009830026468994,0.0
2021-12-31,plain_sentiment,Plain-VADER tilt,minimum_variance,False,-0.0012390562380306816,0.0,0.0,-0.0012390562380306816,0.2,1.1024050644363748,1.099618822789504,-0.0012390562380306669
2022-01-03,plain_sentiment,Plain-VADER tilt,minimum_variance,True,0.0029779893850197846,0.16866867261297114,0.00016866867261297114,0.0028093207124068134,0.2,1.1056880150162582,1.1027080047241191,0.0
2022-01-04,plain_sentiment,Plain-VADER tilt,minimum_variance,False,-0.0008924864633055338,0.0,0.0,-0.0008924864633055338,0.2,1.104701203430217,1.1017238527569242,-0.0008924864633055307
2022-01-05,plain_sentiment,Plain-VADER tilt,minimum_variance,False,-0.002952786204990254,0.0,0.0,-0.002952786204990254,0.2,1.1014392569560922,1.0984706977627947,-0.003842637346578859
2022-01-06,plain_sentiment,Plain-VADER tilt,minimum_variance,False,-0.0037509571604765306,0.0,0.0,-0.0037509571604765306,0.2,1.0973078054883827,1.0943503812334476,-0.007579180938985242
2022-01-07,plain_sentiment,Plain-VADER tilt,minimum_variance,False,0.004442365162443917,0.0,0.0,0.004442365162443917,0.2,1.102182447455962,1.0992118852425463,-0.003170485265904577
2022-01-10,plain_sentiment,Plain-VADER tilt,minimum_variance,False,0.00010592863822900145,0.0,0.0,0.00010592863822900145,0.2,1.102299200141701,1.0993283232606752,-0.003064892472862235
2022-01-11,plain_sentiment,Plain-VADER tilt,minimum_variance,False,0.0038915850351335024,0.0,0.0,0.0038915850351335024,0.2,1.106588891213212,1.103606452912175,0.0
2022-01-12,plain_sentiment,Plain-VADER tilt,minimum_variance,False,0.0001790265422076131,0.0,0.0,0.0001790265422076131,0.2,1.1067869999960513,1.103804027759398,0.0
2022-01-13,plain_sentiment,Plain-VADER tilt,minimum_variance,False,-0.0031073394482580407,0.0,0.0,-0.0031073394482580407,0.2,1.1033478370901444,1.100374133960795,-0.0031073394482579175
2022-01-14,plain_sentiment,Plain-VADER tilt,minimum_variance,False,-0.0014217082284845015,0.0,0.0,-0.0014217082284845015,0.2,1.1017791983912728,1.0988097230001315,-0.0045246299466802364
2022-01-18,plain_sentiment,Plain-VADER tilt,minimum_variance,False,-0.00987279314023142,0.0,0.0,-0.00987279314023142,0.2,1.090901560279346,1.0879614019044763,-0.014352752351411868
2022-01-19,plain_sentiment,Plain-VADER tilt,minimum_variance,False,-0.0015109220811175155,0.0,0.0,-0.0015109220811175155,0.2,1.0892532930235943,1.0863175769989353,-0.015841988542076857
2022-01-20,plain_sentiment,Plain-VADER tilt,minimum_variance,False,-0.011067878410154643,0.0,0.0,-0.011067878410154643,0.2,1.0771975700185485,1.0742943461418972,-0.026734529749272706
2022-01-21,plain_sentiment,Plain-VADER tilt,minimum_variance,False,-0.00482212364768175,0.0,0.0,-0.00482212364768175,0.2,1.0720031901429368,1.0691139659707956,-0.03142773618884087
2022-01-24,plain_sentiment,Plain-VADER tilt,minimum_variance,False,-0.0049678059977089125,0.0,0.0,-0.0049678059977089125,0.2,1.0666776862653815,1.0638028151984114,-0.03623941529021657
2022-01-25,plain_sentiment,Plain-VADER tilt,minimum_variance,False,-0.0042609070396144675,0.0,0.0,-0.0042609070396144675,0.2,1.0621326718029738,1.0592700502943708,-0.040345909550109416
2022-01-26,plain_sentiment,Plain-VADER tilt,minimum_variance,False,-0.015404568514923899,0.0,0.0,-0.015404568514923899,0.2,1.0457709762882457,1.0429524522288043,-0.05512896673707168
2022-01-27,plain_sentiment,Plain-VADER tilt,minimum_variance,False,0.00029308885104389914,0.0,0.0,0.00029308885104389914,0.2,1.046077480102141,1.0432581299647214,-0.05485203557154805
2022-01-28,plain_sentiment,Plain-VADER tilt,minimum_variance,False,0.0154731611688443,0.0,0.0,0.0154731611688443,0.2,1.0622636055468602,1.0594006311503728,-0.04022760878954135
2022-01-31,plain_sentiment,Plain-VADER tilt,minimum_variance,False,0.010944153969194266,0.0,0.0,0.010944153969194266,0.2,1.0738891820018366,1.070994874772744,-0.02972371196475232
2022-02-01,plain_sentiment,Plain-VADER tilt,minimum_variance,True,-0.0024723745485530097,0.27938808720025937,0.00027938808720025937,-0.002751762635753269,0.2,1.0712341257202889,1.068047751093261,-0.03239368200052517
2022-02-02,plain_sentiment,Plain-VADER tilt,minimum_variance,False,0.010880025511662011,0.0,0.0,0.010880025511662011,0.2,1.0828891803370886,1.0796681378728292,-0.021866100575445357
2022-02-03,plain_sentiment,Plain-VADER tilt,minimum_variance,False,-0.005935547428205912,0.0,0.0,-0.005935547428205912,0.2,1.0764616402477067,1.0732597164337623,-0.02767186072661576
2022-02-04,plain_sentiment,Plain-VADER tilt,minimum_variance,False,-0.0038933698291322718,0.0,0.0,-0.0038933698291322718,0.2,1.0722705769753482,1.069081119434976,-0.03145749376807905
2022-02-07,plain_sentiment,Plain-VADER tilt,minimum_variance,False,-0.0008720530749884856,0.0,0.0,-0.0008720530749884856,0.2,1.0713355001214773,1.0681488239573607,-0.03230211423889562
2022-02-08,plain_sentiment,Plain-VADER tilt,minimum_variance,False,-0.001341009732357101,0.0,0.0,-0.001341009732357101,0.2,1.0698988287891948,1.066716425988828,-0.03359980652168271
2022-02-09,plain_sentiment,Plain-VADER tilt,minimum_variance,False,0.006383509675679964,0.0,0.0,0.006383509675679964,0.2,1.0767285383147693,1.0735258206153344,-0.027430781536034954
2022-02-10,plain_sentiment,Plain-VADER tilt,minimum_variance,False,-0.017115104376507827,0.0,0.0,-0.017115104376507827,0.2,1.0583002169963474,1.0551523141446266,-0.044076405223424486
2022-02-11,plain_sentiment,Plain-VADER tilt,minimum_variance,False,-0.002910430577319068,0.0,0.0,-0.002910430577319068,0.2,1.0552201076848178,1.052081366585811,-0.04685855448324305
2022-02-14,plain_sentiment,Plain-VADER tilt,minimum_variance,False,-0.00786788666871299,0.0,0.0,-0.00786788666871299,0.2,1.0469177554670066,1.0438037096272492,-0.0543577633558221
2022-02-15,plain_sentiment,Plain-VADER tilt,minimum_variance,False,0.0022740892253593535,0.0,0.0,0.0022740892253593535,0.2,1.0492985398545516,1.0461774123967027,-0.05220728853442491
2022-02-16,plain_sentiment,Plain-VADER tilt,minimum_variance,False,-0.001655674618136277,0.0,0.0,-0.001655674618136277,0.2,1.047561242895267,1.04444528300893,-0.05377652487005302
2022-02-17,plain_sentiment,Plain-VADER tilt,minimum_variance,False,-0.006666168394034849,0.0,0.0,-0.006666168394034849,0.2,1.0405780232470627,1.037482834874037,-0.06008420989365815
2022-02-18,plain_sentiment,Plain-VADER tilt,minimum_variance,False,-0.0053801576773902125,0.0,0.0,-0.0053801576773902125,0.2,1.0349795494063665,1.031901013634829,-0.06514110504789894
2022-02-22,plain_sentiment,Plain-VADER tilt,minimum_variance,False,-0.004034626032531095,0.0,0.0,-0.004034626032531095,0.2,1.0308037939731942,1.0277376789422226,-0.06891291108221609
2022-02-23,plain_sentiment,Plain-VADER tilt,minimum_variance,False,-0.002705683895010523,0.0,0.0,-0.002705683895010523,0.2,1.0280147647489253,1.0249569456560133,-0.071432138423553
2022-02-24,plain_sentiment,Plain-VADER tilt,minimum_variance,False,-0.001234640122906922,0.0,0.0,-0.001234640122906922,0.2,1.0267455364734255,1.023691492686654,-0.07257858556229735
2022-02-25,plain_sentiment,Plain-VADER tilt,minimum_variance,False,0.0263210548646943,0.0,0.0,0.0263210548646943,0.2,1.0537705620710225,1.0506361326301803,-0.04816787563019009
2022-02-28,plain_sentiment,Plain-VADER tilt,minimum_variance,False,-0.004617391941688405,0.0,0.0,-0.004617391941688405,0.2,1.0489048903693272,1.045784933817727,-0.05256285761109547
2022-03-01,plain_sentiment,Plain-VADER tilt,minimum_variance,True,-0.0036046420807266735,0.2811675947401783,0.0002811675947401783,-0.0038858096754668518,0.2,1.045123963662822,1.0417212126034405,-0.05624441802588698
2022-03-02,plain_sentiment,Plain-VADER tilt,minimum_variance,False,0.01216783889585785,0.0,0.0,0.01216783889585785,0.2,1.0578408636788716,1.054396708492797,-0.04476095214735931
2022-03-03,plain_sentiment,Plain-VADER tilt,minimum_variance,False,0.0074519922107390306,0.0,0.0,0.0074519922107390306,0.2,1.065723885555208,1.0622540645515142,-0.037642518203367725
2022-03-04,plain_sentiment,Plain-VADER tilt,minimum_variance,False,0.0061617020214890655,0.0,0.0,0.0061617020214890655,0.2,1.0722905585751827,1.068799357568396,-0.03171275816238639
2022-03-07,plain_sentiment,Plain-VADER tilt,minimum_variance,False,-0.007709929941643034,0.0,0.0,-0.007709929941643034,0.2,1.064023273491483,1.0605589893998706,-0.0391781849603412
2022-03-08,plain_sentiment,Plain-VADER tilt,minimum_variance,False,-0.013843892471960065,0.0,0.0,-0.013843892471960065,0.2,1.0492930497056039,1.0458767247904481,-0.05247969885246373
2022-03-09,plain_sentiment,Plain-VADER tilt,minimum_variance,False,0.004978157469655267,0.0,0.0,0.004978157469655267,0.2,1.0545165957388531,1.0510832638203023,-0.04776279358765623
2022-03-10,plain_sentiment,Plain-VADER tilt,minimum_variance,False,0.0022754117277067583,0.0,0.0,0.0022754117277067583,0.2,1.056916055167859,1.0534749110055954,-0.045596061880626704
2022-03-11,plain_sentiment,Plain-VADER tilt,minimum_variance,False,-0.005898037134808,0.0,0.0,-0.005898037134808,0.2,1.0506823250261041,1.047261476859896,-0.051225171749261555
2022-03-14,plain_sentiment,Plain-VADER tilt,minimum_variance,False,-0.006277916409975759,0.0,0.0,-0.006277916409975759,0.2,1.0440862292161512,1.0406868568487817,-0.05718150081290896
2022-03-15,plain_sentiment,Plain-VADER tilt,minimum_variance,False,0.008141251435789894,0.0,0.0,0.008141251435789894,0.2,1.0525863977288457,1.0491593502163095,-0.04950577835271286
2022-03-16,plain_sentiment,Plain-VADER tilt,minimum_variance,False,0.006138547469659117,0.0,0.0,0.006138547469659117,0.2,1.0590477492972217,1.055599664690849,-0.0436711244534943
2022-03-17,plain_sentiment,Plain-VADER tilt,minimum_variance,False,0.010521697403001065,0.0,0.0,0.010521697403001065,0.2,1.0701907292506565,1.0667063649414354,-0.0336089214072417
2022-03-18,plain_sentiment,Plain-VADER tilt,minimum_variance,False,0.0028101017548786203,0.0,0.0,0.0028101017548786203,0.2,1.0731980740969786,1.0697039183694976,-0.030893264141389154
2022-03-21,plain_sentiment,Plain-VADER tilt,minimum_variance,False,0.002998828865164844,0.0,0.0,0.002998828865164844,0.2,1.07641641145962,1.072911777357084,-0.02798707888847063
2022-03-22,plain_sentiment,Plain-VADER tilt,minimum_variance,False,0.004525144798247642,0.0,0.0,0.004525144798247642,0.2,1.081287351584685,1.0777668585053701,-0.023588579674673205
2022-03-23,plain_sentiment,Plain-VADER tilt,minimum_variance,False,-0.008901372293587768,0.0,0.0,-0.008901372293587768,0.2,1.0716624103118821,1.0681732544521232,-0.032279981238699906
2022-03-24,plain_sentiment,Plain-VADER tilt,minimum_variance,False,0.006375768161777101,0.0,0.0,0.006375768161777101,0.2,1.0784950813877219,1.0749836794791208,-0.02611002275356733
2022-03-25,plain_sentiment,Plain-VADER tilt,minimum_variance,False,0.009517100345929105,0.0,0.0,0.009517100345929105,0.2,1.0887592272998798,1.0852144070269596,-0.016841414114218467
2022-03-28,plain_sentiment,Plain-VADER tilt,minimum_variance,False,0.005118553959233028,0.0,0.0,0.005118553959233028,0.2,1.0943321001534272,1.0907691355266642,-0.011809063841878742
2022-03-29,plain_sentiment,Plain-VADER tilt,minimum_variance,False,0.011901301158845093,0.0,0.0,0.011901301158845093,0.2,1.1073560760451446,1.1037507075033401,-4.830590821991443e-05
2022-03-30,plain_sentiment,Plain-VADER tilt,minimum_variance,False,0.0010602714748443797,0.0,0.0,0.0010602714748443797,0.2,1.108530174105071,1.1049209828938453,0.0
2022-03-31,plain_sentiment,Plain-VADER tilt,minimum_variance,False,-0.00871081718805066,0.0,0.0,-0.00871081718805066,0.2,1.0988739704110038,1.0952962182046158,-0.008710817188050668
2022-04-01,plain_sentiment,Plain-VADER tilt,minimum_variance,True,0.00985040440647135,0.18639402281295758,0.0001863940228129576,0.009664010383658392,0.2,1.109698323411297,1.105881172230527,0.0
2022-04-04,plain_sentiment,Plain-VADER tilt,minimum_variance,False,0.0019321605719734185,0.0,0.0,0.0019321605719734185,0.2,1.111842438758577,1.1080179122287985,0.0
2022-04-05,plain_sentiment,Plain-VADER tilt,minimum_variance,False,-0.004057205136684882,0.0,0.0,-0.004057205136684882,0.2,1.1073314659048614,1.103522456263765,-0.004057205136684727
2022-04-06,plain_sentiment,Plain-VADER tilt,minimum_variance,False,0.010847624890655775,0.0,0.0,0.010847624890655775,0.2,1.1193433822766172,1.1154930539277295,0.0
2022-04-07,plain_sentiment,Plain-VADER tilt,minimum_variance,False,0.003722229979433612,0.0,0.0,0.003722229979433612,0.2,1.123509835771408,1.1196451756149093,0.0
2022-04-08,plain_sentiment,Plain-VADER tilt,minimum_variance,False,0.0063536341729395224,0.0,0.0,0.0063536341729395224,0.2,1.1306482062575989,1.126758991464263,0.0
2022-04-11,plain_sentiment,Plain-VADER tilt,minimum_variance,False,-0.01441241625921064,0.0,0.0,-0.01441241625921064,0.2,1.1143528336662845,1.1105196718554717,-0.014412416259210636
2022-04-12,plain_sentiment,Plain-VADER tilt,minimum_variance,False,0.0025290042106413477,0.0,0.0,0.0025290042106413477,0.2,1.1171710366747667,1.1133281807815942,-0.011919861109974339
2022-04-13,plain_sentiment,Plain-VADER tilt,minimum_variance,False,0.00498799457125145,0.0,0.0,0.00498799457125145,0.2,1.1227434797408598,1.118881455703354,-0.006991322741229711
2022-04-14,plain_sentiment,Plain-VADER tilt,minimum_variance,False,0.0021455541140507697,0.0,0.0,0.0021455541140507697,0.2,1.1251523866328415,1.1212820764137734,-0.004860768888448996
2022-04-18,plain_sentiment,Plain-VADER tilt,minimum_variance,False,-0.0047422862936192765,0.0,0.0,-0.0047422862936192765,0.2,1.1198165918914795,1.1159646357915154,-0.009580004024392186
2022-04-19,plain_sentiment,Plain-VADER tilt,minimum_variance,False,0.006997402438985068,0.0,0.0,0.006997402438985068,0.2,1.127652399242797,1.1237734894558242,-0.0026496367289327027
2022-04-20,plain_sentiment,Plain-VADER tilt,minimum_variance,False,0.0024770952438474916,0.0,0.0,0.0024770952438474916,0.2,1.1304457016376745,1.1265571834217172,-0.00017910488762429289
2022-04-21,plain_sentiment,Plain-VADER tilt,minimum_variance,False,-0.0111363741469158,0.0,0.0,-0.0111363741469158,0.2,1.1178566353514647,1.1140114211292373,-0.011313484455499956
2022-04-22,plain_sentiment,Plain-VADER tilt,minimum_variance,False,-0.01614191243261287,0.0,0.0,-0.01614191243261287,0.2,1.0998122914314061,1.0960291463204386,-0.027272775612724343
2022-04-25,plain_sentiment,Plain-VADER tilt,minimum_variance,False,-0.0015670939598928625,0.0,0.0,-0.0015670939598928625,0.2,1.098088782232488,1.0943115656653732,-0.028797130570685114
2022-04-26,plain_sentiment,Plain-VADER tilt,minimum_variance,False,-0.014127763823273003,0.0,0.0,-0.014127763823273003,0.2,1.082575243260122,1.0788513903165768,-0.0425180553344674
2022-04-27,plain_sentiment,Plain-VADER tilt,minimum_variance,False,-0.0017443680045444113,0.0,0.0,-0.0017443680045444113,0.2,1.0806868336432673,1.0769694764696505,-0.04418825620367084
2022-04-28,plain_sentiment,Plain-VADER tilt,minimum_variance,False,0.01547661136059628,0.0,0.0,0.01547661136059628,0.2,1.0974122037700775,1.093637314504196,-0.02939552931104128
2022-04-29,plain_sentiment,Plain-VADER tilt,minimum_variance,False,-0.030624273988129377,0.0,0.0,-0.030624273988129377,0.2,1.0638047517639058,1.0601454657411775,-0.059119586555523185
2022-05-02,plain_sentiment,Plain-VADER tilt,minimum_variance,True,-0.00011036898701723965,0.2064819264512793,0.0002064819264512793,-0.00031685091346851896,0.2,1.0636873407110694,1.059809557681948,-0.05941770537398772
2022-05-03,plain_sentiment,Plain-VADER tilt,minimum_variance,False,0.0026578963007623728,0.0,0.0,0.0026578963007623728,0.2,1.0665145113591132,1.0626264215848233,-0.05691773517253873
2022-05-04,plain_sentiment,Plain-VADER tilt,minimum_variance,False,0.02407399387922566,0.0,0.0,0.02407399387922566,0.2,1.092189775177678,1.0882080835539598,-0.03421397850147612
2022-05-05,plain_sentiment,Plain-VADER tilt,minimum_variance,False,-0.015129589046554367,0.0,0.0,-0.015129589046554367,0.2,1.075665392718391,1.0717439424526498,-0.048825924113655605
2022-05-06,plain_sentiment,Plain-VADER tilt,minimum_variance,False,-0.00572113043357943,0.0,0.0,-0.00572113043357943,0.2,1.0695113707037616,1.0656123555664796,-0.054267715066840694
2022-05-09,plain_sentiment,Plain-VADER tilt,minimum_variance,False,-0.013951889238172976,0.0,0.0,-0.013951889238172976,0.2,1.0545896665207362,1.0507450500107876,-0.06746246715519233
2022-05-10,plain_sentiment,Plain-VADER tilt,minimum_variance,False,-0.00837981994538685,0.0,0.0,-0.00837981994538685,0.2,1.0457523949990268,1.0419399956831907,-0.07527696377274706
2022-05-11,plain_sentiment,Plain-VADER tilt,minimum_variance,False,0.007562853555100758,0.0,0.0,0.007562853555100758,0.2,1.0536612672173002,1.049820035283745,-0.0682834188707322
2022-05-12,plain_sentiment,Plain-VADER tilt,minimum_variance,False,0.006438598755230443,0.0,0.0,0.006438598755230443,0.2,1.06044536934084,1.056579405256139,-0.06228446965124568
2022-05-13,plain_sentiment,Plain-VADER tilt,minimum_variance,False,0.009427203137662894,0.0,0.0,0.009427203137662894,0.2,1.07044240325401,1.0665399939405598,-0.05344443486130657
2022-05-16,plain_sentiment,Plain-VADER tilt,minimum_variance,False,0.006629269382034609,0.0,0.0,0.006629269382034609,0.2,1.0775386543031336,1.0736103748671053,-0.047169463034938186
2022-05-17,plain_sentiment,Plain-VADER tilt,minimum_variance,False,-0.0019577449845677676,0.0,0.0,-0.0019577449845677676,0.2,1.0754291084069936,1.0715085195403293,-0.04903486223982445
2022-05-18,plain_sentiment,Plain-VADER tilt,minimum_variance,False,-0.022271367355915925,0.0,0.0,-0.022271367355915925,0.2,1.0514778316684164,1.047644559676653,-0.0702141561655506
2022-05-19,plain_sentiment,Plain-VADER tilt,minimum_variance,False,-0.00473255524277584,0.0,0.0,-0.00473255524277584,0.2,1.0465016547434913,1.0426865239231897,-0.07461441903544808
2022-05-20,plain_sentiment,Plain-VADER tilt,minimum_variance,False,0.0019404706397371425,0.0,0.0,0.0019404706397371425,0.2,1.0485323604789576,1.0447098265093124,-0.07281873548515005
2022-05-23,plain_sentiment,Plain-VADER tilt,minimum_variance,False,0.01634998848672249,0.0,0.0,0.01634998848672249,0.2,1.0656758525007444,1.0617908201447055,-0.05765933248522748
2022-05-24,plain_sentiment,Plain-VADER tilt,minimum_variance,False,0.010293144869413996,0.0,0.0,0.010293144869413996,0.2,1.0766450084343706,1.0727199868774688,-0.04795968347815771
2022-05-25,plain_sentiment,Plain-VADER tilt,minimum_variance,False,0.005128292089901657,0.0,0.0,0.005128292089901657,0.2,1.0821663585147567,1.078221208300852,-0.04307734265367125
2022-05-26,plain_sentiment,Plain-VADER tilt,minimum_variance,False,0.005115197917942704,0.0,0.0,0.005115197917942704,0.2,1.087701853618699,1.0837365231806342,-0.038182493869181044
2022-05-27,plain_sentiment,Plain-VADER tilt,minimum_variance,False,0.010709553646022791,0.0,0.0,0.010709553646022791,0.2,1.0993506549709071,1.0953428576137916,-0.027881857689589062
2022-05-31,plain_sentiment,Plain-VADER tilt,minimum_variance,False,-0.009001745908777904,0.0,0.0,-0.009001745908777904,0.2,1.0894545797102104,1.0854828595265575,-0.03663261819998054
2022-06-01,plain_sentiment,Plain-VADER tilt,minimum_variance,True,-0.005966755764764301,0.22455515648019467,0.00022455515648019467,-0.006191310921244496,0.2,1.0829540703162757,1.0787622976435471,-0.04259712519208969
2022-06-02,plain_sentiment,Plain-VADER tilt,minimum_variance,False,0.00293375438544451,0.0,0.0,0.00293375438544451,0.2,1.0861311915693008,1.081927121265111,-0.03978834030948497
2022-06-03,plain_sentiment,Plain-VADER tilt,minimum_variance,False,-0.004596605477723256,0.0,0.0,-0.004596605477723256,0.2,1.0811386749846073,1.0769539291330064,-0.04420205448419212
2022-06-06,plain_sentiment,Plain-VADER tilt,minimum_variance,False,-0.0034003992608015758,0.0,0.0,-0.0034003992608015758,0.2,1.0774623718333656,1.0732918557884652,-0.04745214911159967
2022-06-07,plain_sentiment,Plain-VADER tilt,minimum_variance,False,0.007479157793258061,0.0,0.0,0.007479157793258061,0.2,1.0855208829286054,1.081319174936126,-0.04032789342917642
2022-06-08,plain_sentiment,Plain-VADER tilt,minimum_variance,False,-0.00934350155593301,0.0,0.0,-0.00934350155593301,0.2,1.0753783168699642,1.07121586754265,-0.04929459125010649
2022-06-09,plain_sentiment,Plain-VADER tilt,minimum_variance,False,-0.022164020889905673,0.0,0.0,-0.022164020889905673,0.2,1.0515436093903068,1.0474734166768362,-0.07036604578978545
2022-06-10,plain_sentiment,Plain-VADER tilt,minimum_variance,False,-0.011010391213076691,0.0,0.0,-0.011010391213076691,0.2,1.039965702873309,1.0359403245739263,-0.08060167931059925
2022-06-13,plain_sentiment,Plain-VADER tilt,minimum_variance,False,-0.03217124109357633,0.0,0.0,-0.03217124109357633,0.2,1.006508715517121,1.0026128386335007,-0.11017986434652727
2022-06-14,plain_sentiment,Plain-VADER tilt,minimum_variance,False,-0.013001884429453357,0.0,0.0,-0.013001884429453357,0.2,0.9934222055207299,0.9895769823781018,-0.12174920291329416
2022-06-15,plain_sentiment,Plain-VADER tilt,minimum_variance,False,0.0022253372159261025,0.0,0.0,0.0022253372159261025,0.2,0.9956329049258025,0.9917791248650115,-0.11979479872962051
2022-06-16,plain_sentiment,Plain-VADER tilt,minimum_variance,False,-0.00827011523031473,0.0,0.0,-0.00827011523031473,0.2,0.987398906074973,0.9835769972193572,-0.12707419717044888
2022-06-17,plain_sentiment,Plain-VADER tilt,minimum_variance,False,-0.00438504113226789,0.0,0.0,-0.00438504113226789,0.2,0.9830691212578779,0.9792639716297977,-0.13090201272127444
2022-06-21,plain_sentiment,Plain-VADER tilt,minimum_variance,False,0.023424082946537618,0.0,0.0,0.023424082946537618,0.2,1.0060966138964023,1.00220233212781,-0.11054418937858868
2022-06-22,plain_sentiment,Plain-VADER tilt,minimum_variance,False,0.003928258032492813,0.0,0.0,0.003928258032492813,0.2,1.0100488210014047,1.006139241489174,-0.10705017744596768
2022-06-23,plain_sentiment,Plain-VADER tilt,minimum_variance,False,0.013159616704138866,0.0,0.0,0.013159616704138866,0.2,1.0233406763382504,1.0193796482581645,-0.09529930004512788
2022-06-24,plain_sentiment,Plain-VADER tilt,minimum_variance,False,0.014277544200171525,0.0,0.0,0.014277544200171525,0.2,1.0379514680765032,1.0339338862429257,-0.08238239581359619
2022-06-27,plain_sentiment,Plain-VADER tilt,minimum_variance,False,-0.0010600483507332745,0.0,0.0,-0.0010600483507332745,0.2,1.0368511893346275,1.0328378663320468,-0.0833551148415177
2022-06-28,plain_sentiment,Plain-VADER tilt,minimum_variance,False,-0.008958742879489048,0.0,0.0,-0.008958742879489048,0.2,1.0275623061250863,1.023584937451378,-0.09156710067945129
2022-06-29,plain_sentiment,Plain-VADER tilt,minimum_variance,False,0.0014865608146833735,0.0,0.0,0.0014865608146833735,0.2,1.0290898399840176,1.0251065587098933,-0.0902166599285521
2022-06-30,plain_sentiment,Plain-VADER tilt,minimum_variance,False,-0.007205857245037162,0.0,0.0,-0.007205857245037162,0.2,1.0216743655047746,1.0177197871868784,-0.0967724288010201
2022-07-01,plain_sentiment,Plain-VADER tilt,minimum_variance,True,0.015561825655446672,0.1838654268365965,0.00018386542683659652,0.015377960228610075,0.2,1.037573483857399,1.0333702415981079,-0.08288263113373806
2022-07-05,plain_sentiment,Plain-VADER tilt,minimum_variance,False,-0.003515083532305839,0.0,0.0,-0.003515083532305839,0.2,1.0339263263907346,1.0297378588790915,-0.08610637529423137
2022-07-06,plain_sentiment,Plain-VADER tilt,minimum_variance,False,0.0009290704759596044,0.0,0.0,0.0009290704759596044,0.2,1.0348869168149017,1.0306945579217541,-0.08525730370934947
2022-07-07,plain_sentiment,Plain-VADER tilt,minimum_variance,False,0.002338415047961627,0.0,0.0,0.002338415047961627,0.2,1.0373069119541205,1.0331047495858505,-0.08311825562333042
2022-07-08,plain_sentiment,Plain-VADER tilt,minimum_variance,False,-0.002616018285796211,0.0,0.0,-0.002616018285796211,0.2,1.0345932981044659,1.030402128669791,-0.08551683503253238
2022-07-11,plain_sentiment,Plain-VADER tilt,minimum_variance,False,-0.0005288225989651286,0.0,0.0,-0.0005288225989651286,0.2,1.0340461817876903,1.0298572287381287,-0.08600043439654037
2022-07-12,plain_sentiment,Plain-VADER tilt,minimum_variance,False,-0.0051653598833738485,0.0,0.0,-0.0051653598833738485,0.2,1.0287049611227281,1.0245376455232023,-0.09072157108612955
2022-07-13,plain_sentiment,Plain-VADER tilt,minimum_variance,False,-0.0025952041288094876,0.0,0.0,-0.0025952041288094876,0.2,1.0260352617602955,1.0218787611954196,-0.09308133421908427
2022-07-14,plain_sentiment,Plain-VADER tilt,minimum_variance,False,-0.002943145679192407,0.0,0.0,-0.002943145679192407,0.2,1.0230154905129467,1.0188712231347488,-0.0957505279716564
2022-07-15,plain_sentiment,Plain-VADER tilt,minimum_variance,False,0.01090682119330572,0.0,0.0,0.01090682119330572,0.2,1.0341733375459532,1.029983869384484,-0.08588804066610223
2022-07-18,plain_sentiment,Plain-VADER tilt,minimum_variance,False,-0.010815375471872238,0.0,0.0,-0.010815375471872238,0.2,1.0229883645973945,1.018844207107119,-0.09577450472962712
2022-07-19,plain_sentiment,Plain-VADER tilt,minimum_variance,False,0.013466753070335773,0.0,0.0,0.013466753070335773,0.2,1.0367646962972543,1.0325647304613728,-0.08359752326491887
2022-07-20,plain_sentiment,Plain-VADER tilt,minimum_variance,False,-0.00447575922114983,0.0,0.0,-0.00447575922114983,0.2,1.0321243871476393,1.0279432193475762,-0.08769912010045056
2022-07-21,plain_sentiment,Plain-VADER tilt,minimum_variance,False,0.005135903263235849,0.0,0.0,0.005135903263235849,0.2,1.037425278155656,1.0332226362822445,-0.08301363103432147
2022-07-22,plain_sentiment,Plain-VADER tilt,minimum_variance,False,0.0007528987236921066,0.0,0.0,0.0007528987236921066,0.2,1.0382063543235054,1.0340005482863912,-0.08232323316748413
2022-07-25,plain_sentiment,Plain-VADER tilt,minimum_variance,False,-0.00212315619837995,0.0,0.0,-0.00212315619837995,0.2,1.036002080067126,1.0318052036131686,-0.08427160428309399
2022-07-26,plain_sentiment,Plain-VADER tilt,minimum_variance,False,-0.004113232954738563,0.0,0.0,-0.004113232954738563,0.2,1.0317407621702162,1.0275611484467961,-0.08803820849794664
2022-07-27,plain_sentiment,Plain-VADER tilt,minimum_variance,False,0.003275323233057928,0.0,0.0,0.003275323233057928,0.2,1.0351200466590453,1.0309267433496918,-0.08505123885457866
2022-07-28,plain_sentiment,Plain-VADER tilt,minimum_variance,False,0.010327808668856572,0.0,0.0,0.010327808668856572,0.2,1.045810568450238,1.0415739575066147,-0.0756018231076615
2022-07-29,plain_sentiment,Plain-VADER tilt,minimum_variance,False,0.003498807703904864,0.0,0.0,0.003498807703904864,0.2,1.0494696585239567,1.0452182244933255,-0.07236753164487508
2022-08-01,plain_sentiment,Plain-VADER tilt,minimum_variance,True,-0.004885122411334563,0.09742647134824153,9.742647134824154e-05,-0.004982548882682805,0.2,1.0443428707750857,1.0400103735967166,-0.07698950576361818
2022-08-02,plain_sentiment,Plain-VADER tilt,minimum_variance,False,-0.006253531356331837,0.0,0.0,-0.006253531356331837,0.2,1.037812039885932,1.033506636114519,-0.08276158083154872
2022-08-03,plain_sentiment,Plain-VADER tilt,minimum_variance,False,0.010444607402512074,0.0,0.0,0.010444607402512074,0.2,1.0486515792001407,1.044301207176626,-0.07318138564883359
2022-08-04,plain_sentiment,Plain-VADER tilt,minimum_variance,False,-0.006014340464944774,0.0,0.0,-0.006014340464944774,0.2,1.042344631573729,1.038020424168713,-0.0787555883447898
2022-08-05,plain_sentiment,Plain-VADER tilt,minimum_variance,False,-0.003924372400547474,0.0,0.0,-0.003924372400547474,0.2,1.0382540830697222,1.0339468454649008,-0.08237089448804802
2022-08-08,plain_sentiment,Plain-VADER tilt,minimum_variance,False,0.004101731066566082,0.0,0.0,0.004101731066566082,0.2,1.0425127220972383,1.0381878173621222,-0.07860702667838448
2022-08-09,plain_sentiment,Plain-VADER tilt,minimum_variance,False,0.0023591278968583033,0.0,0.0,0.0023591278968583033,0.2,1.0449721429427674,1.0406370352042396,-0.07643334281105219
2022-08-10,plain_sentiment,Plain-VADER tilt,minimum_variance,False,0.0109668410427499,0.0,0.0,0.0109668410427499,0.2,1.0564321863285224,1.052049536152523,-0.06630473408927706
2022-08-11,plain_sentiment,Plain-VADER tilt,minimum_variance,False,0.00030563230297173897,0.0,0.0,0.00030563230297173897,0.2,1.0567550661305636,1.0523710764750978,-0.06601936665488295
2022-08-12,plain_sentiment,Plain-VADER tilt,minimum_variance,False,0.014817449779409757,0.0,0.0,0.014817449779409757,0.2,1.07241348125209,1.067964532050071,-0.05218015552535027
2022-08-15,plain_sentiment,Plain-VADER tilt,minimum_variance,False,0.007794233211017581,0.0,0.0,0.007794233211017581,0.2,1.0807721220236082,1.0762884966739648,-0.04479262661548422
2022-08-16,plain_sentiment,Plain-VADER tilt,minimum_variance,False,0.011542008835968866,0.0,0.0,0.011542008835968866,0.2,1.0932464034056735,1.0887110280126273,-0.03376761467169753
2022-08-17,plain_sentiment,Plain-VADER tilt,minimum_variance,False,-0.006048377950763642,0.0,0.0,-0.006048377950763642,0.2,1.086634035964563,1.0821260922360425,-0.039611753326430965
2022-08-18,plain_sentiment,Plain-VADER tilt,minimum_variance,False,-0.0012098647654872393,0.0,0.0,-0.0012098647654872393,0.2,1.0853193557314702,1.0808168660052317,-0.040773693227269425
2022-08-19,plain_sentiment,Plain-VADER tilt,minimum_variance,False,-0.004699847291295759,0.0,0.0,-0.004699847291295759,0.2,1.0802185204972448,1.0757371917851501,-0.045281910386895
2022-08-22,plain_sentiment,Plain-VADER tilt,minimum_variance,False,-0.01445226289821828,0.0,0.0,-0.01445226289821828,0.2,1.0646069184514941,1.06019035508008,-0.05907974721166842
2022-08-23,plain_sentiment,Plain-VADER tilt,minimum_variance,False,-0.003892515558410702,0.0,0.0,-0.003892515558410702,0.2,1.0604629194578299,1.0560635476280538,-0.06274229393487074
2022-08-24,plain_sentiment,Plain-VADER tilt,minimum_variance,False,0.0007429099492704405,0.0,0.0,0.0007429099492704405,0.2,1.0612507479115274,1.0568481077446485,-0.06204599586000448
2022-08-25,plain_sentiment,Plain-VADER tilt,minimum_variance,False,0.006708605220300467,0.0,0.0,0.006708605220300467,0.2,1.0683702602190144,1.063938084477329,-0.05575363273142919
2022-08-26,plain_sentiment,Plain-VADER tilt,minimum_variance,False,-0.018863797462580836,0.0,0.0,-0.018863797462580836,0.2,1.048216740015198,1.0438681719390224,-0.07356570495836123
2022-08-29,plain_sentiment,Plain-VADER tilt,minimum_variance,False,-0.0036553719141428874,0.0,0.0,-0.0036553719141428874,0.2,1.0443851179838122,1.0400524455412488,-0.07695216686075523
2022-08-30,plain_sentiment,Plain-VADER tilt,minimum_variance,False,-0.009633414755276288,0.0,0.0,-0.009633414755276288,0.2,1.034324122978036,1.0300331889661105,-0.08584426947634471
2022-08-31,plain_sentiment,Plain-VADER tilt,minimum_variance,False,-0.0041060008488072565,0.0,0.0,-0.0041060008488072565,0.2,1.0300771872511463,1.0258038718179159,-0.08959779368181697
2022-09-01,plain_sentiment,Plain-VADER tilt,minimum_variance,True,0.009592917083305792,0.1327589761612714,0.0001327589761612714,0.00946015810714452,0.2,1.0399586322978513,1.0355081386322345,-0.08098524486895364
2022-09-02,plain_sentiment,Plain-VADER tilt,minimum_variance,False,-0.008595320174623965,0.0,0.0,-0.008595320174623965,0.2,1.0310198548848872,1.0266076146372616,-0.08888447093450857
2022-09-06,plain_sentiment,Plain-VADER tilt,minimum_variance,False,-0.002707146824263247,0.0,0.0,-0.002707146824263247,0.2,1.0282287327589832,1.023828437093532,-0.09135099444555506
2022-09-07,plain_sentiment,Plain-VADER tilt,minimum_variance,False,0.015953133849826148,0.0,0.0,0.015953133849826148,0.2,1.0446322033609245,1.0401617091897435,-0.07685519523743345
2022-09-08,plain_sentiment,Plain-VADER tilt,minimum_variance,False,0.001299687142935325,0.0,0.0,0.001299687142935325,0.2,1.045989898404729,1.041513593989751,-0.07565539580361602
2022-09-09,plain_sentiment,Plain-VADER tilt,minimum_variance,False,0.010173937327530903,0.0,0.0,0.010173937327530903,0.2,1.056631734076329,1.0521098880207742,-0.06625117173148065
2022-09-12,plain_sentiment,Plain-VADER tilt,minimum_variance,False,0.009294128062810474,0.0,0.0,0.009294128062810474,0.2,1.0664522047280638,1.0618883320561885,-0.05757279054305375
2022-09-13,plain_sentiment,Plain-VADER tilt,minimum_variance,False,-0.028211329794735687,0.0,0.0,-0.028211329794735687,0.2,1.0363661698701574,1.0319310501153696,-0.08415991535657619
2022-09-14,plain_sentiment,Plain-VADER tilt,minimum_variance,False,0.005773340084909156,0.0,0.0,0.005773340084909156,0.2,1.0423494642213125,1.037888739011863,-0.07887245908453777
2022-09-15,plain_sentiment,Plain-VADER tilt,minimum_variance,False,-0.012554135289225101,0.0,0.0,-0.012554135289225101,0.2,1.0292636680288267,1.0248589433671447,-0.09043641885182174
2022-09-16,plain_sentiment,Plain-VADER tilt,minimum_variance,False,-0.0013298730090716242,0.0,0.0,-0.0013298730090716242,0.2,1.0278948780574972,1.0234960111202551,-0.09164602290842516
2022-09-19,plain_sentiment,Plain-VADER tilt,minimum_variance,False,0.0042787642463625415,0.0,0.0,0.0042787642463625415,0.2,1.032292997910749,1.0278753092589312,-0.08775939038820446
2022-09-20,plain_sentiment,Plain-VADER tilt,minimum_variance,False,-0.012988231842522534,0.0,0.0,-0.012988231842522534,0.2,1.0188853371244715,1.0145250264370718,-0.09960778292200656
2022-09-21,plain_sentiment,Plain-VADER tilt,minimum_variance,False,-0.012483304059902847,0.0,0.0,-0.012483304059902847,0.2,1.00616628165897,1.001860402055677,-0.11084765274096109
2022-09-22,plain_sentiment,Plain-VADER tilt,minimum_variance,False,0.0013060230441042425,0.0,0.0,0.0013060230441042425,0.2,1.0074803580090173,1.003168854827737,-0.10968639928572144
2022-09-23,plain_sentiment,Plain-VADER tilt,minimum_variance,False,-0.018574167537380587,0.0,0.0,-0.018574167537380587,0.2,0.9887672490487376,0.9845358284498844,-0.1262232332661971
2022-09-26,plain_sentiment,Plain-VADER tilt,minimum_variance,False,-0.012075228345528701,0.0,0.0,-0.012075228345528701,0.2,0.9768276587358938,0.9726473335069978,-0.1367742872475255
2022-09-27,plain_sentiment,Plain-VADER tilt,minimum_variance,False,-0.007148239839310186,0.0,0.0,-0.007148239839310186,0.2,0.9698450603495777,0.9656946170880243,-0.14294483167773964
2022-09-28,plain_sentiment,Plain-VADER tilt,minimum_variance,False,0.022128080067604847,0.0,0.0,0.022128080067604847,0.2,0.9913058694981643,0.9870635848958031,-0.1239798462907501
2022-09-29,plain_sentiment,Plain-VADER tilt,minimum_variance,False,-0.017428934972856164,0.0,0.0,-0.017428934972856164,0.2,0.9740284639604703,0.9698601178605799,-0.13924794458466005
2022-09-30,plain_sentiment,Plain-VADER tilt,minimum_variance,False,-0.01636806542716291,0.0,0.0,-0.01636806542716291,0.2,0.9580855023344462,0.953985383996242,-0.1533367905442633
2022-10-03,plain_sentiment,Plain-VADER tilt,minimum_variance,True,0.0258822771056339,0.1838562382045137,0.0001838562382045137,0.025698420867429385,0.2,0.9828829367967569,0.9785013018955536,-0.13157888305470133
2022-10-04,plain_sentiment,Plain-VADER tilt,minimum_variance,False,0.021546996641754423,0.0,0.0,0.021546996641754423,0.2,1.0040611121351544,0.9995850661614496,-0.11286701616425221
2022-10-05,plain_sentiment,Plain-VADER tilt,minimum_variance,False,-0.004605122768289265,0.0,0.0,-0.004605122768289265,0.2,0.9994372874469069,0.9949818542144275,-0.11695237246661461
2022-10-06,plain_sentiment,Plain-VADER tilt,minimum_variance,False,-0.008331844495475301,0.0,0.0,-0.008331844495475301,0.2,0.9911101313849195,0.9866918201292932,-0.1243097879813212
2022-10-07,plain_sentiment,Plain-VADER tilt,minimum_variance,False,-0.014247400577880579,0.0,0.0,-0.014247400577880579,0.2,0.9769893883262828,0.9726340265209932,-0.13678609721408042
2022-10-10,plain_sentiment,Plain-VADER tilt,minimum_variance,False,-0.0004626100062073545,0.0,0.0,-0.0004626100062073545,0.2,0.9765374232592846,0.9721840762879468,-0.13718542860300653
2022-10-11,plain_sentiment,Plain-VADER tilt,minimum_variance,False,0.011601694811871505,0.0,0.0,0.011601694811871505,0.2,0.9878669124163103,0.9834630592420008,-0.12717531726642284
2022-10-12,plain_sentiment,Plain-VADER tilt,minimum_variance,False,-0.004587696287201745,0.0,0.0,-0.004587696287201745,0.2,0.9833348790499685,0.9789512294165162,-0.13117957182277762
2022-10-13,plain_sentiment,Plain-VADER tilt,minimum_variance,False,0.020128707991129296,0.0,0.0,0.020128707991129296,0.2,1.0031281396878577,0.9986562528509982,-0.11369133912727047
2022-10-14,plain_sentiment,Plain-VADER tilt,minimum_variance,False,-0.012947712986673668,0.0,0.0,-0.012947712986673668,0.2,0.9901399244463235,0.9857259383167365,-0.12516700928585367
2022-10-17,plain_sentiment,Plain-VADER tilt,minimum_variance,False,0.01245023060294254,0.0,0.0,0.01245023060294254,0.2,1.0024673948348604,0.9979984535600819,-0.11427513681240065
2022-10-18,plain_sentiment,Plain-VADER tilt,minimum_variance,False,0.011422887714367443,0.0,0.0,0.011422887714367443,0.2,1.0139184673233734,1.0093984778342109,-0.10415760115438533
2022-10-19,plain_sentiment,Plain-VADER tilt,minimum_variance,False,-0.0063552689126385575,0.0,0.0,-0.0063552689126385575,0.2,1.007474742808043,1.0029834790675665,-0.10985092050239242
2022-10-20,plain_sentiment,Plain-VADER tilt,minimum_variance,False,-0.0032985021831810975,0.0,0.0,-0.0032985021831810975,0.2,1.004151585169391,0.9996751358721676,-0.11278707918447184
2022-10-21,plain_sentiment,Plain-VADER tilt,minimum_variance,False,0.02032126804634978,0.0,0.0,0.02032126804634978,0.2,1.0245572186907852,1.0199898022674971,-0.09475778760639453
2022-10-24,plain_sentiment,Plain-VADER tilt,minimum_variance,False,0.016290278463523405,0.0,0.0,0.016290278463523405,0.2,1.0412475410850712,1.036605720176389,-0.08001113988956654
2022-10-25,plain_sentiment,Plain-VADER tilt,minimum_variance,False,0.00973871300258538,0.0,0.0,0.00973871300258538,0.2,1.0513879520523466,1.0467009257820252,-0.07105163241537527
2022-10-26,plain_sentiment,Plain-VADER tilt,minimum_variance,False,0.011457584796087016,0.0,0.0,0.011457584796087016,0.2,1.0634343186665705,1.0586935903953154,-0.06040812772258797
2022-10-27,plain_sentiment,Plain-VADER tilt,minimum_variance,False,0.0017655388816796215,0.0,0.0,0.0017655388816796215,0.2,1.0653118533042887,1.0605627550929433,-0.058749241739172176
2022-10-28,plain_sentiment,Plain-VADER tilt,minimum_variance,False,0.02122271208746156,0.0,0.0,0.02122271208746156,0.2,1.0879206600503257,1.0830707730949658,-0.03877334789449771
2022-10-31,plain_sentiment,Plain-VADER tilt,minimum_variance,False,-0.0067777351873767756,0.0,0.0,-0.0067777351873767756,0.2,1.0805470219116284,1.0757300062057407,-0.045288287597517574
2022-11-01,plain_sentiment,Plain-VADER tilt,minimum_variance,True,-0.0006379739946263383,0.10671854205320111,0.00010671854205320112,-0.0007446925366795395,0.2,1.079857661011678,1.074928918098637,-0.04599925428442431
2022-11-02,plain_sentiment,Plain-VADER tilt,minimum_variance,False,-0.012268547131945922,0.0,0.0,-0.012268547131945922,0.2,1.0666093764017632,1.0617411020034522,-0.05770345739714744
2022-11-03,plain_sentiment,Plain-VADER tilt,minimum_variance,False,-0.0025007507594477433,0.0,0.0,-0.0025007507594477433,0.2,1.0639420521936924,1.05908595213628,-0.06005990619168655
2022-11-04,plain_sentiment,Plain-VADER tilt,minimum_variance,False,0.013596039330475415,0.0,0.0,0.013596039330475415,0.2,1.0784074501806646,1.073485326395879,-0.047280443707977904
2022-11-07,plain_sentiment,Plain-VADER tilt,minimum_variance,False,0.010439667145562877,0.0,0.0,0.010439667145562877,0.2,1.089665665007846,1.0846921558890978,-0.03733436865722095
2022-11-08,plain_sentiment,Plain-VADER tilt,minimum_variance,False,0.005437319931887297,0.0,0.0,0.005437319931887297,0.2,1.0955905258472864,1.0905899741682754,-0.032100047632178
2022-11-09,plain_sentiment,Plain-VADER tilt,minimum_variance,False,-0.011680409377163829,0.0,0.0,-0.011680409377163829,0.2,1.0827935799956478,1.0778514368073593,-0.043405515311971676
2022-11-10,plain_sentiment,Plain-VADER tilt,minimum_variance,False,0.02543087873313362,0.0,0.0,0.02543087873313362,0.2,1.1103299722215327,1.1052621459891412,-0.0190784769750858
2022-11-11,plain_sentiment,Plain-VADER tilt,minimum_variance,False,-0.0017775917903442044,0.0,0.0,-0.0017775917903442044,0.2,1.1083562587783387,1.1032974410722527,-0.020822155021386846
2022-11-14,plain_sentiment,Plain-VADER tilt,minimum_variance,False,-0.003439607418339809,0.0,0.0,-0.003439607418339809,0.2,1.1045439483684814,1.0995025310093052,-0.024190142400849268
2022-11-15,plain_sentiment,Plain-VADER tilt,minimum_variance,False,0.008324515655137515,0.0,0.0,0.008324515655137515,0.2,1.113738741758462,1.1086553570415554,-0.0160669979648278
2022-11-16,plain_sentiment,Plain-VADER tilt,minimum_variance,False,-0.002091689104361244,0.0,0.0,-0.002091689104361244,0.2,1.111409146567221,1.1063363947107399,-0.0181250799046061
2022-11-17,plain_sentiment,Plain-VADER tilt,minimum_variance,False,0.0019204242522649795,0.0,0.0,0.0019204242522649795,0.2,1.1135435236464777,1.1084610299543058,-0.016239463495364093
2022-11-18,plain_sentiment,Plain-VADER tilt,minimum_variance,False,0.008404547345402833,0.0,0.0,0.008404547345402833,0.2,1.1229023529121311,1.1177771431610908,-0.007971401489772045
2022-11-21,plain_sentiment,Plain-VADER tilt,minimum_variance,False,0.0038526702296761504,0.0,0.0,0.0038526702296761504,0.2,1.127228525378029,1.12208356988396,-0.00414944244130433
2022-11-22,plain_sentiment,Plain-VADER tilt,minimum_variance,False,0.009920300486608306,0.0,0.0,0.009920300486608306,0.2,1.1384109710668555,1.133214976068295,0.0
2022-11-23,plain_sentiment,Plain-VADER tilt,minimum_variance,False,0.00024771073061340235,0.0,0.0,0.00024771073061340235,0.2,1.1386929676802366,1.133495685577959,0.0
2022-11-25,plain_sentiment,Plain-VADER tilt,minimum_variance,False,0.0013808447826120158,0.0,0.0,0.0013808447826120158,0.2,1.1402653259236548,1.1350608671815026,0.0
2022-11-28,plain_sentiment,Plain-VADER tilt,minimum_variance,False,-0.012187633106235721,0.0,0.0,-0.012187633106235721,0.2,1.1263681904875351,1.1212271617790486,-0.012187633106235829
2022-11-29,plain_sentiment,Plain-VADER tilt,minimum_variance,False,0.0033803604379636703,0.0,0.0,0.0033803604379636703,0.2,1.1301757209572398,1.1250173137186967,-0.008848471261056923
2022-11-30,plain_sentiment,Plain-VADER tilt,minimum_variance,False,0.018332712700091555,0.0,0.0,0.018332712700091555,0.2,1.1508949077501678,1.1456419329137304,0.0
2022-12-01,plain_sentiment,Plain-VADER tilt,minimum_variance,True,0.0016655508567287218,0.11123105882087475,0.00011123105882087476,0.0015543197979078472,0.2,1.1528117817497758,1.1474226268513716,0.0
2022-12-02,plain_sentiment,Plain-VADER tilt,minimum_variance,False,0.0030119226318787557,0.0,0.0,0.0030119226318787557,0.2,1.1562839616455245,1.1508785750295152,0.0
2022-12-05,plain_sentiment,Plain-VADER tilt,minimum_variance,False,-0.010017417556400399,0.0,0.0,-0.010017417556400399,0.2,1.1447009823879524,1.1393497437867295,-0.010017417556400399
2022-12-06,plain_sentiment,Plain-VADER tilt,minimum_variance,False,-0.007287979671795903,0.0,0.0,-0.007287979671795903,0.2,1.136358424898024,1.1310461860149459,-0.017232390492681326
2022-12-07,plain_sentiment,Plain-VADER tilt,minimum_variance,False,0.0022375960705474816,0.0,0.0,0.0022375960705474816,0.2,1.1389011360443093,1.1335770105163805,-0.015033353551386575
2022-12-08,plain_sentiment,Plain-VADER tilt,minimum_variance,False,0.005438805037514232,0.0,0.0,0.005438805037514232,0.2,1.1450953972802578,1.1397423148715873,-0.009676311992898423
2022-12-09,plain_sentiment,Plain-VADER tilt,minimum_variance,False,-0.01462486819732478,0.0,0.0,-0.01462486819732478,0.2,1.1283485280216707,1.1230737337376764,-0.024159665402690877
2022-12-12,plain_sentiment,Plain-VADER tilt,minimum_variance,False,0.008670046287603619,0.0,0.0,0.008670046287603619,0.2,1.138131361988168,1.132810834993574,-0.015699084532421526
2022-12-13,plain_sentiment,Plain-VADER tilt,minimum_variance,False,0.0034994508255290118,0.0,0.0,0.0034994508255290118,0.2,1.1421141967224382,1.1367750508052605,-0.012254571881219478
2022-12-14,plain_sentiment,Plain-VADER tilt,minimum_variance,False,-0.0009665233825475526,0.0,0.0,-0.0009665233825475526,0.2,1.1410103166457664,1.1356763311379605,-0.013209250933500782
2022-12-15,plain_sentiment,Plain-VADER tilt,minimum_variance,False,-0.014589118730354182,0.0,0.0,-0.014589118730354182,0.2,1.1243639816636624,1.1191078143037358,-0.027605658333647032
2022-12-16,plain_sentiment,Plain-VADER tilt,minimum_variance,False,-0.007524477525898084,0.0,0.0,-0.007524477525898084,0.2,1.1159037301527048,1.1106871127059503,-0.03492241770382609
2022-12-19,plain_sentiment,Plain-VADER tilt,minimum_variance,False,-0.0013248975782144366,0.0,0.0,-0.0013248975782144366,0.2,1.1144252720031051,1.1092155660401724,-0.03620104665539925
2022-12-20,plain_sentiment,Plain-VADER tilt,minimum_variance,False,0.00038353676528791477,0.0,0.0,0.00038353676528791477,0.2,1.1148526950670845,1.1096409909903786,-0.03583139432244531
2022-12-21,plain_sentiment,Plain-VADER tilt,minimum_variance,False,0.011330017163715693,0.0,0.0,0.011330017163715693,0.2,1.127483995237209,1.122213242463862,-0.024907347471402885
2022-12-22,plain_sentiment,Plain-VADER tilt,minimum_variance,False,-0.004520120216488731,0.0,0.0,-0.004520120216488731,0.2,1.12238763203657,1.1171407036993897,-0.029314883483047116
2022-12-23,plain_sentiment,Plain-VADER tilt,minimum_variance,False,0.005480556694517163,0.0,0.0,0.005480556694517163,0.2,1.1285389410871711,1.1232632566617669,-0.023994988669452044
2022-12-27,plain_sentiment,Plain-VADER tilt,minimum_variance,False,0.002682241629537312,0.0,0.0,0.002682241629537312,0.2,1.131565955215509,1.1262761201297147,-0.021377107397424266
2022-12-28,plain_sentiment,Plain-VADER tilt,minimum_variance,False,-0.010412097973260703,0.0,0.0,-0.010412097973260703,0.2,1.119783979626599,1.1145492228219802,-0.031566624834078016
2022-12-29,plain_sentiment,Plain-VADER tilt,minimum_variance,False,0.007332549180751119,0.0,0.0,0.007332549180751119,0.2,1.1279948507290283,1.1227217098126905,-0.02446553948239294
2022-12-30,plain_sentiment,Plain-VADER tilt,minimum_variance,False,-0.0005507398176388833,0.0,0.0,-0.0005507398176388833,0.2,1.1273736190506403,1.1221033822629691,-0.025002805153278684
2023-01-03,plain_sentiment,Plain-VADER tilt,minimum_variance,True,2.7022710677934985e-06,0.08334687350026346,8.334687350026347e-05,-8.064460243246997e-05,0.2,1.1273766655197537,1.1220128906818183,-0.025081433414430032
2023-01-04,plain_sentiment,Plain-VADER tilt,minimum_variance,False,0.007462419875905402,0.0,0.0,0.007462419875905402,0.2,1.1357896235561604,1.1303858219782645,-0.017806181725752546
2023-01-05,plain_sentiment,Plain-VADER tilt,minimum_variance,False,-0.0009702233850521151,0.0,0.0,-0.0009702233850521151,0.2,1.1346876539028867,1.12928909521965,-0.018759129136895814
2023-01-06,plain_sentiment,Plain-VADER tilt,minimum_variance,False,0.015413846585690769,0.0,0.0,0.015413846585690769,0.2,1.1521775553228233,1.146695784084259,-0.0036344328898023637
2023-01-09,plain_sentiment,Plain-VADER tilt,minimum_variance,False,-0.013571798346727417,0.0,0.0,-0.013571798346727417,0.2,1.1365404338823566,1.131133060137625,-0.017156905446244597
2023-01-10,plain_sentiment,Plain-VADER tilt,minimum_variance,False,0.002366905003362916,0.0,0.0,0.002366905003362916,0.2,1.139230517121837,1.1338103446371341,-0.014830609208224543
2023-01-11,plain_sentiment,Plain-VADER tilt,minimum_variance,False,0.0026570176708632727,0.0,0.0,0.0026570176708632727,0.2,1.1422574727370165,1.1368228987582427,-0.012212996728097059
2023-01-12,plain_sentiment,Plain-VADER tilt,minimum_variance,False,-0.0033863054138984976,0.0,0.0,-0.0033863054138984976,0.2,1.138389440073021,1.132973269221534,-0.015557945205055157
2023-01-13,plain_sentiment,Plain-VADER tilt,minimum_variance,False,0.0024149041654715035,0.0,0.0,0.0024149041654715035,0.2,1.1411385414737822,1.135709291088745,-0.013180611986265522
2023-01-17,plain_sentiment,Plain-VADER tilt,minimum_variance,False,-0.004271424977192689,0.0,0.0,-0.004271424977192689,0.2,1.1362642538052938,1.1308581940559588,-0.01739573696820529
2023-01-18,plain_sentiment,Plain-VADER tilt,minimum_variance,False,-0.018011882778244476,0.0,0.0,-0.018011882778244476,0.2,1.1157979952606434,1.1104893088258057,-0.03509428977133722
2023-01-19,plain_sentiment,Plain-VADER tilt,minimum_variance,False,-0.0018837086466980649,0.0,0.0,-0.0018837086466980649,0.2,1.1136961569290025,1.1083974705127047,-0.036911891000943386
2023-01-20,plain_sentiment,Plain-VADER tilt,minimum_variance,False,0.008478838452972823,0.0,0.0,0.008478838452972823,0.2,1.1231390067293001,1.1177953936068656,-0.028746022508761238
2023-01-23,plain_sentiment,Plain-VADER tilt,minimum_variance,False,0.0024142861015381697,0.0,0.0,0.0024142861015381697,0.2,1.125850585623342,1.120494071490014,-0.026401137529840524
2023-01-24,plain_sentiment,Plain-VADER tilt,minimum_variance,False,-0.00011490160139393405,0.0,0.0,-0.00011490160139393405,0.2,1.1257212235881235,1.1203653249268475,-0.026513005598253647
2023-01-25,plain_sentiment,Plain-VADER tilt,minimum_variance,False,0.0007289933656041736,0.0,0.0,0.0007289933656041736,0.2,1.1265418668916392,1.1211820638157723,-0.02580334003783258
2023-01-26,plain_sentiment,Plain-VADER tilt,minimum_variance,False,0.0035994526535414744,0.0,0.0,0.0035994526535414744,0.2,1.1305968010037477,1.125217705570477,-0.022296765285060638
2023-01-27,plain_sentiment,Plain-VADER tilt,minimum_variance,False,-0.006342813175568037,0.0,0.0,-0.006342813175568037,0.2,1.123425636718086,1.1180806598822022,-0.028498154244006035
2023-01-30,plain_sentiment,Plain-VADER tilt,minimum_variance,False,-0.005316079131260466,0.0,0.0,-0.005316079131260466,0.2,1.117453417135206,1.1121368546191366,-0.03366273493221039
2023-01-31,plain_sentiment,Plain-VADER tilt,minimum_variance,False,0.007239925930084256,0.0,0.0,0.007239925930084256,0.2,1.1255436971055843,1.120188643070696,-0.026666524709639483
2023-02-01,plain_sentiment,Plain-VADER tilt,minimum_variance,True,-0.011597921023779285,0.057603752580655594,5.7603752580655594e-05,-0.01165552477635994,0.2,1.1124897301977412,1.1071322565871886,-0.03801123714654664
2023-02-02,plain_sentiment,Plain-VADER tilt,minimum_variance,False,-0.011195002337468833,0.0,0.0,-0.011195002337468833,0.2,1.1000354050677674,1.0947379083868078,-0.04878070359530984
2023-02-03,plain_sentiment,Plain-VADER tilt,minimum_variance,False,-0.007465127003062483,0.0,0.0,-0.007465127003062483,0.2,1.0918235010610713,1.0865655508656333,-0.05588167645073461
2023-02-06,plain_sentiment,Plain-VADER tilt,minimum_variance,False,0.0006182474212216335,0.0,0.0,0.0006182474212216335,0.2,1.0924985181250315,1.0872373172154444,-0.05529797773187206
2023-02-07,plain_sentiment,Plain-VADER tilt,minimum_variance,False,0.004855061509809255,0.0,0.0,0.004855061509809255,0.2,1.097802665629904,1.0925159212662854,-0.0507113913053191
2023-02-08,plain_sentiment,Plain-VADER tilt,minimum_variance,False,-0.00905746537496602,0.0,0.0,-0.00905746537496602,0.2,1.087859355997416,1.082620496137817,-0.05930954000942079
2023-02-09,plain_sentiment,Plain-VADER tilt,minimum_variance,False,-0.0025234241422081574,0.0,0.0,-0.0025234241422081574,0.2,1.085114225435165,1.0798885854410134,-0.06168330102650588
2023-02-10,plain_sentiment,Plain-VADER tilt,minimum_variance,False,0.013060308293841943,0.0,0.0,0.013060308293841943,0.2,1.0992861517533816,1.0939922632898738,-0.049428595660652164
2023-02-13,plain_sentiment,Plain-VADER tilt,minimum_variance,False,0.007612833628321721,0.0,0.0,0.007612833628321721,0.2,1.1076548343365982,1.1023206443809705,-0.04219205370757673
2023-02-14,plain_sentiment,Plain-VADER tilt,minimum_variance,False,-0.008310253912201745,0.0,0.0,-0.008310253912201745,0.2,1.0984499414161832,1.0931600799335028,-0.05015168094039124
2023-02-15,plain_sentiment,Plain-VADER tilt,minimum_variance,False,-0.0004477720915031005,0.0,0.0,-0.0004477720915031005,0.2,1.0979580861885039,1.0926705933581633,-0.0505769965088273
2023-02-16,plain_sentiment,Plain-VADER tilt,minimum_variance,False,-0.010791804325869351,0.0,0.0,-0.010791804325869351,0.2,1.0861091373643517,1.0808787061220104,-0.06082298378498319
2023-02-17,plain_sentiment,Plain-VADER tilt,minimum_variance,False,0.009763814797228808,0.0,0.0,0.009763814797228808,0.2,1.0967137058311551,1.091432205626854,-0.0516530333368459
2023-02-21,plain_sentiment,Plain-VADER tilt,minimum_variance,False,-0.005549505261250559,0.0,0.0,-0.005549505261250559,0.2,1.0906274873505595,1.0853752968594295,-0.05691588981783402
2023-02-22,plain_sentiment,Plain-VADER tilt,minimum_variance,False,-0.004892081725254187,0.0,0.0,-0.004892081725254187,0.2,1.0852920485506319,1.080065552204621,-0.06152953435863395
2023-02-23,plain_sentiment,Plain-VADER tilt,minimum_variance,False,0.0008821418254079618,0.0,0.0,0.0008821418254079618,0.2,1.086249430059441,1.0810183232024029,-0.06070167030898177
2023-02-24,plain_sentiment,Plain-VADER tilt,minimum_variance,False,-0.005953934399608686,0.0,0.0,-0.005953934399608686,0.2,1.0797819722112547,1.0745820110212807,-0.06629419094562417
2023-02-27,plain_sentiment,Plain-VADER tilt,minimum_variance,False,-0.0008069855701218175,0.0,0.0,-0.0008069855701218175,0.2,1.0789106037408025,1.073714838844474,-0.06704767806027001
2023-02-28,plain_sentiment,Plain-VADER tilt,minimum_variance,False,-0.008359948940189517,0.0,0.0,-0.008359948940189517,0.2,1.0698909661825002,1.0647386376154102,-0.07484711183531756
2023-03-01,plain_sentiment,Plain-VADER tilt,minimum_variance,True,-0.0039240740692131305,0.10476726201517475,0.00010476726201517476,-0.004028841331228305,0.2,1.065692634785218,1.0604489745852295,-0.07857440602886068
2023-03-02,plain_sentiment,Plain-VADER tilt,minimum_variance,False,0.007135161062534815,0.0,0.0,0.007135161062534815,0.2,1.0732965233775675,1.0680154488174949,-0.07199988600873486
2023-03-03,plain_sentiment,Plain-VADER tilt,minimum_variance,False,0.006596518131396835,0.0,0.0,0.006596518131396835,0.2,1.080376543354393,1.0750606320902316,-0.06587831643085296
2023-03-06,plain_sentiment,Plain-VADER tilt,minimum_variance,False,0.005211006026347096,0.0,0.0,0.005211006026347096,0.2,1.0860063920325367,1.0806627795227424,-0.061010602708432615
2023-03-07,plain_sentiment,Plain-VADER tilt,minimum_variance,False,-0.011268110465271337,0.0,0.0,-0.011268110465271337,0.2,1.0737691520411232,1.068485751947373,-0.07159123896283259
2023-03-08,plain_sentiment,Plain-VADER tilt,minimum_variance,False,-0.004094272696995882,0.0,0.0,-0.004094272696995882,0.2,1.0693728483190448,1.0641110799060456,-0.07539239760479888
2023-03-09,plain_sentiment,Plain-VADER tilt,minimum_variance,False,-0.012211213481044389,0.0,0.0,-0.012211213481044389,0.2,1.0563145081773884,1.0511169923417683,-0.0866829784238432
2023-03-10,plain_sentiment,Plain-VADER tilt,minimum_variance,False,-0.004383180050924203,0.0,0.0,-0.004383180050924203,0.2,1.0516844914976435,1.0465097573097484,-0.09068621137298538
2023-03-13,plain_sentiment,Plain-VADER tilt,minimum_variance,False,0.007575553876708073,0.0,0.0,0.007575553876708073,0.2,1.0596515840242824,1.0544376483587492,-0.08379765577640774
2023-03-14,plain_sentiment,Plain-VADER tilt,minimum_variance,False,0.008142689109983326,0.0,0.0,0.008142689109983326,0.2,1.0682799974378936,1.0630236063151965,-0.07633730492555701
2023-03-15,plain_sentiment,Plain-VADER tilt,minimum_variance,False,0.001530009063748965,0.0,0.0,0.001530009063748965,0.2,1.0699144755165952,1.0646500420678378,-0.07492409263024646
2023-03-16,plain_sentiment,Plain-VADER tilt,minimum_variance,False,0.002736408092692077,0.0,0.0,0.002736408092692077,0.2,1.0728421981458873,1.0675633590588371,-0.07239270743096538
2023-03-17,plain_sentiment,Plain-VADER tilt,minimum_variance,False,-0.009633427472152878,0.0,0.0,-0.009633427472152878,0.2,1.062507050640984,1.057279064867416,-0.08132874500656928
2023-03-20,plain_sentiment,Plain-VADER tilt,minimum_variance,False,0.012025955276870242,0.0,0.0,0.012025955276870242,0.2,1.0752847129133516,1.0699938556166826,-0.07028084557987213
2023-03-21,plain_sentiment,Plain-VADER tilt,minimum_variance,False,-0.001109465921653141,0.0,0.0,-0.001109465921653141,0.2,1.0740917211682997,1.0688067338974976,-0.07131233729840947
2023-03-22,plain_sentiment,Plain-VADER tilt,minimum_variance,False,-0.01536569495705991,0.0,0.0,-0.01536569495705991,0.2,1.057587555424924,1.0523837756563772,-0.08558226863386698
2023-03-23,plain_sentiment,Plain-VADER tilt,minimum_variance,False,0.0045717946765912705,0.0,0.0,0.0045717946765912705,0.2,1.062422628580845,1.057195058199654,-0.0814017385174266
2023-03-24,plain_sentiment,Plain-VADER tilt,minimum_variance,False,0.017284195149729772,0.0,0.0,0.017284195149729772,0.2,1.0807857486247252,1.0754678238969069,-0.06552450690175926
2023-03-27,plain_sentiment,Plain-VADER tilt,minimum_variance,False,0.004386389668876657,0.0,0.0,0.004386389668876657,0.2,1.0855264960667619,1.0801852448488576,-0.0614255332530147
2023-03-28,plain_sentiment,Plain-VADER tilt,minimum_variance,False,0.00031640542801054787,0.0,0.0,0.00031640542801054787,0.2,1.0858699625423667,1.0805270213235847,-0.06112856319714377
2023-03-29,plain_sentiment,Plain-VADER tilt,minimum_variance,False,0.007765244339626247,0.0,0.0,0.007765244339626247,0.2,1.094302008122569,1.0889175776597309,-0.053837997086873646
2023-03-30,plain_sentiment,Plain-VADER tilt,minimum_variance,False,0.00395635934276372,0.0,0.0,0.00395635934276372,0.2,1.0986314600962097,1.0932257268916044,-0.05009464020688048
2023-03-31,plain_sentiment,Plain-VADER tilt,minimum_variance,False,0.008018517054389138,0.0,0.0,0.008018517054389138,0.2,1.1074408551954797,1.1019917760269817,-0.04247780787932365
2023-04-03,plain_sentiment,Plain-VADER tilt,minimum_variance,True,0.007898394083354087,0.08830843223658129,8.83084322365813e-05,0.007810085651117506,0.2,1.1161878594938204,1.1105984261845794,-0.03499947754601551
2023-04-04,plain_sentiment,Plain-VADER tilt,minimum_variance,False,0.005379369422828793,0.0,0.0,0.005379369422828793,0.2,1.1221922463353142,1.1165727453994385,-0.02980838324251267
2023-04-05,plain_sentiment,Plain-VADER tilt,minimum_variance,False,0.012991567271687047,0.0,0.0,0.012991567271687047,0.2,1.136771282395345,1.1310787753350278,-0.01720407358698084
2023-04-06,plain_sentiment,Plain-VADER tilt,minimum_variance,False,0.00015050172150086886,0.0,0.0,0.00015050172150086886,0.2,1.1369423684302984,1.1312490046378687,-0.017056161108171652
2023-04-10,plain_sentiment,Plain-VADER tilt,minimum_variance,False,-0.0014743816303265354,0.0,0.0,-0.0014743816303265354,0.2,1.1352660814875448,1.1295811118861054,-0.018505395447876438
2023-04-11,plain_sentiment,Plain-VADER tilt,minimum_variance,False,-0.00029204070599527746,0.0,0.0,-0.00029204070599527746,0.2,1.1349345375796147,1.1292512282207112,-0.01879203182512046
2023-04-12,plain_sentiment,Plain-VADER tilt,minimum_variance,False,0.0009521243463144197,0.0,0.0,0.0009521243463144197,0.2,1.1360151363843174,1.1303264158082056,-0.017857799829823495
2023-04-13,plain_sentiment,Plain-VADER tilt,minimum_variance,False,0.008387671461055188,0.0,0.0,0.008387671461055188,0.2,1.1455436581230947,1.139807222427757,-0.009619913726758189
2023-04-14,plain_sentiment,Plain-VADER tilt,minimum_variance,False,-0.00507644237996392,0.0,0.0,-0.00507644237996392,0.2,1.1397283717488997,1.1340210567388356,-0.014647521168988042
2023-04-17,plain_sentiment,Plain-VADER tilt,minimum_variance,False,0.0008934037906821923,0.0,0.0,0.0008934037906821923,0.2,1.1407466093965684,1.1350341954496395,-0.013767203529242322
2023-04-18,plain_sentiment,Plain-VADER tilt,minimum_variance,False,-0.0021573888835691823,0.0,0.0,-0.0021573888835691823,0.2,1.138285575342487,1.1325854852939055,-0.01589489120095977
2023-04-19,plain_sentiment,Plain-VADER tilt,minimum_variance,False,0.0007213492093399046,0.0,0.0,0.0007213492093399046,0.2,1.1391066767422633,1.133402474938232,-0.015185007758820146
2023-04-20,plain_sentiment,Plain-VADER tilt,minimum_variance,False,-0.009408850841707934,0.0,0.0,-0.009408850841707934,0.2,1.1283889919280017,1.1227384601079156,-0.024450985127495217
2023-04-21,plain_sentiment,Plain-VADER tilt,minimum_variance,False,0.006610582381994973,0.0,0.0,0.006610582381994973,0.2,1.1358483003180782,1.1301604151918931,-0.018002037997006504
2023-04-24,plain_sentiment,Plain-VADER tilt,minimum_variance,False,0.0006747797123353811,0.0,0.0,0.0006747797123353811,0.2,1.1366147477074235,1.1309230245117492,-0.017339405694692167
2023-04-25,plain_sentiment,Plain-VADER tilt,minimum_variance,False,-0.001403202732608983,0.0,0.0,-0.001403202732608983,0.2,1.1350198467875168,1.1293361102333839,-0.018718277725848553
2023-04-26,plain_sentiment,Plain-VADER tilt,minimum_variance,False,-0.01876966264867458,0.0,0.0,-0.01876966264867458,0.2,1.1137159071637648,1.1081388524273368,-0.037136604616244906
2023-04-27,plain_sentiment,Plain-VADER tilt,minimum_variance,False,0.0018681405385482623,0.0,0.0,0.0018681405385482623,0.2,1.1157964849983635,1.1102090115398968,-0.03533784047424404
2023-04-28,plain_sentiment,Plain-VADER tilt,minimum_variance,False,0.0037479308553262742,0.0,0.0,0.0037479308553262742,0.2,1.1199784130727535,1.1143699981501085,-0.031722353401591796
2023-05-01,plain_sentiment,Plain-VADER tilt,minimum_variance,True,-0.00014811116073165688,0.10609383600553435,0.00010609383600553435,-0.0002542049967371912,0.2,1.119812531769999,1.1140867197283646,-0.0319684944175862
2023-05-02,plain_sentiment,Plain-VADER tilt,minimum_variance,False,-0.012148942386733804,0.0,0.0,-0.012148942386733804,0.2,1.1062079938375826,1.1005517443565593,-0.04372905340745015
2023-05-03,plain_sentiment,Plain-VADER tilt,minimum_variance,False,-0.008636200017198364,0.0,0.0,-0.008636200017198364,0.2,1.0966545603421776,1.0910471593630195,-0.051987600572859005
2023-05-04,plain_sentiment,Plain-VADER tilt,minimum_variance,False,0.0004365285374629192,0.0,0.0,0.0004365285374629192,0.2,1.097133281353506,1.0915234325837995,-0.05157376610664033
2023-05-05,plain_sentiment,Plain-VADER tilt,minimum_variance,False,0.01140230118226444,0.0,0.0,0.01140230118226444,0.2,1.1096431254645847,1.103969311509619,-0.04075952453862752
2023-05-08,plain_sentiment,Plain-VADER tilt,minimum_variance,False,-0.0015393532200036278,0.0,0.0,-0.0015393532200036278,0.2,1.1079349927463458,1.1022699127951614,-0.04223613445328689
2023-05-09,plain_sentiment,Plain-VADER tilt,minimum_variance,False,-0.004584610267314325,0.0,0.0,-0.004584610267314325,0.2,1.1028555426030842,1.097216434835609,-0.04662710850493501
2023-05-10,plain_sentiment,Plain-VADER tilt,minimum_variance,False,-0.0011650143588510546,0.0,0.0,-0.0011650143588510546,0.2,1.101570700060213,1.095938161934258,-0.047737801612866115
2023-05-11,plain_sentiment,Plain-VADER tilt,minimum_variance,False,-0.00271182696504224,0.0,0.0,-0.00271182696504224,0.2,1.0985834309318894,1.092966167274706,-0.05032017192024274
2023-05-12,plain_sentiment,Plain-VADER tilt,minimum_variance,False,0.0013084382422025565,0.0,0.0,0.0013084382422025565,0.2,1.1000208595051708,1.0943962460054018,-0.0490775745153349
2023-05-15,plain_sentiment,Plain-VADER tilt,minimum_variance,False,-0.0027240087941360898,0.0,0.0,-0.0027240087941360898,0.2,1.0970243930101455,1.0914151010070137,-0.05166789556489615
2023-05-16,plain_sentiment,Plain-VADER tilt,minimum_variance,False,-0.01699883983363592,0.0,0.0,-0.01699883983363592,0.2,1.0783762510597743,1.072862310512984,-0.06778844111728333
2023-05-17,plain_sentiment,Plain-VADER tilt,minimum_variance,False,0.00047974532448771074,0.0,0.0,0.00047974532448771074,0.2,1.078893597024259,1.0733770111902718,-0.0673412169804758
2023-05-18,plain_sentiment,Plain-VADER tilt,minimum_variance,False,-0.0005095950792895286,0.0,0.0,-0.0005095950792895286,0.2,1.0783437981561386,1.0728300235471468,-0.06781649530695866
2023-05-19,plain_sentiment,Plain-VADER tilt,minimum_variance,False,-0.00014078972954456576,0.0,0.0,-0.00014078972954456576,0.2,1.07819197842444,1.0726789800982843,-0.06794773717047031
2023-05-22,plain_sentiment,Plain-VADER tilt,minimum_variance,False,-0.0051405632273187766,0.0,0.0,-0.0051405632273187766,0.2,1.0726494643881612,1.0671648059784733,-0.07273901075871103
2023-05-23,plain_sentiment,Plain-VADER tilt,minimum_variance,False,-0.0028641141434917403,0.0,0.0,-0.0028641141434917403,0.2,1.0695772738861982,1.0641083241642337,-0.07539479207270516
2023-05-24,plain_sentiment,Plain-VADER tilt,minimum_variance,False,-0.006619875110296956,0.0,0.0,-0.006619875110296956,0.2,1.0624968059122597,1.0570640599544392,-0.08151556307551389
2023-05-25,plain_sentiment,Plain-VADER tilt,minimum_variance,False,-0.014123429625662046,0.0,0.0,-0.014123429625662046,0.2,1.0474907070464672,1.0421346900938562,-0.09448771338268258
2023-05-26,plain_sentiment,Plain-VADER tilt,minimum_variance,False,6.863068247924545e-05,0.0,0.0,6.863068247924545e-05,0.2,1.0475625970485825,1.0422062125088727,-0.09442556745645869
2023-05-30,plain_sentiment,Plain-VADER tilt,minimum_variance,False,-0.003708662274341875,0.0,0.0,-0.003708662274341875,0.2,1.0436775411648969,1.0383410216464564,-0.09778403719104134
2023-05-31,plain_sentiment,Plain-VADER tilt,minimum_variance,False,0.005856699822490888,0.0,0.0,0.005856699822490888,0.2,1.049790047234975,1.0444222733236181,-0.09250002912180977
2023-06-01,plain_sentiment,Plain-VADER tilt,minimum_variance,True,-0.003232209360681381,0.14579222950972126,0.00014579222950972126,-0.003378001590191102,0.2,1.046396906017552,1.0408942132235,-0.09556556546653461
2023-06-02,plain_sentiment,Plain-VADER tilt,minimum_variance,False,0.006635743198405511,0.0,0.0,0.006635743198405511,0.2,1.0533405271694904,1.0478013199191574,-0.08956397081917555
2023-06-05,plain_sentiment,Plain-VADER tilt,minimum_variance,False,0.002460838723034727,0.0,0.0,0.002460838723034727,0.2,1.055932628327291,1.0503797899812612,-0.08732353458372144
2023-06-06,plain_sentiment,Plain-VADER tilt,minimum_variance,False,-0.006022519230315682,0.0,0.0,-0.006022519230315682,0.2,1.049573253767272,1.0440538574969642,-0.09282014614774747
2023-06-07,plain_sentiment,Plain-VADER tilt,minimum_variance,False,0.0044712553685790045,0.0,0.0,0.0044712553685790045,0.2,1.0542661638128958,1.0487220889123832,-0.0887639133559438
2023-06-08,plain_sentiment,Plain-VADER tilt,minimum_variance,False,0.006139608781821454,0.0,0.0,0.006139608781821454,0.2,1.0607389456106189,1.05516083225916,-0.08316928027607129
2023-06-09,plain_sentiment,Plain-VADER tilt,minimum_variance,False,-0.0006892339139989863,0.0,0.0,-0.0006892339139989863,0.2,1.0600078483554045,1.0544335796288435,-0.08380119110150108
2023-06-12,plain_sentiment,Plain-VADER tilt,minimum_variance,False,-0.002339992382524982,0.0,0.0,-0.002339992382524982,0.2,1.057527438064836,1.0519662130846335,-0.08594508933520206
2023-06-13,plain_sentiment,Plain-VADER tilt,minimum_variance,False,0.005345044163868684,0.0,0.0,0.005345044163868684,0.2,1.0631799689257955,1.0575890189524686,-0.08105942546949763
2023-06-14,plain_sentiment,Plain-VADER tilt,minimum_variance,False,-0.0012437973728547723,0.0,0.0,-0.0012437973728547723,0.2,1.0618575884735737,1.0562735925091356,-0.08220240134190826
2023-06-15,plain_sentiment,Plain-VADER tilt,minimum_variance,False,0.011222870387863897,0.0,0.0,0.011222870387863897,0.2,1.0737746785593822,1.0681280141319889,-0.07190207784987579
2023-06-16,plain_sentiment,Plain-VADER tilt,minimum_variance,False,0.0007502843359064095,0.0,0.0,0.0007502843359064095,0.2,1.0745803148809983,1.068929413849735,-0.07120574051669926
2023-06-20,plain_sentiment,Plain-VADER tilt,minimum_variance,False,-0.008774891319944857,0.0,0.0,-0.008774891319944857,0.2,1.0651509894033653,1.0595496744145112,-0.07935580920225382
2023-06-21,plain_sentiment,Plain-VADER tilt,minimum_variance,False,-0.002022008086710292,0.0,0.0,-0.002022008086710292,0.2,1.0629972454892243,1.0574072564045738,-0.08121735920102979
2023-06-22,plain_sentiment,Plain-VADER tilt,minimum_variance,False,0.004456332421808708,0.0,0.0,0.004456332421808708,0.2,1.0677343145785914,1.0621194146443453,-0.07712295833024219
2023-06-23,plain_sentiment,Plain-VADER tilt,minimum_variance,False,-0.006924901517982747,0.0,0.0,-0.006924901517982747,0.2,1.0603403596027638,1.0547643422975959,-0.0835137909570125
2023-06-26,plain_sentiment,Plain-VADER tilt,minimum_variance,False,0.004617117212306898,0.0,0.0,0.004617117212306898,0.2,1.0652360753279895,1.0596343128973456,-0.07928226670639826
2023-06-27,plain_sentiment,Plain-VADER tilt,minimum_variance,False,0.0025027236289045397,0.0,0.0,0.0025027236289045397,0.2,1.0679020668240744,1.062286284730232,-0.07697796467973284
2023-06-28,plain_sentiment,Plain-VADER tilt,minimum_variance,False,-0.002434658543950258,0.0,0.0,-0.002434658543950258,0.2,1.065302089932979,1.059699980350992,-0.0792252081642798
2023-06-29,plain_sentiment,Plain-VADER tilt,minimum_variance,False,0.0017200835743240543,0.0,0.0,0.0017200835743240543,0.2,1.0671344985595659,1.0615227528809055,-0.0776413985691915
2023-06-30,plain_sentiment,Plain-VADER tilt,minimum_variance,False,0.007455331602035575,0.0,0.0,0.007455331602035575,0.2,1.0750903401102994,1.0694367570067382,-0.07076490933953505
2023-07-03,plain_sentiment,Plain-VADER tilt,minimum_variance,True,0.004792584300367154,0.11810455828177695,0.00011810455828177695,0.004674479742085377,0.2,1.0802428011957883,1.0744358174628077,-0.06642121873260787
2023-07-05,plain_sentiment,Plain-VADER tilt,minimum_variance,False,0.0026857920986674056,0.0,0.0,0.0026857920986674056,0.2,1.0831441087758822,1.0773215286918745,-0.06391382021839642
2023-07-06,plain_sentiment,Plain-VADER tilt,minimum_variance,False,-0.008508467685108786,0.0,0.0,-0.008508467685108786,0.2,1.0739282121280467,1.0681551732785277,-0.07187847922954504
2023-07-07,plain_sentiment,Plain-VADER tilt,minimum_variance,False,-0.01124575745813218,0.0,0.0,-0.01124575745813218,0.2,1.0618510759270092,1.0561429592721883,-0.08231590874380246
2023-07-10,plain_sentiment,Plain-VADER tilt,minimum_variance,False,0.002821063429463803,0.0,0.0,0.002821063429463803,0.2,1.0648466251648439,1.0591224055508768,-0.07972706371415872
2023-07-11,plain_sentiment,Plain-VADER tilt,minimum_variance,False,0.01011546839355812,0.0,0.0,0.01011546839355812,0.2,1.0756180475456858,1.0698359247691358,-0.07041807191371252
2023-07-12,plain_sentiment,Plain-VADER tilt,minimum_variance,False,0.00010085511906949326,0.0,0.0,0.00010085511906949326,0.2,1.0757265291319444,1.0699438231987133,-0.07032431881767043
2023-07-13,plain_sentiment,Plain-VADER tilt,minimum_variance,False,0.0017617980564172226,0.0,0.0,0.0017617980564172226,0.2,1.0776217420402057,1.0718288481469005,-0.06868641800946496
2023-07-14,plain_sentiment,Plain-VADER tilt,minimum_variance,False,0.00012242391049531958,0.0,0.0,0.00012242391049531958,0.2,1.077753668707901,1.0719600656258723,-0.06857240295886036
2023-07-17,plain_sentiment,Plain-VADER tilt,minimum_variance,False,-0.00509532076397355,0.0,0.0,-0.00509532076397355,0.2,1.072262168061285,1.0664980852453383,-0.07331832533420213
2023-07-18,plain_sentiment,Plain-VADER tilt,minimum_variance,False,0.0019688219657473657,0.0,0.0,0.0019688219657473657,0.2,1.074373261370804,1.068597830101997,-0.07149385409786435
2023-07-19,plain_sentiment,Plain-VADER tilt,minimum_variance,False,0.006064964705809232,0.0,0.0,0.006064964705809232,0.2,1.080889297281883,1.07507883822627,-0.06586249709384095
2023-07-20,plain_sentiment,Plain-VADER tilt,minimum_variance,False,0.013400035794147329,0.0,0.0,0.013400035794147329,0.2,1.095373252554971,1.0894849331400323,-0.05334502111824302
2023-07-21,plain_sentiment,Plain-VADER tilt,minimum_variance,False,0.006366508632704293,0.0,0.0,0.006366508632704293,0.2,1.1023469558233956,1.0964211483720696,-0.04731813402299978
2023-07-24,plain_sentiment,Plain-VADER tilt,minimum_variance,False,0.0028457752947660267,0.0,0.0,0.0028457752947660267,0.2,1.1054839875565383,1.0995413165887657,-0.04460701550503088
2023-07-25,plain_sentiment,Plain-VADER tilt,minimum_variance,False,-0.0015076396943668308,0.0,0.0,-0.0015076396943668308,0.2,1.1038173160154112,1.0978836044542801,-0.0460474038921751
2023-07-26,plain_sentiment,Plain-VADER tilt,minimum_variance,False,0.0009466626584630748,0.0,0.0,0.0009466626584630748,0.2,1.104862258650248,1.098922929865956,-0.04514433259149586
2023-07-27,plain_sentiment,Plain-VADER tilt,minimum_variance,False,-0.004390588484374215,0.0,0.0,-0.004390588484374215,0.2,1.1000112631405985,1.0940980115048717,-0.049336710889059
2023-07-28,plain_sentiment,Plain-VADER tilt,minimum_variance,False,0.002168506671185571,0.0,0.0,0.002168506671185571,0.2,1.1023966449030982,1.096470570341751,-0.04727519120457069
2023-07-31,plain_sentiment,Plain-VADER tilt,minimum_variance,False,-0.0032301429225608485,0.0,0.0,-0.0032301429225608485,0.2,1.0988357461827096,1.0929288136891653,-0.050352628502849384
2023-08-01,plain_sentiment,Plain-VADER tilt,minimum_variance,True,-0.005654720449820679,0.07945873619460878,7.945873619460877e-05,-0.005734179186015288,0.2,1.0926221372177765,1.0866617640339125,-0.05579807669454251
2023-08-02,plain_sentiment,Plain-VADER tilt,minimum_variance,False,-0.010373670634625097,0.0,0.0,-0.010373670634625097,0.2,1.081287635038179,1.075389092802584,-0.06559291645949283
2023-08-03,plain_sentiment,Plain-VADER tilt,minimum_variance,False,-0.005256162493267822,0.0,0.0,-0.005256162493267822,0.2,1.0756042115264572,1.0697366729873259,-0.07050431192544215
2023-08-04,plain_sentiment,Plain-VADER tilt,minimum_variance,False,-0.000561442011484316,0.0,0.0,-0.000561442011484316,0.2,1.075000322134377,1.0691360778778853,-0.07102616985422072
2023-08-07,plain_sentiment,Plain-VADER tilt,minimum_variance,False,0.014329641647809995,0.0,0.0,0.014329641647809995,0.2,1.0904046915218428,1.0844564147466205,-0.05771430776803821
2023-08-08,plain_sentiment,Plain-VADER tilt,minimum_variance,False,-0.0005268686524199334,0.0,0.0,-0.0005268686524199334,0.2,1.0898301914714283,1.0838850486567748,-0.05821076856089902
2023-08-09,plain_sentiment,Plain-VADER tilt,minimum_variance,False,0.0023033187258822783,0.0,0.0,0.0023033187258822783,0.2,1.0923404177594764,1.0863815813860498,-0.05604152778829108
2023-08-10,plain_sentiment,Plain-VADER tilt,minimum_variance,False,0.00012875713650887225,0.0,0.0,0.00012875713650887225,0.2,1.0924810643837601,1.086521460767625,-0.05591998639842577
2023-08-11,plain_sentiment,Plain-VADER tilt,minimum_variance,False,0.005971600219622583,0.0,0.0,0.005971600219622583,0.2,1.0990049245477678,1.0930097325613697,-0.050282317981861335
2023-08-14,plain_sentiment,Plain-VADER tilt,minimum_variance,False,-0.0001689695878706465,0.0,0.0,-0.0001689695878706465,0.2,1.0988192261385992,1.0928250471573202,-0.050442791387185326
2023-08-15,plain_sentiment,Plain-VADER tilt,minimum_variance,False,-0.005695980065931311,0.0,0.0,-0.005695980065931311,0.2,1.0925603737304517,1.0866003374731616,-0.05585145031890537
2023-08-16,plain_sentiment,Plain-VADER tilt,minimum_variance,False,-0.0030925260891104017,0.0,0.0,-0.0030925260891104017,0.2,1.089181602270762,1.0832399975810898,-0.05877125434078978
2023-08-17,plain_sentiment,Plain-VADER tilt,minimum_variance,False,-0.005400305339075548,0.0,0.0,-0.005400305339075548,0.2,1.0832996890487965,1.0773901708386524,-0.06385417696126472
2023-08-18,plain_sentiment,Plain-VADER tilt,minimum_variance,False,0.0020054801318528295,0.0,0.0,0.0020054801318528295,0.2,1.0854722250520261,1.0795508554205229,-0.061976755112643445
2023-08-21,plain_sentiment,Plain-VADER tilt,minimum_variance,False,-0.0022679685186072305,0.0,0.0,-0.0022679685186072305,0.2,1.0830104082177856,1.0771024680661936,-0.06410416230176985
2023-08-22,plain_sentiment,Plain-VADER tilt,minimum_variance,False,-0.005162608633546522,0.0,0.0,-0.005162608633546522,0.2,1.0774192493340997,1.0715418095653408,-0.06893582623357086
2023-08-23,plain_sentiment,Plain-VADER tilt,minimum_variance,False,0.00801936427019163,0.0,0.0,0.00801936427019163,0.2,1.0860594667662262,1.0801348936669855,-0.061469283465213076
2023-08-24,plain_sentiment,Plain-VADER tilt,minimum_variance,False,-0.009781249392234907,0.0,0.0,-0.009781249392234907,0.2,1.075436448266988,1.0695698248947736,-0.07064928646591262
2023-08-25,plain_sentiment,Plain-VADER tilt,minimum_variance,False,0.0027306791871296006,0.0,0.0,0.0027306791871296006,0.2,1.0783731201933513,1.0724904769547956,-0.06811152781492114
2023-08-28,plain_sentiment,Plain-VADER tilt,minimum_variance,False,0.003972283625081098,0.0,0.0,0.003972283625081098,0.2,1.082656724080423,1.0767507133144585,-0.06440980249645856
2023-08-29,plain_sentiment,Plain-VADER tilt,minimum_variance,False,0.007016741538002955,0.0,0.0,0.007016741538002955,0.2,1.0902534464876763,1.0843059947706464,-0.057845007895087064
2023-08-30,plain_sentiment,Plain-VADER tilt,minimum_variance,False,0.0013589632209358355,0.0,0.0,0.0013589632209358355,0.2,1.0917350608229517,1.0857795267377799,-0.0565646539123954
2023-08-31,plain_sentiment,Plain-VADER tilt,minimum_variance,False,-0.004593677228743156,0.0,0.0,-0.004593677228743156,0.2,1.0867199823342288,1.080791806050369,-0.060898491378509556
2023-09-01,plain_sentiment,Plain-VADER tilt,minimum_variance,True,0.0025154161486188233,0.08556080375937528,8.556080375937527e-05,0.002429855344859448,0.2,1.089453535326819,1.0834179737969807,-0.058616610558420046
2023-09-05,plain_sentiment,Plain-VADER tilt,minimum_variance,False,-0.009253851106239191,0.0,0.0,-0.009253851106239191,0.2,1.0793718945237387,1.0733921851816401,-0.06732803227819917
2023-09-06,plain_sentiment,Plain-VADER tilt,minimum_variance,False,-0.004987708079174747,0.0,0.0,-0.004987708079174747,0.2,1.0739883026049886,1.0680384183074867,-0.07197992778682494
2023-09-07,plain_sentiment,Plain-VADER tilt,minimum_variance,False,0.009300304839459038,0.0,0.0,0.009300304839459038,0.2,1.0839767212132283,1.077971501178,-0.06334905821810566
2023-09-08,plain_sentiment,Plain-VADER tilt,minimum_variance,False,0.004517699808059732,0.0,0.0,0.004517699808059732,0.2,1.0888738026385947,1.0828414528219659,-0.05911755043819844
2023-09-11,plain_sentiment,Plain-VADER tilt,minimum_variance,False,0.00436931826712119,0.0,0.0,0.00436931826712119,0.2,1.0936314388350532,1.0875727317621768,-0.05500653556411439
2023-09-12,plain_sentiment,Plain-VADER tilt,minimum_variance,False,-0.0015204042890574411,0.0,0.0,-0.0015204042890574411,0.2,1.0919686769048003,1.0859191815161437,-0.05644330768057393
2023-09-13,plain_sentiment,Plain-VADER tilt,minimum_variance,False,0.0008340219173899278,0.0,0.0,0.0008340219173899278,0.2,1.0928794027144422,1.0868248619140424,-0.05565636071887958
2023-09-14,plain_sentiment,Plain-VADER tilt,minimum_variance,False,0.008884632914855395,0.0,0.0,0.008884632914855395,0.2,1.1025892350277664,1.096480901854887,-0.047266214138388385
2023-09-15,plain_sentiment,Plain-VADER tilt,minimum_variance,False,-0.008594991279975438,0.0,0.0,-0.008594991279975438,0.2,1.093112490167308,1.0870566580647845,-0.05545495272000689
2023-09-18,plain_sentiment,Plain-VADER tilt,minimum_variance,False,0.0011437526374518973,0.0,0.0,0.0011437526374518973,0.2,1.0943627404609684,1.0882999819845056,-0.05437462683098837
2023-09-19,plain_sentiment,Plain-VADER tilt,minimum_variance,False,0.0018040740028954954,0.0,0.0,0.0018040740028954954,0.2,1.0963370518307716,1.0902633556893555,-0.05266864867877585
2023-09-20,plain_sentiment,Plain-VADER tilt,minimum_variance,False,0.0020729719067718528,0.0,0.0,0.0020729719067718528,0.2,1.0986097277395699,1.0925234409966822,-0.05070485740108288
2023-09-21,plain_sentiment,Plain-VADER tilt,minimum_variance,False,-0.014404445477824707,0.0,0.0,-0.014404445477824707,0.2,1.0827848638149373,1.0767862466576001,-0.06437892752501273
2023-09-22,plain_sentiment,Plain-VADER tilt,minimum_variance,False,-0.002880824397710719,0.0,0.0,-0.002880824397710719,0.2,1.0796655507617874,1.0736842145671095,-0.06707428753761102
2023-09-25,plain_sentiment,Plain-VADER tilt,minimum_variance,False,0.00015879841295756976,0.0,0.0,0.00015879841295756976,0.2,1.0798369999377735,1.0738547139164003,-0.06692614041506473
2023-09-26,plain_sentiment,Plain-VADER tilt,minimum_variance,False,-0.0054032239465009405,0.0,0.0,-0.0054032239465009405,0.2,1.074002398801392,1.0680524364111044,-0.07196774743702794
2023-09-27,plain_sentiment,Plain-VADER tilt,minimum_variance,False,-0.004736952575138134,0.0,0.0,-0.004736952575138134,0.2,1.0689149003726852,1.0629931226720641,-0.07636379220561751
2023-09-28,plain_sentiment,Plain-VADER tilt,minimum_variance,False,0.0030000948279723934,0.0,0.0,0.0030000948279723934,0.2,1.072121746436836,1.0661822028415628,-0.07359279599568547
2023-09-29,plain_sentiment,Plain-VADER tilt,minimum_variance,False,-0.004452662251047195,0.0,0.0,-0.004452662251047195,0.2,1.06734795040795,1.0614348535942317,-0.07771777438205385
2023-10-02,plain_sentiment,Plain-VADER tilt,minimum_variance,True,-0.006907041523302928,0.08519206642818009,8.519206642818009e-05,-0.006992233589731108,0.2,1.05997573379467,1.0540130531576188,-0.08416658713923153
2023-10-03,plain_sentiment,Plain-VADER tilt,minimum_variance,False,-0.00841911886056972,0.0,0.0,-0.00841911886056972,0.2,1.0510516721025331,1.0451391919824928,-0.09187709749858763
2023-10-04,plain_sentiment,Plain-VADER tilt,minimum_variance,False,0.0068200477673120135,0.0,0.0,0.0068200477673120135,0.2,1.0582198947121855,1.0522670911953032,-0.0856836559249381
2023-10-05,plain_sentiment,Plain-VADER tilt,minimum_variance,False,-0.0025602451571198554,0.0,0.0,-0.0025602451571198554,0.2,1.0555105923515808,1.049573029471074,-0.08802452991693166
2023-10-06,plain_sentiment,Plain-VADER tilt,minimum_variance,False,0.0046841716254587195,0.0,0.0,0.0046841716254587195,0.2,1.0604547851186452,1.054489409674569,-0.08375268029685434
2023-10-09,plain_sentiment,Plain-VADER tilt,minimum_variance,False,0.007250622473485915,0.0,0.0,0.007250622473485915,0.2,1.068143742415742,1.0621351142864082,-0.07710931688934353
2023-10-10,plain_sentiment,Plain-VADER tilt,minimum_variance,False,0.008100143506760839,0.0,0.0,0.008100143506760839,0.2,1.0767958600151581,1.0707385611356979,-0.06963376991509473
2023-10-11,plain_sentiment,Plain-VADER tilt,minimum_variance,False,0.0043849850332249585,0.0,0.0,0.0043849850332249585,0.2,1.081517593745163,1.0754337337007747,-0.06555412792075455
2023-10-12,plain_sentiment,Plain-VADER tilt,minimum_variance,False,-0.002995395828641243,0.0,0.0,-0.002995395828641243,0.2,1.0782780204562568,1.0722123839808673,-0.06835316318807172
2023-10-13,plain_sentiment,Plain-VADER tilt,minimum_variance,False,0.0023536232295371514,0.0,0.0,0.0023536232295371514,0.2,1.0808158806531019,1.074735967954802,-0.06616041755122637
2023-10-16,plain_sentiment,Plain-VADER tilt,minimum_variance,False,0.005333859165393317,0.0,0.0,0.005333859165393317,0.2,1.086580800344226,1.0804684582478556,-0.06117944873537495
2023-10-17,plain_sentiment,Plain-VADER tilt,minimum_variance,False,0.0036676156127119263,0.0,0.0,0.0036676156127119263,0.2,1.0905659610520417,1.0844312012343684,-0.057736215824021775
2023-10-18,plain_sentiment,Plain-VADER tilt,minimum_variance,False,-0.009621713934783527,0.0,0.0,-0.009621713934783527,0.2,1.0800728473477867,1.0739971144341376,-0.06680240840646978
2023-10-19,plain_sentiment,Plain-VADER tilt,minimum_variance,False,-0.007772626894538276,0.0,0.0,-0.007772626894538276,0.2,1.0716778440864307,1.0656493355778303,-0.07405580510480803
2023-10-20,plain_sentiment,Plain-VADER tilt,minimum_variance,False,-0.001249181182564429,0.0,0.0,-0.001249181182564429,0.2,1.0703391242898268,1.0643181464806142,-0.07521247716917578
2023-10-23,plain_sentiment,Plain-VADER tilt,minimum_variance,False,-0.006246904911150406,0.0,0.0,-0.006246904911150406,0.2,1.0636528175577042,1.057669452224338,-0.08098953688731825
2023-10-24,plain_sentiment,Plain-VADER tilt,minimum_variance,False,0.012655825216335563,0.0,0.0,0.012655825216335563,0.2,1.0771142217075773,1.0710551319483466,-0.06935870109418063
2023-10-25,plain_sentiment,Plain-VADER tilt,minimum_variance,False,-0.005237986781074802,0.0,0.0,-0.005237986781074802,0.2,1.0714723116525653,1.0654449593253987,-0.07423338791577161
2023-10-26,plain_sentiment,Plain-VADER tilt,minimum_variance,False,-0.0034190605617400315,0.0,0.0,-0.0034190605617400315,0.2,1.0678088829287975,1.0618021384842646,-0.07739864002852437
2023-10-27,plain_sentiment,Plain-VADER tilt,minimum_variance,False,-0.019478357823765335,0.0,0.0,-0.019478357823765335,0.2,1.0470097194197152,1.0411199764928287,-0.0953693994467415
2023-10-30,plain_sentiment,Plain-VADER tilt,minimum_variance,False,0.003413431679894119,0.0,0.0,0.003413431679894119,0.2,1.0505836155651396,1.04467376840316,-0.09228150469621133
2023-10-31,plain_sentiment,Plain-VADER tilt,minimum_variance,False,0.00571028900520606,0.0,0.0,0.00571028900520606,0.2,1.0565827516341508,1.0506391575368996,-0.08709816975265605
2023-11-01,plain_sentiment,Plain-VADER tilt,minimum_variance,True,0.005872151901114014,0.13110288249668298,0.00013110288249668298,0.0057410490186173314,0.2,1.0627871660478436,1.056670928441198,-0.08185715559602036
2023-11-02,plain_sentiment,Plain-VADER tilt,minimum_variance,False,0.016003550658187697,0.0,0.0,0.016003550658187697,0.2,1.0797955342985621,1.0735814151735408,-0.06716361007414884
2023-11-03,plain_sentiment,Plain-VADER tilt,minimum_variance,False,0.0029102308387507912,0.0,0.0,0.0029102308387507912,0.2,1.0829379885620232,1.0767057849158885,-0.06444884084467772
2023-11-06,plain_sentiment,Plain-VADER tilt,minimum_variance,False,-0.00027387671303193313,0.0,0.0,-0.00027387671303193313,0.2,1.0826413970652984,1.0764109002746134,-0.06470506652102026
2023-11-07,plain_sentiment,Plain-VADER tilt,minimum_variance,False,0.0007349218135833555,0.0,0.0,0.0007349218135833555,0.2,1.08343705384429,1.077201978125604,-0.06401769787227274
2023-11-08,plain_sentiment,Plain-VADER tilt,minimum_variance,False,6.447498642473803e-06,0.0,0.0,6.447498642473803e-06,0.2,1.0834440393032239,1.0772089233838957,-0.06401166312765028
2023-11-09,plain_sentiment,Plain-VADER tilt,minimum_variance,False,-0.010490549662982847,0.0,0.0,-0.010490549662982847,0.2,1.0720781158018506,1.0659084096757288,-0.0738306952595823
2023-11-10,plain_sentiment,Plain-VADER tilt,minimum_variance,False,0.005419444560022393,0.0,0.0,0.005419444560022393,0.2,1.077888183714452,1.071685041208028,-0.06881137205934706
2023-11-13,plain_sentiment,Plain-VADER tilt,minimum_variance,False,0.0018354660386997565,0.0,0.0,0.0018354660386997565,0.2,1.0798666108691757,1.073652082705348,-0.06710220695713853
2023-11-14,plain_sentiment,Plain-VADER tilt,minimum_variance,False,0.009059609548091482,0.0,0.0,0.009059609548091482,0.2,1.0896497807276713,1.0833789513651537,-0.058650517203893915
2023-11-15,plain_sentiment,Plain-VADER tilt,minimum_variance,False,0.002498778972118134,0.0,0.0,0.002498778972118134,0.2,1.0923725746867265,1.0860860759076603,-0.05629829291086874
2023-11-16,plain_sentiment,Plain-VADER tilt,minimum_variance,False,-0.005600942619028602,0.0,0.0,-0.005600942619028602,0.2,1.0862542585773056,1.0800029701171756,-0.061583912021754283
2023-11-17,plain_sentiment,Plain-VADER tilt,minimum_variance,False,0.0003940254338717956,0.0,0.0,0.0003940254338717956,0.2,1.0866822703828367,1.080428518756059,-0.06121415221553628
2023-11-20,plain_sentiment,Plain-VADER tilt,minimum_variance,False,0.004358906104985995,0.0,0.0,0.004358906104985995,0.2,1.0914190163653885,1.0851380052224657,-0.057122072852354155
2023-11-21,plain_sentiment,Plain-VADER tilt,minimum_variance,False,0.0025409147240976464,0.0,0.0,0.0025409147240976464,0.2,1.0941922190142315,1.0878952483576134,-0.054726300444237985
2023-11-22,plain_sentiment,Plain-VADER tilt,minimum_variance,False,8.533913021799874e-05,0.0,0.0,8.533913021799874e-05,0.2,1.0942855964264935,1.0879880883918767,-0.0546456316088999
2023-11-24,plain_sentiment,Plain-VADER tilt,minimum_variance,False,0.0038372478090571236,0.0,0.0,0.0038372478090571236,0.2,1.0984846414338638,1.0921629683003387,-0.05101807263000857
2023-11-27,plain_sentiment,Plain-VADER tilt,minimum_variance,False,0.00015050878297085996,0.0,0.0,0.00015050878297085996,0.2,1.0986499730203583,1.0923273484195035,-0.050875242515058594
2023-11-28,plain_sentiment,Plain-VADER tilt,minimum_variance,False,-0.001962529778150675,0.0,0.0,-0.001962529778150675,0.2,1.0964938397325414,1.0901836234707418,-0.052737928114802934
2023-11-29,plain_sentiment,Plain-VADER tilt,minimum_variance,False,0.0007639442345378016,0.0,0.0,0.0007639442345378016,0.2,1.0973314998796113,1.0910164629644798,-0.05201427271638981
2023-11-30,plain_sentiment,Plain-VADER tilt,minimum_variance,False,0.010445368227658413,0.0,0.0,0.010445368227658413,0.2,1.1087935314636626,1.1024125316625812,-0.04211221272034804
2023-12-01,plain_sentiment,Plain-VADER tilt,minimum_variance,True,0.005198659777873061,0.13969296486842875,0.00013969296486842874,0.005058966813004632,0.2,1.1145577717976485,1.1079896000745026,-0.037266290193917806
2023-12-04,plain_sentiment,Plain-VADER tilt,minimum_variance,False,0.0014534707263675224,0.0,0.0,0.0014534707263675224,0.2,1.1161777488918019,1.1096000305233307,-0.035866984929427415
2023-12-05,plain_sentiment,Plain-VADER tilt,minimum_variance,False,0.0017273120170012233,0.0,0.0,0.0017273120170012233,0.2,1.118105736130572,1.1115166559901184,-0.03420162638650848
2023-12-06,plain_sentiment,Plain-VADER tilt,minimum_variance,False,-0.0006508642750242383,0.0,0.0,-0.0006508642750242383,0.2,1.1173780010512249,1.11079320950764,-0.03483023004477004
2023-12-07,plain_sentiment,Plain-VADER tilt,minimum_variance,False,0.0014063666972152762,0.0,0.0,0.0014063666972152762,0.2,1.1189494442601042,1.1123553920849845,-0.033472847423146046
2023-12-08,plain_sentiment,Plain-VADER tilt,minimum_variance,False,-0.00021153653165543974,0.0,0.0,-0.00021153653165543974,0.2,1.1187127455755677,1.1121200882833746,-0.03367730322475293
2023-12-11,plain_sentiment,Plain-VADER tilt,minimum_variance,False,0.007079847322301019,0.0,0.0,0.007079847322301019,0.2,1.126633061011755,1.1199937287124848,-0.026835886067510084
2023-12-12,plain_sentiment,Plain-VADER tilt,minimum_variance,False,0.0041686258739196316,0.0,0.0,0.0041686258739196316,0.2,1.1313295727403017,1.1246625635486234,-0.022779128962601036
2023-12-13,plain_sentiment,Plain-VADER tilt,minimum_variance,False,0.01456087622269752,0.0,0.0,0.01456087622269752,0.2,1.1478027226160503,1.1410386359287565,-0.008549936817188852
2023-12-14,plain_sentiment,Plain-VADER tilt,minimum_variance,False,-0.0006039916924023754,0.0,0.0,-0.0006039916924023754,0.2,1.1471094593070734,1.1403494580719455,-0.009148764418782984
2023-12-15,plain_sentiment,Plain-VADER tilt,minimum_variance,False,-0.005908639844250229,0.0,0.0,-0.005908639844250229,0.2,1.1403316026500954,1.1336115438276124,-0.015003347509062737
2023-12-18,plain_sentiment,Plain-VADER tilt,minimum_variance,False,0.0018581776895573976,0.0,0.0,0.0018581776895573976,0.2,1.142450541392837,1.1357179955069776,-0.013173048705115376
2023-12-19,plain_sentiment,Plain-VADER tilt,minimum_variance,False,0.004201089528527761,0.0,0.0,0.004201089528527761,0.2,1.1472500783991433,1.1404892484852627,-0.009027300333561361
2023-12-20,plain_sentiment,Plain-VADER tilt,minimum_variance,False,-0.012168819110167737,0.0,0.0,-0.012168819110167737,0.2,1.1332893997209783,1.1266108411233544,-0.021086267858916763
2023-12-21,plain_sentiment,Plain-VADER tilt,minimum_variance,False,0.00776983452439693,0.0,0.0,0.00776983452439693,0.2,1.1420948708250633,1.1353644209322744,-0.013480270146520756
2023-12-22,plain_sentiment,Plain-VADER tilt,minimum_variance,False,0.005363621679058616,0.0,0.0,0.005363621679058616,0.2,1.1482206356337623,1.1414540861540186,-0.008188951536659661
2023-12-26,plain_sentiment,Plain-VADER tilt,minimum_variance,False,0.0031226876890139248,0.0,0.0,0.0031226876890139248,0.2,1.1518061700769278,1.1450184907764265,-0.005091835385795052
2023-12-27,plain_sentiment,Plain-VADER tilt,minimum_variance,False,0.0024835328100815254,0.0,0.0,0.0024835328100815254,0.2,1.1546667184911683,1.1478621817664199,-0.0026209483159576052
2023-12-28,plain_sentiment,Plain-VADER tilt,minimum_variance,False,0.0028747459701756323,0.0,0.0,0.0028747459701756323,0.2,1.1579860919870468,1.15116199394777,0.0
2023-12-29,plain_sentiment,Plain-VADER tilt,minimum_variance,False,-0.0002989476892961908,0.0,0.0,-0.0002989476892961908,0.2,1.1576399147206102,1.1508178567296736,-0.00029894768929628057
