date,ticker_count,covered_tickers,headline_count,coverage_breadth,plain_sentiment_index,plain_fear_greed_index,plain_standardized_score,finance_sentiment_index,finance_fear_greed_index,finance_standardized_score,standardization_basis,no_news_policy
2020-01-02,50,39,138,0.78,0.09234129743589743,54.617064871794874,0.19448311721431916,0.09211583076923077,54.60579153846153,-0.050574460779453816,full displayed sample 2020-01-02 to 2023-12-29; descriptive only,all 50 ticker-days retained; no-news score = 0
2020-01-03,50,31,91,0.62,-0.008877484632034633,49.55612576839827,-2.601002569849279,0.0037942153679653688,50.189710768398264,-2.3129777613595643,full displayed sample 2020-01-02 to 2023-12-29; descriptive only,all 50 ticker-days retained; no-news score = 0
2020-01-06,50,42,164,0.84,0.0981039399584076,54.90519699792038,0.3536372224329493,0.08858323995840761,54.42916199792038,-0.14106357914187434,full displayed sample 2020-01-02 to 2023-12-29; descriptive only,all 50 ticker-days retained; no-news score = 0
2020-01-07,50,34,105,0.68,0.08265536904761905,54.13276845238095,-0.07302528016180015,0.11116500238095238,55.558250119047614,0.4373798019667238,full displayed sample 2020-01-02 to 2023-12-29; descriptive only,all 50 ticker-days retained; no-news score = 0
2020-01-08,50,33,116,0.66,0.07976583253968254,53.98829162698413,-0.15282922351258063,0.08492748968253969,54.24637448412698,-0.2347074901215839,full displayed sample 2020-01-02 to 2023-12-29; descriptive only,all 50 ticker-days retained; no-news score = 0
2020-01-09,50,40,98,0.8,0.10933136031746032,55.46656801587302,0.6637189313327247,0.13712982698412698,56.85649134920635,1.1024820491835956,full displayed sample 2020-01-02 to 2023-12-29; descriptive only,all 50 ticker-days retained; no-news score = 0
2020-01-10,50,42,103,0.84,0.0742257,53.711285,-0.30583799226780667,0.0742257,53.711285,-0.5088393002101147,full displayed sample 2020-01-02 to 2023-12-29; descriptive only,all 50 ticker-days retained; no-news score = 0
2020-01-13,50,38,181,0.76,0.09995612023809523,54.99780601190476,0.40479120152601156,0.11699276785714285,55.849638392857145,0.586660991949932,full displayed sample 2020-01-02 to 2023-12-29; descriptive only,all 50 ticker-days retained; no-news score = 0
2020-01-14,50,33,126,0.66,0.10353188095238094,55.17659404761904,0.5035474569652569,0.11536238095238094,55.768119047619045,0.5448977984463053,full displayed sample 2020-01-02 to 2023-12-29; descriptive only,all 50 ticker-days retained; no-news score = 0
2020-01-15,50,37,152,0.74,0.04976983492063493,52.48849174603175,-0.981266202303374,0.06145933333333334,53.072966666666666,-0.8358563045058578,full displayed sample 2020-01-02 to 2023-12-29; descriptive only,all 50 ticker-days retained; no-news score = 0
2020-01-16,50,37,144,0.74,0.1288633115995116,56.44316557997557,1.203157256254997,0.12722585604395603,56.3612928021978,0.848786773773458,full displayed sample 2020-01-02 to 2023-12-29; descriptive only,all 50 ticker-days retained; no-news score = 0
2020-01-17,50,39,165,0.78,0.11429935577755578,55.714967788877786,0.8009262748549278,0.12092935072705072,56.04646753635254,0.687498573298779,full displayed sample 2020-01-02 to 2023-12-29; descriptive only,all 50 ticker-days retained; no-news score = 0
2020-01-21,50,45,241,0.9,0.08070720425685426,54.03536021284271,-0.12683018353407288,0.09219206356421356,54.609603178210676,-0.04862171878987484,full displayed sample 2020-01-02 to 2023-12-29; descriptive only,all 50 ticker-days retained; no-news score = 0
2020-01-22,50,36,119,0.72,0.054741114285714286,52.73705571428572,-0.8439681630704279,0.06397288095238096,53.19864404761905,-0.7714704981133589,full displayed sample 2020-01-02 to 2023-12-29; descriptive only,all 50 ticker-days retained; no-news score = 0
2020-01-23,50,46,166,0.92,0.07381027354497353,53.690513677248674,-0.31731134420237805,0.07912109894179893,53.956054947089946,-0.3834411553362429,full displayed sample 2020-01-02 to 2023-12-29; descriptive only,all 50 ticker-days retained; no-news score = 0
2020-01-24,50,40,182,0.8,0.10093271076020754,55.04663553801038,0.43176292328467375,0.0960627901779435,54.80313950889717,0.0505289209120847,full displayed sample 2020-01-02 to 2023-12-29; descriptive only,all 50 ticker-days retained; no-news score = 0
2020-01-27,50,43,202,0.86,0.021498240764790767,51.07491203823954,-1.762078174137722,0.030703263997114,51.5351631998557,-1.6236887333286716,full displayed sample 2020-01-02 to 2023-12-29; descriptive only,all 50 ticker-days retained; no-news score = 0
2020-01-28,50,39,178,0.78,0.07442934963369964,53.72146748168498,-0.3002135456527408,0.08888272490842491,54.44413624542125,-0.13339211914519147,full displayed sample 2020-01-02 to 2023-12-29; descriptive only,all 50 ticker-days retained; no-news score = 0
2020-01-29,50,40,175,0.8,0.09879248412698413,54.9396242063492,0.37265360781955637,0.10722400317460318,55.36120015873016,0.3364290939036975,full displayed sample 2020-01-02 to 2023-12-29; descriptive only,all 50 ticker-days retained; no-news score = 0
2020-01-30,50,40,182,0.8,0.050882507892107895,52.54412539460539,-0.9505361213580447,0.05534614748584749,52.76730737429237,-0.992448683116422,full displayed sample 2020-01-02 to 2023-12-29; descriptive only,all 50 ticker-days retained; no-news score = 0
2020-01-31,50,41,177,0.82,0.07438918138528139,53.719459069264076,-0.3013229224031177,0.06656497950937951,53.32824897546897,-0.7050725693148506,full displayed sample 2020-01-02 to 2023-12-29; descriptive only,all 50 ticker-days retained; no-news score = 0
2020-02-03,50,42,196,0.84,0.10526510541770058,55.263255270885026,0.5514160845685577,0.11430003761185052,55.71500188059253,0.5176853310446857,full displayed sample 2020-01-02 to 2023-12-29; descriptive only,all 50 ticker-days retained; no-news score = 0
2020-02-04,50,44,174,0.88,0.12705033924963924,56.35251696248196,1.1530861315924934,0.13823236976911976,56.911618488455986,1.1307242458923608,full displayed sample 2020-01-02 to 2023-12-29; descriptive only,all 50 ticker-days retained; no-news score = 0
2020-02-05,50,39,201,0.78,0.07758468809523808,53.8792344047619,-0.2130686173413919,0.07443982275132273,53.721991137566135,-0.5033544365431524,full displayed sample 2020-01-02 to 2023-12-29; descriptive only,all 50 ticker-days retained; no-news score = 0
2020-02-06,50,42,151,0.84,0.1616945688034188,58.08472844017094,2.109899144734048,0.16801482155067154,58.40074107753358,1.893616963646993,full displayed sample 2020-01-02 to 2023-12-29; descriptive only,all 50 ticker-days retained; no-news score = 0
2020-02-07,50,37,124,0.74,0.10655329826839827,55.327664913419916,0.5869937175209694,0.10882947705627705,55.44147385281385,0.3775541275932657,full displayed sample 2020-01-02 to 2023-12-29; descriptive only,all 50 ticker-days retained; no-news score = 0
2020-02-10,50,43,172,0.86,0.09753138095238095,54.87656904761905,0.3378241443297901,0.10902721428571428,55.45136071428571,0.3826192677460347,full displayed sample 2020-01-02 to 2023-12-29; descriptive only,all 50 ticker-days retained; no-news score = 0
2020-02-11,50,41,190,0.82,0.0738494850903998,53.69247425451999,-0.31622838991496904,0.07783967080468551,53.89198354023428,-0.41626559172919503,full displayed sample 2020-01-02 to 2023-12-29; descriptive only,all 50 ticker-days retained; no-news score = 0
2020-02-12,50,42,130,0.84,0.10093694248366013,55.04684712418301,0.4318797960833937,0.12157133986928105,56.07856699346405,0.7039434531588193,full displayed sample 2020-01-02 to 2023-12-29; descriptive only,all 50 ticker-days retained; no-news score = 0
2020-02-13,50,44,191,0.88,0.06389554735166794,53.1947773675834,-0.5911387366910436,0.0772275633944487,53.86137816972243,-0.4319450357581307,full displayed sample 2020-01-02 to 2023-12-29; descriptive only,all 50 ticker-days retained; no-news score = 0
2020-02-14,50,37,146,0.74,0.09605406021505378,54.80270301075269,0.2970231300118282,0.11001406021505376,55.50070301075268,0.4078978303895991,full displayed sample 2020-01-02 to 2023-12-29; descriptive only,all 50 ticker-days retained; no-news score = 0
2020-02-18,50,45,253,0.9,0.08667259010270775,54.333629505135384,0.03792333759309453,0.09412109407096171,54.70605470354809,0.0007913831507880682,full displayed sample 2020-01-02 to 2023-12-29; descriptive only,all 50 ticker-days retained; no-news score = 0
2020-02-19,50,40,129,0.8,0.09942174401154402,54.971087200577195,0.3900326649944379,0.11970589004329003,55.98529450216451,0.6561590028380861,full displayed sample 2020-01-02 to 2023-12-29; descriptive only,all 50 ticker-days retained; no-news score = 0
2020-02-20,50,39,193,0.78,0.07961987846597847,53.980993923298925,-0.15686021969404557,0.09255848632478633,54.627924316239316,-0.03923561257837491,full displayed sample 2020-01-02 to 2023-12-29; descriptive only,all 50 ticker-days retained; no-news score = 0
2020-02-21,50,40,124,0.8,0.056218613492063495,52.81093067460317,-0.8031622197502939,0.06037994682539683,53.018997341269845,-0.8635053413476613,full displayed sample 2020-01-02 to 2023-12-29; descriptive only,all 50 ticker-days retained; no-news score = 0
2020-02-24,50,45,192,0.9,0.02232051227400051,51.116025613700025,-1.7393684735474373,0.01743809730073848,50.871904865036925,-1.9634827552142289,full displayed sample 2020-01-02 to 2023-12-29; descriptive only,all 50 ticker-days retained; no-news score = 0
2020-02-25,50,43,150,0.86,0.09468957564102563,54.734478782051276,0.25933845312691217,0.10301591025641024,55.150795512820515,0.2286366439579611,full displayed sample 2020-01-02 to 2023-12-29; descriptive only,all 50 ticker-days retained; no-news score = 0
2020-02-26,50,42,189,0.84,0.10410332282913166,55.20516614145659,0.5193296819121377,0.11991826106442577,55.995913053221294,0.6615989950413783,full displayed sample 2020-01-02 to 2023-12-29; descriptive only,all 50 ticker-days retained; no-news score = 0
2020-02-27,50,46,211,0.92,0.0900539119047619,54.502695595238094,0.13130953043084828,0.08885223968253968,54.442611984126984,-0.13417301378064786,full displayed sample 2020-01-02 to 2023-12-29; descriptive only,all 50 ticker-days retained; no-news score = 0
2020-02-28,50,43,176,0.86,0.013468620634920636,50.67343103174603,-1.9838422349870697,0.0060683785714285765,50.30341892857143,-2.2547239090698645,full displayed sample 2020-01-02 to 2023-12-29; descriptive only,all 50 ticker-days retained; no-news score = 0
2020-03-02,50,44,197,0.88,0.09349027187118437,54.67451359355921,0.22621578108386622,0.1432622052045177,57.16311026022589,1.2595660502311894,full displayed sample 2020-01-02 to 2023-12-29; descriptive only,all 50 ticker-days retained; no-news score = 0
2020-03-03,50,41,149,0.82,0.08433617094017094,54.21680854700854,-0.026604472309510917,0.10744910427350428,55.37245521367521,0.34219517355253926,full displayed sample 2020-01-02 to 2023-12-29; descriptive only,all 50 ticker-days retained; no-news score = 0
2020-03-04,50,44,146,0.88,0.2460675349206349,62.303376746031745,4.440132865561493,0.25632522380952383,62.81626119047618,4.155733033855579,full displayed sample 2020-01-02 to 2023-12-29; descriptive only,all 50 ticker-days retained; no-news score = 0
2020-03-05,50,43,140,0.86,0.11176548967698967,55.58827448384949,0.7309453259405826,0.11033772777222776,55.51688638861138,0.41618874022310137,full displayed sample 2020-01-02 to 2023-12-29; descriptive only,all 50 ticker-days retained; no-news score = 0
2020-03-06,50,37,153,0.74,0.029629657842157844,51.48148289210789,-1.5375026596836134,0.03556197927072927,51.778098963536465,-1.4992302593564133,full displayed sample 2020-01-02 to 2023-12-29; descriptive only,all 50 ticker-days retained; no-news score = 0
2020-03-09,50,46,230,0.92,0.005573818353576252,50.278690917678816,-2.2018828627124982,-0.015639297040678613,49.21803514796607,-2.81077710997237,full displayed sample 2020-01-02 to 2023-12-29; descriptive only,all 50 ticker-days retained; no-news score = 0
2020-03-10,50,43,172,0.86,0.06938809379666228,53.46940468983311,-0.4394442126232793,0.0652108572024594,53.260542860122975,-0.7397591040056702,full displayed sample 2020-01-02 to 2023-12-29; descriptive only,all 50 ticker-days retained; no-news score = 0
2020-03-11,50,44,163,0.88,0.10947790833333335,55.473895416666664,0.6677663311578447,0.09353157976190478,54.67657898809524,-0.014309327048976894,full displayed sample 2020-01-02 to 2023-12-29; descriptive only,all 50 ticker-days retained; no-news score = 0
2020-03-12,50,44,218,0.88,-0.028286570559732667,48.58567147201337,-3.1370475686268056,-0.03226300260651629,48.38684986967419,-3.23660182082208,full displayed sample 2020-01-02 to 2023-12-29; descriptive only,all 50 ticker-days retained; no-news score = 0
2020-03-13,50,41,172,0.82,0.048360790429505134,52.41803952147526,-1.0201815461448516,0.10950762380952382,55.47538119047619,0.39492520313182755,full displayed sample 2020-01-02 to 2023-12-29; descriptive only,all 50 ticker-days retained; no-news score = 0
2020-03-16,50,45,262,0.9,-0.00010306998234076659,49.994846500882964,-2.358668587317083,0.011650812879895039,50.582540643994754,-2.11172700228361,full displayed sample 2020-01-02 to 2023-12-29; descriptive only,all 50 ticker-days retained; no-news score = 0
2020-03-17,50,42,164,0.84,0.08171583412698415,54.085791706349205,-0.09897359103328046,0.13323842460317462,56.66192123015873,1.0028017891413206,full displayed sample 2020-01-02 to 2023-12-29; descriptive only,all 50 ticker-days retained; no-news score = 0
2020-03-18,50,41,168,0.82,0.023219618217893218,51.16098091089466,-1.7145367402865197,0.039159695598845606,51.95798477994228,-1.4070729175969607,full displayed sample 2020-01-02 to 2023-12-29; descriptive only,all 50 ticker-days retained; no-news score = 0
2020-03-19,50,38,156,0.76,0.01829231666666667,50.91461583333333,-1.850620189236297,0.03262511666666667,51.631255833333334,-1.5744594953548112,full displayed sample 2020-01-02 to 2023-12-29; descriptive only,all 50 ticker-days retained; no-news score = 0
2020-03-20,50,40,181,0.8,0.04325400591075591,52.1627002955378,-1.1612220006674148,0.03859641744921745,51.92982087246087,-1.4215015751693305,full displayed sample 2020-01-02 to 2023-12-29; descriptive only,all 50 ticker-days retained; no-news score = 0
2020-03-23,50,47,244,0.94,0.050076412184547475,52.50382060922737,-0.9727990746049646,0.053930835535706115,52.69654177678531,-1.0287026217791477,full displayed sample 2020-01-02 to 2023-12-29; descriptive only,all 50 ticker-days retained; no-news score = 0
2020-03-24,50,44,186,0.88,0.22749022960927964,61.37451148046398,3.9270601922778914,0.2354674962759463,61.77337481379731,3.6214516872092593,full displayed sample 2020-01-02 to 2023-12-29; descriptive only,all 50 ticker-days retained; no-news score = 0
2020-03-25,50,41,159,0.82,0.12010157142857142,56.00507857142857,0.9611733206530556,0.18018715714285716,59.00935785714285,2.2054175584890903,full displayed sample 2020-01-02 to 2023-12-29; descriptive only,all 50 ticker-days retained; no-news score = 0
2020-03-26,50,46,175,0.92,0.18131596623376622,59.06579831168831,2.6518078157938296,0.1880487106782107,59.402435533910534,2.4067952686369987,full displayed sample 2020-01-02 to 2023-12-29; descriptive only,all 50 ticker-days retained; no-news score = 0
2020-03-27,50,39,149,0.78,0.20498302271062271,60.24915113553113,3.305450512181688,0.20288433223443225,60.14421661172161,2.7868172940773555,full displayed sample 2020-01-02 to 2023-12-29; descriptive only,all 50 ticker-days retained; no-news score = 0
2020-03-30,50,45,183,0.9,0.08524892055137843,54.26244602756892,-0.0013959248257945226,0.10350535388471177,55.175267694235586,0.2411739925456933,full displayed sample 2020-01-02 to 2023-12-29; descriptive only,all 50 ticker-days retained; no-news score = 0
2020-03-31,50,43,137,0.86,0.01562744047619048,50.781372023809524,-1.9242194076429462,0.028803773809523803,51.440188690476184,-1.672345144902435,full displayed sample 2020-01-02 to 2023-12-29; descriptive only,all 50 ticker-days retained; no-news score = 0
2020-04-01,50,44,163,0.88,0.033333009523809534,51.666650476190476,-1.4352225649352681,0.01805548888888889,50.90277444444445,-1.9476679542684359,full displayed sample 2020-01-02 to 2023-12-29; descriptive only,all 50 ticker-days retained; no-news score = 0
2020-04-02,50,42,176,0.84,0.024174336813186814,51.20871684065934,-1.688169082883514,0.03523013443223443,51.76150672161172,-1.507730634428589,full displayed sample 2020-01-02 to 2023-12-29; descriptive only,all 50 ticker-days retained; no-news score = 0
2020-04-03,50,40,190,0.8,0.04093552579365079,52.04677628968254,-1.2252543655180315,0.04954532936507936,52.47726646825397,-1.1410396028235212,full displayed sample 2020-01-02 to 2023-12-29; descriptive only,all 50 ticker-days retained; no-news score = 0
2020-04-06,50,44,312,0.88,0.19537611871423596,59.7688059357118,3.0401246302631613,0.19720722140783864,59.86036107039193,2.6413951999105807,full displayed sample 2020-01-02 to 2023-12-29; descriptive only,all 50 ticker-days retained; no-news score = 0
2020-04-07,50,46,234,0.92,0.18683062336902864,59.34153116845143,2.804112998446026,0.20373007932710563,60.186503966355275,2.808481537934617,full displayed sample 2020-01-02 to 2023-12-29; descriptive only,all 50 ticker-days retained; no-news score = 0
2020-04-08,50,42,229,0.84,0.1620918496703881,58.104592483519404,2.1208713472706435,0.16175319899369636,58.08765994968482,1.7332223028889588,full displayed sample 2020-01-02 to 2023-12-29; descriptive only,all 50 ticker-days retained; no-news score = 0
2020-04-09,50,47,290,0.94,0.13506898174603174,56.75344908730159,1.3745470094096248,0.15405724682539682,57.70286234126984,1.5360865563611832,full displayed sample 2020-01-02 to 2023-12-29; descriptive only,all 50 ticker-days retained; no-news score = 0
2020-04-13,50,46,345,0.92,0.044246223616253036,52.212311180812655,-1.1338186834420925,0.042596592523816056,52.129829626190805,-1.3190350470091072,full displayed sample 2020-01-02 to 2023-12-29; descriptive only,all 50 ticker-days retained; no-news score = 0
2020-04-14,50,41,226,0.82,0.19904256849261848,59.95212842463092,3.141385558999954,0.1976149635975136,59.880748179875674,2.6518397244079575,full displayed sample 2020-01-02 to 2023-12-29; descriptive only,all 50 ticker-days retained; no-news score = 0
2020-04-15,50,45,262,0.9,0.036072670587745596,51.803633529387284,-1.3595579191534346,0.0372008832917083,51.86004416458542,-1.4572488955696292,full displayed sample 2020-01-02 to 2023-12-29; descriptive only,all 50 ticker-days retained; no-news score = 0
2020-04-16,50,44,304,0.88,0.13758254661868768,56.87912733093439,1.4439672739243634,0.15092795113756063,57.54639755687803,1.4559280486109925,full displayed sample 2020-01-02 to 2023-12-29; descriptive only,all 50 ticker-days retained; no-news score = 0
2020-04-17,50,43,314,0.86,0.15582297696647,57.7911488483235,1.9477360500481846,0.15742528766842626,57.87126438342132,1.6223606432326654,full displayed sample 2020-01-02 to 2023-12-29; descriptive only,all 50 ticker-days retained; no-news score = 0
2020-04-20,50,46,319,0.92,0.06267717665851724,53.13385883292586,-0.6247880037999353,0.062122376182767274,53.10611880913836,-0.8188721231798005,full displayed sample 2020-01-02 to 2023-12-29; descriptive only,all 50 ticker-days retained; no-news score = 0
2020-04-21,50,47,230,0.94,-0.07077717117117117,46.46114144144144,-4.3105636238219045,-0.0726995963963964,46.36502018018018,-4.272405829147897,full displayed sample 2020-01-02 to 2023-12-29; descriptive only,all 50 ticker-days retained; no-news score = 0
2020-04-22,50,44,232,0.88,0.12119666217050923,56.05983310852546,0.9914178111772395,0.11563270865474395,55.7816354327372,0.55182238064836,full displayed sample 2020-01-02 to 2023-12-29; descriptive only,all 50 ticker-days retained; no-news score = 0
2020-04-23,50,46,259,0.92,0.1554329388888889,57.77164694444444,1.9369638806838472,0.16707065046897548,58.35353252344877,1.8694315390277003,full displayed sample 2020-01-02 to 2023-12-29; descriptive only,all 50 ticker-days retained; no-news score = 0
2020-04-24,50,39,206,0.78,0.00777725058815315,50.38886252940765,-2.141027919110823,-0.0003142037897270361,49.98428981051365,-2.4182170170083768,full displayed sample 2020-01-02 to 2023-12-29; descriptive only,all 50 ticker-days retained; no-news score = 0
2020-04-27,50,49,346,0.98,0.10138937893217893,55.06946894660894,0.4443752992923867,0.1046107856782107,55.23053928391053,0.26949019268329094,full displayed sample 2020-01-02 to 2023-12-29; descriptive only,all 50 ticker-days retained; no-news score = 0
2020-04-28,50,45,319,0.9,0.11017042764580448,55.50852138229022,0.6868925030646446,0.10882232766315555,55.44111638315778,0.37737099223595005,full displayed sample 2020-01-02 to 2023-12-29; descriptive only,all 50 ticker-days retained; no-news score = 0
2020-04-29,50,44,404,0.88,0.1184806147784527,55.92403073892264,0.9164053337026077,0.1143884642136918,55.719423210684596,0.5199504236265625,full displayed sample 2020-01-02 to 2023-12-29; descriptive only,all 50 ticker-days retained; no-news score = 0
2020-04-30,50,47,321,0.94,0.051039266136641136,52.551963306832064,-0.9462067328792564,0.06959996862026863,53.47999843101343,-0.6273297727128553,full displayed sample 2020-01-02 to 2023-12-29; descriptive only,all 50 ticker-days retained; no-news score = 0
2020-05-01,50,44,340,0.88,-0.003061649583865327,49.846917520806734,-2.440379380127744,0.010650229582604311,50.532511479130214,-2.1373574546254432,full displayed sample 2020-01-02 to 2023-12-29; descriptive only,all 50 ticker-days retained; no-news score = 0
2020-05-04,50,47,299,0.94,0.10782971051758698,55.39148552587935,0.622245990868864,0.09940783346196287,54.97039167309814,0.13621391356044524,full displayed sample 2020-01-02 to 2023-12-29; descriptive only,all 50 ticker-days retained; no-news score = 0
2020-05-05,50,46,299,0.92,0.13945013540446483,56.97250677022324,1.4955468089997468,0.15856880538154655,57.92844026907733,1.6516524336588414,full displayed sample 2020-01-02 to 2023-12-29; descriptive only,all 50 ticker-days retained; no-news score = 0
2020-05-06,50,42,247,0.84,0.06561607273576098,53.28080363678804,-0.5436208354952587,0.06588849094304389,53.2944245471522,-0.7224011695485425,full displayed sample 2020-01-02 to 2023-12-29; descriptive only,all 50 ticker-days retained; no-news score = 0
2020-05-07,50,42,181,0.84,0.11221770952380952,55.610885476190475,0.7434348469895767,0.12824997142857142,56.41249857142857,0.8750200125542733,full displayed sample 2020-01-02 to 2023-12-29; descriptive only,all 50 ticker-days retained; no-news score = 0
2020-05-08,50,40,203,0.8,0.10993091295093795,55.4965456475469,0.6802775262030237,0.12577836446608948,56.28891822330447,0.8117085375065035,full displayed sample 2020-01-02 to 2023-12-29; descriptive only,all 50 ticker-days retained; no-news score = 0
2020-05-11,50,46,247,0.92,0.10198563033988957,55.09928151699448,0.4608427200822154,0.10386324145100069,55.19316207255004,0.2503414653951203,full displayed sample 2020-01-02 to 2023-12-29; descriptive only,all 50 ticker-days retained; no-news score = 0
2020-05-12,50,42,202,0.84,0.0021957629437229474,50.10978814718615,-2.29517884351194,0.0038563134199134197,50.19281567099567,-2.31138708803403,full displayed sample 2020-01-02 to 2023-12-29; descriptive only,all 50 ticker-days retained; no-news score = 0
2020-05-13,50,44,217,0.88,0.09739651436341436,54.869825718170716,0.3340993650801625,0.10335315332445333,55.16765766622267,0.23727529743788273,full displayed sample 2020-01-02 to 2023-12-29; descriptive only,all 50 ticker-days retained; no-news score = 0
2020-05-14,50,49,219,0.98,0.10818324869281046,55.40916243464052,0.6320100967835598,0.11264019313725489,55.63200965686275,0.475167566840375,full displayed sample 2020-01-02 to 2023-12-29; descriptive only,all 50 ticker-days retained; no-news score = 0
2020-05-15,50,48,258,0.96,0.08122184737854737,54.06109236892737,-0.11261664083729098,0.08552691404521404,54.2763457022607,-0.21935292883552357,full displayed sample 2020-01-02 to 2023-12-29; descriptive only,all 50 ticker-days retained; no-news score = 0
2020-05-18,50,47,268,0.94,0.18568280375180377,59.28414018759018,2.772412228631097,0.1958401370851371,59.792006854256854,2.6063766365634367,full displayed sample 2020-01-02 to 2023-12-29; descriptive only,all 50 ticker-days retained; no-news score = 0
2020-05-19,50,39,155,0.78,0.05700700805860806,52.8503504029304,-0.7813881410515906,0.08364887454212454,54.182443727106225,-0.26745987016699563,full displayed sample 2020-01-02 to 2023-12-29; descriptive only,all 50 ticker-days retained; no-news score = 0
2020-05-20,50,42,182,0.84,0.08848692427278604,54.424346213639296,0.08803207334729743,0.08895433220929398,54.4477166104647,-0.13155786155042504,full displayed sample 2020-01-02 to 2023-12-29; descriptive only,all 50 ticker-days retained; no-news score = 0
2020-05-21,50,45,157,0.9,0.06935140808080809,53.4675704040404,-0.4404574079166315,0.07423587474747474,53.71179373737374,-0.5085786688554363,full displayed sample 2020-01-02 to 2023-12-29; descriptive only,all 50 ticker-days retained; no-news score = 0
2020-05-22,50,39,135,0.78,0.023712416666666663,51.18562083333333,-1.700926509240381,0.030180699999999998,51.509035000000004,-1.6370744770841927,full displayed sample 2020-01-02 to 2023-12-29; descriptive only,all 50 ticker-days retained; no-news score = 0
2020-05-26,50,44,248,0.88,0.13894249285714286,56.94712464285714,1.4815266099201863,0.14692646547619048,57.34632327380953,1.3534279491010586,full displayed sample 2020-01-02 to 2023-12-29; descriptive only,all 50 ticker-days retained; no-news score = 0
2020-05-27,50,40,175,0.8,0.1198327598845599,55.99163799422799,0.9537492160703968,0.1313538075036075,56.567690375180376,0.9545263593156874,full displayed sample 2020-01-02 to 2023-12-29; descriptive only,all 50 ticker-days retained; no-news score = 0
2020-05-28,50,47,196,0.94,0.09046781731601732,54.52339086580087,0.14274087379739972,0.09173933398268398,54.5869666991342,-0.06021861831293411,full displayed sample 2020-01-02 to 2023-12-29; descriptive only,all 50 ticker-days retained; no-news score = 0
2020-05-29,50,40,152,0.8,0.09844169841269843,54.922084920634916,0.36296552006076527,0.10248708174603176,55.12435408730158,0.215090431494732,full displayed sample 2020-01-02 to 2023-12-29; descriptive only,all 50 ticker-days retained; no-news score = 0
2020-06-01,50,44,221,0.88,0.06592266125161388,53.296133062580694,-0.5351533970379412,0.07382056428191691,53.69102821409585,-0.5192170586060617,full displayed sample 2020-01-02 to 2023-12-29; descriptive only,all 50 ticker-days retained; no-news score = 0
2020-06-02,50,42,142,0.84,0.13286940245310244,56.643470122655124,1.3137984773158624,0.13785366911976912,56.89268345598846,1.1210236352872422,full displayed sample 2020-01-02 to 2023-12-29; descriptive only,all 50 ticker-days retained; no-news score = 0
2020-06-03,50,41,164,0.82,0.1734619514147688,58.67309757073844,2.4348936664242267,0.1749713137336094,58.74856568668048,2.0718110648716506,full displayed sample 2020-01-02 to 2023-12-29; descriptive only,all 50 ticker-days retained; no-news score = 0
2020-06-04,50,40,119,0.8,0.08555250317460317,54.27762515873016,0.006988496135686612,0.08684276984126985,54.3421384920635,-0.1856466103702311,full displayed sample 2020-01-02 to 2023-12-29; descriptive only,all 50 ticker-days retained; no-news score = 0
2020-06-05,50,36,141,0.72,0.16027722222222224,58.01386111111111,2.0707545116887274,0.17684799494949494,58.84239974747475,2.119883212982466,full displayed sample 2020-01-02 to 2023-12-29; descriptive only,all 50 ticker-days retained; no-news score = 0
2020-06-08,50,41,150,0.82,0.11163845132684652,55.58192256634232,0.7274367489524205,0.11441463398938524,55.72073169946926,0.5206207758006629,full displayed sample 2020-01-02 to 2023-12-29; descriptive only,all 50 ticker-days retained; no-news score = 0
2020-06-09,50,34,141,0.68,0.12099335000000001,56.0496675,0.9858026847051299,0.11637025476190477,55.81851273809524,0.5707150009835937,full displayed sample 2020-01-02 to 2023-12-29; descriptive only,all 50 ticker-days retained; no-news score = 0
2020-06-10,50,32,160,0.64,0.009353563953823958,50.4676781976912,-2.097492901577196,0.014921778239538245,50.74608891197692,-2.0279395535133515,full displayed sample 2020-01-02 to 2023-12-29; descriptive only,all 50 ticker-days retained; no-news score = 0
2020-06-11,50,42,164,0.84,0.09433954776334776,54.716977388167386,0.24967129548945866,0.09761992655122656,54.88099632756133,0.09041576462937545,full displayed sample 2020-01-02 to 2023-12-29; descriptive only,all 50 ticker-days retained; no-news score = 0
2020-06-12,50,33,95,0.66,0.037308961904761906,51.8654480952381,-1.3254137157639825,0.05042776190476191,52.521388095238095,-1.1184356424991218,full displayed sample 2020-01-02 to 2023-12-29; descriptive only,all 50 ticker-days retained; no-news score = 0
2020-06-15,50,33,144,0.66,0.08370368903318903,54.18518445165945,-0.04407251610703439,0.07611088903318904,53.80554445165945,-0.46054922001256454,full displayed sample 2020-01-02 to 2023-12-29; descriptive only,all 50 ticker-days retained; no-news score = 0
2020-06-16,50,34,113,0.68,0.09829505000000001,54.9147525,0.35891534745096365,0.10753543888888889,55.37677194444445,0.34440667883256676,full displayed sample 2020-01-02 to 2023-12-29; descriptive only,all 50 ticker-days retained; no-news score = 0
2020-06-17,50,35,80,0.7,0.008864516666666664,50.44322583333334,-2.1109995321018347,0.012260849999999998,50.613042500000006,-2.096100589794079,full displayed sample 2020-01-02 to 2023-12-29; descriptive only,all 50 ticker-days retained; no-news score = 0
2020-06-18,50,36,97,0.72,0.06723065238095238,53.361532619047615,-0.4990289702648751,0.08214315238095239,54.10715761904762,-0.30602971257438066,full displayed sample 2020-01-02 to 2023-12-29; descriptive only,all 50 ticker-days retained; no-news score = 0
2020-06-19,50,31,80,0.62,0.04724472698412699,52.36223634920635,-1.051005266048096,0.04139428253968254,52.069714126984124,-1.3498328314933017,full displayed sample 2020-01-02 to 2023-12-29; descriptive only,all 50 ticker-days retained; no-news score = 0
2020-06-22,50,32,119,0.64,0.07517511428571427,53.75875571428571,-0.2796168306159436,0.08018470476190476,54.00923523809524,-0.3561963488753189,full displayed sample 2020-01-02 to 2023-12-29; descriptive only,all 50 ticker-days retained; no-news score = 0
2020-06-23,50,39,123,0.78,0.08494448333333332,54.24722416666666,-0.009803948201173635,0.07761731666666666,53.88086583333334,-0.42196130657166037,full displayed sample 2020-01-02 to 2023-12-29; descriptive only,all 50 ticker-days retained; no-news score = 0
2020-06-24,50,33,99,0.66,-0.025665983549783545,48.71670082251082,-3.064671539906158,-0.039992043073593074,48.00039784632035,-3.4345851410273083,full displayed sample 2020-01-02 to 2023-12-29; descriptive only,all 50 ticker-days retained; no-news score = 0
2020-06-25,50,30,133,0.6,0.011873281316526606,50.593664065826324,-2.027902716050625,0.004484709887955178,50.22423549439776,-2.2952903914676064,full displayed sample 2020-01-02 to 2023-12-29; descriptive only,all 50 ticker-days retained; no-news score = 0
2020-06-26,50,27,85,0.54,0.04640252278244631,52.320126139122316,-1.0742654727338774,0.05676649925303456,52.838324962651726,-0.9560656469653105,full displayed sample 2020-01-02 to 2023-12-29; descriptive only,all 50 ticker-days retained; no-news score = 0
2020-06-29,50,31,160,0.62,0.06030098901098901,53.01504945054945,-0.6904141496864208,0.06678043186813187,53.3390215934066,-0.6995536470743031,full displayed sample 2020-01-02 to 2023-12-29; descriptive only,all 50 ticker-days retained; no-news score = 0
2020-06-30,50,32,119,0.64,0.07805115714285714,53.90255785714285,-0.20018555829408888,0.08066987142857145,54.03349357142857,-0.34376855684489327,full displayed sample 2020-01-02 to 2023-12-29; descriptive only,all 50 ticker-days retained; no-news score = 0
2020-07-01,50,34,92,0.68,0.037283148629148624,51.864157431457436,-1.3261266332782904,0.04818773044733044,52.40938652236652,-1.1758151926768647,full displayed sample 2020-01-02 to 2023-12-29; descriptive only,all 50 ticker-days retained; no-news score = 0
2020-07-02,50,32,110,0.64,0.09464460757575757,54.73223037878788,0.25809651383201493,0.09620985757575758,54.810492878787876,0.0542961274414336,full displayed sample 2020-01-02 to 2023-12-29; descriptive only,all 50 ticker-days retained; no-news score = 0
2020-07-06,50,40,207,0.8,0.040574626726896296,52.02873133634481,-1.2352217663795604,0.037175581234707315,51.85877906173536,-1.4578970206861188,full displayed sample 2020-01-02 to 2023-12-29; descriptive only,all 50 ticker-days retained; no-news score = 0
2020-07-07,50,26,80,0.52,0.03473772164502165,51.73688608225109,-1.396426873571804,0.03473772164502165,51.73688608225109,-1.520344039538728,full displayed sample 2020-01-02 to 2023-12-29; descriptive only,all 50 ticker-days retained; no-news score = 0
2020-07-08,50,31,86,0.62,0.06768209047619048,53.384104523809526,-0.4865610398269612,0.05500953492063492,52.75047674603175,-1.0010711859442263,full displayed sample 2020-01-02 to 2023-12-29; descriptive only,all 50 ticker-days retained; no-news score = 0
2020-07-09,50,31,89,0.62,0.07103751190476192,53.551875595238094,-0.3938901699942988,0.0698237023809524,53.49118511904762,-0.6215987181310013,full displayed sample 2020-01-02 to 2023-12-29; descriptive only,all 50 ticker-days retained; no-news score = 0
2020-07-10,50,32,93,0.64,0.05495384848484848,52.74769242424242,-0.8380928166507342,0.06444353535353535,53.222176767676764,-0.7594144451781112,full displayed sample 2020-01-02 to 2023-12-29; descriptive only,all 50 ticker-days retained; no-news score = 0
2020-07-13,50,36,100,0.72,0.09620110476190476,54.81005523809523,0.30108424315392057,0.09620110476190476,54.81005523809523,0.054071919642923405,full displayed sample 2020-01-02 to 2023-12-29; descriptive only,all 50 ticker-days retained; no-news score = 0
2020-07-14,50,31,122,0.62,0.06343790555555556,53.17189527777778,-0.6037780024942581,0.07972774305555555,53.98638715277778,-0.36790165643775685,full displayed sample 2020-01-02 to 2023-12-29; descriptive only,all 50 ticker-days retained; no-news score = 0
2020-07-15,50,34,119,0.68,0.1113300271221532,55.56650135610766,0.718918611980712,0.11718367060041408,55.85918353002071,0.5915510632479309,full displayed sample 2020-01-02 to 2023-12-29; descriptive only,all 50 ticker-days retained; no-news score = 0
2020-07-16,50,34,102,0.68,0.06969468326118326,53.484734163059166,-0.4309767479654088,0.07399521659451659,53.69976082972583,-0.5147432503917952,full displayed sample 2020-01-02 to 2023-12-29; descriptive only,all 50 ticker-days retained; no-news score = 0
2020-07-17,50,28,75,0.56,0.008089550793650792,50.40447753968253,-2.132402733777633,0.0029650841269841257,50.14825420634921,-2.3342163816869634,full displayed sample 2020-01-02 to 2023-12-29; descriptive only,all 50 ticker-days retained; no-news score = 0
2020-07-20,50,33,134,0.66,0.06745519125319126,53.37275956265957,-0.492827599425302,0.06134241347541348,53.067120673770674,-0.8388512663989286,full displayed sample 2020-01-02 to 2023-12-29; descriptive only,all 50 ticker-days retained; no-news score = 0
2020-07-21,50,32,144,0.64,0.12717572611350003,56.358786305675004,1.1565490974186716,0.12784800437436958,56.39240021871848,0.8647234211024634,full displayed sample 2020-01-02 to 2023-12-29; descriptive only,all 50 ticker-days retained; no-news score = 0
2020-07-22,50,30,84,0.6,0.08886440000000001,54.443220000000004,0.098457292571259,0.09971313333333333,54.98565666666667,0.14403432573833785,full displayed sample 2020-01-02 to 2023-12-29; descriptive only,all 50 ticker-days retained; no-news score = 0
2020-07-23,50,38,111,0.76,0.0427161905982906,52.13580952991453,-1.1760755187355474,0.0482780094017094,52.41390047008547,-1.1735026511383984,full displayed sample 2020-01-02 to 2023-12-29; descriptive only,all 50 ticker-days retained; no-news score = 0
2020-07-24,50,36,154,0.72,0.08805163736263737,54.402581868131875,0.07601021038642837,0.1075101749084249,55.37550874542124,0.3437595290660251,full displayed sample 2020-01-02 to 2023-12-29; descriptive only,all 50 ticker-days retained; no-news score = 0
2020-07-27,50,36,139,0.72,0.06968338412698412,53.48416920634921,-0.4312888102851146,0.08159505079365079,54.07975253968254,-0.320069614749297,full displayed sample 2020-01-02 to 2023-12-29; descriptive only,all 50 ticker-days retained; no-news score = 0
2020-07-28,50,27,120,0.54,0.06361230350877194,53.1806151754386,-0.5989614361208121,0.07182164586466165,53.591082293233086,-0.5704203750789608,full displayed sample 2020-01-02 to 2023-12-29; descriptive only,all 50 ticker-days retained; no-news score = 0
2020-07-29,50,41,178,0.82,0.09957023118717032,54.97851155935851,0.39413362101954813,0.09939666067434981,54.969833033717485,0.1359277168977412,full displayed sample 2020-01-02 to 2023-12-29; descriptive only,all 50 ticker-days retained; no-news score = 0
2020-07-30,50,43,197,0.86,0.04514335598290598,52.2571677991453,-1.1090414569319313,0.06549182005217005,53.27459100260851,-0.7325620970709819,full displayed sample 2020-01-02 to 2023-12-29; descriptive only,all 50 ticker-days retained; no-news score = 0
2020-07-31,50,28,141,0.56,0.04718373479853479,52.35918673992674,-1.05268976351351,0.07489968571428571,53.74498428571428,-0.4915748118103479,full displayed sample 2020-01-02 to 2023-12-29; descriptive only,all 50 ticker-days retained; no-news score = 0
2020-08-03,50,39,161,0.78,0.0860417116501146,54.30208558250573,0.02049957840068127,0.11411294498344793,55.705647249172394,0.5128928577855726,full displayed sample 2020-01-02 to 2023-12-29; descriptive only,all 50 ticker-days retained; no-news score = 0
2020-08-04,50,35,143,0.7,0.07398899098679099,53.69944954933955,-0.3123754811103483,0.08534067560217559,54.267033780108775,-0.22412352170014457,full displayed sample 2020-01-02 to 2023-12-29; descriptive only,all 50 ticker-days retained; no-news score = 0
2020-08-05,50,35,135,0.7,0.05018491974789916,52.50924598739496,-0.9698022855299469,0.05401705700280113,52.70085285014006,-1.0264940148503638,full displayed sample 2020-01-02 to 2023-12-29; descriptive only,all 50 ticker-days retained; no-news score = 0
2020-08-06,50,30,80,0.6,0.08970874285714285,54.48543714285714,0.1217765651795094,0.09805415714285715,54.902707857142865,0.1015388030753391,full displayed sample 2020-01-02 to 2023-12-29; descriptive only,all 50 ticker-days retained; no-news score = 0
2020-08-07,50,28,90,0.56,0.08602191758241759,54.30109587912087,0.019952900878928374,0.08602191758241759,54.30109587912087,-0.20667316034079897,full displayed sample 2020-01-02 to 2023-12-29; descriptive only,all 50 ticker-days retained; no-news score = 0
2020-08-10,50,37,104,0.74,0.1207386963924964,56.03693481962482,0.9787695975607135,0.12743258528138526,56.37162926406927,0.8540822488048126,full displayed sample 2020-01-02 to 2023-12-29; descriptive only,all 50 ticker-days retained; no-news score = 0
2020-08-11,50,28,102,0.56,0.08854402936507937,54.42720146825397,0.08960921609593576,0.08524425158730159,54.26221257936508,-0.22659347210260294,full displayed sample 2020-01-02 to 2023-12-29; descriptive only,all 50 ticker-days retained; no-news score = 0
2020-08-12,50,33,97,0.66,0.03029776587301587,51.5148882936508,-1.519050684669506,0.04024376587301587,52.012188293650794,-1.3793039036902195,full displayed sample 2020-01-02 to 2023-12-29; descriptive only,all 50 ticker-days retained; no-news score = 0
2020-08-13,50,31,71,0.62,-0.008783309523809525,49.56083452380952,-2.5984016181114455,0.008088642857142853,50.40443214285715,-2.202973807271131,full displayed sample 2020-01-02 to 2023-12-29; descriptive only,all 50 ticker-days retained; no-news score = 0
2020-08-14,50,34,69,0.68,0.08032608333333334,54.016304166666664,-0.1373560767030715,0.09694208333333335,54.84710416666667,0.07305246430396631,full displayed sample 2020-01-02 to 2023-12-29; descriptive only,all 50 ticker-days retained; no-news score = 0
2020-08-17,50,37,127,0.74,0.11819893333333335,55.90994666666666,0.9086257849661483,0.11819893333333335,55.90994666666666,0.6175575368328744,full displayed sample 2020-01-02 to 2023-12-29; descriptive only,all 50 ticker-days retained; no-news score = 0
2020-08-18,50,32,114,0.64,0.06470324404761904,53.23516220238095,-0.5688315669455661,0.06708195238095238,53.354097619047614,-0.6918300450964803,full displayed sample 2020-01-02 to 2023-12-29; descriptive only,all 50 ticker-days retained; no-news score = 0
2020-08-19,50,26,88,0.52,0.05142957272727273,52.571478636363636,-0.9354271476542046,0.0576121484848485,52.88060742424242,-0.9344039098639589,full displayed sample 2020-01-02 to 2023-12-29; descriptive only,all 50 ticker-days retained; no-news score = 0
2020-08-20,50,39,112,0.78,0.05831711746031745,52.91585587301587,-0.7452052113013781,0.08043062857142858,54.02153142857142,-0.34989688485589215,full displayed sample 2020-01-02 to 2023-12-29; descriptive only,all 50 ticker-days retained; no-news score = 0
2020-08-21,50,30,93,0.6,0.07088583333333333,53.544291666666666,-0.3980792667883928,0.07286583333333332,53.64329166666667,-0.5436729796105426,full displayed sample 2020-01-02 to 2023-12-29; descriptive only,all 50 ticker-days retained; no-news score = 0
2020-08-24,50,36,101,0.72,0.09574917460317461,54.78745873015873,0.2886027227831795,0.10210744444444445,55.10537222222223,0.20536582806405068,full displayed sample 2020-01-02 to 2023-12-29; descriptive only,all 50 ticker-days retained; no-news score = 0
2020-08-25,50,28,86,0.56,0.06721534444444444,53.36076722222223,-0.4994517486912913,0.07265934444444444,53.63296722222222,-0.5489622979912461,full displayed sample 2020-01-02 to 2023-12-29; descriptive only,all 50 ticker-days retained; no-news score = 0
2020-08-26,50,34,88,0.68,0.08338989999999999,54.169495,-0.05273882025648341,0.08166456666666665,54.08322833333333,-0.31828893014746695,full displayed sample 2020-01-02 to 2023-12-29; descriptive only,all 50 ticker-days retained; no-news score = 0
2020-08-27,50,36,128,0.72,0.04574377568922306,52.28718878446116,-1.0924589150266766,0.05707658270676691,52.85382913533835,-0.9481227008813635,full displayed sample 2020-01-02 to 2023-12-29; descriptive only,all 50 ticker-days retained; no-news score = 0
2020-08-28,50,26,80,0.52,0.016130746153846152,50.80653730769231,-1.9103189853165843,0.016130746153846152,50.80653730769231,-1.9969712227463114,full displayed sample 2020-01-02 to 2023-12-29; descriptive only,all 50 ticker-days retained; no-news score = 0
2020-08-31,50,40,129,0.8,0.10914235704948645,55.457117852474326,0.6584989917164329,0.10732903118580765,55.36645155929038,0.3391194400678027,full displayed sample 2020-01-02 to 2023-12-29; descriptive only,all 50 ticker-days retained; no-news score = 0
2020-09-01,50,31,100,0.62,0.04996716666666667,52.49835833333333,-0.9758162446930881,0.061479595238095236,53.073979761904766,-0.8353372854639042,full displayed sample 2020-01-02 to 2023-12-29; descriptive only,all 50 ticker-days retained; no-news score = 0
2020-09-02,50,30,75,0.6,0.08406987142857143,54.203493571428574,-0.03395919895153706,0.08108347142857143,54.05417357142858,-0.33317398154338107,full displayed sample 2020-01-02 to 2023-12-29; descriptive only,all 50 ticker-days retained; no-news score = 0
2020-09-03,50,29,87,0.58,0.07681324285714286,53.84066214285714,-0.23437458523973312,0.08517067142857143,54.25853357142857,-0.2284782654593822,full displayed sample 2020-01-02 to 2023-12-29; descriptive only,all 50 ticker-days retained; no-news score = 0
2020-09-04,50,32,78,0.64,0.05095344285714286,52.54767214285714,-0.9485770217184688,0.05302194285714286,52.65109714285714,-1.0519843720790312,full displayed sample 2020-01-02 to 2023-12-29; descriptive only,all 50 ticker-days retained; no-news score = 0
2020-09-08,50,39,143,0.78,0.02202096233766234,51.10104811688312,-1.747641518751955,0.005117562337662336,50.25587811688311,-2.279079552654335,full displayed sample 2020-01-02 to 2023-12-29; descriptive only,all 50 ticker-days retained; no-news score = 0
2020-09-09,50,24,70,0.48,0.05080687878787879,52.54034393939394,-0.9526248649101654,0.05009821212121212,52.504910606060605,-1.1268772285663737,full displayed sample 2020-01-02 to 2023-12-29; descriptive only,all 50 ticker-days retained; no-news score = 0
2020-09-10,50,22,52,0.44,0.05347441666666668,52.673720833333334,-0.8789521353287445,0.05347441666666668,52.673720833333334,-1.0403940242865692,full displayed sample 2020-01-02 to 2023-12-29; descriptive only,all 50 ticker-days retained; no-news score = 0
2020-09-11,50,28,64,0.56,0.010112366666666666,50.50561833333334,-2.076536098109306,0.012573033333333332,50.62865166666667,-2.088103854221359,full displayed sample 2020-01-02 to 2023-12-29; descriptive only,all 50 ticker-days retained; no-news score = 0
2020-09-14,50,31,149,0.62,0.0392310585921325,51.961552929606626,-1.2723287678035269,0.03994491573498965,51.99724578674948,-1.3869591026534356,full displayed sample 2020-01-02 to 2023-12-29; descriptive only,all 50 ticker-days retained; no-news score = 0
2020-09-15,50,29,91,0.58,0.041877780952380955,52.093889047619044,-1.1992309264291856,0.04602551428571429,52.30127571428571,-1.2312014642977296,full displayed sample 2020-01-02 to 2023-12-29; descriptive only,all 50 ticker-days retained; no-news score = 0
2020-09-16,50,28,78,0.56,0.07147504545454546,53.57375227272727,-0.3818062587770197,0.06944371212121211,53.472185606060606,-0.6313323627650915,full displayed sample 2020-01-02 to 2023-12-29; descriptive only,all 50 ticker-days retained; no-news score = 0
2020-09-17,50,32,106,0.64,0.08493769935064935,54.24688496753247,-0.009991309934904076,0.08224369935064935,54.11218496753247,-0.30345415057778186,full displayed sample 2020-01-02 to 2023-12-29; descriptive only,all 50 ticker-days retained; no-news score = 0
2020-09-18,50,28,76,0.56,0.04186639653679654,52.093319826839824,-1.19954534407156,0.04982325367965368,52.49116268398269,-1.1339204295186884,full displayed sample 2020-01-02 to 2023-12-29; descriptive only,all 50 ticker-days retained; no-news score = 0
2020-09-21,50,31,115,0.62,0.016300869999999995,50.8150435,-1.9056204623030182,0.018506669999999996,50.9253335,-1.9361107196062337,full displayed sample 2020-01-02 to 2023-12-29; descriptive only,all 50 ticker-days retained; no-news score = 0
2020-09-22,50,29,70,0.58,0.145762405982906,57.2881202991453,1.6698806795956413,0.14151668803418804,57.0758344017094,1.2148537361568648,full displayed sample 2020-01-02 to 2023-12-29; descriptive only,all 50 ticker-days retained; no-news score = 0
2020-09-23,50,24,72,0.48,0.0574203,52.871015,-0.7699737406494549,0.058950699999999995,52.947535,-0.9001162289591567,full displayed sample 2020-01-02 to 2023-12-29; descriptive only,all 50 ticker-days retained; no-news score = 0
2020-09-24,50,27,75,0.54,0.06334974047619048,53.16748702380952,-0.606212967749012,0.07047355,53.5236775,-0.6049525393725187,full displayed sample 2020-01-02 to 2023-12-29; descriptive only,all 50 ticker-days retained; no-news score = 0
2020-09-25,50,24,64,0.48,0.03156111111111111,51.57805555555556,-1.4841592993083885,0.03125788888888889,51.56289444444444,-1.609481733377022,full displayed sample 2020-01-02 to 2023-12-29; descriptive only,all 50 ticker-days retained; no-news score = 0
2020-09-28,50,38,154,0.76,0.09527774982174687,54.763887491087345,0.2755827950377156,0.08457608315508022,54.228804157754006,-0.24370894785033706,full displayed sample 2020-01-02 to 2023-12-29; descriptive only,all 50 ticker-days retained; no-news score = 0
2020-09-29,50,30,81,0.6,0.09467034920634922,54.73351746031746,0.2588074526361622,0.0986003492063492,54.93001746031746,0.11552979182232927,full displayed sample 2020-01-02 to 2023-12-29; descriptive only,all 50 ticker-days retained; no-news score = 0
2020-09-30,50,34,128,0.68,0.11276425714285715,55.638212857142854,0.7585295360890851,0.12305792380952381,56.152896190476184,0.7420230602596923,full displayed sample 2020-01-02 to 2023-12-29; descriptive only,all 50 ticker-days retained; no-news score = 0
2020-10-01,50,26,103,0.52,0.08644401944444445,54.32220097222222,0.0316106158767936,0.07485788611111112,53.74289430555555,-0.49264553000040234,full displayed sample 2020-01-02 to 2023-12-29; descriptive only,all 50 ticker-days retained; no-news score = 0
2020-10-02,50,26,76,0.52,0.06070742698412698,53.03537134920635,-0.6791890438970248,0.06070742698412698,53.03537134920635,-0.8551167697775021,full displayed sample 2020-01-02 to 2023-12-29; descriptive only,all 50 ticker-days retained; no-news score = 0
2020-10-05,50,35,137,0.7,0.12485510317460317,56.24275515873016,1.0924575515788515,0.11506586984126983,55.75329349206349,0.5373025148524906,full displayed sample 2020-01-02 to 2023-12-29; descriptive only,all 50 ticker-days retained; no-news score = 0
2020-10-06,50,30,79,0.6,0.07680977777777778,53.84048888888889,-0.23447028466993486,0.06335994444444444,53.16799722222222,-0.7871711799034449,full displayed sample 2020-01-02 to 2023-12-29; descriptive only,all 50 ticker-days retained; no-news score = 0
2020-10-07,50,25,78,0.5,0.09153671746031745,54.576835873015874,0.17226202583305475,0.09402321746031746,54.70116087301587,-0.0017157762344328495,full displayed sample 2020-01-02 to 2023-12-29; descriptive only,all 50 ticker-days retained; no-news score = 0
2020-10-08,50,29,114,0.58,0.04953610595238095,52.476805297619045,-0.9877213875175928,0.042351772619047615,52.11758863095238,-1.325306233944258,full displayed sample 2020-01-02 to 2023-12-29; descriptive only,all 50 ticker-days retained; no-news score = 0
2020-10-09,50,27,86,0.54,0.07134869047619048,53.567434523809524,-0.38529596223189333,0.07158969047619047,53.579484523809526,-0.5763620308568851,full displayed sample 2020-01-02 to 2023-12-29; descriptive only,all 50 ticker-days retained; no-news score = 0
2020-10-12,50,35,149,0.7,0.11757951144411144,55.87897557220557,0.8915184360117654,0.12761346870906873,56.38067343545343,0.8587156702153256,full displayed sample 2020-01-02 to 2023-12-29; descriptive only,all 50 ticker-days retained; no-news score = 0
2020-10-13,50,30,115,0.6,-0.009165315664160399,49.54173421679198,-2.608951959420676,-0.00956913709273183,49.5215431453634,-2.655286861759731,full displayed sample 2020-01-02 to 2023-12-29; descriptive only,all 50 ticker-days retained; no-news score = 0
2020-10-14,50,32,124,0.64,0.11115689347826088,55.557844673913046,0.7141369636189948,0.11319704627329193,55.659852313664594,0.48943164440717335,full displayed sample 2020-01-02 to 2023-12-29; descriptive only,all 50 ticker-days retained; no-news score = 0
2020-10-15,50,32,91,0.64,0.13236740909090908,56.618370454545456,1.2999342988467848,0.13482690909090908,56.74134545454545,1.0434916308255258,full displayed sample 2020-01-02 to 2023-12-29; descriptive only,all 50 ticker-days retained; no-news score = 0
2020-10-16,50,25,91,0.5,0.10874777884615386,55.4373889423077,0.6476014320214027,0.11354690384615385,55.67734519230769,0.4983934248725747,full displayed sample 2020-01-02 to 2023-12-29; descriptive only,all 50 ticker-days retained; no-news score = 0
2020-10-19,50,37,130,0.74,0.14474814696969696,57.23740734848485,1.64186862001071,0.15630494696969696,57.815247348484846,1.5936625438708747,full displayed sample 2020-01-02 to 2023-12-29; descriptive only,all 50 ticker-days retained; no-news score = 0
2020-10-20,50,25,64,0.5,0.08861150000000001,54.430575000000005,0.09147263699830513,0.09007016666666667,54.50350833333333,-0.10297519186314909,full displayed sample 2020-01-02 to 2023-12-29; descriptive only,all 50 ticker-days retained; no-news score = 0
2020-10-21,50,32,88,0.64,0.07443754761904763,53.72187738095238,-0.29998713163910773,0.08528344761904762,54.26417238095238,-0.22558944572481338,full displayed sample 2020-01-02 to 2023-12-29; descriptive only,all 50 ticker-days retained; no-news score = 0
2020-10-22,50,30,128,0.6,0.0344535132034632,51.72267566017316,-1.404276213529146,0.05210315881749828,52.60515794087491,-1.0755194946463482,full displayed sample 2020-01-02 to 2023-12-29; descriptive only,all 50 ticker-days retained; no-news score = 0
2020-10-23,50,25,95,0.5,0.12595428181818183,56.29771409090909,1.1228149427949192,0.1321705318181818,56.608526590909094,0.9754471698846758,full displayed sample 2020-01-02 to 2023-12-29; descriptive only,all 50 ticker-days retained; no-news score = 0
2020-10-26,50,39,146,0.78,0.06914967936507938,53.457483968253975,-0.44602880213782314,0.09022903650793651,54.511451825396826,-0.09890565971500441,full displayed sample 2020-01-02 to 2023-12-29; descriptive only,all 50 ticker-days retained; no-news score = 0
2020-10-27,50,32,132,0.64,0.03341543054945055,51.670771527472525,-1.4329462403956394,0.024835817435897432,51.24179087179487,-1.773986374577244,full displayed sample 2020-01-02 to 2023-12-29; descriptive only,all 50 ticker-days retained; no-news score = 0
2020-10-28,50,35,179,0.7,0.052228008874458866,52.61140044372294,-0.9133757380650728,0.05301993073593073,52.650996536796534,-1.0520359135918398,full displayed sample 2020-01-02 to 2023-12-29; descriptive only,all 50 ticker-days retained; no-news score = 0
2020-10-29,50,38,124,0.76,0.04653664285714286,52.326832142857135,-1.0705613109024252,0.06481500476190476,53.24075023809524,-0.7498990665050503,full displayed sample 2020-01-02 to 2023-12-29; descriptive only,all 50 ticker-days retained; no-news score = 0
2020-10-30,50,32,113,0.64,0.06655123672438673,53.32756183621934,-0.5177932421192973,0.065763063997114,53.28815319985571,-0.7256140448471231,full displayed sample 2020-01-02 to 2023-12-29; descriptive only,all 50 ticker-days retained; no-news score = 0
2020-11-02,50,37,148,0.74,0.04765292777777778,52.38264638888889,-1.0397314742400408,0.07078292777777778,53.539146388888895,-0.5970276695386663,full displayed sample 2020-01-02 to 2023-12-29; descriptive only,all 50 ticker-days retained; no-news score = 0
2020-11-03,50,30,96,0.6,0.07722000952380953,53.861000476190476,-0.22314040151009604,0.07722000952380953,53.861000476190476,-0.43213853201370256,full displayed sample 2020-01-02 to 2023-12-29; descriptive only,all 50 ticker-days retained; no-news score = 0
2020-11-04,50,32,116,0.64,0.08117597539682539,54.05879876984127,-0.11388354472332061,0.0917176253968254,54.58588126984127,-0.06077469483026503,full displayed sample 2020-01-02 to 2023-12-29; descriptive only,all 50 ticker-days retained; no-news score = 0
2020-11-05,50,38,106,0.76,0.08188589523809524,54.09429476190476,-0.09427680065184585,0.10176774139194139,55.08838706959707,0.19666416082542093,full displayed sample 2020-01-02 to 2023-12-29; descriptive only,all 50 ticker-days retained; no-news score = 0
2020-11-06,50,35,115,0.7,0.07634393032212886,53.81719651610645,-0.24733617643444517,0.07756918032212885,53.87845901610644,-0.4231943436290717,full displayed sample 2020-01-02 to 2023-12-29; descriptive only,all 50 ticker-days retained; no-news score = 0
2020-11-09,50,38,164,0.76,0.10705035201465202,55.3525176007326,0.600721472439233,0.11129075201465202,55.5645376007326,0.4406009430773826,full displayed sample 2020-01-02 to 2023-12-29; descriptive only,all 50 ticker-days retained; no-news score = 0
2020-11-10,50,34,121,0.68,0.058414188888888885,52.92070944444445,-0.7425242682624456,0.06587145555555556,53.293572777777776,-0.7228375397021585,full displayed sample 2020-01-02 to 2023-12-29; descriptive only,all 50 ticker-days retained; no-news score = 0
2020-11-11,50,31,87,0.62,0.06526807142857143,53.26340357142857,-0.5532320228011375,0.06709807142857142,53.35490357142857,-0.6914171474567593,full displayed sample 2020-01-02 to 2023-12-29; descriptive only,all 50 ticker-days retained; no-news score = 0
2020-11-12,50,35,124,0.7,0.1106196723942724,55.53098361971362,0.6992998571018397,0.11980146027306027,55.99007301365302,0.6586070830989266,full displayed sample 2020-01-02 to 2023-12-29; descriptive only,all 50 ticker-days retained; no-news score = 0
2020-11-13,50,29,92,0.58,0.095075749689441,54.75378748447205,0.2700039047654831,0.10877249968944099,55.43862498447205,0.37609462323295006,full displayed sample 2020-01-02 to 2023-12-29; descriptive only,all 50 ticker-days retained; no-news score = 0
2020-11-16,50,40,161,0.8,0.11473222301587302,55.73661115079365,0.812881310712823,0.12178205634920636,56.089102817460315,0.7093410634437283,full displayed sample 2020-01-02 to 2023-12-29; descriptive only,all 50 ticker-days retained; no-news score = 0
2020-11-17,50,28,85,0.56,0.0779669456140351,53.898347280701756,-0.20251133339924443,0.0871663842105263,54.35831921052632,-0.17735706297240947,full displayed sample 2020-01-02 to 2023-12-29; descriptive only,all 50 ticker-days retained; no-news score = 0
2020-11-18,50,32,99,0.64,0.08046055555555556,54.02302777777778,-0.13364218917301243,0.0809576111111111,54.04788055555556,-0.33639795787511634,full displayed sample 2020-01-02 to 2023-12-29; descriptive only,all 50 ticker-days retained; no-news score = 0
2020-11-19,50,34,75,0.68,0.041684278571428576,52.08421392857143,-1.204575123675128,0.05515470714285715,52.757735357142856,-0.997352525305877,full displayed sample 2020-01-02 to 2023-12-29; descriptive only,all 50 ticker-days retained; no-news score = 0
2020-11-20,50,28,90,0.56,0.04109038571428572,52.054519285714285,-1.2209774054243583,0.04625520714285714,52.312760357142864,-1.2253177644156708,full displayed sample 2020-01-02 to 2023-12-29; descriptive only,all 50 ticker-days retained; no-news score = 0
2020-11-23,50,38,153,0.76,0.07666244615384615,53.83312230769231,-0.23853932637877787,0.0771312923076923,53.85656461538461,-0.4344110688287279,full displayed sample 2020-01-02 to 2023-12-29; descriptive only,all 50 ticker-days retained; no-news score = 0
2020-11-24,50,31,90,0.62,0.04089445238095238,52.044722619047626,-1.2263887413223187,0.06692289285714285,53.34614464285714,-0.6959044360597848,full displayed sample 2020-01-02 to 2023-12-29; descriptive only,all 50 ticker-days retained; no-news score = 0
2020-11-25,50,30,79,0.6,0.09201431666666667,54.60071583333333,0.18545248039321827,0.08751731666666666,54.375865833333336,-0.16836774882269048,full displayed sample 2020-01-02 to 2023-12-29; descriptive only,all 50 ticker-days retained; no-news score = 0
2020-11-27,50,26,77,0.52,0.09044282142857142,54.52214107142858,0.14205053111432384,0.10106862142857143,55.05343107142857,0.17875584579468165,full displayed sample 2020-01-02 to 2023-12-29; descriptive only,all 50 ticker-days retained; no-news score = 0
2020-11-30,50,39,110,0.78,0.10096702857142857,55.04835142857143,0.43271072119450577,0.09940769523809526,54.97038476190477,0.13621037288545995,full displayed sample 2020-01-02 to 2023-12-29; descriptive only,all 50 ticker-days retained; no-news score = 0
2020-12-01,50,30,60,0.6,0.10036066666666667,55.018033333333335,0.41596406616357595,0.09709133333333334,54.85456666666667,0.07687557930336339,full displayed sample 2020-01-02 to 2023-12-29; descriptive only,all 50 ticker-days retained; no-news score = 0
2020-12-02,50,34,94,0.68,0.0905102888888889,54.52551444444445,0.14391386433970751,0.09506528888888889,54.75326444444445,0.024977415785767284,full displayed sample 2020-01-02 to 2023-12-29; descriptive only,all 50 ticker-days retained; no-news score = 0
2020-12-03,50,27,98,0.54,0.07216113165266107,53.608056582633054,-0.36285775823453287,0.07216113165266107,53.608056582633054,-0.5617242731815887,full displayed sample 2020-01-02 to 2023-12-29; descriptive only,all 50 ticker-days retained; no-news score = 0
2020-12-04,50,31,94,0.62,0.055548912698412695,52.77744563492064,-0.8216581840863345,0.061456912698412705,53.07284563492064,-0.8359183103060128,full displayed sample 2020-01-02 to 2023-12-29; descriptive only,all 50 ticker-days retained; no-news score = 0
2020-12-07,50,30,164,0.6,0.04945193650793651,52.47259682539682,-0.990046000325862,0.047550131746031746,52.37750658730159,-1.1921476091494363,full displayed sample 2020-01-02 to 2023-12-29; descriptive only,all 50 ticker-days retained; no-news score = 0
2020-12-08,50,32,99,0.64,0.06345443737373738,53.172721868686864,-0.6033214225970867,0.05407826060606061,52.70391303030303,-1.024926253284947,full displayed sample 2020-01-02 to 2023-12-29; descriptive only,all 50 ticker-days retained; no-news score = 0
2020-12-09,50,33,103,0.66,0.07356713232323232,53.678356616161615,-0.32402647939197693,0.07127573838383838,53.56378691919193,-0.5844040740955012,full displayed sample 2020-01-02 to 2023-12-29; descriptive only,all 50 ticker-days retained; no-news score = 0
2020-12-10,50,35,105,0.7,0.11974068492063492,55.98703424603174,0.9512062666441092,0.1316315738095238,56.581578690476185,0.9616414851480212,full displayed sample 2020-01-02 to 2023-12-29; descriptive only,all 50 ticker-days retained; no-news score = 0
2020-12-11,50,39,133,0.78,0.034780702506265665,51.73903512531328,-1.3952398173756067,0.041392202506265664,52.06961012531328,-1.3498861126119301,full displayed sample 2020-01-02 to 2023-12-29; descriptive only,all 50 ticker-days retained; no-news score = 0
2020-12-14,50,35,145,0.7,0.07004318095238096,53.502159047619045,-0.42135185140160664,0.07618638095238095,53.809319047619056,-0.4586154559348701,full displayed sample 2020-01-02 to 2023-12-29; descriptive only,all 50 ticker-days retained; no-news score = 0
2020-12-15,50,30,79,0.6,0.12652486190476192,56.32624309523809,1.1385733666049158,0.13822052857142858,56.91102642857143,1.1304209275640258,full displayed sample 2020-01-02 to 2023-12-29; descriptive only,all 50 ticker-days retained; no-news score = 0
2020-12-16,50,28,72,0.56,0.10239623333333332,55.11981166666666,0.4721828564461081,0.10782423333333332,55.39121166666666,0.3518042960673952,full displayed sample 2020-01-02 to 2023-12-29; descriptive only,all 50 ticker-days retained; no-news score = 0
2020-12-17,50,35,101,0.7,0.12115639523809524,56.05781976190476,0.9903057089475396,0.13015759523809523,56.50787976190477,0.9238847710092011,full displayed sample 2020-01-02 to 2023-12-29; descriptive only,all 50 ticker-days retained; no-news score = 0
2020-12-18,50,32,86,0.64,0.08764138333333334,54.38206916666667,0.0646797118015918,0.10003838333333333,55.00191916666667,0.15236577065327242,full displayed sample 2020-01-02 to 2023-12-29; descriptive only,all 50 ticker-days retained; no-news score = 0
2020-12-21,50,44,214,0.88,0.12044760628844839,56.02238031442241,0.9707301981242933,0.12235359676463886,56.11767983823195,0.7239813631757336,full displayed sample 2020-01-02 to 2023-12-29; descriptive only,all 50 ticker-days retained; no-news score = 0
2020-12-22,50,31,89,0.62,0.055725533333333334,52.786276666666666,-0.8167802311326093,0.06186673333333334,53.093336666666666,-0.8254205453718243,full displayed sample 2020-01-02 to 2023-12-29; descriptive only,all 50 ticker-days retained; no-news score = 0
2020-12-23,50,28,76,0.56,0.09394707222222222,54.69735361111111,0.2388318076461587,0.09768007222222222,54.88400361111111,0.09195642671937426,full displayed sample 2020-01-02 to 2023-12-29; descriptive only,all 50 ticker-days retained; no-news score = 0
2020-12-24,50,22,55,0.44,0.09847611428571428,54.92380571428571,0.3639160262658196,0.10675011428571429,55.33750571428572,0.32429018791268355,full displayed sample 2020-01-02 to 2023-12-29; descriptive only,all 50 ticker-days retained; no-news score = 0
2020-12-28,50,34,115,0.68,0.13184630764790764,56.592315382395384,1.2855423886137507,0.13470603463203465,56.73530173160173,1.0403953698086623,full displayed sample 2020-01-02 to 2023-12-29; descriptive only,all 50 ticker-days retained; no-news score = 0
2020-12-29,50,27,84,0.54,0.025638544444444446,51.28192722222222,-1.647730229614929,0.025638544444444446,51.28192722222222,-1.7534241121531406,full displayed sample 2020-01-02 to 2023-12-29; descriptive only,all 50 ticker-days retained; no-news score = 0
2020-12-30,50,31,61,0.62,0.0904549,54.52274500000001,0.14238412012674764,0.0739415,53.697075000000005,-0.5161192284032723,full displayed sample 2020-01-02 to 2023-12-29; descriptive only,all 50 ticker-days retained; no-news score = 0
2020-12-31,50,29,84,0.58,0.13061310476190477,56.53065523809524,1.2514834822859424,0.1323590380952381,56.61795190476191,0.9802758544762638,full displayed sample 2020-01-02 to 2023-12-29; descriptive only,all 50 ticker-days retained; no-news score = 0
2021-01-04,50,30,115,0.6,0.07855773333333334,53.927886666666666,-0.18619481012510777,0.09466835555555556,54.73341777777778,0.014809765665650293,full displayed sample 2020-01-02 to 2023-12-29; descriptive only,all 50 ticker-days retained; no-news score = 0
2021-01-05,50,38,108,0.76,0.097852,54.8926,0.34667908152926613,0.10140672222222222,55.070336111111104,0.18741647035424272,full displayed sample 2020-01-02 to 2023-12-29; descriptive only,all 50 ticker-days retained; no-news score = 0
2021-01-06,50,31,104,0.62,0.07604295476190477,53.80214773809524,-0.25564859487668345,0.0693432880952381,53.4671644047619,-0.6339047754954173,full displayed sample 2020-01-02 to 2023-12-29; descriptive only,all 50 ticker-days retained; no-news score = 0
2021-01-07,50,37,97,0.74,0.024844214285714282,51.24221071428572,-1.6696682389859845,0.03852771428571429,51.926385714285715,-1.4232614418017926,full displayed sample 2020-01-02 to 2023-12-29; descriptive only,all 50 ticker-days retained; no-news score = 0
2021-01-08,50,32,83,0.64,0.059012993650793655,52.950649682539684,-0.7259863282966509,0.07349249365079366,53.67462468253969,-0.527620755428233,full displayed sample 2020-01-02 to 2023-12-29; descriptive only,all 50 ticker-days retained; no-news score = 0
2021-01-11,50,39,138,0.78,0.10376732056590753,55.18836602829538,0.5100498872092765,0.12931802889924085,56.46590144496204,0.9023788503186598,full displayed sample 2020-01-02 to 2023-12-29; descriptive only,all 50 ticker-days retained; no-news score = 0
2021-01-12,50,33,116,0.66,0.0654275,53.271375,-0.5488288845650099,0.06644517777777778,53.32225888888888,-0.7081413518745848,full displayed sample 2020-01-02 to 2023-12-29; descriptive only,all 50 ticker-days retained; no-news score = 0
2021-01-13,50,33,121,0.66,0.08969193299454169,54.48459664972708,0.12131230618189055,0.09301169057029927,54.65058452851497,-0.02762655429488354,full displayed sample 2020-01-02 to 2023-12-29; descriptive only,all 50 ticker-days retained; no-news score = 0
2021-01-14,50,29,91,0.58,0.0466677238095238,52.3333861904762,-1.0669410843126441,0.04719258095238096,52.35962904761905,-1.201306455395686,full displayed sample 2020-01-02 to 2023-12-29; descriptive only,all 50 ticker-days retained; no-news score = 0
2021-01-15,50,34,123,0.68,0.11402717262737262,55.701358631368635,0.793409052408147,0.10985814015984015,55.49290700799201,0.40390385851828225,full displayed sample 2020-01-02 to 2023-12-29; descriptive only,all 50 ticker-days retained; no-news score = 0
2021-01-19,50,38,181,0.76,0.04608333679784267,52.30416683989213,-1.08308083123989,0.06612422568673157,53.30621128433658,-0.7163627036559364,full displayed sample 2020-01-02 to 2023-12-29; descriptive only,all 50 ticker-days retained; no-news score = 0
2021-01-20,50,33,101,0.66,0.030234757422969185,51.511737871148455,-1.5207908678318696,0.05341609859943977,52.67080492997199,-1.0418878713723383,full displayed sample 2020-01-02 to 2023-12-29; descriptive only,all 50 ticker-days retained; no-news score = 0
2021-01-21,50,32,81,0.64,0.0012121666666666698,50.060608333333334,-2.322344051966182,0.0003711666666666691,50.01855833333333,-2.4006609026232337,full displayed sample 2020-01-02 to 2023-12-29; descriptive only,all 50 ticker-days retained; no-news score = 0
2021-01-22,50,28,87,0.56,0.05611993333333332,52.805996666666665,-0.8058875931018742,0.05581385,52.790692500000006,-0.9804682442747986,full displayed sample 2020-01-02 to 2023-12-29; descriptive only,all 50 ticker-days retained; no-news score = 0
2021-01-25,50,40,167,0.8,0.11119941227106228,55.55997061355311,0.7153112582931568,0.11249888534798534,55.624944267399265,0.4715478956263845,full displayed sample 2020-01-02 to 2023-12-29; descriptive only,all 50 ticker-days retained; no-news score = 0
2021-01-26,50,32,152,0.64,0.08403137644110276,54.20156882205514,-0.03502236316171452,0.09526395807321335,54.76319790366067,0.030066428439093032,full displayed sample 2020-01-02 to 2023-12-29; descriptive only,all 50 ticker-days retained; no-news score = 0
2021-01-27,50,33,114,0.66,0.09248746304347825,54.62437315217391,0.19851995559139934,0.09972944979296067,54.98647248964803,0.14445228018750597,full displayed sample 2020-01-02 to 2023-12-29; descriptive only,all 50 ticker-days retained; no-news score = 0
2021-01-28,50,39,141,0.78,0.08994040396825398,54.49702019841269,0.12817463979698282,0.10176137619047619,55.088068809523804,0.19650111293801192,full displayed sample 2020-01-02 to 2023-12-29; descriptive only,all 50 ticker-days retained; no-news score = 0
2021-01-29,50,35,109,0.7,0.035910366666666665,51.795518333333334,-1.3640404695167252,0.04103233333333334,52.05161666666667,-1.3591043453278986,full displayed sample 2020-01-02 to 2023-12-29; descriptive only,all 50 ticker-days retained; no-news score = 0
2021-02-01,50,41,139,0.82,0.13236619675324676,56.61830983766234,1.2999008162014332,0.1558770331168831,57.79385165584415,1.582701311916821,full displayed sample 2020-01-02 to 2023-12-29; descriptive only,all 50 ticker-days retained; no-news score = 0
2021-02-02,50,33,121,0.66,0.1046222294197031,55.23111147098515,0.5336609741607627,0.10759739541160593,55.37986977058029,0.3459937268145434,full displayed sample 2020-01-02 to 2023-12-29; descriptive only,all 50 ticker-days retained; no-news score = 0
2021-02-03,50,33,113,0.66,0.06487787222222222,53.24389361111111,-0.5640086422601693,0.08342400555555557,54.17120027777778,-0.27322000413986736,full displayed sample 2020-01-02 to 2023-12-29; descriptive only,all 50 ticker-days retained; no-news score = 0
2021-02-04,50,31,94,0.62,0.06220588268398268,53.11029413419913,-0.6378043188878451,0.05964614935064935,52.982307467532465,-0.8823019385485121,full displayed sample 2020-01-02 to 2023-12-29; descriptive only,all 50 ticker-days retained; no-news score = 0
2021-02-05,50,36,77,0.72,0.05901726666666668,52.95086333333333,-0.7258683150735159,0.05067316666666668,52.533658333333335,-1.1121494741496298,full displayed sample 2020-01-02 to 2023-12-29; descriptive only,all 50 ticker-days retained; no-news score = 0
2021-02-08,50,36,138,0.72,0.07519339285714285,53.75966964285715,-0.2791120084498927,0.07592253571428571,53.79612678571428,-0.46537398650292006,full displayed sample 2020-01-02 to 2023-12-29; descriptive only,all 50 ticker-days retained; no-news score = 0
2021-02-09,50,29,91,0.58,0.052649857142857144,52.63249285714286,-0.9017250268795884,0.05707252380952381,52.85362619047619,-0.9482266716078701,full displayed sample 2020-01-02 to 2023-12-29; descriptive only,all 50 ticker-days retained; no-news score = 0
2021-02-10,50,29,87,0.58,0.03743906666666666,51.87195333333333,-1.3218204498473913,0.042855447619047624,52.14277238095239,-1.312404341499893,full displayed sample 2020-01-02 to 2023-12-29; descriptive only,all 50 ticker-days retained; no-news score = 0
2021-02-11,50,37,102,0.74,0.04943165555555556,52.47158277777778,-0.9906061247508221,0.05352221111111111,52.67611055555555,-1.0391697451747206,full displayed sample 2020-01-02 to 2023-12-29; descriptive only,all 50 ticker-days retained; no-news score = 0
2021-02-12,50,34,84,0.68,0.11288616666666668,55.644308333333335,0.7618964638663582,0.10506916666666667,55.25345833333334,0.2812318558819819,full displayed sample 2020-01-02 to 2023-12-29; descriptive only,all 50 ticker-days retained; no-news score = 0
2021-02-16,50,38,145,0.76,0.066157129004329,53.30785645021645,-0.5286778078893462,0.07487367900432901,53.74368395021645,-0.49224098697229385,full displayed sample 2020-01-02 to 2023-12-29; descriptive only,all 50 ticker-days retained; no-news score = 0
2021-02-17,50,32,101,0.64,0.09258326277056277,54.629163138528135,0.20116577645999678,0.0906905961038961,54.53452980519481,-0.08708257486120959,full displayed sample 2020-01-02 to 2023-12-29; descriptive only,all 50 ticker-days retained; no-news score = 0
2021-02-18,50,35,103,0.7,0.10183679047619049,55.091839523809526,0.45673202342953256,0.1114083142857143,55.570415714285716,0.4436123607112948,full displayed sample 2020-01-02 to 2023-12-29; descriptive only,all 50 ticker-days retained; no-news score = 0
2021-02-19,50,34,70,0.68,0.1423498,57.117490000000004,1.5756304724117742,0.14436113333333334,57.21805666666666,1.287715655675308,full displayed sample 2020-01-02 to 2023-12-29; descriptive only,all 50 ticker-days retained; no-news score = 0
2021-02-22,50,40,115,0.8,0.09553978888888888,54.776989444444446,0.28281985565711076,0.10126962222222222,55.06348111111111,0.18390458381208272,full displayed sample 2020-01-02 to 2023-12-29; descriptive only,all 50 ticker-days retained; no-news score = 0
2021-02-23,50,36,93,0.72,0.08733923015873016,54.36696150793651,0.056334769710339155,0.10408811904761904,55.20440595238095,0.25610181991880565,full displayed sample 2020-01-02 to 2023-12-29; descriptive only,all 50 ticker-days retained; no-news score = 0
2021-02-24,50,37,101,0.74,0.011748926190476192,50.58744630952381,-2.0313371870834183,0.015796926190476193,50.78984630952381,-2.0055221916512225,full displayed sample 2020-01-02 to 2023-12-29; descriptive only,all 50 ticker-days retained; no-news score = 0
2021-02-25,50,36,108,0.72,0.06905201666666666,53.45260083333333,-0.44872607501539563,0.06905201666666666,53.45260083333333,-0.6413658419441098,full displayed sample 2020-01-02 to 2023-12-29; descriptive only,all 50 ticker-days retained; no-news score = 0
2021-02-26,50,32,78,0.64,0.034516383333333345,51.72581916666667,-1.402539850528079,0.018887550000000006,50.9443775,-1.926354283820837,full displayed sample 2020-01-02 to 2023-12-29; descriptive only,all 50 ticker-days retained; no-news score = 0
2021-03-01,50,42,129,0.84,0.09801132500000001,54.900566250000004,0.3510793593037263,0.09664665833333334,54.83233291666667,0.06548500200113905,full displayed sample 2020-01-02 to 2023-12-29; descriptive only,all 50 ticker-days retained; no-news score = 0
2021-03-02,50,30,72,0.6,0.0352926,51.76463,-1.3811021041198033,0.05037726666666668,52.51886333333333,-1.119729103820127,full displayed sample 2020-01-02 to 2023-12-29; descriptive only,all 50 ticker-days retained; no-news score = 0
2021-03-03,50,29,98,0.58,0.051202032900432896,52.56010164502164,-0.9417113996099412,0.054393584848484854,52.71967924242424,-1.0168490617212234,full displayed sample 2020-01-02 to 2023-12-29; descriptive only,all 50 ticker-days retained; no-news score = 0
2021-03-04,50,31,82,0.62,0.06894626818181818,53.44731340909091,-0.4516466631689282,0.07481026818181817,53.74051340909091,-0.49386528758646675,full displayed sample 2020-01-02 to 2023-12-29; descriptive only,all 50 ticker-days retained; no-news score = 0
2021-03-05,50,34,94,0.68,0.06559500238095238,53.27975011904762,-0.544202761834278,0.060226469047619045,53.01132345238096,-0.8674367530347395,full displayed sample 2020-01-02 to 2023-12-29; descriptive only,all 50 ticker-days retained; no-news score = 0
2021-03-08,50,38,111,0.76,0.08913196666666666,54.456598333333325,0.10584701581945946,0.0891398,54.456990000000005,-0.12680700933901273,full displayed sample 2020-01-02 to 2023-12-29; descriptive only,all 50 ticker-days retained; no-news score = 0
2021-03-09,50,28,82,0.56,0.01691592857142857,50.84579642857143,-1.8886336205528338,0.019673928571428568,50.98369642857142,-1.9062107949656732,full displayed sample 2020-01-02 to 2023-12-29; descriptive only,all 50 ticker-days retained; no-news score = 0
2021-03-10,50,30,94,0.6,0.11173044676989678,55.58652233849484,0.7299775021512633,0.12200042858807858,56.10002142940394,0.7149347799052651,full displayed sample 2020-01-02 to 2023-12-29; descriptive only,all 50 ticker-days retained; no-news score = 0
2021-03-11,50,33,108,0.66,0.09235556190476192,54.6177780952381,0.19487707688988096,0.0931179619047619,54.6558980952381,-0.024904359770327088,full displayed sample 2020-01-02 to 2023-12-29; descriptive only,all 50 ticker-days retained; no-news score = 0
2021-03-12,50,29,63,0.58,0.09864947619047619,54.932473809523806,0.3687039787934321,0.10695914285714286,55.34795714285714,0.32964456155912353,full displayed sample 2020-01-02 to 2023-12-29; descriptive only,all 50 ticker-days retained; no-news score = 0
2021-03-15,50,38,131,0.76,0.1500772095238095,57.50386047619047,1.7890480050134858,0.15666532063492064,57.833266031746035,1.602893699414623,full displayed sample 2020-01-02 to 2023-12-29; descriptive only,all 50 ticker-days retained; no-news score = 0
2021-03-16,50,34,87,0.68,0.034376416666666666,51.71882083333333,-1.4064054850016305,0.04024695,52.0123475,-1.3792223406508024,full displayed sample 2020-01-02 to 2023-12-29; descriptive only,all 50 ticker-days retained; no-news score = 0
2021-03-17,50,32,73,0.64,0.06575741666666667,53.28787083333333,-0.5397171633928324,0.06575741666666667,53.28787083333333,-0.7257587041016609,full displayed sample 2020-01-02 to 2023-12-29; descriptive only,all 50 ticker-days retained; no-news score = 0
2021-03-18,50,34,83,0.68,0.050677433333333334,52.53387166666666,-0.9561999219108948,0.05547876666666667,52.773938333333334,-0.9890515750467564,full displayed sample 2020-01-02 to 2023-12-29; descriptive only,all 50 ticker-days retained; no-news score = 0
2021-03-19,50,26,72,0.52,0.057025504761904766,52.85127523809524,-0.7808772944649452,0.0596830761904762,52.98415380952382,-0.8813560386810256,full displayed sample 2020-01-02 to 2023-12-29; descriptive only,all 50 ticker-days retained; no-news score = 0
2021-03-22,50,30,81,0.6,0.052909033333333334,52.645451666666666,-0.8945670339053438,0.052909033333333334,52.645451666666666,-1.0548766072150515,full displayed sample 2020-01-02 to 2023-12-29; descriptive only,all 50 ticker-days retained; no-news score = 0
2021-03-23,50,31,88,0.62,0.06575738888888889,53.287869444444446,-0.5397179305664596,0.07464138888888888,53.73206944444444,-0.49819121695253427,full displayed sample 2020-01-02 to 2023-12-29; descriptive only,all 50 ticker-days retained; no-news score = 0
2021-03-24,50,29,93,0.58,0.07376994848484848,53.68849742424242,-0.3184250518177681,0.07728094848484848,53.86404742424242,-0.43057754939396575,full displayed sample 2020-01-02 to 2023-12-29; descriptive only,all 50 ticker-days retained; no-news score = 0
2021-03-25,50,34,102,0.68,0.07169110476190477,53.58455523809524,-0.37583907868514244,0.07538748571428572,53.76937428571429,-0.479079565601262,full displayed sample 2020-01-02 to 2023-12-29; descriptive only,all 50 ticker-days retained; no-news score = 0
2021-03-26,50,27,95,0.54,0.044208371428571425,52.210418571428576,-1.1348640946466748,0.05519032142857143,52.75951607142857,-0.9964402471825464,full displayed sample 2020-01-02 to 2023-12-29; descriptive only,all 50 ticker-days retained; no-news score = 0
2021-03-29,50,38,142,0.76,0.1445310772005772,57.22655386002886,1.6358735327327263,0.1281413069264069,56.40706534632034,0.8722365158164026,full displayed sample 2020-01-02 to 2023-12-29; descriptive only,all 50 ticker-days retained; no-news score = 0
2021-03-30,50,33,85,0.66,0.09314994102564103,54.65749705128206,0.21681643850983534,0.10556194102564102,55.278097051282046,0.2938545228375146,full displayed sample 2020-01-02 to 2023-12-29; descriptive only,all 50 ticker-days retained; no-news score = 0
2021-03-31,50,33,78,0.66,0.06453083333333333,53.22654166666667,-0.5735932492562528,0.06453083333333333,53.22654166666667,-0.757178262826468,full displayed sample 2020-01-02 to 2023-12-29; descriptive only,all 50 ticker-days retained; no-news score = 0
2021-04-01,50,39,80,0.78,0.004616333333333336,50.23081666666667,-2.2283269239329786,0.0069101333333333355,50.345506666666665,-2.233161930804858,full displayed sample 2020-01-02 to 2023-12-29; descriptive only,all 50 ticker-days retained; no-news score = 0
2021-04-05,50,35,141,0.7,0.1265851050949051,56.329255254745256,1.1402371781263314,0.1444216050949051,57.22108025474526,1.289264670742008,full displayed sample 2020-01-02 to 2023-12-29; descriptive only,all 50 ticker-days retained; no-news score = 0
2021-04-06,50,30,99,0.6,0.036104061904761904,51.80520309523809,-1.358690945893884,0.0426784619047619,52.1339230952381,-1.3169379209904444,full displayed sample 2020-01-02 to 2023-12-29; descriptive only,all 50 ticker-days retained; no-news score = 0
2021-04-07,50,29,55,0.58,0.04317776666666666,52.15888833333333,-1.163327595215085,0.04317776666666666,52.15888833333333,-1.3041479744275726,full displayed sample 2020-01-02 to 2023-12-29; descriptive only,all 50 ticker-days retained; no-news score = 0
2021-04-08,50,39,91,0.78,0.12841606190476193,56.42080309523809,1.1908050021113232,0.14349634761904764,57.17481738095238,1.2655637277989247,full displayed sample 2020-01-02 to 2023-12-29; descriptive only,all 50 ticker-days retained; no-news score = 0
2021-04-09,50,29,83,0.58,0.05634123333333333,52.81706166666667,-0.799775674247407,0.05947854761904762,52.97392738095238,-0.886595142528489,full displayed sample 2020-01-02 to 2023-12-29; descriptive only,all 50 ticker-days retained; no-news score = 0
2021-04-12,50,35,116,0.7,0.11453737460317459,55.72686873015873,0.8074999384248227,0.1263573746031746,56.31786873015873,0.8265401779747997,full displayed sample 2020-01-02 to 2023-12-29; descriptive only,all 50 ticker-days retained; no-news score = 0
2021-04-13,50,30,96,0.6,0.11164973333333333,55.58248666666666,0.7277483382346752,0.11311073333333335,55.65553666666667,0.48722069435425736,full displayed sample 2020-01-02 to 2023-12-29; descriptive only,all 50 ticker-days retained; no-news score = 0
2021-04-14,50,42,149,0.84,0.09429539951124145,54.71476997556207,0.24845199799989576,0.1038624945259042,55.19312472629521,0.2503223325271817,full displayed sample 2020-01-02 to 2023-12-29; descriptive only,all 50 ticker-days retained; no-news score = 0
2021-04-15,50,32,91,0.64,0.06689460952380953,53.34473047619047,-0.5083098861007554,0.06934327619047619,53.46716380952381,-0.6339050804419757,full displayed sample 2020-01-02 to 2023-12-29; descriptive only,all 50 ticker-days retained; no-news score = 0
2021-04-16,50,26,91,0.52,0.05088663571428571,52.544331785714284,-0.9504221181307673,0.050774969047619044,52.53874845238096,-1.1095417541523545,full displayed sample 2020-01-02 to 2023-12-29; descriptive only,all 50 ticker-days retained; no-news score = 0
2021-04-19,50,37,149,0.74,0.07345525915032679,53.67276295751634,-0.32711622071502433,0.07764934318394025,53.88246715919701,-0.42114093096987065,full displayed sample 2020-01-02 to 2023-12-29; descriptive only,all 50 ticker-days retained; no-news score = 0
2021-04-20,50,32,106,0.64,0.0763001461038961,53.815007305194804,-0.24854541994526702,0.07350850324675325,53.67542516233767,-0.527210661448686,full displayed sample 2020-01-02 to 2023-12-29; descriptive only,all 50 ticker-days retained; no-news score = 0
2021-04-21,50,38,97,0.76,0.08418148412698413,54.20907420634921,-0.03087665147830384,0.10673819841269841,55.33690992063492,0.323984956737756,full displayed sample 2020-01-02 to 2023-12-29; descriptive only,all 50 ticker-days retained; no-news score = 0
2021-04-22,50,36,137,0.72,0.08180791688311688,54.09039584415585,-0.0964304263998465,0.09654383809523809,54.827191904761904,0.06285120907314189,full displayed sample 2020-01-02 to 2023-12-29; descriptive only,all 50 ticker-days retained; no-news score = 0
2021-04-23,50,32,99,0.64,0.08814527948717948,54.407263974358976,0.07859644204734707,0.09290486923076922,54.64524346153846,-0.030362837480230612,full displayed sample 2020-01-02 to 2023-12-29; descriptive only,all 50 ticker-days retained; no-news score = 0
2021-04-26,50,38,131,0.76,0.09006543790849672,54.50327189542483,0.1316278584902404,0.10228930065359478,55.11446503267974,0.21002416776881563,full displayed sample 2020-01-02 to 2023-12-29; descriptive only,all 50 ticker-days retained; no-news score = 0
2021-04-27,50,32,137,0.64,0.08671262341269842,54.335631170634926,0.03902898758016492,0.08840258373015873,54.420129186507936,-0.14569118072279788,full displayed sample 2020-01-02 to 2023-12-29; descriptive only,all 50 ticker-days retained; no-news score = 0
2021-04-28,50,37,152,0.74,0.10685382527910686,55.342691263955345,0.5952937478102891,0.1303499803030303,56.517499015151515,0.9288128127339134,full displayed sample 2020-01-02 to 2023-12-29; descriptive only,all 50 ticker-days retained; no-news score = 0
2021-04-29,50,35,132,0.7,0.0769900652014652,53.84950326007326,-0.2294910614252064,0.10370559377289379,55.185279688644684,0.24630323958077754,full displayed sample 2020-01-02 to 2023-12-29; descriptive only,all 50 ticker-days retained; no-news score = 0
2021-04-30,50,35,135,0.7,0.09602548461538461,54.80127423076922,0.2962339219395477,0.11206145494505494,55.603072747252746,0.46034289237924453,full displayed sample 2020-01-02 to 2023-12-29; descriptive only,all 50 ticker-days retained; no-news score = 0
2021-05-03,50,40,125,0.8,0.11686543095238094,55.84327154761905,0.8717967820532717,0.12105359761904762,56.05267988095238,0.6906812209129958,full displayed sample 2020-01-02 to 2023-12-29; descriptive only,all 50 ticker-days retained; no-news score = 0
2021-05-04,50,35,114,0.7,0.09724544761904762,54.86227238095238,0.32992716587917736,0.09623032857142856,54.81151642857143,0.05482050245384458,full displayed sample 2020-01-02 to 2023-12-29; descriptive only,all 50 ticker-days retained; no-news score = 0
2021-05-05,50,36,109,0.72,0.0973263,54.866315,0.3321601671967166,0.10692321666666667,55.346160833333336,0.3287242938359694,full displayed sample 2020-01-02 to 2023-12-29; descriptive only,all 50 ticker-days retained; no-news score = 0
2021-05-06,50,30,73,0.6,0.07557296666666667,53.77864833333334,-0.2686288438629498,0.09117046666666667,54.55852333333333,-0.07479044523777625,full displayed sample 2020-01-02 to 2023-12-29; descriptive only,all 50 ticker-days retained; no-news score = 0
2021-05-07,50,24,56,0.48,0.03691283333333333,51.845641666666666,-1.3363540939135865,0.03691283333333333,51.845641666666666,-1.4646274424134424,full displayed sample 2020-01-02 to 2023-12-29; descriptive only,all 50 ticker-days retained; no-news score = 0
2021-05-10,50,38,109,0.76,0.10036404285714287,55.01820214285714,0.41605731063817053,0.10131563333333334,55.065781666666666,0.18508318192952228,full displayed sample 2020-01-02 to 2023-12-29; descriptive only,all 50 ticker-days retained; no-news score = 0
2021-05-11,50,29,86,0.58,0.04537485,52.2687425,-1.1026479971588936,0.039402999999999994,51.970150000000004,-1.4008405510611301,full displayed sample 2020-01-02 to 2023-12-29; descriptive only,all 50 ticker-days retained; no-news score = 0
2021-05-12,50,35,81,0.7,0.12186585714285716,56.09329285714286,1.0098998056137864,0.13181185714285715,56.59059285714285,0.9662595348351771,full displayed sample 2020-01-02 to 2023-12-29; descriptive only,all 50 ticker-days retained; no-news score = 0
2021-05-13,50,27,66,0.54,0.04474173333333333,52.23708666666666,-1.120133571908452,0.05352033333333333,52.67601666666667,-1.0392178454118248,full displayed sample 2020-01-02 to 2023-12-29; descriptive only,all 50 ticker-days retained; no-news score = 0
2021-05-14,50,25,84,0.5,0.0432975615942029,52.16487807971014,-1.1600190688875736,0.051179025362318845,52.55895126811594,-1.0991916452255202,full displayed sample 2020-01-02 to 2023-12-29; descriptive only,all 50 ticker-days retained; no-news score = 0
2021-05-17,50,34,150,0.68,0.09833056594880868,54.916528297440436,0.3598962358249266,0.098409538153075,54.92047690765375,0.1106420692104471,full displayed sample 2020-01-02 to 2023-12-29; descriptive only,all 50 ticker-days retained; no-news score = 0
2021-05-18,50,30,115,0.6,0.06062128333333333,53.03106416666667,-0.6815681808309532,0.07314502619047619,53.657251309523815,-0.5365213119397386,full displayed sample 2020-01-02 to 2023-12-29; descriptive only,all 50 ticker-days retained; no-news score = 0
2021-05-19,50,24,87,0.48,0.013335509523809526,50.66677547619047,-1.9875185310093877,0.013782485714285713,50.689124285714286,-2.0571231135937147,full displayed sample 2020-01-02 to 2023-12-29; descriptive only,all 50 ticker-days retained; no-news score = 0
2021-05-20,50,31,85,0.62,0.09546925,54.7734625,0.28087169494778835,0.09645075,54.8225375,0.060466709956424586,full displayed sample 2020-01-02 to 2023-12-29; descriptive only,all 50 ticker-days retained; no-news score = 0
2021-05-21,50,32,71,0.64,0.11248423809523811,55.6242119047619,0.7507958998633613,0.10829823809523809,55.41491190476191,0.3639461702049085,full displayed sample 2020-01-02 to 2023-12-29; descriptive only,all 50 ticker-days retained; no-news score = 0
2021-05-24,50,38,119,0.76,0.11956338888888889,55.97816944444445,0.9463096604116161,0.12487588888888888,56.24379444444444,0.7885911645364173,full displayed sample 2020-01-02 to 2023-12-29; descriptive only,all 50 ticker-days retained; no-news score = 0
2021-05-25,50,30,84,0.6,0.10753493333333333,55.37674666666666,0.6141047607273974,0.11688516666666666,55.84425833333333,0.5839047324841864,full displayed sample 2020-01-02 to 2023-12-29; descriptive only,all 50 ticker-days retained; no-news score = 0
2021-05-26,50,32,85,0.64,0.0878761025974026,54.39380512987013,0.07116224725379025,0.0870171025974026,54.35085512987013,-0.18118098775812116,full displayed sample 2020-01-02 to 2023-12-29; descriptive only,all 50 ticker-days retained; no-news score = 0
2021-05-27,50,35,105,0.7,0.11043654444444444,55.52182722222222,0.6942421834943686,0.11888667777777778,55.944333888888885,0.6351744621347685,full displayed sample 2020-01-02 to 2023-12-29; descriptive only,all 50 ticker-days retained; no-news score = 0
2021-05-28,50,35,78,0.7,0.15175716666666667,57.58785833333333,1.835445482357024,0.15561216666666666,57.78060833333334,1.5759166224785652,full displayed sample 2020-01-02 to 2023-12-29; descriptive only,all 50 ticker-days retained; no-news score = 0
2021-06-01,50,36,150,0.72,0.12243428852258852,56.12171442612942,1.0255988858996008,0.12057095518925517,56.028547759462754,0.6783180884996954,full displayed sample 2020-01-02 to 2023-12-29; descriptive only,all 50 ticker-days retained; no-news score = 0
2021-06-02,50,34,84,0.68,0.1255932761904762,56.279663809523804,1.1128445989063394,0.1255932761904762,56.279663809523804,0.8069674067680799,full displayed sample 2020-01-02 to 2023-12-29; descriptive only,all 50 ticker-days retained; no-news score = 0
2021-06-03,50,40,84,0.8,0.10905516666666668,55.45275833333333,0.6560909458751117,0.12253316666666667,56.12665833333333,0.7285811379555179,full displayed sample 2020-01-02 to 2023-12-29; descriptive only,all 50 ticker-days retained; no-news score = 0
2021-06-04,50,29,67,0.58,0.10846563333333333,55.42328166666667,0.6398090665468837,0.1104623,55.523115000000004,0.4193797214794121,full displayed sample 2020-01-02 to 2023-12-29; descriptive only,all 50 ticker-days retained; no-news score = 0
2021-06-07,50,38,113,0.76,0.0896061873015873,54.48030936507936,0.11894416014728934,0.10652985396825397,55.3264926984127,0.3186481073535239,full displayed sample 2020-01-02 to 2023-12-29; descriptive only,all 50 ticker-days retained; no-news score = 0
2021-06-08,50,30,57,0.6,0.11275320000000001,55.63766,0.7582241571469023,0.12159919999999999,56.07995999999999,0.7046571046404726,full displayed sample 2020-01-02 to 2023-12-29; descriptive only,all 50 ticker-days retained; no-news score = 0
2021-06-09,50,26,70,0.52,0.049197390909090914,52.45986954545454,-0.9970761044600959,0.05851739090909091,52.92586954545454,-0.9112156626933594,full displayed sample 2020-01-02 to 2023-12-29; descriptive only,all 50 ticker-days retained; no-news score = 0
2021-06-10,50,38,101,0.76,0.08754207142857144,54.37710357142858,0.06193689072980123,0.08203040476190476,54.10152023809523,-0.30891780043721034,full displayed sample 2020-01-02 to 2023-12-29; descriptive only,all 50 ticker-days retained; no-news score = 0
2021-06-11,50,28,60,0.56,0.062161666666666664,53.10808333333333,-0.6390254879339509,0.05985199999999999,52.9926,-0.8770289689996471,full displayed sample 2020-01-02 to 2023-12-29; descriptive only,all 50 ticker-days retained; no-news score = 0
2021-06-14,50,38,101,0.76,0.09983186031746032,54.99159301587302,0.4013593599002406,0.11813633809523809,55.906816904761904,0.6159541278301751,full displayed sample 2020-01-02 to 2023-12-29; descriptive only,all 50 ticker-days retained; no-news score = 0
2021-06-15,50,31,64,0.62,0.09204106666666666,54.60205333333333,0.18619126859636756,0.08361940000000001,54.180969999999995,-0.26821487562157953,full displayed sample 2020-01-02 to 2023-12-29; descriptive only,all 50 ticker-days retained; no-news score = 0
2021-06-16,50,35,89,0.7,0.09409715714285713,54.704857857142855,0.24297689059328786,0.09409715714285713,54.704857857142855,0.00017822650840199552,full displayed sample 2020-01-02 to 2023-12-29; descriptive only,all 50 ticker-days retained; no-news score = 0
2021-06-17,50,32,89,0.64,0.06656771111111111,53.328385555555556,-0.5173382483785088,0.06483037777777778,53.24151888888888,-0.749505278849639,full displayed sample 2020-01-02 to 2023-12-29; descriptive only,all 50 ticker-days retained; no-news score = 0
2021-06-18,50,33,77,0.66,0.09219313333333334,54.60965666666666,0.19039108390199821,0.09754613333333334,54.87730666666667,0.0885255136532859,full displayed sample 2020-01-02 to 2023-12-29; descriptive only,all 50 ticker-days retained; no-news score = 0
2021-06-21,50,36,138,0.72,0.09754686587301588,54.877343293650796,0.33825181074817473,0.07972386825396825,53.98619341269841,-0.3680009114599886,full displayed sample 2020-01-02 to 2023-12-29; descriptive only,all 50 ticker-days retained; no-news score = 0
2021-06-22,50,24,53,0.48,-0.014137900000000002,49.293105,-2.7462860396630844,-0.0122859,49.385705,-2.7248781315793846,full displayed sample 2020-01-02 to 2023-12-29; descriptive only,all 50 ticker-days retained; no-news score = 0
2021-06-23,50,28,82,0.56,0.06564465,53.282232500000006,-0.5428315814504708,0.060091450000000005,53.0045725,-0.8708953349185365,full displayed sample 2020-01-02 to 2023-12-29; descriptive only,all 50 ticker-days retained; no-news score = 0
2021-06-24,50,37,114,0.74,0.09091953571428572,54.54597678571429,0.1552165457146446,0.09880725,54.94036249999999,0.12082966135394445,full displayed sample 2020-01-02 to 2023-12-29; descriptive only,all 50 ticker-days retained; no-news score = 0
2021-06-25,50,29,90,0.58,0.08106029285714285,54.05301464285714,-0.1170784940925856,0.08084004285714286,54.04200214285715,-0.33940952876422165,full displayed sample 2020-01-02 to 2023-12-29; descriptive only,all 50 ticker-days retained; no-news score = 0
2021-06-28,50,34,102,0.68,0.07709028095238096,53.85451404761905,-0.22672327770384806,0.09626356666666666,54.81317833333333,0.055671913244170736,full displayed sample 2020-01-02 to 2023-12-29; descriptive only,all 50 ticker-days retained; no-news score = 0
2021-06-29,50,33,80,0.66,0.13343504285714286,56.671752142857144,1.3294204757356678,0.13524224285714287,56.76211214285715,1.0541306174348697,full displayed sample 2020-01-02 to 2023-12-29; descriptive only,all 50 ticker-days retained; no-news score = 0
2021-06-30,50,28,99,0.56,0.0472050963924964,52.36025481962482,-1.0520997936585825,0.05224594487734487,52.612297243867246,-1.0718619567763024,full displayed sample 2020-01-02 to 2023-12-29; descriptive only,all 50 ticker-days retained; no-news score = 0
2021-07-01,50,32,92,0.64,0.11367701515151514,55.68385075757576,0.7837383154956937,0.11487401515151514,55.74370075757575,0.5323880589589839,full displayed sample 2020-01-02 to 2023-12-29; descriptive only,all 50 ticker-days retained; no-news score = 0
2021-07-02,50,32,58,0.64,0.13692883333333333,56.84644166666667,1.4259128565986843,0.13936183333333335,56.968091666666666,1.1596560321142553,full displayed sample 2020-01-02 to 2023-12-29; descriptive only,all 50 ticker-days retained; no-news score = 0
2021-07-06,50,32,83,0.64,0.05479148333333333,52.73957416666667,-0.8425770580915559,0.05479148333333333,52.73957416666667,-1.006656688751966,full displayed sample 2020-01-02 to 2023-12-29; descriptive only,all 50 ticker-days retained; no-news score = 0
2021-07-07,50,30,67,0.6,0.09895600714285716,54.94780035714286,0.3771698274483572,0.10242534047619048,55.12126702380953,0.21350889732513717,full displayed sample 2020-01-02 to 2023-12-29; descriptive only,all 50 ticker-days retained; no-news score = 0
2021-07-08,50,33,94,0.66,0.07077564444444445,53.538782222222224,-0.4011224911334117,0.060833861111111116,53.04169305555556,-0.8518780950216646,full displayed sample 2020-01-02 to 2023-12-29; descriptive only,all 50 ticker-days retained; no-news score = 0
2021-07-09,50,31,81,0.62,0.07950230952380952,53.975115476190474,-0.1601072681998845,0.10438711904761905,55.21935595238096,0.2637608576730424,full displayed sample 2020-01-02 to 2023-12-29; descriptive only,all 50 ticker-days retained; no-news score = 0
2021-07-12,50,33,99,0.66,0.09587226984126984,54.793613492063486,0.2920023979147173,0.09919926984126985,54.959963492063494,0.13087144986463214,full displayed sample 2020-01-02 to 2023-12-29; descriptive only,all 50 ticker-days retained; no-news score = 0
2021-07-13,50,32,93,0.64,0.04807839102564102,52.40391955128205,-1.0279809236458333,0.05344073290598291,52.672036645299144,-1.0412568510249693,full displayed sample 2020-01-02 to 2023-12-29; descriptive only,all 50 ticker-days retained; no-news score = 0
2021-07-14,50,32,88,0.64,0.05987705897435898,52.993852948717944,-0.7021223556685895,0.07634259743589744,53.817129871794876,-0.4546138909011347,full displayed sample 2020-01-02 to 2023-12-29; descriptive only,all 50 ticker-days retained; no-news score = 0
2021-07-15,50,27,92,0.54,0.01367471111111111,50.68373555555555,-1.978150376572453,0.011963818253968252,50.59819091269841,-2.1037092097173704,full displayed sample 2020-01-02 to 2023-12-29; descriptive only,all 50 ticker-days retained; no-news score = 0
2021-07-16,50,31,102,0.62,0.0909878358974359,54.549391794871795,0.15710287728788974,0.0909878358974359,54.549391794871795,-0.07946862569471169,full displayed sample 2020-01-02 to 2023-12-29; descriptive only,all 50 ticker-days retained; no-news score = 0
2021-07-19,50,41,159,0.82,0.007105864069264069,50.355293203463205,-2.159570440228912,0.007254340259740259,50.36271701298701,-2.224344894535225,full displayed sample 2020-01-02 to 2023-12-29; descriptive only,all 50 ticker-days retained; no-news score = 0
2021-07-20,50,32,79,0.64,0.12066093939393939,56.03304696969696,0.9766220852898262,0.07056860000000001,53.52843000000001,-0.6025177850630195,full displayed sample 2020-01-02 to 2023-12-29; descriptive only,all 50 ticker-days retained; no-news score = 0
2021-07-21,50,35,106,0.7,0.06781460119047619,53.390730059523804,-0.4829013257146171,0.07369418452380953,53.68470922619048,-0.522454340675345,full displayed sample 2020-01-02 to 2023-12-29; descriptive only,all 50 ticker-days retained; no-news score = 0
2021-07-22,50,36,117,0.72,0.07591466904761905,53.79573345238096,-0.25919162188030587,0.09464050238095238,54.73202511904762,0.014096292368456149,full displayed sample 2020-01-02 to 2023-12-29; descriptive only,all 50 ticker-days retained; no-news score = 0
2021-07-23,50,31,109,0.62,0.0622011,53.110055,-0.6379364082525477,0.0792891,53.964455,-0.37913772240141447,full displayed sample 2020-01-02 to 2023-12-29; descriptive only,all 50 ticker-days retained; no-news score = 0
2021-07-26,50,30,119,0.6,0.07808375366300367,53.904187683150184,-0.199285299432482,0.07909242032967033,53.954621016483514,-0.3841757726373535,full displayed sample 2020-01-02 to 2023-12-29; descriptive only,all 50 ticker-days retained; no-news score = 0
2021-07-27,50,26,120,0.52,0.04924012842712843,52.46200642135642,-0.9958957689775535,0.05335549927849928,52.66777496392496,-1.0434401539374363,full displayed sample 2020-01-02 to 2023-12-29; descriptive only,all 50 ticker-days retained; no-news score = 0
2021-07-28,50,28,92,0.56,0.07992386428571428,53.99619321428572,-0.14846466315028636,0.07797786428571428,53.898893214285714,-0.41272569511184154,full displayed sample 2020-01-02 to 2023-12-29; descriptive only,all 50 ticker-days retained; no-news score = 0
2021-07-29,50,38,126,0.76,0.11726531666666666,55.86326583333333,0.882840925915788,0.12720190714285715,56.36009535714286,0.8481733104367061,full displayed sample 2020-01-02 to 2023-12-29; descriptive only,all 50 ticker-days retained; no-news score = 0
2021-07-30,50,25,80,0.5,0.04552551147186147,52.276275573593075,-1.0984869908755142,0.0655299538961039,53.276497694805194,-0.7315852791766557,full displayed sample 2020-01-02 to 2023-12-29; descriptive only,all 50 ticker-days retained; no-news score = 0
2021-08-02,50,36,126,0.72,0.08744132265512265,54.37206613275614,0.05915438585855825,0.10887844963924964,55.44392248196248,0.3788085853254048,full displayed sample 2020-01-02 to 2023-12-29; descriptive only,all 50 ticker-days retained; no-news score = 0
2021-08-03,50,28,109,0.56,0.08030575476190477,54.01528773809524,-0.13791751628282145,0.09294246904761903,54.64712345238095,-0.029399698962487904,full displayed sample 2020-01-02 to 2023-12-29; descriptive only,all 50 ticker-days retained; no-news score = 0
2021-08-04,50,34,87,0.68,0.041077749999999996,52.053887499999995,-1.2213263817478224,0.04161595,52.080797499999996,-1.34415470625097,full displayed sample 2020-01-02 to 2023-12-29; descriptive only,all 50 ticker-days retained; no-news score = 0
2021-08-05,50,34,104,0.68,0.08220518095238095,54.110259047619046,-0.08545868778648293,0.08038711428571428,54.01935571428571,-0.3510115255152046,full displayed sample 2020-01-02 to 2023-12-29; descriptive only,all 50 ticker-days retained; no-news score = 0
2021-08-06,50,30,66,0.6,0.05465353333333334,52.73267666666667,-0.8463869957597605,0.07200353333333333,53.60017666666666,-0.5657612346455866,full displayed sample 2020-01-02 to 2023-12-29; descriptive only,all 50 ticker-days retained; no-news score = 0
2021-08-09,50,35,103,0.7,0.09372676515151515,54.68633825757576,0.23274731176171717,0.10899143181818183,55.44957159090909,0.3817026815595102,full displayed sample 2020-01-02 to 2023-12-29; descriptive only,all 50 ticker-days retained; no-news score = 0
2021-08-10,50,31,79,0.62,0.06682071904761905,53.341035952380956,-0.5103506117880314,0.06203590952380953,53.101795476190475,-0.8210870108234127,full displayed sample 2020-01-02 to 2023-12-29; descriptive only,all 50 ticker-days retained; no-news score = 0
2021-08-11,50,30,71,0.6,0.038708488888888885,51.93542444444444,-1.2867612288158534,0.038708488888888885,51.93542444444444,-1.4186308079866712,full displayed sample 2020-01-02 to 2023-12-29; descriptive only,all 50 ticker-days retained; no-news score = 0
2021-08-12,50,34,86,0.68,0.10122886904761906,55.061443452380956,0.43994229707923804,0.09398253571428572,54.69912678571429,-0.0027578599426781275,full displayed sample 2020-01-02 to 2023-12-29; descriptive only,all 50 ticker-days retained; no-news score = 0
2021-08-13,50,28,82,0.56,0.07752592543859649,53.876296271929824,-0.21469153911756142,0.08662742543859649,54.33137127192983,-0.1911627672606618,full displayed sample 2020-01-02 to 2023-12-29; descriptive only,all 50 ticker-days retained; no-news score = 0
2021-08-16,50,43,138,0.86,0.05751029749373433,52.875514874686715,-0.7674881673154755,0.06258530651629073,53.129265325814536,-0.8070139261830198,full displayed sample 2020-01-02 to 2023-12-29; descriptive only,all 50 ticker-days retained; no-news score = 0
2021-08-17,50,33,92,0.66,0.06416364603174603,53.2081823015873,-0.5837343201631315,0.07148360317460317,53.57418015873016,-0.5790795112853206,full displayed sample 2020-01-02 to 2023-12-29; descriptive only,all 50 ticker-days retained; no-news score = 0
2021-08-18,50,36,110,0.72,0.10438068214285715,55.21903410714286,0.5269898609406997,0.10329408214285715,55.16470410714286,0.23576215894279082,full displayed sample 2020-01-02 to 2023-12-29; descriptive only,all 50 ticker-days retained; no-news score = 0
2021-08-19,50,26,86,0.52,0.05509854285714285,52.75492714285714,-0.8340966112184649,0.055658709523809524,52.782935476190474,-0.9844422468311634,full displayed sample 2020-01-02 to 2023-12-29; descriptive only,all 50 ticker-days retained; no-news score = 0
2021-08-20,50,27,66,0.54,0.016948133333333327,50.847406666666664,-1.8877441813685172,0.02655593333333333,51.32779666666667,-1.7299247270851903,full displayed sample 2020-01-02 to 2023-12-29; descriptive only,all 50 ticker-days retained; no-news score = 0
2021-08-23,50,39,120,0.78,0.08115550432900433,54.057775216450224,-0.11444891980414584,0.09708434415584416,54.85421720779221,0.07669654795132108,full displayed sample 2020-01-02 to 2023-12-29; descriptive only,all 50 ticker-days retained; no-news score = 0
2021-08-24,50,29,85,0.58,0.0637941746031746,53.189708730158735,-0.5939384746614258,0.06932684126984127,53.466342063492064,-0.6343260693303726,full displayed sample 2020-01-02 to 2023-12-29; descriptive only,all 50 ticker-days retained; no-news score = 0
2021-08-25,50,27,71,0.54,0.05851136666666666,52.92556833333333,-0.7398403880444826,0.05851136666666666,52.92556833333333,-0.9113699767407439,full displayed sample 2020-01-02 to 2023-12-29; descriptive only,all 50 ticker-days retained; no-news score = 0
2021-08-26,50,30,73,0.6,0.05546455,52.7732275,-0.8239881342311255,0.049831850000000004,52.491592499999996,-1.133700230381297,full displayed sample 2020-01-02 to 2023-12-29; descriptive only,all 50 ticker-days retained; no-news score = 0
2021-08-27,50,30,97,0.6,0.08976927272727274,54.48846363636364,0.12344829430063592,0.08942587272727273,54.47129363636364,-0.11947911028001866,full displayed sample 2020-01-02 to 2023-12-29; descriptive only,all 50 ticker-days retained; no-news score = 0
2021-08-30,50,35,98,0.7,0.09906042380952382,54.95302119047619,0.38005363311361057,0.09906042380952382,54.95302119047619,0.1273148378272783,full displayed sample 2020-01-02 to 2023-12-29; descriptive only,all 50 ticker-days retained; no-news score = 0
2021-08-31,50,32,88,0.64,0.0393529,51.967645,-1.2689637212694096,0.03634556666666667,51.81727833333334,-1.479158267887422,full displayed sample 2020-01-02 to 2023-12-29; descriptive only,all 50 ticker-days retained; no-news score = 0
2021-09-01,50,27,75,0.54,0.04719169047619047,52.359584523809524,-1.0524700416144417,0.05006969047619048,52.50348452380953,-1.1276078250748474,full displayed sample 2020-01-02 to 2023-12-29; descriptive only,all 50 ticker-days retained; no-news score = 0
2021-09-02,50,32,103,0.64,0.09116721794871795,54.5583608974359,0.16205709573065366,0.09358621794871795,54.6793108974359,-0.012909741979996583,full displayed sample 2020-01-02 to 2023-12-29; descriptive only,all 50 ticker-days retained; no-news score = 0
2021-09-03,50,24,70,0.48,0.07843067857142857,53.92153392857143,-0.18970384037741472,0.09256067857142858,54.628033928571426,-0.03917945706065061,full displayed sample 2020-01-02 to 2023-12-29; descriptive only,all 50 ticker-days retained; no-news score = 0
2021-09-07,50,41,143,0.82,0.12588253095238094,56.29412654761905,1.1208333094035376,0.14722253095238094,57.361126547619044,1.3610118175287134,full displayed sample 2020-01-02 to 2023-12-29; descriptive only,all 50 ticker-days retained; no-news score = 0
2021-09-08,50,37,106,0.74,0.061692476190476186,53.08462380952381,-0.6519837080774885,0.07379314285714286,53.689657142857136,-0.5199194724108089,full displayed sample 2020-01-02 to 2023-12-29; descriptive only,all 50 ticker-days retained; no-news score = 0
2021-09-09,50,35,120,0.7,0.042194442857142855,52.10972214285714,-1.1904852785927387,0.04315041428571429,52.15752071428571,-1.3048486196395541,full displayed sample 2020-01-02 to 2023-12-29; descriptive only,all 50 ticker-days retained; no-news score = 0
2021-09-10,50,33,87,0.66,0.01885903333333334,50.94295166666667,-1.8349684663255845,0.01722803333333334,50.86140166666667,-1.9688636510575754,full displayed sample 2020-01-02 to 2023-12-29; descriptive only,all 50 ticker-days retained; no-news score = 0
2021-09-13,50,42,147,0.84,0.09918807020202021,54.95940351010101,0.3835790031678509,0.11590890353535353,55.79544517676768,0.5588972536186464,full displayed sample 2020-01-02 to 2023-12-29; descriptive only,all 50 ticker-days retained; no-news score = 0
2021-09-14,50,36,83,0.72,0.1009095,55.045474999999996,0.43112188269299273,0.10250983333333334,55.12549166666667,0.21567322502687797,full displayed sample 2020-01-02 to 2023-12-29; descriptive only,all 50 ticker-days retained; no-news score = 0
2021-09-15,50,35,108,0.7,0.08260616190476192,54.1303080952381,-0.07438429536380192,0.09416399523809524,54.708199761904766,0.0018903184644218395,full displayed sample 2020-01-02 to 2023-12-29; descriptive only,all 50 ticker-days retained; no-news score = 0
2021-09-16,50,35,73,0.7,0.06521106666666666,53.26055333333334,-0.5548063945999631,0.07925906666666667,53.96295333333333,-0.37990704157828925,full displayed sample 2020-01-02 to 2023-12-29; descriptive only,all 50 ticker-days retained; no-news score = 0
2021-09-17,50,33,78,0.66,0.05195684285714286,52.59784214285715,-0.9208648690814505,0.053632042857142855,52.681602142857145,-1.036356348888865,full displayed sample 2020-01-02 to 2023-12-29; descriptive only,all 50 ticker-days retained; no-news score = 0
2021-09-20,50,43,167,0.86,0.10461090959040958,55.23054547952048,0.5333483402787546,0.11388509140859142,55.69425457042957,0.5070562720589379,full displayed sample 2020-01-02 to 2023-12-29; descriptive only,all 50 ticker-days retained; no-news score = 0
2021-09-21,50,32,92,0.64,0.057620367460317456,52.88101837301588,-0.764448227396497,0.03793733253968254,51.89686662698413,-1.438384371842827,full displayed sample 2020-01-02 to 2023-12-29; descriptive only,all 50 ticker-days retained; no-news score = 0
2021-09-22,50,41,95,0.82,0.0863808380952381,54.3190419047619,0.029865657542112286,0.07866423809523809,53.933211904761905,-0.3951438793236741,full displayed sample 2020-01-02 to 2023-12-29; descriptive only,all 50 ticker-days retained; no-news score = 0
2021-09-23,50,36,89,0.72,0.11231591428571429,55.61579571428571,0.7461470907125057,0.11977081904761905,55.98854095238095,0.6578221924551461,full displayed sample 2020-01-02 to 2023-12-29; descriptive only,all 50 ticker-days retained; no-news score = 0
2021-09-24,50,30,84,0.6,0.03335425833333333,51.667712916666666,-1.4346357099892064,0.025972091666666666,51.29860458333333,-1.7448801296520677,full displayed sample 2020-01-02 to 2023-12-29; descriptive only,all 50 ticker-days retained; no-news score = 0
2021-09-27,50,42,154,0.84,0.1358507507936508,56.79253753968254,1.3961381028663877,0.1393882507936508,56.96941253968254,1.1603327288565377,full displayed sample 2020-01-02 to 2023-12-29; descriptive only,all 50 ticker-days retained; no-news score = 0
2021-09-28,50,37,101,0.74,0.09948397619047618,54.97419880952381,0.39175140890663857,0.10803797619047618,55.40189880952381,0.3572794285508586,full displayed sample 2020-01-02 to 2023-12-29; descriptive only,all 50 ticker-days retained; no-news score = 0
2021-09-29,50,28,68,0.56,0.07453824285714285,53.726912142857145,-0.2972061053206747,0.0819305142857143,54.09652571428572,-0.31147654601724867,full displayed sample 2020-01-02 to 2023-12-29; descriptive only,all 50 ticker-days retained; no-news score = 0
2021-09-30,50,41,112,0.82,0.0842863,54.214315,-0.027981820432063167,0.07954646666666666,53.97732333333334,-0.37254514375030423,full displayed sample 2020-01-02 to 2023-12-29; descriptive only,all 50 ticker-days retained; no-news score = 0
2021-10-01,50,29,88,0.58,0.05134311746031746,52.56715587301587,-0.9378148908813709,0.04992780317460317,52.49639015873016,-1.1312423407929209,full displayed sample 2020-01-02 to 2023-12-29; descriptive only,all 50 ticker-days retained; no-news score = 0
2021-10-04,50,34,138,0.68,0.07074797428571429,53.537398714285715,-0.40188669251094883,0.07097987428571428,53.54899371428572,-0.5919827841211054,full displayed sample 2020-01-02 to 2023-12-29; descriptive only,all 50 ticker-days retained; no-news score = 0
2021-10-05,50,37,97,0.74,0.04067126666666667,52.03356333333333,-1.23255274030646,0.022890200000000003,51.14451,-1.823824359182058,full displayed sample 2020-01-02 to 2023-12-29; descriptive only,all 50 ticker-days retained; no-news score = 0
2021-10-06,50,31,126,0.62,0.0656125119047619,53.28062559523809,-0.5437191794180821,0.08865350396825397,54.432675198412696,-0.13926373063292008,full displayed sample 2020-01-02 to 2023-12-29; descriptive only,all 50 ticker-days retained; no-news score = 0
2021-10-07,50,33,78,0.66,0.07331092380952381,53.665546190476185,-0.33110251032559657,0.07440492380952382,53.720246190476196,-0.5042483907666331,full displayed sample 2020-01-02 to 2023-12-29; descriptive only,all 50 ticker-days retained; no-news score = 0
2021-10-08,50,31,83,0.62,0.07855667142857142,53.92783357142857,-0.1862241380769198,0.07557806825396825,53.77890341269841,-0.47419769648177446,full displayed sample 2020-01-02 to 2023-12-29; descriptive only,all 50 ticker-days retained; no-news score = 0
2021-10-11,50,44,134,0.88,0.13856323193473194,56.928161596736594,1.4710520867279322,0.154167155011655,57.70835775058275,1.5389019107024915,full displayed sample 2020-01-02 to 2023-12-29; descriptive only,all 50 ticker-days retained; no-news score = 0
2021-10-12,50,28,86,0.56,0.07985762142857142,53.99288107142857,-0.1502941749783263,0.07384401031746032,53.69220051587301,-0.518616476427419,full displayed sample 2020-01-02 to 2023-12-29; descriptive only,all 50 ticker-days retained; no-news score = 0
2021-10-13,50,36,105,0.72,0.05523293333333334,52.761646666666664,-0.8303849813707945,0.05624126666666667,52.812063333333334,-0.969519747997909,full displayed sample 2020-01-02 to 2023-12-29; descriptive only,all 50 ticker-days retained; no-news score = 0
2021-10-14,50,32,120,0.64,0.08101956904761903,54.050978452380946,-0.11820321446879133,0.08748195714285714,54.37409785714286,-0.16927350108967695,full displayed sample 2020-01-02 to 2023-12-29; descriptive only,all 50 ticker-days retained; no-news score = 0
2021-10-15,50,33,94,0.66,0.14420087539682538,57.21004376984127,1.6267539365730799,0.15791090317460318,57.89554515873016,1.6347999325164506,full displayed sample 2020-01-02 to 2023-12-29; descriptive only,all 50 ticker-days retained; no-news score = 0
2021-10-18,50,36,157,0.72,0.09818939155844156,54.909469577922074,0.3559972461355787,0.09316716017316017,54.658358008658006,-0.02364412099071052,full displayed sample 2020-01-02 to 2023-12-29; descriptive only,all 50 ticker-days retained; no-news score = 0
2021-10-19,50,36,96,0.72,0.06305260595238095,53.152630297619055,-0.6144193034850468,0.06834693928571428,53.41734696428572,-0.6594267592697705,full displayed sample 2020-01-02 to 2023-12-29; descriptive only,all 50 ticker-days retained; no-news score = 0
2021-10-20,50,36,81,0.72,0.07293536666666667,53.64676833333333,-0.34147474160602265,0.07996349999999999,53.998175,-0.36186262186142426,full displayed sample 2020-01-02 to 2023-12-29; descriptive only,all 50 ticker-days retained; no-news score = 0
2021-10-21,50,40,146,0.8,0.06629397142857144,53.31469857142858,-0.5248984595259558,0.06529137142857143,53.26456857142857,-0.7376966909704019,full displayed sample 2020-01-02 to 2023-12-29; descriptive only,all 50 ticker-days retained; no-news score = 0
2021-10-22,50,34,98,0.68,0.0939855619047619,54.69927809523809,0.2398948253434778,0.09258989523809523,54.62949476190476,-0.03843105721766458,full displayed sample 2020-01-02 to 2023-12-29; descriptive only,all 50 ticker-days retained; no-news score = 0
2021-10-25,50,36,119,0.72,0.09148322777777779,54.57416138888889,0.17078473437696054,0.09306442777777779,54.65322138888888,-0.026275663782739815,full displayed sample 2020-01-02 to 2023-12-29; descriptive only,all 50 ticker-days retained; no-news score = 0
2021-10-26,50,35,137,0.7,0.08013750476190476,54.00687523809524,-0.14256428694375284,0.09230730476190475,54.61536523809524,-0.04566975663616136,full displayed sample 2020-01-02 to 2023-12-29; descriptive only,all 50 ticker-days retained; no-news score = 0
2021-10-27,50,35,113,0.7,0.07581360238095237,53.79068011904762,-0.2619829064060998,0.07883265,53.941632500000004,-0.3908299223442949,full displayed sample 2020-01-02 to 2023-12-29; descriptive only,all 50 ticker-days retained; no-news score = 0
2021-10-28,50,35,130,0.7,0.08163329207459208,54.08166460372961,-0.10125325812004718,0.08304393139083138,54.152196569541566,-0.282955798042986,full displayed sample 2020-01-02 to 2023-12-29; descriptive only,all 50 ticker-days retained; no-news score = 0
2021-10-29,50,33,140,0.66,0.09985503524743229,54.99275176237162,0.40199941092349706,0.11990840779645191,55.99542038982259,0.6613465985483536,full displayed sample 2020-01-02 to 2023-12-29; descriptive only,all 50 ticker-days retained; no-news score = 0
2021-11-01,50,36,98,0.72,0.12102711666666668,56.05135583333334,0.9867352609665512,0.12540103333333336,56.27005166666667,0.8020430077686174,full displayed sample 2020-01-02 to 2023-12-29; descriptive only,all 50 ticker-days retained; no-news score = 0
2021-11-02,50,37,134,0.74,0.06384958398268399,53.192479199134205,-0.5924081645333745,0.07980729256854258,53.99036462842712,-0.36586395502204194,full displayed sample 2020-01-02 to 2023-12-29; descriptive only,all 50 ticker-days retained; no-news score = 0
2021-11-03,50,31,105,0.62,0.07573099761904763,53.786549880952386,-0.26426430541990176,0.08012731428571429,54.00636571428572,-0.3576664352427985,full displayed sample 2020-01-02 to 2023-12-29; descriptive only,all 50 ticker-days retained; no-news score = 0
2021-11-04,50,38,134,0.76,0.10337600884028252,55.168800442014124,0.4992425419141048,0.11031546147186148,55.51577307359308,0.41561837756372844,full displayed sample 2020-01-02 to 2023-12-29; descriptive only,all 50 ticker-days retained; no-news score = 0
2021-11-05,50,30,83,0.6,0.1113935,55.569675,0.7206716218264381,0.11417861111111112,55.70893055555556,0.5145749291934217,full displayed sample 2020-01-02 to 2023-12-29; descriptive only,all 50 ticker-days retained; no-news score = 0
2021-11-08,50,41,147,0.82,0.044193425641025644,52.20967128205128,-1.135276871152305,0.04869982564102564,52.43499128205128,-1.1626976126692574,full displayed sample 2020-01-02 to 2023-12-29; descriptive only,all 50 ticker-days retained; no-news score = 0
2021-11-09,50,34,99,0.68,0.068168175,53.40840875,-0.47313623564288526,0.09171542499999999,54.58577125,-0.06083105911909494,full displayed sample 2020-01-02 to 2023-12-29; descriptive only,all 50 ticker-days retained; no-news score = 0
2021-11-10,50,30,110,0.6,0.004372129059829056,50.21860645299145,-2.235071418752555,0.010211188888888884,50.510559444444446,-2.148603706293713,full displayed sample 2020-01-02 to 2023-12-29; descriptive only,all 50 ticker-days retained; no-news score = 0
2021-11-11,50,39,110,0.78,0.08706343272727272,54.35317163636364,0.04871772713764037,0.08312475272727272,54.156237636363635,-0.28088551821973484,full displayed sample 2020-01-02 to 2023-12-29; descriptive only,all 50 ticker-days retained; no-news score = 0
2021-11-12,50,28,59,0.56,0.07398602380952381,53.69930119047619,-0.31245742935564347,0.08202811904761904,54.10140595238096,-0.30897635017637326,full displayed sample 2020-01-02 to 2023-12-29; descriptive only,all 50 ticker-days retained; no-news score = 0
2021-11-15,50,38,134,0.76,0.13172371453634085,56.58618572681704,1.2821565813385007,0.13172371453634085,56.58618572681704,0.9640017169386382,full displayed sample 2020-01-02 to 2023-12-29; descriptive only,all 50 ticker-days retained; no-news score = 0
2021-11-16,50,31,119,0.62,0.06329334828722002,53.164667414361,-0.6077704213550362,0.06370169611330698,53.18508480566535,-0.7784170363101622,full displayed sample 2020-01-02 to 2023-12-29; descriptive only,all 50 ticker-days retained; no-news score = 0
2021-11-17,50,30,133,0.6,0.07004191832522483,53.50209591626124,-0.42138672295480023,0.06774778891346013,53.38738944567301,-0.6747743021512401,full displayed sample 2020-01-02 to 2023-12-29; descriptive only,all 50 ticker-days retained; no-news score = 0
2021-11-18,50,36,122,0.72,0.08646615106732349,54.32330755336617,0.03222185258332014,0.10694537931034481,55.34726896551724,0.32929200127631925,full displayed sample 2020-01-02 to 2023-12-29; descriptive only,all 50 ticker-days retained; no-news score = 0
2021-11-19,50,30,105,0.6,0.05317309273182957,52.65865463659147,-0.8872741752683427,0.05322669273182957,52.661334636591484,-1.0467395994355506,full displayed sample 2020-01-02 to 2023-12-29; descriptive only,all 50 ticker-days retained; no-news score = 0
2021-11-22,50,38,133,0.76,0.11730348809523809,55.86517440476191,0.8838951539952623,0.12136028593073593,56.068014296536795,0.6985371986989618,full displayed sample 2020-01-02 to 2023-12-29; descriptive only,all 50 ticker-days retained; no-news score = 0
2021-11-23,50,31,81,0.62,0.11040946666666666,55.52047333333333,0.6934943426424163,0.10349706666666666,55.17485333333333,0.24096171122166302,full displayed sample 2020-01-02 to 2023-12-29; descriptive only,all 50 ticker-days retained; no-news score = 0
2021-11-24,50,30,68,0.6,0.025750944444444448,51.287547222222216,-1.6446259382491715,0.022641444444444447,51.13207222222223,-1.8301963598227806,full displayed sample 2020-01-02 to 2023-12-29; descriptive only,all 50 ticker-days retained; no-news score = 0
2021-11-26,50,30,76,0.6,0.0241661,51.208304999999996,-1.6883965692541298,0.0125861,50.629305,-2.087769144879145,full displayed sample 2020-01-02 to 2023-12-29; descriptive only,all 50 ticker-days retained; no-news score = 0
2021-11-29,50,36,122,0.72,0.020548984182484183,51.02744920912421,-1.7882949802973538,0.017501124042624043,50.8750562021312,-1.9618682930214926,full displayed sample 2020-01-02 to 2023-12-29; descriptive only,all 50 ticker-days retained; no-news score = 0
2021-11-30,50,34,105,0.68,0.06940385079365079,53.470192539682536,-0.4390090319319831,0.0661008507936508,53.30504253968253,-0.7169614634840529,full displayed sample 2020-01-02 to 2023-12-29; descriptive only,all 50 ticker-days retained; no-news score = 0
2021-12-01,50,36,86,0.72,0.008914700000000001,50.445735,-2.1096135562266425,0.009675866666666661,50.48379333333334,-2.1623162585033513,full displayed sample 2020-01-02 to 2023-12-29; descriptive only,all 50 ticker-days retained; no-news score = 0
2021-12-02,50,37,116,0.74,0.030581677128427128,51.52908385642135,-1.5112095524736477,0.033920478715728716,51.69602393578644,-1.5412781346886861,full displayed sample 2020-01-02 to 2023-12-29; descriptive only,all 50 ticker-days retained; no-news score = 0
2021-12-03,50,30,93,0.6,0.07332419642857142,53.666209821428566,-0.3307359438068199,0.07684982976190476,53.842491488095234,-0.44162087573371245,full displayed sample 2020-01-02 to 2023-12-29; descriptive only,all 50 ticker-days retained; no-news score = 0
2021-12-06,50,38,165,0.76,0.08713237994227993,54.35661899711399,0.050621928598849265,0.11132327792207793,55.566163896103895,0.4414341108130542,full displayed sample 2020-01-02 to 2023-12-29; descriptive only,all 50 ticker-days retained; no-news score = 0
2021-12-07,50,36,129,0.72,0.08020836091000502,54.01041804550025,-0.14060736409002986,0.08205319424333837,54.102659712166925,-0.30833403622751304,full displayed sample 2020-01-02 to 2023-12-29; descriptive only,all 50 ticker-days retained; no-news score = 0
2021-12-08,50,34,86,0.68,0.0461908,52.30954,-1.0801128855940392,0.04986253333333333,52.49312666666667,-1.1329142611223482,full displayed sample 2020-01-02 to 2023-12-29; descriptive only,all 50 ticker-days retained; no-news score = 0
2021-12-09,50,36,103,0.72,0.09220463939393939,54.61023196969697,0.19070886116706243,0.10510254848484848,55.255127424242424,0.282086948208937,full displayed sample 2020-01-02 to 2023-12-29; descriptive only,all 50 ticker-days retained; no-news score = 0
2021-12-10,50,32,74,0.64,0.08221146363636364,54.110573181818175,-0.08528517104590255,0.08110226363636365,54.05511318181818,-0.3326926095401502,full displayed sample 2020-01-02 to 2023-12-29; descriptive only,all 50 ticker-days retained; no-news score = 0
2021-12-13,50,40,140,0.8,0.0864490051948052,54.322450259740265,0.03174831357961104,0.08679532034632034,54.339766017316016,-0.1868620534245378,full displayed sample 2020-01-02 to 2023-12-29; descriptive only,all 50 ticker-days retained; no-news score = 0
2021-12-14,50,38,93,0.76,0.11386156666666666,55.69307833333333,0.7888353054869953,0.12213556666666667,56.10677833333333,0.7183964108281452,full displayed sample 2020-01-02 to 2023-12-29; descriptive only,all 50 ticker-days retained; no-news score = 0
2021-12-15,50,37,106,0.74,0.10492091111111111,55.246045555555554,0.5419100399592295,0.1137829111111111,55.689145555555555,0.5044388715367278,full displayed sample 2020-01-02 to 2023-12-29; descriptive only,all 50 ticker-days retained; no-news score = 0
2021-12-16,50,40,127,0.8,0.062570475,53.12852375,-0.6277349169427026,0.063813725,53.19068625,-0.7755473591437845,full displayed sample 2020-01-02 to 2023-12-29; descriptive only,all 50 ticker-days retained; no-news score = 0
2021-12-17,50,36,110,0.72,0.039965752380952374,51.99828761904762,-1.2520378106406354,0.03987241904761905,51.99362095238095,-1.388816142337812,full displayed sample 2020-01-02 to 2023-12-29; descriptive only,all 50 ticker-days retained; no-news score = 0
2021-12-20,50,39,144,0.78,0.06910155615658851,53.45507780782942,-0.44735788096887935,0.06973696113396408,53.4868480566982,-0.6238206394872993,full displayed sample 2020-01-02 to 2023-12-29; descriptive only,all 50 ticker-days retained; no-news score = 0
2021-12-21,50,34,112,0.68,0.12503060267335003,56.2515301336675,1.0973045407127893,0.11934046086048454,55.96702304302422,0.6467983476286979,full displayed sample 2020-01-02 to 2023-12-29; descriptive only,all 50 ticker-days retained; no-news score = 0
2021-12-22,50,29,75,0.58,0.12196625000000001,56.098312500000006,1.0126724806993046,0.12175258333333333,56.087629166666666,0.7085860970848562,full displayed sample 2020-01-02 to 2023-12-29; descriptive only,all 50 ticker-days retained; no-news score = 0
2021-12-23,50,38,111,0.76,0.08416432254901961,54.20821612745098,-0.03135062423896261,0.0927293725490196,54.63646862745099,-0.03485827464164742,full displayed sample 2020-01-02 to 2023-12-29; descriptive only,all 50 ticker-days retained; no-news score = 0
2021-12-27,50,33,117,0.66,0.09621419999999999,54.81070999999999,0.3014459107211052,0.10827861666666667,55.41393083333334,0.3634435572877831,full displayed sample 2020-01-02 to 2023-12-29; descriptive only,all 50 ticker-days retained; no-news score = 0
2021-12-28,50,32,101,0.64,0.05684696515151515,52.84234825757576,-0.7858082461640392,0.06194896515151515,53.09744825757575,-0.823314135338199,full displayed sample 2020-01-02 to 2023-12-29; descriptive only,all 50 ticker-days retained; no-news score = 0
2021-12-29,50,29,66,0.58,0.07822828333333334,53.911414166666674,-0.19529364278034547,0.09513948333333333,54.75697416666667,0.026877944384946437,full displayed sample 2020-01-02 to 2023-12-29; descriptive only,all 50 ticker-days retained; no-news score = 0
2021-12-30,50,37,101,0.74,0.12366678095238096,56.18333904761905,1.0596381706697597,0.1129471976190476,55.647359880952386,0.48303164348509153,full displayed sample 2020-01-02 to 2023-12-29; descriptive only,all 50 ticker-days retained; no-news score = 0
2021-12-31,50,31,72,0.62,0.07840900952380953,53.920450476190474,-0.19030230156449657,0.0828808238095238,54.14404119047619,-0.28713388206718987,full displayed sample 2020-01-02 to 2023-12-29; descriptive only,all 50 ticker-days retained; no-news score = 0
2022-01-03,50,38,137,0.76,0.11106653131868133,55.55332656593407,0.7116413188523223,0.10911167417582418,55.45558370879121,0.3847827509803838,full displayed sample 2020-01-02 to 2023-12-29; descriptive only,all 50 ticker-days retained; no-news score = 0
2022-01-04,50,36,118,0.72,0.0786974954248366,53.93487477124182,-0.18233482565968284,0.08935638431372549,54.467819215686276,-0.12125909149353153,full displayed sample 2020-01-02 to 2023-12-29; descriptive only,all 50 ticker-days retained; no-news score = 0
2022-01-05,50,34,124,0.68,0.08242986161616163,54.12149308080808,-0.0792534009125776,0.08373452828282829,54.18672641414142,-0.26526580583976606,full displayed sample 2020-01-02 to 2023-12-29; descriptive only,all 50 ticker-days retained; no-news score = 0
2022-01-06,50,40,107,0.8,0.12587953333333332,56.293976666666666,1.1207505204095218,0.12913813333333335,56.456906666666676,0.8977707334922207,full displayed sample 2020-01-02 to 2023-12-29; descriptive only,all 50 ticker-days retained; no-news score = 0
2022-01-07,50,35,113,0.7,0.06529736666666666,53.26486833333334,-0.5524229395744751,0.0595352,52.97676,-0.8851439628476138,full displayed sample 2020-01-02 to 2023-12-29; descriptive only,all 50 ticker-days retained; no-news score = 0
2022-01-10,50,41,178,0.82,0.15166302619047617,57.58315130952381,1.8328454870954012,0.15593776428571426,57.796888214285715,1.584256971832997,full displayed sample 2020-01-02 to 2023-12-29; descriptive only,all 50 ticker-days retained; no-news score = 0
2022-01-11,50,36,102,0.72,0.06232863650793651,53.11643182539682,-0.6344140730176177,0.06870241428571427,53.43512071428571,-0.6503210855383751,full displayed sample 2020-01-02 to 2023-12-29; descriptive only,all 50 ticker-days retained; no-news score = 0
2022-01-12,50,40,153,0.8,0.11211922272727272,55.60596113636363,0.7407148139635066,0.11864372272727274,55.93218613636364,0.6289510443942982,full displayed sample 2020-01-02 to 2023-12-29; descriptive only,all 50 ticker-days retained; no-news score = 0
2022-01-13,50,40,167,0.8,0.13549703015873016,56.77485150793651,1.3863689577340537,0.1480079253968254,57.400396269841266,1.3811300974684046,full displayed sample 2020-01-02 to 2023-12-29; descriptive only,all 50 ticker-days retained; no-news score = 0
2022-01-14,50,42,174,0.84,0.10696962313797315,55.34848115689866,0.598491882093668,0.12287535573870574,56.143767786935285,0.7373464858546298,full displayed sample 2020-01-02 to 2023-12-29; descriptive only,all 50 ticker-days retained; no-news score = 0
2022-01-18,50,47,324,0.94,0.1106693856708998,55.53346928354499,0.7006728508331383,0.09900190021592925,54.95009501079646,0.12581572607860142,full displayed sample 2020-01-02 to 2023-12-29; descriptive only,all 50 ticker-days retained; no-news score = 0
2022-01-19,50,43,218,0.86,0.10458444001292826,55.229222000646416,0.5326172968549955,0.12360904037922861,56.18045201896143,0.756140192749172,full displayed sample 2020-01-02 to 2023-12-29; descriptive only,all 50 ticker-days retained; no-news score = 0
2022-01-20,50,45,182,0.9,0.16385072373737372,58.19253618686868,2.1694483720001623,0.16448872373737372,58.22443618686869,1.8032941667333509,full displayed sample 2020-01-02 to 2023-12-29; descriptive only,all 50 ticker-days retained; no-news score = 0
2022-01-21,50,44,177,0.88,0.11345309765724472,55.67265488286224,0.7775541060285615,0.13250056488413547,56.625028244206774,0.9839011354776042,full displayed sample 2020-01-02 to 2023-12-29; descriptive only,all 50 ticker-days retained; no-news score = 0
2022-01-24,50,47,222,0.94,0.10886233438228438,55.443116719114215,0.6507652555241578,0.11447147565212563,55.72357378260628,0.5220768040312389,full displayed sample 2020-01-02 to 2023-12-29; descriptive only,all 50 ticker-days retained; no-news score = 0
2022-01-25,50,43,202,0.86,0.097323301874596,54.866165093729805,0.3320773642180233,0.12658393001508295,56.32919650075414,0.8323435105943072,full displayed sample 2020-01-02 to 2023-12-29; descriptive only,all 50 ticker-days retained; no-news score = 0
2022-01-26,50,41,230,0.82,0.108951536832471,55.447576841623544,0.6532288711462104,0.13107518601884272,56.55375930094213,0.9473893276402526,full displayed sample 2020-01-02 to 2023-12-29; descriptive only,all 50 ticker-days retained; no-news score = 0
2022-01-27,50,46,233,0.92,0.14838599720279722,57.41929986013986,1.7423396793392796,0.18562718569763573,59.28135928488179,2.3447666691418463,full displayed sample 2020-01-02 to 2023-12-29; descriptive only,all 50 ticker-days retained; no-news score = 0
2022-01-28,50,43,210,0.86,0.07643016132478633,53.82150806623932,-0.24495462699485263,0.09688209505494505,54.844104752747256,0.07151583390601444,full displayed sample 2020-01-02 to 2023-12-29; descriptive only,all 50 ticker-days retained; no-news score = 0
2022-01-31,50,47,212,0.94,0.13533559404761905,56.76677970238095,1.3819103747639145,0.15492560476190476,57.74628023809524,1.5583299885347794,full displayed sample 2020-01-02 to 2023-12-29; descriptive only,all 50 ticker-days retained; no-news score = 0
2022-02-01,50,41,236,0.82,0.07372267082244817,53.6861335411224,-0.3197307781450144,0.10515928563446893,55.257964281723446,0.2835402992825515,full displayed sample 2020-01-02 to 2023-12-29; descriptive only,all 50 ticker-days retained; no-news score = 0
2022-02-02,50,44,239,0.88,0.11336349498940775,55.66817474947039,0.7750794370951527,0.12468877587270885,56.23443879363544,0.7837981690339694,full displayed sample 2020-01-02 to 2023-12-29; descriptive only,all 50 ticker-days retained; no-news score = 0
2022-02-03,50,43,150,0.86,0.13524886507936507,56.76244325396825,1.3795150723856948,0.14758298095238095,57.37914904761905,1.3702449284267557,full displayed sample 2020-01-02 to 2023-12-29; descriptive only,all 50 ticker-days retained; no-news score = 0
2022-02-04,50,38,104,0.76,0.06678625873015873,53.33931293650793,-0.5113023454708903,0.07145506825396826,53.57275341269842,-0.5798104478554107,full displayed sample 2020-01-02 to 2023-12-29; descriptive only,all 50 ticker-days retained; no-news score = 0
2022-02-07,50,43,188,0.86,0.11896461082251082,55.94823054112554,0.9297724577295675,0.12408005526695527,56.20400276334776,0.7682054797321353,full displayed sample 2020-01-02 to 2023-12-29; descriptive only,all 50 ticker-days retained; no-news score = 0
2022-02-08,50,42,211,0.84,0.1227223300865801,56.136116504329,1.033554089992824,0.14156191522366524,57.078095761183256,1.2160122537211584,full displayed sample 2020-01-02 to 2023-12-29; descriptive only,all 50 ticker-days retained; no-news score = 0
2022-02-09,50,41,139,0.82,0.14523123113553113,57.261561556776556,1.655210559556378,0.1536482619047619,57.6824130952381,1.5256101986753765,full displayed sample 2020-01-02 to 2023-12-29; descriptive only,all 50 ticker-days retained; no-news score = 0
2022-02-10,50,45,162,0.9,0.09823429151138714,54.91171457556936,0.3572373042872859,0.12540181076604554,56.27009053830228,0.8020629221047175,full displayed sample 2020-01-02 to 2023-12-29; descriptive only,all 50 ticker-days retained; no-news score = 0
2022-02-11,50,42,133,0.84,0.08721864444444444,54.360932222222225,0.05300440323622141,0.10347795555555556,55.17389777777778,0.24047217034699617,full displayed sample 2020-01-02 to 2023-12-29; descriptive only,all 50 ticker-days retained; no-news score = 0
2022-02-14,50,45,237,0.9,0.10083318073870574,55.041659036935286,0.4290140782101037,0.1069968419108669,55.349842095543345,0.3306102420800982,full displayed sample 2020-01-02 to 2023-12-29; descriptive only,all 50 ticker-days retained; no-news score = 0
2022-02-15,50,41,158,0.82,0.1250469937908497,56.25234968954248,1.0977572347032634,0.1418216591503268,57.091082957516335,1.2226657271015415,full displayed sample 2020-01-02 to 2023-12-29; descriptive only,all 50 ticker-days retained; no-news score = 0
2022-02-16,50,39,145,0.78,0.10408284649859943,55.204142324929975,0.5187641614844366,0.1217790112044818,56.08895056022409,0.7092630605058937,full displayed sample 2020-01-02 to 2023-12-29; descriptive only,all 50 ticker-days retained; no-news score = 0
2022-02-17,50,47,200,0.94,0.06753906892151326,53.37695344607566,-0.49051104496309694,0.08274809943911161,54.13740497195558,-0.29053368462202006,full displayed sample 2020-01-02 to 2023-12-29; descriptive only,all 50 ticker-days retained; no-news score = 0
2022-02-18,50,44,139,0.88,0.03531608333333334,51.76580416666666,-1.3804535355352314,0.05041721666666667,52.52086083333334,-1.118705764160322,full displayed sample 2020-01-02 to 2023-12-29; descriptive only,all 50 ticker-days retained; no-news score = 0
2022-02-22,50,43,204,0.86,0.07995314285714286,53.99765714285715,-0.1476560402278002,0.09946940476190477,54.97347023809523,0.1377910938642327,full displayed sample 2020-01-02 to 2023-12-29; descriptive only,all 50 ticker-days retained; no-news score = 0
2022-02-23,50,43,117,0.86,0.03695471666666668,51.84773583333333,-1.3351973495182496,0.056773383333333344,52.83866916666666,-0.9558893077314924,full displayed sample 2020-01-02 to 2023-12-29; descriptive only,all 50 ticker-days retained; no-news score = 0
2022-02-24,50,38,130,0.76,0.05214704761904763,52.60735238095238,-0.9156117463046989,0.08841204761904763,54.420602380952374,-0.14544875837396196,full displayed sample 2020-01-02 to 2023-12-29; descriptive only,all 50 ticker-days retained; no-news score = 0
2022-02-25,50,40,125,0.8,0.03688115311355312,51.84405765567766,-1.337229046162065,0.07335651208791209,53.6678256043956,-0.531103992632213,full displayed sample 2020-01-02 to 2023-12-29; descriptive only,all 50 ticker-days retained; no-news score = 0
2022-02-28,50,39,187,0.78,0.09784710877733378,54.892355438866694,0.34654399451600354,0.08478677562437563,54.239338781218784,-0.23831195260997973,full displayed sample 2020-01-02 to 2023-12-29; descriptive only,all 50 ticker-days retained; no-news score = 0
2022-03-01,50,43,160,0.86,0.06548775852130326,53.27438792606516,-0.5471646496237732,0.08288950789473684,54.144475394736844,-0.2869114347879,full displayed sample 2020-01-02 to 2023-12-29; descriptive only,all 50 ticker-days retained; no-news score = 0
2022-03-02,50,36,146,0.72,0.09477876587301587,54.7389382936508,0.2618017313037554,0.09785976587301587,54.89298829365079,0.09655937138701695,full displayed sample 2020-01-02 to 2023-12-29; descriptive only,all 50 ticker-days retained; no-news score = 0
2022-03-03,50,39,138,0.78,0.06383956323676325,53.19197816183816,-0.5926849200052624,0.09405853260073262,54.70292663003663,-0.0008111608707677203,full displayed sample 2020-01-02 to 2023-12-29; descriptive only,all 50 ticker-days retained; no-news score = 0
2022-03-04,50,42,140,0.84,0.09011424761904763,54.50571238095239,0.13297589730721807,0.09965196190476192,54.9825980952381,0.14246738834399325,full displayed sample 2020-01-02 to 2023-12-29; descriptive only,all 50 ticker-days retained; no-news score = 0
2022-03-07,50,42,201,0.84,0.08141637912087912,54.07081895604395,-0.10724401443083041,0.09218676776556776,54.60933838827838,-0.04875737337772416,full displayed sample 2020-01-02 to 2023-12-29; descriptive only,all 50 ticker-days retained; no-news score = 0
2022-03-08,50,38,141,0.76,0.06212859682539682,53.10642984126984,-0.6399388190969485,0.0677217634920635,53.386088174603174,-0.6754409566162791,full displayed sample 2020-01-02 to 2023-12-29; descriptive only,all 50 ticker-days retained; no-news score = 0
2022-03-09,50,42,172,0.84,0.0676854119047619,53.38427059523809,-0.48646930778037517,0.07940177142857144,53.970088571428576,-0.37625158619655696,full displayed sample 2020-01-02 to 2023-12-29; descriptive only,all 50 ticker-days retained; no-news score = 0
2022-03-10,50,46,176,0.92,0.07170273589743589,53.585136794871794,-0.3755178470694554,0.08538134542124542,54.26906727106227,-0.2230817435071218,full displayed sample 2020-01-02 to 2023-12-29; descriptive only,all 50 ticker-days retained; no-news score = 0
2022-03-11,50,38,129,0.76,0.10165223412698414,55.082611706349205,0.45163489993009354,0.09431211984126983,54.71560599206349,0.005684605849189455,full displayed sample 2020-01-02 to 2023-12-29; descriptive only,all 50 ticker-days retained; no-news score = 0
2022-03-14,50,43,160,0.86,0.14869214206349204,57.434607103174606,1.7507948648172682,0.1623987992063492,58.11993996031746,1.7497596821627088,full displayed sample 2020-01-02 to 2023-12-29; descriptive only,all 50 ticker-days retained; no-news score = 0
2022-03-15,50,41,162,0.82,0.1122683575036075,55.613417875180374,0.7448336555872629,0.12622475115440115,56.31123755772006,0.8231429605793055,full displayed sample 2020-01-02 to 2023-12-29; descriptive only,all 50 ticker-days retained; no-news score = 0
2022-03-16,50,35,149,0.7,0.09498372965367965,54.74918648268399,0.2674624723589828,0.10577455108225108,55.28872755411255,0.2993006380566008,full displayed sample 2020-01-02 to 2023-12-29; descriptive only,all 50 ticker-days retained; no-news score = 0
2022-03-17,50,34,148,0.68,0.05031945245310245,52.51597262265513,-0.9660867275657605,0.057022132756132764,52.85110663780663,-0.9495174641844513,full displayed sample 2020-01-02 to 2023-12-29; descriptive only,all 50 ticker-days retained; no-news score = 0
2022-03-18,50,41,110,0.82,0.10127212747252747,55.06360637362637,0.441137019098272,0.10920348644688645,55.46017432234432,0.38713456920903966,full displayed sample 2020-01-02 to 2023-12-29; descriptive only,all 50 ticker-days retained; no-news score = 0
2022-03-21,50,48,218,0.96,0.10953571948051949,55.47678597402598,0.6693629739074396,0.12529321948051947,56.26466097402597,0.799281300848446,full displayed sample 2020-01-02 to 2023-12-29; descriptive only,all 50 ticker-days retained; no-news score = 0
2022-03-22,50,37,134,0.74,0.04398305238095238,52.19915261904762,-1.1410870125653976,0.056386623809523806,52.81933119047619,-0.9657963505230236,full displayed sample 2020-01-02 to 2023-12-29; descriptive only,all 50 ticker-days retained; no-news score = 0
2022-03-23,50,31,126,0.62,0.07766140303030303,53.883070151515156,-0.21094988504115395,0.08613855454545455,54.30692772727272,-0.20368544494468002,full displayed sample 2020-01-02 to 2023-12-29; descriptive only,all 50 ticker-days retained; no-news score = 0
2022-03-24,50,37,168,0.74,0.06235942281052281,53.117971140526144,-0.6335638091982027,0.07504956336996337,53.752478168498165,-0.48773561909010826,full displayed sample 2020-01-02 to 2023-12-29; descriptive only,all 50 ticker-days retained; no-news score = 0
2022-03-25,50,34,138,0.68,0.115958275,55.797913750000006,0.8467427216407141,0.11743337499999999,55.871668750000005,0.5979473690132402,full displayed sample 2020-01-02 to 2023-12-29; descriptive only,all 50 ticker-days retained; no-news score = 0
2022-03-28,50,39,186,0.78,0.1253713988095238,56.26856994047619,1.1067167338000463,0.12022782738095238,56.011391369047615,0.6695286943916032,full displayed sample 2020-01-02 to 2023-12-29; descriptive only,all 50 ticker-days retained; no-news score = 0
2022-03-29,50,43,147,0.86,0.06308365432900433,53.154182716450215,-0.613561801639204,0.07295348528138529,53.647674264069266,-0.541427730181237,full displayed sample 2020-01-02 to 2023-12-29; descriptive only,all 50 ticker-days retained; no-news score = 0
2022-03-30,50,36,102,0.72,0.16895321984126985,58.44766099206349,2.3103703880067,0.15949696984126985,57.974848492063494,1.6754278404787788,full displayed sample 2020-01-02 to 2023-12-29; descriptive only,all 50 ticker-days retained; no-news score = 0
2022-03-31,50,43,143,0.86,0.11860473015873016,55.930236507936506,0.9198331833765666,0.12062673015873017,56.031336507936516,0.6797467928373221,full displayed sample 2020-01-02 to 2023-12-29; descriptive only,all 50 ticker-days retained; no-news score = 0
2022-04-01,50,35,139,0.7,0.1055724507048507,55.27862253524254,0.5599044237251976,0.11529937378177378,55.76496868908869,0.5432838375818644,full displayed sample 2020-01-02 to 2023-12-29; descriptive only,all 50 ticker-days retained; no-news score = 0
2022-04-04,50,43,211,0.86,0.08065750668810034,54.03287533440502,-0.12820274344138538,0.09097508988137765,54.54875449406889,-0.0797951214077763,full displayed sample 2020-01-02 to 2023-12-29; descriptive only,all 50 ticker-days retained; no-news score = 0
2022-04-05,50,44,150,0.88,0.08626155842490842,54.31307792124542,0.02657136171724751,0.09232035842490842,54.616017921245415,-0.04533538038941838,full displayed sample 2020-01-02 to 2023-12-29; descriptive only,all 50 ticker-days retained; no-news score = 0
2022-04-06,50,37,119,0.74,0.10802462857142857,55.40123142857143,0.6276292865234071,0.11707942857142857,55.85397142857143,0.58888085041991,full displayed sample 2020-01-02 to 2023-12-29; descriptive only,all 50 ticker-days retained; no-news score = 0
2022-04-07,50,40,131,0.8,0.08352333492063492,54.176166746031754,-0.04905358118159441,0.08946616825396825,54.473308412698415,-0.11844691977738385,full displayed sample 2020-01-02 to 2023-12-29; descriptive only,all 50 ticker-days retained; no-news score = 0
2022-04-08,50,35,132,0.7,0.13056867955182072,56.52843397759104,1.2502565357015485,0.1375293962184874,56.87646981092437,1.11271721925516,full displayed sample 2020-01-02 to 2023-12-29; descriptive only,all 50 ticker-days retained; no-news score = 0
2022-04-11,50,40,216,0.8,0.11906442226923403,55.9532211134617,0.9325290752764233,0.12241963287529463,56.120981643764736,0.7256729118869558,full displayed sample 2020-01-02 to 2023-12-29; descriptive only,all 50 ticker-days retained; no-news score = 0
2022-04-12,50,42,137,0.84,0.14505863578643577,57.25293178932179,1.6504437779552517,0.1461059929292929,57.30529964646465,1.3324111256461986,full displayed sample 2020-01-02 to 2023-12-29; descriptive only,all 50 ticker-days retained; no-news score = 0
2022-04-13,50,38,148,0.76,0.10328878333333334,55.16443916666667,0.49683352600577635,0.10970351666666668,55.48517583333334,0.3999430987460163,full displayed sample 2020-01-02 to 2023-12-29; descriptive only,all 50 ticker-days retained; no-news score = 0
2022-04-14,50,40,187,0.8,0.09329190666666667,54.66459533333333,0.22073728115814584,0.11070553714285714,55.535276857142854,0.42561036515959755,full displayed sample 2020-01-02 to 2023-12-29; descriptive only,all 50 ticker-days retained; no-news score = 0
2022-04-18,50,41,149,0.82,0.10951582279942279,55.47579113997114,0.6688134623831006,0.12204079682539684,56.10203984126984,0.7159688329276481,full displayed sample 2020-01-02 to 2023-12-29; descriptive only,all 50 ticker-days retained; no-news score = 0
2022-04-19,50,46,156,0.92,0.08129346746031746,54.06467337301587,-0.1106386194720445,0.11888455317460318,55.94422765873016,0.6351200393390258,full displayed sample 2020-01-02 to 2023-12-29; descriptive only,all 50 ticker-days retained; no-news score = 0
2022-04-20,50,39,132,0.78,0.08044938333333333,54.02246916666667,-0.13395074640593763,0.11229521666666667,55.614760833333335,0.46633081830339024,full displayed sample 2020-01-02 to 2023-12-29; descriptive only,all 50 ticker-days retained; no-news score = 0
2022-04-21,50,48,190,0.96,0.09350775346700083,54.67538767335004,0.22669859217775118,0.10500831604010026,55.250415802005016,0.27967313599488797,full displayed sample 2020-01-02 to 2023-12-29; descriptive only,all 50 ticker-days retained; no-news score = 0
2022-04-22,50,44,148,0.88,0.06166663650793651,53.083331825396826,-0.652697354904907,0.09610269206349206,54.8051346031746,0.05155102809563535,full displayed sample 2020-01-02 to 2023-12-29; descriptive only,all 50 ticker-days retained; no-news score = 0
2022-04-25,50,47,277,0.94,0.14359150652236655,57.179575326118325,1.6099242342995586,0.155352958975469,57.76764794877345,1.569276885043544,full displayed sample 2020-01-02 to 2023-12-29; descriptive only,all 50 ticker-days retained; no-news score = 0
2022-04-26,50,45,212,0.9,0.10819848210678211,55.4099241053391,0.6324308170278944,0.12184093903318903,56.09204695165945,0.7108493734761498,full displayed sample 2020-01-02 to 2023-12-29; descriptive only,all 50 ticker-days retained; no-news score = 0
2022-04-27,50,42,207,0.84,0.0786514380952381,53.93257190476191,-0.18360684852981157,0.0974899966810967,54.87449983405484,0.08708754462694189,full displayed sample 2020-01-02 to 2023-12-29; descriptive only,all 50 ticker-days retained; no-news score = 0
2022-04-28,50,44,211,0.88,0.08255790032467532,54.127895016233765,-0.07571719577626303,0.1359995498917749,56.79997749458875,1.0735294240228153,full displayed sample 2020-01-02 to 2023-12-29; descriptive only,all 50 ticker-days retained; no-news score = 0
2022-04-29,50,40,194,0.8,0.08737707825877825,54.36885391293891,0.0573800680216345,0.10797660923520923,55.39883046176046,0.3557074826403162,full displayed sample 2020-01-02 to 2023-12-29; descriptive only,all 50 ticker-days retained; no-news score = 0
2022-05-02,50,42,166,0.84,0.107501058008658,55.3750529004329,0.6131691835218649,0.11221015324675325,55.61050766233766,0.46415187534479035,full displayed sample 2020-01-02 to 2023-12-29; descriptive only,all 50 ticker-days retained; no-news score = 0
2022-05-03,50,37,150,0.74,0.09771320793650794,54.8856603968254,0.3428458875405292,0.11247708571428572,55.62385428571428,0.47098948687209036,full displayed sample 2020-01-02 to 2023-12-29; descriptive only,all 50 ticker-days retained; no-news score = 0
2022-05-04,50,38,143,0.76,0.037889933288209374,51.894496664410475,-1.3093683025131992,0.06894180181823009,53.44709009091151,-0.6441890515937859,full displayed sample 2020-01-02 to 2023-12-29; descriptive only,all 50 ticker-days retained; no-news score = 0
2022-05-05,50,43,166,0.86,0.08251104523809523,54.125552261904765,-0.07701125129861515,0.12831253571428572,56.41562678571429,0.876622628695921,full displayed sample 2020-01-02 to 2023-12-29; descriptive only,all 50 ticker-days retained; no-news score = 0
2022-05-06,50,42,150,0.84,0.05737202619047619,52.86860130952381,-0.7713069788175775,0.06568952619047619,53.28447630952381,-0.7274977533334199,full displayed sample 2020-01-02 to 2023-12-29; descriptive only,all 50 ticker-days retained; no-news score = 0
2022-05-09,50,41,165,0.82,0.06795513108558109,53.397756554279056,-0.47902013585692227,0.07352645403485404,53.676322701742706,-0.5267508428407185,full displayed sample 2020-01-02 to 2023-12-29; descriptive only,all 50 ticker-days retained; no-news score = 0
2022-05-10,50,42,141,0.84,0.10832941489621489,55.416470744810745,0.6360469516162459,0.12759405012210012,56.379702506105,0.8582182531894845,full displayed sample 2020-01-02 to 2023-12-29; descriptive only,all 50 ticker-days retained; no-news score = 0
2022-05-11,50,39,140,0.78,0.0675144246031746,53.37572123015873,-0.4911916779224714,0.06952159126984128,53.476079563492064,-0.6293374485857651,full displayed sample 2020-01-02 to 2023-12-29; descriptive only,all 50 ticker-days retained; no-news score = 0
2022-05-12,50,42,164,0.84,0.0879168899159664,54.395844495798315,0.07228872163857672,0.08371582030812325,54.18579101540616,-0.2657450201694358,full displayed sample 2020-01-02 to 2023-12-29; descriptive only,all 50 ticker-days retained; no-news score = 0
2022-05-13,50,38,143,0.76,0.08240293275613275,54.12014663780664,-0.0799971289168243,0.07974510764790764,53.98725538239538,-0.36745685353337026,full displayed sample 2020-01-02 to 2023-12-29; descriptive only,all 50 ticker-days retained; no-news score = 0
2022-05-16,50,40,206,0.8,0.0623922800976801,53.119614004884006,-0.6326563484079484,0.06899372414529914,53.44968620726496,-0.6428590346596399,full displayed sample 2020-01-02 to 2023-12-29; descriptive only,all 50 ticker-days retained; no-news score = 0
2022-05-17,50,45,199,0.9,0.11420977615619674,55.71048880780983,0.7984522424249219,0.1107736535964036,55.538682679820184,0.42735520291677853,full displayed sample 2020-01-02 to 2023-12-29; descriptive only,all 50 ticker-days retained; no-news score = 0
2022-05-18,50,41,148,0.82,0.06596594846980976,53.298297423490496,-0.5339578797986785,0.06784959735318445,53.392479867659226,-0.6721664269554257,full displayed sample 2020-01-02 to 2023-12-29; descriptive only,all 50 ticker-days retained; no-news score = 0
2022-05-19,50,37,149,0.74,0.11651452792207792,55.82572639610389,0.8621054542313168,0.11601320714285715,55.80066035714286,0.561569043811868,full displayed sample 2020-01-02 to 2023-12-29; descriptive only,all 50 ticker-days retained; no-news score = 0
2022-05-20,50,42,153,0.84,0.13069988595583162,56.534994297791584,1.2538802270458822,0.13138491494133886,56.569245747066944,0.9553231922254599,full displayed sample 2020-01-02 to 2023-12-29; descriptive only,all 50 ticker-days retained; no-news score = 0
2022-05-23,50,45,186,0.9,0.10452774945515964,55.226387472757985,0.5310516028247366,0.11021038133921762,55.51051906696088,0.41292669628232537,full displayed sample 2020-01-02 to 2023-12-29; descriptive only,all 50 ticker-days retained; no-news score = 0
2022-05-24,50,39,118,0.78,0.1531622111111111,57.65811055555555,1.874250351906794,0.19714944722222225,59.85747236111111,2.639915284630125,full displayed sample 2020-01-02 to 2023-12-29; descriptive only,all 50 ticker-days retained; no-news score = 0
2022-05-25,50,40,147,0.8,0.09349229855699855,54.67461492784993,0.22627175460053914,0.09528451067821068,54.76422553391054,0.03059289391609141,full displayed sample 2020-01-02 to 2023-12-29; descriptive only,all 50 ticker-days retained; no-news score = 0
2022-05-26,50,43,162,0.86,0.13466415996240602,56.73320799812031,1.3633665399471713,0.14306416829573934,57.153208414786974,1.254493233638996,full displayed sample 2020-01-02 to 2023-12-29; descriptive only,all 50 ticker-days retained; no-news score = 0
2022-05-27,50,40,101,0.8,0.07561520317460318,53.78076015873015,-0.2674623454029226,0.10160670317460319,55.080335158730165,0.19253908461649696,full displayed sample 2020-01-02 to 2023-12-29; descriptive only,all 50 ticker-days retained; no-news score = 0
2022-05-31,50,43,160,0.86,0.18328135604395604,59.164067802197806,2.706088444068915,0.18910288382173385,59.455144191086696,2.4337984522682565,full displayed sample 2020-01-02 to 2023-12-29; descriptive only,all 50 ticker-days retained; no-news score = 0
2022-06-01,50,39,127,0.78,0.13069405396825398,56.5347026984127,1.253719157751554,0.12880360952380954,56.440180476190484,0.8892017352084952,full displayed sample 2020-01-02 to 2023-12-29; descriptive only,all 50 ticker-days retained; no-news score = 0
2022-06-02,50,42,120,0.84,0.08855411428571429,54.427705714285715,0.0898877439611612,0.11101808095238094,55.55090404761904,0.4336163345140984,full displayed sample 2020-01-02 to 2023-12-29; descriptive only,all 50 ticker-days retained; no-news score = 0
2022-06-03,50,38,111,0.76,0.08284343333333334,54.14217166666667,-0.06783127359284846,0.0831771,54.158854999999996,-0.2795446160854554,full displayed sample 2020-01-02 to 2023-12-29; descriptive only,all 50 ticker-days retained; no-news score = 0
2022-06-06,50,42,153,0.84,0.08271922637362637,54.13596131868131,-0.07126165253044013,0.0894321597069597,54.47160798534798,-0.1193180660834214,full displayed sample 2020-01-02 to 2023-12-29; descriptive only,all 50 ticker-days retained; no-news score = 0
2022-06-07,50,42,125,0.84,0.12032831666666667,56.01641583333333,0.9674356274577324,0.13889276666666667,56.94463833333333,1.1476406498090579,full displayed sample 2020-01-02 to 2023-12-29; descriptive only,all 50 ticker-days retained; no-news score = 0
2022-06-08,50,34,117,0.68,0.12222857341269842,56.11142867063492,1.0199173944455293,0.12761342420634922,56.38067121031746,0.8587145302554297,full displayed sample 2020-01-02 to 2023-12-29; descriptive only,all 50 ticker-days retained; no-news score = 0
2022-06-09,50,41,119,0.82,0.07638192142857143,53.819096071428575,-0.24628692853671152,0.07901312142857143,53.95065607142857,-0.38620705450152043,full displayed sample 2020-01-02 to 2023-12-29; descriptive only,all 50 ticker-days retained; no-news score = 0
2022-06-10,50,42,129,0.84,0.05093345606060606,52.546672803030305,-0.9491290220736142,0.05962317727272727,52.98115886363637,-0.8828903800605472,full displayed sample 2020-01-02 to 2023-12-29; descriptive only,all 50 ticker-days retained; no-news score = 0
2022-06-13,50,45,198,0.9,0.10156298434343433,55.07814921717171,0.4491699770433553,0.11877317525252526,55.93865876262626,0.6322670369638311,full displayed sample 2020-01-02 to 2023-12-29; descriptive only,all 50 ticker-days retained; no-news score = 0
2022-06-14,50,44,140,0.88,0.09667589523809524,54.83379476190476,0.31419712550073453,0.0936270619047619,54.681353095238094,-0.011863503179417988,full displayed sample 2020-01-02 to 2023-12-29; descriptive only,all 50 ticker-days retained; no-news score = 0
2022-06-15,50,45,139,0.9,0.08639729848484849,54.319864924242424,0.030320264707099396,0.09100369848484849,54.55018492424243,-0.07906229741420051,full displayed sample 2020-01-02 to 2023-12-29; descriptive only,all 50 ticker-days retained; no-news score = 0
2022-06-16,50,45,134,0.9,0.07800223362193362,53.90011168109668,-0.20153674035445654,0.08340456089466089,54.17022804473305,-0.27371808906264555,full displayed sample 2020-01-02 to 2023-12-29; descriptive only,all 50 ticker-days retained; no-news score = 0
2022-06-17,50,40,122,0.8,0.13833183333333335,56.91659166666667,1.4646612621694806,0.14619703333333334,57.30985166666667,1.3347431721067557,full displayed sample 2020-01-02 to 2023-12-29; descriptive only,all 50 ticker-days retained; no-news score = 0
2022-06-21,50,43,217,0.86,0.11291843606099781,55.645921803049895,0.7627876880852228,0.12082512265773442,56.041256132886716,0.6848287180548166,full displayed sample 2020-01-02 to 2023-12-29; descriptive only,all 50 ticker-days retained; no-news score = 0
2022-06-22,50,41,160,0.82,0.116270341991342,55.8135170995671,0.8553614660069134,0.12201350865800865,56.10067543290044,0.7152698325789189,full displayed sample 2020-01-02 to 2023-12-29; descriptive only,all 50 ticker-days retained; no-news score = 0
2022-06-23,50,45,181,0.9,0.09764860555555556,54.882430277777786,0.34106168279499693,0.09493535,54.746767500000004,0.0216489647632136,full displayed sample 2020-01-02 to 2023-12-29; descriptive only,all 50 ticker-days retained; no-news score = 0
2022-06-24,50,36,119,0.72,0.051359214285714286,52.56796071428571,-0.9373703247239379,0.06410423095238095,53.205211547619044,-0.7681059007587807,full displayed sample 2020-01-02 to 2023-12-29; descriptive only,all 50 ticker-days retained; no-news score = 0
2022-06-27,50,44,225,0.88,0.12432449999999999,56.216224999999994,1.077803220141449,0.1407676193277311,57.03838096638656,1.1956659585539522,full displayed sample 2020-01-02 to 2023-12-29; descriptive only,all 50 ticker-days retained; no-news score = 0
2022-06-28,50,43,166,0.86,0.12247186727111897,56.12359336355595,1.0266367451931866,0.11819018306059266,55.90950915302963,0.6173333941262494,full displayed sample 2020-01-02 to 2023-12-29; descriptive only,all 50 ticker-days retained; no-news score = 0
2022-06-29,50,39,156,0.78,0.11981118932178932,55.990559466089465,0.9531534748625389,0.12352212265512266,56.17610613275613,0.7539137508413467,full displayed sample 2020-01-02 to 2023-12-29; descriptive only,all 50 ticker-days retained; no-news score = 0
2022-06-30,50,41,143,0.82,0.10528317551892552,55.264158775946285,0.551915149152285,0.12119163583638586,56.05958179181929,0.6942171403715947,full displayed sample 2020-01-02 to 2023-12-29; descriptive only,all 50 ticker-days retained; no-news score = 0
2022-07-01,50,40,112,0.8,0.10841437857142858,55.42071892857143,0.6383934996889225,0.11740037857142857,55.87001892857143,0.5971021486380446,full displayed sample 2020-01-02 to 2023-12-29; descriptive only,all 50 ticker-days retained; no-news score = 0
2022-07-05,50,42,228,0.84,0.13345913322510822,56.67295666125541,1.3300858095548205,0.13029509567932068,56.51475478396604,0.92740691505793,full displayed sample 2020-01-02 to 2023-12-29; descriptive only,all 50 ticker-days retained; no-news score = 0
2022-07-06,50,44,126,0.88,0.09969384285714286,54.98469214285714,0.3975475590960838,0.11895604285714287,55.94780214285714,0.6369512840801959,full displayed sample 2020-01-02 to 2023-12-29; descriptive only,all 50 ticker-days retained; no-news score = 0
2022-07-07,50,41,142,0.82,0.0905858373015873,54.529291865079365,0.14600037933291307,0.09197917063492063,54.598958531746035,-0.05407507993724788,full displayed sample 2020-01-02 to 2023-12-29; descriptive only,all 50 ticker-days retained; no-news score = 0
2022-07-08,50,38,96,0.76,0.09653740000000001,54.82687000000001,0.31037212931018726,0.1040766,55.203829999999996,0.25580675362915,full displayed sample 2020-01-02 to 2023-12-29; descriptive only,all 50 ticker-days retained; no-news score = 0
2022-07-11,50,46,189,0.92,0.12825792967032967,56.412896483516484,1.1864376664352025,0.13255457435897436,56.62772871794872,0.9852846157681644,full displayed sample 2020-01-02 to 2023-12-29; descriptive only,all 50 ticker-days retained; no-news score = 0
2022-07-12,50,38,140,0.76,0.07938739696969697,53.96936984848485,-0.16328095191473038,0.08806073030303031,54.40303651515151,-0.15444793090604778,full displayed sample 2020-01-02 to 2023-12-29; descriptive only,all 50 ticker-days retained; no-news score = 0
2022-07-13,50,42,145,0.84,0.09179933943833944,54.58996697191697,0.17951518543120198,0.09639933943833943,54.81996697191697,0.05914980215466944,full displayed sample 2020-01-02 to 2023-12-29; descriptive only,all 50 ticker-days retained; no-news score = 0
2022-07-14,50,41,180,0.82,0.07821784047619049,53.910892023809524,-0.19558205622574054,0.09150139567099566,54.57506978354978,-0.06631352972564367,full displayed sample 2020-01-02 to 2023-12-29; descriptive only,all 50 ticker-days retained; no-news score = 0
2022-07-15,50,40,167,0.8,0.03520104264069264,51.76005213203463,-1.3836307582120575,0.04381470454545456,52.19073522727273,-1.2878324852612184,full displayed sample 2020-01-02 to 2023-12-29; descriptive only,all 50 ticker-days retained; no-news score = 0
2022-07-18,50,43,237,0.86,0.14047931890756302,57.02396594537815,1.5239710568862908,0.15232906974789917,57.616453487394956,1.491818417623522,full displayed sample 2020-01-02 to 2023-12-29; descriptive only,all 50 ticker-days retained; no-news score = 0
2022-07-19,50,44,131,0.88,0.1111387380952381,55.5569369047619,0.7136355437012043,0.1405493476190476,57.02746738095238,1.190074817224559,full displayed sample 2020-01-02 to 2023-12-29; descriptive only,all 50 ticker-days retained; no-news score = 0
2022-07-20,50,46,164,0.92,0.10066220108225109,55.033110054112555,0.4242919192131968,0.10934130670995672,55.467065335497836,0.3906649056577153,full displayed sample 2020-01-02 to 2023-12-29; descriptive only,all 50 ticker-days retained; no-news score = 0
2022-07-21,50,40,148,0.8,0.08197983571428571,54.09899178571429,-0.09168232904034031,0.09513240714285714,54.75662035714286,0.026696684150788342,full displayed sample 2020-01-02 to 2023-12-29; descriptive only,all 50 ticker-days retained; no-news score = 0
2022-07-22,50,44,144,0.88,0.12443407705627706,56.22170385281385,1.0808295467400788,0.16333868095238097,58.166934047619044,1.7738352332576088,full displayed sample 2020-01-02 to 2023-12-29; descriptive only,all 50 ticker-days retained; no-news score = 0
2022-07-25,50,46,223,0.92,0.11817508469079939,55.90875423453997,0.9079671271805325,0.12561945367475663,56.28097268373783,0.8076379564015742,full displayed sample 2020-01-02 to 2023-12-29; descriptive only,all 50 ticker-days retained; no-news score = 0
2022-07-26,50,40,203,0.8,0.0633294159489303,53.16647079744652,-0.6067742956359059,0.0889227461042098,54.446137305210485,-0.13236695576898355,full displayed sample 2020-01-02 to 2023-12-29; descriptive only,all 50 ticker-days retained; no-news score = 0
2022-07-27,50,43,182,0.86,0.11273760883626177,55.636880441813084,0.7577935564798673,0.14617478856633562,57.30873942831678,1.3341733610356195,full displayed sample 2020-01-02 to 2023-12-29; descriptive only,all 50 ticker-days retained; no-news score = 0
2022-07-28,50,42,208,0.84,0.07268359148629149,53.63417957431458,-0.34842833162871534,0.13489267763347762,56.74463388167388,1.0451763256434976,full displayed sample 2020-01-02 to 2023-12-29; descriptive only,all 50 ticker-days retained; no-news score = 0
2022-07-29,50,41,171,0.82,0.13551564824882723,56.775782412441366,1.3868831568117692,0.18216891407043248,59.108445703521625,2.2561812746363117,full displayed sample 2020-01-02 to 2023-12-29; descriptive only,all 50 ticker-days retained; no-news score = 0
2022-08-01,50,41,180,0.82,0.11958059761904762,55.97902988095238,0.94678493543339,0.14352987539682538,57.176493769841265,1.2664225589554978,full displayed sample 2020-01-02 to 2023-12-29; descriptive only,all 50 ticker-days retained; no-news score = 0
2022-08-02,50,38,184,0.76,0.06588563052503053,53.29428152625153,-0.5361761209240656,0.07546060238095238,53.77303011904762,-0.4772066448304797,full displayed sample 2020-01-02 to 2023-12-29; descriptive only,all 50 ticker-days retained; no-news score = 0
2022-08-03,50,41,169,0.82,0.11324366587726001,55.662183293863,0.771769966648475,0.1365675420677362,56.828377103386806,1.0880788337880276,full displayed sample 2020-01-02 to 2023-12-29; descriptive only,all 50 ticker-days retained; no-news score = 0
2022-08-04,50,40,143,0.8,0.07121157301587301,53.56057865079366,-0.389082906610524,0.10236898571428572,55.11844928571429,0.21206534130821564,full displayed sample 2020-01-02 to 2023-12-29; descriptive only,all 50 ticker-days retained; no-news score = 0
2022-08-05,50,35,95,0.7,0.11448286666666667,55.72414333333333,0.805994524575474,0.12702166666666667,56.35108333333333,0.8435563585571595,full displayed sample 2020-01-02 to 2023-12-29; descriptive only,all 50 ticker-days retained; no-news score = 0
2022-08-08,50,38,183,0.76,0.0650654962962963,53.25327481481481,-0.5588267935666075,0.09784345925925926,54.89217296296296,0.0961416691448577,full displayed sample 2020-01-02 to 2023-12-29; descriptive only,all 50 ticker-days retained; no-news score = 0
2022-08-09,50,36,131,0.72,0.0700942612942613,53.50471306471306,-0.4199411017195865,0.08670306813186812,54.335153406593406,-0.18922514102788726,full displayed sample 2020-01-02 to 2023-12-29; descriptive only,all 50 ticker-days retained; no-news score = 0
2022-08-10,50,39,129,0.78,0.126143177994228,56.307158899711396,1.1280319247195163,0.14755380526695525,57.37769026334776,1.369497578339193,full displayed sample 2020-01-02 to 2023-12-29; descriptive only,all 50 ticker-days retained; no-news score = 0
2022-08-11,50,38,143,0.76,0.06255241914381914,53.127620957190956,-0.628233588103233,0.07001067099567099,53.50053354978355,-0.6168094215457606,full displayed sample 2020-01-02 to 2023-12-29; descriptive only,all 50 ticker-days retained; no-news score = 0
2022-08-12,50,32,99,0.64,0.11740591904761905,55.87029595238096,0.8867241177057826,0.12040294761904763,56.02014738095238,0.6740144887564943,full displayed sample 2020-01-02 to 2023-12-29; descriptive only,all 50 ticker-days retained; no-news score = 0
2022-08-15,50,42,193,0.84,0.1013653544011544,55.06826772005772,0.44371178377436354,0.1037854608946609,55.18927304473304,0.24834907670765544,full displayed sample 2020-01-02 to 2023-12-29; descriptive only,all 50 ticker-days retained; no-news score = 0
2022-08-16,50,39,139,0.78,0.0783951261904762,53.91975630952381,-0.19068573494345184,0.08251798333333334,54.12589916666667,-0.2964282262341061,full displayed sample 2020-01-02 to 2023-12-29; descriptive only,all 50 ticker-days retained; no-news score = 0
2022-08-17,50,36,114,0.72,0.08965272463768116,54.482636231884065,0.12022943995708929,0.09494555072463769,54.747277536231884,0.0219102615361922,full displayed sample 2020-01-02 to 2023-12-29; descriptive only,all 50 ticker-days retained; no-news score = 0
2022-08-18,50,42,112,0.84,0.061990300000000005,53.099515,-0.6437583354758717,0.07861626666666666,53.93081333333334,-0.39637269197435404,full displayed sample 2020-01-02 to 2023-12-29; descriptive only,all 50 ticker-days retained; no-news score = 0
2022-08-19,50,36,103,0.72,0.051194500000000004,52.559725,-0.941919445141729,0.06301283333333334,53.150641666666665,-0.7960626083479765,full displayed sample 2020-01-02 to 2023-12-29; descriptive only,all 50 ticker-days retained; no-news score = 0
2022-08-22,50,46,163,0.92,0.17834943968253966,58.917471984126976,2.569877542134912,0.19167818571428571,59.583909285714284,2.4997661259258206,full displayed sample 2020-01-02 to 2023-12-29; descriptive only,all 50 ticker-days retained; no-news score = 0
2022-08-23,50,40,102,0.8,0.09312839682539684,54.656419841269845,0.21622142538883712,0.11806953968253968,55.90347698412699,0.6142430523626828,full displayed sample 2020-01-02 to 2023-12-29; descriptive only,all 50 ticker-days retained; no-news score = 0
2022-08-24,50,42,129,0.84,0.08262542492997199,54.1312712464986,-0.07385228430652432,0.082098224929972,54.1049112464986,-0.30718055218394735,full displayed sample 2020-01-02 to 2023-12-29; descriptive only,all 50 ticker-days retained; no-news score = 0
2022-08-25,50,39,125,0.78,0.0934356119047619,54.6717805952381,0.22470616843424124,0.09898183095238096,54.94909154761905,0.1253016416397516,full displayed sample 2020-01-02 to 2023-12-29; descriptive only,all 50 ticker-days retained; no-news score = 0
2022-08-26,50,36,109,0.72,0.06958995476190476,53.47949773809524,-0.43386916590187663,0.07689599761904761,53.84479988095238,-0.4404382624865909,full displayed sample 2020-01-02 to 2023-12-29; descriptive only,all 50 ticker-days retained; no-news score = 0
2022-08-29,50,42,152,0.84,0.12549643650793652,56.27482182539683,1.1101700562873837,0.12963166984126984,56.48158349206349,0.910412923282788,full displayed sample 2020-01-02 to 2023-12-29; descriptive only,all 50 ticker-days retained; no-news score = 0
2022-08-30,50,38,107,0.76,0.05742086428571429,52.87104321428572,-0.7699581560651961,0.07776711428571428,53.888355714285716,-0.41812416403058844,full displayed sample 2020-01-02 to 2023-12-29; descriptive only,all 50 ticker-days retained; no-news score = 0
2022-08-31,50,42,124,0.84,0.08109963787878788,54.05498189393939,-0.11599185342551979,0.09357563787878789,54.6787818939394,-0.013180755876440652,full displayed sample 2020-01-02 to 2023-12-29; descriptive only,all 50 ticker-days retained; no-news score = 0
2022-09-01,50,41,173,0.82,0.1221973600840336,56.10986800420168,1.0190553369128714,0.12381833823529412,56.19091691176471,0.7615014642591603,full displayed sample 2020-01-02 to 2023-12-29; descriptive only,all 50 ticker-days retained; no-news score = 0
2022-09-02,50,35,117,0.7,0.10093978571428572,55.04698928571429,0.4319583211392823,0.10357978571428571,55.17898928571429,0.24308060188624075,full displayed sample 2020-01-02 to 2023-12-29; descriptive only,all 50 ticker-days retained; no-news score = 0
2022-09-06,50,42,181,0.84,0.15154746111111111,57.57737305555556,1.8296537817746181,0.15212599444444444,57.60629972222222,1.4866165399776596,full displayed sample 2020-01-02 to 2023-12-29; descriptive only,all 50 ticker-days retained; no-news score = 0
2022-09-07,50,42,137,0.84,0.09184188452380954,54.59209422619048,0.18069020626287655,0.09568540833333333,54.78427041666667,0.04086209216414916,full displayed sample 2020-01-02 to 2023-12-29; descriptive only,all 50 ticker-days retained; no-news score = 0
2022-09-08,50,45,133,0.9,0.15173280952380952,57.586640476190475,1.8347727806820602,0.17698469523809524,58.849234761904754,2.1233848607129167,full displayed sample 2020-01-02 to 2023-12-29; descriptive only,all 50 ticker-days retained; no-news score = 0
2022-09-09,50,41,103,0.82,0.13397301666666667,56.69865083333333,1.3442783712152788,0.13605461666666666,56.802730833333335,1.074939987594387,full displayed sample 2020-01-02 to 2023-12-29; descriptive only,all 50 ticker-days retained; no-news score = 0
2022-09-12,50,40,176,0.8,0.10535889285714285,55.267944642857145,0.5540063295728026,0.1110758761904762,55.55379380952381,0.43509678906455534,full displayed sample 2020-01-02 to 2023-12-29; descriptive only,all 50 ticker-days retained; no-news score = 0
2022-09-13,50,40,122,0.8,0.10212494761904761,55.106247380952375,0.46469041960882673,0.09723844761904761,54.86192238095238,0.08064398689023022,full displayed sample 2020-01-02 to 2023-12-29; descriptive only,all 50 ticker-days retained; no-news score = 0
2022-09-14,50,40,159,0.8,0.09511614285714286,54.75580714285714,0.27111949339299596,0.09372296428571429,54.686148214285716,-0.009406914696356019,full displayed sample 2020-01-02 to 2023-12-29; descriptive only,all 50 ticker-days retained; no-news score = 0
2022-09-15,50,44,157,0.88,0.11735618233264321,55.86780911663216,0.8853504766483038,0.11823914126984127,55.91195706349207,0.6185874836681053,full displayed sample 2020-01-02 to 2023-12-29; descriptive only,all 50 ticker-days retained; no-news score = 0
2022-09-16,50,40,120,0.8,0.1683844145658263,58.41922072829131,2.294660981375414,0.17052334901960783,58.526167450980395,1.957874176329677,full displayed sample 2020-01-02 to 2023-12-29; descriptive only,all 50 ticker-days retained; no-news score = 0
2022-09-19,50,42,172,0.84,0.09957927792207792,54.97896389610389,0.3943834760112027,0.0877318556998557,54.386592784992786,-0.16287222188305092,full displayed sample 2020-01-02 to 2023-12-29; descriptive only,all 50 ticker-days retained; no-news score = 0
2022-09-20,50,36,105,0.72,0.06971090952380952,53.485545476190474,-0.4305286069781382,0.06971090952380952,53.485545476190474,-0.624487964790752,full displayed sample 2020-01-02 to 2023-12-29; descriptive only,all 50 ticker-days retained; no-news score = 0
2022-09-21,50,41,106,0.82,0.0760329735042735,53.80164867521368,-0.25592425975109756,0.08566130683760682,54.283065341880345,-0.2159103887992907,full displayed sample 2020-01-02 to 2023-12-29; descriptive only,all 50 ticker-days retained; no-news score = 0
2022-09-22,50,46,135,0.92,0.08311223333333334,54.15561166666667,-0.060407487835592646,0.09671094761904761,54.83554738095238,0.06713180489906036,full displayed sample 2020-01-02 to 2023-12-29; descriptive only,all 50 ticker-days retained; no-news score = 0
2022-09-23,50,40,118,0.8,0.0598583119047619,52.9929155952381,-0.7026401169344566,0.07220847380952382,53.610423690476196,-0.5605115796472114,full displayed sample 2020-01-02 to 2023-12-29; descriptive only,all 50 ticker-days retained; no-news score = 0
2022-09-26,50,46,154,0.92,0.14127594999999998,57.0637975,1.5459726140210404,0.14474030714285713,57.23701535714285,1.2974283865199916,full displayed sample 2020-01-02 to 2023-12-29; descriptive only,all 50 ticker-days retained; no-news score = 0
2022-09-27,50,36,113,0.72,0.08377045555555557,54.188522777777784,-0.04222854156162448,0.08786287619047618,54.393143809523814,-0.1595160650795697,full displayed sample 2020-01-02 to 2023-12-29; descriptive only,all 50 ticker-days retained; no-news score = 0
2022-09-28,50,44,150,0.88,0.05040679018759019,52.52033950937951,-0.9636746121291494,0.06437418066378067,53.218709033189036,-0.7611910009883601,full displayed sample 2020-01-02 to 2023-12-29; descriptive only,all 50 ticker-days retained; no-news score = 0
2022-09-29,50,34,138,0.68,0.07969716746031746,53.984858373015875,-0.1547256328809263,0.09136858564213565,54.56842928210678,-0.06971552646537629,full displayed sample 2020-01-02 to 2023-12-29; descriptive only,all 50 ticker-days retained; no-news score = 0
2022-09-30,50,31,94,0.62,0.07264273593073592,53.6321367965368,-0.34955669059983957,0.08399297835497835,54.199648917748924,-0.25864547520370434,full displayed sample 2020-01-02 to 2023-12-29; descriptive only,all 50 ticker-days retained; no-news score = 0
2022-10-03,50,40,155,0.8,0.140247821978022,57.012391098901105,1.5175775166765617,0.14522758864468865,57.261379432234435,1.3099103511335994,full displayed sample 2020-01-02 to 2023-12-29; descriptive only,all 50 ticker-days retained; no-news score = 0
2022-10-04,50,43,112,0.86,0.1117185303030303,55.58592651515152,0.7296483901832568,0.12867919696969696,56.43395984848485,0.8860148440745512,full displayed sample 2020-01-02 to 2023-12-29; descriptive only,all 50 ticker-days retained; no-news score = 0
2022-10-05,50,40,123,0.8,0.14378616111111112,57.18930805555556,1.615300253509032,0.14871482777777778,57.43574138888889,1.3992377631014281,full displayed sample 2020-01-02 to 2023-12-29; descriptive only,all 50 ticker-days retained; no-news score = 0
2022-10-06,50,39,131,0.78,0.03514474603174603,51.7572373015873,-1.3851855720650326,0.04539946507936508,52.269973253968246,-1.247238034556721,full displayed sample 2020-01-02 to 2023-12-29; descriptive only,all 50 ticker-days retained; no-news score = 0
2022-10-07,50,42,163,0.84,0.09169067318295739,54.58453365914787,0.1765140135599236,0.10612493634085213,55.306246817042606,0.3082759354617961,full displayed sample 2020-01-02 to 2023-12-29; descriptive only,all 50 ticker-days retained; no-news score = 0
2022-10-10,50,45,170,0.9,0.12716562857142857,56.35828142857143,1.1562702209714493,0.1504755761904762,57.523778809523805,1.4443402332304223,full displayed sample 2020-01-02 to 2023-12-29; descriptive only,all 50 ticker-days retained; no-news score = 0
2022-10-11,50,35,112,0.7,0.055380385714285725,52.76901928571429,-0.8263126045642923,0.061889814285714294,53.09449071428571,-0.8248293149849031,full displayed sample 2020-01-02 to 2023-12-29; descriptive only,all 50 ticker-days retained; no-news score = 0
2022-10-12,50,36,128,0.72,0.09222438345543345,54.611219172771676,0.19125415760497164,0.09692431996336996,54.8462159981685,0.07259744650733747,full displayed sample 2020-01-02 to 2023-12-29; descriptive only,all 50 ticker-days retained; no-news score = 0
2022-10-13,50,39,114,0.78,0.00432828888888889,50.216414444444446,-2.2362822075792708,0.010238788888888888,50.511939444444444,-2.147896718193322,full displayed sample 2020-01-02 to 2023-12-29; descriptive only,all 50 ticker-days retained; no-news score = 0
2022-10-14,50,38,163,0.76,0.07319895912043978,53.659947956021995,-0.33419477916539425,0.1014221087956022,55.07110543978011,0.18781060529212118,full displayed sample 2020-01-02 to 2023-12-29; descriptive only,all 50 ticker-days retained; no-news score = 0
2022-10-17,50,44,153,0.88,0.050402697619047615,52.520134880952384,-0.9637876417126947,0.049385364285714294,52.46926821428571,-1.1451371900550147,full displayed sample 2020-01-02 to 2023-12-29; descriptive only,all 50 ticker-days retained; no-news score = 0
2022-10-18,50,42,164,0.84,0.08883083333333333,54.44154166666667,0.09753023995995451,0.0858998448275862,54.29499224137931,-0.20980011632078993,full displayed sample 2020-01-02 to 2023-12-29; descriptive only,all 50 ticker-days retained; no-news score = 0
2022-10-19,50,42,140,0.84,0.03908134761904762,51.95406738095238,-1.2764635229735137,0.07891218571428571,53.94560928571428,-0.3887925743893639,full displayed sample 2020-01-02 to 2023-12-29; descriptive only,all 50 ticker-days retained; no-news score = 0
2022-10-20,50,45,143,0.9,0.10602933333333332,55.30146666666666,0.5725227226465773,0.11817599999999999,55.9088,0.6169700877832732,full displayed sample 2020-01-02 to 2023-12-29; descriptive only,all 50 ticker-days retained; no-news score = 0
2022-10-21,50,40,138,0.8,0.09455855555555555,54.72792777777777,0.25571990757472746,0.11248213333333335,55.62410666666666,0.4711187842127418,full displayed sample 2020-01-02 to 2023-12-29; descriptive only,all 50 ticker-days retained; no-news score = 0
2022-10-24,50,46,169,0.92,0.10097119523809522,55.048559761904755,0.4328257972386097,0.10813400079365078,55.40670003968254,0.3597391478185837,full displayed sample 2020-01-02 to 2023-12-29; descriptive only,all 50 ticker-days retained; no-news score = 0
2022-10-25,50,43,169,0.86,0.07318655671550672,53.659327835775336,-0.3345373118926923,0.09634708614163615,54.817354307081814,0.05781130726425534,full displayed sample 2020-01-02 to 2023-12-29; descriptive only,all 50 ticker-days retained; no-news score = 0
2022-10-26,50,36,114,0.72,0.07262896212121212,53.63144810606061,-0.34993709912277843,0.1117109681818182,55.58554840909091,0.4513649948809488,full displayed sample 2020-01-02 to 2023-12-29; descriptive only,all 50 ticker-days retained; no-news score = 0
2022-10-27,50,44,197,0.88,0.11264259761904763,55.632129880952384,0.7551695128744585,0.12211259761904762,56.10562988095238,0.7178080469388705,full displayed sample 2020-01-02 to 2023-12-29; descriptive only,all 50 ticker-days retained; no-news score = 0
2022-10-28,50,39,164,0.78,0.0678954769119769,53.39477384559884,-0.48066767977196534,0.09624726176046176,54.81236308802308,0.05525425474182091,full displayed sample 2020-01-02 to 2023-12-29; descriptive only,all 50 ticker-days retained; no-news score = 0
2022-10-31,50,41,153,0.82,0.1461596392857143,57.307981964285716,1.6808515684933198,0.1864401392857143,59.32200696428571,2.3655908906252434,full displayed sample 2020-01-02 to 2023-12-29; descriptive only,all 50 ticker-days retained; no-news score = 0
2022-11-01,50,38,120,0.76,0.07800510844155845,53.900255422077926,-0.20145734286567132,0.14063202207792208,57.0316011038961,1.1921925657256647,full displayed sample 2020-01-02 to 2023-12-29; descriptive only,all 50 ticker-days retained; no-news score = 0
2022-11-02,50,39,134,0.78,0.09620309523809524,54.81015476190476,0.3011392166241329,0.11130458412698413,55.56522920634921,0.4409552597013708,full displayed sample 2020-01-02 to 2023-12-29; descriptive only,all 50 ticker-days retained; no-news score = 0
2022-11-03,50,41,139,0.82,0.04508118571428572,52.254059285714284,-1.1107584909896244,0.08456688571428572,54.22834428571428,-0.2439445449951111,full displayed sample 2020-01-02 to 2023-12-29; descriptive only,all 50 ticker-days retained; no-news score = 0
2022-11-04,50,36,105,0.72,0.051874,52.5937,-0.9231528438692017,0.08649014705882353,54.324507352941175,-0.19467922309183733,full displayed sample 2020-01-02 to 2023-12-29; descriptive only,all 50 ticker-days retained; no-news score = 0
2022-11-07,50,47,176,0.94,0.02799337467532468,51.399668733766234,-1.5826939382132768,0.03956087467532468,51.978043733766235,-1.3967965105970845,full displayed sample 2020-01-02 to 2023-12-29; descriptive only,all 50 ticker-days retained; no-news score = 0
2022-11-08,50,39,141,0.78,0.06298224999999999,53.149112499999994,-0.6163624118080525,0.06742154523809524,53.371077261904766,-0.683131200568299,full displayed sample 2020-01-02 to 2023-12-29; descriptive only,all 50 ticker-days retained; no-news score = 0
2022-11-09,50,34,104,0.68,0.0423752,52.118759999999995,-1.1854930825262762,0.050493199999999995,52.52466,-1.1167594122583397,full displayed sample 2020-01-02 to 2023-12-29; descriptive only,all 50 ticker-days retained; no-news score = 0
2022-11-10,50,41,109,0.82,0.0644916065934066,53.22458032967033,-0.574676623189183,0.08132532087912088,54.06626604395605,-0.32697888431060657,full displayed sample 2020-01-02 to 2023-12-29; descriptive only,all 50 ticker-days retained; no-news score = 0
2022-11-11,50,40,88,0.8,0.13307005238095237,56.65350261904762,1.3193400773030899,0.15204071904761904,57.602035952380945,1.4844321671221639,full displayed sample 2020-01-02 to 2023-12-29; descriptive only,all 50 ticker-days retained; no-news score = 0
2022-11-14,50,45,188,0.9,0.12556600829889064,56.278300414944525,1.1120915074436042,0.1480738847557671,57.40369423778835,1.3828196801452601,full displayed sample 2020-01-02 to 2023-12-29; descriptive only,all 50 ticker-days retained; no-news score = 0
2022-11-15,50,35,126,0.7,0.11402555238095237,55.701277619047616,0.7933643040365029,0.11210688571428572,55.60534428571429,0.4615066247429319,full displayed sample 2020-01-02 to 2023-12-29; descriptive only,all 50 ticker-days retained; no-news score = 0
2022-11-16,50,38,135,0.76,0.09637132777777778,54.81856638888889,0.3057855050616411,0.10605359444444445,55.30267972222222,0.3064484763378991,full displayed sample 2020-01-02 to 2023-12-29; descriptive only,all 50 ticker-days retained; no-news score = 0
2022-11-17,50,32,107,0.64,0.08935921666666667,54.46796083333333,0.11212326326490767,0.09768308333333334,54.88415416666667,0.09203355786881323,full displayed sample 2020-01-02 to 2023-12-29; descriptive only,all 50 ticker-days retained; no-news score = 0
2022-11-18,50,32,80,0.64,0.04946276666666668,52.47313833333334,-0.9897468902881764,0.06610448095238096,53.30522404761905,-0.7168684751135909,full displayed sample 2020-01-02 to 2023-12-29; descriptive only,all 50 ticker-days retained; no-news score = 0
2022-11-21,50,41,166,0.82,0.13598558756613757,56.79927937830688,1.3998620586370039,0.15089358756613758,57.544679378306874,1.4550478081732012,full displayed sample 2020-01-02 to 2023-12-29; descriptive only,all 50 ticker-days retained; no-news score = 0
2022-11-22,50,34,106,0.68,0.027555590476190474,51.37777952380952,-1.5947847719271315,0.03547725714285714,51.77386285714286,-1.501400459945015,full displayed sample 2020-01-02 to 2023-12-29; descriptive only,all 50 ticker-days retained; no-news score = 0
2022-11-23,50,32,103,0.64,0.11740256984126983,55.870128492063486,0.886631618485569,0.11629390317460317,55.81469515873015,0.5687592160680792,full displayed sample 2020-01-02 to 2023-12-29; descriptive only,all 50 ticker-days retained; no-news score = 0
2022-11-25,50,38,108,0.76,0.13108242023809524,56.554121011904755,1.264445154710803,0.14102184880952381,57.05109244047619,1.2021781766117796,full displayed sample 2020-01-02 to 2023-12-29; descriptive only,all 50 ticker-days retained; no-news score = 0
2022-11-28,50,34,149,0.68,0.09136067701465202,54.5680338507326,0.1674000966915665,0.09730431868131868,54.86521593406594,0.082331307802758,full displayed sample 2020-01-02 to 2023-12-29; descriptive only,all 50 ticker-days retained; no-news score = 0
2022-11-29,50,35,112,0.7,0.09183233030303031,54.59161651515152,0.18042633539925126,0.0953292191919192,54.76646095959596,0.03173812533558735,full displayed sample 2020-01-02 to 2023-12-29; descriptive only,all 50 ticker-days retained; no-news score = 0
2022-11-30,50,39,113,0.78,0.1104593380952381,55.52296690476191,0.6948717042537356,0.12766305238095238,56.383152619047614,0.8599857813021168,full displayed sample 2020-01-02 to 2023-12-29; descriptive only,all 50 ticker-days retained; no-news score = 0
2022-12-01,50,46,118,0.92,0.1440772,57.20385999999999,1.6233382384723531,0.1566054976190476,57.83027488095238,1.6013613023004294,full displayed sample 2020-01-02 to 2023-12-29; descriptive only,all 50 ticker-days retained; no-news score = 0
2022-12-02,50,37,110,0.74,0.09952961471861471,54.976480735930735,0.3930118652131005,0.10860511471861471,55.430255735930736,0.3718069716909761,full displayed sample 2020-01-02 to 2023-12-29; descriptive only,all 50 ticker-days retained; no-news score = 0
2022-12-05,50,38,143,0.76,0.09341613015873015,54.67080650793651,0.2241681166905024,0.10037167777777778,55.0185838888889,0.16090327812242747,full displayed sample 2020-01-02 to 2023-12-29; descriptive only,all 50 ticker-days retained; no-news score = 0
2022-12-06,50,36,106,0.72,0.047027787878787884,52.3513893939394,-1.0569967446210435,0.04836378787878788,52.41818939393939,-1.1713053916252043,full displayed sample 2020-01-02 to 2023-12-29; descriptive only,all 50 ticker-days retained; no-news score = 0
2022-12-07,50,36,119,0.72,0.09578146190476192,54.789073095238095,0.289494441569132,0.09650490158730159,54.82524507936508,0.06185383053031982,full displayed sample 2020-01-02 to 2023-12-29; descriptive only,all 50 ticker-days retained; no-news score = 0
2022-12-08,50,36,124,0.72,0.07517821025641026,53.75891051282051,-0.2795313253214578,0.07595102435897436,53.797551217948715,-0.4646442353148353,full displayed sample 2020-01-02 to 2023-12-29; descriptive only,all 50 ticker-days retained; no-news score = 0
2022-12-09,50,41,117,0.82,0.09320409523809524,54.660204761904765,0.21831208311963055,0.09863299999999998,54.93165,0.11636615858245336,full displayed sample 2020-01-02 to 2023-12-29; descriptive only,all 50 ticker-days retained; no-news score = 0
2022-12-12,50,40,141,0.8,0.0815100565998329,54.07550282999165,-0.10465680634291114,0.10578146762740183,55.28907338137009,0.29947780889418774,full displayed sample 2020-01-02 to 2023-12-29; descriptive only,all 50 ticker-days retained; no-news score = 0
2022-12-13,50,38,132,0.76,0.08725934523809524,54.36296726190476,0.05412848795427883,0.09274396428571428,54.63719821428571,-0.03448449985153211,full displayed sample 2020-01-02 to 2023-12-29; descriptive only,all 50 ticker-days retained; no-news score = 0
2022-12-14,50,36,91,0.72,0.05103295,52.5516475,-0.9463811735237405,0.06284695,53.1423475,-0.8003117946784067,full displayed sample 2020-01-02 to 2023-12-29; descriptive only,all 50 ticker-days retained; no-news score = 0
2022-12-15,50,39,140,0.78,0.10176587142857142,55.08829357142857,0.45477336340113766,0.10761918095238095,55.38095904761905,0.3465517745713739,full displayed sample 2020-01-02 to 2023-12-29; descriptive only,all 50 ticker-days retained; no-news score = 0
2022-12-16,50,35,108,0.7,0.05025251666666668,52.51262583333334,-0.9679353768886497,0.054607350000000006,52.7303675,-1.0113733581560238,full displayed sample 2020-01-02 to 2023-12-29; descriptive only,all 50 ticker-days retained; no-news score = 0
2022-12-19,50,43,160,0.86,0.09915389548229549,54.95769477411477,0.3826351571948204,0.10412512881562881,55.206256440781445,0.25704984403406445,full displayed sample 2020-01-02 to 2023-12-29; descriptive only,all 50 ticker-days retained; no-news score = 0
2022-12-20,50,40,126,0.8,0.17537099386724386,58.768549693362196,2.4876180792541414,0.17798362373737373,58.89918118686869,2.148972924558257,full displayed sample 2020-01-02 to 2023-12-29; descriptive only,all 50 ticker-days retained; no-news score = 0
2022-12-21,50,38,138,0.76,0.09120746796536797,54.5603733982684,0.1631687307765455,0.09298414978354978,54.649207489177485,-0.028332025617611743,full displayed sample 2020-01-02 to 2023-12-29; descriptive only,all 50 ticker-days retained; no-news score = 0
2022-12-22,50,34,119,0.68,0.07679711666666666,53.83985583333333,-0.2348199624092866,0.07135865317460317,53.56793265873016,-0.5822801693702432,full displayed sample 2020-01-02 to 2023-12-29; descriptive only,all 50 ticker-days retained; no-news score = 0
2022-12-23,50,27,71,0.54,0.06324135,53.1620675,-0.6092065230814712,0.06621615,53.3108075,-0.714008015408929,full displayed sample 2020-01-02 to 2023-12-29; descriptive only,all 50 ticker-days retained; no-news score = 0
2022-12-27,50,42,184,0.84,0.1446972287934288,57.234861439671434,1.6404623490592036,0.15071492842712841,57.535746421356414,1.4504713630534334,full displayed sample 2020-01-02 to 2023-12-29; descriptive only,all 50 ticker-days retained; no-news score = 0
2022-12-28,50,33,89,0.66,0.08497316666666667,54.24865833333333,-0.009011764713559295,0.08943966666666667,54.47198333333333,-0.11912577147534373,full displayed sample 2020-01-02 to 2023-12-29; descriptive only,all 50 ticker-days retained; no-news score = 0
2022-12-29,50,38,101,0.76,0.06991110793650794,53.4955553968254,-0.4249994770495083,0.07581233015873017,53.790616507936505,-0.4681969581107012,full displayed sample 2020-01-02 to 2023-12-29; descriptive only,all 50 ticker-days retained; no-news score = 0
2022-12-30,50,34,94,0.68,0.058053485714285716,52.90267428571429,-0.7524862589254513,0.06556474285714285,53.278237142857144,-0.7306941421665286,full displayed sample 2020-01-02 to 2023-12-29; descriptive only,all 50 ticker-days retained; no-news score = 0
2023-01-03,50,44,195,0.88,0.12045891308626015,56.022945654313006,0.9710424720995728,0.1461987159807513,57.30993579903756,1.3347862739800038,full displayed sample 2020-01-02 to 2023-12-29; descriptive only,all 50 ticker-days retained; no-news score = 0
2023-01-04,50,37,137,0.74,0.09896807380952381,54.94840369047619,0.37750308767208296,0.1199718261904762,55.9985913095238,0.6629710931107117,full displayed sample 2020-01-02 to 2023-12-29; descriptive only,all 50 ticker-days retained; no-news score = 0
2023-01-05,50,43,130,0.86,0.14794135317460316,57.39706765873016,1.7300593891474794,0.1634643531746032,58.17321765873016,1.7770543914337256,full displayed sample 2020-01-02 to 2023-12-29; descriptive only,all 50 ticker-days retained; no-news score = 0
2023-01-06,50,34,101,0.68,0.09316329523809525,54.65816476190476,0.21718525849576154,0.10333696190476191,55.166848095238095,0.23686054595055406,full displayed sample 2020-01-02 to 2023-12-29; descriptive only,all 50 ticker-days retained; no-news score = 0
2023-01-09,50,44,157,0.88,0.13244808333333333,56.62240416666666,1.302162380289815,0.14315258333333333,57.157629166666666,1.2567580299967707,full displayed sample 2020-01-02 to 2023-12-29; descriptive only,all 50 ticker-days retained; no-news score = 0
2023-01-10,50,38,116,0.76,0.10086823333333333,55.043411666666664,0.42998216955218393,0.11366537619047619,55.68326880952381,0.5014281544979852,full displayed sample 2020-01-02 to 2023-12-29; descriptive only,all 50 ticker-days retained; no-news score = 0
2023-01-11,50,39,115,0.78,0.07103567301587303,53.55178365079365,-0.39394095688843006,0.09161911746031746,54.58095587301587,-0.06329802595001832,full displayed sample 2020-01-02 to 2023-12-29; descriptive only,all 50 ticker-days retained; no-news score = 0
2023-01-12,50,43,136,0.86,0.08304652399267398,54.152326199633706,-0.062222264871699864,0.08403939578754578,54.201969789377294,-0.25745646895457824,full displayed sample 2020-01-02 to 2023-12-29; descriptive only,all 50 ticker-days retained; no-news score = 0
2023-01-13,50,39,132,0.78,0.1292642212121212,56.463211060606056,1.214229678397996,0.12801345198135197,56.400672599067605,0.8689614460798087,full displayed sample 2020-01-02 to 2023-12-29; descriptive only,all 50 ticker-days retained; no-news score = 0
2023-01-17,50,44,319,0.88,0.1659270583757987,58.29635291878994,2.2267931023425596,0.17164521176307815,58.582260588153915,1.9866112636450968,full displayed sample 2020-01-02 to 2023-12-29; descriptive only,all 50 ticker-days retained; no-news score = 0
2023-01-18,50,40,131,0.8,0.10202563333333334,55.101281666666665,0.4619475327792967,0.1291971,56.459855000000005,0.899281194783998,full displayed sample 2020-01-02 to 2023-12-29; descriptive only,all 50 ticker-days retained; no-news score = 0
2023-01-19,50,41,126,0.82,0.056992097619047624,52.849604880952384,-0.7817999413077037,0.06311309761904761,53.15565488095238,-0.7934942874460127,full displayed sample 2020-01-02 to 2023-12-29; descriptive only,all 50 ticker-days retained; no-news score = 0
2023-01-20,50,39,149,0.78,0.05305260897435898,52.65263044871795,-0.8906017258735914,0.07333784706959708,53.66689235347985,-0.5315821066120063,full displayed sample 2020-01-02 to 2023-12-29; descriptive only,all 50 ticker-days retained; no-news score = 0
2023-01-23,50,45,222,0.9,0.10679432787081339,55.33971639354067,0.5936505334788802,0.14830273201754388,57.41513660087719,1.3886817196700159,full displayed sample 2020-01-02 to 2023-12-29; descriptive only,all 50 ticker-days retained; no-news score = 0
2023-01-24,50,43,189,0.86,0.12712135194805196,56.35606759740259,1.1550473780919752,0.12421998831168832,56.21099941558442,0.7717899361624886,full displayed sample 2020-01-02 to 2023-12-29; descriptive only,all 50 ticker-days retained; no-news score = 0
2023-01-25,50,43,193,0.86,0.0672050194677871,53.360250973389356,-0.499736906483898,0.08735356083099907,54.36767804154995,-0.1725624382135087,full displayed sample 2020-01-02 to 2023-12-29; descriptive only,all 50 ticker-days retained; no-news score = 0
2023-01-26,50,44,233,0.88,0.11982259363414363,55.991129681707186,0.9534684420188902,0.1372537511266511,56.86268755633256,1.1056564294051798,full displayed sample 2020-01-02 to 2023-12-29; descriptive only,all 50 ticker-days retained; no-news score = 0
2023-01-27,50,38,185,0.76,0.09539354338624338,54.76967716931217,0.2787808107181139,0.10809071044973546,55.404535522486775,0.3586302435428603,full displayed sample 2020-01-02 to 2023-12-29; descriptive only,all 50 ticker-days retained; no-news score = 0
2023-01-30,50,41,175,0.82,0.09492823787878787,54.746411893939396,0.2659298866146136,0.10169851883116882,55.08492594155844,0.19489098956655107,full displayed sample 2020-01-02 to 2023-12-29; descriptive only,all 50 ticker-days retained; no-news score = 0
2023-01-31,50,42,217,0.84,0.07296052050857639,53.64802602542882,-0.34078003649698374,0.08520105684968626,54.26005284248432,-0.2276999273741084,full displayed sample 2020-01-02 to 2023-12-29; descriptive only,all 50 ticker-days retained; no-news score = 0
2023-02-01,50,42,172,0.84,0.033506492290013574,51.67532461450068,-1.430431274426061,0.046952918069548044,52.3476459034774,-1.2074455425793196,full displayed sample 2020-01-02 to 2023-12-29; descriptive only,all 50 ticker-days retained; no-news score = 0
2023-02-02,50,44,163,0.88,0.15052193492063493,57.526096746031754,1.8013305424645365,0.15594920634920637,57.79746031746031,1.5845500661349115,full displayed sample 2020-01-02 to 2023-12-29; descriptive only,all 50 ticker-days retained; no-news score = 0
2023-02-03,50,42,127,0.84,0.08306380476190477,54.15319023809524,-0.06174500025678199,0.0919736619047619,54.5986830952381,-0.05421618887458429,full displayed sample 2020-01-02 to 2023-12-29; descriptive only,all 50 ticker-days retained; no-news score = 0
2023-02-06,50,46,215,0.92,0.08283651587301588,54.14182579365079,-0.06802232174530806,0.09785181349206348,54.89259067460317,0.0963556670861795,full displayed sample 2020-01-02 to 2023-12-29; descriptive only,all 50 ticker-days retained; no-news score = 0
2023-02-07,50,43,134,0.86,0.08521101428571429,54.26055071428571,-0.002442829569649638,0.1083746095238095,55.41873047619048,0.36590246336468607,full displayed sample 2020-01-02 to 2023-12-29; descriptive only,all 50 ticker-days retained; no-news score = 0
2023-02-08,50,40,141,0.8,0.07570439595959597,53.7852197979798,-0.26499899671661536,0.07492073073593074,53.74603653679654,-0.4910357328293512,full displayed sample 2020-01-02 to 2023-12-29; descriptive only,all 50 ticker-days retained; no-news score = 0
2023-02-09,50,44,175,0.88,0.07766502200328407,53.88325110016421,-0.21084993533850313,0.1129517461412151,55.64758730706075,0.48314815620417795,full displayed sample 2020-01-02 to 2023-12-29; descriptive only,all 50 ticker-days retained; no-news score = 0
2023-02-10,50,33,92,0.66,0.08430972222222222,54.21548611111111,-0.027334939629471606,0.10096405555555556,55.048202777777774,0.17607733753637647,full displayed sample 2020-01-02 to 2023-12-29; descriptive only,all 50 ticker-days retained; no-news score = 0
2023-02-13,50,44,176,0.88,0.15284867712842712,57.64243385642136,1.8655910918061052,0.1715900217511247,58.57950108755623,1.9851975432932298,full displayed sample 2020-01-02 to 2023-12-29; descriptive only,all 50 ticker-days retained; no-news score = 0
2023-02-14,50,43,137,0.86,0.0990413909090909,54.95206954545454,0.3795279777000945,0.11195000909090909,55.597500454545454,0.4574881498894244,full displayed sample 2020-01-02 to 2023-12-29; descriptive only,all 50 ticker-days retained; no-news score = 0
2023-02-15,50,36,94,0.72,0.04246776428571428,52.12338821428572,-1.1829366188881951,0.059559716666666665,52.97798583333333,-0.884515955905781,full displayed sample 2020-01-02 to 2023-12-29; descriptive only,all 50 ticker-days retained; no-news score = 0
2023-02-16,50,45,157,0.9,0.08962612200577201,54.4813061002886,0.11949472180280109,0.11539711774891774,55.769855887445885,0.5457875992360598,full displayed sample 2020-01-02 to 2023-12-29; descriptive only,all 50 ticker-days retained; no-news score = 0
2023-02-17,50,39,113,0.78,0.09796484632034633,54.89824231601732,0.3497956994821896,0.10960437965367965,55.48021898268398,0.3974036535108662,full displayed sample 2020-01-02 to 2023-12-29; descriptive only,all 50 ticker-days retained; no-news score = 0
2023-02-21,50,46,289,0.92,0.07342109105339105,53.67105455266955,-0.3280598837782091,0.091548386002886,54.5774193001443,-0.06510984836767623,full displayed sample 2020-01-02 to 2023-12-29; descriptive only,all 50 ticker-days retained; no-news score = 0
2023-02-22,50,41,163,0.82,0.08284729047619047,54.142364523809526,-0.06772474605487813,0.10663699047619048,55.33184952380953,0.32139246373861674,full displayed sample 2020-01-02 to 2023-12-29; descriptive only,all 50 ticker-days retained; no-news score = 0
2023-02-23,50,44,202,0.88,0.06894939285714285,53.447469642857136,-0.4515603651028144,0.09660029843205574,54.83001492160279,0.06429746944539375,full displayed sample 2020-01-02 to 2023-12-29; descriptive only,all 50 ticker-days retained; no-news score = 0
2023-02-24,50,40,117,0.8,0.04596075,52.29803750000001,-1.086466464141125,0.06545468333333333,53.272734166666666,-0.73351337309653,full displayed sample 2020-01-02 to 2023-12-29; descriptive only,all 50 ticker-days retained; no-news score = 0
2023-02-27,50,46,191,0.92,0.08936849126984127,54.46842456349207,0.1123794115794604,0.08837144365079365,54.418572182539684,-0.14648884976469453,full displayed sample 2020-01-02 to 2023-12-29; descriptive only,all 50 ticker-days retained; no-news score = 0
2023-02-28,50,31,103,0.62,0.12007789466089466,56.00389473304473,0.9605194097503155,0.12378618354978356,56.18930917748918,0.7606778055625015,full displayed sample 2020-01-02 to 2023-12-29; descriptive only,all 50 ticker-days retained; no-news score = 0
2023-03-01,50,43,152,0.86,0.08043592936507936,54.02179646825397,-0.1343223214725389,0.09594896746031747,54.797448373015875,0.04761329384991897,full displayed sample 2020-01-02 to 2023-12-29; descriptive only,all 50 ticker-days retained; no-news score = 0
2023-03-02,50,43,134,0.86,0.13279708181818184,56.63985409090909,1.3118011078981566,0.15400567705627707,57.70028385281385,1.5347655703790246,full displayed sample 2020-01-02 to 2023-12-29; descriptive only,all 50 ticker-days retained; no-news score = 0
2023-03-03,50,34,90,0.68,0.054539455555555554,52.72697277777778,-0.8495376244126106,0.07562885555555555,53.78144277777778,-0.4728967538052093,full displayed sample 2020-01-02 to 2023-12-29; descriptive only,all 50 ticker-days retained; no-news score = 0
2023-03-06,50,45,186,0.9,0.05082629285714286,52.54131464285714,-0.9520886822803551,0.07861134523809524,53.93056726190476,-0.3964987568814887,full displayed sample 2020-01-02 to 2023-12-29; descriptive only,all 50 ticker-days retained; no-news score = 0
2023-03-07,50,41,129,0.82,0.1232686111111111,56.16343055555556,1.0486414162181679,0.12466627777777778,56.233313888888894,0.7832218688383992,full displayed sample 2020-01-02 to 2023-12-29; descriptive only,all 50 ticker-days retained; no-news score = 0
2023-03-08,50,41,135,0.82,0.1013457603174603,55.06728801587302,0.4431706294609157,0.10620428412698413,55.31021420634921,0.31030846954106056,full displayed sample 2020-01-02 to 2023-12-29; descriptive only,all 50 ticker-days retained; no-news score = 0
2023-03-09,50,42,146,0.84,0.08217744545454546,54.10887227272727,-0.08622469371580418,0.09066894848484848,54.53344742424242,-0.08763708968253078,full displayed sample 2020-01-02 to 2023-12-29; descriptive only,all 50 ticker-days retained; no-news score = 0
2023-03-10,50,42,139,0.84,0.11644209523809523,55.82210476190477,0.8601049902145367,0.11542866666666665,55.771433333333334,0.5465957408820271,full displayed sample 2020-01-02 to 2023-12-29; descriptive only,all 50 ticker-days retained; no-news score = 0
2023-03-13,50,44,214,0.88,0.08214763189033189,54.10738159451659,-0.08704809220308737,0.08099839985569986,54.04991999278499,-0.33535313334416933,full displayed sample 2020-01-02 to 2023-12-29; descriptive only,all 50 ticker-days retained; no-news score = 0
2023-03-14,50,39,138,0.78,0.08425083095238095,54.212541547619054,-0.028961413477218253,0.08124485714285715,54.06224285714286,-0.32904000402261613,full displayed sample 2020-01-02 to 2023-12-29; descriptive only,all 50 ticker-days retained; no-news score = 0
2023-03-15,50,45,159,0.9,0.08994679292929295,54.497339646464646,0.12835109172393497,0.09412679292929294,54.706339646464656,0.0009373623183963958,full displayed sample 2020-01-02 to 2023-12-29; descriptive only,all 50 ticker-days retained; no-news score = 0
2023-03-16,50,44,158,0.88,0.07404741594516595,53.702370797258304,-0.31076188596952864,0.08055026443001444,54.027513221500726,-0.3468323512182011,full displayed sample 2020-01-02 to 2023-12-29; descriptive only,all 50 ticker-days retained; no-news score = 0
2023-03-17,50,38,140,0.76,0.05433977499999999,52.716988750000006,-0.8550524520329018,0.06415610833333334,53.207805416666666,-0.7667770351423752,full displayed sample 2020-01-02 to 2023-12-29; descriptive only,all 50 ticker-days retained; no-news score = 0
2023-03-20,50,45,207,0.9,0.12195084285714286,56.09754214285714,1.0122469623670765,0.14023321904761907,57.01166095238095,1.1819770223624717,full displayed sample 2020-01-02 to 2023-12-29; descriptive only,all 50 ticker-days retained; no-news score = 0
2023-03-21,50,43,141,0.86,0.13257414126984127,56.628707063492065,1.305643879968523,0.14130579682539682,57.06528984126984,1.2094516501027892,full displayed sample 2020-01-02 to 2023-12-29; descriptive only,all 50 ticker-days retained; no-news score = 0
2023-03-22,50,42,160,0.84,0.07453306484480432,53.72665324224022,-0.2973491129629725,0.08800628828802776,54.400314414401386,-0.1558424909338782,full displayed sample 2020-01-02 to 2023-12-29; descriptive only,all 50 ticker-days retained; no-news score = 0
2023-03-23,50,42,137,0.84,0.09792707142857143,54.89635357142857,0.3487524230553282,0.10297640476190477,55.14882023809524,0.22762469053348883,full displayed sample 2020-01-02 to 2023-12-29; descriptive only,all 50 ticker-days retained; no-news score = 0
2023-03-24,50,35,105,0.7,0.07328654935064936,53.664327467532466,-0.3317756902386655,0.07824021601731601,53.91201080086581,-0.40600542147563085,full displayed sample 2020-01-02 to 2023-12-29; descriptive only,all 50 ticker-days retained; no-news score = 0
2023-03-27,50,41,203,0.82,0.09274074188034188,54.637037094017096,0.20551507397578378,0.10331689664224665,55.165844832112334,0.23634656400020945,full displayed sample 2020-01-02 to 2023-12-29; descriptive only,all 50 ticker-days retained; no-news score = 0
2023-03-28,50,39,112,0.78,0.15305642857142857,57.652821428571436,1.8713288232183205,0.1582597619047619,57.91298809523809,1.6437361271157171,full displayed sample 2020-01-02 to 2023-12-29; descriptive only,all 50 ticker-days retained; no-news score = 0
2023-03-29,50,43,151,0.86,0.07472710555555556,53.73635527777778,-0.2919900479897476,0.08348873888888889,54.17443694444445,-0.27156182673532736,full displayed sample 2020-01-02 to 2023-12-29; descriptive only,all 50 ticker-days retained; no-news score = 0
2023-03-30,50,40,133,0.8,0.12639608205128205,56.3198041025641,1.1350166923412055,0.16104866776556775,58.05243338827839,1.7151753755469,full displayed sample 2020-01-02 to 2023-12-29; descriptive only,all 50 ticker-days retained; no-news score = 0
2023-03-31,50,38,116,0.76,0.10561734761904763,55.28086738095238,0.5611443979519829,0.10466108095238097,55.23305404761905,0.2707785318262,full displayed sample 2020-01-02 to 2023-12-29; descriptive only,all 50 ticker-days retained; no-news score = 0
2023-04-03,50,45,269,0.9,0.07741377309027936,53.87068865451396,-0.21778899077708336,0.08546558196591672,54.27327909829584,-0.22092398138028602,full displayed sample 2020-01-02 to 2023-12-29; descriptive only,all 50 ticker-days retained; no-news score = 0
2023-04-04,50,44,171,0.88,0.10887781226551226,55.44389061327561,0.6511927275816711,0.12337710014430014,56.168855007215,0.750198925136986,full displayed sample 2020-01-02 to 2023-12-29; descriptive only,all 50 ticker-days retained; no-news score = 0
2023-04-05,50,35,148,0.7,0.057620061517429946,52.881003075871504,-0.7644566770038289,0.06329775449988607,53.1648877249943,-0.7887642071051386,full displayed sample 2020-01-02 to 2023-12-29; descriptive only,all 50 ticker-days retained; no-news score = 0
2023-04-06,50,45,145,0.9,0.14398940854700856,57.19947042735043,1.6209135921244122,0.17534054017094014,58.76702700854701,2.0812689886956584,full displayed sample 2020-01-02 to 2023-12-29; descriptive only,all 50 ticker-days retained; no-news score = 0
2023-04-10,50,45,276,0.9,0.11689818208340096,55.84490910417005,0.8727013109967255,0.12566788834906512,56.28339441745326,0.8088786353284734,full displayed sample 2020-01-02 to 2023-12-29; descriptive only,all 50 ticker-days retained; no-news score = 0
2023-04-11,50,44,140,0.88,0.07388523321123322,53.69426166056166,-0.3152410893558479,0.08002946178266178,54.00147308913309,-0.3601729770997408,full displayed sample 2020-01-02 to 2023-12-29; descriptive only,all 50 ticker-days retained; no-news score = 0
2023-04-12,50,40,156,0.8,0.08826669523809524,54.413334761904764,0.08194973268110801,0.09954121904761905,54.97706095238095,0.1396306534815543,full displayed sample 2020-01-02 to 2023-12-29; descriptive only,all 50 ticker-days retained; no-news score = 0
2023-04-13,50,41,171,0.82,0.037526768692564744,51.87633843462823,-1.3193982733193235,0.06317144369256475,53.15857218462824,-0.7919997229648112,full displayed sample 2020-01-02 to 2023-12-29; descriptive only,all 50 ticker-days retained; no-news score = 0
2023-04-14,50,40,183,0.8,0.09357929004329005,54.678964502164504,0.22867430726770197,0.10104218297258298,55.05210914862915,0.1780786112375605,full displayed sample 2020-01-02 to 2023-12-29; descriptive only,all 50 ticker-days retained; no-news score = 0
2023-04-17,50,44,257,0.88,0.0840503966772323,54.202519833861615,-0.034497057514102425,0.08427885480588726,54.213942740294364,-0.2513226038640438,full displayed sample 2020-01-02 to 2023-12-29; descriptive only,all 50 ticker-days retained; no-news score = 0
2023-04-18,50,47,216,0.94,0.08249890526695527,54.12494526334777,-0.07734653606365344,0.1164766124098124,55.823830620490625,0.57343940647114,full displayed sample 2020-01-02 to 2023-12-29; descriptive only,all 50 ticker-days retained; no-news score = 0
2023-04-19,50,44,226,0.88,0.11905496680672269,55.952748340336136,0.9322679319433878,0.1439360431372549,57.196802156862745,1.2768267531310917,full displayed sample 2020-01-02 to 2023-12-29; descriptive only,all 50 ticker-days retained; no-news score = 0
2023-04-20,50,45,222,0.9,0.08688648284493285,54.34432414224665,0.043830680946186217,0.10603016330891331,55.30150816544567,0.30584827583068275,full displayed sample 2020-01-02 to 2023-12-29; descriptive only,all 50 ticker-days retained; no-news score = 0
2023-04-21,50,42,150,0.84,0.09315185071595071,54.65759253579754,0.21686918081534784,0.1308288567099567,56.54144283549783,0.9410794765475001,full displayed sample 2020-01-02 to 2023-12-29; descriptive only,all 50 ticker-days retained; no-news score = 0
2023-04-24,50,47,252,0.94,0.10996894654234655,55.498447327117326,0.6813279474611954,0.12581689524364525,56.29084476218227,0.8126955230583424,full displayed sample 2020-01-02 to 2023-12-29; descriptive only,all 50 ticker-days retained; no-news score = 0
2023-04-25,50,47,235,0.94,0.08646713523143523,54.32335676157176,0.032249033474375174,0.12236648076923079,56.118324038461544,0.7243113935355842,full displayed sample 2020-01-02 to 2023-12-29; descriptive only,all 50 ticker-days retained; no-news score = 0
2023-04-26,50,44,213,0.88,0.08682813625541126,54.341406812770565,0.04221925021599725,0.11981709974747476,55.99085498737374,0.6590076962260069,full displayed sample 2020-01-02 to 2023-12-29; descriptive only,all 50 ticker-days retained; no-news score = 0
2023-04-27,50,45,250,0.9,0.08230444166666667,54.115222083333336,-0.08271728050609099,0.12218803769841272,56.10940188492064,0.7197404831129168,full displayed sample 2020-01-02 to 2023-12-29; descriptive only,all 50 ticker-days retained; no-news score = 0
2023-04-28,50,43,224,0.86,0.07907754930642834,53.95387746532142,-0.17183840232206932,0.12155084135130104,56.077542067565055,0.7034183731484018,full displayed sample 2020-01-02 to 2023-12-29; descriptive only,all 50 ticker-days retained; no-news score = 0
2023-05-01,50,45,235,0.9,0.05010931975772765,52.50546598788638,-0.9718902250027294,0.0575156738512949,52.875783692564745,-0.9368751568897554,full displayed sample 2020-01-02 to 2023-12-29; descriptive only,all 50 ticker-days retained; no-news score = 0
2023-05-02,50,45,183,0.9,0.05074779166666667,52.537389583333336,-0.9542567478301498,0.0761629003968254,53.80814501984127,-0.45921692236125944,full displayed sample 2020-01-02 to 2023-12-29; descriptive only,all 50 ticker-days retained; no-news score = 0
2023-05-03,50,40,180,0.8,0.05268356056590468,52.63417802829523,-0.9007941972962883,0.07602352993183287,53.80117649659164,-0.4627869680241467,full displayed sample 2020-01-02 to 2023-12-29; descriptive only,all 50 ticker-days retained; no-news score = 0
2023-05-04,50,44,197,0.88,0.06549696587301587,53.27484829365079,-0.5469103586769497,0.08554643333333332,54.277321666666666,-0.21885293229826122,full displayed sample 2020-01-02 to 2023-12-29; descriptive only,all 50 ticker-days retained; no-news score = 0
2023-05-05,50,41,98,0.82,0.09828739047619049,54.914369523809526,0.35870380480303043,0.12101821904761906,56.05091095238095,0.6897749807315166,full displayed sample 2020-01-02 to 2023-12-29; descriptive only,all 50 ticker-days retained; no-news score = 0
2023-05-08,50,44,188,0.88,0.1026070680672269,55.13035340336134,0.4780057429588088,0.10443467759103642,55.22173387955183,0.2649790940595646,full displayed sample 2020-01-02 to 2023-12-29; descriptive only,all 50 ticker-days retained; no-news score = 0
2023-05-09,50,37,143,0.74,0.0744750540903541,53.7237527045177,-0.29895126851600534,0.08066510170940172,54.03325508547009,-0.3438907356381977,full displayed sample 2020-01-02 to 2023-12-29; descriptive only,all 50 ticker-days retained; no-news score = 0
2023-05-10,50,41,145,0.82,0.06066699084249084,53.03334954212454,-0.6803058193894237,0.06621275238095238,53.31063761904762,-0.7140950471566222,full displayed sample 2020-01-02 to 2023-12-29; descriptive only,all 50 ticker-days retained; no-news score = 0
2023-05-11,50,43,159,0.86,0.1384950352813853,56.924751764069256,1.4691686144667442,0.13888663528138528,56.94433176406927,1.1474835912426502,full displayed sample 2020-01-02 to 2023-12-29; descriptive only,all 50 ticker-days retained; no-news score = 0
2023-05-12,50,36,119,0.72,0.06899128030303031,53.449564015151516,-0.45040350712592775,0.07594338636363636,53.797169318181815,-0.4648398864675457,full displayed sample 2020-01-02 to 2023-12-29; descriptive only,all 50 ticker-days retained; no-news score = 0
2023-05-15,50,46,209,0.92,0.096669116994117,54.83345584970585,0.314009922260017,0.10416608036408036,55.20830401820401,0.2580988388691308,full displayed sample 2020-01-02 to 2023-12-29; descriptive only,all 50 ticker-days retained; no-news score = 0
2023-05-16,50,39,161,0.78,0.06575965865800866,53.287982932900434,-0.5396552435141397,0.06457732532467532,53.228866266233766,-0.7559873467162408,full displayed sample 2020-01-02 to 2023-12-29; descriptive only,all 50 ticker-days retained; no-news score = 0
2023-05-17,50,38,149,0.76,0.03111671515151515,51.555835757575764,-1.4964327382794842,0.03680663737373737,51.840331868686874,-1.4673477061722813,full displayed sample 2020-01-02 to 2023-12-29; descriptive only,all 50 ticker-days retained; no-news score = 0
2023-05-18,50,42,184,0.84,0.07451647638888889,53.72582381944444,-0.2978072570952635,0.08507031111111112,54.25351555555555,-0.23104904626358197,full displayed sample 2020-01-02 to 2023-12-29; descriptive only,all 50 ticker-days retained; no-news score = 0
2023-05-19,50,40,159,0.8,0.08518373516842635,54.25918675842132,-0.0031962310666462097,0.10038410847159378,55.019205423579685,0.16122169669516354,full displayed sample 2020-01-02 to 2023-12-29; descriptive only,all 50 ticker-days retained; no-news score = 0
2023-05-22,50,44,245,0.88,0.08016706052281052,54.00835302614052,-0.14174800853282649,0.08501685099900098,54.25084254995005,-0.2324184543471847,full displayed sample 2020-01-02 to 2023-12-29; descriptive only,all 50 ticker-days retained; no-news score = 0
2023-05-23,50,37,110,0.74,0.07381147619047619,53.69057380952381,-0.31727812923752075,0.06668521904761905,53.33426095238095,-0.7019925721144203,full displayed sample 2020-01-02 to 2023-12-29; descriptive only,all 50 ticker-days retained; no-news score = 0
2023-05-24,50,41,152,0.82,0.033923074603174605,51.696153730158734,-1.4189259997118886,0.04904650793650793,52.452325396825394,-1.1538171685561327,full displayed sample 2020-01-02 to 2023-12-29; descriptive only,all 50 ticker-days retained; no-news score = 0
2023-05-25,50,41,245,0.82,0.07552804414568882,53.77640220728445,-0.2698695253042272,0.07878515762086613,53.939257881043304,-0.39204646389889314,full displayed sample 2020-01-02 to 2023-12-29; descriptive only,all 50 ticker-days retained; no-news score = 0
2023-05-26,50,38,151,0.76,0.11153161219512193,55.5765806097561,0.7244860390401638,0.11017107154471546,55.50855357723577,0.41191975581341794,full displayed sample 2020-01-02 to 2023-12-29; descriptive only,all 50 ticker-days retained; no-news score = 0
2023-05-30,50,45,329,0.9,0.11117214728108149,55.55860736405407,0.714558246967669,0.11247079842409054,55.623539921204525,0.4708284347216665,full displayed sample 2020-01-02 to 2023-12-29; descriptive only,all 50 ticker-days retained; no-news score = 0
2023-05-31,50,40,191,0.8,0.11179662423952859,55.589831211976424,0.7318052080906378,0.11541650788342092,55.77082539417104,0.546284287437463,full displayed sample 2020-01-02 to 2023-12-29; descriptive only,all 50 ticker-days retained; no-news score = 0
2023-06-01,50,47,203,0.94,0.0989463016029016,54.947315080145074,0.37690177741380176,0.1089411832845833,55.44705916422916,0.3804155397002254,full displayed sample 2020-01-02 to 2023-12-29; descriptive only,all 50 ticker-days retained; no-news score = 0
2023-06-02,50,38,193,0.76,0.05414251603396604,52.707125801698304,-0.8605003995869713,0.03385820174825175,51.69291008741259,-1.5428733910268981,full displayed sample 2020-01-02 to 2023-12-29; descriptive only,all 50 ticker-days retained; no-news score = 0
2023-06-05,50,44,246,0.88,0.07082853336663338,53.541426668331674,-0.3996617916272259,0.08797129772449772,54.39856488622489,-0.15673879209480995,full displayed sample 2020-01-02 to 2023-12-29; descriptive only,all 50 ticker-days retained; no-news score = 0
2023-06-06,50,36,126,0.72,0.10003239365079367,55.00161968253968,0.40689773975089216,0.11832466031746032,55.91623301587302,0.6207780977631577,full displayed sample 2020-01-02 to 2023-12-29; descriptive only,all 50 ticker-days retained; no-news score = 0
2023-06-07,50,38,136,0.76,0.15106863333333334,57.55343166666667,1.816429396220879,0.15806163333333334,57.903081666666665,1.63866096253791,full displayed sample 2020-01-02 to 2023-12-29; descriptive only,all 50 ticker-days retained; no-news score = 0
2023-06-08,50,44,186,0.88,0.08568590375180374,54.28429518759019,0.010672786704999498,0.09338921327561327,54.66946066378067,-0.01795611732805613,full displayed sample 2020-01-02 to 2023-12-29; descriptive only,all 50 ticker-days retained; no-news score = 0
2023-06-09,50,39,164,0.78,0.07220275693779904,53.61013784688995,-0.36170814067891904,0.08437414265208476,54.21870713260424,-0.2488817570026841,full displayed sample 2020-01-02 to 2023-12-29; descriptive only,all 50 ticker-days retained; no-news score = 0
2023-06-12,50,42,224,0.84,0.09787127777777778,54.893563888888885,0.3472115000266555,0.10874086666666667,55.437043333333335,0.37528432719378924,full displayed sample 2020-01-02 to 2023-12-29; descriptive only,all 50 ticker-days retained; no-news score = 0
2023-06-13,50,43,183,0.86,0.10321611976063153,55.16080598803158,0.49482668524649404,0.11626225309396487,55.81311265469824,0.5679484830830179,full displayed sample 2020-01-02 to 2023-12-29; descriptive only,all 50 ticker-days retained; no-news score = 0
2023-06-14,50,35,161,0.7,0.12742547482922995,56.37127374146149,1.1634467200329897,0.13680097482922993,56.84004874146149,1.0940583332306903,full displayed sample 2020-01-02 to 2023-12-29; descriptive only,all 50 ticker-days retained; no-news score = 0
2023-06-15,50,42,164,0.84,0.07987829881301495,53.99391494065075,-0.14972310179332193,0.09255105331657591,54.627552665828794,-0.039426012881087796,full displayed sample 2020-01-02 to 2023-12-29; descriptive only,all 50 ticker-days retained; no-news score = 0
2023-06-16,50,40,151,0.8,0.0877572697204969,54.38786348602485,0.06788029108166871,0.11921590921325052,55.960795460662524,0.6436078935533879,full displayed sample 2020-01-02 to 2023-12-29; descriptive only,all 50 ticker-days retained; no-news score = 0
2023-06-20,50,42,305,0.84,0.05900123661692917,52.950061830846465,-0.7263110370040569,0.06613321931242516,53.306660965621255,-0.7161323273390979,full displayed sample 2020-01-02 to 2023-12-29; descriptive only,all 50 ticker-days retained; no-news score = 0
2023-06-21,50,39,183,0.78,0.07282026142857143,53.64101307142857,-0.34465374691538647,0.07006399142857143,53.503199571428574,-0.6154435914164736,full displayed sample 2020-01-02 to 2023-12-29; descriptive only,all 50 ticker-days retained; no-news score = 0
2023-06-22,50,45,175,0.9,0.10857776911976912,55.42888845598846,0.6429060607962167,0.11797805483405482,55.89890274170274,0.6118996212306222,full displayed sample 2020-01-02 to 2023-12-29; descriptive only,all 50 ticker-days retained; no-news score = 0
2023-06-23,50,41,163,0.82,0.07263333015873015,53.6316665079365,-0.3498164615680405,0.0820530634920635,54.10265317460318,-0.3083373854882177,full displayed sample 2020-01-02 to 2023-12-29; descriptive only,all 50 ticker-days retained; no-news score = 0
2023-06-26,50,42,220,0.84,0.1232838841991342,56.164194209956705,1.049063232190397,0.13026052316017314,56.513026158008664,0.9265213223174281,full displayed sample 2020-01-02 to 2023-12-29; descriptive only,all 50 ticker-days retained; no-news score = 0
2023-06-27,50,45,166,0.9,0.15344637777777778,57.67231888888888,1.8820985381147064,0.15375351111111113,57.687675555555565,1.5283062108661194,full displayed sample 2020-01-02 to 2023-12-29; descriptive only,all 50 ticker-days retained; no-news score = 0
2023-06-28,50,39,186,0.78,0.06906204645851519,53.45310232292576,-0.44844906971080734,0.07732641009487883,53.86632050474394,-0.42941302702744144,full displayed sample 2020-01-02 to 2023-12-29; descriptive only,all 50 ticker-days retained; no-news score = 0
2023-06-29,50,44,221,0.88,0.08849425602036852,54.42471280101843,0.08823456338925659,0.08783088756798758,54.39154437839938,-0.16033546998708206,full displayed sample 2020-01-02 to 2023-12-29; descriptive only,all 50 ticker-days retained; no-news score = 0
2023-06-30,50,41,185,0.82,0.03641980519910197,51.8209902599551,-1.3499706684702575,0.04979044060025995,52.489522030013006,-1.1347609533110274,full displayed sample 2020-01-02 to 2023-12-29; descriptive only,all 50 ticker-days retained; no-news score = 0
2023-07-03,50,43,218,0.86,0.12366734862914862,56.183367431457434,1.0596538489089804,0.13241898585858586,56.62094929292929,0.9818114470607535,full displayed sample 2020-01-02 to 2023-12-29; descriptive only,all 50 ticker-days retained; no-news score = 0
2023-07-05,50,40,225,0.8,0.14854301562881564,57.42715078144079,1.7466762535755231,0.17416761050061053,58.70838052503052,2.051223795959475,full displayed sample 2020-01-02 to 2023-12-29; descriptive only,all 50 ticker-days retained; no-news score = 0
2023-07-06,50,46,197,0.92,0.10612438441003441,55.30621922050172,0.5751478671012847,0.11261898282273282,55.63094914113664,0.4746242537978875,full displayed sample 2020-01-02 to 2023-12-29; descriptive only,all 50 ticker-days retained; no-news score = 0
2023-07-07,50,42,158,0.84,0.05300517857142857,52.650258928571425,-0.8919116706270723,0.04417677857142857,52.20883892857143,-1.2785577741081637,full displayed sample 2020-01-02 to 2023-12-29; descriptive only,all 50 ticker-days retained; no-news score = 0
2023-07-10,50,42,206,0.84,0.08961841118705856,54.48092055935293,0.11928176247935723,0.08963277944102682,54.481638972051336,-0.11417908910193306,full displayed sample 2020-01-02 to 2023-12-29; descriptive only,all 50 ticker-days retained; no-news score = 0
2023-07-11,50,44,190,0.88,0.08238670494505496,54.11933524725274,-0.08044531266961737,0.09335780238095237,54.66789011904763,-0.018760723442110157,full displayed sample 2020-01-02 to 2023-12-29; descriptive only,all 50 ticker-days retained; no-news score = 0
2023-07-12,50,43,194,0.86,0.11030120043290044,55.51506002164503,0.6905042186683634,0.11778069956709956,55.88903497835498,0.6068442652419676,full displayed sample 2020-01-02 to 2023-12-29; descriptive only,all 50 ticker-days retained; no-news score = 0
2023-07-13,50,44,193,0.88,0.09310666868131869,54.65533343406593,0.21562133206093914,0.10961375598290597,55.4806877991453,0.3976438329742124,full displayed sample 2020-01-02 to 2023-12-29; descriptive only,all 50 ticker-days retained; no-news score = 0
2023-07-14,50,40,217,0.8,0.08042203175876411,54.021101587938205,-0.13470614904628547,0.07851217064765299,53.925608532382654,-0.39903916468235195,full displayed sample 2020-01-02 to 2023-12-29; descriptive only,all 50 ticker-days retained; no-news score = 0
2023-07-17,50,45,277,0.9,0.06774375397088292,53.387187698544146,-0.4848580019785967,0.0700797676460966,53.50398838230483,-0.6150394755447538,full displayed sample 2020-01-02 to 2023-12-29; descriptive only,all 50 ticker-days retained; no-news score = 0
2023-07-18,50,46,242,0.92,0.1119057471767363,55.59528735883682,0.7348189927150148,0.12448201990400903,56.22410099520045,0.7785020092674622,full displayed sample 2020-01-02 to 2023-12-29; descriptive only,all 50 ticker-days retained; no-news score = 0
2023-07-19,50,43,211,0.86,0.09525350282446313,54.76267514122316,0.27491313539079854,0.11309474766573295,55.654737383286644,0.4868112133118555,full displayed sample 2020-01-02 to 2023-12-29; descriptive only,all 50 ticker-days retained; no-news score = 0
2023-07-20,50,44,225,0.88,0.0684902350982351,53.424511754911755,-0.46424149914638924,0.09926681110001111,54.96334055500055,0.13260155371301988,full displayed sample 2020-01-02 to 2023-12-29; descriptive only,all 50 ticker-days retained; no-news score = 0
2023-07-21,50,45,195,0.9,0.04877429626701801,52.4387148133509,-1.0087612383060487,0.05710060434782609,52.85503021739131,-0.947507374273367,full displayed sample 2020-01-02 to 2023-12-29; descriptive only,all 50 ticker-days retained; no-news score = 0
2023-07-24,50,48,292,0.96,0.12744835865800866,56.37241793290043,1.164078731350545,0.14001708593073595,57.000854296536794,1.1764406621546166,full displayed sample 2020-01-02 to 2023-12-29; descriptive only,all 50 ticker-days retained; no-news score = 0
2023-07-25,50,48,276,0.96,0.058819901597515205,52.94099507987576,-0.7313191930100729,0.09067096458832559,54.53354822941628,-0.08758544616197016,full displayed sample 2020-01-02 to 2023-12-29; descriptive only,all 50 ticker-days retained; no-news score = 0
2023-07-26,50,43,254,0.86,0.0784694622991044,53.92347311495522,-0.18863270166784232,0.10470081840264997,55.23504092013249,0.27179642691605743,full displayed sample 2020-01-02 to 2023-12-29; descriptive only,all 50 ticker-days retained; no-news score = 0
2023-07-27,50,45,270,0.9,0.08941961433256564,54.47098071662828,0.11379134113645614,0.12637602420183341,56.31880121009167,0.8270178969722222,full displayed sample 2020-01-02 to 2023-12-29; descriptive only,all 50 ticker-days retained; no-news score = 0
2023-07-28,50,40,262,0.8,0.10435170520669805,55.2175852603349,0.5261895686566714,0.13160224196755624,56.58011209837781,0.9608901350308608,full displayed sample 2020-01-02 to 2023-12-29; descriptive only,all 50 ticker-days retained; no-news score = 0
2023-07-31,50,41,342,0.82,0.13717461521268587,56.85873076063429,1.432700922131902,0.14836732896956104,57.418366448478054,1.3903364035974675,full displayed sample 2020-01-02 to 2023-12-29; descriptive only,all 50 ticker-days retained; no-news score = 0
2023-08-01,50,44,234,0.88,0.14946462641312935,57.47323132065647,1.7721295311585645,0.17440833111398404,58.72041655569921,2.0573899774512836,full displayed sample 2020-01-02 to 2023-12-29; descriptive only,all 50 ticker-days retained; no-news score = 0
2023-08-02,50,45,238,0.9,0.06454866175658669,53.22743308782933,-0.5731008593953054,0.08558269211931151,54.279134605965574,-0.21792414497140608,full displayed sample 2020-01-02 to 2023-12-29; descriptive only,all 50 ticker-days retained; no-news score = 0
2023-08-03,50,47,248,0.94,0.060784232106782105,53.03921160533911,-0.6770678207733218,0.09336127373737373,54.668063686868685,-0.0186718028739176,full displayed sample 2020-01-02 to 2023-12-29; descriptive only,all 50 ticker-days retained; no-news score = 0
2023-08-04,50,43,177,0.86,0.026425749999999998,51.321287500000004,-1.6259889893196686,0.05883585,52.9417925,-0.9030581703841534,full displayed sample 2020-01-02 to 2023-12-29; descriptive only,all 50 ticker-days retained; no-news score = 0
2023-08-07,50,44,191,0.88,0.05431871666666667,52.71593583333334,-0.8556340463598047,0.09903513571428571,54.95175678571429,0.12666707034847766,full displayed sample 2020-01-02 to 2023-12-29; descriptive only,all 50 ticker-days retained; no-news score = 0
2023-08-08,50,33,173,0.66,0.07273017857142856,53.63650892857142,-0.34714167783737343,0.048827863095238094,52.441393154761904,-1.1594178678673526,full displayed sample 2020-01-02 to 2023-12-29; descriptive only,all 50 ticker-days retained; no-news score = 0
2023-08-09,50,42,197,0.84,0.07437699887218045,53.71884994360903,-0.3016593821026948,0.09883893308270675,54.94194665413534,0.12164123970384942,full displayed sample 2020-01-02 to 2023-12-29; descriptive only,all 50 ticker-days retained; no-news score = 0
2023-08-10,50,45,168,0.9,0.10673731470588235,55.33686573529412,0.5920759296031692,0.1255666037815126,56.27833018907563,0.8062841793859776,full displayed sample 2020-01-02 to 2023-12-29; descriptive only,all 50 ticker-days retained; no-news score = 0
2023-08-11,50,38,165,0.76,0.10326514595034596,55.1632572975173,0.4961807028392564,0.11491627557997557,55.74581377899877,0.5334705814241631,full displayed sample 2020-01-02 to 2023-12-29; descriptive only,all 50 ticker-days retained; no-news score = 0
2023-08-14,50,38,223,0.76,0.1052940197025197,55.264700985125984,0.552214646532179,0.11819255144855145,55.90962757242757,0.6173940615937848,full displayed sample 2020-01-02 to 2023-12-29; descriptive only,all 50 ticker-days retained; no-news score = 0
2023-08-15,50,45,196,0.9,0.049128505999555996,52.4564252999778,-0.9989785851531583,0.05673859488844488,52.83692974442224,-0.956780431520161,full displayed sample 2020-01-02 to 2023-12-29; descriptive only,all 50 ticker-days retained; no-news score = 0
2023-08-16,50,38,164,0.76,0.08214811673881674,54.107405836940835,-0.0870347015361371,0.08614191798658859,54.307095899329425,-0.20359928868170427,full displayed sample 2020-01-02 to 2023-12-29; descriptive only,all 50 ticker-days retained; no-news score = 0
2023-08-17,50,47,219,0.94,0.08643322011137011,54.3216610055685,0.03131235718979534,0.11721451774891775,55.86072588744588,0.5923412287161588,full displayed sample 2020-01-02 to 2023-12-29; descriptive only,all 50 ticker-days retained; no-news score = 0
2023-08-18,50,38,176,0.76,0.08259136428571429,54.12956821428572,-0.07479297971472115,0.08817231428571429,54.408615714285716,-0.151589650183156,full displayed sample 2020-01-02 to 2023-12-29; descriptive only,all 50 ticker-days retained; no-news score = 0
2023-08-21,50,44,262,0.88,0.06159243975622079,53.079621987811045,-0.6547465393863868,0.060250768409751174,53.01253842048755,-0.8668143124595762,full displayed sample 2020-01-02 to 2023-12-29; descriptive only,all 50 ticker-days retained; no-news score = 0
2023-08-22,50,42,195,0.84,0.03755806666666667,51.87790333333333,-1.3185338780277727,0.06083289047619047,53.04164452380953,-0.8519029583310386,full displayed sample 2020-01-02 to 2023-12-29; descriptive only,all 50 ticker-days retained; no-news score = 0
2023-08-23,50,39,248,0.78,0.10654932943722945,55.32746647186148,0.5868841053472192,0.11862765670995672,55.931382835497836,0.6285395051528815,full displayed sample 2020-01-02 to 2023-12-29; descriptive only,all 50 ticker-days retained; no-news score = 0
2023-08-24,50,45,269,0.9,0.08724834256017734,54.362417128008865,0.053824613238435945,0.09498566145931363,54.74928307296568,0.022937718496838344,full displayed sample 2020-01-02 to 2023-12-29; descriptive only,all 50 ticker-days retained; no-news score = 0
2023-08-25,50,42,183,0.84,0.0642912414893617,53.214562074468084,-0.5802103568411903,0.07338992505910165,53.669496252955085,-0.530248102305049,full displayed sample 2020-01-02 to 2023-12-29; descriptive only,all 50 ticker-days retained; no-news score = 0
2023-08-28,50,42,244,0.84,0.11444131647344817,55.72206582367241,0.8048469809273091,0.11246264662627406,55.623132331313705,0.47061962225597653,full displayed sample 2020-01-02 to 2023-12-29; descriptive only,all 50 ticker-days retained; no-news score = 0
2023-08-29,50,39,193,0.78,0.07616857337662336,53.80842866883116,-0.2521792284972412,0.09307754209956709,54.653877104978356,-0.025939733730213254,full displayed sample 2020-01-02 to 2023-12-29; descriptive only,all 50 ticker-days retained; no-news score = 0
2023-08-30,50,38,163,0.76,0.10661505042016806,55.33075252100841,0.5886992039227122,0.10168255051353876,55.08412752567694,0.19448195295250353,full displayed sample 2020-01-02 to 2023-12-29; descriptive only,all 50 ticker-days retained; no-news score = 0
2023-08-31,50,45,189,0.9,0.13404243968253968,56.70212198412698,1.346195713464028,0.14558995873015873,57.27949793650794,1.319192646001898,full displayed sample 2020-01-02 to 2023-12-29; descriptive only,all 50 ticker-days retained; no-news score = 0
2023-09-01,50,43,153,0.86,0.15469694761904762,57.73484738095238,1.916637089364977,0.19082018571428574,59.54100928571429,2.477788017587577,full displayed sample 2020-01-02 to 2023-12-29; descriptive only,all 50 ticker-days retained; no-news score = 0
2023-09-05,50,44,297,0.88,0.11539080645965147,55.76954032298257,0.8310702332942477,0.11640689979298478,55.82034498964924,0.5716536821760586,full displayed sample 2020-01-02 to 2023-12-29; descriptive only,all 50 ticker-days retained; no-news score = 0
2023-09-06,50,46,169,0.92,0.15173381774891775,57.58669088744589,1.8348006260957455,0.17927284805194804,58.96364240259741,2.1819970640198103,full displayed sample 2020-01-02 to 2023-12-29; descriptive only,all 50 ticker-days retained; no-news score = 0
2023-09-07,50,45,190,0.9,0.10747940416666667,55.37397020833333,0.6125711422876196,0.11533522956349206,55.7667614781746,0.5442023017487136,full displayed sample 2020-01-02 to 2023-12-29; descriptive only,all 50 ticker-days retained; no-news score = 0
2023-09-08,50,46,191,0.92,0.1325052165112665,56.62526082556333,1.3037402987146927,0.14894157206682207,57.447078603341104,1.4050459339052668,full displayed sample 2020-01-02 to 2023-12-29; descriptive only,all 50 ticker-days retained; no-news score = 0
2023-09-11,50,48,277,0.96,0.10267364191352125,55.133682095676065,0.47984439612817553,0.1264206462786006,56.32103231393003,0.8281609142653071,full displayed sample 2020-01-02 to 2023-12-29; descriptive only,all 50 ticker-days retained; no-news score = 0
2023-09-12,50,42,194,0.84,0.04471088761904762,52.23554438095238,-1.1209854765750689,0.058793149523809526,52.93965747619047,-0.9041519648967512,full displayed sample 2020-01-02 to 2023-12-29; descriptive only,all 50 ticker-days retained; no-news score = 0
2023-09-13,50,41,159,0.82,0.10164222936507937,55.08211146825397,0.4513585859087641,0.11669966587301588,55.834983293650794,0.5791530348854833,full displayed sample 2020-01-02 to 2023-12-29; descriptive only,all 50 ticker-days retained; no-news score = 0
2023-09-14,50,44,202,0.88,0.10987890939153439,55.49394546957672,0.6788412788681029,0.11085631216931217,55.54281560846561,0.4294725444907519,full displayed sample 2020-01-02 to 2023-12-29; descriptive only,all 50 ticker-days retained; no-news score = 0
2023-09-15,50,39,210,0.78,0.07457896741551458,53.72894837077573,-0.2960813642625996,0.07362489039938555,53.681244519969276,-0.5242293450737063,full displayed sample 2020-01-02 to 2023-12-29; descriptive only,all 50 ticker-days retained; no-news score = 0
2023-09-18,50,43,226,0.86,0.11073171443996617,55.53658572199831,0.7023942623958697,0.11933971984375777,55.96698599218789,0.6467793661066683,full displayed sample 2020-01-02 to 2023-12-29; descriptive only,all 50 ticker-days retained; no-news score = 0
2023-09-19,50,40,177,0.8,0.09878949871794873,54.93947493589744,0.37257115604471785,0.09911582907509159,54.95579145375458,0.1287340720104457,full displayed sample 2020-01-02 to 2023-12-29; descriptive only,all 50 ticker-days retained; no-news score = 0
2023-09-20,50,40,180,0.8,0.05121458556998557,52.560729278499274,-0.9413647168367244,0.04961801255411256,52.48090062770563,-1.139177785803777,full displayed sample 2020-01-02 to 2023-12-29; descriptive only,all 50 ticker-days retained; no-news score = 0
2023-09-21,50,46,202,0.92,0.10549218154761904,55.27460907738095,0.5576875300265243,0.09794583630952379,54.89729181547619,0.09876410959015336,full displayed sample 2020-01-02 to 2023-12-29; descriptive only,all 50 ticker-days retained; no-news score = 0
2023-09-22,50,38,150,0.76,0.06935838253968254,53.46791912698413,-0.4402647855637417,0.06696891428571429,53.34844571428572,-0.6947255736553282,full displayed sample 2020-01-02 to 2023-12-29; descriptive only,all 50 ticker-days retained; no-news score = 0
2023-09-25,50,42,251,0.84,0.07571104887057388,53.785552443528694,-0.2648152549541074,0.08559563141025642,54.27978157051282,-0.21759269842337892,full displayed sample 2020-01-02 to 2023-12-29; descriptive only,all 50 ticker-days retained; no-news score = 0
2023-09-26,50,41,170,0.82,0.12957620476190476,56.478810238095235,1.2228461182543255,0.11536188095238095,55.768094047619044,0.5448849906908637,full displayed sample 2020-01-02 to 2023-12-29; descriptive only,all 50 ticker-days retained; no-news score = 0
2023-09-27,50,44,164,0.88,0.09795980380952381,54.897990190476186,0.34965643415471553,0.09832607809523809,54.91630390476191,0.10850419719056865,full displayed sample 2020-01-02 to 2023-12-29; descriptive only,all 50 ticker-days retained; no-news score = 0
2023-09-28,50,43,179,0.86,0.11839912283272284,55.91995614163614,0.9141546687247788,0.1255807894993895,56.27903947496947,0.8066475537966469,full displayed sample 2020-01-02 to 2023-12-29; descriptive only,all 50 ticker-days retained; no-news score = 0
2023-09-29,50,41,196,0.82,0.1877313123946229,59.386565619731144,2.8289884536540737,0.18521530637958533,59.26076531897927,2.334216169987541,full displayed sample 2020-01-02 to 2023-12-29; descriptive only,all 50 ticker-days retained; no-news score = 0
2023-10-02,50,48,282,0.96,0.19122899876789876,59.56144993839494,2.925588432379048,0.2064950537795538,60.32475268897769,2.8793077711145503,full displayed sample 2020-01-02 to 2023-12-29; descriptive only,all 50 ticker-days retained; no-news score = 0
2023-10-03,50,45,166,0.9,0.18184525695970696,59.092262847985346,2.666425899695193,0.20952288034188038,60.47614401709402,2.9568670953758867,full displayed sample 2020-01-02 to 2023-12-29; descriptive only,all 50 ticker-days retained; no-news score = 0
2023-10-04,50,39,161,0.78,0.09033391142524144,54.516695571262076,0.13904262735114012,0.09370881245088246,54.68544062254412,-0.009769421175515635,full displayed sample 2020-01-02 to 2023-12-29; descriptive only,all 50 ticker-days retained; no-news score = 0
2023-10-05,50,45,192,0.9,0.11778977014652015,55.889488507326,0.897325413542572,0.1340098257020757,56.70049128510378,1.022561622385946,full displayed sample 2020-01-02 to 2023-12-29; descriptive only,all 50 ticker-days retained; no-news score = 0
2023-10-06,50,40,189,0.8,0.09068968671328671,54.53448433566434,0.14886851840833532,0.11831348158508159,55.91567407925409,0.6204917488222441,full displayed sample 2020-01-02 to 2023-12-29; descriptive only,all 50 ticker-days retained; no-news score = 0
2023-10-09,50,43,268,0.86,0.08161152919448973,54.08057645972448,-0.10185431079616573,0.09411406601731603,54.70570330086581,0.0006113559661357507,full displayed sample 2020-01-02 to 2023-12-29; descriptive only,all 50 ticker-days retained; no-news score = 0
2023-10-10,50,42,200,0.84,0.09289469816849817,54.64473490842491,0.20976707732122507,0.13354062124542124,56.67703106227107,1.0105427105198168,full displayed sample 2020-01-02 to 2023-12-29; descriptive only,all 50 ticker-days retained; no-news score = 0
2023-10-11,50,38,199,0.76,0.0788833317136165,53.94416658568082,-0.1772023524683678,0.09256264676893157,54.62813233844658,-0.0391290406760914,full displayed sample 2020-01-02 to 2023-12-29; descriptive only,all 50 ticker-days retained; no-news score = 0
2023-10-12,50,45,197,0.9,0.1366434454978355,56.83217227489178,1.418030943843986,0.13772250264069263,56.886125132034635,1.1176637389148774,full displayed sample 2020-01-02 to 2023-12-29; descriptive only,all 50 ticker-days retained; no-news score = 0
2023-10-13,50,41,198,0.82,0.09324319887955182,54.66215994397759,0.21939205728816555,0.10850834663865547,55.42541733193277,0.369328207885582,full displayed sample 2020-01-02 to 2023-12-29; descriptive only,all 50 ticker-days retained; no-news score = 0
2023-10-16,50,43,242,0.86,0.09240613142857143,54.620306571428564,0.1962737186704176,0.11321985309523809,55.66099265476191,0.4900158528029587,full displayed sample 2020-01-02 to 2023-12-29; descriptive only,all 50 ticker-days retained; no-news score = 0
2023-10-17,50,41,244,0.82,0.0696900698563104,53.48450349281551,-0.4311041621372376,0.09940901715176235,54.97045085758812,0.13624423437938687,full displayed sample 2020-01-02 to 2023-12-29; descriptive only,all 50 ticker-days retained; no-news score = 0
2023-10-18,50,44,301,0.88,0.03665777254561725,51.83288862728086,-1.343398426663144,0.04912778614398437,52.45638930719922,-1.1517351857479095,full displayed sample 2020-01-02 to 2023-12-29; descriptive only,all 50 ticker-days retained; no-news score = 0
2023-10-19,50,46,234,0.92,0.10839927563917565,55.41996378195878,0.6379763831213923,0.13941672633107632,56.97083631655382,1.1610621442953812,full displayed sample 2020-01-02 to 2023-12-29; descriptive only,all 50 ticker-days retained; no-news score = 0
2023-10-20,50,44,194,0.88,0.07580584665847755,53.79029233292387,-0.26219710589287754,0.09379236409320404,54.689618204660206,-0.007629203172273174,full displayed sample 2020-01-02 to 2023-12-29; descriptive only,all 50 ticker-days retained; no-news score = 0
2023-10-23,50,45,316,0.9,0.07734302060162061,53.867151030081025,-0.21974305073837505,0.09326321014124764,54.66316050706238,-0.021183751987783543,full displayed sample 2020-01-02 to 2023-12-29; descriptive only,all 50 ticker-days retained; no-news score = 0
2023-10-24,50,42,284,0.84,0.11977550639794987,55.9887753198975,0.9521679749303346,0.165510980717109,58.275549035855455,1.8294798015237335,full displayed sample 2020-01-02 to 2023-12-29; descriptive only,all 50 ticker-days retained; no-news score = 0
2023-10-25,50,42,248,0.84,0.09315633716488189,54.65781685824409,0.21699308868616618,0.12602610778841045,56.30130538942052,0.8180546092757889,full displayed sample 2020-01-02 to 2023-12-29; descriptive only,all 50 ticker-days retained; no-news score = 0
2023-10-26,50,48,272,0.96,0.12419996219205631,56.20999810960281,1.07436370375435,0.1749182723874165,58.745913619370825,2.070452383690958,full displayed sample 2020-01-02 to 2023-12-29; descriptive only,all 50 ticker-days retained; no-news score = 0
2023-10-27,50,39,242,0.78,0.06693345751604717,53.34667287580236,-0.5072369725164113,0.0916886591730109,54.58443295865054,-0.06151667945164603,full displayed sample 2020-01-02 to 2023-12-29; descriptive only,all 50 ticker-days retained; no-news score = 0
2023-10-30,50,43,255,0.86,0.097547363003663,54.877368150183145,0.3382655406269604,0.12079181431901433,56.039590715950716,0.683975507941813,full displayed sample 2020-01-02 to 2023-12-29; descriptive only,all 50 ticker-days retained; no-news score = 0
2023-10-31,50,44,216,0.88,0.08563349064073847,54.28167453203693,0.009225228269657932,0.1340564569704622,56.702822848523105,1.0237561061488225,full displayed sample 2020-01-02 to 2023-12-29; descriptive only,all 50 ticker-days retained; no-news score = 0
2023-11-01,50,44,207,0.88,0.10171100013802623,55.08555000690131,0.4532579143489365,0.12917674879227053,56.45883743961353,0.8987598882009066,full displayed sample 2020-01-02 to 2023-12-29; descriptive only,all 50 ticker-days retained; no-news score = 0
2023-11-02,50,47,273,0.94,0.125678131424262,56.2839065712131,1.1151881520164872,0.1760939126165338,58.804695630826686,2.100567008775268,full displayed sample 2020-01-02 to 2023-12-29; descriptive only,all 50 ticker-days retained; no-news score = 0
2023-11-03,50,40,140,0.8,0.08909117619047618,54.45455880952381,0.10472045422654827,0.13300341428571427,56.65017071428571,0.9967818797966251,full displayed sample 2020-01-02 to 2023-12-29; descriptive only,all 50 ticker-days retained; no-news score = 0
2023-11-06,50,46,240,0.92,0.10833292207792208,55.416646103896106,0.6361438138394823,0.12622176558441559,56.311088279220776,0.8230664836788459,full displayed sample 2020-01-02 to 2023-12-29; descriptive only,all 50 ticker-days retained; no-news score = 0
2023-11-07,50,42,181,0.84,0.14990623787878787,57.495311893939395,1.7843260672783434,0.1661944095959596,58.309720479797974,1.8469861814081892,full displayed sample 2020-01-02 to 2023-12-29; descriptive only,all 50 ticker-days retained; no-news score = 0
2023-11-08,50,39,172,0.78,0.048507606959706955,52.42538034798535,-1.0161267304237132,0.06547515824175824,53.273757912087916,-0.7329888978569282,full displayed sample 2020-01-02 to 2023-12-29; descriptive only,all 50 ticker-days retained; no-news score = 0
2023-11-09,50,45,198,0.9,0.1437256557264373,57.18628278632186,1.613629200633367,0.15381024337738286,57.69051216886915,1.5297594368502618,full displayed sample 2020-01-02 to 2023-12-29; descriptive only,all 50 ticker-days retained; no-news score = 0
2023-11-10,50,39,151,0.78,0.07921453767174853,53.96072688358743,-0.16805502332142264,0.09024699103143233,54.51234955157162,-0.09844574542298506,full displayed sample 2020-01-02 to 2023-12-29; descriptive only,all 50 ticker-days retained; no-news score = 0
2023-11-13,50,47,252,0.94,0.08711756099399796,54.3558780496999,0.050212655171791326,0.11072877079490558,55.53643853974528,0.4262055070265133,full displayed sample 2020-01-02 to 2023-12-29; descriptive only,all 50 ticker-days retained; no-news score = 0
2023-11-14,50,37,200,0.74,0.12041567945962084,56.02078397298105,0.9698484349653487,0.13022567984276262,56.511283992138125,0.9256287929410735,full displayed sample 2020-01-02 to 2023-12-29; descriptive only,all 50 ticker-days retained; no-news score = 0
2023-11-15,50,37,149,0.74,0.11950296181596182,55.975148090798086,0.9446407703693965,0.12077167044067044,56.03858352203353,0.6834595122068547,full displayed sample 2020-01-02 to 2023-12-29; descriptive only,all 50 ticker-days retained; no-news score = 0
2023-11-16,50,43,177,0.86,0.0636985603174603,53.18492801587301,-0.5965791739637921,0.06424424603174601,53.2122123015873,-0.7645193429694179,full displayed sample 2020-01-02 to 2023-12-29; descriptive only,all 50 ticker-days retained; no-news score = 0
2023-11-17,50,40,144,0.8,0.10715896714285714,55.35794835714286,0.603721232267327,0.11249285603174604,55.6246428015873,0.4713934516106352,full displayed sample 2020-01-02 to 2023-12-29; descriptive only,all 50 ticker-days retained; no-news score = 0
2023-11-20,50,41,190,0.82,0.08694370468821959,54.34718523441098,0.04541104815301673,0.11129726142580823,55.56486307129042,0.4407676849697012,full displayed sample 2020-01-02 to 2023-12-29; descriptive only,all 50 ticker-days retained; no-news score = 0
2023-11-21,50,42,199,0.84,0.07257638086883876,53.628819043441936,-0.3513893013269004,0.08429749037176273,54.21487451858814,-0.25084524432353605,full displayed sample 2020-01-02 to 2023-12-29; descriptive only,all 50 ticker-days retained; no-news score = 0
2023-11-22,50,41,192,0.82,0.05931971662846957,52.96598583142348,-0.7175151762390112,0.0685469011798659,53.42734505899329,-0.6543046331937977,full displayed sample 2020-01-02 to 2023-12-29; descriptive only,all 50 ticker-days retained; no-news score = 0
2023-11-24,50,43,237,0.86,0.06654998164983165,53.32749908249158,-0.5178279050828624,0.06767067609427609,53.3835338047138,-0.6767495864103245,full displayed sample 2020-01-02 to 2023-12-29; descriptive only,all 50 ticker-days retained; no-news score = 0
2023-11-27,50,43,237,0.86,0.0921050218128277,54.60525109064138,0.1879575978492455,0.0935858064856712,54.679290324283556,-0.012920281816148748,full displayed sample 2020-01-02 to 2023-12-29; descriptive only,all 50 ticker-days retained; no-news score = 0
2023-11-28,50,38,146,0.76,0.0764882369047619,53.824411845238096,-0.24335068107421637,0.08356952857142858,54.17847642857143,-0.2694923577429385,full displayed sample 2020-01-02 to 2023-12-29; descriptive only,all 50 ticker-days retained; no-news score = 0
2023-11-29,50,44,195,0.88,0.09611432857142858,54.80571642857143,0.29868763658053543,0.10737838333333333,55.368919166666664,0.3403836205398823,full displayed sample 2020-01-02 to 2023-12-29; descriptive only,all 50 ticker-days retained; no-news score = 0
2023-11-30,50,44,176,0.88,0.11041481111111111,55.52074055555556,0.6936419468483207,0.1229891111111111,56.14945555555555,0.7402603878345626,full displayed sample 2020-01-02 to 2023-12-29; descriptive only,all 50 ticker-days retained; no-news score = 0
2023-12-01,50,40,129,0.8,0.0663845393557423,53.31922696778712,-0.5223971318183841,0.07059144523809524,53.529572261904754,-0.6019325926179495,full displayed sample 2020-01-02 to 2023-12-29; descriptive only,all 50 ticker-days retained; no-news score = 0
2023-12-04,50,41,220,0.82,0.10271152958577372,55.13557647928869,0.48089078735452745,0.12335539948646126,56.167769974323065,0.74964305169993,full displayed sample 2020-01-02 to 2023-12-29; descriptive only,all 50 ticker-days retained; no-news score = 0
2023-12-05,50,38,168,0.76,0.07935068423831071,53.967534211915535,-0.16429489332981714,0.08600116387631976,54.30005819381599,-0.20720477712522578,full displayed sample 2020-01-02 to 2023-12-29; descriptive only,all 50 ticker-days retained; no-news score = 0
2023-12-06,50,43,198,0.86,0.11068987417582418,55.53449370879121,0.7012387074962525,0.11053358687423687,55.52667934371185,0.42120577118229396,full displayed sample 2020-01-02 to 2023-12-29; descriptive only,all 50 ticker-days retained; no-news score = 0
2023-12-07,50,45,210,0.9,0.07917678683982685,53.958839341991336,-0.16909763525722912,0.08609389722943722,54.30469486147186,-0.20482936490916023,full displayed sample 2020-01-02 to 2023-12-29; descriptive only,all 50 ticker-days retained; no-news score = 0
2023-12-08,50,45,193,0.9,0.0738028927663734,53.69014463831867,-0.3175151883952691,0.09104948631476052,54.55247431573803,-0.07788941875874623,full displayed sample 2020-01-02 to 2023-12-29; descriptive only,all 50 ticker-days retained; no-news score = 0
2023-12-11,50,50,394,1.0,0.11421818625287879,55.71090931264394,0.7986845145825311,0.11771764372696399,55.8858821863482,0.6052290576826916,full displayed sample 2020-01-02 to 2023-12-29; descriptive only,all 50 ticker-days retained; no-news score = 0
2023-12-12,50,45,264,0.9,0.0922994671939172,54.61497335969586,0.19332783910927664,0.09793158508158509,54.896579254079256,0.09839905710578295,full displayed sample 2020-01-02 to 2023-12-29; descriptive only,all 50 ticker-days retained; no-news score = 0
2023-12-13,50,46,204,0.92,0.1393997909430439,56.9699895471522,1.494156383048655,0.1769635899626517,58.848179498132595,2.1228442383000887,full displayed sample 2020-01-02 to 2023-12-29; descriptive only,all 50 ticker-days retained; no-news score = 0
2023-12-14,50,37,120,0.74,0.08712049999999999,54.356024999999995,0.050293825376026176,0.08737790000000001,54.368894999999995,-0.17193897796506416,full displayed sample 2020-01-02 to 2023-12-29; descriptive only,all 50 ticker-days retained; no-news score = 0
2023-12-15,50,30,108,0.6,0.036598231324231324,51.829911566211564,-1.3450428510355192,0.04039170751470752,52.019585375735375,-1.3755143029573096,full displayed sample 2020-01-02 to 2023-12-29; descriptive only,all 50 ticker-days retained; no-news score = 0
2023-12-18,50,44,288,0.88,0.11352746936159079,55.67637346807955,0.7796081223956269,0.1351826026687598,56.759130133437985,1.0526029035402356,full displayed sample 2020-01-02 to 2023-12-29; descriptive only,all 50 ticker-days retained; no-news score = 0
2023-12-19,50,1,6,0.02,0.0029563333333333334,50.147816666666664,-2.274173219904127,0.004189333333333334,50.20946666666667,-2.302856612817322,full displayed sample 2020-01-02 to 2023-12-29; descriptive only,all 50 ticker-days retained; no-news score = 0
2023-12-20,50,1,5,0.02,-0.00025879999999999995,49.98706,-2.362969577968407,0.001396,50.0698,-2.37440927321922,full displayed sample 2020-01-02 to 2023-12-29; descriptive only,all 50 ticker-days retained; no-news score = 0
2023-12-21,50,1,8,0.02,0.0021467500000000002,50.10733750000001,-2.29653249527359,0.0031367499999999998,50.156837499999995,-2.32981907264836,full displayed sample 2020-01-02 to 2023-12-29; descriptive only,all 50 ticker-days retained; no-news score = 0
2023-12-22,50,1,5,0.02,0.0019068000000000002,50.09534,-2.3031594945014677,0.0037852000000000003,50.189260000000004,-2.313208694615802,full displayed sample 2020-01-02 to 2023-12-29; descriptive only,all 50 ticker-days retained; no-news score = 0
2023-12-26,50,1,10,0.02,0.0042546,50.21273000000001,-2.2383173657779367,0.0042546,50.21273000000001,-2.3011847738069773,full displayed sample 2020-01-02 to 2023-12-29; descriptive only,all 50 ticker-days retained; no-news score = 0
2023-12-27,50,1,4,0.02,0.0036335,50.181675000000006,-2.2554710612162983,0.0036335,50.181675000000006,-2.3170945676168646,full displayed sample 2020-01-02 to 2023-12-29; descriptive only,all 50 ticker-days retained; no-news score = 0
2023-12-28,50,1,10,0.02,0.0017029999999999994,50.08515,-2.308788093970697,0.0017029999999999994,50.08515,-2.366545311377914,full displayed sample 2020-01-02 to 2023-12-29; descriptive only,all 50 ticker-days retained; no-news score = 0
2023-12-29,50,1,8,0.02,0.00279675,50.1398375,-2.278580632393321,0.00279675,50.1398375,-2.3385283463488293,full displayed sample 2020-01-02 to 2023-12-29; descriptive only,all 50 ticker-days retained; no-news score = 0
